Generate the report at 2026-09-21T12:42:50, GitVersion: aa25008b3778a76ae1975c839d4cc459f7f7b3b7.
+--------------------------------------------------------------------------------------------------------+--------------------------+------------+------------+---------------+-------+-------+-----------+
| Endpoint                                                                                               | Clock Group              | Delay Type | Path Delay | Path Required | CPPR  | Slack | Freq(MHz) |
+--------------------------------------------------------------------------------------------------------+--------------------------+------------+------------+---------------+-------+-------+-----------+
| data_axi4_manager_o_90_                                                                                | core_clock               | max        | 1.361r     | 1.379         | 0.000 | 0.018 | 586.271   |
| data_axi4_manager_o_52_                                                                                | core_clock               | max        | 1.361r     | 1.379         | 0.000 | 0.018 | 586.271   |
| u_core.execute_packet_58__reg_p:D                                                                      | core_clock               | max        | 1.605f     | 1.683         | 0.000 | 0.078 | 607.669   |
| u_core.execute_packet_58__reg_p:D                                                                      | core_clock               | max        | 1.605f     | 1.683         | 0.000 | 0.078 | 607.669   |
| data_axi4_manager_o_1_                                                                                 | core_clock               | max        | 1.301r     | 1.379         | 0.000 | 0.079 | 607.722   |
| u_core.u_ifu.predictor_fetch_pc_q_0__reg_p_CK_CLKGATE_X1_GCK:E                                         | **clock_gating_default** | max        | 1.577f     | 1.674         | 0.000 | 0.096 | NA        |
| u_core.u_ifu.predictor_fetch_pc_q_0__reg_p_CK_CLKGATE_X1_GCK_E_AOI22_X1_ZN_A1_CLKGATE_X1_E:E           | **clock_gating_default** | max        | 1.565r     | 1.674         | 0.000 | 0.109 | NA        |
| u_core.u_ifu.predictor_fetch_pc_q_0__reg_p_CK_CLKGATE_X1_GCK:E                                         | **clock_gating_default** | max        | 1.558r     | 1.672         | 0.000 | 0.114 | NA        |
| u_core.u_ifu.lookup_queue_entry_count_q_0__reg_p_CK_CLKGATE_X1_GCK:E                                   | **clock_gating_default** | max        | 1.554r     | 1.673         | 0.000 | 0.119 | NA        |
| u_core.u_ifu.lookup_queue_write_index_q_reg_p_QN_AND2_X1_A1_ZN_CLKGATE_X1_E:E                          | **clock_gating_default** | max        | 1.550r     | 1.675         | 0.000 | 0.125 | NA        |
| u_core.next_pc_predictor_lookup_request_epoch_0__reg_p:D                                               | core_clock               | min        | 0.066r     | 0.006         | 0.000 | 0.060 | NA        |
| u_core.next_pc_predictor_lookup_request_epoch_0__reg_p:D                                               | core_clock               | min        | 0.066r     | 0.006         | 0.000 | 0.060 | NA        |
| u_core.u_ifu.lookup_queue_read_index_q_reg_p:D                                                         | core_clock               | min        | 0.066r     | 0.006         | 0.000 | 0.060 | NA        |
| u_core.u_ifu.lookup_queue_read_index_q_reg_p:D                                                         | core_clock               | min        | 0.066r     | 0.006         | 0.000 | 0.060 | NA        |
| u_core.next_pc_predictor_lookup_request_epoch_0__reg_p:D                                               | core_clock               | min        | 0.065f     | 0.003         | 0.000 | 0.062 | NA        |
| u_core.u_ifu.lookup_queue_write_index_q_reg_p_QN_AND2_X1_A1_ZN_CLKGATE_X1_E:E                          | **clock_gating_default** | min        | 0.095r     | -0.002        | 0.000 | 0.096 | NA        |
| u_core.completion_result_valid_CLKGATE_X1_E:E                                                          | **clock_gating_default** | min        | 0.097r     | -0.000        | 0.000 | 0.098 | NA        |
| u_core.decoded_execute_packet_ready_CLKGATE_X1_E:E                                                     | **clock_gating_default** | min        | 0.105r     | -0.002        | 0.000 | 0.107 | NA        |
| u_core.u_data_mem.gen_dcache.u_dcache.u_dcache_axi.refill_word_index_q_0__reg_p_CK_CLKGATE_X1_GCK:E    | **clock_gating_default** | min        | 0.092f     | -0.015        | 0.000 | 0.107 | NA        |
| u_core.u_data_mem.gen_dcache.u_dcache.u_dcache_axi.writeback_word_index_q_0__reg_p_CK_CLKGATE_X1_GCK:E | **clock_gating_default** | min        | 0.107r     | -0.001        | 0.000 | 0.108 | NA        |
+--------------------------------------------------------------------------------------------------------+--------------------------+------------+------------+---------------+-------+-------+-----------+
+------------+------------+-------+
| Clock      | Delay Type | TNS   |
+------------+------------+-------+
| core_clock | max        | 0.000 |
| core_clock | min        | 0.000 |
+------------+------------+-------+
+---------------------------------------------------------------------------------------------------------------------------------------------------------------------------------------------------------------------------+--------+-------------+------------+------------+-------------+--------+----------------+
| Point                                                                                                                                                                                                                     | Fanout | Capacitance | Resistance | Transition | Delta Delay | Incr   | Path           |
+---------------------------------------------------------------------------------------------------------------------------------------------------------------------------------------------------------------------------+--------+-------------+------------+------------+-------------+--------+----------------+
| data_axi4_manager_i_41_ (port)                                                                                                                                                                                            |        | 0.005       | 0.000      | 0.100      |             | 0.000  | 0.000r         |
| clock core_clock (rise edge)                                                                                                                                                                                              |        |             |            |            |             | 0      | 0              |
| clock network delay (ideal)                                                                                                                                                                                               |        |             |            |            |             | 0.000  | 0.000          |
| data_axi4_manager_i_41_ (port)                                                                                                                                                                                            |        | 0.005       | 0.000      | 0.100      |             | 0.345  | 0.345r         |
| data_axi4_manager_i_41_ (net)                                                                                                                                                                                             | 3      |             |            |            | 0.000       |        |                |
| u_core.u_data_mem.u_uncached_axi.state_q_1__reg_p_QN_NOR4_X1_A3_A4_INV_X1_ZN:A (INV_X1)                                                                                                                                   |        | 0.002       | 0.000      | 0.100      |             | 0.000  | 0.345r         |
| u_core.u_data_mem.u_uncached_axi.state_q_1__reg_p_QN_NOR4_X1_A3_A4_INV_X1_ZN:ZN (INV_X1)                                                                                                                                  |        | 0.005       | 0.000      | 0.026      |             | 0.024  | 0.368f         |
| u_core.u_data_mem.u_uncached_axi.state_q_1__reg_p_QN_NOR4_X1_A3_A4 (net)                                                                                                                                                  | 4      |             |            |            | 0.000       |        |                |
| u_core.u_data_mem.gen_dcache.u_dcache.u_dcache_axi.writeback_state_q_1__reg_p_QN_NOR2_X1_A2_1:A1 (NOR2_X1)                                                                                                                |        | 0.002       | 0.000      | 0.026      |             | 0.000  | 0.368f         |
| u_core.u_data_mem.gen_dcache.u_dcache.u_dcache_axi.writeback_state_q_1__reg_p_QN_NOR2_X1_A2_1:ZN (NOR2_X1)                                                                                                                |        | 0.011       | 0.000      | 0.059      |             | 0.078  | 0.446r         |
| u_core.u_data_mem.gen_dcache.u_dcache.u_dcache_axi.writeback_state_q_1__reg_p_QN_NOR2_X1_A2_1_ZN (net)                                                                                                                    | 6      |             |            |            | 0.000       |        |                |
| u_core.u_data_mem.gen_dcache.u_dcache.u_dcache_axi.writeback_resp_ready_i_AND3_X1_A3:A2 (AND3_X1)                                                                                                                         |        | 0.001       | 0.000      | 0.059      |             | 0.000  | 0.446r         |
| u_core.u_data_mem.gen_dcache.u_dcache.u_dcache_axi.writeback_resp_ready_i_AND3_X1_A3:ZN (AND3_X1)                                                                                                                         |        | 0.007       | 0.000      | 0.022      |             | 0.072  | 0.518r         |
| u_core.u_data_mem.gen_dcache.u_dcache.clean_way_index_d_NOR2_X1_ZN_A2_AOI21_X1_ZN_A_AOI21_X1_ZN_B1_NAND4_X1_ZN_A4 (net)                                                                                                   | 4      |             |            |            | 0.000       |        |                |
| u_core.u_data_mem.gen_dcache.u_dcache.u_miss_unit.transaction_access_fault_q_NAND4_X1_A4_ZN_NAND4_X1_A4_A2_NAND3_X1_ZN:A3 (NAND3_X1)                                                                                      |        | 0.002       | 0.000      | 0.022      |             | 0.000  | 0.518r         |
| u_core.u_data_mem.gen_dcache.u_dcache.u_miss_unit.transaction_access_fault_q_NAND4_X1_A4_ZN_NAND4_X1_A4_A2_NAND3_X1_ZN:ZN (NAND3_X1)                                                                                      |        | 0.003       | 0.000      | 0.022      |             | 0.030  | 0.548f         |
| u_core.u_data_mem.gen_dcache.u_dcache.u_miss_unit.transaction_access_fault_q_NAND4_X1_A4_ZN_NAND4_X1_A4_A2 (net)                                                                                                          | 2      |             |            |            | 0.000       |        |                |
| u_core.u_data_mem.gen_dcache.u_dcache.u_miss_unit.transaction_access_fault_q_NAND4_X1_A4_ZN_NAND4_X1_A4_A3_NAND3_X1_A1:A3 (NAND3_X1)                                                                                      |        | 0.002       | 0.000      | 0.022      |             | 0.000  | 0.548f         |
| u_core.u_data_mem.gen_dcache.u_dcache.u_miss_unit.transaction_access_fault_q_NAND4_X1_A4_ZN_NAND4_X1_A4_A3_NAND3_X1_A1:ZN (NAND3_X1)                                                                                      |        | 0.005       | 0.000      | 0.023      |             | 0.037  | 0.585r         |
| u_core.u_data_mem.gen_dcache.u_dcache.u_miss_unit.transaction_access_fault_q_NAND4_X1_A4_ZN_NAND4_X1_A4_ZN_AND4_X1_A3_A1 (net)                                                                                            | 4      |             |            |            | 0.000       |        |                |
| u_core.u_data_mem.gen_dcache.u_dcache.u_miss_unit.transaction_access_fault_q_NAND4_X1_A4_ZN_NAND4_X1_A4_ZN_AND4_X1_A3_A1_AND2_X1_A1:A1 (AND2_X1)                                                                          |        | 0.001       | 0.000      | 0.023      |             | 0.000  | 0.585r         |
| u_core.u_data_mem.gen_dcache.u_dcache.u_miss_unit.transaction_access_fault_q_NAND4_X1_A4_ZN_NAND4_X1_A4_ZN_AND4_X1_A3_A1_AND2_X1_A1:ZN (AND2_X1)                                                                          |        | 0.003       | 0.000      | 0.013      |             | 0.042  | 0.627r         |
| u_core.u_data_mem.gen_dcache.u_dcache.u_miss_unit.transaction_access_fault_q_NAND4_X1_A4_ZN_NAND4_X1_A4_ZN_AND4_X1_A3_A1_AND2_X1_A1_ZN (net)                                                                              | 1      |             |            |            | 0.000       |        |                |
| u_core.u_data_mem.gen_dcache.u_dcache.u_miss_unit.transaction_access_fault_q_NAND4_X1_A4_ZN_NAND4_X1_A4_ZN_AND4_X1_A3_A1_AND2_X1_A1_ZN_BUF_X4_A:A (BUF_X4)                                                                |        | 0.003       | 0.000      | 0.013      |             | 0.000  | 0.627r         |
| u_core.u_data_mem.gen_dcache.u_dcache.u_miss_unit.transaction_access_fault_q_NAND4_X1_A4_ZN_NAND4_X1_A4_ZN_AND4_X1_A3_A1_AND2_X1_A1_ZN_BUF_X4_A:Z (BUF_X4)                                                                |        | 0.026       | 0.000      | 0.018      |             | 0.034  | 0.661r         |
| u_core.u_data_mem.gen_dcache.u_dcache.u_miss_unit.requested_word_data_q_0__reg_p_QN_OAI211_X1_C1_B (net)                                                                                                                  | 15     |             |            |            | 0.000       |        |                |
| u_core.execute_packet_valid_NOR4_X1_A3_A1_AOI221_X1_B2_ZN_NAND4_X1_A2_A4_OAI21_X1_ZN_A_OAI211_X1_ZN_C1_AOI21_X1_ZN_B2_OAI21_X1_ZN_B2_AND4_X1_ZN_A3_NAND4_X1_A3_ZN_AOI21_X1_B2_ZN_OAI21_X2_B2:B1 (OAI21_X2)                |        | 0.003       | 0.000      | 0.018      |             | 0.000  | 0.661r         |
| u_core.execute_packet_valid_NOR4_X1_A3_A1_AOI221_X1_B2_ZN_NAND4_X1_A2_A4_OAI21_X1_ZN_A_OAI211_X1_ZN_C1_AOI21_X1_ZN_B2_OAI21_X1_ZN_B2_AND4_X1_ZN_A3_NAND4_X1_A3_ZN_AOI21_X1_B2_ZN_OAI21_X2_B2:ZN (OAI21_X2)                |        | 0.007       | 0.000      | 0.022      |             | 0.022  | 0.683f         |
| u_core.execute_packet_valid_NOR4_X1_A3_A1_AOI221_X1_B2_ZN_NAND4_X1_A2_A4_OAI21_X1_ZN_A_OAI211_X1_ZN_C1_AOI21_X1_ZN_B2_OAI21_X1_ZN_B2_AND4_X1_ZN_A3_NAND4_X1_A3_ZN_AOI21_X1_B2_ZN_OAI21_X2_B2_ZN (net)                     | 2      |             |            |            | 0.000       |        |                |
| u_core.execute_packet_valid_NOR4_X1_A3_A1_AOI221_X1_B2_ZN_NAND4_X1_A2_A4_OAI21_X1_ZN_A_OAI211_X1_ZN_C1_AOI21_X1_ZN_B2_OAI21_X1_ZN_B2_AND4_X1_ZN_A3_NAND4_X1_A3_ZN_AOI21_X1_B2_ZN_OAI21_X2_B2_ZN_NAND2_X4_A2:A2 (NAND2_X4) |        | 0.006       | 0.000      | 0.022      |             | 0.000  | 0.683f         |
| u_core.execute_packet_valid_NOR4_X1_A3_A1_AOI221_X1_B2_ZN_NAND4_X1_A2_A4_OAI21_X1_ZN_A_OAI211_X1_ZN_C1_AOI21_X1_ZN_B2_OAI21_X1_ZN_B2_AND4_X1_ZN_A3_NAND4_X1_A3_ZN_AOI21_X1_B2_ZN_OAI21_X2_B2_ZN_NAND2_X4_A2:ZN (NAND2_X4) |        | 0.028       | 0.000      | 0.022      |             | 0.037  | 0.720r         |
| u_core.data_memory_resp_ready_AOI22_X2_A2_A1 (net)                                                                                                                                                                        | 16     |             |            |            | 0.000       |        |                |
| u_core.data_memory_resp_ready_AOI22_X2_A2:A1 (AOI22_X2)                                                                                                                                                                   |        | 0.003       | 0.000      | 0.022      |             | 0.000  | 0.720r         |
| u_core.data_memory_resp_ready_AOI22_X2_A2:ZN (AOI22_X2)                                                                                                                                                                   |        | 0.003       | 0.000      | 0.018      |             | 0.018  | 0.738f         |
| u_core.data_memory_resp_ready_AOI22_X2_A2_ZN (net)                                                                                                                                                                        | 1      |             |            |            | 0.000       |        |                |
| u_core.data_memory_resp_ready_AOI22_X2_A2_ZN_BUF_X4_A:A (BUF_X4)                                                                                                                                                          |        | 0.003       | 0.000      | 0.018      |             | 0.000  | 0.738f         |
| u_core.data_memory_resp_ready_AOI22_X2_A2_ZN_BUF_X4_A:Z (BUF_X4)                                                                                                                                                          |        | 0.027       | 0.000      | 0.010      |             | 0.038  | 0.776f         |
| u_core.completion_result_172__OAI21_X1_ZN_B2 (net)                                                                                                                                                                        | 20     |             |            |            | 0.000       |        |                |
| u_core.completion_result_233__MUX2_X1_Z_B_OR2_X1_A2:A1 (OR2_X1)                                                                                                                                                           |        | 0.001       | 0.000      | 0.010      |             | 0.000  | 0.776f         |
| u_core.completion_result_233__MUX2_X1_Z_B_OR2_X1_A2:ZN (OR2_X1)                                                                                                                                                           |        | 0.001       | 0.000      | 0.008      |             | 0.043  | 0.819f         |
| u_core.completion_result_233__MUX2_X1_Z_B_OR2_X1_A2_ZN (net)                                                                                                                                                              | 1      |             |            |            | 0.000       |        |                |
| u_core.completion_result_233__MUX2_X1_Z_B_OR2_X1_A2_ZN_BUF_X1_A:A (BUF_X1)                                                                                                                                                |        | 0.001       | 0.000      | 0.008      |             | 0.000  | 0.819f         |
| u_core.completion_result_233__MUX2_X1_Z_B_OR2_X1_A2_ZN_BUF_X1_A:Z (BUF_X1)                                                                                                                                                |        | 0.023       | 0.000      | 0.028      |             | 0.057  | 0.876f         |
| u_core.execute_packet_valid_NOR4_X1_A3_A1_AOI221_X1_B2_B1 (net)                                                                                                                                                           | 16     |             |            |            | 0.000       |        |                |
| u_core.execute_packet_valid_NOR4_X1_A3_A1_AOI221_X1_B2:B1 (AOI221_X1)                                                                                                                                                     |        | 0.002       | 0.000      | 0.028      |             | 0.000  | 0.876f         |
| u_core.execute_packet_valid_NOR4_X1_A3_A1_AOI221_X1_B2:ZN (AOI221_X1)                                                                                                                                                     |        | 0.003       | 0.000      | 0.048      |             | 0.079  | 0.955r         |
| u_core.execute_packet_valid_NOR4_X1_A3_A1_AOI221_X1_B2_ZN (net)                                                                                                                                                           | 2      |             |            |            | 0.000       |        |                |
| u_core.execute_packet_valid_NOR4_X1_A3_A1_AOI221_X1_B2_ZN_NAND4_X1_A2:A2 (NAND4_X1)                                                                                                                                       |        | 0.002       | 0.000      | 0.048      |             | 0.000  | 0.955r         |
| u_core.execute_packet_valid_NOR4_X1_A3_A1_AOI221_X1_B2_ZN_NAND4_X1_A2:ZN (NAND4_X1)                                                                                                                                       |        | 0.005       | 0.000      | 0.031      |             | 0.052  | 1.007f         |
| u_core.u_lsu.state_d_0__NOR2_X1_ZN_A2 (net)                                                                                                                                                                               | 3      |             |            |            | 0.000       |        |                |
| u_core.u_lsu.state_d_0__NOR2_X1_ZN_A2_NAND2_X1_A1:A1 (NAND2_X1)                                                                                                                                                           |        | 0.002       | 0.000      | 0.031      |             | 0.000  | 1.007f         |
| u_core.u_lsu.state_d_0__NOR2_X1_ZN_A2_NAND2_X1_A1:ZN (NAND2_X1)                                                                                                                                                           |        | 0.002       | 0.000      | 0.014      |             | 0.024  | 1.031r         |
| u_core.u_lsu.state_d_0__NOR2_X1_ZN_A2_NAND2_X1_A1_ZN (net)                                                                                                                                                                | 1      |             |            |            | 0.000       |        |                |
| u_core.u_lsu.state_d_0__NOR2_X1_ZN_A2_NAND2_X1_A1_ZN_NAND4_X1_A1:A1 (NAND4_X1)                                                                                                                                            |        | 0.002       | 0.000      | 0.014      |             | 0.000  | 1.031r         |
| u_core.u_lsu.state_d_0__NOR2_X1_ZN_A2_NAND2_X1_A1_ZN_NAND4_X1_A1:ZN (NAND4_X1)                                                                                                                                            |        | 0.013       | 0.000      | 0.056      |             | 0.072  | 1.103f         |
| u_core.u_data_mem.route_state_d_0__AOI211_X1_ZN_A (net)                                                                                                                                                                   | 10     |             |            |            | 0.000       |        |                |
| u_core.u_data_mem.route_state_d_1__AOI211_X1_ZN_C2_OR2_X1_A1_ZN_NOR3_X1_A3:A1 (NOR3_X1)                                                                                                                                   |        | 0.002       | 0.000      | 0.056      |             | 0.000  | 1.103f         |
| u_core.u_data_mem.route_state_d_1__AOI211_X1_ZN_C2_OR2_X1_A1_ZN_NOR3_X1_A3:ZN (NOR3_X1)                                                                                                                                   |        | 0.012       | 0.000      | 0.106      |             | 0.142  | 1.245r         |
| u_core.u_data_mem.u_uncached_axi.local_req_handshake (net)                                                                                                                                                                | 8      |             |            |            | 0.000       |        |                |
| u_core.data_memory_req_43__OAI21_X1_B2:A (OAI21_X1)                                                                                                                                                                       |        | 0.002       | 0.000      | 0.106      |             | 0.000  | 1.245r         |
| u_core.data_memory_req_43__OAI21_X1_B2:ZN (OAI21_X1)                                                                                                                                                                      |        | 0.019       | 0.000      | 0.049      |             | 0.085  | 1.330f         |
| u_core.data_memory_req_43__OAI21_X1_B2_ZN (net)                                                                                                                                                                           | 13     |             |            |            | 0.000       |        |                |
| u_core.u_data_mem.u_uncached_axi.write_address_pending_q_NAND3_X1_A2_ZN_OAI211_X1_B:A (OAI211_X1)                                                                                                                         |        | 0.002       | 0.000      | 0.049      |             | 0.000  | 1.330f         |
| u_core.u_data_mem.u_uncached_axi.write_address_pending_q_NAND3_X1_A2_ZN_OAI211_X1_B:ZN (OAI211_X1)                                                                                                                        |        | 0.000       | 0.000      | 0.019      |             | 0.031  | 1.361r         |
| data_axi4_manager_o_90_ (port)                                                                                                                                                                                            |        | 0.000       | 0.000      | 0.019      |             | 0.000  | 1.361r         |
|                                                                                                                                                                                                                           |        |             |            |            |             |        |                |
| clk_i (port)                                                                                                                                                                                                              |        | 0.952       | 0.000      | 0.100      |             | 0.000  | 0.000r         |
| clock core_clock (rise edge)                                                                                                                                                                                              |        |             |            |            |             | 1.724  | 1.724          |
| clock network delay (ideal)                                                                                                                                                                                               |        |             |            |            |             | 0.000  | 1.724          |
| clk_i (port)                                                                                                                                                                                                              |        |             |            |            |             |        | 1.724r         |
| output external max delay time                                                                                                                                                                                            |        |             |            |            |             | -0.345 | 1.379          |
|                                                                                                                                                                                                                           |        |             |            |            |             |        |                |
| path cell delay                                                                                                                                                                                                           |        |             |            |            |             |        | 1.016(74.661%) |
| path net delay                                                                                                                                                                                                            |        |             |            |            |             |        | 0.000(0.000%)  |
|                                                                                                                                                                                                                           |        |             |            |            |             |        |                |
| data require time                                                                                                                                                                                                         |        |             |            |            |             |        | 1.379          |
| data arrival time                                                                                                                                                                                                         |        |             |            |            |             |        | 1.361          |
| slack (MET)                                                                                                                                                                                                               |        |             |            |            |             |        | 0.018          |
+---------------------------------------------------------------------------------------------------------------------------------------------------------------------------------------------------------------------------+--------+-------------+------------+------------+-------------+--------+----------------+
+---------------------------------------------------------------------------------------------------------------------------------------------------------------------------------------------------------------------------+--------+-------------+------------+------------+-------------+--------+----------------+
| Point                                                                                                                                                                                                                     | Fanout | Capacitance | Resistance | Transition | Delta Delay | Incr   | Path           |
+---------------------------------------------------------------------------------------------------------------------------------------------------------------------------------------------------------------------------+--------+-------------+------------+------------+-------------+--------+----------------+
| data_axi4_manager_i_41_ (port)                                                                                                                                                                                            |        | 0.005       | 0.000      | 0.100      |             | 0.000  | 0.000r         |
| clock core_clock (rise edge)                                                                                                                                                                                              |        |             |            |            |             | 0      | 0              |
| clock network delay (ideal)                                                                                                                                                                                               |        |             |            |            |             | 0.000  | 0.000          |
| data_axi4_manager_i_41_ (port)                                                                                                                                                                                            |        | 0.005       | 0.000      | 0.100      |             | 0.345  | 0.345r         |
| data_axi4_manager_i_41_ (net)                                                                                                                                                                                             | 3      |             |            |            | 0.000       |        |                |
| u_core.u_data_mem.u_uncached_axi.state_q_1__reg_p_QN_NOR4_X1_A3_A4_INV_X1_ZN:A (INV_X1)                                                                                                                                   |        | 0.002       | 0.000      | 0.100      |             | 0.000  | 0.345r         |
| u_core.u_data_mem.u_uncached_axi.state_q_1__reg_p_QN_NOR4_X1_A3_A4_INV_X1_ZN:ZN (INV_X1)                                                                                                                                  |        | 0.005       | 0.000      | 0.026      |             | 0.024  | 0.368f         |
| u_core.u_data_mem.u_uncached_axi.state_q_1__reg_p_QN_NOR4_X1_A3_A4 (net)                                                                                                                                                  | 4      |             |            |            | 0.000       |        |                |
| u_core.u_data_mem.gen_dcache.u_dcache.u_dcache_axi.writeback_state_q_1__reg_p_QN_NOR2_X1_A2_1:A1 (NOR2_X1)                                                                                                                |        | 0.002       | 0.000      | 0.026      |             | 0.000  | 0.368f         |
| u_core.u_data_mem.gen_dcache.u_dcache.u_dcache_axi.writeback_state_q_1__reg_p_QN_NOR2_X1_A2_1:ZN (NOR2_X1)                                                                                                                |        | 0.011       | 0.000      | 0.059      |             | 0.078  | 0.446r         |
| u_core.u_data_mem.gen_dcache.u_dcache.u_dcache_axi.writeback_state_q_1__reg_p_QN_NOR2_X1_A2_1_ZN (net)                                                                                                                    | 6      |             |            |            | 0.000       |        |                |
| u_core.u_data_mem.gen_dcache.u_dcache.u_dcache_axi.writeback_resp_ready_i_AND3_X1_A3:A2 (AND3_X1)                                                                                                                         |        | 0.001       | 0.000      | 0.059      |             | 0.000  | 0.446r         |
| u_core.u_data_mem.gen_dcache.u_dcache.u_dcache_axi.writeback_resp_ready_i_AND3_X1_A3:ZN (AND3_X1)                                                                                                                         |        | 0.007       | 0.000      | 0.022      |             | 0.072  | 0.518r         |
| u_core.u_data_mem.gen_dcache.u_dcache.clean_way_index_d_NOR2_X1_ZN_A2_AOI21_X1_ZN_A_AOI21_X1_ZN_B1_NAND4_X1_ZN_A4 (net)                                                                                                   | 4      |             |            |            | 0.000       |        |                |
| u_core.u_data_mem.gen_dcache.u_dcache.u_miss_unit.transaction_access_fault_q_NAND4_X1_A4_ZN_NAND4_X1_A4_A2_NAND3_X1_ZN:A3 (NAND3_X1)                                                                                      |        | 0.002       | 0.000      | 0.022      |             | 0.000  | 0.518r         |
| u_core.u_data_mem.gen_dcache.u_dcache.u_miss_unit.transaction_access_fault_q_NAND4_X1_A4_ZN_NAND4_X1_A4_A2_NAND3_X1_ZN:ZN (NAND3_X1)                                                                                      |        | 0.003       | 0.000      | 0.022      |             | 0.030  | 0.548f         |
| u_core.u_data_mem.gen_dcache.u_dcache.u_miss_unit.transaction_access_fault_q_NAND4_X1_A4_ZN_NAND4_X1_A4_A2 (net)                                                                                                          | 2      |             |            |            | 0.000       |        |                |
| u_core.u_data_mem.gen_dcache.u_dcache.u_miss_unit.transaction_access_fault_q_NAND4_X1_A4_ZN_NAND4_X1_A4_A3_NAND3_X1_A1:A3 (NAND3_X1)                                                                                      |        | 0.002       | 0.000      | 0.022      |             | 0.000  | 0.548f         |
| u_core.u_data_mem.gen_dcache.u_dcache.u_miss_unit.transaction_access_fault_q_NAND4_X1_A4_ZN_NAND4_X1_A4_A3_NAND3_X1_A1:ZN (NAND3_X1)                                                                                      |        | 0.005       | 0.000      | 0.023      |             | 0.037  | 0.585r         |
| u_core.u_data_mem.gen_dcache.u_dcache.u_miss_unit.transaction_access_fault_q_NAND4_X1_A4_ZN_NAND4_X1_A4_ZN_AND4_X1_A3_A1 (net)                                                                                            | 4      |             |            |            | 0.000       |        |                |
| u_core.u_data_mem.gen_dcache.u_dcache.u_miss_unit.transaction_access_fault_q_NAND4_X1_A4_ZN_NAND4_X1_A4_ZN_AND4_X1_A3_A1_AND2_X1_A1:A1 (AND2_X1)                                                                          |        | 0.001       | 0.000      | 0.023      |             | 0.000  | 0.585r         |
| u_core.u_data_mem.gen_dcache.u_dcache.u_miss_unit.transaction_access_fault_q_NAND4_X1_A4_ZN_NAND4_X1_A4_ZN_AND4_X1_A3_A1_AND2_X1_A1:ZN (AND2_X1)                                                                          |        | 0.003       | 0.000      | 0.013      |             | 0.042  | 0.627r         |
| u_core.u_data_mem.gen_dcache.u_dcache.u_miss_unit.transaction_access_fault_q_NAND4_X1_A4_ZN_NAND4_X1_A4_ZN_AND4_X1_A3_A1_AND2_X1_A1_ZN (net)                                                                              | 1      |             |            |            | 0.000       |        |                |
| u_core.u_data_mem.gen_dcache.u_dcache.u_miss_unit.transaction_access_fault_q_NAND4_X1_A4_ZN_NAND4_X1_A4_ZN_AND4_X1_A3_A1_AND2_X1_A1_ZN_BUF_X4_A:A (BUF_X4)                                                                |        | 0.003       | 0.000      | 0.013      |             | 0.000  | 0.627r         |
| u_core.u_data_mem.gen_dcache.u_dcache.u_miss_unit.transaction_access_fault_q_NAND4_X1_A4_ZN_NAND4_X1_A4_ZN_AND4_X1_A3_A1_AND2_X1_A1_ZN_BUF_X4_A:Z (BUF_X4)                                                                |        | 0.026       | 0.000      | 0.018      |             | 0.034  | 0.661r         |
| u_core.u_data_mem.gen_dcache.u_dcache.u_miss_unit.requested_word_data_q_0__reg_p_QN_OAI211_X1_C1_B (net)                                                                                                                  | 15     |             |            |            | 0.000       |        |                |
| u_core.execute_packet_valid_NOR4_X1_A3_A1_AOI221_X1_B2_ZN_NAND4_X1_A2_A4_OAI21_X1_ZN_A_OAI211_X1_ZN_C1_AOI21_X1_ZN_B2_OAI21_X1_ZN_B2_AND4_X1_ZN_A3_NAND4_X1_A3_ZN_AOI21_X1_B2_ZN_OAI21_X2_B2:B1 (OAI21_X2)                |        | 0.003       | 0.000      | 0.018      |             | 0.000  | 0.661r         |
| u_core.execute_packet_valid_NOR4_X1_A3_A1_AOI221_X1_B2_ZN_NAND4_X1_A2_A4_OAI21_X1_ZN_A_OAI211_X1_ZN_C1_AOI21_X1_ZN_B2_OAI21_X1_ZN_B2_AND4_X1_ZN_A3_NAND4_X1_A3_ZN_AOI21_X1_B2_ZN_OAI21_X2_B2:ZN (OAI21_X2)                |        | 0.007       | 0.000      | 0.022      |             | 0.022  | 0.683f         |
| u_core.execute_packet_valid_NOR4_X1_A3_A1_AOI221_X1_B2_ZN_NAND4_X1_A2_A4_OAI21_X1_ZN_A_OAI211_X1_ZN_C1_AOI21_X1_ZN_B2_OAI21_X1_ZN_B2_AND4_X1_ZN_A3_NAND4_X1_A3_ZN_AOI21_X1_B2_ZN_OAI21_X2_B2_ZN (net)                     | 2      |             |            |            | 0.000       |        |                |
| u_core.execute_packet_valid_NOR4_X1_A3_A1_AOI221_X1_B2_ZN_NAND4_X1_A2_A4_OAI21_X1_ZN_A_OAI211_X1_ZN_C1_AOI21_X1_ZN_B2_OAI21_X1_ZN_B2_AND4_X1_ZN_A3_NAND4_X1_A3_ZN_AOI21_X1_B2_ZN_OAI21_X2_B2_ZN_NAND2_X4_A2:A2 (NAND2_X4) |        | 0.006       | 0.000      | 0.022      |             | 0.000  | 0.683f         |
| u_core.execute_packet_valid_NOR4_X1_A3_A1_AOI221_X1_B2_ZN_NAND4_X1_A2_A4_OAI21_X1_ZN_A_OAI211_X1_ZN_C1_AOI21_X1_ZN_B2_OAI21_X1_ZN_B2_AND4_X1_ZN_A3_NAND4_X1_A3_ZN_AOI21_X1_B2_ZN_OAI21_X2_B2_ZN_NAND2_X4_A2:ZN (NAND2_X4) |        | 0.028       | 0.000      | 0.022      |             | 0.037  | 0.720r         |
| u_core.data_memory_resp_ready_AOI22_X2_A2_A1 (net)                                                                                                                                                                        | 16     |             |            |            | 0.000       |        |                |
| u_core.data_memory_resp_ready_AOI22_X2_A2:A1 (AOI22_X2)                                                                                                                                                                   |        | 0.003       | 0.000      | 0.022      |             | 0.000  | 0.720r         |
| u_core.data_memory_resp_ready_AOI22_X2_A2:ZN (AOI22_X2)                                                                                                                                                                   |        | 0.003       | 0.000      | 0.018      |             | 0.018  | 0.738f         |
| u_core.data_memory_resp_ready_AOI22_X2_A2_ZN (net)                                                                                                                                                                        | 1      |             |            |            | 0.000       |        |                |
| u_core.data_memory_resp_ready_AOI22_X2_A2_ZN_BUF_X4_A:A (BUF_X4)                                                                                                                                                          |        | 0.003       | 0.000      | 0.018      |             | 0.000  | 0.738f         |
| u_core.data_memory_resp_ready_AOI22_X2_A2_ZN_BUF_X4_A:Z (BUF_X4)                                                                                                                                                          |        | 0.027       | 0.000      | 0.010      |             | 0.038  | 0.776f         |
| u_core.completion_result_172__OAI21_X1_ZN_B2 (net)                                                                                                                                                                        | 20     |             |            |            | 0.000       |        |                |
| u_core.completion_result_233__MUX2_X1_Z_B_OR2_X1_A2:A1 (OR2_X1)                                                                                                                                                           |        | 0.001       | 0.000      | 0.010      |             | 0.000  | 0.776f         |
| u_core.completion_result_233__MUX2_X1_Z_B_OR2_X1_A2:ZN (OR2_X1)                                                                                                                                                           |        | 0.001       | 0.000      | 0.008      |             | 0.043  | 0.819f         |
| u_core.completion_result_233__MUX2_X1_Z_B_OR2_X1_A2_ZN (net)                                                                                                                                                              | 1      |             |            |            | 0.000       |        |                |
| u_core.completion_result_233__MUX2_X1_Z_B_OR2_X1_A2_ZN_BUF_X1_A:A (BUF_X1)                                                                                                                                                |        | 0.001       | 0.000      | 0.008      |             | 0.000  | 0.819f         |
| u_core.completion_result_233__MUX2_X1_Z_B_OR2_X1_A2_ZN_BUF_X1_A:Z (BUF_X1)                                                                                                                                                |        | 0.023       | 0.000      | 0.028      |             | 0.057  | 0.876f         |
| u_core.execute_packet_valid_NOR4_X1_A3_A1_AOI221_X1_B2_B1 (net)                                                                                                                                                           | 16     |             |            |            | 0.000       |        |                |
| u_core.execute_packet_valid_NOR4_X1_A3_A1_AOI221_X1_B2:B1 (AOI221_X1)                                                                                                                                                     |        | 0.002       | 0.000      | 0.028      |             | 0.000  | 0.876f         |
| u_core.execute_packet_valid_NOR4_X1_A3_A1_AOI221_X1_B2:ZN (AOI221_X1)                                                                                                                                                     |        | 0.003       | 0.000      | 0.048      |             | 0.079  | 0.955r         |
| u_core.execute_packet_valid_NOR4_X1_A3_A1_AOI221_X1_B2_ZN (net)                                                                                                                                                           | 2      |             |            |            | 0.000       |        |                |
| u_core.execute_packet_valid_NOR4_X1_A3_A1_AOI221_X1_B2_ZN_NAND4_X1_A2:A2 (NAND4_X1)                                                                                                                                       |        | 0.002       | 0.000      | 0.048      |             | 0.000  | 0.955r         |
| u_core.execute_packet_valid_NOR4_X1_A3_A1_AOI221_X1_B2_ZN_NAND4_X1_A2:ZN (NAND4_X1)                                                                                                                                       |        | 0.005       | 0.000      | 0.031      |             | 0.052  | 1.007f         |
| u_core.u_lsu.state_d_0__NOR2_X1_ZN_A2 (net)                                                                                                                                                                               | 3      |             |            |            | 0.000       |        |                |
| u_core.u_lsu.state_d_0__NOR2_X1_ZN_A2_NAND2_X1_A1:A1 (NAND2_X1)                                                                                                                                                           |        | 0.002       | 0.000      | 0.031      |             | 0.000  | 1.007f         |
| u_core.u_lsu.state_d_0__NOR2_X1_ZN_A2_NAND2_X1_A1:ZN (NAND2_X1)                                                                                                                                                           |        | 0.002       | 0.000      | 0.014      |             | 0.024  | 1.031r         |
| u_core.u_lsu.state_d_0__NOR2_X1_ZN_A2_NAND2_X1_A1_ZN (net)                                                                                                                                                                | 1      |             |            |            | 0.000       |        |                |
| u_core.u_lsu.state_d_0__NOR2_X1_ZN_A2_NAND2_X1_A1_ZN_NAND4_X1_A1:A1 (NAND4_X1)                                                                                                                                            |        | 0.002       | 0.000      | 0.014      |             | 0.000  | 1.031r         |
| u_core.u_lsu.state_d_0__NOR2_X1_ZN_A2_NAND2_X1_A1_ZN_NAND4_X1_A1:ZN (NAND4_X1)                                                                                                                                            |        | 0.013       | 0.000      | 0.056      |             | 0.072  | 1.103f         |
| u_core.u_data_mem.route_state_d_0__AOI211_X1_ZN_A (net)                                                                                                                                                                   | 10     |             |            |            | 0.000       |        |                |
| u_core.u_data_mem.route_state_d_1__AOI211_X1_ZN_C2_OR2_X1_A1_ZN_NOR3_X1_A3:A1 (NOR3_X1)                                                                                                                                   |        | 0.002       | 0.000      | 0.056      |             | 0.000  | 1.103f         |
| u_core.u_data_mem.route_state_d_1__AOI211_X1_ZN_C2_OR2_X1_A1_ZN_NOR3_X1_A3:ZN (NOR3_X1)                                                                                                                                   |        | 0.012       | 0.000      | 0.106      |             | 0.142  | 1.245r         |
| u_core.u_data_mem.u_uncached_axi.local_req_handshake (net)                                                                                                                                                                | 8      |             |            |            | 0.000       |        |                |
| u_core.data_memory_req_43__OAI21_X1_B2:A (OAI21_X1)                                                                                                                                                                       |        | 0.002       | 0.000      | 0.106      |             | 0.000  | 1.245r         |
| u_core.data_memory_req_43__OAI21_X1_B2:ZN (OAI21_X1)                                                                                                                                                                      |        | 0.019       | 0.000      | 0.049      |             | 0.085  | 1.330f         |
| u_core.data_memory_req_43__OAI21_X1_B2_ZN (net)                                                                                                                                                                           | 13     |             |            |            | 0.000       |        |                |
| u_core.u_data_mem.u_uncached_axi.state_q_1__reg_p_D_OAI222_X1_ZN_A2_NAND4_X1_ZN_A3_NAND2_X1_ZN_A2_OAI211_X1_B:A (OAI211_X1)                                                                                               |        | 0.002       | 0.000      | 0.049      |             | 0.000  | 1.330f         |
| u_core.u_data_mem.u_uncached_axi.state_q_1__reg_p_D_OAI222_X1_ZN_A2_NAND4_X1_ZN_A3_NAND2_X1_ZN_A2_OAI211_X1_B:ZN (OAI211_X1)                                                                                              |        | 0.000       | 0.000      | 0.019      |             | 0.031  | 1.361r         |
| data_axi4_manager_o_52_ (port)                                                                                                                                                                                            |        | 0.000       | 0.000      | 0.019      |             | 0.000  | 1.361r         |
|                                                                                                                                                                                                                           |        |             |            |            |             |        |                |
| clk_i (port)                                                                                                                                                                                                              |        | 0.952       | 0.000      | 0.100      |             | 0.000  | 0.000r         |
| clock core_clock (rise edge)                                                                                                                                                                                              |        |             |            |            |             | 1.724  | 1.724          |
| clock network delay (ideal)                                                                                                                                                                                               |        |             |            |            |             | 0.000  | 1.724          |
| clk_i (port)                                                                                                                                                                                                              |        |             |            |            |             |        | 1.724r         |
| output external max delay time                                                                                                                                                                                            |        |             |            |            |             | -0.345 | 1.379          |
|                                                                                                                                                                                                                           |        |             |            |            |             |        |                |
| path cell delay                                                                                                                                                                                                           |        |             |            |            |             |        | 1.016(74.661%) |
| path net delay                                                                                                                                                                                                            |        |             |            |            |             |        | 0.000(0.000%)  |
|                                                                                                                                                                                                                           |        |             |            |            |             |        |                |
| data require time                                                                                                                                                                                                         |        |             |            |            |             |        | 1.379          |
| data arrival time                                                                                                                                                                                                         |        |             |            |            |             |        | 1.361          |
| slack (MET)                                                                                                                                                                                                               |        |             |            |            |             |        | 0.018          |
+---------------------------------------------------------------------------------------------------------------------------------------------------------------------------------------------------------------------------+--------+-------------+------------+------------+-------------+--------+----------------+
+---------------------------------------------------------------------------------------------------------------------------------------------------------------------------------------------------------------------------+--------+-------------+------------+------------+-------------+--------+----------------+
| Point                                                                                                                                                                                                                     | Fanout | Capacitance | Resistance | Transition | Delta Delay | Incr   | Path           |
+---------------------------------------------------------------------------------------------------------------------------------------------------------------------------------------------------------------------------+--------+-------------+------------+------------+-------------+--------+----------------+
| data_axi4_manager_i_41_ (port)                                                                                                                                                                                            |        | 0.005       | 0.000      | 0.100      |             | 0.000  | 0.000r         |
| clock core_clock (rise edge)                                                                                                                                                                                              |        |             |            |            |             | 0      | 0              |
| clock network delay (ideal)                                                                                                                                                                                               |        |             |            |            |             | 0.000  | 0.000          |
| data_axi4_manager_i_41_ (port)                                                                                                                                                                                            |        | 0.005       | 0.000      | 0.100      |             | 0.345  | 0.345r         |
| data_axi4_manager_i_41_ (net)                                                                                                                                                                                             | 3      |             |            |            | 0.000       |        |                |
| u_core.u_data_mem.u_uncached_axi.state_q_1__reg_p_QN_NOR4_X1_A3_A4_INV_X1_ZN:A (INV_X1)                                                                                                                                   |        | 0.002       | 0.000      | 0.100      |             | 0.000  | 0.345r         |
| u_core.u_data_mem.u_uncached_axi.state_q_1__reg_p_QN_NOR4_X1_A3_A4_INV_X1_ZN:ZN (INV_X1)                                                                                                                                  |        | 0.005       | 0.000      | 0.026      |             | 0.024  | 0.368f         |
| u_core.u_data_mem.u_uncached_axi.state_q_1__reg_p_QN_NOR4_X1_A3_A4 (net)                                                                                                                                                  | 4      |             |            |            | 0.000       |        |                |
| u_core.u_data_mem.gen_dcache.u_dcache.u_dcache_axi.writeback_state_q_1__reg_p_QN_NOR2_X1_A2_1:A1 (NOR2_X1)                                                                                                                |        | 0.002       | 0.000      | 0.026      |             | 0.000  | 0.368f         |
| u_core.u_data_mem.gen_dcache.u_dcache.u_dcache_axi.writeback_state_q_1__reg_p_QN_NOR2_X1_A2_1:ZN (NOR2_X1)                                                                                                                |        | 0.011       | 0.000      | 0.059      |             | 0.078  | 0.446r         |
| u_core.u_data_mem.gen_dcache.u_dcache.u_dcache_axi.writeback_state_q_1__reg_p_QN_NOR2_X1_A2_1_ZN (net)                                                                                                                    | 6      |             |            |            | 0.000       |        |                |
| u_core.u_data_mem.gen_dcache.u_dcache.u_dcache_axi.writeback_resp_ready_i_NAND3_X2_A3:A2 (NAND3_X2)                                                                                                                       |        | 0.003       | 0.000      | 0.059      |             | 0.000  | 0.446r         |
| u_core.u_data_mem.gen_dcache.u_dcache.u_dcache_axi.writeback_resp_ready_i_NAND3_X2_A3:ZN (NAND3_X2)                                                                                                                       |        | 0.007       | 0.000      | 0.022      |             | 0.040  | 0.486f         |
| u_core.u_data_mem.gen_dcache.u_dcache.u_miss_unit.clean_access_fault_q_NOR4_X1_A4_A1 (net)                                                                                                                                | 5      |             |            |            | 0.000       |        |                |
| u_core.u_data_mem.gen_dcache.u_dcache.u_dcache_axi.refill_state_q_1__reg_p_D_OAI21_X1_ZN_B1_OAI33_X1_A2:B1 (OAI33_X1)                                                                                                     |        | 0.002       | 0.000      | 0.022      |             | 0.000  | 0.486f         |
| u_core.u_data_mem.gen_dcache.u_dcache.u_dcache_axi.refill_state_q_1__reg_p_D_OAI21_X1_ZN_B1_OAI33_X1_A2:ZN (OAI33_X1)                                                                                                     |        | 0.003       | 0.000      | 0.075      |             | 0.084  | 0.570r         |
| u_core.u_data_mem.gen_dcache.u_dcache.u_miss_unit.miss_context_q_1__AND4_X1_A2_A1 (net)                                                                                                                                   | 3      |             |            |            | 0.000       |        |                |
| u_core.u_data_mem.gen_dcache.u_dcache.u_miss_unit.miss_context_q_0__AND2_X1_A1_ZN_NAND3_X1_A2:A1 (NAND3_X1)                                                                                                               |        | 0.002       | 0.000      | 0.075      |             | 0.000  | 0.570r         |
| u_core.u_data_mem.gen_dcache.u_dcache.u_miss_unit.miss_context_q_0__AND2_X1_A1_ZN_NAND3_X1_A2:ZN (NAND3_X1)                                                                                                               |        | 0.006       | 0.000      | 0.035      |             | 0.054  | 0.624f         |
| u_core.u_data_mem.gen_dcache.u_dcache.u_miss_unit.miss_context_q_0__AND2_X1_A1_ZN_NAND3_X1_A2_ZN (net)                                                                                                                    | 5      |             |            |            | 0.000       |        |                |
| u_core.u_data_mem.gen_dcache.u_dcache.u_miss_unit.transaction_access_fault_q_NAND4_X1_A4_ZN_NAND4_X1_A4_ZN_AND4_X1_A3_A1_AND2_X1_A1:A2 (AND2_X1)                                                                          |        | 0.001       | 0.000      | 0.035      |             | 0.000  | 0.624f         |
| u_core.u_data_mem.gen_dcache.u_dcache.u_miss_unit.transaction_access_fault_q_NAND4_X1_A4_ZN_NAND4_X1_A4_ZN_AND4_X1_A3_A1_AND2_X1_A1:ZN (AND2_X1)                                                                          |        | 0.003       | 0.000      | 0.009      |             | 0.048  | 0.672f         |
| u_core.u_data_mem.gen_dcache.u_dcache.u_miss_unit.transaction_access_fault_q_NAND4_X1_A4_ZN_NAND4_X1_A4_ZN_AND4_X1_A3_A1_AND2_X1_A1_ZN (net)                                                                              | 1      |             |            |            | 0.000       |        |                |
| u_core.u_data_mem.gen_dcache.u_dcache.u_miss_unit.transaction_access_fault_q_NAND4_X1_A4_ZN_NAND4_X1_A4_ZN_AND4_X1_A3_A1_AND2_X1_A1_ZN_BUF_X4_A:A (BUF_X4)                                                                |        | 0.003       | 0.000      | 0.009      |             | 0.000  | 0.672f         |
| u_core.u_data_mem.gen_dcache.u_dcache.u_miss_unit.transaction_access_fault_q_NAND4_X1_A4_ZN_NAND4_X1_A4_ZN_AND4_X1_A3_A1_AND2_X1_A1_ZN_BUF_X4_A:Z (BUF_X4)                                                                |        | 0.022       | 0.000      | 0.009      |             | 0.031  | 0.703f         |
| u_core.u_data_mem.gen_dcache.u_dcache.u_miss_unit.requested_word_data_q_0__reg_p_QN_OAI211_X1_C1_B (net)                                                                                                                  | 15     |             |            |            | 0.000       |        |                |
| u_core.execute_packet_valid_NOR4_X1_A3_A1_AOI221_X1_B2_ZN_NAND4_X1_A2_A4_OAI21_X1_ZN_A_OAI211_X1_ZN_C1_AOI21_X1_ZN_B2_OAI21_X1_ZN_B2_AND4_X1_ZN_A3_NAND4_X1_A3_ZN_AOI21_X1_B2_ZN_OAI21_X2_B2:B1 (OAI21_X2)                |        | 0.003       | 0.000      | 0.009      |             | 0.000  | 0.703f         |
| u_core.execute_packet_valid_NOR4_X1_A3_A1_AOI221_X1_B2_ZN_NAND4_X1_A2_A4_OAI21_X1_ZN_A_OAI211_X1_ZN_C1_AOI21_X1_ZN_B2_OAI21_X1_ZN_B2_AND4_X1_ZN_A3_NAND4_X1_A3_ZN_AOI21_X1_B2_ZN_OAI21_X2_B2:ZN (OAI21_X2)                |        | 0.008       | 0.000      | 0.029      |             | 0.039  | 0.741r         |
| u_core.execute_packet_valid_NOR4_X1_A3_A1_AOI221_X1_B2_ZN_NAND4_X1_A2_A4_OAI21_X1_ZN_A_OAI211_X1_ZN_C1_AOI21_X1_ZN_B2_OAI21_X1_ZN_B2_AND4_X1_ZN_A3_NAND4_X1_A3_ZN_AOI21_X1_B2_ZN_OAI21_X2_B2_ZN (net)                     | 2      |             |            |            | 0.000       |        |                |
| u_core.execute_packet_valid_NOR4_X1_A3_A1_AOI221_X1_B2_ZN_NAND4_X1_A2_A4_OAI21_X1_ZN_A_OAI211_X1_ZN_C1_AOI21_X1_ZN_B2_OAI21_X1_ZN_B2_AND4_X1_ZN_A3_NAND4_X1_A3_ZN_AOI21_X1_B2_ZN_OAI21_X2_B2_ZN_NAND2_X4_A2:A2 (NAND2_X4) |        | 0.006       | 0.000      | 0.029      |             | 0.000  | 0.741r         |
| u_core.execute_packet_valid_NOR4_X1_A3_A1_AOI221_X1_B2_ZN_NAND4_X1_A2_A4_OAI21_X1_ZN_A_OAI211_X1_ZN_C1_AOI21_X1_ZN_B2_OAI21_X1_ZN_B2_AND4_X1_ZN_A3_NAND4_X1_A3_ZN_AOI21_X1_B2_ZN_OAI21_X2_B2_ZN_NAND2_X4_A2:ZN (NAND2_X4) |        | 0.024       | 0.000      | 0.015      |             | 0.028  | 0.770f         |
| u_core.data_memory_resp_ready_AOI22_X2_A2_A1 (net)                                                                                                                                                                        | 16     |             |            |            | 0.000       |        |                |
| u_core.data_memory_resp_ready_AOI22_X2_A2:A1 (AOI22_X2)                                                                                                                                                                   |        | 0.003       | 0.000      | 0.015      |             | 0.000  | 0.770f         |
| u_core.data_memory_resp_ready_AOI22_X2_A2:ZN (AOI22_X2)                                                                                                                                                                   |        | 0.003       | 0.000      | 0.019      |             | 0.025  | 0.795r         |
| u_core.data_memory_resp_ready_AOI22_X2_A2_ZN (net)                                                                                                                                                                        | 1      |             |            |            | 0.000       |        |                |
| u_core.data_memory_resp_ready_AOI22_X2_A2_ZN_BUF_X4_A:A (BUF_X4)                                                                                                                                                          |        | 0.003       | 0.000      | 0.019      |             | 0.000  | 0.795r         |
| u_core.data_memory_resp_ready_AOI22_X2_A2_ZN_BUF_X4_A:Z (BUF_X4)                                                                                                                                                          |        | 0.030       | 0.000      | 0.021      |             | 0.039  | 0.834r         |
| u_core.completion_result_172__OAI21_X1_ZN_B2 (net)                                                                                                                                                                        | 20     |             |            |            | 0.000       |        |                |
| u_core.execute_packet_valid_reg_p_QN_AOI21_X1_A_B2_OAI22_X1_ZN:A1 (OAI22_X1)                                                                                                                                              |        | 0.002       | 0.000      | 0.021      |             | 0.000  | 0.834r         |
| u_core.execute_packet_valid_reg_p_QN_AOI21_X1_A_B2_OAI22_X1_ZN:ZN (OAI22_X1)                                                                                                                                              |        | 0.003       | 0.000      | 0.022      |             | 0.023  | 0.857f         |
| u_core.execute_packet_valid_reg_p_QN_AOI21_X1_A_B2 (net)                                                                                                                                                                  | 2      |             |            |            | 0.000       |        |                |
| u_core.execute_packet_valid_reg_p_QN_AOI21_X1_A_B2_AND3_X2_A1:A1 (AND3_X2)                                                                                                                                                |        | 0.002       | 0.000      | 0.022      |             | 0.000  | 0.857f         |
| u_core.execute_packet_valid_reg_p_QN_AOI21_X1_A_B2_AND3_X2_A1:ZN (AND3_X2)                                                                                                                                                |        | 0.007       | 0.000      | 0.009      |             | 0.040  | 0.897f         |
| u_core.execute_packet_valid_reg_p_QN_AOI21_X1_A_B2_AND3_X2_A1_ZN (net)                                                                                                                                                    | 2      |             |            |            | 0.000       |        |                |
| u_core.execute_packet_258__XNOR2_X1_A_ZN_NAND4_X1_A1_ZN_NAND3_X4_A3:A2 (NAND3_X4)                                                                                                                                         |        | 0.007       | 0.000      | 0.009      |             | 0.000  | 0.897f         |
| u_core.execute_packet_258__XNOR2_X1_A_ZN_NAND4_X1_A1_ZN_NAND3_X4_A3:ZN (NAND3_X4)                                                                                                                                         |        | 0.016       | 0.000      | 0.021      |             | 0.024  | 0.921r         |
| u_core.u_ifu.lookup_queue_entry_count_q_0__reg_p_QN_OAI21_X1_A_B1 (net)                                                                                                                                                   | 8      |             |            |            | 0.000       |        |                |
| u_core.exu_result_208__NOR2_X2_A2:A1 (NOR2_X2)                                                                                                                                                                            |        | 0.003       | 0.000      | 0.021      |             | 0.000  | 0.921r         |
| u_core.exu_result_208__NOR2_X2_A2:ZN (NOR2_X2)                                                                                                                                                                            |        | 0.019       | 0.000      | 0.021      |             | 0.023  | 0.945f         |
| u_core.exu_result_208__NOR2_X2_A2_ZN (net)                                                                                                                                                                                | 10     |             |            |            | 0.000       |        |                |
| u_core.commit_270__NAND3_X1_A1_ZN_OAI211_X1_B_C1_NOR4_X4_A4:A2 (NOR4_X4)                                                                                                                                                  |        | 0.006       | 0.000      | 0.021      |             | 0.000  | 0.945f         |
| u_core.commit_270__NAND3_X1_A1_ZN_OAI211_X1_B_C1_NOR4_X4_A4:ZN (NOR4_X4)                                                                                                                                                  |        | 0.020       | 0.000      | 0.075      |             | 0.106  | 1.050r         |
| u_core.decoded_execute_packet_209__NAND4_X1_A4_A3 (net)                                                                                                                                                                   | 10     |             |            |            | 0.000       |        |                |
| u_core.frontend_recovery_event_INV_X2_ZN:A (INV_X2)                                                                                                                                                                       |        | 0.003       | 0.000      | 0.075      |             | 0.000  | 1.050r         |
| u_core.frontend_recovery_event_INV_X2_ZN:ZN (INV_X2)                                                                                                                                                                      |        | 0.017       | 0.000      | 0.025      |             | 0.032  | 1.082f         |
| u_core.frontend_recovery_event (net)                                                                                                                                                                                      | 10     |             |            |            | 0.000       |        |                |
| u_core.u_icache.miss_lookup_resp_2__MUX2_X1_B_Z_XOR2_X1_B_Z_NOR4_X4_A2:A1 (NOR4_X4)                                                                                                                                       |        | 0.007       | 0.000      | 0.025      |             | 0.000  | 1.082f         |
| u_core.u_icache.miss_lookup_resp_2__MUX2_X1_B_Z_XOR2_X1_B_Z_NOR4_X4_A2:ZN (NOR4_X4)                                                                                                                                       |        | 0.014       | 0.000      | 0.063      |             | 0.074  | 1.156r         |
| u_core.decoded_execute_packet_79__MUX2_X1_Z_S_OAI211_X1_ZN_C1 (net)                                                                                                                                                       | 9      |             |            |            | 0.000       |        |                |
| u_core.decoded_execute_packet_174__AOI221_X1_B1_C2_NOR4_X1_ZN_A4_OAI211_X1_ZN:C1 (OAI211_X1)                                                                                                                              |        | 0.002       | 0.000      | 0.063      |             | 0.000  | 1.156r         |
| u_core.decoded_execute_packet_174__AOI221_X1_B1_C2_NOR4_X1_ZN_A4_OAI211_X1_ZN:ZN (OAI211_X1)                                                                                                                              |        | 0.005       | 0.000      | 0.038      |             | 0.048  | 1.204f         |
| u_core.decoded_execute_packet_174__AOI221_X1_B1_C2_NOR4_X1_ZN_A4 (net)                                                                                                                                                    | 2      |             |            |            | 0.000       |        |                |
| u_core.decoded_execute_packet_174__AOI221_X1_B1_C2_NOR4_X1_ZN_A4_NOR4_X2_A4:A4 (NOR4_X2)                                                                                                                                  |        | 0.004       | 0.000      | 0.038      |             | 0.000  | 1.204f         |
| u_core.decoded_execute_packet_174__AOI221_X1_B1_C2_NOR4_X1_ZN_A4_NOR4_X2_A4:ZN (NOR4_X2)                                                                                                                                  |        | 0.003       | 0.000      | 0.045      |             | 0.091  | 1.295r         |
| u_core.decoded_execute_packet_174__AOI221_X1_B1_C2_NOR4_X1_ZN_A4_NOR4_X2_A4_ZN (net)                                                                                                                                      | 1      |             |            |            | 0.000       |        |                |
| u_core.decoded_execute_packet_174__AOI221_X1_B1_C2_NOR4_X1_ZN_A4_NOR4_X2_A4_ZN_NAND4_X2_A2:A2 (NAND4_X2)                                                                                                                  |        | 0.003       | 0.000      | 0.045      |             | 0.000  | 1.295r         |
| u_core.decoded_execute_packet_174__AOI221_X1_B1_C2_NOR4_X1_ZN_A4_NOR4_X2_A4_ZN_NAND4_X2_A2:ZN (NAND4_X2)                                                                                                                  |        | 0.020       | 0.000      | 0.051      |             | 0.074  | 1.369f         |
| u_core.decoded_execute_packet_199__MUX2_X1_B_Z_MUX2_X1_B_S (net)                                                                                                                                                          | 13     |             |            |            | 0.000       |        |                |
| u_core.decoded_execute_packet_199__MUX2_X1_B_Z_MUX2_X1_B:S (MUX2_X1)                                                                                                                                                      |        | 0.002       | 0.000      | 0.051      |             | 0.000  | 1.369f         |
| u_core.decoded_execute_packet_199__MUX2_X1_B_Z_MUX2_X1_B:Z (MUX2_X1)                                                                                                                                                      |        | 0.001       | 0.000      | 0.010      |             | 0.064  | 1.433f         |
| u_core.decoded_execute_packet_199__MUX2_X1_B_Z_MUX2_X1_B_Z (net)                                                                                                                                                          | 1      |             |            |            | 0.000       |        |                |
| u_core.decoded_execute_packet_58__MUX2_X1_Z_A_MUX2_X1_Z_B_MUX2_X1_Z:B (MUX2_X1)                                                                                                                                           |        | 0.001       | 0.000      | 0.010      |             | 0.000  | 1.433f         |
| u_core.decoded_execute_packet_58__MUX2_X1_Z_A_MUX2_X1_Z_B_MUX2_X1_Z:Z (MUX2_X1)                                                                                                                                           |        | 0.001       | 0.000      | 0.009      |             | 0.056  | 1.490f         |
| u_core.decoded_execute_packet_58__MUX2_X1_Z_A_MUX2_X1_Z_B (net)                                                                                                                                                           | 1      |             |            |            | 0.000       |        |                |
| u_core.decoded_execute_packet_58__MUX2_X1_Z_A_MUX2_X1_Z:B (MUX2_X1)                                                                                                                                                       |        | 0.001       | 0.000      | 0.009      |             | 0.000  | 1.490f         |
| u_core.decoded_execute_packet_58__MUX2_X1_Z_A_MUX2_X1_Z:Z (MUX2_X1)                                                                                                                                                       |        | 0.001       | 0.000      | 0.010      |             | 0.056  | 1.546f         |
| u_core.decoded_execute_packet_58__MUX2_X1_Z_A (net)                                                                                                                                                                       | 1      |             |            |            | 0.000       |        |                |
| u_core.decoded_execute_packet_58__MUX2_X1_Z:A (MUX2_X1)                                                                                                                                                                   |        | 0.001       | 0.000      | 0.010      |             | 0.000  | 1.546f         |
| u_core.decoded_execute_packet_58__MUX2_X1_Z:Z (MUX2_X1)                                                                                                                                                                   |        | 0.001       | 0.000      | 0.010      |             | 0.059  | 1.605f         |
| u_core.decoded_execute_packet_58_ (net)                                                                                                                                                                                   | 1      |             |            |            | 0.000       |        |                |
| u_core.execute_packet_58__reg_p:D (DFF_X1)                                                                                                                                                                                |        | 0.001       | 0.000      | 0.010      |             | 0.000  | 1.605f         |
|                                                                                                                                                                                                                           |        |             |            |            |             |        |                |
| clk_i (port)                                                                                                                                                                                                              |        | 0.952       | 0.000      | 0.100      |             | 0.000  | 0.000r         |
| clk_i (clock net)                                                                                                                                                                                                         | 552    |             |            |            | NA          |        |                |
| u_core.decoded_execute_packet_ready_CLKGATE_X1_E:CK (CLKGATE_X1)                                                                                                                                                          |        | 0.002       | 0.000      | 0.000      |             | 0.000  | 0.000r         |
| u_core.decoded_execute_packet_ready_CLKGATE_X1_E:GCK (CLKGATE_X1)                                                                                                                                                         |        | 0.285       | 0.000      | 0.000      |             | 0.000  | 0.000r         |
| u_core.execute_packet_0__reg_p_CK (clock net)                                                                                                                                                                             | 300    |             |            |            | NA          |        |                |
| u_core.execute_packet_58__reg_p:CK (DFF_X1)                                                                                                                                                                               |        | 0.001       | 0.000      | 0.000      |             | 0.000  | 0.000r         |
| clock core_clock (rise edge)                                                                                                                                                                                              |        |             |            |            |             | 1.724  | 1.724          |
| clock network delay (ideal)                                                                                                                                                                                               |        |             |            |            |             | 0.000  | 1.724          |
| u_core.execute_packet_58__reg_p:CK (DFF_X1)                                                                                                                                                                               |        |             |            |            |             |        | 1.724r         |
| library setup time                                                                                                                                                                                                        |        |             |            |            |             | -0.041 | 1.683          |
| clock reconvergence pessimism                                                                                                                                                                                             |        |             |            |            |             | 0.000  | 1.683          |
|                                                                                                                                                                                                                           |        |             |            |            |             |        |                |
| path cell delay                                                                                                                                                                                                           |        |             |            |            |             |        | 1.260(78.511%) |
| path net delay                                                                                                                                                                                                            |        |             |            |            |             |        | 0.000(0.000%)  |
|                                                                                                                                                                                                                           |        |             |            |            |             |        |                |
| data require time                                                                                                                                                                                                         |        |             |            |            |             |        | 1.683          |
| data arrival time                                                                                                                                                                                                         |        |             |            |            |             |        | 1.605          |
| slack (MET)                                                                                                                                                                                                               |        |             |            |            |             |        | 0.078          |
+---------------------------------------------------------------------------------------------------------------------------------------------------------------------------------------------------------------------------+--------+-------------+------------+------------+-------------+--------+----------------+
+---------------------------------------------------------------------------------------------------------------------------------------------------------------------------------------------------------------------------+--------+-------------+------------+------------+-------------+--------+----------------+
| Point                                                                                                                                                                                                                     | Fanout | Capacitance | Resistance | Transition | Delta Delay | Incr   | Path           |
+---------------------------------------------------------------------------------------------------------------------------------------------------------------------------------------------------------------------------+--------+-------------+------------+------------+-------------+--------+----------------+
| data_axi4_manager_i_41_ (port)                                                                                                                                                                                            |        | 0.005       | 0.000      | 0.100      |             | 0.000  | 0.000r         |
| clock core_clock (rise edge)                                                                                                                                                                                              |        |             |            |            |             | 0      | 0              |
| clock network delay (ideal)                                                                                                                                                                                               |        |             |            |            |             | 0.000  | 0.000          |
| data_axi4_manager_i_41_ (port)                                                                                                                                                                                            |        | 0.005       | 0.000      | 0.100      |             | 0.345  | 0.345r         |
| data_axi4_manager_i_41_ (net)                                                                                                                                                                                             | 3      |             |            |            | 0.000       |        |                |
| u_core.u_data_mem.u_uncached_axi.state_q_1__reg_p_QN_NOR4_X1_A3_A4_INV_X1_ZN:A (INV_X1)                                                                                                                                   |        | 0.002       | 0.000      | 0.100      |             | 0.000  | 0.345r         |
| u_core.u_data_mem.u_uncached_axi.state_q_1__reg_p_QN_NOR4_X1_A3_A4_INV_X1_ZN:ZN (INV_X1)                                                                                                                                  |        | 0.005       | 0.000      | 0.026      |             | 0.024  | 0.368f         |
| u_core.u_data_mem.u_uncached_axi.state_q_1__reg_p_QN_NOR4_X1_A3_A4 (net)                                                                                                                                                  | 4      |             |            |            | 0.000       |        |                |
| u_core.u_data_mem.gen_dcache.u_dcache.u_dcache_axi.writeback_state_q_1__reg_p_QN_NOR2_X1_A2_1:A1 (NOR2_X1)                                                                                                                |        | 0.002       | 0.000      | 0.026      |             | 0.000  | 0.368f         |
| u_core.u_data_mem.gen_dcache.u_dcache.u_dcache_axi.writeback_state_q_1__reg_p_QN_NOR2_X1_A2_1:ZN (NOR2_X1)                                                                                                                |        | 0.011       | 0.000      | 0.059      |             | 0.078  | 0.446r         |
| u_core.u_data_mem.gen_dcache.u_dcache.u_dcache_axi.writeback_state_q_1__reg_p_QN_NOR2_X1_A2_1_ZN (net)                                                                                                                    | 6      |             |            |            | 0.000       |        |                |
| u_core.u_data_mem.gen_dcache.u_dcache.u_dcache_axi.writeback_resp_ready_i_NAND3_X2_A3:A2 (NAND3_X2)                                                                                                                       |        | 0.003       | 0.000      | 0.059      |             | 0.000  | 0.446r         |
| u_core.u_data_mem.gen_dcache.u_dcache.u_dcache_axi.writeback_resp_ready_i_NAND3_X2_A3:ZN (NAND3_X2)                                                                                                                       |        | 0.007       | 0.000      | 0.022      |             | 0.040  | 0.486f         |
| u_core.u_data_mem.gen_dcache.u_dcache.u_miss_unit.clean_access_fault_q_NOR4_X1_A4_A1 (net)                                                                                                                                | 5      |             |            |            | 0.000       |        |                |
| u_core.u_data_mem.gen_dcache.u_dcache.u_dcache_axi.refill_state_q_1__reg_p_D_OAI21_X1_ZN_B1_OAI33_X1_A2:B1 (OAI33_X1)                                                                                                     |        | 0.002       | 0.000      | 0.022      |             | 0.000  | 0.486f         |
| u_core.u_data_mem.gen_dcache.u_dcache.u_dcache_axi.refill_state_q_1__reg_p_D_OAI21_X1_ZN_B1_OAI33_X1_A2:ZN (OAI33_X1)                                                                                                     |        | 0.003       | 0.000      | 0.075      |             | 0.084  | 0.570r         |
| u_core.u_data_mem.gen_dcache.u_dcache.u_miss_unit.miss_context_q_1__AND4_X1_A2_A1 (net)                                                                                                                                   | 3      |             |            |            | 0.000       |        |                |
| u_core.u_data_mem.gen_dcache.u_dcache.u_miss_unit.miss_context_q_0__AND2_X1_A1_ZN_NAND3_X1_A2:A1 (NAND3_X1)                                                                                                               |        | 0.002       | 0.000      | 0.075      |             | 0.000  | 0.570r         |
| u_core.u_data_mem.gen_dcache.u_dcache.u_miss_unit.miss_context_q_0__AND2_X1_A1_ZN_NAND3_X1_A2:ZN (NAND3_X1)                                                                                                               |        | 0.006       | 0.000      | 0.035      |             | 0.054  | 0.624f         |
| u_core.u_data_mem.gen_dcache.u_dcache.u_miss_unit.miss_context_q_0__AND2_X1_A1_ZN_NAND3_X1_A2_ZN (net)                                                                                                                    | 5      |             |            |            | 0.000       |        |                |
| u_core.u_data_mem.gen_dcache.u_dcache.u_miss_unit.transaction_access_fault_q_NAND4_X1_A4_ZN_NAND4_X1_A4_ZN_AND4_X1_A3_A1_AND2_X1_A1:A2 (AND2_X1)                                                                          |        | 0.001       | 0.000      | 0.035      |             | 0.000  | 0.624f         |
| u_core.u_data_mem.gen_dcache.u_dcache.u_miss_unit.transaction_access_fault_q_NAND4_X1_A4_ZN_NAND4_X1_A4_ZN_AND4_X1_A3_A1_AND2_X1_A1:ZN (AND2_X1)                                                                          |        | 0.003       | 0.000      | 0.009      |             | 0.048  | 0.672f         |
| u_core.u_data_mem.gen_dcache.u_dcache.u_miss_unit.transaction_access_fault_q_NAND4_X1_A4_ZN_NAND4_X1_A4_ZN_AND4_X1_A3_A1_AND2_X1_A1_ZN (net)                                                                              | 1      |             |            |            | 0.000       |        |                |
| u_core.u_data_mem.gen_dcache.u_dcache.u_miss_unit.transaction_access_fault_q_NAND4_X1_A4_ZN_NAND4_X1_A4_ZN_AND4_X1_A3_A1_AND2_X1_A1_ZN_BUF_X4_A:A (BUF_X4)                                                                |        | 0.003       | 0.000      | 0.009      |             | 0.000  | 0.672f         |
| u_core.u_data_mem.gen_dcache.u_dcache.u_miss_unit.transaction_access_fault_q_NAND4_X1_A4_ZN_NAND4_X1_A4_ZN_AND4_X1_A3_A1_AND2_X1_A1_ZN_BUF_X4_A:Z (BUF_X4)                                                                |        | 0.022       | 0.000      | 0.009      |             | 0.031  | 0.703f         |
| u_core.u_data_mem.gen_dcache.u_dcache.u_miss_unit.requested_word_data_q_0__reg_p_QN_OAI211_X1_C1_B (net)                                                                                                                  | 15     |             |            |            | 0.000       |        |                |
| u_core.execute_packet_valid_NOR4_X1_A3_A1_AOI221_X1_B2_ZN_NAND4_X1_A2_A4_OAI21_X1_ZN_A_OAI211_X1_ZN_C1_AOI21_X1_ZN_B2_OAI21_X1_ZN_B2_AND4_X1_ZN_A3_NAND4_X1_A3_ZN_AOI21_X1_B2_ZN_OAI21_X2_B2:B1 (OAI21_X2)                |        | 0.003       | 0.000      | 0.009      |             | 0.000  | 0.703f         |
| u_core.execute_packet_valid_NOR4_X1_A3_A1_AOI221_X1_B2_ZN_NAND4_X1_A2_A4_OAI21_X1_ZN_A_OAI211_X1_ZN_C1_AOI21_X1_ZN_B2_OAI21_X1_ZN_B2_AND4_X1_ZN_A3_NAND4_X1_A3_ZN_AOI21_X1_B2_ZN_OAI21_X2_B2:ZN (OAI21_X2)                |        | 0.008       | 0.000      | 0.029      |             | 0.039  | 0.741r         |
| u_core.execute_packet_valid_NOR4_X1_A3_A1_AOI221_X1_B2_ZN_NAND4_X1_A2_A4_OAI21_X1_ZN_A_OAI211_X1_ZN_C1_AOI21_X1_ZN_B2_OAI21_X1_ZN_B2_AND4_X1_ZN_A3_NAND4_X1_A3_ZN_AOI21_X1_B2_ZN_OAI21_X2_B2_ZN (net)                     | 2      |             |            |            | 0.000       |        |                |
| u_core.execute_packet_valid_NOR4_X1_A3_A1_AOI221_X1_B2_ZN_NAND4_X1_A2_A4_OAI21_X1_ZN_A_OAI211_X1_ZN_C1_AOI21_X1_ZN_B2_OAI21_X1_ZN_B2_AND4_X1_ZN_A3_NAND4_X1_A3_ZN_AOI21_X1_B2_ZN_OAI21_X2_B2_ZN_NAND2_X4_A2:A2 (NAND2_X4) |        | 0.006       | 0.000      | 0.029      |             | 0.000  | 0.741r         |
| u_core.execute_packet_valid_NOR4_X1_A3_A1_AOI221_X1_B2_ZN_NAND4_X1_A2_A4_OAI21_X1_ZN_A_OAI211_X1_ZN_C1_AOI21_X1_ZN_B2_OAI21_X1_ZN_B2_AND4_X1_ZN_A3_NAND4_X1_A3_ZN_AOI21_X1_B2_ZN_OAI21_X2_B2_ZN_NAND2_X4_A2:ZN (NAND2_X4) |        | 0.024       | 0.000      | 0.015      |             | 0.028  | 0.770f         |
| u_core.data_memory_resp_ready_AOI22_X2_A2_A1 (net)                                                                                                                                                                        | 16     |             |            |            | 0.000       |        |                |
| u_core.data_memory_resp_ready_AOI22_X2_A2:A1 (AOI22_X2)                                                                                                                                                                   |        | 0.003       | 0.000      | 0.015      |             | 0.000  | 0.770f         |
| u_core.data_memory_resp_ready_AOI22_X2_A2:ZN (AOI22_X2)                                                                                                                                                                   |        | 0.003       | 0.000      | 0.019      |             | 0.025  | 0.795r         |
| u_core.data_memory_resp_ready_AOI22_X2_A2_ZN (net)                                                                                                                                                                        | 1      |             |            |            | 0.000       |        |                |
| u_core.data_memory_resp_ready_AOI22_X2_A2_ZN_BUF_X4_A:A (BUF_X4)                                                                                                                                                          |        | 0.003       | 0.000      | 0.019      |             | 0.000  | 0.795r         |
| u_core.data_memory_resp_ready_AOI22_X2_A2_ZN_BUF_X4_A:Z (BUF_X4)                                                                                                                                                          |        | 0.030       | 0.000      | 0.021      |             | 0.039  | 0.834r         |
| u_core.completion_result_172__OAI21_X1_ZN_B2 (net)                                                                                                                                                                        | 20     |             |            |            | 0.000       |        |                |
| u_core.execute_packet_valid_reg_p_QN_AOI21_X1_A_B2_OAI22_X1_ZN:A1 (OAI22_X1)                                                                                                                                              |        | 0.002       | 0.000      | 0.021      |             | 0.000  | 0.834r         |
| u_core.execute_packet_valid_reg_p_QN_AOI21_X1_A_B2_OAI22_X1_ZN:ZN (OAI22_X1)                                                                                                                                              |        | 0.003       | 0.000      | 0.022      |             | 0.023  | 0.857f         |
| u_core.execute_packet_valid_reg_p_QN_AOI21_X1_A_B2 (net)                                                                                                                                                                  | 2      |             |            |            | 0.000       |        |                |
| u_core.execute_packet_valid_reg_p_QN_AOI21_X1_A_B2_AND3_X2_A1:A1 (AND3_X2)                                                                                                                                                |        | 0.002       | 0.000      | 0.022      |             | 0.000  | 0.857f         |
| u_core.execute_packet_valid_reg_p_QN_AOI21_X1_A_B2_AND3_X2_A1:ZN (AND3_X2)                                                                                                                                                |        | 0.007       | 0.000      | 0.009      |             | 0.040  | 0.897f         |
| u_core.execute_packet_valid_reg_p_QN_AOI21_X1_A_B2_AND3_X2_A1_ZN (net)                                                                                                                                                    | 2      |             |            |            | 0.000       |        |                |
| u_core.execute_packet_258__XNOR2_X1_A_ZN_NAND4_X1_A1_ZN_NAND3_X4_A3:A2 (NAND3_X4)                                                                                                                                         |        | 0.007       | 0.000      | 0.009      |             | 0.000  | 0.897f         |
| u_core.execute_packet_258__XNOR2_X1_A_ZN_NAND4_X1_A1_ZN_NAND3_X4_A3:ZN (NAND3_X4)                                                                                                                                         |        | 0.016       | 0.000      | 0.021      |             | 0.024  | 0.921r         |
| u_core.u_ifu.lookup_queue_entry_count_q_0__reg_p_QN_OAI21_X1_A_B1 (net)                                                                                                                                                   | 8      |             |            |            | 0.000       |        |                |
| u_core.exu_result_208__NOR2_X2_A2:A1 (NOR2_X2)                                                                                                                                                                            |        | 0.003       | 0.000      | 0.021      |             | 0.000  | 0.921r         |
| u_core.exu_result_208__NOR2_X2_A2:ZN (NOR2_X2)                                                                                                                                                                            |        | 0.019       | 0.000      | 0.021      |             | 0.023  | 0.945f         |
| u_core.exu_result_208__NOR2_X2_A2_ZN (net)                                                                                                                                                                                | 10     |             |            |            | 0.000       |        |                |
| u_core.commit_270__NAND3_X1_A1_ZN_OAI211_X1_B_C1_NOR4_X4_A4:A2 (NOR4_X4)                                                                                                                                                  |        | 0.006       | 0.000      | 0.021      |             | 0.000  | 0.945f         |
| u_core.commit_270__NAND3_X1_A1_ZN_OAI211_X1_B_C1_NOR4_X4_A4:ZN (NOR4_X4)                                                                                                                                                  |        | 0.020       | 0.000      | 0.075      |             | 0.106  | 1.050r         |
| u_core.decoded_execute_packet_209__NAND4_X1_A4_A3 (net)                                                                                                                                                                   | 10     |             |            |            | 0.000       |        |                |
| u_core.frontend_recovery_event_INV_X2_ZN:A (INV_X2)                                                                                                                                                                       |        | 0.003       | 0.000      | 0.075      |             | 0.000  | 1.050r         |
| u_core.frontend_recovery_event_INV_X2_ZN:ZN (INV_X2)                                                                                                                                                                      |        | 0.017       | 0.000      | 0.025      |             | 0.032  | 1.082f         |
| u_core.frontend_recovery_event (net)                                                                                                                                                                                      | 10     |             |            |            | 0.000       |        |                |
| u_core.u_icache.miss_lookup_resp_2__MUX2_X1_B_Z_XOR2_X1_B_Z_NOR4_X4_A2:A1 (NOR4_X4)                                                                                                                                       |        | 0.007       | 0.000      | 0.025      |             | 0.000  | 1.082f         |
| u_core.u_icache.miss_lookup_resp_2__MUX2_X1_B_Z_XOR2_X1_B_Z_NOR4_X4_A2:ZN (NOR4_X4)                                                                                                                                       |        | 0.014       | 0.000      | 0.063      |             | 0.074  | 1.156r         |
| u_core.decoded_execute_packet_79__MUX2_X1_Z_S_OAI211_X1_ZN_C1 (net)                                                                                                                                                       | 9      |             |            |            | 0.000       |        |                |
| u_core.decoded_execute_packet_174__AOI221_X1_B1_C2_NOR4_X1_ZN_A4_OAI211_X1_ZN:C1 (OAI211_X1)                                                                                                                              |        | 0.002       | 0.000      | 0.063      |             | 0.000  | 1.156r         |
| u_core.decoded_execute_packet_174__AOI221_X1_B1_C2_NOR4_X1_ZN_A4_OAI211_X1_ZN:ZN (OAI211_X1)                                                                                                                              |        | 0.005       | 0.000      | 0.038      |             | 0.048  | 1.204f         |
| u_core.decoded_execute_packet_174__AOI221_X1_B1_C2_NOR4_X1_ZN_A4 (net)                                                                                                                                                    | 2      |             |            |            | 0.000       |        |                |
| u_core.decoded_execute_packet_174__AOI221_X1_B1_C2_NOR4_X1_ZN_A4_NOR4_X2_A4:A4 (NOR4_X2)                                                                                                                                  |        | 0.004       | 0.000      | 0.038      |             | 0.000  | 1.204f         |
| u_core.decoded_execute_packet_174__AOI221_X1_B1_C2_NOR4_X1_ZN_A4_NOR4_X2_A4:ZN (NOR4_X2)                                                                                                                                  |        | 0.003       | 0.000      | 0.045      |             | 0.091  | 1.295r         |
| u_core.decoded_execute_packet_174__AOI221_X1_B1_C2_NOR4_X1_ZN_A4_NOR4_X2_A4_ZN (net)                                                                                                                                      | 1      |             |            |            | 0.000       |        |                |
| u_core.decoded_execute_packet_174__AOI221_X1_B1_C2_NOR4_X1_ZN_A4_NOR4_X2_A4_ZN_NAND4_X2_A2:A2 (NAND4_X2)                                                                                                                  |        | 0.003       | 0.000      | 0.045      |             | 0.000  | 1.295r         |
| u_core.decoded_execute_packet_174__AOI221_X1_B1_C2_NOR4_X1_ZN_A4_NOR4_X2_A4_ZN_NAND4_X2_A2:ZN (NAND4_X2)                                                                                                                  |        | 0.020       | 0.000      | 0.051      |             | 0.074  | 1.369f         |
| u_core.decoded_execute_packet_199__MUX2_X1_B_Z_MUX2_X1_B_S (net)                                                                                                                                                          | 13     |             |            |            | 0.000       |        |                |
| u_core.decoded_execute_packet_199__MUX2_X1_B_Z_MUX2_X1_B:S (MUX2_X1)                                                                                                                                                      |        | 0.002       | 0.000      | 0.051      |             | 0.000  | 1.369f         |
| u_core.decoded_execute_packet_199__MUX2_X1_B_Z_MUX2_X1_B:Z (MUX2_X1)                                                                                                                                                      |        | 0.001       | 0.000      | 0.010      |             | 0.064  | 1.433f         |
| u_core.decoded_execute_packet_199__MUX2_X1_B_Z_MUX2_X1_B_Z (net)                                                                                                                                                          | 1      |             |            |            | 0.000       |        |                |
| u_core.decoded_execute_packet_58__MUX2_X1_Z_A_MUX2_X1_Z_B_MUX2_X1_Z:B (MUX2_X1)                                                                                                                                           |        | 0.001       | 0.000      | 0.010      |             | 0.000  | 1.433f         |
| u_core.decoded_execute_packet_58__MUX2_X1_Z_A_MUX2_X1_Z_B_MUX2_X1_Z:Z (MUX2_X1)                                                                                                                                           |        | 0.001       | 0.000      | 0.009      |             | 0.056  | 1.490f         |
| u_core.decoded_execute_packet_58__MUX2_X1_Z_A_MUX2_X1_Z_B (net)                                                                                                                                                           | 1      |             |            |            | 0.000       |        |                |
| u_core.decoded_execute_packet_58__MUX2_X1_Z_A_MUX2_X1_Z:B (MUX2_X1)                                                                                                                                                       |        | 0.001       | 0.000      | 0.009      |             | 0.000  | 1.490f         |
| u_core.decoded_execute_packet_58__MUX2_X1_Z_A_MUX2_X1_Z:Z (MUX2_X1)                                                                                                                                                       |        | 0.001       | 0.000      | 0.010      |             | 0.056  | 1.546f         |
| u_core.decoded_execute_packet_58__MUX2_X1_Z_A (net)                                                                                                                                                                       | 1      |             |            |            | 0.000       |        |                |
| u_core.decoded_execute_packet_58__MUX2_X1_Z:A (MUX2_X1)                                                                                                                                                                   |        | 0.001       | 0.000      | 0.010      |             | 0.000  | 1.546f         |
| u_core.decoded_execute_packet_58__MUX2_X1_Z:Z (MUX2_X1)                                                                                                                                                                   |        | 0.001       | 0.000      | 0.010      |             | 0.059  | 1.605f         |
| u_core.decoded_execute_packet_58_ (net)                                                                                                                                                                                   | 1      |             |            |            | 0.000       |        |                |
| u_core.execute_packet_58__reg_p:D (DFF_X1)                                                                                                                                                                                |        | 0.001       | 0.000      | 0.010      |             | 0.000  | 1.605f         |
|                                                                                                                                                                                                                           |        |             |            |            |             |        |                |
| clk_i (port)                                                                                                                                                                                                              |        | 0.952       | 0.000      | 0.100      |             | 0.000  | 0.000r         |
| clk_i (clock net)                                                                                                                                                                                                         | 552    |             |            |            | NA          |        |                |
| u_core.decoded_execute_packet_ready_CLKGATE_X1_E:CK (CLKGATE_X1)                                                                                                                                                          |        | 0.002       | 0.000      | 0.000      |             | 0.000  | 0.000r         |
| u_core.decoded_execute_packet_ready_CLKGATE_X1_E:GCK (CLKGATE_X1)                                                                                                                                                         |        | 0.285       | 0.000      | 0.000      |             | 0.000  | 0.000r         |
| u_core.execute_packet_0__reg_p_CK (clock net)                                                                                                                                                                             | 300    |             |            |            | NA          |        |                |
| u_core.execute_packet_58__reg_p:CK (DFF_X1)                                                                                                                                                                               |        | 0.001       | 0.000      | 0.000      |             | 0.000  | 0.000r         |
| clock core_clock (rise edge)                                                                                                                                                                                              |        |             |            |            |             | 1.724  | 1.724          |
| clock network delay (ideal)                                                                                                                                                                                               |        |             |            |            |             | 0.000  | 1.724          |
| u_core.execute_packet_58__reg_p:CK (DFF_X1)                                                                                                                                                                               |        |             |            |            |             |        | 1.724r         |
| library setup time                                                                                                                                                                                                        |        |             |            |            |             | -0.041 | 1.683          |
| clock reconvergence pessimism                                                                                                                                                                                             |        |             |            |            |             | 0.000  | 1.683          |
|                                                                                                                                                                                                                           |        |             |            |            |             |        |                |
| path cell delay                                                                                                                                                                                                           |        |             |            |            |             |        | 1.260(78.511%) |
| path net delay                                                                                                                                                                                                            |        |             |            |            |             |        | 0.000(0.000%)  |
|                                                                                                                                                                                                                           |        |             |            |            |             |        |                |
| data require time                                                                                                                                                                                                         |        |             |            |            |             |        | 1.683          |
| data arrival time                                                                                                                                                                                                         |        |             |            |            |             |        | 1.605          |
| slack (MET)                                                                                                                                                                                                               |        |             |            |            |             |        | 0.078          |
+---------------------------------------------------------------------------------------------------------------------------------------------------------------------------------------------------------------------------+--------+-------------+------------+------------+-------------+--------+----------------+
+---------------------------------------------------------------------------------------------------------------------------------------------------------------------------------------------------------------------------+--------+-------------+------------+------------+-------------+--------+----------------+
| Point                                                                                                                                                                                                                     | Fanout | Capacitance | Resistance | Transition | Delta Delay | Incr   | Path           |
+---------------------------------------------------------------------------------------------------------------------------------------------------------------------------------------------------------------------------+--------+-------------+------------+------------+-------------+--------+----------------+
| data_axi4_manager_i_41_ (port)                                                                                                                                                                                            |        | 0.005       | 0.000      | 0.100      |             | 0.000  | 0.000r         |
| clock core_clock (rise edge)                                                                                                                                                                                              |        |             |            |            |             | 0      | 0              |
| clock network delay (ideal)                                                                                                                                                                                               |        |             |            |            |             | 0.000  | 0.000          |
| data_axi4_manager_i_41_ (port)                                                                                                                                                                                            |        | 0.005       | 0.000      | 0.100      |             | 0.345  | 0.345r         |
| data_axi4_manager_i_41_ (net)                                                                                                                                                                                             | 3      |             |            |            | 0.000       |        |                |
| u_core.u_data_mem.u_uncached_axi.state_q_1__reg_p_QN_NOR4_X1_A3_A4_INV_X1_ZN:A (INV_X1)                                                                                                                                   |        | 0.002       | 0.000      | 0.100      |             | 0.000  | 0.345r         |
| u_core.u_data_mem.u_uncached_axi.state_q_1__reg_p_QN_NOR4_X1_A3_A4_INV_X1_ZN:ZN (INV_X1)                                                                                                                                  |        | 0.005       | 0.000      | 0.026      |             | 0.024  | 0.368f         |
| u_core.u_data_mem.u_uncached_axi.state_q_1__reg_p_QN_NOR4_X1_A3_A4 (net)                                                                                                                                                  | 4      |             |            |            | 0.000       |        |                |
| u_core.u_data_mem.gen_dcache.u_dcache.u_dcache_axi.writeback_state_q_1__reg_p_QN_NOR2_X1_A2_1:A1 (NOR2_X1)                                                                                                                |        | 0.002       | 0.000      | 0.026      |             | 0.000  | 0.368f         |
| u_core.u_data_mem.gen_dcache.u_dcache.u_dcache_axi.writeback_state_q_1__reg_p_QN_NOR2_X1_A2_1:ZN (NOR2_X1)                                                                                                                |        | 0.011       | 0.000      | 0.059      |             | 0.078  | 0.446r         |
| u_core.u_data_mem.gen_dcache.u_dcache.u_dcache_axi.writeback_state_q_1__reg_p_QN_NOR2_X1_A2_1_ZN (net)                                                                                                                    | 6      |             |            |            | 0.000       |        |                |
| u_core.u_data_mem.gen_dcache.u_dcache.u_dcache_axi.writeback_resp_ready_i_AND3_X1_A3:A2 (AND3_X1)                                                                                                                         |        | 0.001       | 0.000      | 0.059      |             | 0.000  | 0.446r         |
| u_core.u_data_mem.gen_dcache.u_dcache.u_dcache_axi.writeback_resp_ready_i_AND3_X1_A3:ZN (AND3_X1)                                                                                                                         |        | 0.007       | 0.000      | 0.022      |             | 0.072  | 0.518r         |
| u_core.u_data_mem.gen_dcache.u_dcache.clean_way_index_d_NOR2_X1_ZN_A2_AOI21_X1_ZN_A_AOI21_X1_ZN_B1_NAND4_X1_ZN_A4 (net)                                                                                                   | 4      |             |            |            | 0.000       |        |                |
| u_core.u_data_mem.gen_dcache.u_dcache.u_miss_unit.transaction_access_fault_q_NAND4_X1_A4_ZN_NAND4_X1_A4_A2_NAND3_X1_ZN:A3 (NAND3_X1)                                                                                      |        | 0.002       | 0.000      | 0.022      |             | 0.000  | 0.518r         |
| u_core.u_data_mem.gen_dcache.u_dcache.u_miss_unit.transaction_access_fault_q_NAND4_X1_A4_ZN_NAND4_X1_A4_A2_NAND3_X1_ZN:ZN (NAND3_X1)                                                                                      |        | 0.003       | 0.000      | 0.022      |             | 0.030  | 0.548f         |
| u_core.u_data_mem.gen_dcache.u_dcache.u_miss_unit.transaction_access_fault_q_NAND4_X1_A4_ZN_NAND4_X1_A4_A2 (net)                                                                                                          | 2      |             |            |            | 0.000       |        |                |
| u_core.u_data_mem.gen_dcache.u_dcache.u_miss_unit.transaction_access_fault_q_NAND4_X1_A4_ZN_NAND4_X1_A4_A3_NAND3_X1_A1:A3 (NAND3_X1)                                                                                      |        | 0.002       | 0.000      | 0.022      |             | 0.000  | 0.548f         |
| u_core.u_data_mem.gen_dcache.u_dcache.u_miss_unit.transaction_access_fault_q_NAND4_X1_A4_ZN_NAND4_X1_A4_A3_NAND3_X1_A1:ZN (NAND3_X1)                                                                                      |        | 0.005       | 0.000      | 0.023      |             | 0.037  | 0.585r         |
| u_core.u_data_mem.gen_dcache.u_dcache.u_miss_unit.transaction_access_fault_q_NAND4_X1_A4_ZN_NAND4_X1_A4_ZN_AND4_X1_A3_A1 (net)                                                                                            | 4      |             |            |            | 0.000       |        |                |
| u_core.u_data_mem.gen_dcache.u_dcache.u_miss_unit.transaction_access_fault_q_NAND4_X1_A4_ZN_NAND4_X1_A4_ZN_AND4_X1_A3_A1_AND2_X1_A1:A1 (AND2_X1)                                                                          |        | 0.001       | 0.000      | 0.023      |             | 0.000  | 0.585r         |
| u_core.u_data_mem.gen_dcache.u_dcache.u_miss_unit.transaction_access_fault_q_NAND4_X1_A4_ZN_NAND4_X1_A4_ZN_AND4_X1_A3_A1_AND2_X1_A1:ZN (AND2_X1)                                                                          |        | 0.003       | 0.000      | 0.013      |             | 0.042  | 0.627r         |
| u_core.u_data_mem.gen_dcache.u_dcache.u_miss_unit.transaction_access_fault_q_NAND4_X1_A4_ZN_NAND4_X1_A4_ZN_AND4_X1_A3_A1_AND2_X1_A1_ZN (net)                                                                              | 1      |             |            |            | 0.000       |        |                |
| u_core.u_data_mem.gen_dcache.u_dcache.u_miss_unit.transaction_access_fault_q_NAND4_X1_A4_ZN_NAND4_X1_A4_ZN_AND4_X1_A3_A1_AND2_X1_A1_ZN_BUF_X4_A:A (BUF_X4)                                                                |        | 0.003       | 0.000      | 0.013      |             | 0.000  | 0.627r         |
| u_core.u_data_mem.gen_dcache.u_dcache.u_miss_unit.transaction_access_fault_q_NAND4_X1_A4_ZN_NAND4_X1_A4_ZN_AND4_X1_A3_A1_AND2_X1_A1_ZN_BUF_X4_A:Z (BUF_X4)                                                                |        | 0.026       | 0.000      | 0.018      |             | 0.034  | 0.661r         |
| u_core.u_data_mem.gen_dcache.u_dcache.u_miss_unit.requested_word_data_q_0__reg_p_QN_OAI211_X1_C1_B (net)                                                                                                                  | 15     |             |            |            | 0.000       |        |                |
| u_core.execute_packet_valid_NOR4_X1_A3_A1_AOI221_X1_B2_ZN_NAND4_X1_A2_A4_OAI21_X1_ZN_A_OAI211_X1_ZN_C1_AOI21_X1_ZN_B2_OAI21_X1_ZN_B2_AND4_X1_ZN_A3_NAND4_X1_A3_ZN_AOI21_X1_B2_ZN_OAI21_X2_B2:B1 (OAI21_X2)                |        | 0.003       | 0.000      | 0.018      |             | 0.000  | 0.661r         |
| u_core.execute_packet_valid_NOR4_X1_A3_A1_AOI221_X1_B2_ZN_NAND4_X1_A2_A4_OAI21_X1_ZN_A_OAI211_X1_ZN_C1_AOI21_X1_ZN_B2_OAI21_X1_ZN_B2_AND4_X1_ZN_A3_NAND4_X1_A3_ZN_AOI21_X1_B2_ZN_OAI21_X2_B2:ZN (OAI21_X2)                |        | 0.007       | 0.000      | 0.022      |             | 0.022  | 0.683f         |
| u_core.execute_packet_valid_NOR4_X1_A3_A1_AOI221_X1_B2_ZN_NAND4_X1_A2_A4_OAI21_X1_ZN_A_OAI211_X1_ZN_C1_AOI21_X1_ZN_B2_OAI21_X1_ZN_B2_AND4_X1_ZN_A3_NAND4_X1_A3_ZN_AOI21_X1_B2_ZN_OAI21_X2_B2_ZN (net)                     | 2      |             |            |            | 0.000       |        |                |
| u_core.execute_packet_valid_NOR4_X1_A3_A1_AOI221_X1_B2_ZN_NAND4_X1_A2_A4_OAI21_X1_ZN_A_OAI211_X1_ZN_C1_AOI21_X1_ZN_B2_OAI21_X1_ZN_B2_AND4_X1_ZN_A3_NAND4_X1_A3_ZN_AOI21_X1_B2_ZN_OAI21_X2_B2_ZN_NAND2_X4_A2:A2 (NAND2_X4) |        | 0.006       | 0.000      | 0.022      |             | 0.000  | 0.683f         |
| u_core.execute_packet_valid_NOR4_X1_A3_A1_AOI221_X1_B2_ZN_NAND4_X1_A2_A4_OAI21_X1_ZN_A_OAI211_X1_ZN_C1_AOI21_X1_ZN_B2_OAI21_X1_ZN_B2_AND4_X1_ZN_A3_NAND4_X1_A3_ZN_AOI21_X1_B2_ZN_OAI21_X2_B2_ZN_NAND2_X4_A2:ZN (NAND2_X4) |        | 0.028       | 0.000      | 0.022      |             | 0.037  | 0.720r         |
| u_core.data_memory_resp_ready_AOI22_X2_A2_A1 (net)                                                                                                                                                                        | 16     |             |            |            | 0.000       |        |                |
| u_core.data_memory_resp_ready_AOI22_X2_A2:A1 (AOI22_X2)                                                                                                                                                                   |        | 0.003       | 0.000      | 0.022      |             | 0.000  | 0.720r         |
| u_core.data_memory_resp_ready_AOI22_X2_A2:ZN (AOI22_X2)                                                                                                                                                                   |        | 0.003       | 0.000      | 0.018      |             | 0.018  | 0.738f         |
| u_core.data_memory_resp_ready_AOI22_X2_A2_ZN (net)                                                                                                                                                                        | 1      |             |            |            | 0.000       |        |                |
| u_core.data_memory_resp_ready_AOI22_X2_A2_ZN_BUF_X4_A:A (BUF_X4)                                                                                                                                                          |        | 0.003       | 0.000      | 0.018      |             | 0.000  | 0.738f         |
| u_core.data_memory_resp_ready_AOI22_X2_A2_ZN_BUF_X4_A:Z (BUF_X4)                                                                                                                                                          |        | 0.027       | 0.000      | 0.010      |             | 0.038  | 0.776f         |
| u_core.completion_result_172__OAI21_X1_ZN_B2 (net)                                                                                                                                                                        | 20     |             |            |            | 0.000       |        |                |
| u_core.completion_result_233__MUX2_X1_Z_B_OR2_X1_A2:A1 (OR2_X1)                                                                                                                                                           |        | 0.001       | 0.000      | 0.010      |             | 0.000  | 0.776f         |
| u_core.completion_result_233__MUX2_X1_Z_B_OR2_X1_A2:ZN (OR2_X1)                                                                                                                                                           |        | 0.001       | 0.000      | 0.008      |             | 0.043  | 0.819f         |
| u_core.completion_result_233__MUX2_X1_Z_B_OR2_X1_A2_ZN (net)                                                                                                                                                              | 1      |             |            |            | 0.000       |        |                |
| u_core.completion_result_233__MUX2_X1_Z_B_OR2_X1_A2_ZN_BUF_X1_A:A (BUF_X1)                                                                                                                                                |        | 0.001       | 0.000      | 0.008      |             | 0.000  | 0.819f         |
| u_core.completion_result_233__MUX2_X1_Z_B_OR2_X1_A2_ZN_BUF_X1_A:Z (BUF_X1)                                                                                                                                                |        | 0.023       | 0.000      | 0.028      |             | 0.057  | 0.876f         |
| u_core.execute_packet_valid_NOR4_X1_A3_A1_AOI221_X1_B2_B1 (net)                                                                                                                                                           | 16     |             |            |            | 0.000       |        |                |
| u_core.execute_packet_valid_NOR4_X1_A3_A1_AOI221_X1_B2:B1 (AOI221_X1)                                                                                                                                                     |        | 0.002       | 0.000      | 0.028      |             | 0.000  | 0.876f         |
| u_core.execute_packet_valid_NOR4_X1_A3_A1_AOI221_X1_B2:ZN (AOI221_X1)                                                                                                                                                     |        | 0.003       | 0.000      | 0.048      |             | 0.079  | 0.955r         |
| u_core.execute_packet_valid_NOR4_X1_A3_A1_AOI221_X1_B2_ZN (net)                                                                                                                                                           | 2      |             |            |            | 0.000       |        |                |
| u_core.execute_packet_valid_NOR4_X1_A3_A1_AOI221_X1_B2_ZN_NAND4_X1_A2:A2 (NAND4_X1)                                                                                                                                       |        | 0.002       | 0.000      | 0.048      |             | 0.000  | 0.955r         |
| u_core.execute_packet_valid_NOR4_X1_A3_A1_AOI221_X1_B2_ZN_NAND4_X1_A2:ZN (NAND4_X1)                                                                                                                                       |        | 0.005       | 0.000      | 0.031      |             | 0.052  | 1.007f         |
| u_core.u_lsu.state_d_0__NOR2_X1_ZN_A2 (net)                                                                                                                                                                               | 3      |             |            |            | 0.000       |        |                |
| u_core.u_lsu.state_d_0__NOR2_X1_ZN_A2_NAND2_X1_A1:A1 (NAND2_X1)                                                                                                                                                           |        | 0.002       | 0.000      | 0.031      |             | 0.000  | 1.007f         |
| u_core.u_lsu.state_d_0__NOR2_X1_ZN_A2_NAND2_X1_A1:ZN (NAND2_X1)                                                                                                                                                           |        | 0.002       | 0.000      | 0.014      |             | 0.024  | 1.031r         |
| u_core.u_lsu.state_d_0__NOR2_X1_ZN_A2_NAND2_X1_A1_ZN (net)                                                                                                                                                                | 1      |             |            |            | 0.000       |        |                |
| u_core.u_lsu.state_d_0__NOR2_X1_ZN_A2_NAND2_X1_A1_ZN_NAND4_X1_A1:A1 (NAND4_X1)                                                                                                                                            |        | 0.002       | 0.000      | 0.014      |             | 0.000  | 1.031r         |
| u_core.u_lsu.state_d_0__NOR2_X1_ZN_A2_NAND2_X1_A1_ZN_NAND4_X1_A1:ZN (NAND4_X1)                                                                                                                                            |        | 0.013       | 0.000      | 0.056      |             | 0.072  | 1.103f         |
| u_core.u_data_mem.route_state_d_0__AOI211_X1_ZN_A (net)                                                                                                                                                                   | 10     |             |            |            | 0.000       |        |                |
| u_core.u_data_mem.route_state_d_1__AOI211_X1_ZN_C2_OR2_X1_A1_ZN_NOR3_X1_A3:A1 (NOR3_X1)                                                                                                                                   |        | 0.002       | 0.000      | 0.056      |             | 0.000  | 1.103f         |
| u_core.u_data_mem.route_state_d_1__AOI211_X1_ZN_C2_OR2_X1_A1_ZN_NOR3_X1_A3:ZN (NOR3_X1)                                                                                                                                   |        | 0.012       | 0.000      | 0.106      |             | 0.142  | 1.245r         |
| u_core.u_data_mem.u_uncached_axi.local_req_handshake (net)                                                                                                                                                                | 8      |             |            |            | 0.000       |        |                |
| u_core.u_data_mem.u_uncached_axi.state_q_2__reg_p_D_OAI22_X1_ZN_A2_AOI22_X1_ZN_A2_AND3_X1_ZN_A1_NAND2_X1_ZN_A1_NAND3_X1_ZN:A3 (NAND3_X1)                                                                                  |        | 0.002       | 0.000      | 0.106      |             | 0.000  | 1.245r         |
| u_core.u_data_mem.u_uncached_axi.state_q_2__reg_p_D_OAI22_X1_ZN_A2_AOI22_X1_ZN_A2_AND3_X1_ZN_A1_NAND2_X1_ZN_A1_NAND3_X1_ZN:ZN (NAND3_X1)                                                                                  |        | 0.003       | 0.000      | 0.025      |             | 0.039  | 1.284f         |
| u_core.u_data_mem.u_uncached_axi.state_q_2__reg_p_D_OAI22_X1_ZN_A2_AOI22_X1_ZN_A2_AND3_X1_ZN_A1_NAND2_X1_ZN_A1 (net)                                                                                                      | 2      |             |            |            | 0.000       |        |                |
| u_core.u_data_mem.u_uncached_axi.state_q_2__reg_p_D_OAI22_X1_ZN_A2_AOI22_X1_ZN_A2_AND3_X1_ZN_A1_NAND2_X1_ZN_A1_NAND3_X1_A1:A1 (NAND3_X1)                                                                                  |        | 0.002       | 0.000      | 0.025      |             | 0.000  | 1.284f         |
| u_core.u_data_mem.u_uncached_axi.state_q_2__reg_p_D_OAI22_X1_ZN_A2_AOI22_X1_ZN_A2_AND3_X1_ZN_A1_NAND2_X1_ZN_A1_NAND3_X1_A1:ZN (NAND3_X1)                                                                                  |        | 0.000       | 0.000      | 0.014      |             | 0.017  | 1.301r         |
| data_axi4_manager_o_1_ (port)                                                                                                                                                                                             |        | 0.000       | 0.000      | 0.014      |             | 0.000  | 1.301r         |
|                                                                                                                                                                                                                           |        |             |            |            |             |        |                |
| clk_i (port)                                                                                                                                                                                                              |        | 0.952       | 0.000      | 0.100      |             | 0.000  | 0.000r         |
| clock core_clock (rise edge)                                                                                                                                                                                              |        |             |            |            |             | 1.724  | 1.724          |
| clock network delay (ideal)                                                                                                                                                                                               |        |             |            |            |             | 0.000  | 1.724          |
| clk_i (port)                                                                                                                                                                                                              |        |             |            |            |             |        | 1.724r         |
| output external max delay time                                                                                                                                                                                            |        |             |            |            |             | -0.345 | 1.379          |
|                                                                                                                                                                                                                           |        |             |            |            |             |        |                |
| path cell delay                                                                                                                                                                                                           |        |             |            |            |             |        | 0.956(73.488%) |
| path net delay                                                                                                                                                                                                            |        |             |            |            |             |        | 0.000(0.000%)  |
|                                                                                                                                                                                                                           |        |             |            |            |             |        |                |
| data require time                                                                                                                                                                                                         |        |             |            |            |             |        | 1.379          |
| data arrival time                                                                                                                                                                                                         |        |             |            |            |             |        | 1.301          |
| slack (MET)                                                                                                                                                                                                               |        |             |            |            |             |        | 0.079          |
+---------------------------------------------------------------------------------------------------------------------------------------------------------------------------------------------------------------------------+--------+-------------+------------+------------+-------------+--------+----------------+
+-------------------------------------------------------------------------------------------------------------------------------------------------------------------------------------------+--------+-------------+------------+------------+-------------+--------+----------------+
| Point                                                                                                                                                                                     | Fanout | Capacitance | Resistance | Transition | Delta Delay | Incr   | Path           |
+-------------------------------------------------------------------------------------------------------------------------------------------------------------------------------------------+--------+-------------+------------+------------+-------------+--------+----------------+
| data_axi4_manager_i_41_ (port)                                                                                                                                                            |        | 0.005       | 0.000      | 0.100      |             | 0.000  | 0.000r         |
| clock core_clock (rise edge)                                                                                                                                                              |        |             |            |            |             | 0      | 0              |
| clock network delay (ideal)                                                                                                                                                               |        |             |            |            |             | 0.000  | 0.000          |
| data_axi4_manager_i_41_ (port)                                                                                                                                                            |        | 0.005       | 0.000      | 0.100      |             | 0.345  | 0.345r         |
| data_axi4_manager_i_41_ (net)                                                                                                                                                             | 3      |             |            |            | 0.000       |        |                |
| u_core.u_data_mem.u_uncached_axi.state_q_1__reg_p_QN_NOR4_X1_A3_A4_INV_X1_ZN:A (INV_X1)                                                                                                   |        | 0.002       | 0.000      | 0.100      |             | 0.000  | 0.345r         |
| u_core.u_data_mem.u_uncached_axi.state_q_1__reg_p_QN_NOR4_X1_A3_A4_INV_X1_ZN:ZN (INV_X1)                                                                                                  |        | 0.005       | 0.000      | 0.026      |             | 0.024  | 0.368f         |
| u_core.u_data_mem.u_uncached_axi.state_q_1__reg_p_QN_NOR4_X1_A3_A4 (net)                                                                                                                  | 4      |             |            |            | 0.000       |        |                |
| u_core.u_data_mem.gen_dcache.u_dcache.u_dcache_axi.writeback_state_q_1__reg_p_QN_NOR2_X1_A2_1:A1 (NOR2_X1)                                                                                |        | 0.002       | 0.000      | 0.026      |             | 0.000  | 0.368f         |
| u_core.u_data_mem.gen_dcache.u_dcache.u_dcache_axi.writeback_state_q_1__reg_p_QN_NOR2_X1_A2_1:ZN (NOR2_X1)                                                                                |        | 0.011       | 0.000      | 0.059      |             | 0.078  | 0.446r         |
| u_core.u_data_mem.gen_dcache.u_dcache.u_dcache_axi.writeback_state_q_1__reg_p_QN_NOR2_X1_A2_1_ZN (net)                                                                                    | 6      |             |            |            | 0.000       |        |                |
| u_core.u_data_mem.gen_dcache.u_dcache.u_dcache_axi.writeback_resp_ready_i_NAND3_X2_A3:A2 (NAND3_X2)                                                                                       |        | 0.003       | 0.000      | 0.059      |             | 0.000  | 0.446r         |
| u_core.u_data_mem.gen_dcache.u_dcache.u_dcache_axi.writeback_resp_ready_i_NAND3_X2_A3:ZN (NAND3_X2)                                                                                       |        | 0.007       | 0.000      | 0.022      |             | 0.040  | 0.486f         |
| u_core.u_data_mem.gen_dcache.u_dcache.u_miss_unit.clean_access_fault_q_NOR4_X1_A4_A1 (net)                                                                                                | 5      |             |            |            | 0.000       |        |                |
| u_core.u_data_mem.gen_dcache.u_dcache.u_dcache_axi.refill_state_q_1__reg_p_D_OAI21_X1_ZN_B1_OAI33_X1_A2:B1 (OAI33_X1)                                                                     |        | 0.002       | 0.000      | 0.022      |             | 0.000  | 0.486f         |
| u_core.u_data_mem.gen_dcache.u_dcache.u_dcache_axi.refill_state_q_1__reg_p_D_OAI21_X1_ZN_B1_OAI33_X1_A2:ZN (OAI33_X1)                                                                     |        | 0.003       | 0.000      | 0.075      |             | 0.084  | 0.570r         |
| u_core.u_data_mem.gen_dcache.u_dcache.u_miss_unit.miss_context_q_1__AND4_X1_A2_A1 (net)                                                                                                   | 3      |             |            |            | 0.000       |        |                |
| u_core.u_data_mem.gen_dcache.u_dcache.u_miss_unit.miss_context_q_0__AND2_X1_A1_ZN_NAND3_X1_A2:A1 (NAND3_X1)                                                                               |        | 0.002       | 0.000      | 0.075      |             | 0.000  | 0.570r         |
| u_core.u_data_mem.gen_dcache.u_dcache.u_miss_unit.miss_context_q_0__AND2_X1_A1_ZN_NAND3_X1_A2:ZN (NAND3_X1)                                                                               |        | 0.006       | 0.000      | 0.035      |             | 0.054  | 0.624f         |
| u_core.u_data_mem.gen_dcache.u_dcache.u_miss_unit.miss_context_q_0__AND2_X1_A1_ZN_NAND3_X1_A2_ZN (net)                                                                                    | 5      |             |            |            | 0.000       |        |                |
| u_core.u_data_mem.gen_dcache.u_dcache.u_miss_unit.transaction_access_fault_q_NAND4_X1_A4_ZN_NAND4_X1_A4_ZN_AND4_X1_A3_A1_NAND2_X1_A1:A2 (NAND2_X1)                                        |        | 0.002       | 0.000      | 0.035      |             | 0.000  | 0.624f         |
| u_core.u_data_mem.gen_dcache.u_dcache.u_miss_unit.transaction_access_fault_q_NAND4_X1_A4_ZN_NAND4_X1_A4_ZN_AND4_X1_A3_A1_NAND2_X1_A1:ZN (NAND2_X1)                                        |        | 0.001       | 0.000      | 0.013      |             | 0.025  | 0.649r         |
| u_core.u_data_mem.gen_dcache.u_dcache.u_miss_unit.transaction_access_fault_q_NAND4_X1_A4_ZN_NAND4_X1_A4_ZN_AND4_X1_A3_A1_NAND2_X1_A1_ZN (net)                                             | 1      |             |            |            | 0.000       |        |                |
| u_core.u_data_mem.gen_dcache.u_dcache.u_miss_unit.transaction_access_fault_q_NAND4_X1_A4_ZN_NAND4_X1_A4_ZN_AND4_X1_A3_A1_NAND2_X1_A1_ZN_BUF_X1_A:A (BUF_X1)                               |        | 0.001       | 0.000      | 0.013      |             | 0.000  | 0.649r         |
| u_core.u_data_mem.gen_dcache.u_dcache.u_miss_unit.transaction_access_fault_q_NAND4_X1_A4_ZN_NAND4_X1_A4_ZN_AND4_X1_A3_A1_NAND2_X1_A1_ZN_BUF_X1_A:Z (BUF_X1)                               |        | 0.025       | 0.000      | 0.062      |             | 0.082  | 0.731r         |
| u_core.u_data_mem.gen_dcache.u_dcache.store_write_bypass_data_q_4__reg_p_QN_MUX2_X1_A_Z_OAI211_X1_C1_A (net)                                                                              | 16     |             |            |            | 0.000       |        |                |
| u_core.u_data_mem.gen_dcache.u_dcache.array_read_tag_array_8__AOI22_X1_B2_ZN_NAND2_X1_A2_ZN_NOR4_X1_A4_ZN_AOI22_X1_B1_ZN_OAI21_X1_B1:A (OAI21_X1)                                         |        | 0.002       | 0.000      | 0.062      |             | 0.000  | 0.731r         |
| u_core.u_data_mem.gen_dcache.u_dcache.array_read_tag_array_8__AOI22_X1_B2_ZN_NAND2_X1_A2_ZN_NOR4_X1_A4_ZN_AOI22_X1_B1_ZN_OAI21_X1_B1:ZN (OAI21_X1)                                        |        | 0.001       | 0.000      | 0.015      |             | 0.029  | 0.760f         |
| u_core.u_data_mem.gen_dcache.u_dcache.array_read_tag_array_8__AOI22_X1_B2_ZN_NAND2_X1_A2_ZN_NOR4_X1_A4_ZN_AOI22_X1_B1_ZN_OAI21_X1_B1_ZN (net)                                             | 1      |             |            |            | 0.000       |        |                |
| u_core.u_data_mem.gen_dcache.u_dcache.array_read_tag_array_8__AOI22_X1_B2_ZN_NAND2_X1_A2_ZN_NOR4_X1_A4_ZN_AOI22_X1_B1_ZN_OAI21_X1_B1_ZN_AOI21_X1_B1:B1 (AOI21_X1)                         |        | 0.002       | 0.000      | 0.015      |             | 0.000  | 0.760f         |
| u_core.u_data_mem.gen_dcache.u_dcache.array_read_tag_array_8__AOI22_X1_B2_ZN_NAND2_X1_A2_ZN_NOR4_X1_A4_ZN_AOI22_X1_B1_ZN_OAI21_X1_B1_ZN_AOI21_X1_B1:ZN (AOI21_X1)                         |        | 0.003       | 0.000      | 0.030      |             | 0.035  | 0.795r         |
| u_core.u_data_mem.gen_dcache.u_dcache.array_read_tag_array_8__AOI22_X1_B2_ZN_NAND2_X1_A2_ZN_NOR4_X1_A4_ZN_AOI22_X1_B1_ZN_OAI21_X1_B1_ZN_AOI21_X1_B1_ZN (net)                              | 2      |             |            |            | 0.000       |        |                |
| u_core.u_data_mem.gen_dcache.u_dcache.array_read_tag_array_8__AOI22_X1_B2_ZN_NAND2_X1_A2_ZN_NOR4_X1_A4_ZN_AOI22_X1_B1_ZN_OAI21_X1_B1_ZN_AOI21_X1_B1_ZN_OAI22_X1_A1:A1 (OAI22_X1)          |        | 0.002       | 0.000      | 0.030      |             | 0.000  | 0.795r         |
| u_core.u_data_mem.gen_dcache.u_dcache.array_read_tag_array_8__AOI22_X1_B2_ZN_NAND2_X1_A2_ZN_NOR4_X1_A4_ZN_AOI22_X1_B1_ZN_OAI21_X1_B1_ZN_AOI21_X1_B1_ZN_OAI22_X1_A1:ZN (OAI22_X1)          |        | 0.001       | 0.000      | 0.012      |             | 0.020  | 0.815f         |
| u_core.u_data_mem.gen_dcache.u_dcache.array_read_tag_array_8__AOI22_X1_B2_ZN_NAND2_X1_A2_ZN_NOR4_X1_A4_ZN_AOI22_X1_B1_ZN_OAI21_X1_B1_ZN_AOI21_X1_B1_ZN_OAI22_X1_A1_ZN (net)               | 1      |             |            |            | 0.000       |        |                |
| u_core.u_data_mem.gen_dcache.u_dcache.array_read_tag_array_8__AOI22_X1_B2_ZN_NAND2_X1_A2_ZN_NOR4_X1_A4_ZN_AOI22_X1_B1_ZN_OAI21_X1_B1_ZN_AOI21_X1_B1_ZN_OAI22_X1_A1_ZN_BUF_X1_A:A (BUF_X1) |        | 0.001       | 0.000      | 0.012      |             | 0.000  | 0.815f         |
| u_core.u_data_mem.gen_dcache.u_dcache.array_read_tag_array_8__AOI22_X1_B2_ZN_NAND2_X1_A2_ZN_NOR4_X1_A4_ZN_AOI22_X1_B1_ZN_OAI21_X1_B1_ZN_AOI21_X1_B1_ZN_OAI22_X1_A1_ZN_BUF_X1_A:Z (BUF_X1) |        | 0.013       | 0.000      | 0.018      |             | 0.046  | 0.861f         |
| u_core.completion_result_422__MUX2_X1_Z_S (net)                                                                                                                                           | 10     |             |            |            | 0.000       |        |                |
| u_core.execute_packet_valid_reg_p_QN_AOI21_X1_A_B2_AND3_X2_A1_A2_AOI21_X1_ZN:B1 (AOI21_X1)                                                                                                |        | 0.002       | 0.000      | 0.018      |             | 0.000  | 0.861f         |
| u_core.execute_packet_valid_reg_p_QN_AOI21_X1_A_B2_AND3_X2_A1_A2_AOI21_X1_ZN:ZN (AOI21_X1)                                                                                                |        | 0.002       | 0.000      | 0.023      |             | 0.031  | 0.892r         |
| u_core.execute_packet_valid_reg_p_QN_AOI21_X1_A_B2_AND3_X2_A1_A2 (net)                                                                                                                    | 1      |             |            |            | 0.000       |        |                |
| u_core.execute_packet_valid_reg_p_QN_AOI21_X1_A_B2_AND3_X2_A1:A2 (AND3_X2)                                                                                                                |        | 0.002       | 0.000      | 0.023      |             | 0.000  | 0.892r         |
| u_core.execute_packet_valid_reg_p_QN_AOI21_X1_A_B2_AND3_X2_A1:ZN (AND3_X2)                                                                                                                |        | 0.008       | 0.000      | 0.016      |             | 0.052  | 0.945r         |
| u_core.execute_packet_valid_reg_p_QN_AOI21_X1_A_B2_AND3_X2_A1_ZN (net)                                                                                                                    | 2      |             |            |            | 0.000       |        |                |
| u_core.execute_packet_258__XNOR2_X1_A_ZN_NAND4_X1_A1_ZN_AND3_X1_A3:A2 (AND3_X1)                                                                                                           |        | 0.001       | 0.000      | 0.016      |             | 0.000  | 0.945r         |
| u_core.execute_packet_258__XNOR2_X1_A_ZN_NAND4_X1_A1_ZN_AND3_X1_A3:ZN (AND3_X1)                                                                                                           |        | 0.002       | 0.000      | 0.012      |             | 0.046  | 0.990r         |
| u_core.execute_packet_258__XNOR2_X1_A_ZN_NAND4_X1_A1_ZN_AND3_X1_A3_ZN (net)                                                                                                               | 1      |             |            |            | 0.000       |        |                |
| u_core.execute_packet_0__AOI21_X1_B2_ZN_NAND3_X1_A3:A1 (NAND3_X1)                                                                                                                         |        | 0.002       | 0.000      | 0.012      |             | 0.000  | 0.990r         |
| u_core.execute_packet_0__AOI21_X1_B2_ZN_NAND3_X1_A3:ZN (NAND3_X1)                                                                                                                         |        | 0.023       | 0.000      | 0.065      |             | 0.081  | 1.072f         |
| u_core.commit_266__OAI211_X1_C2_A_OAI21_X1_ZN_B1 (net)                                                                                                                                    | 15     |             |            |            | 0.000       |        |                |
| u_core.u_icache.miss_lookup_resp_2__MUX2_X1_B_Z_XOR2_X1_B_Z_NOR2_X1_A1_ZN_NAND4_X1_A3:A1 (NAND4_X1)                                                                                       |        | 0.002       | 0.000      | 0.065      |             | 0.000  | 1.072f         |
| u_core.u_icache.miss_lookup_resp_2__MUX2_X1_B_Z_XOR2_X1_B_Z_NOR2_X1_A1_ZN_NAND4_X1_A3:ZN (NAND4_X1)                                                                                       |        | 0.013       | 0.000      | 0.044      |             | 0.076  | 1.147r         |
| u_core.csr_read_illegal_AOI21_X1_ZN_B2 (net)                                                                                                                                              | 7      |             |            |            | 0.000       |        |                |
| u_core.u_lsu.pending_lsu_context_q_139__OAI221_X1_A_ZN_AOI211_X2_A:C1 (AOI211_X2)                                                                                                         |        | 0.003       | 0.000      | 0.044      |             | 0.000  | 1.147r         |
| u_core.u_lsu.pending_lsu_context_q_139__OAI221_X1_A_ZN_AOI211_X2_A:ZN (AOI211_X2)                                                                                                         |        | 0.009       | 0.000      | 0.020      |             | 0.032  | 1.180f         |
| u_core.decoded_execute_packet_174__AOI221_X1_B1_C2_NOR4_X1_ZN_A3 (net)                                                                                                                    | 5      |             |            |            | 0.000       |        |                |
| u_core.decoded_execute_packet_174__AOI221_X1_B1_ZN_OAI22_X1_A1_B2_NAND3_X1_ZN:A1 (NAND3_X1)                                                                                               |        | 0.002       | 0.000      | 0.020      |             | 0.000  | 1.180f         |
| u_core.decoded_execute_packet_174__AOI221_X1_B1_ZN_OAI22_X1_A1_B2_NAND3_X1_ZN:ZN (NAND3_X1)                                                                                               |        | 0.004       | 0.000      | 0.021      |             | 0.029  | 1.209r         |
| u_core.decoded_execute_packet_174__AOI221_X1_B1_ZN_OAI22_X1_A1_B2 (net)                                                                                                                   | 3      |             |            |            | 0.000       |        |                |
| u_core.decoded_execute_packet_209__NAND4_X1_A4_A1_AOI211_X1_ZN_B_OR3_X1_ZN_A3_AOI21_X1_ZN:B2 (AOI21_X1)                                                                                   |        | 0.002       | 0.000      | 0.021      |             | 0.000  | 1.209r         |
| u_core.decoded_execute_packet_209__NAND4_X1_A4_A1_AOI211_X1_ZN_B_OR3_X1_ZN_A3_AOI21_X1_ZN:ZN (AOI21_X1)                                                                                   |        | 0.002       | 0.000      | 0.021      |             | 0.021  | 1.230f         |
| u_core.decoded_execute_packet_209__NAND4_X1_A4_A1_AOI211_X1_ZN_B_OR3_X1_ZN_A3 (net)                                                                                                       | 2      |             |            |            | 0.000       |        |                |
| u_core.execute_serializing_instruction_present_NOR2_X1_A1_ZN_OAI211_X1_A_ZN_OAI33_X1_A1:A3 (OAI33_X1)                                                                                     |        | 0.002       | 0.000      | 0.021      |             | 0.000  | 1.230f         |
| u_core.execute_serializing_instruction_present_NOR2_X1_A1_ZN_OAI211_X1_A_ZN_OAI33_X1_A1:ZN (OAI33_X1)                                                                                     |        | 0.005       | 0.000      | 0.083      |             | 0.086  | 1.316r         |
| u_core.u_fetch_buffer.entry_count_d_1__AOI21_X1_ZN_B2_NAND4_X1_ZN_A2 (net)                                                                                                                | 3      |             |            |            | 0.000       |        |                |
| u_core.u_fetch_buffer.read_index_q_reg_p_CK_CLKGATE_X1_GCK_E_OAI221_X1_ZN_C1_NAND2_X1_ZN:A1 (NAND2_X1)                                                                                    |        | 0.002       | 0.000      | 0.083      |             | 0.000  | 1.316r         |
| u_core.u_fetch_buffer.read_index_q_reg_p_CK_CLKGATE_X1_GCK_E_OAI221_X1_ZN_C1_NAND2_X1_ZN:ZN (NAND2_X1)                                                                                    |        | 0.003       | 0.000      | 0.023      |             | 0.026  | 1.343f         |
| u_core.u_fetch_buffer.read_index_q_reg_p_CK_CLKGATE_X1_GCK_E_OAI221_X1_ZN_C1 (net)                                                                                                        | 2      |             |            |            | 0.000       |        |                |
| u_core.u_fetch_buffer.read_index_q_reg_p_CK_CLKGATE_X1_GCK_E_OAI221_X1_ZN_C1_NAND4_X1_A2:A2 (NAND4_X1)                                                                                    |        | 0.002       | 0.000      | 0.023      |             | 0.000  | 1.343f         |
| u_core.u_fetch_buffer.read_index_q_reg_p_CK_CLKGATE_X1_GCK_E_OAI221_X1_ZN_C1_NAND4_X1_A2:ZN (NAND4_X1)                                                                                    |        | 0.005       | 0.000      | 0.022      |             | 0.035  | 1.378r         |
| u_core.icache_refill_resp_ready_OAI211_X1_B_A_OAI21_X1_ZN_A (net)                                                                                                                         | 3      |             |            |            | 0.000       |        |                |
| u_core.u_icache.lookup_s1_ready_INV_X1_ZN_A_AOI21_X1_ZN:B1 (AOI21_X1)                                                                                                                     |        | 0.002       | 0.000      | 0.022      |             | 0.000  | 1.378r         |
| u_core.u_icache.lookup_s1_ready_INV_X1_ZN_A_AOI21_X1_ZN:ZN (AOI21_X1)                                                                                                                     |        | 0.006       | 0.000      | 0.017      |             | 0.028  | 1.405f         |
| u_core.u_icache.lookup_s1_ready_INV_X1_ZN_A (net)                                                                                                                                         | 3      |             |            |            | 0.000       |        |                |
| u_core.u_icache.lookup_s1_ready_INV_X1_ZN_A_OAI21_X2_B1:B1 (OAI21_X2)                                                                                                                     |        | 0.003       | 0.000      | 0.017      |             | 0.000  | 1.405f         |
| u_core.u_icache.lookup_s1_ready_INV_X1_ZN_A_OAI21_X2_B1:ZN (OAI21_X2)                                                                                                                     |        | 0.008       | 0.000      | 0.031      |             | 0.042  | 1.447r         |
| u_core.u_icache.lookup_s1_ready_INV_X1_ZN_A_OAI21_X2_B1_ZN (net)                                                                                                                          | 3      |             |            |            | 0.000       |        |                |
| u_core.u_icache.lookup_s1_ready_INV_X1_ZN_A_OAI21_X2_B1_ZN_NAND4_X2_A1:A1 (NAND4_X2)                                                                                                      |        | 0.003       | 0.000      | 0.031      |             | 0.000  | 1.447r         |
| u_core.u_icache.lookup_s1_ready_INV_X1_ZN_A_OAI21_X2_B1_ZN_NAND4_X2_A1:ZN (NAND4_X2)                                                                                                      |        | 0.012       | 0.000      | 0.038      |             | 0.050  | 1.497f         |
| u_core.u_ifu.predictor_fetch_pc_d_2__OAI221_X1_ZN_B2 (net)                                                                                                                                | 7      |             |            |            | 0.000       |        |                |
| u_core.u_ifu.predictor_fetch_pc_d_2__OAI221_X1_ZN_B2_BUF_X4_A:A (BUF_X4)                                                                                                                  |        | 0.003       | 0.000      | 0.038      |             | 0.000  | 1.497f         |
| u_core.u_ifu.predictor_fetch_pc_d_2__OAI221_X1_ZN_B2_BUF_X4_A:Z (BUF_X4)                                                                                                                  |        | 0.037       | 0.000      | 0.013      |             | 0.050  | 1.547f         |
| u_core.u_ifu.predictor_fetch_pc_d_3__OAI21_X1_ZN_B2 (net)                                                                                                                                 | 24     |             |            |            | 0.000       |        |                |
| u_core.u_ifu.predictor_fetch_pc_q_0__reg_p_CK_CLKGATE_X1_GCK_E_AOI22_X1_ZN_A1_INV_X1_ZN:A (INV_X1)                                                                                        |        | 0.002       | 0.000      | 0.013      |             | 0.000  | 1.547f         |
| u_core.u_ifu.predictor_fetch_pc_q_0__reg_p_CK_CLKGATE_X1_GCK_E_AOI22_X1_ZN_A1_INV_X1_ZN:ZN (INV_X1)                                                                                       |        | 0.003       | 0.000      | 0.010      |             | 0.018  | 1.565r         |
| u_core.u_ifu.predictor_fetch_pc_q_0__reg_p_CK_CLKGATE_X1_GCK_E_AOI22_X1_ZN_A1 (net)                                                                                                       | 2      |             |            |            | 0.000       |        |                |
| u_core.u_ifu.predictor_fetch_pc_q_0__reg_p_CK_CLKGATE_X1_GCK_E_AOI22_X1_ZN:A1 (AOI22_X1)                                                                                                  |        | 0.002       | 0.000      | 0.010      |             | 0.000  | 1.565r         |
| u_core.u_ifu.predictor_fetch_pc_q_0__reg_p_CK_CLKGATE_X1_GCK_E_AOI22_X1_ZN:ZN (AOI22_X1)                                                                                                  |        | 0.001       | 0.000      | 0.021      |             | 0.012  | 1.577f         |
| u_core.u_ifu.predictor_fetch_pc_q_0__reg_p_CK_CLKGATE_X1_GCK_E (net)                                                                                                                      | 1      |             |            |            | 0.000       |        |                |
| u_core.u_ifu.predictor_fetch_pc_q_0__reg_p_CK_CLKGATE_X1_GCK:E (CLKGATE_X1)                                                                                                               |        | 0.001       | 0.000      | 0.021      |             | 0.000  | 1.577f         |
|                                                                                                                                                                                           |        |             |            |            |             |        |                |
| clk_i (port)                                                                                                                                                                              |        | 0.952       | 0.000      | 0.100      |             | 0.000  | 0.000r         |
| clk_i (clock net)                                                                                                                                                                         | 552    |             |            |            | NA          |        |                |
| u_core.u_ifu.predictor_fetch_pc_q_0__reg_p_CK_CLKGATE_X1_GCK:CK (CLKGATE_X1)                                                                                                              |        | 0.002       | 0.000      | 0.000      |             | 0.000  | 0.000r         |
| clock core_clock (rise edge)                                                                                                                                                              |        |             |            |            |             | 1.724  | 1.724          |
| clock network delay (ideal)                                                                                                                                                               |        |             |            |            |             | 0.000  | 1.724          |
| u_core.u_ifu.predictor_fetch_pc_q_0__reg_p_CK_CLKGATE_X1_GCK:CK (CLKGATE_X1)                                                                                                              |        |             |            |            |             |        | 1.724r         |
| library setup time                                                                                                                                                                        |        |             |            |            |             | -0.050 | 1.674          |
| clock reconvergence pessimism                                                                                                                                                             |        |             |            |            |             | 0.000  | 1.674          |
|                                                                                                                                                                                           |        |             |            |            |             |        |                |
| path cell delay                                                                                                                                                                           |        |             |            |            |             |        | 1.232(78.138%) |
| path net delay                                                                                                                                                                            |        |             |            |            |             |        | 0.000(0.000%)  |
|                                                                                                                                                                                           |        |             |            |            |             |        |                |
| data require time                                                                                                                                                                         |        |             |            |            |             |        | 1.674          |
| data arrival time                                                                                                                                                                         |        |             |            |            |             |        | 1.577          |
| slack (MET)                                                                                                                                                                               |        |             |            |            |             |        | 0.096          |
+-------------------------------------------------------------------------------------------------------------------------------------------------------------------------------------------+--------+-------------+------------+------------+-------------+--------+----------------+
+-------------------------------------------------------------------------------------------------------------------------------------------------------------------------------------------+--------+-------------+------------+------------+-------------+--------+----------------+
| Point                                                                                                                                                                                     | Fanout | Capacitance | Resistance | Transition | Delta Delay | Incr   | Path           |
+-------------------------------------------------------------------------------------------------------------------------------------------------------------------------------------------+--------+-------------+------------+------------+-------------+--------+----------------+
| data_axi4_manager_i_41_ (port)                                                                                                                                                            |        | 0.005       | 0.000      | 0.100      |             | 0.000  | 0.000r         |
| clock core_clock (rise edge)                                                                                                                                                              |        |             |            |            |             | 0      | 0              |
| clock network delay (ideal)                                                                                                                                                               |        |             |            |            |             | 0.000  | 0.000          |
| data_axi4_manager_i_41_ (port)                                                                                                                                                            |        | 0.005       | 0.000      | 0.100      |             | 0.345  | 0.345r         |
| data_axi4_manager_i_41_ (net)                                                                                                                                                             | 3      |             |            |            | 0.000       |        |                |
| u_core.u_data_mem.u_uncached_axi.state_q_1__reg_p_QN_NOR4_X1_A3_A4_INV_X1_ZN:A (INV_X1)                                                                                                   |        | 0.002       | 0.000      | 0.100      |             | 0.000  | 0.345r         |
| u_core.u_data_mem.u_uncached_axi.state_q_1__reg_p_QN_NOR4_X1_A3_A4_INV_X1_ZN:ZN (INV_X1)                                                                                                  |        | 0.005       | 0.000      | 0.026      |             | 0.024  | 0.368f         |
| u_core.u_data_mem.u_uncached_axi.state_q_1__reg_p_QN_NOR4_X1_A3_A4 (net)                                                                                                                  | 4      |             |            |            | 0.000       |        |                |
| u_core.u_data_mem.gen_dcache.u_dcache.u_dcache_axi.writeback_state_q_1__reg_p_QN_NOR2_X1_A2_1:A1 (NOR2_X1)                                                                                |        | 0.002       | 0.000      | 0.026      |             | 0.000  | 0.368f         |
| u_core.u_data_mem.gen_dcache.u_dcache.u_dcache_axi.writeback_state_q_1__reg_p_QN_NOR2_X1_A2_1:ZN (NOR2_X1)                                                                                |        | 0.011       | 0.000      | 0.059      |             | 0.078  | 0.446r         |
| u_core.u_data_mem.gen_dcache.u_dcache.u_dcache_axi.writeback_state_q_1__reg_p_QN_NOR2_X1_A2_1_ZN (net)                                                                                    | 6      |             |            |            | 0.000       |        |                |
| u_core.u_data_mem.gen_dcache.u_dcache.u_dcache_axi.writeback_resp_ready_i_NAND3_X2_A3:A2 (NAND3_X2)                                                                                       |        | 0.003       | 0.000      | 0.059      |             | 0.000  | 0.446r         |
| u_core.u_data_mem.gen_dcache.u_dcache.u_dcache_axi.writeback_resp_ready_i_NAND3_X2_A3:ZN (NAND3_X2)                                                                                       |        | 0.007       | 0.000      | 0.022      |             | 0.040  | 0.486f         |
| u_core.u_data_mem.gen_dcache.u_dcache.u_miss_unit.clean_access_fault_q_NOR4_X1_A4_A1 (net)                                                                                                | 5      |             |            |            | 0.000       |        |                |
| u_core.u_data_mem.gen_dcache.u_dcache.u_dcache_axi.refill_state_q_1__reg_p_D_OAI21_X1_ZN_B1_OAI33_X1_A2:B1 (OAI33_X1)                                                                     |        | 0.002       | 0.000      | 0.022      |             | 0.000  | 0.486f         |
| u_core.u_data_mem.gen_dcache.u_dcache.u_dcache_axi.refill_state_q_1__reg_p_D_OAI21_X1_ZN_B1_OAI33_X1_A2:ZN (OAI33_X1)                                                                     |        | 0.003       | 0.000      | 0.075      |             | 0.084  | 0.570r         |
| u_core.u_data_mem.gen_dcache.u_dcache.u_miss_unit.miss_context_q_1__AND4_X1_A2_A1 (net)                                                                                                   | 3      |             |            |            | 0.000       |        |                |
| u_core.u_data_mem.gen_dcache.u_dcache.u_miss_unit.miss_context_q_0__AND2_X1_A1_ZN_NAND3_X1_A2:A1 (NAND3_X1)                                                                               |        | 0.002       | 0.000      | 0.075      |             | 0.000  | 0.570r         |
| u_core.u_data_mem.gen_dcache.u_dcache.u_miss_unit.miss_context_q_0__AND2_X1_A1_ZN_NAND3_X1_A2:ZN (NAND3_X1)                                                                               |        | 0.006       | 0.000      | 0.035      |             | 0.054  | 0.624f         |
| u_core.u_data_mem.gen_dcache.u_dcache.u_miss_unit.miss_context_q_0__AND2_X1_A1_ZN_NAND3_X1_A2_ZN (net)                                                                                    | 5      |             |            |            | 0.000       |        |                |
| u_core.u_data_mem.gen_dcache.u_dcache.u_miss_unit.transaction_access_fault_q_NAND4_X1_A4_ZN_NAND4_X1_A4_ZN_AND4_X1_A3_A1_NAND2_X1_A1:A2 (NAND2_X1)                                        |        | 0.002       | 0.000      | 0.035      |             | 0.000  | 0.624f         |
| u_core.u_data_mem.gen_dcache.u_dcache.u_miss_unit.transaction_access_fault_q_NAND4_X1_A4_ZN_NAND4_X1_A4_ZN_AND4_X1_A3_A1_NAND2_X1_A1:ZN (NAND2_X1)                                        |        | 0.001       | 0.000      | 0.013      |             | 0.025  | 0.649r         |
| u_core.u_data_mem.gen_dcache.u_dcache.u_miss_unit.transaction_access_fault_q_NAND4_X1_A4_ZN_NAND4_X1_A4_ZN_AND4_X1_A3_A1_NAND2_X1_A1_ZN (net)                                             | 1      |             |            |            | 0.000       |        |                |
| u_core.u_data_mem.gen_dcache.u_dcache.u_miss_unit.transaction_access_fault_q_NAND4_X1_A4_ZN_NAND4_X1_A4_ZN_AND4_X1_A3_A1_NAND2_X1_A1_ZN_BUF_X1_A:A (BUF_X1)                               |        | 0.001       | 0.000      | 0.013      |             | 0.000  | 0.649r         |
| u_core.u_data_mem.gen_dcache.u_dcache.u_miss_unit.transaction_access_fault_q_NAND4_X1_A4_ZN_NAND4_X1_A4_ZN_AND4_X1_A3_A1_NAND2_X1_A1_ZN_BUF_X1_A:Z (BUF_X1)                               |        | 0.025       | 0.000      | 0.062      |             | 0.082  | 0.731r         |
| u_core.u_data_mem.gen_dcache.u_dcache.store_write_bypass_data_q_4__reg_p_QN_MUX2_X1_A_Z_OAI211_X1_C1_A (net)                                                                              | 16     |             |            |            | 0.000       |        |                |
| u_core.u_data_mem.gen_dcache.u_dcache.array_read_tag_array_8__AOI22_X1_B2_ZN_NAND2_X1_A2_ZN_NOR4_X1_A4_ZN_AOI22_X1_B1_ZN_OAI21_X1_B1:A (OAI21_X1)                                         |        | 0.002       | 0.000      | 0.062      |             | 0.000  | 0.731r         |
| u_core.u_data_mem.gen_dcache.u_dcache.array_read_tag_array_8__AOI22_X1_B2_ZN_NAND2_X1_A2_ZN_NOR4_X1_A4_ZN_AOI22_X1_B1_ZN_OAI21_X1_B1:ZN (OAI21_X1)                                        |        | 0.001       | 0.000      | 0.015      |             | 0.029  | 0.760f         |
| u_core.u_data_mem.gen_dcache.u_dcache.array_read_tag_array_8__AOI22_X1_B2_ZN_NAND2_X1_A2_ZN_NOR4_X1_A4_ZN_AOI22_X1_B1_ZN_OAI21_X1_B1_ZN (net)                                             | 1      |             |            |            | 0.000       |        |                |
| u_core.u_data_mem.gen_dcache.u_dcache.array_read_tag_array_8__AOI22_X1_B2_ZN_NAND2_X1_A2_ZN_NOR4_X1_A4_ZN_AOI22_X1_B1_ZN_OAI21_X1_B1_ZN_AOI21_X1_B1:B1 (AOI21_X1)                         |        | 0.002       | 0.000      | 0.015      |             | 0.000  | 0.760f         |
| u_core.u_data_mem.gen_dcache.u_dcache.array_read_tag_array_8__AOI22_X1_B2_ZN_NAND2_X1_A2_ZN_NOR4_X1_A4_ZN_AOI22_X1_B1_ZN_OAI21_X1_B1_ZN_AOI21_X1_B1:ZN (AOI21_X1)                         |        | 0.003       | 0.000      | 0.030      |             | 0.035  | 0.795r         |
| u_core.u_data_mem.gen_dcache.u_dcache.array_read_tag_array_8__AOI22_X1_B2_ZN_NAND2_X1_A2_ZN_NOR4_X1_A4_ZN_AOI22_X1_B1_ZN_OAI21_X1_B1_ZN_AOI21_X1_B1_ZN (net)                              | 2      |             |            |            | 0.000       |        |                |
| u_core.u_data_mem.gen_dcache.u_dcache.array_read_tag_array_8__AOI22_X1_B2_ZN_NAND2_X1_A2_ZN_NOR4_X1_A4_ZN_AOI22_X1_B1_ZN_OAI21_X1_B1_ZN_AOI21_X1_B1_ZN_OAI22_X1_A1:A1 (OAI22_X1)          |        | 0.002       | 0.000      | 0.030      |             | 0.000  | 0.795r         |
| u_core.u_data_mem.gen_dcache.u_dcache.array_read_tag_array_8__AOI22_X1_B2_ZN_NAND2_X1_A2_ZN_NOR4_X1_A4_ZN_AOI22_X1_B1_ZN_OAI21_X1_B1_ZN_AOI21_X1_B1_ZN_OAI22_X1_A1:ZN (OAI22_X1)          |        | 0.001       | 0.000      | 0.012      |             | 0.020  | 0.815f         |
| u_core.u_data_mem.gen_dcache.u_dcache.array_read_tag_array_8__AOI22_X1_B2_ZN_NAND2_X1_A2_ZN_NOR4_X1_A4_ZN_AOI22_X1_B1_ZN_OAI21_X1_B1_ZN_AOI21_X1_B1_ZN_OAI22_X1_A1_ZN (net)               | 1      |             |            |            | 0.000       |        |                |
| u_core.u_data_mem.gen_dcache.u_dcache.array_read_tag_array_8__AOI22_X1_B2_ZN_NAND2_X1_A2_ZN_NOR4_X1_A4_ZN_AOI22_X1_B1_ZN_OAI21_X1_B1_ZN_AOI21_X1_B1_ZN_OAI22_X1_A1_ZN_BUF_X1_A:A (BUF_X1) |        | 0.001       | 0.000      | 0.012      |             | 0.000  | 0.815f         |
| u_core.u_data_mem.gen_dcache.u_dcache.array_read_tag_array_8__AOI22_X1_B2_ZN_NAND2_X1_A2_ZN_NOR4_X1_A4_ZN_AOI22_X1_B1_ZN_OAI21_X1_B1_ZN_AOI21_X1_B1_ZN_OAI22_X1_A1_ZN_BUF_X1_A:Z (BUF_X1) |        | 0.013       | 0.000      | 0.018      |             | 0.046  | 0.861f         |
| u_core.completion_result_422__MUX2_X1_Z_S (net)                                                                                                                                           | 10     |             |            |            | 0.000       |        |                |
| u_core.execute_packet_valid_reg_p_QN_AOI21_X1_A_B2_AND3_X2_A1_A2_AOI21_X1_ZN:B1 (AOI21_X1)                                                                                                |        | 0.002       | 0.000      | 0.018      |             | 0.000  | 0.861f         |
| u_core.execute_packet_valid_reg_p_QN_AOI21_X1_A_B2_AND3_X2_A1_A2_AOI21_X1_ZN:ZN (AOI21_X1)                                                                                                |        | 0.002       | 0.000      | 0.023      |             | 0.031  | 0.892r         |
| u_core.execute_packet_valid_reg_p_QN_AOI21_X1_A_B2_AND3_X2_A1_A2 (net)                                                                                                                    | 1      |             |            |            | 0.000       |        |                |
| u_core.execute_packet_valid_reg_p_QN_AOI21_X1_A_B2_AND3_X2_A1:A2 (AND3_X2)                                                                                                                |        | 0.002       | 0.000      | 0.023      |             | 0.000  | 0.892r         |
| u_core.execute_packet_valid_reg_p_QN_AOI21_X1_A_B2_AND3_X2_A1:ZN (AND3_X2)                                                                                                                |        | 0.008       | 0.000      | 0.016      |             | 0.052  | 0.945r         |
| u_core.execute_packet_valid_reg_p_QN_AOI21_X1_A_B2_AND3_X2_A1_ZN (net)                                                                                                                    | 2      |             |            |            | 0.000       |        |                |
| u_core.execute_packet_258__XNOR2_X1_A_ZN_NAND4_X1_A1_ZN_AND3_X1_A3:A2 (AND3_X1)                                                                                                           |        | 0.001       | 0.000      | 0.016      |             | 0.000  | 0.945r         |
| u_core.execute_packet_258__XNOR2_X1_A_ZN_NAND4_X1_A1_ZN_AND3_X1_A3:ZN (AND3_X1)                                                                                                           |        | 0.002       | 0.000      | 0.012      |             | 0.046  | 0.990r         |
| u_core.execute_packet_258__XNOR2_X1_A_ZN_NAND4_X1_A1_ZN_AND3_X1_A3_ZN (net)                                                                                                               | 1      |             |            |            | 0.000       |        |                |
| u_core.execute_packet_0__AOI21_X1_B2_ZN_NAND3_X1_A3:A1 (NAND3_X1)                                                                                                                         |        | 0.002       | 0.000      | 0.012      |             | 0.000  | 0.990r         |
| u_core.execute_packet_0__AOI21_X1_B2_ZN_NAND3_X1_A3:ZN (NAND3_X1)                                                                                                                         |        | 0.023       | 0.000      | 0.065      |             | 0.081  | 1.072f         |
| u_core.commit_266__OAI211_X1_C2_A_OAI21_X1_ZN_B1 (net)                                                                                                                                    | 15     |             |            |            | 0.000       |        |                |
| u_core.u_icache.miss_lookup_resp_2__MUX2_X1_B_Z_XOR2_X1_B_Z_NOR2_X1_A1_ZN_NAND4_X1_A3:A1 (NAND4_X1)                                                                                       |        | 0.002       | 0.000      | 0.065      |             | 0.000  | 1.072f         |
| u_core.u_icache.miss_lookup_resp_2__MUX2_X1_B_Z_XOR2_X1_B_Z_NOR2_X1_A1_ZN_NAND4_X1_A3:ZN (NAND4_X1)                                                                                       |        | 0.013       | 0.000      | 0.044      |             | 0.076  | 1.147r         |
| u_core.csr_read_illegal_AOI21_X1_ZN_B2 (net)                                                                                                                                              | 7      |             |            |            | 0.000       |        |                |
| u_core.u_lsu.pending_lsu_context_q_139__OAI221_X1_A_ZN_AOI211_X2_A:C1 (AOI211_X2)                                                                                                         |        | 0.003       | 0.000      | 0.044      |             | 0.000  | 1.147r         |
| u_core.u_lsu.pending_lsu_context_q_139__OAI221_X1_A_ZN_AOI211_X2_A:ZN (AOI211_X2)                                                                                                         |        | 0.009       | 0.000      | 0.020      |             | 0.032  | 1.180f         |
| u_core.decoded_execute_packet_174__AOI221_X1_B1_C2_NOR4_X1_ZN_A3 (net)                                                                                                                    | 5      |             |            |            | 0.000       |        |                |
| u_core.decoded_execute_packet_174__AOI221_X1_B1_ZN_OAI22_X1_A1_B2_NAND3_X1_ZN:A1 (NAND3_X1)                                                                                               |        | 0.002       | 0.000      | 0.020      |             | 0.000  | 1.180f         |
| u_core.decoded_execute_packet_174__AOI221_X1_B1_ZN_OAI22_X1_A1_B2_NAND3_X1_ZN:ZN (NAND3_X1)                                                                                               |        | 0.004       | 0.000      | 0.021      |             | 0.029  | 1.209r         |
| u_core.decoded_execute_packet_174__AOI221_X1_B1_ZN_OAI22_X1_A1_B2 (net)                                                                                                                   | 3      |             |            |            | 0.000       |        |                |
| u_core.decoded_execute_packet_209__NAND4_X1_A4_A1_AOI211_X1_ZN_B_OR3_X1_ZN_A3_AOI21_X1_ZN:B2 (AOI21_X1)                                                                                   |        | 0.002       | 0.000      | 0.021      |             | 0.000  | 1.209r         |
| u_core.decoded_execute_packet_209__NAND4_X1_A4_A1_AOI211_X1_ZN_B_OR3_X1_ZN_A3_AOI21_X1_ZN:ZN (AOI21_X1)                                                                                   |        | 0.002       | 0.000      | 0.021      |             | 0.021  | 1.230f         |
| u_core.decoded_execute_packet_209__NAND4_X1_A4_A1_AOI211_X1_ZN_B_OR3_X1_ZN_A3 (net)                                                                                                       | 2      |             |            |            | 0.000       |        |                |
| u_core.execute_serializing_instruction_present_NOR2_X1_A1_ZN_OAI211_X1_A_ZN_OAI33_X1_A1:A3 (OAI33_X1)                                                                                     |        | 0.002       | 0.000      | 0.021      |             | 0.000  | 1.230f         |
| u_core.execute_serializing_instruction_present_NOR2_X1_A1_ZN_OAI211_X1_A_ZN_OAI33_X1_A1:ZN (OAI33_X1)                                                                                     |        | 0.005       | 0.000      | 0.083      |             | 0.086  | 1.316r         |
| u_core.u_fetch_buffer.entry_count_d_1__AOI21_X1_ZN_B2_NAND4_X1_ZN_A2 (net)                                                                                                                | 3      |             |            |            | 0.000       |        |                |
| u_core.u_fetch_buffer.read_index_q_reg_p_CK_CLKGATE_X1_GCK_E_OAI221_X1_ZN_C1_NAND2_X1_ZN:A1 (NAND2_X1)                                                                                    |        | 0.002       | 0.000      | 0.083      |             | 0.000  | 1.316r         |
| u_core.u_fetch_buffer.read_index_q_reg_p_CK_CLKGATE_X1_GCK_E_OAI221_X1_ZN_C1_NAND2_X1_ZN:ZN (NAND2_X1)                                                                                    |        | 0.003       | 0.000      | 0.023      |             | 0.026  | 1.343f         |
| u_core.u_fetch_buffer.read_index_q_reg_p_CK_CLKGATE_X1_GCK_E_OAI221_X1_ZN_C1 (net)                                                                                                        | 2      |             |            |            | 0.000       |        |                |
| u_core.u_fetch_buffer.read_index_q_reg_p_CK_CLKGATE_X1_GCK_E_OAI221_X1_ZN_C1_NAND4_X1_A2:A2 (NAND4_X1)                                                                                    |        | 0.002       | 0.000      | 0.023      |             | 0.000  | 1.343f         |
| u_core.u_fetch_buffer.read_index_q_reg_p_CK_CLKGATE_X1_GCK_E_OAI221_X1_ZN_C1_NAND4_X1_A2:ZN (NAND4_X1)                                                                                    |        | 0.005       | 0.000      | 0.022      |             | 0.035  | 1.378r         |
| u_core.icache_refill_resp_ready_OAI211_X1_B_A_OAI21_X1_ZN_A (net)                                                                                                                         | 3      |             |            |            | 0.000       |        |                |
| u_core.u_icache.lookup_s1_ready_INV_X1_ZN_A_AOI21_X1_ZN:B1 (AOI21_X1)                                                                                                                     |        | 0.002       | 0.000      | 0.022      |             | 0.000  | 1.378r         |
| u_core.u_icache.lookup_s1_ready_INV_X1_ZN_A_AOI21_X1_ZN:ZN (AOI21_X1)                                                                                                                     |        | 0.006       | 0.000      | 0.017      |             | 0.028  | 1.405f         |
| u_core.u_icache.lookup_s1_ready_INV_X1_ZN_A (net)                                                                                                                                         | 3      |             |            |            | 0.000       |        |                |
| u_core.u_icache.lookup_s1_ready_INV_X1_ZN_A_OAI21_X2_B1:B1 (OAI21_X2)                                                                                                                     |        | 0.003       | 0.000      | 0.017      |             | 0.000  | 1.405f         |
| u_core.u_icache.lookup_s1_ready_INV_X1_ZN_A_OAI21_X2_B1:ZN (OAI21_X2)                                                                                                                     |        | 0.008       | 0.000      | 0.031      |             | 0.042  | 1.447r         |
| u_core.u_icache.lookup_s1_ready_INV_X1_ZN_A_OAI21_X2_B1_ZN (net)                                                                                                                          | 3      |             |            |            | 0.000       |        |                |
| u_core.u_icache.lookup_s1_ready_INV_X1_ZN_A_OAI21_X2_B1_ZN_NAND4_X2_A1:A1 (NAND4_X2)                                                                                                      |        | 0.003       | 0.000      | 0.031      |             | 0.000  | 1.447r         |
| u_core.u_icache.lookup_s1_ready_INV_X1_ZN_A_OAI21_X2_B1_ZN_NAND4_X2_A1:ZN (NAND4_X2)                                                                                                      |        | 0.012       | 0.000      | 0.038      |             | 0.050  | 1.497f         |
| u_core.u_ifu.predictor_fetch_pc_d_2__OAI221_X1_ZN_B2 (net)                                                                                                                                | 7      |             |            |            | 0.000       |        |                |
| u_core.u_ifu.predictor_fetch_pc_d_2__OAI221_X1_ZN_B2_BUF_X4_A:A (BUF_X4)                                                                                                                  |        | 0.003       | 0.000      | 0.038      |             | 0.000  | 1.497f         |
| u_core.u_ifu.predictor_fetch_pc_d_2__OAI221_X1_ZN_B2_BUF_X4_A:Z (BUF_X4)                                                                                                                  |        | 0.037       | 0.000      | 0.013      |             | 0.050  | 1.547f         |
| u_core.u_ifu.predictor_fetch_pc_d_3__OAI21_X1_ZN_B2 (net)                                                                                                                                 | 24     |             |            |            | 0.000       |        |                |
| u_core.u_ifu.predictor_fetch_pc_q_0__reg_p_CK_CLKGATE_X1_GCK_E_AOI22_X1_ZN_A1_INV_X1_ZN:A (INV_X1)                                                                                        |        | 0.002       | 0.000      | 0.013      |             | 0.000  | 1.547f         |
| u_core.u_ifu.predictor_fetch_pc_q_0__reg_p_CK_CLKGATE_X1_GCK_E_AOI22_X1_ZN_A1_INV_X1_ZN:ZN (INV_X1)                                                                                       |        | 0.003       | 0.000      | 0.010      |             | 0.018  | 1.565r         |
| u_core.u_ifu.predictor_fetch_pc_q_0__reg_p_CK_CLKGATE_X1_GCK_E_AOI22_X1_ZN_A1 (net)                                                                                                       | 2      |             |            |            | 0.000       |        |                |
| u_core.u_ifu.predictor_fetch_pc_q_0__reg_p_CK_CLKGATE_X1_GCK_E_AOI22_X1_ZN_A1_CLKGATE_X1_E:E (CLKGATE_X1)                                                                                 |        | 0.001       | 0.000      | 0.010      |             | 0.000  | 1.565r         |
|                                                                                                                                                                                           |        |             |            |            |             |        |                |
| clk_i (port)                                                                                                                                                                              |        | 0.952       | 0.000      | 0.100      |             | 0.000  | 0.000r         |
| clk_i (clock net)                                                                                                                                                                         | 552    |             |            |            | NA          |        |                |
| u_core.u_ifu.predictor_fetch_pc_q_0__reg_p_CK_CLKGATE_X1_GCK_E_AOI22_X1_ZN_A1_CLKGATE_X1_E:CK (CLKGATE_X1)                                                                                |        | 0.002       | 0.000      | 0.000      |             | 0.000  | 0.000r         |
| clock core_clock (rise edge)                                                                                                                                                              |        |             |            |            |             | 1.724  | 1.724          |
| clock network delay (ideal)                                                                                                                                                               |        |             |            |            |             | 0.000  | 1.724          |
| u_core.u_ifu.predictor_fetch_pc_q_0__reg_p_CK_CLKGATE_X1_GCK_E_AOI22_X1_ZN_A1_CLKGATE_X1_E:CK (CLKGATE_X1)                                                                                |        |             |            |            |             |        | 1.724r         |
| library setup time                                                                                                                                                                        |        |             |            |            |             | -0.050 | 1.674          |
| clock reconvergence pessimism                                                                                                                                                             |        |             |            |            |             | 0.000  | 1.674          |
|                                                                                                                                                                                           |        |             |            |            |             |        |                |
| path cell delay                                                                                                                                                                           |        |             |            |            |             |        | 1.220(77.968%) |
| path net delay                                                                                                                                                                            |        |             |            |            |             |        | 0.000(0.000%)  |
|                                                                                                                                                                                           |        |             |            |            |             |        |                |
| data require time                                                                                                                                                                         |        |             |            |            |             |        | 1.674          |
| data arrival time                                                                                                                                                                         |        |             |            |            |             |        | 1.565          |
| slack (MET)                                                                                                                                                                               |        |             |            |            |             |        | 0.109          |
+-------------------------------------------------------------------------------------------------------------------------------------------------------------------------------------------+--------+-------------+------------+------------+-------------+--------+----------------+
+---------------------------------------------------------------------------------------------------------------------------------------------------------------------------------------------------------------------------+--------+-------------+------------+------------+-------------+--------+----------------+
| Point                                                                                                                                                                                                                     | Fanout | Capacitance | Resistance | Transition | Delta Delay | Incr   | Path           |
+---------------------------------------------------------------------------------------------------------------------------------------------------------------------------------------------------------------------------+--------+-------------+------------+------------+-------------+--------+----------------+
| data_axi4_manager_i_41_ (port)                                                                                                                                                                                            |        | 0.005       | 0.000      | 0.100      |             | 0.000  | 0.000r         |
| clock core_clock (rise edge)                                                                                                                                                                                              |        |             |            |            |             | 0      | 0              |
| clock network delay (ideal)                                                                                                                                                                                               |        |             |            |            |             | 0.000  | 0.000          |
| data_axi4_manager_i_41_ (port)                                                                                                                                                                                            |        | 0.005       | 0.000      | 0.100      |             | 0.345  | 0.345r         |
| data_axi4_manager_i_41_ (net)                                                                                                                                                                                             | 3      |             |            |            | 0.000       |        |                |
| u_core.u_data_mem.u_uncached_axi.state_q_1__reg_p_QN_NOR4_X1_A3_A4_INV_X1_ZN:A (INV_X1)                                                                                                                                   |        | 0.002       | 0.000      | 0.100      |             | 0.000  | 0.345r         |
| u_core.u_data_mem.u_uncached_axi.state_q_1__reg_p_QN_NOR4_X1_A3_A4_INV_X1_ZN:ZN (INV_X1)                                                                                                                                  |        | 0.005       | 0.000      | 0.026      |             | 0.024  | 0.368f         |
| u_core.u_data_mem.u_uncached_axi.state_q_1__reg_p_QN_NOR4_X1_A3_A4 (net)                                                                                                                                                  | 4      |             |            |            | 0.000       |        |                |
| u_core.u_data_mem.gen_dcache.u_dcache.u_dcache_axi.writeback_state_q_1__reg_p_QN_NOR2_X1_A2_1:A1 (NOR2_X1)                                                                                                                |        | 0.002       | 0.000      | 0.026      |             | 0.000  | 0.368f         |
| u_core.u_data_mem.gen_dcache.u_dcache.u_dcache_axi.writeback_state_q_1__reg_p_QN_NOR2_X1_A2_1:ZN (NOR2_X1)                                                                                                                |        | 0.011       | 0.000      | 0.059      |             | 0.078  | 0.446r         |
| u_core.u_data_mem.gen_dcache.u_dcache.u_dcache_axi.writeback_state_q_1__reg_p_QN_NOR2_X1_A2_1_ZN (net)                                                                                                                    | 6      |             |            |            | 0.000       |        |                |
| u_core.u_data_mem.gen_dcache.u_dcache.u_dcache_axi.writeback_resp_ready_i_NAND3_X2_A3:A2 (NAND3_X2)                                                                                                                       |        | 0.003       | 0.000      | 0.059      |             | 0.000  | 0.446r         |
| u_core.u_data_mem.gen_dcache.u_dcache.u_dcache_axi.writeback_resp_ready_i_NAND3_X2_A3:ZN (NAND3_X2)                                                                                                                       |        | 0.007       | 0.000      | 0.022      |             | 0.040  | 0.486f         |
| u_core.u_data_mem.gen_dcache.u_dcache.u_miss_unit.clean_access_fault_q_NOR4_X1_A4_A1 (net)                                                                                                                                | 5      |             |            |            | 0.000       |        |                |
| u_core.u_data_mem.gen_dcache.u_dcache.u_dcache_axi.refill_state_q_1__reg_p_D_OAI21_X1_ZN_B1_OAI33_X1_A2:B1 (OAI33_X1)                                                                                                     |        | 0.002       | 0.000      | 0.022      |             | 0.000  | 0.486f         |
| u_core.u_data_mem.gen_dcache.u_dcache.u_dcache_axi.refill_state_q_1__reg_p_D_OAI21_X1_ZN_B1_OAI33_X1_A2:ZN (OAI33_X1)                                                                                                     |        | 0.003       | 0.000      | 0.075      |             | 0.084  | 0.570r         |
| u_core.u_data_mem.gen_dcache.u_dcache.u_miss_unit.miss_context_q_1__AND4_X1_A2_A1 (net)                                                                                                                                   | 3      |             |            |            | 0.000       |        |                |
| u_core.u_data_mem.gen_dcache.u_dcache.u_miss_unit.miss_context_q_0__AND2_X1_A1_ZN_NAND3_X1_A2:A1 (NAND3_X1)                                                                                                               |        | 0.002       | 0.000      | 0.075      |             | 0.000  | 0.570r         |
| u_core.u_data_mem.gen_dcache.u_dcache.u_miss_unit.miss_context_q_0__AND2_X1_A1_ZN_NAND3_X1_A2:ZN (NAND3_X1)                                                                                                               |        | 0.006       | 0.000      | 0.035      |             | 0.054  | 0.624f         |
| u_core.u_data_mem.gen_dcache.u_dcache.u_miss_unit.miss_context_q_0__AND2_X1_A1_ZN_NAND3_X1_A2_ZN (net)                                                                                                                    | 5      |             |            |            | 0.000       |        |                |
| u_core.u_data_mem.gen_dcache.u_dcache.u_miss_unit.transaction_access_fault_q_NAND4_X1_A4_ZN_NAND4_X1_A4_ZN_AND4_X1_A3_A1_AND2_X1_A1:A2 (AND2_X1)                                                                          |        | 0.001       | 0.000      | 0.035      |             | 0.000  | 0.624f         |
| u_core.u_data_mem.gen_dcache.u_dcache.u_miss_unit.transaction_access_fault_q_NAND4_X1_A4_ZN_NAND4_X1_A4_ZN_AND4_X1_A3_A1_AND2_X1_A1:ZN (AND2_X1)                                                                          |        | 0.003       | 0.000      | 0.009      |             | 0.048  | 0.672f         |
| u_core.u_data_mem.gen_dcache.u_dcache.u_miss_unit.transaction_access_fault_q_NAND4_X1_A4_ZN_NAND4_X1_A4_ZN_AND4_X1_A3_A1_AND2_X1_A1_ZN (net)                                                                              | 1      |             |            |            | 0.000       |        |                |
| u_core.u_data_mem.gen_dcache.u_dcache.u_miss_unit.transaction_access_fault_q_NAND4_X1_A4_ZN_NAND4_X1_A4_ZN_AND4_X1_A3_A1_AND2_X1_A1_ZN_BUF_X4_A:A (BUF_X4)                                                                |        | 0.003       | 0.000      | 0.009      |             | 0.000  | 0.672f         |
| u_core.u_data_mem.gen_dcache.u_dcache.u_miss_unit.transaction_access_fault_q_NAND4_X1_A4_ZN_NAND4_X1_A4_ZN_AND4_X1_A3_A1_AND2_X1_A1_ZN_BUF_X4_A:Z (BUF_X4)                                                                |        | 0.022       | 0.000      | 0.009      |             | 0.031  | 0.703f         |
| u_core.u_data_mem.gen_dcache.u_dcache.u_miss_unit.requested_word_data_q_0__reg_p_QN_OAI211_X1_C1_B (net)                                                                                                                  | 15     |             |            |            | 0.000       |        |                |
| u_core.execute_packet_valid_NOR4_X1_A3_A1_AOI221_X1_B2_ZN_NAND4_X1_A2_A4_OAI21_X1_ZN_A_OAI211_X1_ZN_C1_AOI21_X1_ZN_B2_OAI21_X1_ZN_B2_AND4_X1_ZN_A3_NAND4_X1_A3_ZN_AOI21_X1_B2_ZN_OAI21_X2_B2:B1 (OAI21_X2)                |        | 0.003       | 0.000      | 0.009      |             | 0.000  | 0.703f         |
| u_core.execute_packet_valid_NOR4_X1_A3_A1_AOI221_X1_B2_ZN_NAND4_X1_A2_A4_OAI21_X1_ZN_A_OAI211_X1_ZN_C1_AOI21_X1_ZN_B2_OAI21_X1_ZN_B2_AND4_X1_ZN_A3_NAND4_X1_A3_ZN_AOI21_X1_B2_ZN_OAI21_X2_B2:ZN (OAI21_X2)                |        | 0.008       | 0.000      | 0.029      |             | 0.039  | 0.741r         |
| u_core.execute_packet_valid_NOR4_X1_A3_A1_AOI221_X1_B2_ZN_NAND4_X1_A2_A4_OAI21_X1_ZN_A_OAI211_X1_ZN_C1_AOI21_X1_ZN_B2_OAI21_X1_ZN_B2_AND4_X1_ZN_A3_NAND4_X1_A3_ZN_AOI21_X1_B2_ZN_OAI21_X2_B2_ZN (net)                     | 2      |             |            |            | 0.000       |        |                |
| u_core.execute_packet_valid_NOR4_X1_A3_A1_AOI221_X1_B2_ZN_NAND4_X1_A2_A4_OAI21_X1_ZN_A_OAI211_X1_ZN_C1_AOI21_X1_ZN_B2_OAI21_X1_ZN_B2_AND4_X1_ZN_A3_NAND4_X1_A3_ZN_AOI21_X1_B2_ZN_OAI21_X2_B2_ZN_NAND2_X4_A2:A2 (NAND2_X4) |        | 0.006       | 0.000      | 0.029      |             | 0.000  | 0.741r         |
| u_core.execute_packet_valid_NOR4_X1_A3_A1_AOI221_X1_B2_ZN_NAND4_X1_A2_A4_OAI21_X1_ZN_A_OAI211_X1_ZN_C1_AOI21_X1_ZN_B2_OAI21_X1_ZN_B2_AND4_X1_ZN_A3_NAND4_X1_A3_ZN_AOI21_X1_B2_ZN_OAI21_X2_B2_ZN_NAND2_X4_A2:ZN (NAND2_X4) |        | 0.024       | 0.000      | 0.015      |             | 0.028  | 0.770f         |
| u_core.data_memory_resp_ready_AOI22_X2_A2_A1 (net)                                                                                                                                                                        | 16     |             |            |            | 0.000       |        |                |
| u_core.data_memory_resp_ready_AOI22_X2_A2:A1 (AOI22_X2)                                                                                                                                                                   |        | 0.003       | 0.000      | 0.015      |             | 0.000  | 0.770f         |
| u_core.data_memory_resp_ready_AOI22_X2_A2:ZN (AOI22_X2)                                                                                                                                                                   |        | 0.003       | 0.000      | 0.019      |             | 0.025  | 0.795r         |
| u_core.data_memory_resp_ready_AOI22_X2_A2_ZN (net)                                                                                                                                                                        | 1      |             |            |            | 0.000       |        |                |
| u_core.data_memory_resp_ready_AOI22_X2_A2_ZN_BUF_X4_A:A (BUF_X4)                                                                                                                                                          |        | 0.003       | 0.000      | 0.019      |             | 0.000  | 0.795r         |
| u_core.data_memory_resp_ready_AOI22_X2_A2_ZN_BUF_X4_A:Z (BUF_X4)                                                                                                                                                          |        | 0.030       | 0.000      | 0.021      |             | 0.039  | 0.834r         |
| u_core.completion_result_172__OAI21_X1_ZN_B2 (net)                                                                                                                                                                        | 20     |             |            |            | 0.000       |        |                |
| u_core.execute_packet_valid_reg_p_QN_AOI21_X1_A_B2_OAI22_X1_ZN:A1 (OAI22_X1)                                                                                                                                              |        | 0.002       | 0.000      | 0.021      |             | 0.000  | 0.834r         |
| u_core.execute_packet_valid_reg_p_QN_AOI21_X1_A_B2_OAI22_X1_ZN:ZN (OAI22_X1)                                                                                                                                              |        | 0.003       | 0.000      | 0.022      |             | 0.023  | 0.857f         |
| u_core.execute_packet_valid_reg_p_QN_AOI21_X1_A_B2 (net)                                                                                                                                                                  | 2      |             |            |            | 0.000       |        |                |
| u_core.execute_packet_valid_reg_p_QN_AOI21_X1_A_B2_AND3_X2_A1:A1 (AND3_X2)                                                                                                                                                |        | 0.002       | 0.000      | 0.022      |             | 0.000  | 0.857f         |
| u_core.execute_packet_valid_reg_p_QN_AOI21_X1_A_B2_AND3_X2_A1:ZN (AND3_X2)                                                                                                                                                |        | 0.007       | 0.000      | 0.009      |             | 0.040  | 0.897f         |
| u_core.execute_packet_valid_reg_p_QN_AOI21_X1_A_B2_AND3_X2_A1_ZN (net)                                                                                                                                                    | 2      |             |            |            | 0.000       |        |                |
| u_core.execute_packet_258__XNOR2_X1_A_ZN_NAND4_X1_A1_ZN_AND3_X1_A3:A2 (AND3_X1)                                                                                                                                           |        | 0.001       | 0.000      | 0.009      |             | 0.000  | 0.897f         |
| u_core.execute_packet_258__XNOR2_X1_A_ZN_NAND4_X1_A1_ZN_AND3_X1_A3:ZN (AND3_X1)                                                                                                                                           |        | 0.002       | 0.000      | 0.007      |             | 0.034  | 0.931f         |
| u_core.execute_packet_258__XNOR2_X1_A_ZN_NAND4_X1_A1_ZN_AND3_X1_A3_ZN (net)                                                                                                                                               | 1      |             |            |            | 0.000       |        |                |
| u_core.execute_packet_0__AOI21_X1_B2_ZN_NAND3_X1_A3:A1 (NAND3_X1)                                                                                                                                                         |        | 0.002       | 0.000      | 0.007      |             | 0.000  | 0.931f         |
| u_core.execute_packet_0__AOI21_X1_B2_ZN_NAND3_X1_A3:ZN (NAND3_X1)                                                                                                                                                         |        | 0.023       | 0.000      | 0.063      |             | 0.069  | 1.000r         |
| u_core.commit_266__OAI211_X1_C2_A_OAI21_X1_ZN_B1 (net)                                                                                                                                                                    | 15     |             |            |            | 0.000       |        |                |
| u_core.u_icache.miss_lookup_resp_2__MUX2_X1_B_Z_XOR2_X1_B_Z_NOR2_X1_A1_ZN_NAND4_X1_A3:A1 (NAND4_X1)                                                                                                                       |        | 0.002       | 0.000      | 0.063      |             | 0.000  | 1.000r         |
| u_core.u_icache.miss_lookup_resp_2__MUX2_X1_B_Z_XOR2_X1_B_Z_NOR2_X1_A1_ZN_NAND4_X1_A3:ZN (NAND4_X1)                                                                                                                       |        | 0.011       | 0.000      | 0.053      |             | 0.082  | 1.082f         |
| u_core.csr_read_illegal_AOI21_X1_ZN_B2 (net)                                                                                                                                                                              | 7      |             |            |            | 0.000       |        |                |
| u_core.u_lsu.pending_lsu_context_q_139__OAI221_X1_A_ZN_AOI211_X2_A:C1 (AOI211_X2)                                                                                                                                         |        | 0.003       | 0.000      | 0.053      |             | 0.000  | 1.082f         |
| u_core.u_lsu.pending_lsu_context_q_139__OAI221_X1_A_ZN_AOI211_X2_A:ZN (AOI211_X2)                                                                                                                                         |        | 0.010       | 0.000      | 0.061      |             | 0.083  | 1.165r         |
| u_core.decoded_execute_packet_174__AOI221_X1_B1_C2_NOR4_X1_ZN_A3 (net)                                                                                                                                                    | 5      |             |            |            | 0.000       |        |                |
| u_core.decoded_execute_packet_174__AOI221_X1_B1_ZN_OAI22_X1_A1_B2_NAND3_X1_ZN:A1 (NAND3_X1)                                                                                                                               |        | 0.002       | 0.000      | 0.061      |             | 0.000  | 1.165r         |
| u_core.decoded_execute_packet_174__AOI221_X1_B1_ZN_OAI22_X1_A1_B2_NAND3_X1_ZN:ZN (NAND3_X1)                                                                                                                               |        | 0.004       | 0.000      | 0.025      |             | 0.038  | 1.203f         |
| u_core.decoded_execute_packet_174__AOI221_X1_B1_ZN_OAI22_X1_A1_B2 (net)                                                                                                                                                   | 3      |             |            |            | 0.000       |        |                |
| u_core.decoded_execute_packet_209__NAND4_X1_A4_A1_AOI211_X1_ZN_B_OR3_X1_ZN_A3_AOI21_X1_ZN:B2 (AOI21_X1)                                                                                                                   |        | 0.002       | 0.000      | 0.025      |             | 0.000  | 1.203f         |
| u_core.decoded_execute_packet_209__NAND4_X1_A4_A1_AOI211_X1_ZN_B_OR3_X1_ZN_A3_AOI21_X1_ZN:ZN (AOI21_X1)                                                                                                                   |        | 0.002       | 0.000      | 0.028      |             | 0.045  | 1.248r         |
| u_core.decoded_execute_packet_209__NAND4_X1_A4_A1_AOI211_X1_ZN_B_OR3_X1_ZN_A3 (net)                                                                                                                                       | 2      |             |            |            | 0.000       |        |                |
| u_core.execute_serializing_instruction_present_NOR2_X1_A1_ZN_OAI211_X1_A_ZN_OAI33_X1_A1:A3 (OAI33_X1)                                                                                                                     |        | 0.002       | 0.000      | 0.028      |             | 0.000  | 1.248r         |
| u_core.execute_serializing_instruction_present_NOR2_X1_A1_ZN_OAI211_X1_A_ZN_OAI33_X1_A1:ZN (OAI33_X1)                                                                                                                     |        | 0.005       | 0.000      | 0.021      |             | 0.037  | 1.286f         |
| u_core.u_fetch_buffer.entry_count_d_1__AOI21_X1_ZN_B2_NAND4_X1_ZN_A2 (net)                                                                                                                                                | 3      |             |            |            | 0.000       |        |                |
| u_core.u_fetch_buffer.read_index_q_reg_p_CK_CLKGATE_X1_GCK_E_OAI221_X1_ZN_C1_NAND2_X1_ZN:A1 (NAND2_X1)                                                                                                                    |        | 0.002       | 0.000      | 0.021      |             | 0.000  | 1.286f         |
| u_core.u_fetch_buffer.read_index_q_reg_p_CK_CLKGATE_X1_GCK_E_OAI221_X1_ZN_C1_NAND2_X1_ZN:ZN (NAND2_X1)                                                                                                                    |        | 0.003       | 0.000      | 0.015      |             | 0.026  | 1.312r         |
| u_core.u_fetch_buffer.read_index_q_reg_p_CK_CLKGATE_X1_GCK_E_OAI221_X1_ZN_C1 (net)                                                                                                                                        | 2      |             |            |            | 0.000       |        |                |
| u_core.u_fetch_buffer.read_index_q_reg_p_CK_CLKGATE_X1_GCK_E_OAI221_X1_ZN_C1_NAND4_X1_A2:A2 (NAND4_X1)                                                                                                                    |        | 0.002       | 0.000      | 0.015      |             | 0.000  | 1.312r         |
| u_core.u_fetch_buffer.read_index_q_reg_p_CK_CLKGATE_X1_GCK_E_OAI221_X1_ZN_C1_NAND4_X1_A2:ZN (NAND4_X1)                                                                                                                    |        | 0.005       | 0.000      | 0.029      |             | 0.042  | 1.354f         |
| u_core.icache_refill_resp_ready_OAI211_X1_B_A_OAI21_X1_ZN_A (net)                                                                                                                                                         | 3      |             |            |            | 0.000       |        |                |
| u_core.u_icache.lookup_s1_ready_INV_X1_ZN_A_AOI21_X1_ZN:B1 (AOI21_X1)                                                                                                                                                     |        | 0.002       | 0.000      | 0.029      |             | 0.000  | 1.354f         |
| u_core.u_icache.lookup_s1_ready_INV_X1_ZN_A_AOI21_X1_ZN:ZN (AOI21_X1)                                                                                                                                                     |        | 0.006       | 0.000      | 0.046      |             | 0.062  | 1.415r         |
| u_core.u_icache.lookup_s1_ready_INV_X1_ZN_A (net)                                                                                                                                                                         | 3      |             |            |            | 0.000       |        |                |
| u_core.u_icache.lookup_s1_ready_INV_X1_ZN_A_OAI21_X2_B1:B1 (OAI21_X2)                                                                                                                                                     |        | 0.003       | 0.000      | 0.046      |             | 0.000  | 1.415r         |
| u_core.u_icache.lookup_s1_ready_INV_X1_ZN_A_OAI21_X2_B1:ZN (OAI21_X2)                                                                                                                                                     |        | 0.007       | 0.000      | 0.024      |             | 0.028  | 1.444f         |
| u_core.u_icache.lookup_s1_ready_INV_X1_ZN_A_OAI21_X2_B1_ZN (net)                                                                                                                                                          | 3      |             |            |            | 0.000       |        |                |
| u_core.u_icache.lookup_s1_ready_INV_X1_ZN_A_OAI21_X2_B1_ZN_NAND4_X2_A1:A1 (NAND4_X2)                                                                                                                                      |        | 0.003       | 0.000      | 0.024      |             | 0.000  | 1.444f         |
| u_core.u_icache.lookup_s1_ready_INV_X1_ZN_A_OAI21_X2_B1_ZN_NAND4_X2_A1:ZN (NAND4_X2)                                                                                                                                      |        | 0.013       | 0.000      | 0.028      |             | 0.039  | 1.483r         |
| u_core.u_ifu.predictor_fetch_pc_d_2__OAI221_X1_ZN_B2 (net)                                                                                                                                                                | 7      |             |            |            | 0.000       |        |                |
| u_core.u_ifu.predictor_fetch_pc_d_2__OAI221_X1_ZN_B2_BUF_X4_A:A (BUF_X4)                                                                                                                                                  |        | 0.003       | 0.000      | 0.028      |             | 0.000  | 1.483r         |
| u_core.u_ifu.predictor_fetch_pc_d_2__OAI221_X1_ZN_B2_BUF_X4_A:Z (BUF_X4)                                                                                                                                                  |        | 0.038       | 0.000      | 0.025      |             | 0.045  | 1.528r         |
| u_core.u_ifu.predictor_fetch_pc_d_3__OAI21_X1_ZN_B2 (net)                                                                                                                                                                 | 24     |             |            |            | 0.000       |        |                |
| u_core.u_ifu.predictor_fetch_pc_q_0__reg_p_CK_CLKGATE_X1_GCK_E_AOI22_X1_ZN_A1_INV_X1_ZN:A (INV_X1)                                                                                                                        |        | 0.002       | 0.000      | 0.025      |             | 0.000  | 1.528r         |
| u_core.u_ifu.predictor_fetch_pc_q_0__reg_p_CK_CLKGATE_X1_GCK_E_AOI22_X1_ZN_A1_INV_X1_ZN:ZN (INV_X1)                                                                                                                       |        | 0.002       | 0.000      | 0.009      |             | 0.013  | 1.541f         |
| u_core.u_ifu.predictor_fetch_pc_q_0__reg_p_CK_CLKGATE_X1_GCK_E_AOI22_X1_ZN_A1 (net)                                                                                                                                       | 2      |             |            |            | 0.000       |        |                |
| u_core.u_ifu.predictor_fetch_pc_q_0__reg_p_CK_CLKGATE_X1_GCK_E_AOI22_X1_ZN:A1 (AOI22_X1)                                                                                                                                  |        | 0.002       | 0.000      | 0.009      |             | 0.000  | 1.541f         |
| u_core.u_ifu.predictor_fetch_pc_q_0__reg_p_CK_CLKGATE_X1_GCK_E_AOI22_X1_ZN:ZN (AOI22_X1)                                                                                                                                  |        | 0.001       | 0.000      | 0.018      |             | 0.018  | 1.558r         |
| u_core.u_ifu.predictor_fetch_pc_q_0__reg_p_CK_CLKGATE_X1_GCK_E (net)                                                                                                                                                      | 1      |             |            |            | 0.000       |        |                |
| u_core.u_ifu.predictor_fetch_pc_q_0__reg_p_CK_CLKGATE_X1_GCK:E (CLKGATE_X1)                                                                                                                                               |        | 0.001       | 0.000      | 0.018      |             | 0.000  | 1.558r         |
|                                                                                                                                                                                                                           |        |             |            |            |             |        |                |
| clk_i (port)                                                                                                                                                                                                              |        | 0.952       | 0.000      | 0.100      |             | 0.000  | 0.000r         |
| clk_i (clock net)                                                                                                                                                                                                         | 552    |             |            |            | NA          |        |                |
| u_core.u_ifu.predictor_fetch_pc_q_0__reg_p_CK_CLKGATE_X1_GCK:CK (CLKGATE_X1)                                                                                                                                              |        | 0.002       | 0.000      | 0.000      |             | 0.000  | 0.000r         |
| clock core_clock (rise edge)                                                                                                                                                                                              |        |             |            |            |             | 1.724  | 1.724          |
| clock network delay (ideal)                                                                                                                                                                                               |        |             |            |            |             | 0.000  | 1.724          |
| u_core.u_ifu.predictor_fetch_pc_q_0__reg_p_CK_CLKGATE_X1_GCK:CK (CLKGATE_X1)                                                                                                                                              |        |             |            |            |             |        | 1.724r         |
| library setup time                                                                                                                                                                                                        |        |             |            |            |             | -0.052 | 1.672          |
| clock reconvergence pessimism                                                                                                                                                                                             |        |             |            |            |             | 0.000  | 1.672          |
|                                                                                                                                                                                                                           |        |             |            |            |             |        |                |
| path cell delay                                                                                                                                                                                                           |        |             |            |            |             |        | 1.214(77.874%) |
| path net delay                                                                                                                                                                                                            |        |             |            |            |             |        | 0.000(0.000%)  |
|                                                                                                                                                                                                                           |        |             |            |            |             |        |                |
| data require time                                                                                                                                                                                                         |        |             |            |            |             |        | 1.672          |
| data arrival time                                                                                                                                                                                                         |        |             |            |            |             |        | 1.558          |
| slack (MET)                                                                                                                                                                                                               |        |             |            |            |             |        | 0.114          |
+---------------------------------------------------------------------------------------------------------------------------------------------------------------------------------------------------------------------------+--------+-------------+------------+------------+-------------+--------+----------------+
+-------------------------------------------------------------------------------------------------------------------------------------------------------------------------------------------+--------+-------------+------------+------------+-------------+--------+----------------+
| Point                                                                                                                                                                                     | Fanout | Capacitance | Resistance | Transition | Delta Delay | Incr   | Path           |
+-------------------------------------------------------------------------------------------------------------------------------------------------------------------------------------------+--------+-------------+------------+------------+-------------+--------+----------------+
| data_axi4_manager_i_41_ (port)                                                                                                                                                            |        | 0.005       | 0.000      | 0.100      |             | 0.000  | 0.000r         |
| clock core_clock (rise edge)                                                                                                                                                              |        |             |            |            |             | 0      | 0              |
| clock network delay (ideal)                                                                                                                                                               |        |             |            |            |             | 0.000  | 0.000          |
| data_axi4_manager_i_41_ (port)                                                                                                                                                            |        | 0.005       | 0.000      | 0.100      |             | 0.345  | 0.345r         |
| data_axi4_manager_i_41_ (net)                                                                                                                                                             | 3      |             |            |            | 0.000       |        |                |
| u_core.u_data_mem.u_uncached_axi.state_q_1__reg_p_QN_NOR4_X1_A3_A4_INV_X1_ZN:A (INV_X1)                                                                                                   |        | 0.002       | 0.000      | 0.100      |             | 0.000  | 0.345r         |
| u_core.u_data_mem.u_uncached_axi.state_q_1__reg_p_QN_NOR4_X1_A3_A4_INV_X1_ZN:ZN (INV_X1)                                                                                                  |        | 0.005       | 0.000      | 0.026      |             | 0.024  | 0.368f         |
| u_core.u_data_mem.u_uncached_axi.state_q_1__reg_p_QN_NOR4_X1_A3_A4 (net)                                                                                                                  | 4      |             |            |            | 0.000       |        |                |
| u_core.u_data_mem.gen_dcache.u_dcache.u_dcache_axi.writeback_state_q_1__reg_p_QN_NOR2_X1_A2_1:A1 (NOR2_X1)                                                                                |        | 0.002       | 0.000      | 0.026      |             | 0.000  | 0.368f         |
| u_core.u_data_mem.gen_dcache.u_dcache.u_dcache_axi.writeback_state_q_1__reg_p_QN_NOR2_X1_A2_1:ZN (NOR2_X1)                                                                                |        | 0.011       | 0.000      | 0.059      |             | 0.078  | 0.446r         |
| u_core.u_data_mem.gen_dcache.u_dcache.u_dcache_axi.writeback_state_q_1__reg_p_QN_NOR2_X1_A2_1_ZN (net)                                                                                    | 6      |             |            |            | 0.000       |        |                |
| u_core.u_data_mem.gen_dcache.u_dcache.u_dcache_axi.writeback_resp_ready_i_NAND3_X2_A3:A2 (NAND3_X2)                                                                                       |        | 0.003       | 0.000      | 0.059      |             | 0.000  | 0.446r         |
| u_core.u_data_mem.gen_dcache.u_dcache.u_dcache_axi.writeback_resp_ready_i_NAND3_X2_A3:ZN (NAND3_X2)                                                                                       |        | 0.007       | 0.000      | 0.022      |             | 0.040  | 0.486f         |
| u_core.u_data_mem.gen_dcache.u_dcache.u_miss_unit.clean_access_fault_q_NOR4_X1_A4_A1 (net)                                                                                                | 5      |             |            |            | 0.000       |        |                |
| u_core.u_data_mem.gen_dcache.u_dcache.u_dcache_axi.refill_state_q_1__reg_p_D_OAI21_X1_ZN_B1_OAI33_X1_A2:B1 (OAI33_X1)                                                                     |        | 0.002       | 0.000      | 0.022      |             | 0.000  | 0.486f         |
| u_core.u_data_mem.gen_dcache.u_dcache.u_dcache_axi.refill_state_q_1__reg_p_D_OAI21_X1_ZN_B1_OAI33_X1_A2:ZN (OAI33_X1)                                                                     |        | 0.003       | 0.000      | 0.075      |             | 0.084  | 0.570r         |
| u_core.u_data_mem.gen_dcache.u_dcache.u_miss_unit.miss_context_q_1__AND4_X1_A2_A1 (net)                                                                                                   | 3      |             |            |            | 0.000       |        |                |
| u_core.u_data_mem.gen_dcache.u_dcache.u_miss_unit.miss_context_q_0__AND2_X1_A1_ZN_NAND3_X1_A2:A1 (NAND3_X1)                                                                               |        | 0.002       | 0.000      | 0.075      |             | 0.000  | 0.570r         |
| u_core.u_data_mem.gen_dcache.u_dcache.u_miss_unit.miss_context_q_0__AND2_X1_A1_ZN_NAND3_X1_A2:ZN (NAND3_X1)                                                                               |        | 0.006       | 0.000      | 0.035      |             | 0.054  | 0.624f         |
| u_core.u_data_mem.gen_dcache.u_dcache.u_miss_unit.miss_context_q_0__AND2_X1_A1_ZN_NAND3_X1_A2_ZN (net)                                                                                    | 5      |             |            |            | 0.000       |        |                |
| u_core.u_data_mem.gen_dcache.u_dcache.u_miss_unit.transaction_access_fault_q_NAND4_X1_A4_ZN_NAND4_X1_A4_ZN_AND4_X1_A3_A1_NAND2_X1_A1:A2 (NAND2_X1)                                        |        | 0.002       | 0.000      | 0.035      |             | 0.000  | 0.624f         |
| u_core.u_data_mem.gen_dcache.u_dcache.u_miss_unit.transaction_access_fault_q_NAND4_X1_A4_ZN_NAND4_X1_A4_ZN_AND4_X1_A3_A1_NAND2_X1_A1:ZN (NAND2_X1)                                        |        | 0.001       | 0.000      | 0.013      |             | 0.025  | 0.649r         |
| u_core.u_data_mem.gen_dcache.u_dcache.u_miss_unit.transaction_access_fault_q_NAND4_X1_A4_ZN_NAND4_X1_A4_ZN_AND4_X1_A3_A1_NAND2_X1_A1_ZN (net)                                             | 1      |             |            |            | 0.000       |        |                |
| u_core.u_data_mem.gen_dcache.u_dcache.u_miss_unit.transaction_access_fault_q_NAND4_X1_A4_ZN_NAND4_X1_A4_ZN_AND4_X1_A3_A1_NAND2_X1_A1_ZN_BUF_X1_A:A (BUF_X1)                               |        | 0.001       | 0.000      | 0.013      |             | 0.000  | 0.649r         |
| u_core.u_data_mem.gen_dcache.u_dcache.u_miss_unit.transaction_access_fault_q_NAND4_X1_A4_ZN_NAND4_X1_A4_ZN_AND4_X1_A3_A1_NAND2_X1_A1_ZN_BUF_X1_A:Z (BUF_X1)                               |        | 0.025       | 0.000      | 0.062      |             | 0.082  | 0.731r         |
| u_core.u_data_mem.gen_dcache.u_dcache.store_write_bypass_data_q_4__reg_p_QN_MUX2_X1_A_Z_OAI211_X1_C1_A (net)                                                                              | 16     |             |            |            | 0.000       |        |                |
| u_core.u_data_mem.gen_dcache.u_dcache.array_read_tag_array_8__AOI22_X1_B2_ZN_NAND2_X1_A2_ZN_NOR4_X1_A4_ZN_AOI22_X1_B1_ZN_OAI21_X1_B1:A (OAI21_X1)                                         |        | 0.002       | 0.000      | 0.062      |             | 0.000  | 0.731r         |
| u_core.u_data_mem.gen_dcache.u_dcache.array_read_tag_array_8__AOI22_X1_B2_ZN_NAND2_X1_A2_ZN_NOR4_X1_A4_ZN_AOI22_X1_B1_ZN_OAI21_X1_B1:ZN (OAI21_X1)                                        |        | 0.001       | 0.000      | 0.015      |             | 0.029  | 0.760f         |
| u_core.u_data_mem.gen_dcache.u_dcache.array_read_tag_array_8__AOI22_X1_B2_ZN_NAND2_X1_A2_ZN_NOR4_X1_A4_ZN_AOI22_X1_B1_ZN_OAI21_X1_B1_ZN (net)                                             | 1      |             |            |            | 0.000       |        |                |
| u_core.u_data_mem.gen_dcache.u_dcache.array_read_tag_array_8__AOI22_X1_B2_ZN_NAND2_X1_A2_ZN_NOR4_X1_A4_ZN_AOI22_X1_B1_ZN_OAI21_X1_B1_ZN_AOI21_X1_B1:B1 (AOI21_X1)                         |        | 0.002       | 0.000      | 0.015      |             | 0.000  | 0.760f         |
| u_core.u_data_mem.gen_dcache.u_dcache.array_read_tag_array_8__AOI22_X1_B2_ZN_NAND2_X1_A2_ZN_NOR4_X1_A4_ZN_AOI22_X1_B1_ZN_OAI21_X1_B1_ZN_AOI21_X1_B1:ZN (AOI21_X1)                         |        | 0.003       | 0.000      | 0.030      |             | 0.035  | 0.795r         |
| u_core.u_data_mem.gen_dcache.u_dcache.array_read_tag_array_8__AOI22_X1_B2_ZN_NAND2_X1_A2_ZN_NOR4_X1_A4_ZN_AOI22_X1_B1_ZN_OAI21_X1_B1_ZN_AOI21_X1_B1_ZN (net)                              | 2      |             |            |            | 0.000       |        |                |
| u_core.u_data_mem.gen_dcache.u_dcache.array_read_tag_array_8__AOI22_X1_B2_ZN_NAND2_X1_A2_ZN_NOR4_X1_A4_ZN_AOI22_X1_B1_ZN_OAI21_X1_B1_ZN_AOI21_X1_B1_ZN_OAI22_X1_A1:A1 (OAI22_X1)          |        | 0.002       | 0.000      | 0.030      |             | 0.000  | 0.795r         |
| u_core.u_data_mem.gen_dcache.u_dcache.array_read_tag_array_8__AOI22_X1_B2_ZN_NAND2_X1_A2_ZN_NOR4_X1_A4_ZN_AOI22_X1_B1_ZN_OAI21_X1_B1_ZN_AOI21_X1_B1_ZN_OAI22_X1_A1:ZN (OAI22_X1)          |        | 0.001       | 0.000      | 0.012      |             | 0.020  | 0.815f         |
| u_core.u_data_mem.gen_dcache.u_dcache.array_read_tag_array_8__AOI22_X1_B2_ZN_NAND2_X1_A2_ZN_NOR4_X1_A4_ZN_AOI22_X1_B1_ZN_OAI21_X1_B1_ZN_AOI21_X1_B1_ZN_OAI22_X1_A1_ZN (net)               | 1      |             |            |            | 0.000       |        |                |
| u_core.u_data_mem.gen_dcache.u_dcache.array_read_tag_array_8__AOI22_X1_B2_ZN_NAND2_X1_A2_ZN_NOR4_X1_A4_ZN_AOI22_X1_B1_ZN_OAI21_X1_B1_ZN_AOI21_X1_B1_ZN_OAI22_X1_A1_ZN_BUF_X1_A:A (BUF_X1) |        | 0.001       | 0.000      | 0.012      |             | 0.000  | 0.815f         |
| u_core.u_data_mem.gen_dcache.u_dcache.array_read_tag_array_8__AOI22_X1_B2_ZN_NAND2_X1_A2_ZN_NOR4_X1_A4_ZN_AOI22_X1_B1_ZN_OAI21_X1_B1_ZN_AOI21_X1_B1_ZN_OAI22_X1_A1_ZN_BUF_X1_A:Z (BUF_X1) |        | 0.013       | 0.000      | 0.018      |             | 0.046  | 0.861f         |
| u_core.completion_result_422__MUX2_X1_Z_S (net)                                                                                                                                           | 10     |             |            |            | 0.000       |        |                |
| u_core.execute_packet_valid_reg_p_QN_AOI21_X1_A_B2_AND3_X2_A1_A2_AOI21_X1_ZN:B1 (AOI21_X1)                                                                                                |        | 0.002       | 0.000      | 0.018      |             | 0.000  | 0.861f         |
| u_core.execute_packet_valid_reg_p_QN_AOI21_X1_A_B2_AND3_X2_A1_A2_AOI21_X1_ZN:ZN (AOI21_X1)                                                                                                |        | 0.002       | 0.000      | 0.023      |             | 0.031  | 0.892r         |
| u_core.execute_packet_valid_reg_p_QN_AOI21_X1_A_B2_AND3_X2_A1_A2 (net)                                                                                                                    | 1      |             |            |            | 0.000       |        |                |
| u_core.execute_packet_valid_reg_p_QN_AOI21_X1_A_B2_AND3_X2_A1:A2 (AND3_X2)                                                                                                                |        | 0.002       | 0.000      | 0.023      |             | 0.000  | 0.892r         |
| u_core.execute_packet_valid_reg_p_QN_AOI21_X1_A_B2_AND3_X2_A1:ZN (AND3_X2)                                                                                                                |        | 0.008       | 0.000      | 0.016      |             | 0.052  | 0.945r         |
| u_core.execute_packet_valid_reg_p_QN_AOI21_X1_A_B2_AND3_X2_A1_ZN (net)                                                                                                                    | 2      |             |            |            | 0.000       |        |                |
| u_core.execute_packet_258__XNOR2_X1_A_ZN_NAND4_X1_A1_ZN_AND3_X1_A3:A2 (AND3_X1)                                                                                                           |        | 0.001       | 0.000      | 0.016      |             | 0.000  | 0.945r         |
| u_core.execute_packet_258__XNOR2_X1_A_ZN_NAND4_X1_A1_ZN_AND3_X1_A3:ZN (AND3_X1)                                                                                                           |        | 0.002       | 0.000      | 0.012      |             | 0.046  | 0.990r         |
| u_core.execute_packet_258__XNOR2_X1_A_ZN_NAND4_X1_A1_ZN_AND3_X1_A3_ZN (net)                                                                                                               | 1      |             |            |            | 0.000       |        |                |
| u_core.execute_packet_0__AOI21_X1_B2_ZN_NAND3_X1_A3:A1 (NAND3_X1)                                                                                                                         |        | 0.002       | 0.000      | 0.012      |             | 0.000  | 0.990r         |
| u_core.execute_packet_0__AOI21_X1_B2_ZN_NAND3_X1_A3:ZN (NAND3_X1)                                                                                                                         |        | 0.023       | 0.000      | 0.065      |             | 0.081  | 1.072f         |
| u_core.commit_266__OAI211_X1_C2_A_OAI21_X1_ZN_B1 (net)                                                                                                                                    | 15     |             |            |            | 0.000       |        |                |
| u_core.u_icache.miss_lookup_resp_2__MUX2_X1_B_Z_XOR2_X1_B_Z_NOR2_X1_A1_ZN_NAND4_X1_A3:A1 (NAND4_X1)                                                                                       |        | 0.002       | 0.000      | 0.065      |             | 0.000  | 1.072f         |
| u_core.u_icache.miss_lookup_resp_2__MUX2_X1_B_Z_XOR2_X1_B_Z_NOR2_X1_A1_ZN_NAND4_X1_A3:ZN (NAND4_X1)                                                                                       |        | 0.013       | 0.000      | 0.044      |             | 0.076  | 1.147r         |
| u_core.csr_read_illegal_AOI21_X1_ZN_B2 (net)                                                                                                                                              | 7      |             |            |            | 0.000       |        |                |
| u_core.u_lsu.pending_lsu_context_q_139__OAI221_X1_A_ZN_AOI211_X2_A:C1 (AOI211_X2)                                                                                                         |        | 0.003       | 0.000      | 0.044      |             | 0.000  | 1.147r         |
| u_core.u_lsu.pending_lsu_context_q_139__OAI221_X1_A_ZN_AOI211_X2_A:ZN (AOI211_X2)                                                                                                         |        | 0.009       | 0.000      | 0.020      |             | 0.032  | 1.180f         |
| u_core.decoded_execute_packet_174__AOI221_X1_B1_C2_NOR4_X1_ZN_A3 (net)                                                                                                                    | 5      |             |            |            | 0.000       |        |                |
| u_core.decoded_execute_packet_174__AOI221_X1_B1_ZN_OAI22_X1_A1_B2_NAND3_X1_ZN:A1 (NAND3_X1)                                                                                               |        | 0.002       | 0.000      | 0.020      |             | 0.000  | 1.180f         |
| u_core.decoded_execute_packet_174__AOI221_X1_B1_ZN_OAI22_X1_A1_B2_NAND3_X1_ZN:ZN (NAND3_X1)                                                                                               |        | 0.004       | 0.000      | 0.021      |             | 0.029  | 1.209r         |
| u_core.decoded_execute_packet_174__AOI221_X1_B1_ZN_OAI22_X1_A1_B2 (net)                                                                                                                   | 3      |             |            |            | 0.000       |        |                |
| u_core.decoded_execute_packet_209__NAND4_X1_A4_A1_AOI211_X1_ZN_B_OR3_X1_ZN_A3_AOI21_X1_ZN:B2 (AOI21_X1)                                                                                   |        | 0.002       | 0.000      | 0.021      |             | 0.000  | 1.209r         |
| u_core.decoded_execute_packet_209__NAND4_X1_A4_A1_AOI211_X1_ZN_B_OR3_X1_ZN_A3_AOI21_X1_ZN:ZN (AOI21_X1)                                                                                   |        | 0.002       | 0.000      | 0.021      |             | 0.021  | 1.230f         |
| u_core.decoded_execute_packet_209__NAND4_X1_A4_A1_AOI211_X1_ZN_B_OR3_X1_ZN_A3 (net)                                                                                                       | 2      |             |            |            | 0.000       |        |                |
| u_core.execute_serializing_instruction_present_NOR2_X1_A1_ZN_OAI211_X1_A_ZN_OAI33_X1_A1:A3 (OAI33_X1)                                                                                     |        | 0.002       | 0.000      | 0.021      |             | 0.000  | 1.230f         |
| u_core.execute_serializing_instruction_present_NOR2_X1_A1_ZN_OAI211_X1_A_ZN_OAI33_X1_A1:ZN (OAI33_X1)                                                                                     |        | 0.005       | 0.000      | 0.083      |             | 0.086  | 1.316r         |
| u_core.u_fetch_buffer.entry_count_d_1__AOI21_X1_ZN_B2_NAND4_X1_ZN_A2 (net)                                                                                                                | 3      |             |            |            | 0.000       |        |                |
| u_core.u_fetch_buffer.read_index_q_reg_p_CK_CLKGATE_X1_GCK_E_OAI221_X1_ZN_C1_NAND2_X1_ZN:A1 (NAND2_X1)                                                                                    |        | 0.002       | 0.000      | 0.083      |             | 0.000  | 1.316r         |
| u_core.u_fetch_buffer.read_index_q_reg_p_CK_CLKGATE_X1_GCK_E_OAI221_X1_ZN_C1_NAND2_X1_ZN:ZN (NAND2_X1)                                                                                    |        | 0.003       | 0.000      | 0.023      |             | 0.026  | 1.343f         |
| u_core.u_fetch_buffer.read_index_q_reg_p_CK_CLKGATE_X1_GCK_E_OAI221_X1_ZN_C1 (net)                                                                                                        | 2      |             |            |            | 0.000       |        |                |
| u_core.u_fetch_buffer.read_index_q_reg_p_CK_CLKGATE_X1_GCK_E_OAI221_X1_ZN_C1_NAND4_X1_A2:A2 (NAND4_X1)                                                                                    |        | 0.002       | 0.000      | 0.023      |             | 0.000  | 1.343f         |
| u_core.u_fetch_buffer.read_index_q_reg_p_CK_CLKGATE_X1_GCK_E_OAI221_X1_ZN_C1_NAND4_X1_A2:ZN (NAND4_X1)                                                                                    |        | 0.005       | 0.000      | 0.022      |             | 0.035  | 1.378r         |
| u_core.icache_refill_resp_ready_OAI211_X1_B_A_OAI21_X1_ZN_A (net)                                                                                                                         | 3      |             |            |            | 0.000       |        |                |
| u_core.u_icache.lookup_s1_ready_INV_X1_ZN_A_AOI21_X1_ZN:B1 (AOI21_X1)                                                                                                                     |        | 0.002       | 0.000      | 0.022      |             | 0.000  | 1.378r         |
| u_core.u_icache.lookup_s1_ready_INV_X1_ZN_A_AOI21_X1_ZN:ZN (AOI21_X1)                                                                                                                     |        | 0.006       | 0.000      | 0.017      |             | 0.028  | 1.405f         |
| u_core.u_icache.lookup_s1_ready_INV_X1_ZN_A (net)                                                                                                                                         | 3      |             |            |            | 0.000       |        |                |
| u_core.u_icache.lookup_s1_ready_INV_X1_ZN:A (INV_X1)                                                                                                                                      |        | 0.002       | 0.000      | 0.017      |             | 0.000  | 1.405f         |
| u_core.u_icache.lookup_s1_ready_INV_X1_ZN:ZN (INV_X1)                                                                                                                                     |        | 0.003       | 0.000      | 0.012      |             | 0.023  | 1.428r         |
| u_core.u_icache.lookup_s1_ready (net)                                                                                                                                                     | 3      |             |            |            | 0.000       |        |                |
| u_core.u_fence_i_ctrl.icache_lookup_stalled_q_reg_p_D_AOI21_X1_ZN_B2_OAI211_X1_B_A_AND4_X1_A4:A2 (AND4_X1)                                                                                |        | 0.001       | 0.000      | 0.012      |             | 0.000  | 1.428r         |
| u_core.u_fence_i_ctrl.icache_lookup_stalled_q_reg_p_D_AOI21_X1_ZN_B2_OAI211_X1_B_A_AND4_X1_A4:ZN (AND4_X1)                                                                                |        | 0.005       | 0.000      | 0.020      |             | 0.066  | 1.494r         |
| u_core.u_ifu.lookup_queue_entry_count_d_0__OAI33_X1_ZN_A2 (net)                                                                                                                           | 3      |             |            |            | 0.000       |        |                |
| u_core.u_ifu.lookup_queue_entry_count_q_0__reg_p_CK_CLKGATE_X1_GCK_E_OAI211_X1_ZN_A_OAI221_X1_ZN:A (OAI221_X1)                                                                            |        | 0.002       | 0.000      | 0.020      |             | 0.000  | 1.494r         |
| u_core.u_ifu.lookup_queue_entry_count_q_0__reg_p_CK_CLKGATE_X1_GCK_E_OAI211_X1_ZN_A_OAI221_X1_ZN:ZN (OAI221_X1)                                                                           |        | 0.002       | 0.000      | 0.022      |             | 0.035  | 1.529f         |
| u_core.u_ifu.lookup_queue_entry_count_q_0__reg_p_CK_CLKGATE_X1_GCK_E_OAI211_X1_ZN_A (net)                                                                                                 | 1      |             |            |            | 0.000       |        |                |
| u_core.u_ifu.lookup_queue_entry_count_q_0__reg_p_CK_CLKGATE_X1_GCK_E_OAI211_X1_ZN:A (OAI211_X1)                                                                                           |        | 0.002       | 0.000      | 0.022      |             | 0.000  | 1.529f         |
| u_core.u_ifu.lookup_queue_entry_count_q_0__reg_p_CK_CLKGATE_X1_GCK_E_OAI211_X1_ZN:ZN (OAI211_X1)                                                                                          |        | 0.001       | 0.000      | 0.017      |             | 0.025  | 1.554r         |
| u_core.u_ifu.lookup_queue_entry_count_q_0__reg_p_CK_CLKGATE_X1_GCK_E (net)                                                                                                                | 1      |             |            |            | 0.000       |        |                |
| u_core.u_ifu.lookup_queue_entry_count_q_0__reg_p_CK_CLKGATE_X1_GCK:E (CLKGATE_X1)                                                                                                         |        | 0.001       | 0.000      | 0.017      |             | 0.000  | 1.554r         |
|                                                                                                                                                                                           |        |             |            |            |             |        |                |
| clk_i (port)                                                                                                                                                                              |        | 0.952       | 0.000      | 0.100      |             | 0.000  | 0.000r         |
| clk_i (clock net)                                                                                                                                                                         | 552    |             |            |            | NA          |        |                |
| u_core.u_ifu.lookup_queue_entry_count_q_0__reg_p_CK_CLKGATE_X1_GCK:CK (CLKGATE_X1)                                                                                                        |        | 0.002       | 0.000      | 0.000      |             | 0.000  | 0.000r         |
| clock core_clock (rise edge)                                                                                                                                                              |        |             |            |            |             | 1.724  | 1.724          |
| clock network delay (ideal)                                                                                                                                                               |        |             |            |            |             | 0.000  | 1.724          |
| u_core.u_ifu.lookup_queue_entry_count_q_0__reg_p_CK_CLKGATE_X1_GCK:CK (CLKGATE_X1)                                                                                                        |        |             |            |            |             |        | 1.724r         |
| library setup time                                                                                                                                                                        |        |             |            |            |             | -0.051 | 1.673          |
| clock reconvergence pessimism                                                                                                                                                             |        |             |            |            |             | 0.000  | 1.673          |
|                                                                                                                                                                                           |        |             |            |            |             |        |                |
| path cell delay                                                                                                                                                                           |        |             |            |            |             |        | 1.209(77.806%) |
| path net delay                                                                                                                                                                            |        |             |            |            |             |        | 0.000(0.000%)  |
|                                                                                                                                                                                           |        |             |            |            |             |        |                |
| data require time                                                                                                                                                                         |        |             |            |            |             |        | 1.673          |
| data arrival time                                                                                                                                                                         |        |             |            |            |             |        | 1.554          |
| slack (MET)                                                                                                                                                                               |        |             |            |            |             |        | 0.119          |
+-------------------------------------------------------------------------------------------------------------------------------------------------------------------------------------------+--------+-------------+------------+------------+-------------+--------+----------------+
+-------------------------------------------------------------------------------------------------------------------------------------------------------------------------------------------+--------+-------------+------------+------------+-------------+--------+----------------+
| Point                                                                                                                                                                                     | Fanout | Capacitance | Resistance | Transition | Delta Delay | Incr   | Path           |
+-------------------------------------------------------------------------------------------------------------------------------------------------------------------------------------------+--------+-------------+------------+------------+-------------+--------+----------------+
| data_axi4_manager_i_41_ (port)                                                                                                                                                            |        | 0.005       | 0.000      | 0.100      |             | 0.000  | 0.000r         |
| clock core_clock (rise edge)                                                                                                                                                              |        |             |            |            |             | 0      | 0              |
| clock network delay (ideal)                                                                                                                                                               |        |             |            |            |             | 0.000  | 0.000          |
| data_axi4_manager_i_41_ (port)                                                                                                                                                            |        | 0.005       | 0.000      | 0.100      |             | 0.345  | 0.345r         |
| data_axi4_manager_i_41_ (net)                                                                                                                                                             | 3      |             |            |            | 0.000       |        |                |
| u_core.u_data_mem.u_uncached_axi.state_q_1__reg_p_QN_NOR4_X1_A3_A4_INV_X1_ZN:A (INV_X1)                                                                                                   |        | 0.002       | 0.000      | 0.100      |             | 0.000  | 0.345r         |
| u_core.u_data_mem.u_uncached_axi.state_q_1__reg_p_QN_NOR4_X1_A3_A4_INV_X1_ZN:ZN (INV_X1)                                                                                                  |        | 0.005       | 0.000      | 0.026      |             | 0.024  | 0.368f         |
| u_core.u_data_mem.u_uncached_axi.state_q_1__reg_p_QN_NOR4_X1_A3_A4 (net)                                                                                                                  | 4      |             |            |            | 0.000       |        |                |
| u_core.u_data_mem.gen_dcache.u_dcache.u_dcache_axi.writeback_state_q_1__reg_p_QN_NOR2_X1_A2_1:A1 (NOR2_X1)                                                                                |        | 0.002       | 0.000      | 0.026      |             | 0.000  | 0.368f         |
| u_core.u_data_mem.gen_dcache.u_dcache.u_dcache_axi.writeback_state_q_1__reg_p_QN_NOR2_X1_A2_1:ZN (NOR2_X1)                                                                                |        | 0.011       | 0.000      | 0.059      |             | 0.078  | 0.446r         |
| u_core.u_data_mem.gen_dcache.u_dcache.u_dcache_axi.writeback_state_q_1__reg_p_QN_NOR2_X1_A2_1_ZN (net)                                                                                    | 6      |             |            |            | 0.000       |        |                |
| u_core.u_data_mem.gen_dcache.u_dcache.u_dcache_axi.writeback_resp_ready_i_NAND3_X2_A3:A2 (NAND3_X2)                                                                                       |        | 0.003       | 0.000      | 0.059      |             | 0.000  | 0.446r         |
| u_core.u_data_mem.gen_dcache.u_dcache.u_dcache_axi.writeback_resp_ready_i_NAND3_X2_A3:ZN (NAND3_X2)                                                                                       |        | 0.007       | 0.000      | 0.022      |             | 0.040  | 0.486f         |
| u_core.u_data_mem.gen_dcache.u_dcache.u_miss_unit.clean_access_fault_q_NOR4_X1_A4_A1 (net)                                                                                                | 5      |             |            |            | 0.000       |        |                |
| u_core.u_data_mem.gen_dcache.u_dcache.u_dcache_axi.refill_state_q_1__reg_p_D_OAI21_X1_ZN_B1_OAI33_X1_A2:B1 (OAI33_X1)                                                                     |        | 0.002       | 0.000      | 0.022      |             | 0.000  | 0.486f         |
| u_core.u_data_mem.gen_dcache.u_dcache.u_dcache_axi.refill_state_q_1__reg_p_D_OAI21_X1_ZN_B1_OAI33_X1_A2:ZN (OAI33_X1)                                                                     |        | 0.003       | 0.000      | 0.075      |             | 0.084  | 0.570r         |
| u_core.u_data_mem.gen_dcache.u_dcache.u_miss_unit.miss_context_q_1__AND4_X1_A2_A1 (net)                                                                                                   | 3      |             |            |            | 0.000       |        |                |
| u_core.u_data_mem.gen_dcache.u_dcache.u_miss_unit.miss_context_q_0__AND2_X1_A1_ZN_NAND3_X1_A2:A1 (NAND3_X1)                                                                               |        | 0.002       | 0.000      | 0.075      |             | 0.000  | 0.570r         |
| u_core.u_data_mem.gen_dcache.u_dcache.u_miss_unit.miss_context_q_0__AND2_X1_A1_ZN_NAND3_X1_A2:ZN (NAND3_X1)                                                                               |        | 0.006       | 0.000      | 0.035      |             | 0.054  | 0.624f         |
| u_core.u_data_mem.gen_dcache.u_dcache.u_miss_unit.miss_context_q_0__AND2_X1_A1_ZN_NAND3_X1_A2_ZN (net)                                                                                    | 5      |             |            |            | 0.000       |        |                |
| u_core.u_data_mem.gen_dcache.u_dcache.u_miss_unit.transaction_access_fault_q_NAND4_X1_A4_ZN_NAND4_X1_A4_ZN_AND4_X1_A3_A1_NAND2_X1_A1:A2 (NAND2_X1)                                        |        | 0.002       | 0.000      | 0.035      |             | 0.000  | 0.624f         |
| u_core.u_data_mem.gen_dcache.u_dcache.u_miss_unit.transaction_access_fault_q_NAND4_X1_A4_ZN_NAND4_X1_A4_ZN_AND4_X1_A3_A1_NAND2_X1_A1:ZN (NAND2_X1)                                        |        | 0.001       | 0.000      | 0.013      |             | 0.025  | 0.649r         |
| u_core.u_data_mem.gen_dcache.u_dcache.u_miss_unit.transaction_access_fault_q_NAND4_X1_A4_ZN_NAND4_X1_A4_ZN_AND4_X1_A3_A1_NAND2_X1_A1_ZN (net)                                             | 1      |             |            |            | 0.000       |        |                |
| u_core.u_data_mem.gen_dcache.u_dcache.u_miss_unit.transaction_access_fault_q_NAND4_X1_A4_ZN_NAND4_X1_A4_ZN_AND4_X1_A3_A1_NAND2_X1_A1_ZN_BUF_X1_A:A (BUF_X1)                               |        | 0.001       | 0.000      | 0.013      |             | 0.000  | 0.649r         |
| u_core.u_data_mem.gen_dcache.u_dcache.u_miss_unit.transaction_access_fault_q_NAND4_X1_A4_ZN_NAND4_X1_A4_ZN_AND4_X1_A3_A1_NAND2_X1_A1_ZN_BUF_X1_A:Z (BUF_X1)                               |        | 0.025       | 0.000      | 0.062      |             | 0.082  | 0.731r         |
| u_core.u_data_mem.gen_dcache.u_dcache.store_write_bypass_data_q_4__reg_p_QN_MUX2_X1_A_Z_OAI211_X1_C1_A (net)                                                                              | 16     |             |            |            | 0.000       |        |                |
| u_core.u_data_mem.gen_dcache.u_dcache.array_read_tag_array_8__AOI22_X1_B2_ZN_NAND2_X1_A2_ZN_NOR4_X1_A4_ZN_AOI22_X1_B1_ZN_OAI21_X1_B1:A (OAI21_X1)                                         |        | 0.002       | 0.000      | 0.062      |             | 0.000  | 0.731r         |
| u_core.u_data_mem.gen_dcache.u_dcache.array_read_tag_array_8__AOI22_X1_B2_ZN_NAND2_X1_A2_ZN_NOR4_X1_A4_ZN_AOI22_X1_B1_ZN_OAI21_X1_B1:ZN (OAI21_X1)                                        |        | 0.001       | 0.000      | 0.015      |             | 0.029  | 0.760f         |
| u_core.u_data_mem.gen_dcache.u_dcache.array_read_tag_array_8__AOI22_X1_B2_ZN_NAND2_X1_A2_ZN_NOR4_X1_A4_ZN_AOI22_X1_B1_ZN_OAI21_X1_B1_ZN (net)                                             | 1      |             |            |            | 0.000       |        |                |
| u_core.u_data_mem.gen_dcache.u_dcache.array_read_tag_array_8__AOI22_X1_B2_ZN_NAND2_X1_A2_ZN_NOR4_X1_A4_ZN_AOI22_X1_B1_ZN_OAI21_X1_B1_ZN_AOI21_X1_B1:B1 (AOI21_X1)                         |        | 0.002       | 0.000      | 0.015      |             | 0.000  | 0.760f         |
| u_core.u_data_mem.gen_dcache.u_dcache.array_read_tag_array_8__AOI22_X1_B2_ZN_NAND2_X1_A2_ZN_NOR4_X1_A4_ZN_AOI22_X1_B1_ZN_OAI21_X1_B1_ZN_AOI21_X1_B1:ZN (AOI21_X1)                         |        | 0.003       | 0.000      | 0.030      |             | 0.035  | 0.795r         |
| u_core.u_data_mem.gen_dcache.u_dcache.array_read_tag_array_8__AOI22_X1_B2_ZN_NAND2_X1_A2_ZN_NOR4_X1_A4_ZN_AOI22_X1_B1_ZN_OAI21_X1_B1_ZN_AOI21_X1_B1_ZN (net)                              | 2      |             |            |            | 0.000       |        |                |
| u_core.u_data_mem.gen_dcache.u_dcache.array_read_tag_array_8__AOI22_X1_B2_ZN_NAND2_X1_A2_ZN_NOR4_X1_A4_ZN_AOI22_X1_B1_ZN_OAI21_X1_B1_ZN_AOI21_X1_B1_ZN_OAI22_X1_A1:A1 (OAI22_X1)          |        | 0.002       | 0.000      | 0.030      |             | 0.000  | 0.795r         |
| u_core.u_data_mem.gen_dcache.u_dcache.array_read_tag_array_8__AOI22_X1_B2_ZN_NAND2_X1_A2_ZN_NOR4_X1_A4_ZN_AOI22_X1_B1_ZN_OAI21_X1_B1_ZN_AOI21_X1_B1_ZN_OAI22_X1_A1:ZN (OAI22_X1)          |        | 0.001       | 0.000      | 0.012      |             | 0.020  | 0.815f         |
| u_core.u_data_mem.gen_dcache.u_dcache.array_read_tag_array_8__AOI22_X1_B2_ZN_NAND2_X1_A2_ZN_NOR4_X1_A4_ZN_AOI22_X1_B1_ZN_OAI21_X1_B1_ZN_AOI21_X1_B1_ZN_OAI22_X1_A1_ZN (net)               | 1      |             |            |            | 0.000       |        |                |
| u_core.u_data_mem.gen_dcache.u_dcache.array_read_tag_array_8__AOI22_X1_B2_ZN_NAND2_X1_A2_ZN_NOR4_X1_A4_ZN_AOI22_X1_B1_ZN_OAI21_X1_B1_ZN_AOI21_X1_B1_ZN_OAI22_X1_A1_ZN_BUF_X1_A:A (BUF_X1) |        | 0.001       | 0.000      | 0.012      |             | 0.000  | 0.815f         |
| u_core.u_data_mem.gen_dcache.u_dcache.array_read_tag_array_8__AOI22_X1_B2_ZN_NAND2_X1_A2_ZN_NOR4_X1_A4_ZN_AOI22_X1_B1_ZN_OAI21_X1_B1_ZN_AOI21_X1_B1_ZN_OAI22_X1_A1_ZN_BUF_X1_A:Z (BUF_X1) |        | 0.013       | 0.000      | 0.018      |             | 0.046  | 0.861f         |
| u_core.completion_result_422__MUX2_X1_Z_S (net)                                                                                                                                           | 10     |             |            |            | 0.000       |        |                |
| u_core.execute_packet_valid_reg_p_QN_AOI21_X1_A_B2_AND3_X2_A1_A2_AOI21_X1_ZN:B1 (AOI21_X1)                                                                                                |        | 0.002       | 0.000      | 0.018      |             | 0.000  | 0.861f         |
| u_core.execute_packet_valid_reg_p_QN_AOI21_X1_A_B2_AND3_X2_A1_A2_AOI21_X1_ZN:ZN (AOI21_X1)                                                                                                |        | 0.002       | 0.000      | 0.023      |             | 0.031  | 0.892r         |
| u_core.execute_packet_valid_reg_p_QN_AOI21_X1_A_B2_AND3_X2_A1_A2 (net)                                                                                                                    | 1      |             |            |            | 0.000       |        |                |
| u_core.execute_packet_valid_reg_p_QN_AOI21_X1_A_B2_AND3_X2_A1:A2 (AND3_X2)                                                                                                                |        | 0.002       | 0.000      | 0.023      |             | 0.000  | 0.892r         |
| u_core.execute_packet_valid_reg_p_QN_AOI21_X1_A_B2_AND3_X2_A1:ZN (AND3_X2)                                                                                                                |        | 0.008       | 0.000      | 0.016      |             | 0.052  | 0.945r         |
| u_core.execute_packet_valid_reg_p_QN_AOI21_X1_A_B2_AND3_X2_A1_ZN (net)                                                                                                                    | 2      |             |            |            | 0.000       |        |                |
| u_core.execute_packet_258__XNOR2_X1_A_ZN_NAND4_X1_A1_ZN_AND3_X1_A3:A2 (AND3_X1)                                                                                                           |        | 0.001       | 0.000      | 0.016      |             | 0.000  | 0.945r         |
| u_core.execute_packet_258__XNOR2_X1_A_ZN_NAND4_X1_A1_ZN_AND3_X1_A3:ZN (AND3_X1)                                                                                                           |        | 0.002       | 0.000      | 0.012      |             | 0.046  | 0.990r         |
| u_core.execute_packet_258__XNOR2_X1_A_ZN_NAND4_X1_A1_ZN_AND3_X1_A3_ZN (net)                                                                                                               | 1      |             |            |            | 0.000       |        |                |
| u_core.execute_packet_0__AOI21_X1_B2_ZN_NAND3_X1_A3:A1 (NAND3_X1)                                                                                                                         |        | 0.002       | 0.000      | 0.012      |             | 0.000  | 0.990r         |
| u_core.execute_packet_0__AOI21_X1_B2_ZN_NAND3_X1_A3:ZN (NAND3_X1)                                                                                                                         |        | 0.023       | 0.000      | 0.065      |             | 0.081  | 1.072f         |
| u_core.commit_266__OAI211_X1_C2_A_OAI21_X1_ZN_B1 (net)                                                                                                                                    | 15     |             |            |            | 0.000       |        |                |
| u_core.u_icache.miss_lookup_resp_2__MUX2_X1_B_Z_XOR2_X1_B_Z_NOR2_X1_A1_ZN_NAND4_X1_A3:A1 (NAND4_X1)                                                                                       |        | 0.002       | 0.000      | 0.065      |             | 0.000  | 1.072f         |
| u_core.u_icache.miss_lookup_resp_2__MUX2_X1_B_Z_XOR2_X1_B_Z_NOR2_X1_A1_ZN_NAND4_X1_A3:ZN (NAND4_X1)                                                                                       |        | 0.013       | 0.000      | 0.044      |             | 0.076  | 1.147r         |
| u_core.csr_read_illegal_AOI21_X1_ZN_B2 (net)                                                                                                                                              | 7      |             |            |            | 0.000       |        |                |
| u_core.u_lsu.pending_lsu_context_q_139__OAI221_X1_A_ZN_AOI211_X2_A:C1 (AOI211_X2)                                                                                                         |        | 0.003       | 0.000      | 0.044      |             | 0.000  | 1.147r         |
| u_core.u_lsu.pending_lsu_context_q_139__OAI221_X1_A_ZN_AOI211_X2_A:ZN (AOI211_X2)                                                                                                         |        | 0.009       | 0.000      | 0.020      |             | 0.032  | 1.180f         |
| u_core.decoded_execute_packet_174__AOI221_X1_B1_C2_NOR4_X1_ZN_A3 (net)                                                                                                                    | 5      |             |            |            | 0.000       |        |                |
| u_core.decoded_execute_packet_174__AOI221_X1_B1_ZN_OAI22_X1_A1_B2_NAND3_X1_ZN:A1 (NAND3_X1)                                                                                               |        | 0.002       | 0.000      | 0.020      |             | 0.000  | 1.180f         |
| u_core.decoded_execute_packet_174__AOI221_X1_B1_ZN_OAI22_X1_A1_B2_NAND3_X1_ZN:ZN (NAND3_X1)                                                                                               |        | 0.004       | 0.000      | 0.021      |             | 0.029  | 1.209r         |
| u_core.decoded_execute_packet_174__AOI221_X1_B1_ZN_OAI22_X1_A1_B2 (net)                                                                                                                   | 3      |             |            |            | 0.000       |        |                |
| u_core.decoded_execute_packet_209__NAND4_X1_A4_A1_AOI211_X1_ZN_B_OR3_X1_ZN_A3_AOI21_X1_ZN:B2 (AOI21_X1)                                                                                   |        | 0.002       | 0.000      | 0.021      |             | 0.000  | 1.209r         |
| u_core.decoded_execute_packet_209__NAND4_X1_A4_A1_AOI211_X1_ZN_B_OR3_X1_ZN_A3_AOI21_X1_ZN:ZN (AOI21_X1)                                                                                   |        | 0.002       | 0.000      | 0.021      |             | 0.021  | 1.230f         |
| u_core.decoded_execute_packet_209__NAND4_X1_A4_A1_AOI211_X1_ZN_B_OR3_X1_ZN_A3 (net)                                                                                                       | 2      |             |            |            | 0.000       |        |                |
| u_core.execute_serializing_instruction_present_NOR2_X1_A1_ZN_OAI211_X1_A_ZN_OAI33_X1_A1:A3 (OAI33_X1)                                                                                     |        | 0.002       | 0.000      | 0.021      |             | 0.000  | 1.230f         |
| u_core.execute_serializing_instruction_present_NOR2_X1_A1_ZN_OAI211_X1_A_ZN_OAI33_X1_A1:ZN (OAI33_X1)                                                                                     |        | 0.005       | 0.000      | 0.083      |             | 0.086  | 1.316r         |
| u_core.u_fetch_buffer.entry_count_d_1__AOI21_X1_ZN_B2_NAND4_X1_ZN_A2 (net)                                                                                                                | 3      |             |            |            | 0.000       |        |                |
| u_core.u_fence_i_ctrl.icache_lookup_stalled_q_reg_p_D_AOI21_X1_ZN_B2_OAI211_X1_B_C1_AOI21_X1_ZN_B1_AOI21_X1_ZN:B1 (AOI21_X1)                                                              |        | 0.002       | 0.000      | 0.083      |             | 0.000  | 1.316r         |
| u_core.u_fence_i_ctrl.icache_lookup_stalled_q_reg_p_D_AOI21_X1_ZN_B2_OAI211_X1_B_C1_AOI21_X1_ZN_B1_AOI21_X1_ZN:ZN (AOI21_X1)                                                              |        | 0.001       | 0.000      | 0.022      |             | 0.023  | 1.339f         |
| u_core.u_fence_i_ctrl.icache_lookup_stalled_q_reg_p_D_AOI21_X1_ZN_B2_OAI211_X1_B_C1_AOI21_X1_ZN_B1 (net)                                                                                  | 1      |             |            |            | 0.000       |        |                |
| u_core.u_fence_i_ctrl.icache_lookup_stalled_q_reg_p_D_AOI21_X1_ZN_B2_OAI211_X1_B_C1_AOI21_X1_ZN:B1 (AOI21_X1)                                                                             |        | 0.002       | 0.000      | 0.022      |             | 0.000  | 1.339f         |
| u_core.u_fence_i_ctrl.icache_lookup_stalled_q_reg_p_D_AOI21_X1_ZN_B2_OAI211_X1_B_C1_AOI21_X1_ZN:ZN (AOI21_X1)                                                                             |        | 0.002       | 0.000      | 0.023      |             | 0.033  | 1.372r         |
| u_core.u_fence_i_ctrl.icache_lookup_stalled_q_reg_p_D_AOI21_X1_ZN_B2_OAI211_X1_B_C1 (net)                                                                                                 | 1      |             |            |            | 0.000       |        |                |
| u_core.u_fence_i_ctrl.icache_lookup_stalled_q_reg_p_D_AOI21_X1_ZN_B2_OAI211_X1_B:C1 (OAI211_X1)                                                                                           |        | 0.002       | 0.000      | 0.023      |             | 0.000  | 1.372r         |
| u_core.u_fence_i_ctrl.icache_lookup_stalled_q_reg_p_D_AOI21_X1_ZN_B2_OAI211_X1_B:ZN (OAI211_X1)                                                                                           |        | 0.005       | 0.000      | 0.024      |             | 0.033  | 1.405f         |
| u_core.u_fence_i_ctrl.icache_lookup_stalled_q_reg_p_D_AOI21_X1_ZN_B2_OAI211_X1_B_ZN (net)                                                                                                 | 3      |             |            |            | 0.000       |        |                |
| u_core.u_ifu.predictor_fetch_pc_q_0__reg_p_CK_CLKGATE_X1_GCK_E_AOI22_X1_ZN_B2_NAND3_X1_ZN_A1_NAND3_X1_ZN:A1 (NAND3_X1)                                                                    |        | 0.002       | 0.000      | 0.024      |             | 0.000  | 1.405f         |
| u_core.u_ifu.predictor_fetch_pc_q_0__reg_p_CK_CLKGATE_X1_GCK_E_AOI22_X1_ZN_B2_NAND3_X1_ZN_A1_NAND3_X1_ZN:ZN (NAND3_X1)                                                                    |        | 0.003       | 0.000      | 0.018      |             | 0.028  | 1.434r         |
| u_core.u_ifu.predictor_fetch_pc_q_0__reg_p_CK_CLKGATE_X1_GCK_E_AOI22_X1_ZN_B2_NAND3_X1_ZN_A1 (net)                                                                                        | 2      |             |            |            | 0.000       |        |                |
| u_core.u_ifu.predictor_fetch_pc_q_0__reg_p_CK_CLKGATE_X1_GCK_E_AOI22_X1_ZN_B2_NAND3_X1_ZN_A1_NAND2_X1_A1:A1 (NAND2_X1)                                                                    |        | 0.002       | 0.000      | 0.018      |             | 0.000  | 1.434r         |
| u_core.u_ifu.predictor_fetch_pc_q_0__reg_p_CK_CLKGATE_X1_GCK_E_AOI22_X1_ZN_B2_NAND3_X1_ZN_A1_NAND2_X1_A1:ZN (NAND2_X1)                                                                    |        | 0.004       | 0.000      | 0.020      |             | 0.023  | 1.457f         |
| u_core.u_ifu.lookup_queue_write_index_q_AND2_X1_A1_A2_AOI211_X1_ZN_B (net)                                                                                                                | 3      |             |            |            | 0.000       |        |                |
| u_core.u_ifu.lookup_queue_write_index_q_AND2_X1_A1_A2_AOI211_X1_ZN:B (AOI211_X1)                                                                                                          |        | 0.002       | 0.000      | 0.020      |             | 0.000  | 1.457f         |
| u_core.u_ifu.lookup_queue_write_index_q_AND2_X1_A1_A2_AOI211_X1_ZN:ZN (AOI211_X1)                                                                                                         |        | 0.002       | 0.000      | 0.039      |             | 0.057  | 1.513r         |
| u_core.u_ifu.lookup_queue_write_index_q_AND2_X1_A1_A2 (net)                                                                                                                               | 2      |             |            |            | 0.000       |        |                |
| u_core.u_ifu.lookup_queue_write_index_q_reg_p_QN_AND2_X1_A1:A2 (AND2_X1)                                                                                                                  |        | 0.001       | 0.000      | 0.039      |             | 0.000  | 1.513r         |
| u_core.u_ifu.lookup_queue_write_index_q_reg_p_QN_AND2_X1_A1:ZN (AND2_X1)                                                                                                                  |        | 0.001       | 0.000      | 0.008      |             | 0.037  | 1.550r         |
| u_core.u_ifu.lookup_queue_write_index_q_reg_p_QN_AND2_X1_A1_ZN (net)                                                                                                                      | 1      |             |            |            | 0.000       |        |                |
| u_core.u_ifu.lookup_queue_write_index_q_reg_p_QN_AND2_X1_A1_ZN_CLKGATE_X1_E:E (CLKGATE_X1)                                                                                                |        | 0.001       | 0.000      | 0.007      |             | 0.000  | 1.550r         |
|                                                                                                                                                                                           |        |             |            |            |             |        |                |
| clk_i (port)                                                                                                                                                                              |        | 0.952       | 0.000      | 0.100      |             | 0.000  | 0.000r         |
| clk_i (clock net)                                                                                                                                                                         | 552    |             |            |            | NA          |        |                |
| u_core.u_ifu.lookup_queue_write_index_q_reg_p_QN_AND2_X1_A1_ZN_CLKGATE_X1_E:CK (CLKGATE_X1)                                                                                               |        | 0.002       | 0.000      | 0.000      |             | 0.000  | 0.000r         |
| clock core_clock (rise edge)                                                                                                                                                              |        |             |            |            |             | 1.724  | 1.724          |
| clock network delay (ideal)                                                                                                                                                               |        |             |            |            |             | 0.000  | 1.724          |
| u_core.u_ifu.lookup_queue_write_index_q_reg_p_QN_AND2_X1_A1_ZN_CLKGATE_X1_E:CK (CLKGATE_X1)                                                                                               |        |             |            |            |             |        | 1.724r         |
| library setup time                                                                                                                                                                        |        |             |            |            |             | -0.049 | 1.675          |
| clock reconvergence pessimism                                                                                                                                                             |        |             |            |            |             | 0.000  | 1.675          |
|                                                                                                                                                                                           |        |             |            |            |             |        |                |
| path cell delay                                                                                                                                                                           |        |             |            |            |             |        | 1.205(77.754%) |
| path net delay                                                                                                                                                                            |        |             |            |            |             |        | 0.000(0.000%)  |
|                                                                                                                                                                                           |        |             |            |            |             |        |                |
| data require time                                                                                                                                                                         |        |             |            |            |             |        | 1.675          |
| data arrival time                                                                                                                                                                         |        |             |            |            |             |        | 1.550          |
| slack (MET)                                                                                                                                                                               |        |             |            |            |             |        | 0.125          |
+-------------------------------------------------------------------------------------------------------------------------------------------------------------------------------------------+--------+-------------+------------+------------+-------------+--------+----------------+
+-------------------------------------------------------------------------------------------+--------+-------------+------------+------------+-------------+--------+-----------------+
| Point                                                                                     | Fanout | Capacitance | Resistance | Transition | Delta Delay | Incr   | Path            |
+-------------------------------------------------------------------------------------------+--------+-------------+------------+------------+-------------+--------+-----------------+
| clk_i (port)                                                                              |        | 0.952       | 0.000      | 0.100      |             | 0.000  | 0.000r          |
| clk_i (clock net)                                                                         | 552    |             |            |            | NA          |        |                 |
| u_core.next_pc_predictor_lookup_request_epoch_0__reg_p_CK_CLKGATE_X1_GCK:CK (CLKGATE_X1)  |        | 0.002       | 0.000      | 0.000      |             | 0.000  | 0.000r          |
| u_core.next_pc_predictor_lookup_request_epoch_0__reg_p_CK_CLKGATE_X1_GCK:GCK (CLKGATE_X1) |        | 0.002       | 0.000      | 0.000      |             | 0.000  | 0.000r          |
| u_core.next_pc_predictor_lookup_request_epoch_0__reg_p_CK (clock net)                     | 2      |             |            |            | NA          |        |                 |
| u_core.next_pc_predictor_lookup_request_epoch_0__reg_p:CK (DFFR_X1)                       |        | 0.001       | 0.000      | 0.000      |             | 0.000  | 0.000r          |
| clock core_clock (rise edge)                                                              |        |             |            |            |             | 0      | 0               |
| clock network delay (ideal)                                                               |        |             |            |            |             | 0.000  | 0.000           |
| u_core.next_pc_predictor_lookup_request_epoch_0__reg_p:CK (DFFR_X1)                       |        | 0.001       | 0.000      | 0.000      |             | 0.000  | 0.000r          |
| u_core.next_pc_predictor_lookup_request_epoch_0__reg_p:QN (DFFR_X1)                       |        | 0.001       | 0.000      | 0.011      |             | 0.066  | 0.066r          |
| u_core.next_pc_predictor_lookup_request_epoch_0__reg_p_D (net)                            | 1      |             |            |            | 0.000       |        |                 |
| u_core.next_pc_predictor_lookup_request_epoch_0__reg_p:D (DFFR_X1)                        |        | 0.001       | 0.000      | 0.011      |             | 0.000  | 0.066r          |
|                                                                                           |        |             |            |            |             |        |                 |
| clk_i (port)                                                                              |        | 0.952       | 0.000      | 0.100      |             | 0.000  | 0.000r          |
| clk_i (clock net)                                                                         | 552    |             |            |            | NA          |        |                 |
| u_core.next_pc_predictor_lookup_request_epoch_0__reg_p_CK_CLKGATE_X1_GCK:CK (CLKGATE_X1)  |        | 0.002       | 0.000      | 0.000      |             | 0.000  | 0.000r          |
| u_core.next_pc_predictor_lookup_request_epoch_0__reg_p_CK_CLKGATE_X1_GCK:GCK (CLKGATE_X1) |        | 0.002       | 0.000      | 0.000      |             | 0.000  | 0.000r          |
| u_core.next_pc_predictor_lookup_request_epoch_0__reg_p_CK (clock net)                     | 2      |             |            |            | NA          |        |                 |
| u_core.next_pc_predictor_lookup_request_epoch_0__reg_p:CK (DFFR_X1)                       |        | 0.001       | 0.000      | 0.000      |             | 0.000  | 0.000r          |
| clock core_clock (rise edge)                                                              |        |             |            |            |             | 0      | 0               |
| clock network delay (ideal)                                                               |        |             |            |            |             | 0.000  | 0.000           |
| u_core.next_pc_predictor_lookup_request_epoch_0__reg_p:CK (DFFR_X1)                       |        |             |            |            |             |        | 0.000r          |
| library hold time                                                                         |        |             |            |            |             | 0.006  | 0.006           |
| clock reconvergence pessimism                                                             |        |             |            |            |             | -0.000 | 0.006           |
|                                                                                           |        |             |            |            |             |        |                 |
| path cell delay                                                                           |        |             |            |            |             |        | 0.066(100.000%) |
| path net delay                                                                            |        |             |            |            |             |        | 0.000(0.000%)   |
|                                                                                           |        |             |            |            |             |        |                 |
| data require time                                                                         |        |             |            |            |             |        | 0.006           |
| data arrival time                                                                         |        |             |            |            |             |        | 0.066           |
| slack (MET)                                                                               |        |             |            |            |             |        | 0.060           |
+-------------------------------------------------------------------------------------------+--------+-------------+------------+------------+-------------+--------+-----------------+
+-------------------------------------------------------------------------------------------+--------+-------------+------------+------------+-------------+--------+-----------------+
| Point                                                                                     | Fanout | Capacitance | Resistance | Transition | Delta Delay | Incr   | Path            |
+-------------------------------------------------------------------------------------------+--------+-------------+------------+------------+-------------+--------+-----------------+
| clk_i (port)                                                                              |        | 0.952       | 0.000      | 0.100      |             | 0.000  | 0.000r          |
| clk_i (clock net)                                                                         | 552    |             |            |            | NA          |        |                 |
| u_core.next_pc_predictor_lookup_request_epoch_0__reg_p_CK_CLKGATE_X1_GCK:CK (CLKGATE_X1)  |        | 0.002       | 0.000      | 0.000      |             | 0.000  | 0.000r          |
| u_core.next_pc_predictor_lookup_request_epoch_0__reg_p_CK_CLKGATE_X1_GCK:GCK (CLKGATE_X1) |        | 0.002       | 0.000      | 0.000      |             | 0.000  | 0.000r          |
| u_core.next_pc_predictor_lookup_request_epoch_0__reg_p_CK (clock net)                     | 2      |             |            |            | NA          |        |                 |
| u_core.next_pc_predictor_lookup_request_epoch_0__reg_p:CK (DFFR_X1)                       |        | 0.001       | 0.000      | 0.000      |             | 0.000  | 0.000r          |
| clock core_clock (rise edge)                                                              |        |             |            |            |             | 0      | 0               |
| clock network delay (ideal)                                                               |        |             |            |            |             | 0.000  | 0.000           |
| u_core.next_pc_predictor_lookup_request_epoch_0__reg_p:CK (DFFR_X1)                       |        | 0.001       | 0.000      | 0.000      |             | 0.000  | 0.000r          |
| u_core.next_pc_predictor_lookup_request_epoch_0__reg_p:QN (DFFR_X1)                       |        | 0.001       | 0.000      | 0.011      |             | 0.066  | 0.066r          |
| u_core.next_pc_predictor_lookup_request_epoch_0__reg_p_D (net)                            | 1      |             |            |            | 0.000       |        |                 |
| u_core.next_pc_predictor_lookup_request_epoch_0__reg_p:D (DFFR_X1)                        |        | 0.001       | 0.000      | 0.011      |             | 0.000  | 0.066r          |
|                                                                                           |        |             |            |            |             |        |                 |
| clk_i (port)                                                                              |        | 0.952       | 0.000      | 0.100      |             | 0.000  | 0.000r          |
| clk_i (clock net)                                                                         | 552    |             |            |            | NA          |        |                 |
| u_core.next_pc_predictor_lookup_request_epoch_0__reg_p_CK_CLKGATE_X1_GCK:CK (CLKGATE_X1)  |        | 0.002       | 0.000      | 0.000      |             | 0.000  | 0.000r          |
| u_core.next_pc_predictor_lookup_request_epoch_0__reg_p_CK_CLKGATE_X1_GCK:GCK (CLKGATE_X1) |        | 0.002       | 0.000      | 0.000      |             | 0.000  | 0.000r          |
| u_core.next_pc_predictor_lookup_request_epoch_0__reg_p_CK (clock net)                     | 2      |             |            |            | NA          |        |                 |
| u_core.next_pc_predictor_lookup_request_epoch_0__reg_p:CK (DFFR_X1)                       |        | 0.001       | 0.000      | 0.000      |             | 0.000  | 0.000r          |
| clock core_clock (rise edge)                                                              |        |             |            |            |             | 0      | 0               |
| clock network delay (ideal)                                                               |        |             |            |            |             | 0.000  | 0.000           |
| u_core.next_pc_predictor_lookup_request_epoch_0__reg_p:CK (DFFR_X1)                       |        |             |            |            |             |        | 0.000r          |
| library hold time                                                                         |        |             |            |            |             | 0.006  | 0.006           |
| clock reconvergence pessimism                                                             |        |             |            |            |             | -0.000 | 0.006           |
|                                                                                           |        |             |            |            |             |        |                 |
| path cell delay                                                                           |        |             |            |            |             |        | 0.066(100.000%) |
| path net delay                                                                            |        |             |            |            |             |        | 0.000(0.000%)   |
|                                                                                           |        |             |            |            |             |        |                 |
| data require time                                                                         |        |             |            |            |             |        | 0.006           |
| data arrival time                                                                         |        |             |            |            |             |        | 0.066           |
| slack (MET)                                                                               |        |             |            |            |             |        | 0.060           |
+-------------------------------------------------------------------------------------------+--------+-------------+------------+------------+-------------+--------+-----------------+
+---------------------------------------------------------------------------------+--------+-------------+------------+------------+-------------+--------+-----------------+
| Point                                                                           | Fanout | Capacitance | Resistance | Transition | Delta Delay | Incr   | Path            |
+---------------------------------------------------------------------------------+--------+-------------+------------+------------+-------------+--------+-----------------+
| clk_i (port)                                                                    |        | 0.952       | 0.000      | 0.100      |             | 0.000  | 0.000r          |
| clk_i (clock net)                                                               | 552    |             |            |            | NA          |        |                 |
| u_core.u_ifu.lookup_queue_read_index_q_reg_p_CK_CLKGATE_X1_GCK:CK (CLKGATE_X1)  |        | 0.002       | 0.000      | 0.000      |             | 0.000  | 0.000r          |
| u_core.u_ifu.lookup_queue_read_index_q_reg_p_CK_CLKGATE_X1_GCK:GCK (CLKGATE_X1) |        | 0.001       | 0.000      | 0.000      |             | 0.000  | 0.000r          |
| u_core.u_ifu.lookup_queue_read_index_q_reg_p_CK (clock net)                     | 1      |             |            |            | NA          |        |                 |
| u_core.u_ifu.lookup_queue_read_index_q_reg_p:CK (DFFR_X1)                       |        | 0.001       | 0.000      | 0.000      |             | 0.000  | 0.000r          |
| clock core_clock (rise edge)                                                    |        |             |            |            |             | 0      | 0               |
| clock network delay (ideal)                                                     |        |             |            |            |             | 0.000  | 0.000           |
| u_core.u_ifu.lookup_queue_read_index_q_reg_p:CK (DFFR_X1)                       |        | 0.001       | 0.000      | 0.000      |             | 0.000  | 0.000r          |
| u_core.u_ifu.lookup_queue_read_index_q_reg_p:QN (DFFR_X1)                       |        | 0.002       | 0.000      | 0.011      |             | 0.066  | 0.066r          |
| u_core.u_ifu.lookup_queue_read_index_d (net)                                    | 2      |             |            |            | 0.000       |        |                 |
| u_core.u_ifu.lookup_queue_read_index_q_reg_p:D (DFFR_X1)                        |        | 0.001       | 0.000      | 0.011      |             | 0.000  | 0.066r          |
|                                                                                 |        |             |            |            |             |        |                 |
| clk_i (port)                                                                    |        | 0.952       | 0.000      | 0.100      |             | 0.000  | 0.000r          |
| clk_i (clock net)                                                               | 552    |             |            |            | NA          |        |                 |
| u_core.u_ifu.lookup_queue_read_index_q_reg_p_CK_CLKGATE_X1_GCK:CK (CLKGATE_X1)  |        | 0.002       | 0.000      | 0.000      |             | 0.000  | 0.000r          |
| u_core.u_ifu.lookup_queue_read_index_q_reg_p_CK_CLKGATE_X1_GCK:GCK (CLKGATE_X1) |        | 0.001       | 0.000      | 0.000      |             | 0.000  | 0.000r          |
| u_core.u_ifu.lookup_queue_read_index_q_reg_p_CK (clock net)                     | 1      |             |            |            | NA          |        |                 |
| u_core.u_ifu.lookup_queue_read_index_q_reg_p:CK (DFFR_X1)                       |        | 0.001       | 0.000      | 0.000      |             | 0.000  | 0.000r          |
| clock core_clock (rise edge)                                                    |        |             |            |            |             | 0      | 0               |
| clock network delay (ideal)                                                     |        |             |            |            |             | 0.000  | 0.000           |
| u_core.u_ifu.lookup_queue_read_index_q_reg_p:CK (DFFR_X1)                       |        |             |            |            |             |        | 0.000r          |
| library hold time                                                               |        |             |            |            |             | 0.006  | 0.006           |
| clock reconvergence pessimism                                                   |        |             |            |            |             | -0.000 | 0.006           |
|                                                                                 |        |             |            |            |             |        |                 |
| path cell delay                                                                 |        |             |            |            |             |        | 0.066(100.000%) |
| path net delay                                                                  |        |             |            |            |             |        | 0.000(0.000%)   |
|                                                                                 |        |             |            |            |             |        |                 |
| data require time                                                               |        |             |            |            |             |        | 0.006           |
| data arrival time                                                               |        |             |            |            |             |        | 0.066           |
| slack (MET)                                                                     |        |             |            |            |             |        | 0.060           |
+---------------------------------------------------------------------------------+--------+-------------+------------+------------+-------------+--------+-----------------+
+---------------------------------------------------------------------------------+--------+-------------+------------+------------+-------------+--------+-----------------+
| Point                                                                           | Fanout | Capacitance | Resistance | Transition | Delta Delay | Incr   | Path            |
+---------------------------------------------------------------------------------+--------+-------------+------------+------------+-------------+--------+-----------------+
| clk_i (port)                                                                    |        | 0.952       | 0.000      | 0.100      |             | 0.000  | 0.000r          |
| clk_i (clock net)                                                               | 552    |             |            |            | NA          |        |                 |
| u_core.u_ifu.lookup_queue_read_index_q_reg_p_CK_CLKGATE_X1_GCK:CK (CLKGATE_X1)  |        | 0.002       | 0.000      | 0.000      |             | 0.000  | 0.000r          |
| u_core.u_ifu.lookup_queue_read_index_q_reg_p_CK_CLKGATE_X1_GCK:GCK (CLKGATE_X1) |        | 0.001       | 0.000      | 0.000      |             | 0.000  | 0.000r          |
| u_core.u_ifu.lookup_queue_read_index_q_reg_p_CK (clock net)                     | 1      |             |            |            | NA          |        |                 |
| u_core.u_ifu.lookup_queue_read_index_q_reg_p:CK (DFFR_X1)                       |        | 0.001       | 0.000      | 0.000      |             | 0.000  | 0.000r          |
| clock core_clock (rise edge)                                                    |        |             |            |            |             | 0      | 0               |
| clock network delay (ideal)                                                     |        |             |            |            |             | 0.000  | 0.000           |
| u_core.u_ifu.lookup_queue_read_index_q_reg_p:CK (DFFR_X1)                       |        | 0.001       | 0.000      | 0.000      |             | 0.000  | 0.000r          |
| u_core.u_ifu.lookup_queue_read_index_q_reg_p:QN (DFFR_X1)                       |        | 0.002       | 0.000      | 0.011      |             | 0.066  | 0.066r          |
| u_core.u_ifu.lookup_queue_read_index_d (net)                                    | 2      |             |            |            | 0.000       |        |                 |
| u_core.u_ifu.lookup_queue_read_index_q_reg_p:D (DFFR_X1)                        |        | 0.001       | 0.000      | 0.011      |             | 0.000  | 0.066r          |
|                                                                                 |        |             |            |            |             |        |                 |
| clk_i (port)                                                                    |        | 0.952       | 0.000      | 0.100      |             | 0.000  | 0.000r          |
| clk_i (clock net)                                                               | 552    |             |            |            | NA          |        |                 |
| u_core.u_ifu.lookup_queue_read_index_q_reg_p_CK_CLKGATE_X1_GCK:CK (CLKGATE_X1)  |        | 0.002       | 0.000      | 0.000      |             | 0.000  | 0.000r          |
| u_core.u_ifu.lookup_queue_read_index_q_reg_p_CK_CLKGATE_X1_GCK:GCK (CLKGATE_X1) |        | 0.001       | 0.000      | 0.000      |             | 0.000  | 0.000r          |
| u_core.u_ifu.lookup_queue_read_index_q_reg_p_CK (clock net)                     | 1      |             |            |            | NA          |        |                 |
| u_core.u_ifu.lookup_queue_read_index_q_reg_p:CK (DFFR_X1)                       |        | 0.001       | 0.000      | 0.000      |             | 0.000  | 0.000r          |
| clock core_clock (rise edge)                                                    |        |             |            |            |             | 0      | 0               |
| clock network delay (ideal)                                                     |        |             |            |            |             | 0.000  | 0.000           |
| u_core.u_ifu.lookup_queue_read_index_q_reg_p:CK (DFFR_X1)                       |        |             |            |            |             |        | 0.000r          |
| library hold time                                                               |        |             |            |            |             | 0.006  | 0.006           |
| clock reconvergence pessimism                                                   |        |             |            |            |             | -0.000 | 0.006           |
|                                                                                 |        |             |            |            |             |        |                 |
| path cell delay                                                                 |        |             |            |            |             |        | 0.066(100.000%) |
| path net delay                                                                  |        |             |            |            |             |        | 0.000(0.000%)   |
|                                                                                 |        |             |            |            |             |        |                 |
| data require time                                                               |        |             |            |            |             |        | 0.006           |
| data arrival time                                                               |        |             |            |            |             |        | 0.066           |
| slack (MET)                                                                     |        |             |            |            |             |        | 0.060           |
+---------------------------------------------------------------------------------+--------+-------------+------------+------------+-------------+--------+-----------------+
+-------------------------------------------------------------------------------------------+--------+-------------+------------+------------+-------------+--------+-----------------+
| Point                                                                                     | Fanout | Capacitance | Resistance | Transition | Delta Delay | Incr   | Path            |
+-------------------------------------------------------------------------------------------+--------+-------------+------------+------------+-------------+--------+-----------------+
| clk_i (port)                                                                              |        | 0.952       | 0.000      | 0.100      |             | 0.000  | 0.000r          |
| clk_i (clock net)                                                                         | 552    |             |            |            | NA          |        |                 |
| u_core.next_pc_predictor_lookup_request_epoch_0__reg_p_CK_CLKGATE_X1_GCK:CK (CLKGATE_X1)  |        | 0.002       | 0.000      | 0.000      |             | 0.000  | 0.000r          |
| u_core.next_pc_predictor_lookup_request_epoch_0__reg_p_CK_CLKGATE_X1_GCK:GCK (CLKGATE_X1) |        | 0.002       | 0.000      | 0.000      |             | 0.000  | 0.000r          |
| u_core.next_pc_predictor_lookup_request_epoch_0__reg_p_CK (clock net)                     | 2      |             |            |            | NA          |        |                 |
| u_core.next_pc_predictor_lookup_request_epoch_0__reg_p:CK (DFFR_X1)                       |        | 0.001       | 0.000      | 0.000      |             | 0.000  | 0.000r          |
| clock core_clock (rise edge)                                                              |        |             |            |            |             | 0      | 0               |
| clock network delay (ideal)                                                               |        |             |            |            |             | 0.000  | 0.000           |
| u_core.next_pc_predictor_lookup_request_epoch_0__reg_p:CK (DFFR_X1)                       |        | 0.001       | 0.000      | 0.000      |             | 0.000  | 0.000r          |
| u_core.next_pc_predictor_lookup_request_epoch_0__reg_p:QN (DFFR_X1)                       |        | 0.001       | 0.000      | 0.012      |             | 0.065  | 0.065f          |
| u_core.next_pc_predictor_lookup_request_epoch_0__reg_p_D (net)                            | 1      |             |            |            | 0.000       |        |                 |
| u_core.next_pc_predictor_lookup_request_epoch_0__reg_p:D (DFFR_X1)                        |        | 0.001       | 0.000      | 0.012      |             | 0.000  | 0.065f          |
|                                                                                           |        |             |            |            |             |        |                 |
| clk_i (port)                                                                              |        | 0.952       | 0.000      | 0.100      |             | 0.000  | 0.000r          |
| clk_i (clock net)                                                                         | 552    |             |            |            | NA          |        |                 |
| u_core.next_pc_predictor_lookup_request_epoch_0__reg_p_CK_CLKGATE_X1_GCK:CK (CLKGATE_X1)  |        | 0.002       | 0.000      | 0.000      |             | 0.000  | 0.000r          |
| u_core.next_pc_predictor_lookup_request_epoch_0__reg_p_CK_CLKGATE_X1_GCK:GCK (CLKGATE_X1) |        | 0.002       | 0.000      | 0.000      |             | 0.000  | 0.000r          |
| u_core.next_pc_predictor_lookup_request_epoch_0__reg_p_CK (clock net)                     | 2      |             |            |            | NA          |        |                 |
| u_core.next_pc_predictor_lookup_request_epoch_0__reg_p:CK (DFFR_X1)                       |        | 0.001       | 0.000      | 0.000      |             | 0.000  | 0.000r          |
| clock core_clock (rise edge)                                                              |        |             |            |            |             | 0      | 0               |
| clock network delay (ideal)                                                               |        |             |            |            |             | 0.000  | 0.000           |
| u_core.next_pc_predictor_lookup_request_epoch_0__reg_p:CK (DFFR_X1)                       |        |             |            |            |             |        | 0.000r          |
| library hold time                                                                         |        |             |            |            |             | 0.003  | 0.003           |
| clock reconvergence pessimism                                                             |        |             |            |            |             | -0.000 | 0.003           |
|                                                                                           |        |             |            |            |             |        |                 |
| path cell delay                                                                           |        |             |            |            |             |        | 0.065(100.000%) |
| path net delay                                                                            |        |             |            |            |             |        | 0.000(0.000%)   |
|                                                                                           |        |             |            |            |             |        |                 |
| data require time                                                                         |        |             |            |            |             |        | 0.003           |
| data arrival time                                                                         |        |             |            |            |             |        | 0.065           |
| slack (MET)                                                                               |        |             |            |            |             |        | 0.062           |
+-------------------------------------------------------------------------------------------+--------+-------------+------------+------------+-------------+--------+-----------------+
+---------------------------------------------------------------------------------------------+--------+-------------+------------+------------+-------------+--------+-----------------+
| Point                                                                                       | Fanout | Capacitance | Resistance | Transition | Delta Delay | Incr   | Path            |
+---------------------------------------------------------------------------------------------+--------+-------------+------------+------------+-------------+--------+-----------------+
| clk_i (port)                                                                                |        | 0.952       | 0.000      | 0.100      |             | 0.000  | 0.000r          |
| clk_i (clock net)                                                                           | 552    |             |            |            | NA          |        |                 |
| u_core.u_ifu.lookup_queue_write_index_q_reg_p_CK_CLKGATE_X1_GCK:CK (CLKGATE_X1)             |        | 0.002       | 0.000      | 0.000      |             | 0.000  | 0.000r          |
| u_core.u_ifu.lookup_queue_write_index_q_reg_p_CK_CLKGATE_X1_GCK:GCK (CLKGATE_X1)            |        | 0.001       | 0.000      | 0.000      |             | 0.000  | 0.000r          |
| u_core.u_ifu.lookup_queue_write_index_q_reg_p_CK (clock net)                                | 1      |             |            |            | NA          |        |                 |
| u_core.u_ifu.lookup_queue_write_index_q_reg_p:CK (DFFR_X1)                                  |        | 0.001       | 0.000      | 0.000      |             | 0.000  | 0.000r          |
| clock core_clock (rise edge)                                                                |        |             |            |            |             | 0      | 0               |
| clock network delay (ideal)                                                                 |        |             |            |            |             | 0.000  | 0.000           |
| u_core.u_ifu.lookup_queue_write_index_q_reg_p:CK (DFFR_X1)                                  |        | 0.001       | 0.000      | 0.000      |             | 0.000  | 0.000r          |
| u_core.u_ifu.lookup_queue_write_index_q_reg_p:QN (DFFR_X1)                                  |        | 0.002       | 0.000      | 0.011      |             | 0.066  | 0.066r          |
| u_core.u_ifu.lookup_queue_write_index_q_reg_p_QN (net)                                      | 2      |             |            |            | 0.000       |        |                 |
| u_core.u_ifu.lookup_queue_write_index_q_reg_p_QN_AND2_X1_A1:A1 (AND2_X1)                    |        | 0.001       | 0.000      | 0.011      |             | 0.000  | 0.066r          |
| u_core.u_ifu.lookup_queue_write_index_q_reg_p_QN_AND2_X1_A1:ZN (AND2_X1)                    |        | 0.001       | 0.000      | 0.007      |             | 0.029  | 0.095r          |
| u_core.u_ifu.lookup_queue_write_index_q_reg_p_QN_AND2_X1_A1_ZN (net)                        | 1      |             |            |            | 0.000       |        |                 |
| u_core.u_ifu.lookup_queue_write_index_q_reg_p_QN_AND2_X1_A1_ZN_CLKGATE_X1_E:E (CLKGATE_X1)  |        | 0.001       | 0.000      | 0.007      |             | 0.000  | 0.095r          |
|                                                                                             |        |             |            |            |             |        |                 |
| clk_i (port)                                                                                |        | 0.952       | 0.000      | 0.100      |             | 0.000  | 0.000r          |
| clk_i (clock net)                                                                           | 552    |             |            |            | NA          |        |                 |
| u_core.u_ifu.lookup_queue_write_index_q_reg_p_QN_AND2_X1_A1_ZN_CLKGATE_X1_E:CK (CLKGATE_X1) |        | 0.002       | 0.000      | 0.000      |             | 0.000  | 0.000r          |
| clock core_clock (rise edge)                                                                |        |             |            |            |             | 0      | 0               |
| clock network delay (ideal)                                                                 |        |             |            |            |             | 0.000  | 0.000           |
| u_core.u_ifu.lookup_queue_write_index_q_reg_p_QN_AND2_X1_A1_ZN_CLKGATE_X1_E:CK (CLKGATE_X1) |        |             |            |            |             |        | 0.000r          |
| library hold time                                                                           |        |             |            |            |             | -0.002 | -0.002          |
| clock reconvergence pessimism                                                               |        |             |            |            |             | -0.000 | -0.002          |
|                                                                                             |        |             |            |            |             |        |                 |
| path cell delay                                                                             |        |             |            |            |             |        | 0.095(100.000%) |
| path net delay                                                                              |        |             |            |            |             |        | 0.000(0.000%)   |
|                                                                                             |        |             |            |            |             |        |                 |
| data require time                                                                           |        |             |            |            |             |        | -0.002          |
| data arrival time                                                                           |        |             |            |            |             |        | 0.095           |
| slack (MET)                                                                                 |        |             |            |            |             |        | 0.096           |
+---------------------------------------------------------------------------------------------+--------+-------------+------------+------------+-------------+--------+-----------------+
+-------------------------------------------------------------------------------+--------+-------------+------------+------------+-------------+--------+-----------------+
| Point                                                                         | Fanout | Capacitance | Resistance | Transition | Delta Delay | Incr   | Path            |
+-------------------------------------------------------------------------------+--------+-------------+------------+------------+-------------+--------+-----------------+
| clk_i (port)                                                                  |        | 0.952       | 0.000      | 0.100      |             | 0.000  | 0.000r          |
| clk_i (clock net)                                                             | 552    |             |            |            | NA          |        |                 |
| u_core.resolved_execute_result_valid_reg_p_CK_CLKGATE_X1_GCK:CK (CLKGATE_X1)  |        | 0.002       | 0.000      | 0.000      |             | 0.000  | 0.000r          |
| u_core.resolved_execute_result_valid_reg_p_CK_CLKGATE_X1_GCK:GCK (CLKGATE_X1) |        | 0.001       | 0.000      | 0.000      |             | 0.000  | 0.000r          |
| u_core.resolved_execute_result_valid_reg_p_CK (clock net)                     | 1      |             |            |            | NA          |        |                 |
| u_core.resolved_execute_result_valid_reg_p:CK (DFFR_X1)                       |        | 0.001       | 0.000      | 0.000      |             | 0.000  | 0.000r          |
| clock core_clock (rise edge)                                                  |        |             |            |            |             | 0      | 0               |
| clock network delay (ideal)                                                   |        |             |            |            |             | 0.000  | 0.000           |
| u_core.resolved_execute_result_valid_reg_p:CK (DFFR_X1)                       |        | 0.001       | 0.000      | 0.000      |             | 0.000  | 0.000r          |
| u_core.resolved_execute_result_valid_reg_p:QN (DFFR_X1)                       |        | 0.006       | 0.000      | 0.017      |             | 0.075  | 0.075f          |
| u_core.completion_result_valid_OAI221_X1_ZN_A (net)                           | 4      |             |            |            | 0.000       |        |                 |
| u_core.completion_result_valid_OAI221_X1_ZN:A (OAI221_X1)                     |        | 0.002       | 0.000      | 0.017      |             | 0.000  | 0.075f          |
| u_core.completion_result_valid_OAI221_X1_ZN:ZN (OAI221_X1)                    |        | 0.001       | 0.000      | 0.015      |             | 0.023  | 0.097r          |
| u_core.completion_result_valid (net)                                          | 1      |             |            |            | 0.000       |        |                 |
| u_core.completion_result_valid_CLKGATE_X1_E:E (CLKGATE_X1)                    |        | 0.001       | 0.000      | 0.015      |             | 0.000  | 0.097r          |
|                                                                               |        |             |            |            |             |        |                 |
| clk_i (port)                                                                  |        | 0.952       | 0.000      | 0.100      |             | 0.000  | 0.000r          |
| clk_i (clock net)                                                             | 552    |             |            |            | NA          |        |                 |
| u_core.completion_result_valid_CLKGATE_X1_E:CK (CLKGATE_X1)                   |        | 0.002       | 0.000      | 0.000      |             | 0.000  | 0.000r          |
| clock core_clock (rise edge)                                                  |        |             |            |            |             | 0      | 0               |
| clock network delay (ideal)                                                   |        |             |            |            |             | 0.000  | 0.000           |
| u_core.completion_result_valid_CLKGATE_X1_E:CK (CLKGATE_X1)                   |        |             |            |            |             |        | 0.000r          |
| library hold time                                                             |        |             |            |            |             | -0.000 | -0.000          |
| clock reconvergence pessimism                                                 |        |             |            |            |             | -0.000 | -0.000          |
|                                                                               |        |             |            |            |             |        |                 |
| path cell delay                                                               |        |             |            |            |             |        | 0.097(100.000%) |
| path net delay                                                                |        |             |            |            |             |        | 0.000(0.000%)   |
|                                                                               |        |             |            |            |             |        |                 |
| data require time                                                             |        |             |            |            |             |        | -0.000          |
| data arrival time                                                             |        |             |            |            |             |        | 0.097           |
| slack (MET)                                                                   |        |             |            |            |             |        | 0.098           |
+-------------------------------------------------------------------------------+--------+-------------+------------+------------+-------------+--------+-----------------+
+----------------------------------------------------------------------+--------+-------------+------------+------------+-------------+--------+-----------------+
| Point                                                                | Fanout | Capacitance | Resistance | Transition | Delta Delay | Incr   | Path            |
+----------------------------------------------------------------------+--------+-------------+------------+------------+-------------+--------+-----------------+
| clk_i (port)                                                         |        | 0.952       | 0.000      | 0.100      |             | 0.000  | 0.000r          |
| clk_i (clock net)                                                    | 552    |             |            |            | NA          |        |                 |
| u_core.execute_packet_valid_reg_p_CK_CLKGATE_X1_GCK:CK (CLKGATE_X1)  |        | 0.002       | 0.000      | 0.000      |             | 0.000  | 0.000r          |
| u_core.execute_packet_valid_reg_p_CK_CLKGATE_X1_GCK:GCK (CLKGATE_X1) |        | 0.004       | 0.000      | 0.000      |             | 0.000  | 0.000r          |
| u_core.execute_packet_valid_reg_p_CK (clock net)                     | 4      |             |            |            | NA          |        |                 |
| u_core.execute_packet_valid_reg_p:CK (DFFR_X1)                       |        | 0.001       | 0.000      | 0.000      |             | 0.000  | 0.000r          |
| clock core_clock (rise edge)                                         |        |             |            |            |             | 0      | 0               |
| clock network delay (ideal)                                          |        |             |            |            |             | 0.000  | 0.000           |
| u_core.execute_packet_valid_reg_p:CK (DFFR_X1)                       |        | 0.001       | 0.000      | 0.000      |             | 0.000  | 0.000r          |
| u_core.execute_packet_valid_reg_p:QN (DFFR_X1)                       |        | 0.003       | 0.000      | 0.015      |             | 0.072  | 0.072r          |
| u_core.execute_packet_valid_reg_p_QN (net)                           | 2      |             |            |            | 0.000       |        |                 |
| u_core.execute_packet_valid_reg_p_QN_AOI21_X1_A:A (AOI21_X1)         |        | 0.002       | 0.000      | 0.015      |             | 0.000  | 0.072r          |
| u_core.execute_packet_valid_reg_p_QN_AOI21_X1_A:ZN (AOI21_X1)        |        | 0.006       | 0.000      | 0.012      |             | 0.022  | 0.094f          |
| u_core.decoded_execute_packet_ready_INV_X1_ZN_A (net)                | 4      |             |            |            | 0.000       |        |                 |
| u_core.decoded_execute_packet_ready_INV_X1_ZN:A (INV_X1)             |        | 0.002       | 0.000      | 0.012      |             | 0.000  | 0.094f          |
| u_core.decoded_execute_packet_ready_INV_X1_ZN:ZN (INV_X1)            |        | 0.001       | 0.000      | 0.006      |             | 0.012  | 0.105r          |
| u_core.decoded_execute_packet_ready (net)                            | 1      |             |            |            | 0.000       |        |                 |
| u_core.decoded_execute_packet_ready_CLKGATE_X1_E:E (CLKGATE_X1)      |        | 0.001       | 0.000      | 0.006      |             | 0.000  | 0.105r          |
|                                                                      |        |             |            |            |             |        |                 |
| clk_i (port)                                                         |        | 0.952       | 0.000      | 0.100      |             | 0.000  | 0.000r          |
| clk_i (clock net)                                                    | 552    |             |            |            | NA          |        |                 |
| u_core.decoded_execute_packet_ready_CLKGATE_X1_E:CK (CLKGATE_X1)     |        | 0.002       | 0.000      | 0.000      |             | 0.000  | 0.000r          |
| clock core_clock (rise edge)                                         |        |             |            |            |             | 0      | 0               |
| clock network delay (ideal)                                          |        |             |            |            |             | 0.000  | 0.000           |
| u_core.decoded_execute_packet_ready_CLKGATE_X1_E:CK (CLKGATE_X1)     |        |             |            |            |             |        | 0.000r          |
| library hold time                                                    |        |             |            |            |             | -0.002 | -0.002          |
| clock reconvergence pessimism                                        |        |             |            |            |             | -0.000 | -0.002          |
|                                                                      |        |             |            |            |             |        |                 |
| path cell delay                                                      |        |             |            |            |             |        | 0.105(100.000%) |
| path net delay                                                       |        |             |            |            |             |        | 0.000(0.000%)   |
|                                                                      |        |             |            |            |             |        |                 |
| data require time                                                    |        |             |            |            |             |        | -0.002          |
| data arrival time                                                    |        |             |            |            |             |        | 0.105           |
| slack (MET)                                                          |        |             |            |            |             |        | 0.107           |
+----------------------------------------------------------------------+--------+-------------+------------+------------+-------------+--------+-----------------+
+-------------------------------------------------------------------------------------------------------------------+--------+-------------+------------+------------+-------------+--------+-----------------+
| Point                                                                                                             | Fanout | Capacitance | Resistance | Transition | Delta Delay | Incr   | Path            |
+-------------------------------------------------------------------------------------------------------------------+--------+-------------+------------+------------+-------------+--------+-----------------+
| clk_i (port)                                                                                                      |        | 0.952       | 0.000      | 0.100      |             | 0.000  | 0.000r          |
| clk_i (clock net)                                                                                                 | 552    |             |            |            | NA          |        |                 |
| u_core.u_data_mem.gen_dcache.u_dcache.refill_req_ready_reg_p:CK (DFFS_X1)                                         |        | 0.001       | 0.000      | 0.000      |             | 0.000  | 0.000r          |
| clock core_clock (rise edge)                                                                                      |        |             |            |            |             | 0      | 0               |
| clock network delay (ideal)                                                                                       |        |             |            |            |             | 0.000  | 0.000           |
| u_core.u_data_mem.gen_dcache.u_dcache.refill_req_ready_reg_p:CK (DFFS_X1)                                         |        | 0.001       | 0.000      | 0.000      |             | 0.000  | 0.000r          |
| u_core.u_data_mem.gen_dcache.u_dcache.refill_req_ready_reg_p:QN (DFFS_X1)                                         |        | 0.003       | 0.000      | 0.015      |             | 0.071  | 0.071r          |
| u_core.u_data_mem.gen_dcache.u_dcache.refill_req_ready_reg_p_QN (net)                                             | 2      |             |            |            | 0.000       |        |                 |
| u_core.u_data_mem.gen_dcache.u_dcache.refill_req_ready_reg_p_QN_OAI22_X1_B2:B2 (OAI22_X1)                         |        | 0.002       | 0.000      | 0.015      |             | 0.000  | 0.071r          |
| u_core.u_data_mem.gen_dcache.u_dcache.refill_req_ready_reg_p_QN_OAI22_X1_B2:ZN (OAI22_X1)                         |        | 0.001       | 0.000      | 0.009      |             | 0.021  | 0.092f          |
| u_core.u_data_mem.gen_dcache.u_dcache.refill_req_ready_reg_p_QN_OAI22_X1_B2_ZN (net)                              | 1      |             |            |            | 0.000       |        |                 |
| u_core.u_data_mem.gen_dcache.u_dcache.u_dcache_axi.refill_word_index_q_0__reg_p_CK_CLKGATE_X1_GCK:E (CLKGATE_X1)  |        | 0.001       | 0.000      | 0.009      |             | 0.000  | 0.092f          |
|                                                                                                                   |        |             |            |            |             |        |                 |
| clk_i (port)                                                                                                      |        | 0.952       | 0.000      | 0.100      |             | 0.000  | 0.000r          |
| clk_i (clock net)                                                                                                 | 552    |             |            |            | NA          |        |                 |
| u_core.u_data_mem.gen_dcache.u_dcache.u_dcache_axi.refill_word_index_q_0__reg_p_CK_CLKGATE_X1_GCK:CK (CLKGATE_X1) |        | 0.002       | 0.000      | 0.000      |             | 0.000  | 0.000r          |
| clock core_clock (rise edge)                                                                                      |        |             |            |            |             | 0      | 0               |
| clock network delay (ideal)                                                                                       |        |             |            |            |             | 0.000  | 0.000           |
| u_core.u_data_mem.gen_dcache.u_dcache.u_dcache_axi.refill_word_index_q_0__reg_p_CK_CLKGATE_X1_GCK:CK (CLKGATE_X1) |        |             |            |            |             |        | 0.000r          |
| library hold time                                                                                                 |        |             |            |            |             | -0.015 | -0.015          |
| clock reconvergence pessimism                                                                                     |        |             |            |            |             | -0.000 | -0.015          |
|                                                                                                                   |        |             |            |            |             |        |                 |
| path cell delay                                                                                                   |        |             |            |            |             |        | 0.092(100.000%) |
| path net delay                                                                                                    |        |             |            |            |             |        | 0.000(0.000%)   |
|                                                                                                                   |        |             |            |            |             |        |                 |
| data require time                                                                                                 |        |             |            |            |             |        | -0.015          |
| data arrival time                                                                                                 |        |             |            |            |             |        | 0.092           |
| slack (MET)                                                                                                       |        |             |            |            |             |        | 0.107           |
+-------------------------------------------------------------------------------------------------------------------+--------+-------------+------------+------------+-------------+--------+-----------------+
+----------------------------------------------------------------------------------------------------------------------------------------------+--------+-------------+------------+------------+-------------+--------+-----------------+
| Point                                                                                                                                        | Fanout | Capacitance | Resistance | Transition | Delta Delay | Incr   | Path            |
+----------------------------------------------------------------------------------------------------------------------------------------------+--------+-------------+------------+------------+-------------+--------+-----------------+
| clk_i (port)                                                                                                                                 |        | 0.952       | 0.000      | 0.100      |             | 0.000  | 0.000r          |
| clk_i (clock net)                                                                                                                            | 552    |             |            |            | NA          |        |                 |
| u_core.u_data_mem.gen_dcache.u_dcache.u_dcache_axi.writeback_state_q_2__reg_p:CK (DFFR_X1)                                                   |        | 0.001       | 0.000      | 0.000      |             | 0.000  | 0.000r          |
| clock core_clock (rise edge)                                                                                                                 |        |             |            |            |             | 0      | 0               |
| clock network delay (ideal)                                                                                                                  |        |             |            |            |             | 0.000  | 0.000           |
| u_core.u_data_mem.gen_dcache.u_dcache.u_dcache_axi.writeback_state_q_2__reg_p:CK (DFFR_X1)                                                   |        | 0.001       | 0.000      | 0.000      |             | 0.000  | 0.000r          |
| u_core.u_data_mem.gen_dcache.u_dcache.u_dcache_axi.writeback_state_q_2__reg_p:QN (DFFR_X1)                                                   |        | 0.004       | 0.000      | 0.015      |             | 0.072  | 0.072r          |
| u_core.u_data_mem.gen_dcache.u_dcache.u_dcache_axi.writeback_state_q_2__reg_p_QN (net)                                                       | 3      |             |            |            | 0.000       |        |                 |
| u_core.u_data_mem.gen_dcache.u_dcache.u_dcache_axi.writeback_word_index_q_0__reg_p_CK_CLKGATE_X1_GCK_E_NOR2_X1_ZN_A2_NOR4_X1_ZN:A1 (NOR4_X1) |        | 0.002       | 0.000      | 0.015      |             | 0.000  | 0.072r          |
| u_core.u_data_mem.gen_dcache.u_dcache.u_dcache_axi.writeback_word_index_q_0__reg_p_CK_CLKGATE_X1_GCK_E_NOR2_X1_ZN_A2_NOR4_X1_ZN:ZN (NOR4_X1) |        | 0.002       | 0.000      | 0.007      |             | 0.012  | 0.084f          |
| u_core.u_data_mem.gen_dcache.u_dcache.u_dcache_axi.writeback_word_index_q_0__reg_p_CK_CLKGATE_X1_GCK_E_NOR2_X1_ZN_A2 (net)                   | 1      |             |            |            | 0.000       |        |                 |
| u_core.u_data_mem.gen_dcache.u_dcache.u_dcache_axi.writeback_word_index_q_0__reg_p_CK_CLKGATE_X1_GCK_E_NOR2_X1_ZN:A2 (NOR2_X1)               |        | 0.002       | 0.000      | 0.007      |             | 0.000  | 0.084f          |
| u_core.u_data_mem.gen_dcache.u_dcache.u_dcache_axi.writeback_word_index_q_0__reg_p_CK_CLKGATE_X1_GCK_E_NOR2_X1_ZN:ZN (NOR2_X1)               |        | 0.001       | 0.000      | 0.012      |             | 0.023  | 0.107r          |
| u_core.u_data_mem.gen_dcache.u_dcache.u_dcache_axi.writeback_word_index_q_0__reg_p_CK_CLKGATE_X1_GCK_E (net)                                 | 1      |             |            |            | 0.000       |        |                 |
| u_core.u_data_mem.gen_dcache.u_dcache.u_dcache_axi.writeback_word_index_q_0__reg_p_CK_CLKGATE_X1_GCK:E (CLKGATE_X1)                          |        | 0.001       | 0.000      | 0.012      |             | 0.000  | 0.107r          |
|                                                                                                                                              |        |             |            |            |             |        |                 |
| clk_i (port)                                                                                                                                 |        | 0.952       | 0.000      | 0.100      |             | 0.000  | 0.000r          |
| clk_i (clock net)                                                                                                                            | 552    |             |            |            | NA          |        |                 |
| u_core.u_data_mem.gen_dcache.u_dcache.u_dcache_axi.writeback_word_index_q_0__reg_p_CK_CLKGATE_X1_GCK:CK (CLKGATE_X1)                         |        | 0.002       | 0.000      | 0.000      |             | 0.000  | 0.000r          |
| clock core_clock (rise edge)                                                                                                                 |        |             |            |            |             | 0      | 0               |
| clock network delay (ideal)                                                                                                                  |        |             |            |            |             | 0.000  | 0.000           |
| u_core.u_data_mem.gen_dcache.u_dcache.u_dcache_axi.writeback_word_index_q_0__reg_p_CK_CLKGATE_X1_GCK:CK (CLKGATE_X1)                         |        |             |            |            |             |        | 0.000r          |
| library hold time                                                                                                                            |        |             |            |            |             | -0.001 | -0.001          |
| clock reconvergence pessimism                                                                                                                |        |             |            |            |             | -0.000 | -0.001          |
|                                                                                                                                              |        |             |            |            |             |        |                 |
| path cell delay                                                                                                                              |        |             |            |            |             |        | 0.107(100.000%) |
| path net delay                                                                                                                               |        |             |            |            |             |        | 0.000(0.000%)   |
|                                                                                                                                              |        |             |            |            |             |        |                 |
| data require time                                                                                                                            |        |             |            |            |             |        | -0.001          |
| data arrival time                                                                                                                            |        |             |            |            |             |        | 0.107           |
| slack (MET)                                                                                                                                  |        |             |            |            |             |        | 0.108           |
+----------------------------------------------------------------------------------------------------------------------------------------------+--------+-------------+------------+------------+-------------+--------+-----------------+
