Could not create log file: Read-only file system
COULD NOT CREATE LOGFILE '20260921-124241.4'!
I20260921 12:42:41.129216     4 Sta.cc:383] read verilog file /home/yong/ysyx/ysyx-workbench-rv32-interview/npc/result/verification/rv32-fence-error-fix-20260921/sta/riscv32_core_reset_boundary-580MHz-buffered/riscv32_core_reset_boundary.netlist.v start
I20260921 12:42:41.129644     4 VerilogParserRustC.cc:41] load verilog file /home/yong/ysyx/ysyx-workbench-rv32-interview/npc/result/verification/rv32-fence-error-fix-20260921/sta/riscv32_core_reset_boundary-580MHz-buffered/riscv32_core_reset_boundary.netlist.v
r str /home/yong/ysyx/ysyx-workbench-rv32-interview/npc/result/verification/rv32-fence-error-fix-20260921/sta/riscv32_core_reset_boundary-580MHz-buffered/riscv32_core_reset_boundary.netlist.v
I20260921 12:42:41.681871     4 Sta.cc:391] read verilog end
I20260921 12:42:41.682020     4 Sta.cc:309] load lib start
I20260921 12:42:41.686730    36 Sta.cc:287] read liberty /home/yong/ysyx/ysyx-workbench-rv32-interview/npc/result/sta/rv32-interrupt-20260906/toolflow/scripts/../pdk/nangate45/lib/Nangate45_typ.lib start 
I20260921 12:42:41.686992    36 LibParserRustC.cc:1285] load liberty file /home/yong/ysyx/ysyx-workbench-rv32-interview/npc/result/sta/rv32-interrupt-20260906/toolflow/scripts/../pdk/nangate45/lib/Nangate45_typ.lib
rust read lib file /home/yong/ysyx/ysyx-workbench-rv32-interview/npc/result/sta/rv32-interrupt-20260906/toolflow/scripts/../pdk/nangate45/lib/Nangate45_typ.lib
I20260921 12:42:42.187245    36 LibParserRustC.cc:1294] load liberty file /home/yong/ysyx/ysyx-workbench-rv32-interview/npc/result/sta/rv32-interrupt-20260906/toolflow/scripts/../pdk/nangate45/lib/Nangate45_typ.lib success.
I20260921 12:42:42.187351    36 Sta.cc:297] read liberty /home/yong/ysyx/ysyx-workbench-rv32-interview/npc/result/sta/rv32-interrupt-20260906/toolflow/scripts/../pdk/nangate45/lib/Nangate45_typ.lib end 
I20260921 12:42:42.188055     4 Sta.cc:328] load lib end
I20260921 12:42:42.188140     4 Sta.cc:417] link design riscv32_core_reset_boundary start
I20260921 12:42:42.213800    68 LibParserRustC.cc:1304] link liberty file /home/yong/ysyx/ysyx-workbench-rv32-interview/npc/result/sta/rv32-interrupt-20260906/toolflow/scripts/../pdk/nangate45/lib/Nangate45_typ.lib start.
I20260921 12:42:42.216130    68 LibParserRustC.cc:666] unkown attri name: technology in /home/yong/ysyx/ysyx-workbench-rv32-interview/npc/result/sta/rv32-interrupt-20260906/toolflow/scripts/../pdk/nangate45/lib/Nangate45_typ.lib line no 45
I20260921 12:42:43.363730    68 LibParserRustC.cc:1310] link liberty file /home/yong/ysyx/ysyx-workbench-rv32-interview/npc/result/sta/rv32-interrupt-20260906/toolflow/scripts/../pdk/nangate45/lib/Nangate45_typ.lib success.
I20260921 12:42:44.505261     4 Sta.cc:889] assign data_axi4_manager_o_107_ = instruction_axi4_manager_o_3_
I20260921 12:42:44.505384     4 Sta.cc:889] assign data_axi4_manager_o_106_ = instruction_axi4_manager_o_3_
I20260921 12:42:44.505466     4 Sta.cc:889] assign data_axi4_manager_o_105_ = data_axi4_manager_o_2_
I20260921 12:42:44.505502     4 Sta.cc:889] assign data_axi4_manager_o_104_ = instruction_axi4_manager_o_3_
I20260921 12:42:44.505539     4 Sta.cc:889] assign data_axi4_manager_o_103_ = instruction_axi4_manager_o_3_
I20260921 12:42:44.505575     4 Sta.cc:889] assign data_axi4_manager_o_102_ = instruction_axi4_manager_o_3_
I20260921 12:42:44.505612     4 Sta.cc:889] assign data_axi4_manager_o_101_ = instruction_axi4_manager_o_3_
I20260921 12:42:44.505648     4 Sta.cc:889] assign data_axi4_manager_o_100_ = instruction_axi4_manager_o_3_
I20260921 12:42:44.505697     4 Sta.cc:889] assign data_axi4_manager_o_99_ = instruction_axi4_manager_o_3_
I20260921 12:42:44.505754     4 Sta.cc:889] assign data_axi4_manager_o_98_ = instruction_axi4_manager_o_3_
I20260921 12:42:44.505792     4 Sta.cc:889] assign data_axi4_manager_o_97_ = data_axi4_manager_o_96_
I20260921 12:42:44.505829     4 Sta.cc:889] assign data_axi4_manager_o_95_ = instruction_axi4_manager_o_3_
I20260921 12:42:44.505878     4 Sta.cc:889] assign data_axi4_manager_o_92_ = instruction_axi4_manager_o_3_
I20260921 12:42:44.505932     4 Sta.cc:889] assign data_axi4_manager_o_91_ = data_axi4_manager_o_2_
I20260921 12:42:44.505970     4 Sta.cc:889] assign data_axi4_manager_o_18_ = instruction_axi4_manager_o_3_
I20260921 12:42:44.506006     4 Sta.cc:889] assign data_axi4_manager_o_17_ = instruction_axi4_manager_o_3_
I20260921 12:42:44.506042     4 Sta.cc:889] assign data_axi4_manager_o_16_ = instruction_axi4_manager_o_3_
I20260921 12:42:44.506079     4 Sta.cc:889] assign data_axi4_manager_o_15_ = data_axi4_manager_o_2_
I20260921 12:42:44.506115     4 Sta.cc:889] assign data_axi4_manager_o_14_ = instruction_axi4_manager_o_3_
Could not create log file: Read-only file system
COULD NOT CREATE LOGFILE '20260921-124244.4'!
I20260921 12:42:44.506151     4 Sta.cc:889] assign data_axi4_manager_o_13_ = instruction_axi4_manager_o_3_
I20260921 12:42:44.506246     4 Sta.cc:889] assign data_axi4_manager_o_12_ = instruction_axi4_manager_o_3_
I20260921 12:42:44.506284     4 Sta.cc:889] assign data_axi4_manager_o_11_ = instruction_axi4_manager_o_3_
I20260921 12:42:44.506321     4 Sta.cc:889] assign data_axi4_manager_o_10_ = instruction_axi4_manager_o_3_
I20260921 12:42:44.506357     4 Sta.cc:889] assign data_axi4_manager_o_9_ = instruction_axi4_manager_o_3_
I20260921 12:42:44.506433     4 Sta.cc:889] assign data_axi4_manager_o_8_ = data_axi4_manager_o_7_
I20260921 12:42:44.506479     4 Sta.cc:889] assign data_axi4_manager_o_6_ = instruction_axi4_manager_o_3_
I20260921 12:42:44.506517     4 Sta.cc:889] assign data_axi4_manager_o_3_ = instruction_axi4_manager_o_3_
I20260921 12:42:44.506556     4 Sta.cc:889] assign instruction_axi4_manager_o_139_ = instruction_axi4_manager_o_3_
I20260921 12:42:44.506593     4 Sta.cc:889] assign instruction_axi4_manager_o_138_ = instruction_axi4_manager_o_3_
I20260921 12:42:44.506629     4 Sta.cc:889] assign instruction_axi4_manager_o_137_ = instruction_axi4_manager_o_3_
I20260921 12:42:44.506665     4 Sta.cc:889] assign instruction_axi4_manager_o_136_ = instruction_axi4_manager_o_3_
I20260921 12:42:44.506702     4 Sta.cc:889] assign instruction_axi4_manager_o_135_ = instruction_axi4_manager_o_3_
I20260921 12:42:44.506738     4 Sta.cc:889] assign instruction_axi4_manager_o_134_ = instruction_axi4_manager_o_3_
I20260921 12:42:44.506774     4 Sta.cc:889] assign instruction_axi4_manager_o_133_ = instruction_axi4_manager_o_3_
I20260921 12:42:44.506810     4 Sta.cc:889] assign instruction_axi4_manager_o_132_ = instruction_axi4_manager_o_3_
I20260921 12:42:44.506846     4 Sta.cc:889] assign instruction_axi4_manager_o_131_ = instruction_axi4_manager_o_3_
I20260921 12:42:44.506882     4 Sta.cc:889] assign instruction_axi4_manager_o_130_ = instruction_axi4_manager_o_3_
I20260921 12:42:44.506918     4 Sta.cc:889] assign instruction_axi4_manager_o_129_ = instruction_axi4_manager_o_3_
I20260921 12:42:44.506954     4 Sta.cc:889] assign instruction_axi4_manager_o_128_ = instruction_axi4_manager_o_3_
I20260921 12:42:44.506991     4 Sta.cc:889] assign instruction_axi4_manager_o_127_ = instruction_axi4_manager_o_3_
I20260921 12:42:44.507028     4 Sta.cc:889] assign instruction_axi4_manager_o_126_ = instruction_axi4_manager_o_3_
I20260921 12:42:44.507071     4 Sta.cc:889] assign instruction_axi4_manager_o_125_ = instruction_axi4_manager_o_3_
I20260921 12:42:44.507107     4 Sta.cc:889] assign instruction_axi4_manager_o_124_ = instruction_axi4_manager_o_3_
I20260921 12:42:44.507143     4 Sta.cc:889] assign instruction_axi4_manager_o_123_ = instruction_axi4_manager_o_3_
I20260921 12:42:44.507179     4 Sta.cc:889] assign instruction_axi4_manager_o_122_ = instruction_axi4_manager_o_3_
I20260921 12:42:44.507230     4 Sta.cc:889] assign instruction_axi4_manager_o_121_ = instruction_axi4_manager_o_3_
I20260921 12:42:44.507266     4 Sta.cc:889] assign instruction_axi4_manager_o_120_ = instruction_axi4_manager_o_3_
I20260921 12:42:44.507302     4 Sta.cc:889] assign instruction_axi4_manager_o_119_ = instruction_axi4_manager_o_3_
I20260921 12:42:44.507339     4 Sta.cc:889] assign instruction_axi4_manager_o_118_ = instruction_axi4_manager_o_3_
I20260921 12:42:44.507377     4 Sta.cc:889] assign instruction_axi4_manager_o_117_ = instruction_axi4_manager_o_3_
I20260921 12:42:44.507449     4 Sta.cc:889] assign instruction_axi4_manager_o_116_ = instruction_axi4_manager_o_3_
Could not create log file: Read-only file system
COULD NOT CREATE LOGFILE '20260921-124244.4'!
I20260921 12:42:44.507486     4 Sta.cc:889] assign instruction_axi4_manager_o_115_ = instruction_axi4_manager_o_3_
I20260921 12:42:44.507544     4 Sta.cc:889] assign instruction_axi4_manager_o_114_ = instruction_axi4_manager_o_3_
I20260921 12:42:44.507580     4 Sta.cc:889] assign instruction_axi4_manager_o_113_ = instruction_axi4_manager_o_3_
I20260921 12:42:44.507617     4 Sta.cc:889] assign instruction_axi4_manager_o_112_ = instruction_axi4_manager_o_3_
I20260921 12:42:44.507653     4 Sta.cc:889] assign instruction_axi4_manager_o_111_ = instruction_axi4_manager_o_3_
I20260921 12:42:44.507689     4 Sta.cc:889] assign instruction_axi4_manager_o_110_ = instruction_axi4_manager_o_3_
I20260921 12:42:44.507735     4 Sta.cc:889] assign instruction_axi4_manager_o_109_ = instruction_axi4_manager_o_3_
I20260921 12:42:44.507771     4 Sta.cc:889] assign instruction_axi4_manager_o_108_ = instruction_axi4_manager_o_3_
I20260921 12:42:44.507807     4 Sta.cc:889] assign instruction_axi4_manager_o_107_ = instruction_axi4_manager_o_3_
I20260921 12:42:44.507843     4 Sta.cc:889] assign instruction_axi4_manager_o_106_ = instruction_axi4_manager_o_3_
I20260921 12:42:44.507887     4 Sta.cc:889] assign instruction_axi4_manager_o_105_ = instruction_axi4_manager_o_3_
I20260921 12:42:44.507923     4 Sta.cc:889] assign instruction_axi4_manager_o_104_ = instruction_axi4_manager_o_3_
I20260921 12:42:44.507959     4 Sta.cc:889] assign instruction_axi4_manager_o_103_ = instruction_axi4_manager_o_3_
I20260921 12:42:44.507995     4 Sta.cc:889] assign instruction_axi4_manager_o_102_ = instruction_axi4_manager_o_3_
I20260921 12:42:44.508031     4 Sta.cc:889] assign instruction_axi4_manager_o_101_ = instruction_axi4_manager_o_3_
I20260921 12:42:44.508067     4 Sta.cc:889] assign instruction_axi4_manager_o_100_ = instruction_axi4_manager_o_3_
I20260921 12:42:44.508103     4 Sta.cc:889] assign instruction_axi4_manager_o_99_ = instruction_axi4_manager_o_3_
I20260921 12:42:44.508140     4 Sta.cc:889] assign instruction_axi4_manager_o_98_ = instruction_axi4_manager_o_3_
I20260921 12:42:44.508175     4 Sta.cc:889] assign instruction_axi4_manager_o_97_ = instruction_axi4_manager_o_3_
I20260921 12:42:44.508211     4 Sta.cc:889] assign instruction_axi4_manager_o_96_ = instruction_axi4_manager_o_3_
I20260921 12:42:44.508247     4 Sta.cc:889] assign instruction_axi4_manager_o_95_ = instruction_axi4_manager_o_3_
I20260921 12:42:44.508283     4 Sta.cc:889] assign instruction_axi4_manager_o_94_ = instruction_axi4_manager_o_3_
I20260921 12:42:44.508327     4 Sta.cc:889] assign instruction_axi4_manager_o_93_ = instruction_axi4_manager_o_3_
I20260921 12:42:44.508363     4 Sta.cc:889] assign instruction_axi4_manager_o_92_ = instruction_axi4_manager_o_3_
I20260921 12:42:44.508450     4 Sta.cc:889] assign instruction_axi4_manager_o_91_ = instruction_axi4_manager_o_3_
I20260921 12:42:44.508489     4 Sta.cc:889] assign instruction_axi4_manager_o_90_ = instruction_axi4_manager_o_3_
I20260921 12:42:44.508526     4 Sta.cc:889] assign instruction_axi4_manager_o_89_ = instruction_axi4_manager_o_3_
I20260921 12:42:44.508562     4 Sta.cc:889] assign instruction_axi4_manager_o_88_ = instruction_axi4_manager_o_3_
I20260921 12:42:44.508599     4 Sta.cc:889] assign instruction_axi4_manager_o_87_ = instruction_axi4_manager_o_3_
I20260921 12:42:44.508635     4 Sta.cc:889] assign instruction_axi4_manager_o_86_ = instruction_axi4_manager_o_3_
I20260921 12:42:44.508672     4 Sta.cc:889] assign instruction_axi4_manager_o_85_ = instruction_axi4_manager_o_3_
I20260921 12:42:44.508709     4 Sta.cc:889] assign instruction_axi4_manager_o_84_ = instruction_axi4_manager_o_3_
Could not create log file: Read-only file system
COULD NOT CREATE LOGFILE '20260921-124244.4'!
I20260921 12:42:44.508745     4 Sta.cc:889] assign instruction_axi4_manager_o_83_ = instruction_axi4_manager_o_3_
I20260921 12:42:44.508806     4 Sta.cc:889] assign instruction_axi4_manager_o_82_ = instruction_axi4_manager_o_3_
I20260921 12:42:44.508843     4 Sta.cc:889] assign instruction_axi4_manager_o_81_ = instruction_axi4_manager_o_3_
I20260921 12:42:44.508880     4 Sta.cc:889] assign instruction_axi4_manager_o_80_ = instruction_axi4_manager_o_3_
I20260921 12:42:44.508917     4 Sta.cc:889] assign instruction_axi4_manager_o_79_ = instruction_axi4_manager_o_3_
I20260921 12:42:44.508972     4 Sta.cc:889] assign instruction_axi4_manager_o_78_ = instruction_axi4_manager_o_3_
I20260921 12:42:44.509022     4 Sta.cc:889] assign instruction_axi4_manager_o_77_ = instruction_axi4_manager_o_3_
I20260921 12:42:44.509059     4 Sta.cc:889] assign instruction_axi4_manager_o_76_ = instruction_axi4_manager_o_3_
I20260921 12:42:44.509095     4 Sta.cc:889] assign instruction_axi4_manager_o_75_ = instruction_axi4_manager_o_3_
I20260921 12:42:44.509131     4 Sta.cc:889] assign instruction_axi4_manager_o_74_ = instruction_axi4_manager_o_3_
I20260921 12:42:44.509167     4 Sta.cc:889] assign instruction_axi4_manager_o_73_ = instruction_axi4_manager_o_3_
I20260921 12:42:44.509204     4 Sta.cc:889] assign instruction_axi4_manager_o_72_ = instruction_axi4_manager_o_3_
I20260921 12:42:44.509239     4 Sta.cc:889] assign instruction_axi4_manager_o_71_ = instruction_axi4_manager_o_3_
I20260921 12:42:44.509276     4 Sta.cc:889] assign instruction_axi4_manager_o_70_ = instruction_axi4_manager_o_3_
I20260921 12:42:44.509312     4 Sta.cc:889] assign instruction_axi4_manager_o_69_ = instruction_axi4_manager_o_3_
I20260921 12:42:44.509348     4 Sta.cc:889] assign instruction_axi4_manager_o_68_ = instruction_axi4_manager_o_3_
I20260921 12:42:44.509384     4 Sta.cc:889] assign instruction_axi4_manager_o_67_ = instruction_axi4_manager_o_3_
I20260921 12:42:44.509459     4 Sta.cc:889] assign instruction_axi4_manager_o_66_ = instruction_axi4_manager_o_3_
I20260921 12:42:44.509495     4 Sta.cc:889] assign instruction_axi4_manager_o_65_ = instruction_axi4_manager_o_3_
I20260921 12:42:44.509532     4 Sta.cc:889] assign instruction_axi4_manager_o_64_ = instruction_axi4_manager_o_3_
I20260921 12:42:44.509568     4 Sta.cc:889] assign instruction_axi4_manager_o_63_ = instruction_axi4_manager_o_3_
I20260921 12:42:44.509604     4 Sta.cc:889] assign instruction_axi4_manager_o_62_ = instruction_axi4_manager_o_3_
I20260921 12:42:44.509647     4 Sta.cc:889] assign instruction_axi4_manager_o_61_ = instruction_axi4_manager_o_3_
I20260921 12:42:44.509683     4 Sta.cc:889] assign instruction_axi4_manager_o_60_ = instruction_axi4_manager_o_3_
I20260921 12:42:44.509720     4 Sta.cc:889] assign instruction_axi4_manager_o_59_ = instruction_axi4_manager_o_3_
I20260921 12:42:44.509756     4 Sta.cc:889] assign instruction_axi4_manager_o_58_ = instruction_axi4_manager_o_3_
I20260921 12:42:44.509792     4 Sta.cc:889] assign instruction_axi4_manager_o_57_ = instruction_axi4_manager_o_3_
I20260921 12:42:44.509828     4 Sta.cc:889] assign instruction_axi4_manager_o_56_ = instruction_axi4_manager_o_3_
I20260921 12:42:44.509864     4 Sta.cc:889] assign instruction_axi4_manager_o_55_ = instruction_axi4_manager_o_3_
I20260921 12:42:44.509908     4 Sta.cc:889] assign instruction_axi4_manager_o_54_ = instruction_axi4_manager_o_3_
I20260921 12:42:44.509944     4 Sta.cc:889] assign instruction_axi4_manager_o_53_ = instruction_axi4_manager_o_3_
I20260921 12:42:44.509981     4 Sta.cc:889] assign instruction_axi4_manager_o_52_ = instruction_axi4_manager_o_3_
Could not create log file: Read-only file system
COULD NOT CREATE LOGFILE '20260921-124244.4'!
I20260921 12:42:44.510017     4 Sta.cc:889] assign instruction_axi4_manager_o_51_ = instruction_axi4_manager_o_3_
I20260921 12:42:44.510075     4 Sta.cc:889] assign instruction_axi4_manager_o_20_ = instruction_axi4_manager_o_3_
I20260921 12:42:44.510111     4 Sta.cc:889] assign instruction_axi4_manager_o_19_ = instruction_axi4_manager_o_3_
I20260921 12:42:44.510162     4 Sta.cc:889] assign instruction_axi4_manager_o_18_ = instruction_axi4_manager_o_3_
I20260921 12:42:44.510200     4 Sta.cc:889] assign instruction_axi4_manager_o_17_ = instruction_axi4_manager_o_3_
I20260921 12:42:44.510236     4 Sta.cc:889] assign instruction_axi4_manager_o_16_ = instruction_axi4_manager_o_3_
I20260921 12:42:44.510279     4 Sta.cc:889] assign instruction_axi4_manager_o_15_ = instruction_axi4_manager_o_3_
I20260921 12:42:44.510317     4 Sta.cc:889] assign instruction_axi4_manager_o_14_ = instruction_axi4_manager_o_10_
I20260921 12:42:44.510353     4 Sta.cc:889] assign instruction_axi4_manager_o_13_ = instruction_axi4_manager_o_10_
I20260921 12:42:44.510439     4 Sta.cc:889] assign instruction_axi4_manager_o_12_ = instruction_axi4_manager_o_10_
I20260921 12:42:44.510478     4 Sta.cc:889] assign instruction_axi4_manager_o_11_ = instruction_axi4_manager_o_10_
I20260921 12:42:44.510515     4 Sta.cc:889] assign instruction_axi4_manager_o_8_ = instruction_axi4_manager_o_7_
I20260921 12:42:44.510551     4 Sta.cc:889] assign instruction_axi4_manager_o_6_ = instruction_axi4_manager_o_3_
I20260921 12:42:44.510645     4 Sta.cc:889] assign instruction_axi4_manager_o_5_ = instruction_axi4_manager_o_2_
I20260921 12:42:44.510684     4 Sta.cc:889] assign instruction_axi4_manager_o_4_ = instruction_axi4_manager_o_3_
I20260921 12:42:44.522900     4 Sta.cc:1106] link design riscv32_core_reset_boundary end
I20260921 12:42:44.523005     4 Sta.cc:1108] design riscv32_core_reset_boundary inst num: 32795
I20260921 12:42:44.523049     4 Sta.cc:1110] design riscv32_core_reset_boundary net num: 40671
I20260921 12:42:44.523079     4 Sta.cc:1112] design riscv32_core_reset_boundary port num: 383
I20260921 12:42:44.523142     4 Sta.cc:181] read sdc /home/yong/ysyx/ysyx-workbench-rv32-interview/npc/result/verification/rv32-fence-error-fix-20260921/sta/riscv32_core_reset_boundary-580MHz-buffered/constraints.sdc start 
I20260921 12:42:44.558862     4 CmdCreateClock.cc:124] create clock core_clock for pin/port: clk_i
I20260921 12:42:44.558985     4 CmdAllPorts.cc:59] exec all_inputs cmd.
I20260921 12:42:44.559053     4 CmdSetInputTransition.cc:110] pin_port_name: @ptr0x563bd3158ff0
I20260921 12:42:44.559119     4 CmdAllPorts.cc:94] exec all_outputs cmd.
I20260921 12:42:44.559167     4 CmdSetIODelay.cc:222] set output delay sdc line no : 1
I20260921 12:42:44.624140     4 CmdSetIODelay.cc:191] set input delay sdc line no : 1
I20260921 12:42:44.624565     4 CmdSetIODelay.cc:191] set input delay sdc line no : 1
I20260921 12:42:44.624647     4 CmdSetIODelay.cc:191] set input delay sdc line no : 1
I20260921 12:42:44.624712     4 CmdSetIODelay.cc:191] set input delay sdc line no : 1
I20260921 12:42:44.624776     4 CmdSetIODelay.cc:191] set input delay sdc line no : 1
I20260921 12:42:44.624841     4 CmdSetIODelay.cc:191] set input delay sdc line no : 1
I20260921 12:42:44.624904     4 CmdSetIODelay.cc:191] set input delay sdc line no : 1
Could not create log file: Read-only file system
COULD NOT CREATE LOGFILE '20260921-124244.4'!
I20260921 12:42:44.624977     4 CmdSetIODelay.cc:191] set input delay sdc line no : 1
I20260921 12:42:44.625082     4 CmdSetIODelay.cc:191] set input delay sdc line no : 1
I20260921 12:42:44.625144     4 CmdSetIODelay.cc:191] set input delay sdc line no : 1
I20260921 12:42:44.625268     4 CmdSetIODelay.cc:191] set input delay sdc line no : 1
I20260921 12:42:44.625341     4 CmdSetIODelay.cc:191] set input delay sdc line no : 1
I20260921 12:42:44.625445     4 CmdSetIODelay.cc:191] set input delay sdc line no : 1
I20260921 12:42:44.625512     4 CmdSetIODelay.cc:191] set input delay sdc line no : 1
I20260921 12:42:44.625574     4 CmdSetIODelay.cc:191] set input delay sdc line no : 1
I20260921 12:42:44.625643     4 CmdSetIODelay.cc:191] set input delay sdc line no : 1
I20260921 12:42:44.625706     4 CmdSetIODelay.cc:191] set input delay sdc line no : 1
I20260921 12:42:44.625768     4 CmdSetIODelay.cc:191] set input delay sdc line no : 1
I20260921 12:42:44.625831     4 CmdSetIODelay.cc:191] set input delay sdc line no : 1
I20260921 12:42:44.625912     4 CmdSetIODelay.cc:191] set input delay sdc line no : 1
I20260921 12:42:44.625976     4 CmdSetIODelay.cc:191] set input delay sdc line no : 1
I20260921 12:42:44.626039     4 CmdSetIODelay.cc:191] set input delay sdc line no : 1
I20260921 12:42:44.626107     4 CmdSetIODelay.cc:191] set input delay sdc line no : 1
I20260921 12:42:44.626310     4 CmdSetIODelay.cc:191] set input delay sdc line no : 1
I20260921 12:42:44.626642     4 CmdSetIODelay.cc:191] set input delay sdc line no : 1
I20260921 12:42:44.626830     4 CmdSetIODelay.cc:191] set input delay sdc line no : 1
I20260921 12:42:44.626915     4 CmdSetIODelay.cc:191] set input delay sdc line no : 1
I20260921 12:42:44.626981     4 CmdSetIODelay.cc:191] set input delay sdc line no : 1
I20260921 12:42:44.627076     4 CmdSetIODelay.cc:191] set input delay sdc line no : 1
I20260921 12:42:44.627143     4 CmdSetIODelay.cc:191] set input delay sdc line no : 1
I20260921 12:42:44.627209     4 CmdSetIODelay.cc:191] set input delay sdc line no : 1
I20260921 12:42:44.627276     4 CmdSetIODelay.cc:191] set input delay sdc line no : 1
I20260921 12:42:44.627341     4 CmdSetIODelay.cc:191] set input delay sdc line no : 1
I20260921 12:42:44.627453     4 CmdSetIODelay.cc:191] set input delay sdc line no : 1
I20260921 12:42:44.627525     4 CmdSetIODelay.cc:191] set input delay sdc line no : 1
I20260921 12:42:44.627593     4 CmdSetIODelay.cc:191] set input delay sdc line no : 1
I20260921 12:42:44.627660     4 CmdSetIODelay.cc:191] set input delay sdc line no : 1
I20260921 12:42:44.627722     4 CmdSetIODelay.cc:191] set input delay sdc line no : 1
I20260921 12:42:44.627789     4 CmdSetIODelay.cc:191] set input delay sdc line no : 1
Could not create log file: Read-only file system
COULD NOT CREATE LOGFILE '20260921-124244.4'!
I20260921 12:42:44.627854     4 CmdSetIODelay.cc:191] set input delay sdc line no : 1
I20260921 12:42:44.627954     4 CmdSetIODelay.cc:191] set input delay sdc line no : 1
I20260921 12:42:44.628018     4 CmdSetIODelay.cc:191] set input delay sdc line no : 1
I20260921 12:42:44.628084     4 CmdSetIODelay.cc:191] set input delay sdc line no : 1
I20260921 12:42:44.628149     4 CmdSetIODelay.cc:191] set input delay sdc line no : 1
I20260921 12:42:44.628213     4 CmdSetIODelay.cc:191] set input delay sdc line no : 1
I20260921 12:42:44.628278     4 CmdSetIODelay.cc:191] set input delay sdc line no : 1
I20260921 12:42:44.628353     4 CmdSetIODelay.cc:191] set input delay sdc line no : 1
I20260921 12:42:44.628458     4 CmdSetIODelay.cc:191] set input delay sdc line no : 1
I20260921 12:42:44.628542     4 CmdSetIODelay.cc:191] set input delay sdc line no : 1
I20260921 12:42:44.628607     4 CmdSetIODelay.cc:191] set input delay sdc line no : 1
I20260921 12:42:44.628671     4 CmdSetIODelay.cc:191] set input delay sdc line no : 1
I20260921 12:42:44.628949     4 CmdSetIODelay.cc:191] set input delay sdc line no : 1
I20260921 12:42:44.629040     4 CmdSetIODelay.cc:191] set input delay sdc line no : 1
I20260921 12:42:44.629108     4 CmdSetIODelay.cc:191] set input delay sdc line no : 1
I20260921 12:42:44.629176     4 CmdSetIODelay.cc:191] set input delay sdc line no : 1
I20260921 12:42:44.629244     4 CmdSetIODelay.cc:191] set input delay sdc line no : 1
I20260921 12:42:44.629312     4 CmdSetIODelay.cc:191] set input delay sdc line no : 1
I20260921 12:42:44.629377     4 CmdSetIODelay.cc:191] set input delay sdc line no : 1
I20260921 12:42:44.629485     4 CmdSetIODelay.cc:191] set input delay sdc line no : 1
I20260921 12:42:44.629552     4 CmdSetIODelay.cc:191] set input delay sdc line no : 1
I20260921 12:42:44.629617     4 CmdSetIODelay.cc:191] set input delay sdc line no : 1
I20260921 12:42:44.629683     4 CmdSetIODelay.cc:191] set input delay sdc line no : 1
I20260921 12:42:44.629750     4 CmdSetIODelay.cc:191] set input delay sdc line no : 1
I20260921 12:42:44.629817     4 CmdSetIODelay.cc:191] set input delay sdc line no : 1
I20260921 12:42:44.629884     4 CmdSetIODelay.cc:191] set input delay sdc line no : 1
I20260921 12:42:44.629964     4 CmdSetIODelay.cc:191] set input delay sdc line no : 1
I20260921 12:42:44.630036     4 CmdSetIODelay.cc:191] set input delay sdc line no : 1
I20260921 12:42:44.630105     4 CmdSetIODelay.cc:191] set input delay sdc line no : 1
I20260921 12:42:44.630173     4 CmdSetIODelay.cc:191] set input delay sdc line no : 1
I20260921 12:42:44.630242     4 CmdSetIODelay.cc:191] set input delay sdc line no : 1
I20260921 12:42:44.630309     4 CmdSetIODelay.cc:191] set input delay sdc line no : 1
Could not create log file: Read-only file system
COULD NOT CREATE LOGFILE '20260921-124244.4'!
I20260921 12:42:44.630378     4 CmdSetIODelay.cc:191] set input delay sdc line no : 1
I20260921 12:42:44.630520     4 CmdSetIODelay.cc:191] set input delay sdc line no : 1
I20260921 12:42:44.630587     4 CmdSetIODelay.cc:191] set input delay sdc line no : 1
I20260921 12:42:44.630656     4 CmdSetIODelay.cc:191] set input delay sdc line no : 1
I20260921 12:42:44.630726     4 CmdSetIODelay.cc:191] set input delay sdc line no : 1
I20260921 12:42:44.630796     4 CmdSetIODelay.cc:191] set input delay sdc line no : 1
I20260921 12:42:44.630863     4 CmdSetIODelay.cc:191] set input delay sdc line no : 1
I20260921 12:42:44.630929     4 CmdSetIODelay.cc:191] set input delay sdc line no : 1
I20260921 12:42:44.630995     4 CmdSetIODelay.cc:191] set input delay sdc line no : 1
I20260921 12:42:44.631086     4 CmdSetIODelay.cc:191] set input delay sdc line no : 1
I20260921 12:42:44.631155     4 CmdSetIODelay.cc:191] set input delay sdc line no : 1
I20260921 12:42:44.631224     4 CmdSetIODelay.cc:191] set input delay sdc line no : 1
I20260921 12:42:44.631290     4 CmdSetIODelay.cc:191] set input delay sdc line no : 1
I20260921 12:42:44.631356     4 CmdSetIODelay.cc:191] set input delay sdc line no : 1
I20260921 12:42:44.631527     4 CmdSetIODelay.cc:191] set input delay sdc line no : 1
I20260921 12:42:44.631604     4 CmdSetIODelay.cc:191] set input delay sdc line no : 1
I20260921 12:42:44.631671     4 CmdSetIODelay.cc:191] set input delay sdc line no : 1
I20260921 12:42:44.631737     4 CmdSetIODelay.cc:191] set input delay sdc line no : 1
I20260921 12:42:44.631801     4 CmdSetIODelay.cc:191] set input delay sdc line no : 1
I20260921 12:42:44.631870     4 CmdSetIODelay.cc:191] set input delay sdc line no : 1
I20260921 12:42:44.631944     4 CmdSetIODelay.cc:191] set input delay sdc line no : 1
I20260921 12:42:44.632009     4 CmdSetIODelay.cc:191] set input delay sdc line no : 1
I20260921 12:42:44.632073     4 CmdSetIODelay.cc:191] set input delay sdc line no : 1
I20260921 12:42:44.632139     4 CmdSetIODelay.cc:191] set input delay sdc line no : 1
I20260921 12:42:44.632221     4 CmdSetIODelay.cc:191] set input delay sdc line no : 1
I20260921 12:42:44.632287     4 CmdSetIODelay.cc:191] set input delay sdc line no : 1
I20260921 12:42:44.632360     4 CmdSetIODelay.cc:191] set input delay sdc line no : 1
I20260921 12:42:44.632471     4 CmdSetIODelay.cc:191] set input delay sdc line no : 1
I20260921 12:42:44.632560     4 CmdSetIODelay.cc:191] set input delay sdc line no : 1
I20260921 12:42:44.632629     4 CmdSetIODelay.cc:191] set input delay sdc line no : 1
Reset-boundary STA: constrained 101 data inputs; raw rst_ni is asynchronous
I20260921 12:42:44.896703     4 Sta.cc:198] read sdc /home/yong/ysyx/ysyx-workbench-rv32-interview/npc/result/verification/rv32-fence-error-fix-20260921/sta/riscv32_core_reset_boundary-580MHz-buffered/constraints.sdc end 
I20260921 12:42:44.896811     4 StaBuildGraph.cc:315] build graph start
Could not create log file: Read-only file system
COULD NOT CREATE LOGFILE '20260921-124245.4'!
I20260921 12:42:45.271768     4 StaBuildGraph.cc:216] net instruction_axi4_manager_o_4_ has no driver.
I20260921 12:42:45.271955     4 StaBuildGraph.cc:216] net instruction_axi4_manager_o_5_ has no driver.
I20260921 12:42:45.271986     4 StaBuildGraph.cc:216] net instruction_axi4_manager_o_6_ has no driver.
I20260921 12:42:45.272022     4 StaBuildGraph.cc:216] net instruction_axi4_manager_o_8_ has no driver.
I20260921 12:42:45.272058     4 StaBuildGraph.cc:216] net instruction_axi4_manager_o_11_ has no driver.
I20260921 12:42:45.272100     4 StaBuildGraph.cc:216] net instruction_axi4_manager_o_12_ has no driver.
I20260921 12:42:45.272131     4 StaBuildGraph.cc:216] net instruction_axi4_manager_o_13_ has no driver.
I20260921 12:42:45.272163     4 StaBuildGraph.cc:216] net instruction_axi4_manager_o_14_ has no driver.
I20260921 12:42:45.272194     4 StaBuildGraph.cc:216] net instruction_axi4_manager_o_15_ has no driver.
I20260921 12:42:45.272224     4 StaBuildGraph.cc:216] net instruction_axi4_manager_o_16_ has no driver.
I20260921 12:42:45.272255     4 StaBuildGraph.cc:216] net instruction_axi4_manager_o_17_ has no driver.
I20260921 12:42:45.272286     4 StaBuildGraph.cc:216] net instruction_axi4_manager_o_18_ has no driver.
I20260921 12:42:45.272317     4 StaBuildGraph.cc:216] net instruction_axi4_manager_o_19_ has no driver.
I20260921 12:42:45.272348     4 StaBuildGraph.cc:216] net instruction_axi4_manager_o_20_ has no driver.
I20260921 12:42:45.272451     4 StaBuildGraph.cc:216] net instruction_axi4_manager_o_51_ has no driver.
I20260921 12:42:45.272485     4 StaBuildGraph.cc:216] net instruction_axi4_manager_o_52_ has no driver.
I20260921 12:42:45.272516     4 StaBuildGraph.cc:216] net instruction_axi4_manager_o_53_ has no driver.
I20260921 12:42:45.272547     4 StaBuildGraph.cc:216] net instruction_axi4_manager_o_54_ has no driver.
I20260921 12:42:45.272578     4 StaBuildGraph.cc:216] net instruction_axi4_manager_o_55_ has no driver.
I20260921 12:42:45.272608     4 StaBuildGraph.cc:216] net instruction_axi4_manager_o_56_ has no driver.
I20260921 12:42:45.272639     4 StaBuildGraph.cc:216] net instruction_axi4_manager_o_57_ has no driver.
I20260921 12:42:45.272670     4 StaBuildGraph.cc:216] net instruction_axi4_manager_o_58_ has no driver.
I20260921 12:42:45.272701     4 StaBuildGraph.cc:216] net instruction_axi4_manager_o_59_ has no driver.
I20260921 12:42:45.272732     4 StaBuildGraph.cc:216] net instruction_axi4_manager_o_60_ has no driver.
I20260921 12:42:45.272763     4 StaBuildGraph.cc:216] net instruction_axi4_manager_o_61_ has no driver.
I20260921 12:42:45.272794     4 StaBuildGraph.cc:216] net instruction_axi4_manager_o_62_ has no driver.
I20260921 12:42:45.272823     4 StaBuildGraph.cc:216] net instruction_axi4_manager_o_63_ has no driver.
I20260921 12:42:45.272854     4 StaBuildGraph.cc:216] net instruction_axi4_manager_o_64_ has no driver.
I20260921 12:42:45.272886     4 StaBuildGraph.cc:216] net instruction_axi4_manager_o_65_ has no driver.
I20260921 12:42:45.272917     4 StaBuildGraph.cc:216] net instruction_axi4_manager_o_66_ has no driver.
I20260921 12:42:45.272946     4 StaBuildGraph.cc:216] net instruction_axi4_manager_o_67_ has no driver.
I20260921 12:42:45.272977     4 StaBuildGraph.cc:216] net instruction_axi4_manager_o_68_ has no driver.
Could not create log file: Read-only file system
COULD NOT CREATE LOGFILE '20260921-124245.4'!
I20260921 12:42:45.273008     4 StaBuildGraph.cc:216] net instruction_axi4_manager_o_69_ has no driver.
I20260921 12:42:45.273061     4 StaBuildGraph.cc:216] net instruction_axi4_manager_o_70_ has no driver.
I20260921 12:42:45.273092     4 StaBuildGraph.cc:216] net instruction_axi4_manager_o_71_ has no driver.
I20260921 12:42:45.273123     4 StaBuildGraph.cc:216] net instruction_axi4_manager_o_72_ has no driver.
I20260921 12:42:45.273155     4 StaBuildGraph.cc:216] net instruction_axi4_manager_o_73_ has no driver.
I20260921 12:42:45.273186     4 StaBuildGraph.cc:216] net instruction_axi4_manager_o_74_ has no driver.
I20260921 12:42:45.273217     4 StaBuildGraph.cc:216] net instruction_axi4_manager_o_75_ has no driver.
I20260921 12:42:45.273249     4 StaBuildGraph.cc:216] net instruction_axi4_manager_o_76_ has no driver.
I20260921 12:42:45.273280     4 StaBuildGraph.cc:216] net instruction_axi4_manager_o_77_ has no driver.
I20260921 12:42:45.273311     4 StaBuildGraph.cc:216] net instruction_axi4_manager_o_78_ has no driver.
I20260921 12:42:45.273342     4 StaBuildGraph.cc:216] net instruction_axi4_manager_o_79_ has no driver.
I20260921 12:42:45.273444     4 StaBuildGraph.cc:216] net instruction_axi4_manager_o_80_ has no driver.
I20260921 12:42:45.273478     4 StaBuildGraph.cc:216] net instruction_axi4_manager_o_81_ has no driver.
I20260921 12:42:45.273509     4 StaBuildGraph.cc:216] net instruction_axi4_manager_o_82_ has no driver.
I20260921 12:42:45.273540     4 StaBuildGraph.cc:216] net instruction_axi4_manager_o_83_ has no driver.
I20260921 12:42:45.273569     4 StaBuildGraph.cc:216] net instruction_axi4_manager_o_84_ has no driver.
I20260921 12:42:45.273599     4 StaBuildGraph.cc:216] net instruction_axi4_manager_o_85_ has no driver.
I20260921 12:42:45.273630     4 StaBuildGraph.cc:216] net instruction_axi4_manager_o_86_ has no driver.
I20260921 12:42:45.273661     4 StaBuildGraph.cc:216] net instruction_axi4_manager_o_87_ has no driver.
I20260921 12:42:45.273692     4 StaBuildGraph.cc:216] net instruction_axi4_manager_o_88_ has no driver.
I20260921 12:42:45.273722     4 StaBuildGraph.cc:216] net instruction_axi4_manager_o_89_ has no driver.
I20260921 12:42:45.273752     4 StaBuildGraph.cc:216] net instruction_axi4_manager_o_90_ has no driver.
I20260921 12:42:45.273782     4 StaBuildGraph.cc:216] net instruction_axi4_manager_o_91_ has no driver.
I20260921 12:42:45.273813     4 StaBuildGraph.cc:216] net instruction_axi4_manager_o_92_ has no driver.
I20260921 12:42:45.273844     4 StaBuildGraph.cc:216] net instruction_axi4_manager_o_93_ has no driver.
I20260921 12:42:45.273874     4 StaBuildGraph.cc:216] net instruction_axi4_manager_o_94_ has no driver.
I20260921 12:42:45.273904     4 StaBuildGraph.cc:216] net instruction_axi4_manager_o_95_ has no driver.
I20260921 12:42:45.273936     4 StaBuildGraph.cc:216] net instruction_axi4_manager_o_96_ has no driver.
I20260921 12:42:45.273965     4 StaBuildGraph.cc:216] net instruction_axi4_manager_o_97_ has no driver.
I20260921 12:42:45.273996     4 StaBuildGraph.cc:216] net instruction_axi4_manager_o_98_ has no driver.
I20260921 12:42:45.274026     4 StaBuildGraph.cc:216] net instruction_axi4_manager_o_99_ has no driver.
I20260921 12:42:45.274057     4 StaBuildGraph.cc:216] net instruction_axi4_manager_o_100_ has no driver.
Could not create log file: Read-only file system
COULD NOT CREATE LOGFILE '20260921-124245.4'!
I20260921 12:42:45.274088     4 StaBuildGraph.cc:216] net instruction_axi4_manager_o_101_ has no driver.
I20260921 12:42:45.274140     4 StaBuildGraph.cc:216] net instruction_axi4_manager_o_102_ has no driver.
I20260921 12:42:45.274170     4 StaBuildGraph.cc:216] net instruction_axi4_manager_o_103_ has no driver.
I20260921 12:42:45.274200     4 StaBuildGraph.cc:216] net instruction_axi4_manager_o_104_ has no driver.
I20260921 12:42:45.274231     4 StaBuildGraph.cc:216] net instruction_axi4_manager_o_105_ has no driver.
I20260921 12:42:45.274262     4 StaBuildGraph.cc:216] net instruction_axi4_manager_o_106_ has no driver.
I20260921 12:42:45.274294     4 StaBuildGraph.cc:216] net instruction_axi4_manager_o_107_ has no driver.
I20260921 12:42:45.274324     4 StaBuildGraph.cc:216] net instruction_axi4_manager_o_108_ has no driver.
I20260921 12:42:45.274355     4 StaBuildGraph.cc:216] net instruction_axi4_manager_o_109_ has no driver.
I20260921 12:42:45.274425     4 StaBuildGraph.cc:216] net instruction_axi4_manager_o_110_ has no driver.
I20260921 12:42:45.274457     4 StaBuildGraph.cc:216] net instruction_axi4_manager_o_111_ has no driver.
I20260921 12:42:45.274488     4 StaBuildGraph.cc:216] net instruction_axi4_manager_o_112_ has no driver.
I20260921 12:42:45.274519     4 StaBuildGraph.cc:216] net instruction_axi4_manager_o_113_ has no driver.
I20260921 12:42:45.274550     4 StaBuildGraph.cc:216] net instruction_axi4_manager_o_114_ has no driver.
I20260921 12:42:45.274581     4 StaBuildGraph.cc:216] net instruction_axi4_manager_o_115_ has no driver.
I20260921 12:42:45.274612     4 StaBuildGraph.cc:216] net instruction_axi4_manager_o_116_ has no driver.
I20260921 12:42:45.274642     4 StaBuildGraph.cc:216] net instruction_axi4_manager_o_117_ has no driver.
I20260921 12:42:45.274677     4 StaBuildGraph.cc:216] net instruction_axi4_manager_o_118_ has no driver.
I20260921 12:42:45.274706     4 StaBuildGraph.cc:216] net instruction_axi4_manager_o_119_ has no driver.
I20260921 12:42:45.274737     4 StaBuildGraph.cc:216] net instruction_axi4_manager_o_120_ has no driver.
I20260921 12:42:45.274768     4 StaBuildGraph.cc:216] net instruction_axi4_manager_o_121_ has no driver.
I20260921 12:42:45.274799     4 StaBuildGraph.cc:216] net instruction_axi4_manager_o_122_ has no driver.
I20260921 12:42:45.274829     4 StaBuildGraph.cc:216] net instruction_axi4_manager_o_123_ has no driver.
I20260921 12:42:45.274860     4 StaBuildGraph.cc:216] net instruction_axi4_manager_o_124_ has no driver.
I20260921 12:42:45.274890     4 StaBuildGraph.cc:216] net instruction_axi4_manager_o_125_ has no driver.
I20260921 12:42:45.274921     4 StaBuildGraph.cc:216] net instruction_axi4_manager_o_126_ has no driver.
I20260921 12:42:45.274951     4 StaBuildGraph.cc:216] net instruction_axi4_manager_o_127_ has no driver.
I20260921 12:42:45.274983     4 StaBuildGraph.cc:216] net instruction_axi4_manager_o_128_ has no driver.
I20260921 12:42:45.275013     4 StaBuildGraph.cc:216] net instruction_axi4_manager_o_129_ has no driver.
I20260921 12:42:45.275044     4 StaBuildGraph.cc:216] net instruction_axi4_manager_o_130_ has no driver.
I20260921 12:42:45.275075     4 StaBuildGraph.cc:216] net instruction_axi4_manager_o_131_ has no driver.
I20260921 12:42:45.275106     4 StaBuildGraph.cc:216] net instruction_axi4_manager_o_132_ has no driver.
Could not create log file: Read-only file system
COULD NOT CREATE LOGFILE '20260921-124245.4'!
I20260921 12:42:45.275138     4 StaBuildGraph.cc:216] net instruction_axi4_manager_o_133_ has no driver.
I20260921 12:42:45.275192     4 StaBuildGraph.cc:216] net instruction_axi4_manager_o_134_ has no driver.
I20260921 12:42:45.275224     4 StaBuildGraph.cc:216] net instruction_axi4_manager_o_135_ has no driver.
I20260921 12:42:45.275257     4 StaBuildGraph.cc:216] net instruction_axi4_manager_o_136_ has no driver.
I20260921 12:42:45.275288     4 StaBuildGraph.cc:216] net instruction_axi4_manager_o_137_ has no driver.
I20260921 12:42:45.275319     4 StaBuildGraph.cc:216] net instruction_axi4_manager_o_138_ has no driver.
I20260921 12:42:45.275350     4 StaBuildGraph.cc:216] net instruction_axi4_manager_o_139_ has no driver.
I20260921 12:42:45.275494     4 StaBuildGraph.cc:216] net instruction_axi4_manager_i_2_ has no driver.
I20260921 12:42:45.275530     4 StaBuildGraph.cc:216] net instruction_axi4_manager_i_4_ has no driver.
I20260921 12:42:45.275561     4 StaBuildGraph.cc:216] net instruction_axi4_manager_i_5_ has no driver.
I20260921 12:42:45.275591     4 StaBuildGraph.cc:216] net instruction_axi4_manager_i_6_ has no driver.
I20260921 12:42:45.275622     4 StaBuildGraph.cc:216] net instruction_axi4_manager_i_7_ has no driver.
I20260921 12:42:45.275672     4 StaBuildGraph.cc:216] net instruction_axi4_manager_i_41_ has no driver.
I20260921 12:42:45.275703     4 StaBuildGraph.cc:216] net instruction_axi4_manager_i_42_ has no driver.
I20260921 12:42:45.275734     4 StaBuildGraph.cc:216] net instruction_axi4_manager_i_43_ has no driver.
I20260921 12:42:45.275764     4 StaBuildGraph.cc:216] net instruction_axi4_manager_i_44_ has no driver.
I20260921 12:42:45.275795     4 StaBuildGraph.cc:216] net instruction_axi4_manager_i_45_ has no driver.
I20260921 12:42:45.275826     4 StaBuildGraph.cc:216] net instruction_axi4_manager_i_46_ has no driver.
I20260921 12:42:45.275856     4 StaBuildGraph.cc:216] net instruction_axi4_manager_i_47_ has no driver.
I20260921 12:42:45.275887     4 StaBuildGraph.cc:216] net instruction_axi4_manager_i_48_ has no driver.
I20260921 12:42:45.275918     4 StaBuildGraph.cc:216] net instruction_axi4_manager_i_49_ has no driver.
I20260921 12:42:45.275961     4 StaBuildGraph.cc:216] net data_axi4_manager_o_3_ has no driver.
I20260921 12:42:45.276001     4 StaBuildGraph.cc:216] net data_axi4_manager_o_6_ has no driver.
I20260921 12:42:45.276051     4 StaBuildGraph.cc:216] net data_axi4_manager_o_8_ has no driver.
I20260921 12:42:45.276087     4 StaBuildGraph.cc:216] net data_axi4_manager_o_9_ has no driver.
I20260921 12:42:45.276118     4 StaBuildGraph.cc:216] net data_axi4_manager_o_10_ has no driver.
I20260921 12:42:45.276149     4 StaBuildGraph.cc:216] net data_axi4_manager_o_11_ has no driver.
I20260921 12:42:45.276180     4 StaBuildGraph.cc:216] net data_axi4_manager_o_12_ has no driver.
I20260921 12:42:45.276211     4 StaBuildGraph.cc:216] net data_axi4_manager_o_13_ has no driver.
I20260921 12:42:45.276242     4 StaBuildGraph.cc:216] net data_axi4_manager_o_14_ has no driver.
I20260921 12:42:45.276273     4 StaBuildGraph.cc:216] net data_axi4_manager_o_15_ has no driver.
I20260921 12:42:45.276302     4 StaBuildGraph.cc:216] net data_axi4_manager_o_16_ has no driver.
Could not create log file: Read-only file system
COULD NOT CREATE LOGFILE '20260921-124245.4'!
I20260921 12:42:45.276333     4 StaBuildGraph.cc:216] net data_axi4_manager_o_17_ has no driver.
I20260921 12:42:45.276429     4 StaBuildGraph.cc:216] net data_axi4_manager_o_18_ has no driver.
I20260921 12:42:45.276546     4 StaBuildGraph.cc:216] net data_axi4_manager_o_91_ has no driver.
I20260921 12:42:45.276597     4 StaBuildGraph.cc:216] net data_axi4_manager_o_92_ has no driver.
I20260921 12:42:45.276636     4 StaBuildGraph.cc:216] net data_axi4_manager_o_95_ has no driver.
I20260921 12:42:45.276682     4 StaBuildGraph.cc:216] net data_axi4_manager_o_97_ has no driver.
I20260921 12:42:45.276713     4 StaBuildGraph.cc:216] net data_axi4_manager_o_98_ has no driver.
I20260921 12:42:45.276744     4 StaBuildGraph.cc:216] net data_axi4_manager_o_99_ has no driver.
I20260921 12:42:45.276777     4 StaBuildGraph.cc:216] net data_axi4_manager_o_100_ has no driver.
I20260921 12:42:45.276806     4 StaBuildGraph.cc:216] net data_axi4_manager_o_101_ has no driver.
I20260921 12:42:45.276837     4 StaBuildGraph.cc:216] net data_axi4_manager_o_102_ has no driver.
I20260921 12:42:45.276867     4 StaBuildGraph.cc:216] net data_axi4_manager_o_103_ has no driver.
I20260921 12:42:45.276899     4 StaBuildGraph.cc:216] net data_axi4_manager_o_104_ has no driver.
I20260921 12:42:45.276929     4 StaBuildGraph.cc:216] net data_axi4_manager_o_105_ has no driver.
I20260921 12:42:45.276960     4 StaBuildGraph.cc:216] net data_axi4_manager_o_106_ has no driver.
I20260921 12:42:45.276991     4 StaBuildGraph.cc:216] net data_axi4_manager_o_107_ has no driver.
I20260921 12:42:45.277071     4 StaBuildGraph.cc:216] net data_axi4_manager_i_2_ has no driver.
I20260921 12:42:45.277115     4 StaBuildGraph.cc:216] net data_axi4_manager_i_4_ has no driver.
I20260921 12:42:45.277154     4 StaBuildGraph.cc:216] net data_axi4_manager_i_5_ has no driver.
I20260921 12:42:45.277185     4 StaBuildGraph.cc:216] net data_axi4_manager_i_6_ has no driver.
I20260921 12:42:45.277215     4 StaBuildGraph.cc:216] net data_axi4_manager_i_7_ has no driver.
I20260921 12:42:45.277305     4 StaBuildGraph.cc:216] net data_axi4_manager_i_42_ has no driver.
I20260921 12:42:45.277341     4 StaBuildGraph.cc:216] net data_axi4_manager_i_44_ has no driver.
I20260921 12:42:45.277374     4 StaBuildGraph.cc:216] net data_axi4_manager_i_45_ has no driver.
I20260921 12:42:45.277442     4 StaBuildGraph.cc:216] net data_axi4_manager_i_46_ has no driver.
I20260921 12:42:45.277473     4 StaBuildGraph.cc:216] net data_axi4_manager_i_47_ has no driver.
I20260921 12:42:45.462862     4 StaBuildGraph.cc:332] build graph end
I20260921 12:42:45.463069     4 Sta.cc:2834] update timing start
I20260921 12:42:45.471052     4 StaApplySdc.cc:698] apply sdc start
I20260921 12:42:45.471575     4 StaApplySdc.cc:729] apply sdc end
I20260921 12:42:45.471632     4 StaClockPropagation.cc:324] ideal clock propagation start
I20260921 12:42:45.471662     4 StaClockPropagation.cc:354] clock propagation clock num: 1
Could not create log file: Read-only file system
COULD NOT CREATE LOGFILE '20260921-124245.4'!
I20260921 12:42:45.471711     4 StaClockPropagation.cc:203] clock propagate end to vertex core_rst_n_reg_n:CK
I20260921 12:42:45.483348     4 StaClockPropagation.cc:203] clock propagate end to vertex u_core.u_data_mem.gen_dcache.u_dcache.u_data_array.data_array_q[1]_385__reg_p:CK
I20260921 12:42:45.497720     4 StaClockPropagation.cc:203] clock propagate end to vertex u_core.u_regfile.gpr_array_q[6]_4__reg_p:CK
I20260921 12:42:45.510004     4 StaClockPropagation.cc:203] clock propagate end to vertex u_core.u_data_mem.u_uncached_axi.request_context_q_29__reg_p:CK
I20260921 12:42:45.518085     4 StaClockPropagation.cc:422] ideal clock propagation end
I20260921 12:42:45.518178     4 StaCheck.cc:129] found loop fwd start
I20260921 12:42:45.556087     4 StaCheck.cc:148] found loop fwd end
I20260921 12:42:45.556190     4 StaCheck.cc:150] found loop bwd start
I20260921 12:42:45.596832     4 StaCheck.cc:172] found loop bwd end
I20260921 12:42:45.597003     4 StaClockSlewDelayPropagation.cc:112] clock slew delay propagation start
I20260921 12:42:45.597057     4 StaClockSlewDelayPropagation.cc:130] propagating current clock queue vertexes number is 1
I20260921 12:42:45.598894     4 StaClockSlewDelayPropagation.cc:130] propagating current clock queue vertexes number is 552
I20260921 12:42:45.601534     4 StaClockSlewDelayPropagation.cc:130] propagating current clock queue vertexes number is 481
I20260921 12:42:45.620797     4 StaClockSlewDelayPropagation.cc:130] propagating current clock queue vertexes number is 7576
I20260921 12:42:45.642096     4 StaClockSlewDelayPropagation.cc:130] propagating current clock queue vertexes number is 4
I20260921 12:42:45.642315     4 StaClockSlewDelayPropagation.cc:130] propagating current clock queue vertexes number is 64
I20260921 12:42:45.642534     4 StaClockSlewDelayPropagation.cc:130] propagating current clock queue vertexes number is 64
I20260921 12:42:45.646746     4 StaClockSlewDelayPropagation.cc:130] propagating current clock queue vertexes number is 2048
I20260921 12:42:45.651504     4 StaClockSlewDelayPropagation.cc:163] clock slew delay propagation end
I20260921 12:42:45.651652     4 StaClockSlewDelayPropagation.cc:166] clock slew delay propagation memory usage 8.472MB
I20260921 12:42:45.651707     4 StaClockSlewDelayPropagation.cc:169] clock slew delay propagation time elapsed 0.054704s
I20260921 12:42:45.688320     4 StaClockPropagation.cc:326] propagated(kNormal) clock propagation start
I20260921 12:42:45.688499     4 StaClockPropagation.cc:354] clock propagation clock num: 1
I20260921 12:42:45.688570     4 StaClockPropagation.cc:424] propagated(kNormal) clock propagation end
I20260921 12:42:45.688616     4 StaApplySdc.cc:698] apply sdc start
I20260921 12:42:45.688659     4 StaApplySdc.cc:729] apply sdc end
I20260921 12:42:45.688702     4 StaClockPropagation.cc:328] propagated(kGenerated) clock propagation start
I20260921 12:42:45.688745     4 StaClockPropagation.cc:354] clock propagation clock num: 1
I20260921 12:42:45.688787     4 StaClockPropagation.cc:426] propagated(kGenerated) clock propagation end
I20260921 12:42:45.688830     4 StaApplySdc.cc:698] apply sdc start
I20260921 12:42:45.688930     4 StaApplySdc.cc:729] apply sdc end
I20260921 12:42:45.688974     4 StaBuildPropTag.cc:325] build propagation tag start
Could not create log file: Read-only file system
COULD NOT CREATE LOGFILE '20260921-124245.4'!
I20260921 12:42:45.689018     4 StaBuildPropTag.cc:338] build propagation tag end
I20260921 12:42:45.689122     4 StaDataPropagation.cc:676] data fwd propagation start
I20260921 12:42:45.689252     4 StaDataPropagationBFS.cc:166] data fwd propagation bfs start
I20260921 12:42:45.710220     4 StaDataPropagationBFS.cc:190] propagating current data queue vertexes number is 9764
I20260921 12:42:45.714764    70 StaDataPropagationBFS.cc:82] Thread 138842309961280 date fwd propagate found start vertex.rst_ni
I20260921 12:42:45.715948    82 StaDataPropagationBFS.cc:82] Thread 138842384356928 date fwd propagate found start vertex.instruction_axi4_manager_i_12_
Could not create log file: Read-only file system
COULD NOT CREATE LOGFILE '20260921-124245.4'!
Could not create log file: Read-only file system
COULD NOT CREATE LOGFILE '20260921-124245.4'!
E20260921 12:42:45.717970    79 Lib.cc:181] Warning: val outside table ranges:  val = 0; min_val = 0.00117378; max_val = 0.198535
E20260921 12:42:45.718056    86 Lib.cc:181] Warning: val outside table ranges:  val = 0; min_val = 0.00117378; max_val = 0.198535
E20260921 12:42:45.718144    82 Lib.cc:181] Warning: val outside table ranges:  val = 0; min_val = 0.00117378; max_val = 0.198535
E20260921 12:42:45.718318    92 Lib.cc:181] Warning: val outside table ranges:  val = 0; min_val = 0.00117378; max_val = 0.198535
I20260921 12:42:45.714978    88 StaDataPropagationBFS.cc:82] Thread 138842293175872 date fwd propagate found start vertex.instruction_axi4_manager_i_1_
E20260921 12:42:45.718355    82 Lib.cc:181] Warning: val outside table ranges:  val = 0; min_val = 0.00117378; max_val = 0.198535
I20260921 12:42:45.715061    98 StaDataPropagationBFS.cc:82] Thread 138842209248832 date fwd propagate found start vertex.instruction_axi4_manager_i_3_
E20260921 12:42:45.718170    79 Lib.cc:181] Warning: val outside table ranges:  val = 0; min_val = 0.00117378; max_val = 0.198535
E20260921 12:42:45.718232    86 Lib.cc:181] Warning: val outside table ranges:  val = 0; min_val = 0.00117378; max_val = 0.198535
I20260921 12:42:45.715189    77 StaDataPropagationBFS.cc:82] Thread 138842499688000 date fwd propagate found start vertex.instruction_axi4_manager_i_9_
I20260921 12:42:45.715230    89 StaDataPropagationBFS.cc:82] Thread 138842284783168 date fwd propagate found start vertex.instruction_axi4_manager_i_10_
E20260921 12:42:45.718012    95 Lib.cc:181] Warning: val outside table ranges:  val = 0; min_val = 0.00117378; max_val = 0.198535
I20260921 12:42:45.714787    71 StaDataPropagationBFS.cc:82] Thread 138842318353984 date fwd propagate found start vertex.timer_interrupt_i
E20260921 12:42:45.718153    70 Lib.cc:181] Warning: val outside table ranges:  val = 0; min_val = 0.00117378; max_val = 0.198535
I20260921 12:42:45.715315    80 StaDataPropagationBFS.cc:82] Thread 138842401142336 date fwd propagate found start vertex.instruction_axi4_manager_i_11_
I20260921 12:42:45.715166    91 StaDataPropagationBFS.cc:82] Thread 138842267997760 date fwd propagate found start vertex.instruction_axi4_manager_i_8_
I20260921 12:42:45.714937    75 StaDataPropagationBFS.cc:82] Thread 138842516473408 date fwd propagate found start vertex.instruction_axi4_manager_i_0_
E20260921 12:42:45.718000    72 Lib.cc:181] Warning: val outside table ranges:  val = 0; min_val = 0.00117378; max_val = 0.198535
I20260921 12:42:45.901651     4 StaDataPropagationBFS.cc:190] propagating current data queue vertexes number is 8622
I20260921 12:42:46.082512     4 StaDataPropagationBFS.cc:190] propagating current data queue vertexes number is 17950
I20260921 12:42:46.517467     4 StaDataPropagationBFS.cc:190] propagating current data queue vertexes number is 3023
I20260921 12:42:46.605366     4 StaDataPropagationBFS.cc:190] propagating current data queue vertexes number is 5984
I20260921 12:42:46.645660     4 StaDataPropagationBFS.cc:190] propagating current data queue vertexes number is 903
I20260921 12:42:46.669703     4 StaDataPropagationBFS.cc:190] propagating current data queue vertexes number is 3932
I20260921 12:42:46.718184     4 StaDataPropagationBFS.cc:190] propagating current data queue vertexes number is 955
I20260921 12:42:46.742107     4 StaDataPropagationBFS.cc:190] propagating current data queue vertexes number is 3317
Could not create log file: Read-only file system
COULD NOT CREATE LOGFILE '20260921-124246.4'!
I20260921 12:42:46.772312     4 StaDataPropagationBFS.cc:190] propagating current data queue vertexes number is 1085
I20260921 12:42:46.796324     4 StaDataPropagationBFS.cc:190] propagating current data queue vertexes number is 3795
I20260921 12:42:46.844924     4 StaDataPropagationBFS.cc:190] propagating current data queue vertexes number is 1046
I20260921 12:42:46.891605     4 StaDataPropagationBFS.cc:190] propagating current data queue vertexes number is 4285
I20260921 12:42:46.970649     4 StaDataPropagationBFS.cc:190] propagating current data queue vertexes number is 1203
I20260921 12:42:46.999639     4 StaDataPropagationBFS.cc:190] propagating current data queue vertexes number is 3994
I20260921 12:42:47.064150     4 StaDataPropagationBFS.cc:190] propagating current data queue vertexes number is 1258
I20260921 12:42:47.087306     4 StaDataPropagationBFS.cc:190] propagating current data queue vertexes number is 3015
I20260921 12:42:47.209034     4 StaDataPropagationBFS.cc:190] propagating current data queue vertexes number is 1180
I20260921 12:42:47.265241     4 StaDataPropagationBFS.cc:190] propagating current data queue vertexes number is 3502
I20260921 12:42:47.370077     4 StaDataPropagationBFS.cc:190] propagating current data queue vertexes number is 1690
I20260921 12:42:47.420455     4 StaDataPropagationBFS.cc:190] propagating current data queue vertexes number is 5243
I20260921 12:42:47.492906     4 StaDataPropagationBFS.cc:190] propagating current data queue vertexes number is 1560
I20260921 12:42:47.516781     4 StaDataPropagationBFS.cc:190] propagating current data queue vertexes number is 3543
I20260921 12:42:47.673453     4 StaDataPropagationBFS.cc:190] propagating current data queue vertexes number is 1194
I20260921 12:42:47.706918     4 StaDataPropagationBFS.cc:190] propagating current data queue vertexes number is 2820
I20260921 12:42:47.822860     4 StaDataPropagationBFS.cc:190] propagating current data queue vertexes number is 1044
I20260921 12:42:47.885703     4 StaDataPropagationBFS.cc:190] propagating current data queue vertexes number is 2160
I20260921 12:42:47.932902     4 StaDataPropagationBFS.cc:190] propagating current data queue vertexes number is 961
I20260921 12:42:48.049630     4 StaDataPropagationBFS.cc:190] propagating current data queue vertexes number is 2103
I20260921 12:42:48.102131     4 StaDataPropagationBFS.cc:190] propagating current data queue vertexes number is 1035
I20260921 12:42:48.332427     4 StaDataPropagationBFS.cc:190] propagating current data queue vertexes number is 2457
I20260921 12:42:48.401640     4 StaDataPropagationBFS.cc:190] propagating current data queue vertexes number is 716
I20260921 12:42:48.419510     4 StaDataPropagationBFS.cc:190] propagating current data queue vertexes number is 1733
I20260921 12:42:48.445501     4 StaDataPropagationBFS.cc:190] propagating current data queue vertexes number is 582
I20260921 12:42:48.481881     4 StaDataPropagationBFS.cc:190] propagating current data queue vertexes number is 2049
I20260921 12:42:48.571810     4 StaDataPropagationBFS.cc:190] propagating current data queue vertexes number is 425
I20260921 12:42:48.587450     4 StaDataPropagationBFS.cc:190] propagating current data queue vertexes number is 1253
I20260921 12:42:48.608112     4 StaDataPropagationBFS.cc:190] propagating current data queue vertexes number is 697
I20260921 12:42:48.630112     4 StaDataPropagationBFS.cc:190] propagating current data queue vertexes number is 2712
I20260921 12:42:48.699477     4 StaDataPropagationBFS.cc:190] propagating current data queue vertexes number is 1876
I20260921 12:42:48.736323     4 StaDataPropagationBFS.cc:190] propagating current data queue vertexes number is 2282
Could not create log file: Read-only file system
COULD NOT CREATE LOGFILE '20260921-124248.4'!
I20260921 12:42:48.762210     4 StaDataPropagationBFS.cc:190] propagating current data queue vertexes number is 743
I20260921 12:42:48.792600     4 StaDataPropagationBFS.cc:190] propagating current data queue vertexes number is 1065
I20260921 12:42:48.839640     4 StaDataPropagationBFS.cc:190] propagating current data queue vertexes number is 407
I20260921 12:42:48.866297     4 StaDataPropagationBFS.cc:190] propagating current data queue vertexes number is 688
I20260921 12:42:48.878834     4 StaDataPropagationBFS.cc:190] propagating current data queue vertexes number is 242
I20260921 12:42:48.899238     4 StaDataPropagationBFS.cc:190] propagating current data queue vertexes number is 452
I20260921 12:42:48.936038     4 StaDataPropagationBFS.cc:190] propagating current data queue vertexes number is 228
I20260921 12:42:48.965849     4 StaDataPropagationBFS.cc:190] propagating current data queue vertexes number is 317
I20260921 12:42:48.985728     4 StaDataPropagationBFS.cc:190] propagating current data queue vertexes number is 144
I20260921 12:42:49.008828     4 StaDataPropagationBFS.cc:190] propagating current data queue vertexes number is 213
I20260921 12:42:49.028640     4 StaDataPropagationBFS.cc:190] propagating current data queue vertexes number is 142
I20260921 12:42:49.039752     4 StaDataPropagationBFS.cc:190] propagating current data queue vertexes number is 227
I20260921 12:42:49.092111     4 StaDataPropagationBFS.cc:190] propagating current data queue vertexes number is 102
I20260921 12:42:49.107931     4 StaDataPropagationBFS.cc:190] propagating current data queue vertexes number is 135
I20260921 12:42:49.137923     4 StaDataPropagationBFS.cc:190] propagating current data queue vertexes number is 72
I20260921 12:42:49.146813     4 StaDataPropagationBFS.cc:190] propagating current data queue vertexes number is 122
I20260921 12:42:49.157737     4 StaDataPropagationBFS.cc:190] propagating current data queue vertexes number is 47
I20260921 12:42:49.165977     4 StaDataPropagationBFS.cc:190] propagating current data queue vertexes number is 98
I20260921 12:42:49.209128     4 StaDataPropagationBFS.cc:190] propagating current data queue vertexes number is 38
I20260921 12:42:49.220134     4 StaDataPropagationBFS.cc:190] propagating current data queue vertexes number is 39
I20260921 12:42:49.258460     4 StaDataPropagationBFS.cc:190] propagating current data queue vertexes number is 4
I20260921 12:42:49.267711     4 StaDataPropagationBFS.cc:190] propagating current data queue vertexes number is 4
I20260921 12:42:49.275094     4 StaDataPropagationBFS.cc:229] data fwd propagation bfs end
I20260921 12:42:49.275247     4 StaDataPropagationBFS.cc:232] data fwd propagation bfs memory usage 2003.08MB
I20260921 12:42:49.275293     4 StaDataPropagationBFS.cc:234] data fwd propagation bfs time elapsed 3.58604s
I20260921 12:42:49.275331     4 StaDataPropagation.cc:695] data fwd propagation end
I20260921 12:42:49.275364     4 StaDataPropagation.cc:676] data fwd propagation start
I20260921 12:42:49.275609     4 StaDataPropagationBFS.cc:166] data fwd propagation bfs start
I20260921 12:42:49.291637     4 StaDataPropagationBFS.cc:190] propagating current data queue vertexes number is 2
I20260921 12:42:49.298026     4 StaDataPropagationBFS.cc:229] data fwd propagation bfs end
I20260921 12:42:49.298187     4 StaDataPropagationBFS.cc:232] data fwd propagation bfs memory usage 0.524MB
I20260921 12:42:49.298235     4 StaDataPropagationBFS.cc:234] data fwd propagation bfs time elapsed 0.022627s
Could not create log file: Read-only file system
COULD NOT CREATE LOGFILE '20260921-124249.4'!
I20260921 12:42:49.298269     4 StaDataPropagation.cc:695] data fwd propagation end
I20260921 12:42:49.298357     4 StaAnalyze.cc:557] analyze timing path start
I20260921 12:42:49.298549     4 StaAnalyze.cc:565] analyze timing path end vertex 1 total 10904 start
I20260921 12:42:49.298633     4 StaAnalyze.cc:599] analyze timing path end vertex 1 total 10904 end
I20260921 12:42:49.298715     4 StaAnalyze.cc:565] analyze timing path end vertex 11 total 10904 start
I20260921 12:42:49.298750     4 StaAnalyze.cc:599] analyze timing path end vertex 11 total 10904 end
I20260921 12:42:49.298812     4 StaAnalyze.cc:565] analyze timing path end vertex 21 total 10904 start
I20260921 12:42:49.298847     4 StaAnalyze.cc:599] analyze timing path end vertex 21 total 10904 end
I20260921 12:42:49.298903     4 StaAnalyze.cc:565] analyze timing path end vertex 31 total 10904 start
I20260921 12:42:49.298938     4 StaAnalyze.cc:599] analyze timing path end vertex 31 total 10904 end
I20260921 12:42:49.298987     4 StaAnalyze.cc:303] add path data num 2 to core_rst_n_reg_n:D
I20260921 12:42:49.299026     4 StaAnalyze.cc:565] analyze timing path end vertex 41 total 10904 start
I20260921 12:42:49.299055     4 StaAnalyze.cc:599] analyze timing path end vertex 41 total 10904 end
I20260921 12:42:49.299110     4 StaAnalyze.cc:565] analyze timing path end vertex 51 total 10904 start
I20260921 12:42:49.299145     4 StaAnalyze.cc:599] analyze timing path end vertex 51 total 10904 end
I20260921 12:42:49.299197     4 StaAnalyze.cc:565] analyze timing path end vertex 61 total 10904 start
I20260921 12:42:49.299232     4 StaAnalyze.cc:599] analyze timing path end vertex 61 total 10904 end
I20260921 12:42:49.299289     4 StaAnalyze.cc:565] analyze timing path end vertex 71 total 10904 start
I20260921 12:42:49.299324     4 StaAnalyze.cc:599] analyze timing path end vertex 71 total 10904 end
I20260921 12:42:49.299386     4 StaAnalyze.cc:565] analyze timing path end vertex 81 total 10904 start
I20260921 12:42:49.299494     4 StaAnalyze.cc:599] analyze timing path end vertex 81 total 10904 end
I20260921 12:42:49.299583     4 StaAnalyze.cc:565] analyze timing path end vertex 91 total 10904 start
I20260921 12:42:49.299614     4 StaAnalyze.cc:599] analyze timing path end vertex 91 total 10904 end
I20260921 12:42:49.299654     4 StaAnalyze.cc:565] analyze timing path end vertex 101 total 10904 start
I20260921 12:42:49.299683     4 StaAnalyze.cc:599] analyze timing path end vertex 101 total 10904 end
I20260921 12:42:49.299769     4 StaAnalyze.cc:565] analyze timing path end vertex 111 total 10904 start
I20260921 12:42:49.299806     4 StaAnalyze.cc:599] analyze timing path end vertex 111 total 10904 end
I20260921 12:42:49.299889     4 StaAnalyze.cc:565] analyze timing path end vertex 121 total 10904 start
I20260921 12:42:49.299927     4 StaAnalyze.cc:599] analyze timing path end vertex 121 total 10904 end
I20260921 12:42:49.299981     4 StaAnalyze.cc:565] analyze timing path end vertex 131 total 10904 start
I20260921 12:42:49.300012     4 StaAnalyze.cc:599] analyze timing path end vertex 131 total 10904 end
I20260921 12:42:49.300065     4 StaAnalyze.cc:565] analyze timing path end vertex 141 total 10904 start
Could not create log file: Read-only file system
COULD NOT CREATE LOGFILE '20260921-124249.4'!
I20260921 12:42:49.300096     4 StaAnalyze.cc:599] analyze timing path end vertex 141 total 10904 end
I20260921 12:42:49.300158     4 StaAnalyze.cc:565] analyze timing path end vertex 151 total 10904 start
I20260921 12:42:49.300189     4 StaAnalyze.cc:599] analyze timing path end vertex 151 total 10904 end
I20260921 12:42:49.300221     4 StaAnalyze.cc:565] analyze timing path end vertex 161 total 10904 start
I20260921 12:42:49.300251     4 StaAnalyze.cc:599] analyze timing path end vertex 161 total 10904 end
I20260921 12:42:49.300285     4 StaAnalyze.cc:565] analyze timing path end vertex 171 total 10904 start
I20260921 12:42:49.300316     4 StaAnalyze.cc:599] analyze timing path end vertex 171 total 10904 end
I20260921 12:42:49.300362     4 StaAnalyze.cc:565] analyze timing path end vertex 181 total 10904 start
I20260921 12:42:49.300437     4 StaAnalyze.cc:599] analyze timing path end vertex 181 total 10904 end
I20260921 12:42:49.300482     4 StaAnalyze.cc:565] analyze timing path end vertex 191 total 10904 start
I20260921 12:42:49.300513     4 StaAnalyze.cc:599] analyze timing path end vertex 191 total 10904 end
I20260921 12:42:49.300547     4 StaAnalyze.cc:565] analyze timing path end vertex 201 total 10904 start
I20260921 12:42:49.300577     4 StaAnalyze.cc:599] analyze timing path end vertex 201 total 10904 end
I20260921 12:42:49.300621     4 StaAnalyze.cc:565] analyze timing path end vertex 211 total 10904 start
I20260921 12:42:49.300658     4 StaAnalyze.cc:599] analyze timing path end vertex 211 total 10904 end
I20260921 12:42:49.300706     4 StaAnalyze.cc:565] analyze timing path end vertex 221 total 10904 start
I20260921 12:42:49.300737     4 StaAnalyze.cc:599] analyze timing path end vertex 221 total 10904 end
I20260921 12:42:49.300803     4 StaAnalyze.cc:565] analyze timing path end vertex 231 total 10904 start
I20260921 12:42:49.300841     4 StaAnalyze.cc:599] analyze timing path end vertex 231 total 10904 end
I20260921 12:42:49.300930     4 StaAnalyze.cc:565] analyze timing path end vertex 241 total 10904 start
I20260921 12:42:49.300973     4 StaAnalyze.cc:599] analyze timing path end vertex 241 total 10904 end
I20260921 12:42:49.301046     4 StaAnalyze.cc:565] analyze timing path end vertex 251 total 10904 start
I20260921 12:42:49.301084     4 StaAnalyze.cc:599] analyze timing path end vertex 251 total 10904 end
I20260921 12:42:49.301117     4 StaAnalyze.cc:565] analyze timing path end vertex 261 total 10904 start
I20260921 12:42:49.301189     4 StaAnalyze.cc:599] analyze timing path end vertex 261 total 10904 end
I20260921 12:42:49.301276     4 StaAnalyze.cc:565] analyze timing path end vertex 271 total 10904 start
I20260921 12:42:49.301314     4 StaAnalyze.cc:599] analyze timing path end vertex 271 total 10904 end
I20260921 12:42:49.301438     4 StaAnalyze.cc:565] analyze timing path end vertex 281 total 10904 start
I20260921 12:42:49.301491     4 StaAnalyze.cc:599] analyze timing path end vertex 281 total 10904 end
I20260921 12:42:49.301663     4 StaAnalyze.cc:565] analyze timing path end vertex 291 total 10904 start
I20260921 12:42:49.301712     4 StaAnalyze.cc:599] analyze timing path end vertex 291 total 10904 end
I20260921 12:42:49.301875     4 StaAnalyze.cc:565] analyze timing path end vertex 301 total 10904 start
Could not create log file: Read-only file system
COULD NOT CREATE LOGFILE '20260921-124249.4'!
I20260921 12:42:49.301923     4 StaAnalyze.cc:599] analyze timing path end vertex 301 total 10904 end
I20260921 12:42:49.302106     4 StaAnalyze.cc:565] analyze timing path end vertex 311 total 10904 start
I20260921 12:42:49.302155     4 StaAnalyze.cc:599] analyze timing path end vertex 311 total 10904 end
I20260921 12:42:49.302310     4 StaAnalyze.cc:565] analyze timing path end vertex 321 total 10904 start
I20260921 12:42:49.302367     4 StaAnalyze.cc:599] analyze timing path end vertex 321 total 10904 end
I20260921 12:42:49.302583     4 StaAnalyze.cc:565] analyze timing path end vertex 331 total 10904 start
I20260921 12:42:49.302631     4 StaAnalyze.cc:599] analyze timing path end vertex 331 total 10904 end
I20260921 12:42:49.302726     4 StaAnalyze.cc:303] add path data num 4 to u_core.commit_20__reg_p:D
I20260921 12:42:49.302826     4 StaAnalyze.cc:565] analyze timing path end vertex 341 total 10904 start
I20260921 12:42:49.302879     4 StaAnalyze.cc:599] analyze timing path end vertex 341 total 10904 end
I20260921 12:42:49.303040     4 StaAnalyze.cc:565] analyze timing path end vertex 351 total 10904 start
I20260921 12:42:49.303107     4 StaAnalyze.cc:599] analyze timing path end vertex 351 total 10904 end
I20260921 12:42:49.303385     4 StaAnalyze.cc:565] analyze timing path end vertex 361 total 10904 start
I20260921 12:42:49.303642     4 StaAnalyze.cc:599] analyze timing path end vertex 361 total 10904 end
I20260921 12:42:49.303789     4 StaAnalyze.cc:565] analyze timing path end vertex 371 total 10904 start
I20260921 12:42:49.303844     4 StaAnalyze.cc:599] analyze timing path end vertex 371 total 10904 end
I20260921 12:42:49.303988     4 StaAnalyze.cc:565] analyze timing path end vertex 381 total 10904 start
I20260921 12:42:49.304028     4 StaAnalyze.cc:599] analyze timing path end vertex 381 total 10904 end
I20260921 12:42:49.304117     4 StaAnalyze.cc:565] analyze timing path end vertex 391 total 10904 start
I20260921 12:42:49.304154     4 StaAnalyze.cc:599] analyze timing path end vertex 391 total 10904 end
I20260921 12:42:49.304229     4 StaAnalyze.cc:565] analyze timing path end vertex 401 total 10904 start
I20260921 12:42:49.304265     4 StaAnalyze.cc:303] add path data num 4 to u_core.commit_253__reg_p:D
I20260921 12:42:49.304302     4 StaAnalyze.cc:599] analyze timing path end vertex 401 total 10904 end
I20260921 12:42:49.304450     4 StaAnalyze.cc:565] analyze timing path end vertex 411 total 10904 start
I20260921 12:42:49.304778     4 StaAnalyze.cc:599] analyze timing path end vertex 411 total 10904 end
I20260921 12:42:49.304899     4 StaAnalyze.cc:565] analyze timing path end vertex 421 total 10904 start
I20260921 12:42:49.304942     4 StaAnalyze.cc:599] analyze timing path end vertex 421 total 10904 end
I20260921 12:42:49.305051     4 StaAnalyze.cc:565] analyze timing path end vertex 431 total 10904 start
I20260921 12:42:49.305094     4 StaAnalyze.cc:599] analyze timing path end vertex 431 total 10904 end
I20260921 12:42:49.305195     4 StaAnalyze.cc:565] analyze timing path end vertex 441 total 10904 start
I20260921 12:42:49.305254     4 StaAnalyze.cc:599] analyze timing path end vertex 441 total 10904 end
I20260921 12:42:49.305423     4 StaAnalyze.cc:565] analyze timing path end vertex 451 total 10904 start
Could not create log file: Read-only file system
COULD NOT CREATE LOGFILE '20260921-124249.4'!
I20260921 12:42:49.305470     4 StaAnalyze.cc:303] add path data num 4 to u_core.csr_mepc_26__reg_p:RN
I20260921 12:42:49.305547     4 StaAnalyze.cc:599] analyze timing path end vertex 451 total 10904 end
I20260921 12:42:49.305658     4 StaAnalyze.cc:565] analyze timing path end vertex 461 total 10904 start
I20260921 12:42:49.305701     4 StaAnalyze.cc:599] analyze timing path end vertex 461 total 10904 end
I20260921 12:42:49.305806     4 StaAnalyze.cc:565] analyze timing path end vertex 471 total 10904 start
I20260921 12:42:49.305866     4 StaAnalyze.cc:599] analyze timing path end vertex 471 total 10904 end
I20260921 12:42:49.305979     4 StaAnalyze.cc:565] analyze timing path end vertex 481 total 10904 start
I20260921 12:42:49.306035     4 StaAnalyze.cc:599] analyze timing path end vertex 481 total 10904 end
I20260921 12:42:49.306156     4 StaAnalyze.cc:565] analyze timing path end vertex 491 total 10904 start
I20260921 12:42:49.306213     4 StaAnalyze.cc:599] analyze timing path end vertex 491 total 10904 end
I20260921 12:42:49.306335     4 StaAnalyze.cc:565] analyze timing path end vertex 501 total 10904 start
I20260921 12:42:49.306380     4 StaAnalyze.cc:599] analyze timing path end vertex 501 total 10904 end
I20260921 12:42:49.306630     4 StaAnalyze.cc:303] add path data num 4 to u_core.csr_mepc_13__reg_p:D
I20260921 12:42:49.306862     4 StaAnalyze.cc:565] analyze timing path end vertex 511 total 10904 start
I20260921 12:42:49.306923     4 StaAnalyze.cc:599] analyze timing path end vertex 511 total 10904 end
I20260921 12:42:49.307017     4 StaAnalyze.cc:565] analyze timing path end vertex 521 total 10904 start
I20260921 12:42:49.307057     4 StaAnalyze.cc:599] analyze timing path end vertex 521 total 10904 end
I20260921 12:42:49.307153     4 StaAnalyze.cc:565] analyze timing path end vertex 531 total 10904 start
I20260921 12:42:49.307195     4 StaAnalyze.cc:599] analyze timing path end vertex 531 total 10904 end
I20260921 12:42:49.307289     4 StaAnalyze.cc:565] analyze timing path end vertex 541 total 10904 start
I20260921 12:42:49.307329     4 StaAnalyze.cc:599] analyze timing path end vertex 541 total 10904 end
I20260921 12:42:49.307495     4 StaAnalyze.cc:565] analyze timing path end vertex 551 total 10904 start
I20260921 12:42:49.307561     4 StaAnalyze.cc:599] analyze timing path end vertex 551 total 10904 end
I20260921 12:42:49.307601     4 StaAnalyze.cc:303] add path data num 4 to u_core.csr_mtvec_11__reg_p:RN
I20260921 12:42:49.307708     4 StaAnalyze.cc:565] analyze timing path end vertex 561 total 10904 start
I20260921 12:42:49.307766     4 StaAnalyze.cc:599] analyze timing path end vertex 561 total 10904 end
I20260921 12:42:49.307873     4 StaAnalyze.cc:565] analyze timing path end vertex 571 total 10904 start
I20260921 12:42:49.307928     4 StaAnalyze.cc:599] analyze timing path end vertex 571 total 10904 end
I20260921 12:42:49.308022     4 StaAnalyze.cc:565] analyze timing path end vertex 581 total 10904 start
I20260921 12:42:49.308060     4 StaAnalyze.cc:599] analyze timing path end vertex 581 total 10904 end
I20260921 12:42:49.308149     4 StaAnalyze.cc:565] analyze timing path end vertex 591 total 10904 start
I20260921 12:42:49.308188     4 StaAnalyze.cc:599] analyze timing path end vertex 591 total 10904 end
Could not create log file: Read-only file system
COULD NOT CREATE LOGFILE '20260921-124249.4'!
I20260921 12:42:49.308274     4 StaAnalyze.cc:565] analyze timing path end vertex 601 total 10904 start
I20260921 12:42:49.308352     4 StaAnalyze.cc:599] analyze timing path end vertex 601 total 10904 end
I20260921 12:42:49.308566     4 StaAnalyze.cc:303] add path data num 4 to u_core.csr_mtvec_6__reg_p:RN
I20260921 12:42:49.308800     4 StaAnalyze.cc:565] analyze timing path end vertex 611 total 10904 start
I20260921 12:42:49.308864     4 StaAnalyze.cc:599] analyze timing path end vertex 611 total 10904 end
I20260921 12:42:49.308948     4 StaAnalyze.cc:565] analyze timing path end vertex 621 total 10904 start
I20260921 12:42:49.308985     4 StaAnalyze.cc:599] analyze timing path end vertex 621 total 10904 end
I20260921 12:42:49.309065     4 StaAnalyze.cc:565] analyze timing path end vertex 631 total 10904 start
I20260921 12:42:49.309108     4 StaAnalyze.cc:599] analyze timing path end vertex 631 total 10904 end
I20260921 12:42:49.309201     4 StaAnalyze.cc:565] analyze timing path end vertex 641 total 10904 start
I20260921 12:42:49.309238     4 StaAnalyze.cc:599] analyze timing path end vertex 641 total 10904 end
I20260921 12:42:49.309329     4 StaAnalyze.cc:565] analyze timing path end vertex 651 total 10904 start
I20260921 12:42:49.309370     4 StaAnalyze.cc:599] analyze timing path end vertex 651 total 10904 end
I20260921 12:42:49.309676     4 StaAnalyze.cc:565] analyze timing path end vertex 661 total 10904 start
I20260921 12:42:49.309731     4 StaAnalyze.cc:599] analyze timing path end vertex 661 total 10904 end
I20260921 12:42:49.309814     4 StaAnalyze.cc:303] add path data num 4 to u_core.execute_packet_120__reg_p:D
I20260921 12:42:49.309872     4 StaAnalyze.cc:565] analyze timing path end vertex 671 total 10904 start
I20260921 12:42:49.309913     4 StaAnalyze.cc:599] analyze timing path end vertex 671 total 10904 end
I20260921 12:42:49.310005     4 StaAnalyze.cc:565] analyze timing path end vertex 681 total 10904 start
I20260921 12:42:49.310045     4 StaAnalyze.cc:599] analyze timing path end vertex 681 total 10904 end
I20260921 12:42:49.310164     4 StaAnalyze.cc:565] analyze timing path end vertex 691 total 10904 start
I20260921 12:42:49.310228     4 StaAnalyze.cc:599] analyze timing path end vertex 691 total 10904 end
I20260921 12:42:49.310341     4 StaAnalyze.cc:565] analyze timing path end vertex 701 total 10904 start
I20260921 12:42:49.310528     4 StaAnalyze.cc:599] analyze timing path end vertex 701 total 10904 end
I20260921 12:42:49.310755     4 StaAnalyze.cc:565] analyze timing path end vertex 711 total 10904 start
I20260921 12:42:49.310814     4 StaAnalyze.cc:599] analyze timing path end vertex 711 total 10904 end
I20260921 12:42:49.311281     4 StaAnalyze.cc:303] add path data num 4 to u_core.execute_packet_175__reg_p:D
I20260921 12:42:49.311358     4 StaAnalyze.cc:565] analyze timing path end vertex 721 total 10904 start
I20260921 12:42:49.311611     4 StaAnalyze.cc:599] analyze timing path end vertex 721 total 10904 end
I20260921 12:42:49.311771     4 StaAnalyze.cc:565] analyze timing path end vertex 731 total 10904 start
I20260921 12:42:49.311817     4 StaAnalyze.cc:599] analyze timing path end vertex 731 total 10904 end
I20260921 12:42:49.311966     4 StaAnalyze.cc:565] analyze timing path end vertex 741 total 10904 start
Could not create log file: Read-only file system
COULD NOT CREATE LOGFILE '20260921-124249.4'!
I20260921 12:42:49.312011     4 StaAnalyze.cc:599] analyze timing path end vertex 741 total 10904 end
I20260921 12:42:49.312187     4 StaAnalyze.cc:565] analyze timing path end vertex 751 total 10904 start
I20260921 12:42:49.312232     4 StaAnalyze.cc:599] analyze timing path end vertex 751 total 10904 end
I20260921 12:42:49.312378     4 StaAnalyze.cc:565] analyze timing path end vertex 761 total 10904 start
I20260921 12:42:49.312481     4 StaAnalyze.cc:599] analyze timing path end vertex 761 total 10904 end
I20260921 12:42:49.312605     4 StaAnalyze.cc:303] add path data num 4 to u_core.execute_packet_235__reg_p:D
I20260921 12:42:49.312654     4 StaAnalyze.cc:565] analyze timing path end vertex 771 total 10904 start
I20260921 12:42:49.312713     4 StaAnalyze.cc:599] analyze timing path end vertex 771 total 10904 end
I20260921 12:42:49.312850     4 StaAnalyze.cc:565] analyze timing path end vertex 781 total 10904 start
I20260921 12:42:49.312917     4 StaAnalyze.cc:599] analyze timing path end vertex 781 total 10904 end
I20260921 12:42:49.313154     4 StaAnalyze.cc:565] analyze timing path end vertex 791 total 10904 start
I20260921 12:42:49.313225     4 StaAnalyze.cc:599] analyze timing path end vertex 791 total 10904 end
I20260921 12:42:49.313453     4 StaAnalyze.cc:565] analyze timing path end vertex 801 total 10904 start
I20260921 12:42:49.313508     4 StaAnalyze.cc:599] analyze timing path end vertex 801 total 10904 end
I20260921 12:42:49.313653     4 StaAnalyze.cc:565] analyze timing path end vertex 811 total 10904 start
I20260921 12:42:49.313711     4 StaAnalyze.cc:599] analyze timing path end vertex 811 total 10904 end
I20260921 12:42:49.313835     4 StaAnalyze.cc:303] add path data num 4 to u_core.execute_packet_282__reg_p:D
I20260921 12:42:49.313908     4 StaAnalyze.cc:565] analyze timing path end vertex 821 total 10904 start
I20260921 12:42:49.313952     4 StaAnalyze.cc:599] analyze timing path end vertex 821 total 10904 end
I20260921 12:42:49.314091     4 StaAnalyze.cc:565] analyze timing path end vertex 831 total 10904 start
I20260921 12:42:49.314148     4 StaAnalyze.cc:599] analyze timing path end vertex 831 total 10904 end
I20260921 12:42:49.314296     4 StaAnalyze.cc:565] analyze timing path end vertex 841 total 10904 start
I20260921 12:42:49.314352     4 StaAnalyze.cc:599] analyze timing path end vertex 841 total 10904 end
I20260921 12:42:49.314523     4 StaAnalyze.cc:565] analyze timing path end vertex 851 total 10904 start
I20260921 12:42:49.314582     4 StaAnalyze.cc:599] analyze timing path end vertex 851 total 10904 end
I20260921 12:42:49.314723     4 StaAnalyze.cc:565] analyze timing path end vertex 861 total 10904 start
I20260921 12:42:49.314780     4 StaAnalyze.cc:599] analyze timing path end vertex 861 total 10904 end
I20260921 12:42:49.314899     4 StaAnalyze.cc:303] add path data num 4 to u_core.execute_packet_33__reg_p:D
I20260921 12:42:49.314958     4 StaAnalyze.cc:565] analyze timing path end vertex 871 total 10904 start
I20260921 12:42:49.315008     4 StaAnalyze.cc:599] analyze timing path end vertex 871 total 10904 end
I20260921 12:42:49.315126     4 StaAnalyze.cc:565] analyze timing path end vertex 881 total 10904 start
I20260921 12:42:49.315176     4 StaAnalyze.cc:599] analyze timing path end vertex 881 total 10904 end
Could not create log file: Read-only file system
COULD NOT CREATE LOGFILE '20260921-124249.4'!
I20260921 12:42:49.315476     4 StaAnalyze.cc:565] analyze timing path end vertex 891 total 10904 start
I20260921 12:42:49.315567     4 StaAnalyze.cc:599] analyze timing path end vertex 891 total 10904 end
I20260921 12:42:49.315706     4 StaAnalyze.cc:565] analyze timing path end vertex 901 total 10904 start
I20260921 12:42:49.315762     4 StaAnalyze.cc:599] analyze timing path end vertex 901 total 10904 end
I20260921 12:42:49.315909     4 StaAnalyze.cc:565] analyze timing path end vertex 911 total 10904 start
I20260921 12:42:49.315968     4 StaAnalyze.cc:599] analyze timing path end vertex 911 total 10904 end
I20260921 12:42:49.316080     4 StaAnalyze.cc:303] add path data num 4 to u_core.execute_packet_58__reg_p:D
I20260921 12:42:49.316154     4 StaAnalyze.cc:565] analyze timing path end vertex 921 total 10904 start
I20260921 12:42:49.316198     4 StaAnalyze.cc:599] analyze timing path end vertex 921 total 10904 end
I20260921 12:42:49.316337     4 StaAnalyze.cc:565] analyze timing path end vertex 931 total 10904 start
I20260921 12:42:49.316437     4 StaAnalyze.cc:599] analyze timing path end vertex 931 total 10904 end
I20260921 12:42:49.316579     4 StaAnalyze.cc:565] analyze timing path end vertex 941 total 10904 start
I20260921 12:42:49.316637     4 StaAnalyze.cc:599] analyze timing path end vertex 941 total 10904 end
I20260921 12:42:49.316776     4 StaAnalyze.cc:565] analyze timing path end vertex 951 total 10904 start
I20260921 12:42:49.316839     4 StaAnalyze.cc:599] analyze timing path end vertex 951 total 10904 end
I20260921 12:42:49.316974     4 StaAnalyze.cc:565] analyze timing path end vertex 961 total 10904 start
I20260921 12:42:49.317031     4 StaAnalyze.cc:599] analyze timing path end vertex 961 total 10904 end
I20260921 12:42:49.317166     4 StaAnalyze.cc:303] add path data num 4 to u_core.execute_redirect_req_at_resolution_11__reg_p:D
I20260921 12:42:49.317219     4 StaAnalyze.cc:565] analyze timing path end vertex 971 total 10904 start
I20260921 12:42:49.317260     4 StaAnalyze.cc:599] analyze timing path end vertex 971 total 10904 end
I20260921 12:42:49.317431     4 StaAnalyze.cc:565] analyze timing path end vertex 981 total 10904 start
I20260921 12:42:49.317500     4 StaAnalyze.cc:599] analyze timing path end vertex 981 total 10904 end
I20260921 12:42:49.317615     4 StaAnalyze.cc:565] analyze timing path end vertex 991 total 10904 start
I20260921 12:42:49.317677     4 StaAnalyze.cc:599] analyze timing path end vertex 991 total 10904 end
I20260921 12:42:49.317925     4 StaAnalyze.cc:565] analyze timing path end vertex 1001 total 10904 start
I20260921 12:42:49.317984     4 StaAnalyze.cc:599] analyze timing path end vertex 1001 total 10904 end
I20260921 12:42:49.318120     4 StaAnalyze.cc:565] analyze timing path end vertex 1011 total 10904 start
I20260921 12:42:49.318176     4 StaAnalyze.cc:599] analyze timing path end vertex 1011 total 10904 end
I20260921 12:42:49.318307     4 StaAnalyze.cc:303] add path data num 4 to u_core.execute_redirect_req_at_resolution_61__reg_p:D
I20260921 12:42:49.318363     4 StaAnalyze.cc:565] analyze timing path end vertex 1021 total 10904 start
I20260921 12:42:49.318439     4 StaAnalyze.cc:599] analyze timing path end vertex 1021 total 10904 end
I20260921 12:42:49.318583     4 StaAnalyze.cc:565] analyze timing path end vertex 1031 total 10904 start
Could not create log file: Read-only file system
COULD NOT CREATE LOGFILE '20260921-124249.4'!
I20260921 12:42:49.318640     4 StaAnalyze.cc:599] analyze timing path end vertex 1031 total 10904 end
I20260921 12:42:49.318806     4 StaAnalyze.cc:565] analyze timing path end vertex 1041 total 10904 start
I20260921 12:42:49.318864     4 StaAnalyze.cc:599] analyze timing path end vertex 1041 total 10904 end
I20260921 12:42:49.318995     4 StaAnalyze.cc:565] analyze timing path end vertex 1051 total 10904 start
I20260921 12:42:49.319053     4 StaAnalyze.cc:599] analyze timing path end vertex 1051 total 10904 end
I20260921 12:42:49.319190     4 StaAnalyze.cc:565] analyze timing path end vertex 1061 total 10904 start
I20260921 12:42:49.319247     4 StaAnalyze.cc:599] analyze timing path end vertex 1061 total 10904 end
I20260921 12:42:49.319423     4 StaAnalyze.cc:565] analyze timing path end vertex 1071 total 10904 start
I20260921 12:42:49.319466     4 StaAnalyze.cc:599] analyze timing path end vertex 1071 total 10904 end
I20260921 12:42:49.319581     4 StaAnalyze.cc:565] analyze timing path end vertex 1081 total 10904 start
I20260921 12:42:49.319618     4 StaAnalyze.cc:303] add path data num 4 to u_core.u_branch_predictor.u_btb.replacement_way_array_q_3__reg_p:RN
I20260921 12:42:49.319664     4 StaAnalyze.cc:599] analyze timing path end vertex 1081 total 10904 end
I20260921 12:42:49.319765     4 StaAnalyze.cc:565] analyze timing path end vertex 1091 total 10904 start
I20260921 12:42:49.319804     4 StaAnalyze.cc:599] analyze timing path end vertex 1091 total 10904 end
I20260921 12:42:49.319931     4 StaAnalyze.cc:565] analyze timing path end vertex 1101 total 10904 start
I20260921 12:42:49.319975     4 StaAnalyze.cc:599] analyze timing path end vertex 1101 total 10904 end
I20260921 12:42:49.320216     4 StaAnalyze.cc:565] analyze timing path end vertex 1111 total 10904 start
I20260921 12:42:49.320261     4 StaAnalyze.cc:599] analyze timing path end vertex 1111 total 10904 end
I20260921 12:42:49.320436     4 StaAnalyze.cc:565] analyze timing path end vertex 1121 total 10904 start
I20260921 12:42:49.320482     4 StaAnalyze.cc:599] analyze timing path end vertex 1121 total 10904 end
I20260921 12:42:49.320622     4 StaAnalyze.cc:565] analyze timing path end vertex 1131 total 10904 start
I20260921 12:42:49.320665     4 StaAnalyze.cc:599] analyze timing path end vertex 1131 total 10904 end
I20260921 12:42:49.320760     4 StaAnalyze.cc:303] add path data num 4 to u_core.interrupt_pc_16__reg_p:D
I20260921 12:42:49.320834     4 StaAnalyze.cc:565] analyze timing path end vertex 1141 total 10904 start
I20260921 12:42:49.320885     4 StaAnalyze.cc:599] analyze timing path end vertex 1141 total 10904 end
I20260921 12:42:49.321007     4 StaAnalyze.cc:565] analyze timing path end vertex 1151 total 10904 start
I20260921 12:42:49.321059     4 StaAnalyze.cc:599] analyze timing path end vertex 1151 total 10904 end
I20260921 12:42:49.321182     4 StaAnalyze.cc:565] analyze timing path end vertex 1161 total 10904 start
I20260921 12:42:49.321252     4 StaAnalyze.cc:599] analyze timing path end vertex 1161 total 10904 end
I20260921 12:42:49.321384     4 StaAnalyze.cc:565] analyze timing path end vertex 1171 total 10904 start
I20260921 12:42:49.321583     4 StaAnalyze.cc:599] analyze timing path end vertex 1171 total 10904 end
I20260921 12:42:49.321735     4 StaAnalyze.cc:565] analyze timing path end vertex 1181 total 10904 start
Could not create log file: Read-only file system
COULD NOT CREATE LOGFILE '20260921-124249.4'!
I20260921 12:42:49.321790     4 StaAnalyze.cc:599] analyze timing path end vertex 1181 total 10904 end
I20260921 12:42:49.321920     4 StaAnalyze.cc:303] add path data num 4 to u_core.lsu_pending_rd_2__reg_p:D
I20260921 12:42:49.322008     4 StaAnalyze.cc:565] analyze timing path end vertex 1191 total 10904 start
I20260921 12:42:49.322049     4 StaAnalyze.cc:599] analyze timing path end vertex 1191 total 10904 end
I20260921 12:42:49.322186     4 StaAnalyze.cc:565] analyze timing path end vertex 1201 total 10904 start
I20260921 12:42:49.322244     4 StaAnalyze.cc:599] analyze timing path end vertex 1201 total 10904 end
I20260921 12:42:49.322377     4 StaAnalyze.cc:565] analyze timing path end vertex 1211 total 10904 start
I20260921 12:42:49.322480     4 StaAnalyze.cc:599] analyze timing path end vertex 1211 total 10904 end
I20260921 12:42:49.322815     4 StaAnalyze.cc:565] analyze timing path end vertex 1221 total 10904 start
I20260921 12:42:49.322885     4 StaAnalyze.cc:599] analyze timing path end vertex 1221 total 10904 end
I20260921 12:42:49.323026     4 StaAnalyze.cc:565] analyze timing path end vertex 1231 total 10904 start
I20260921 12:42:49.323081     4 StaAnalyze.cc:599] analyze timing path end vertex 1231 total 10904 end
I20260921 12:42:49.323266     4 StaAnalyze.cc:303] add path data num 4 to u_core.next_pc_predictor_prediction_16__reg_p:D
I20260921 12:42:49.323350     4 StaAnalyze.cc:565] analyze timing path end vertex 1241 total 10904 start
I20260921 12:42:49.323428     4 StaAnalyze.cc:599] analyze timing path end vertex 1241 total 10904 end
I20260921 12:42:49.323577     4 StaAnalyze.cc:565] analyze timing path end vertex 1251 total 10904 start
I20260921 12:42:49.323637     4 StaAnalyze.cc:599] analyze timing path end vertex 1251 total 10904 end
I20260921 12:42:49.323794     4 StaAnalyze.cc:565] analyze timing path end vertex 1261 total 10904 start
I20260921 12:42:49.323851     4 StaAnalyze.cc:599] analyze timing path end vertex 1261 total 10904 end
I20260921 12:42:49.323994     4 StaAnalyze.cc:565] analyze timing path end vertex 1271 total 10904 start
I20260921 12:42:49.324051     4 StaAnalyze.cc:599] analyze timing path end vertex 1271 total 10904 end
I20260921 12:42:49.324345     4 StaAnalyze.cc:565] analyze timing path end vertex 1281 total 10904 start
I20260921 12:42:49.324591     4 StaAnalyze.cc:599] analyze timing path end vertex 1281 total 10904 end
I20260921 12:42:49.324743     4 StaAnalyze.cc:303] add path data num 4 to u_core.resolved_execute_result_156__reg_p:D
I20260921 12:42:49.324788     4 StaAnalyze.cc:565] analyze timing path end vertex 1291 total 10904 start
I20260921 12:42:49.324831     4 StaAnalyze.cc:599] analyze timing path end vertex 1291 total 10904 end
I20260921 12:42:49.324962     4 StaAnalyze.cc:565] analyze timing path end vertex 1301 total 10904 start
I20260921 12:42:49.325026     4 StaAnalyze.cc:599] analyze timing path end vertex 1301 total 10904 end
I20260921 12:42:49.325373     4 StaAnalyze.cc:565] analyze timing path end vertex 1311 total 10904 start
I20260921 12:42:49.325563     4 StaAnalyze.cc:599] analyze timing path end vertex 1311 total 10904 end
I20260921 12:42:49.325712     4 StaAnalyze.cc:565] analyze timing path end vertex 1321 total 10904 start
I20260921 12:42:49.325771     4 StaAnalyze.cc:599] analyze timing path end vertex 1321 total 10904 end
Could not create log file: Read-only file system
COULD NOT CREATE LOGFILE '20260921-124249.4'!
I20260921 12:42:49.325912     4 StaAnalyze.cc:565] analyze timing path end vertex 1331 total 10904 start
I20260921 12:42:49.326002     4 StaAnalyze.cc:599] analyze timing path end vertex 1331 total 10904 end
I20260921 12:42:49.326128     4 StaAnalyze.cc:303] add path data num 4 to u_core.resolved_execute_result_210__reg_p:D
I20260921 12:42:49.326189     4 StaAnalyze.cc:565] analyze timing path end vertex 1341 total 10904 start
I20260921 12:42:49.326233     4 StaAnalyze.cc:599] analyze timing path end vertex 1341 total 10904 end
I20260921 12:42:49.326367     4 StaAnalyze.cc:565] analyze timing path end vertex 1351 total 10904 start
I20260921 12:42:49.326469     4 StaAnalyze.cc:599] analyze timing path end vertex 1351 total 10904 end
I20260921 12:42:49.326601     4 StaAnalyze.cc:565] analyze timing path end vertex 1361 total 10904 start
I20260921 12:42:49.326666     4 StaAnalyze.cc:599] analyze timing path end vertex 1361 total 10904 end
I20260921 12:42:49.326794     4 StaAnalyze.cc:565] analyze timing path end vertex 1371 total 10904 start
I20260921 12:42:49.326845     4 StaAnalyze.cc:599] analyze timing path end vertex 1371 total 10904 end
I20260921 12:42:49.326972     4 StaAnalyze.cc:565] analyze timing path end vertex 1381 total 10904 start
I20260921 12:42:49.327013     4 StaAnalyze.cc:599] analyze timing path end vertex 1381 total 10904 end
I20260921 12:42:49.327117     4 StaAnalyze.cc:303] add path data num 4 to u_core.resolved_execute_result_280__reg_p:D
I20260921 12:42:49.327178     4 StaAnalyze.cc:565] analyze timing path end vertex 1391 total 10904 start
I20260921 12:42:49.327219     4 StaAnalyze.cc:599] analyze timing path end vertex 1391 total 10904 end
I20260921 12:42:49.327353     4 StaAnalyze.cc:565] analyze timing path end vertex 1401 total 10904 start
I20260921 12:42:49.327435     4 StaAnalyze.cc:599] analyze timing path end vertex 1401 total 10904 end
I20260921 12:42:49.327567     4 StaAnalyze.cc:565] analyze timing path end vertex 1411 total 10904 start
I20260921 12:42:49.327622     4 StaAnalyze.cc:599] analyze timing path end vertex 1411 total 10904 end
I20260921 12:42:49.327749     4 StaAnalyze.cc:565] analyze timing path end vertex 1421 total 10904 start
I20260921 12:42:49.327803     4 StaAnalyze.cc:599] analyze timing path end vertex 1421 total 10904 end
I20260921 12:42:49.328029     4 StaAnalyze.cc:565] analyze timing path end vertex 1431 total 10904 start
I20260921 12:42:49.328088     4 StaAnalyze.cc:599] analyze timing path end vertex 1431 total 10904 end
I20260921 12:42:49.328222     4 StaAnalyze.cc:565] analyze timing path end vertex 1441 total 10904 start
I20260921 12:42:49.328279     4 StaAnalyze.cc:599] analyze timing path end vertex 1441 total 10904 end
I20260921 12:42:49.328349     4 StaAnalyze.cc:303] add path data num 4 to u_core.u_branch_predictor.u_bht.counter_array_q_14__reg_p:D
I20260921 12:42:49.328493     4 StaAnalyze.cc:565] analyze timing path end vertex 1451 total 10904 start
I20260921 12:42:49.328539     4 StaAnalyze.cc:599] analyze timing path end vertex 1451 total 10904 end
I20260921 12:42:49.328665     4 StaAnalyze.cc:565] analyze timing path end vertex 1461 total 10904 start
I20260921 12:42:49.328706     4 StaAnalyze.cc:599] analyze timing path end vertex 1461 total 10904 end
I20260921 12:42:49.328824     4 StaAnalyze.cc:565] analyze timing path end vertex 1471 total 10904 start
Could not create log file: Read-only file system
COULD NOT CREATE LOGFILE '20260921-124249.4'!
I20260921 12:42:49.328878     4 StaAnalyze.cc:599] analyze timing path end vertex 1471 total 10904 end
I20260921 12:42:49.329026     4 StaAnalyze.cc:565] analyze timing path end vertex 1481 total 10904 start
I20260921 12:42:49.329078     4 StaAnalyze.cc:599] analyze timing path end vertex 1481 total 10904 end
I20260921 12:42:49.329190     4 StaAnalyze.cc:565] analyze timing path end vertex 1491 total 10904 start
I20260921 12:42:49.329228     4 StaAnalyze.cc:599] analyze timing path end vertex 1491 total 10904 end
I20260921 12:42:49.329355     4 StaAnalyze.cc:565] analyze timing path end vertex 1501 total 10904 start
I20260921 12:42:49.329429     4 StaAnalyze.cc:599] analyze timing path end vertex 1501 total 10904 end
I20260921 12:42:49.329540     4 StaAnalyze.cc:303] add path data num 4 to u_core.u_branch_predictor.u_bht.counter_array_q_8__reg_p:D
I20260921 12:42:49.329583     4 StaAnalyze.cc:565] analyze timing path end vertex 1511 total 10904 start
I20260921 12:42:49.329619     4 StaAnalyze.cc:599] analyze timing path end vertex 1511 total 10904 end
I20260921 12:42:49.329749     4 StaAnalyze.cc:565] analyze timing path end vertex 1521 total 10904 start
I20260921 12:42:49.329790     4 StaAnalyze.cc:599] analyze timing path end vertex 1521 total 10904 end
I20260921 12:42:49.329916     4 StaAnalyze.cc:565] analyze timing path end vertex 1531 total 10904 start
I20260921 12:42:49.329967     4 StaAnalyze.cc:599] analyze timing path end vertex 1531 total 10904 end
I20260921 12:42:49.330178     4 StaAnalyze.cc:565] analyze timing path end vertex 1541 total 10904 start
I20260921 12:42:49.330232     4 StaAnalyze.cc:599] analyze timing path end vertex 1541 total 10904 end
I20260921 12:42:49.330632     4 StaAnalyze.cc:565] analyze timing path end vertex 1551 total 10904 start
I20260921 12:42:49.330700     4 StaAnalyze.cc:599] analyze timing path end vertex 1551 total 10904 end
I20260921 12:42:49.330830     4 StaAnalyze.cc:303] add path data num 4 to u_core.u_branch_predictor.u_btb.entry_array_q[0]_31__reg_p:D
I20260921 12:42:49.330894     4 StaAnalyze.cc:565] analyze timing path end vertex 1561 total 10904 start
I20260921 12:42:49.330938     4 StaAnalyze.cc:599] analyze timing path end vertex 1561 total 10904 end
I20260921 12:42:49.331092     4 StaAnalyze.cc:565] analyze timing path end vertex 1571 total 10904 start
I20260921 12:42:49.331136     4 StaAnalyze.cc:599] analyze timing path end vertex 1571 total 10904 end
I20260921 12:42:49.331276     4 StaAnalyze.cc:565] analyze timing path end vertex 1581 total 10904 start
I20260921 12:42:49.331322     4 StaAnalyze.cc:599] analyze timing path end vertex 1581 total 10904 end
I20260921 12:42:49.331552     4 StaAnalyze.cc:565] analyze timing path end vertex 1591 total 10904 start
I20260921 12:42:49.331640     4 StaAnalyze.cc:599] analyze timing path end vertex 1591 total 10904 end
I20260921 12:42:49.331825     4 StaAnalyze.cc:565] analyze timing path end vertex 1601 total 10904 start
I20260921 12:42:49.331900     4 StaAnalyze.cc:599] analyze timing path end vertex 1601 total 10904 end
I20260921 12:42:49.332064     4 StaAnalyze.cc:303] add path data num 4 to u_core.u_branch_predictor.u_btb.entry_array_q[0]_77__reg_p:D
I20260921 12:42:49.332134     4 StaAnalyze.cc:565] analyze timing path end vertex 1611 total 10904 start
I20260921 12:42:49.332187     4 StaAnalyze.cc:599] analyze timing path end vertex 1611 total 10904 end
Could not create log file: Read-only file system
COULD NOT CREATE LOGFILE '20260921-124249.4'!
I20260921 12:42:49.332324     4 StaAnalyze.cc:565] analyze timing path end vertex 1621 total 10904 start
I20260921 12:42:49.332474     4 StaAnalyze.cc:599] analyze timing path end vertex 1621 total 10904 end
I20260921 12:42:49.332609     4 StaAnalyze.cc:565] analyze timing path end vertex 1631 total 10904 start
I20260921 12:42:49.332665     4 StaAnalyze.cc:599] analyze timing path end vertex 1631 total 10904 end
I20260921 12:42:49.332923     4 StaAnalyze.cc:565] analyze timing path end vertex 1641 total 10904 start
I20260921 12:42:49.332989     4 StaAnalyze.cc:599] analyze timing path end vertex 1641 total 10904 end
I20260921 12:42:49.333127     4 StaAnalyze.cc:565] analyze timing path end vertex 1651 total 10904 start
I20260921 12:42:49.333185     4 StaAnalyze.cc:599] analyze timing path end vertex 1651 total 10904 end
I20260921 12:42:49.333314     4 StaAnalyze.cc:303] add path data num 4 to u_core.u_branch_predictor.u_btb.entry_array_q[1]_121__reg_p:D
I20260921 12:42:49.333369     4 StaAnalyze.cc:565] analyze timing path end vertex 1661 total 10904 start
I20260921 12:42:49.333446     4 StaAnalyze.cc:599] analyze timing path end vertex 1661 total 10904 end
I20260921 12:42:49.333585     4 StaAnalyze.cc:565] analyze timing path end vertex 1671 total 10904 start
I20260921 12:42:49.333642     4 StaAnalyze.cc:599] analyze timing path end vertex 1671 total 10904 end
I20260921 12:42:49.333775     4 StaAnalyze.cc:565] analyze timing path end vertex 1681 total 10904 start
I20260921 12:42:49.333833     4 StaAnalyze.cc:599] analyze timing path end vertex 1681 total 10904 end
I20260921 12:42:49.333966     4 StaAnalyze.cc:565] analyze timing path end vertex 1691 total 10904 start
I20260921 12:42:49.334033     4 StaAnalyze.cc:599] analyze timing path end vertex 1691 total 10904 end
I20260921 12:42:49.334144     4 StaAnalyze.cc:565] analyze timing path end vertex 1701 total 10904 start
I20260921 12:42:49.334208     4 StaAnalyze.cc:599] analyze timing path end vertex 1701 total 10904 end
I20260921 12:42:49.334317     4 StaAnalyze.cc:303] add path data num 4 to u_core.u_branch_predictor.u_btb.entry_array_q[1]_57__reg_p:D
I20260921 12:42:49.334375     4 StaAnalyze.cc:565] analyze timing path end vertex 1711 total 10904 start
I20260921 12:42:49.334453     4 StaAnalyze.cc:599] analyze timing path end vertex 1711 total 10904 end
I20260921 12:42:49.334581     4 StaAnalyze.cc:565] analyze timing path end vertex 1721 total 10904 start
I20260921 12:42:49.334637     4 StaAnalyze.cc:599] analyze timing path end vertex 1721 total 10904 end
I20260921 12:42:49.334765     4 StaAnalyze.cc:565] analyze timing path end vertex 1731 total 10904 start
I20260921 12:42:49.334822     4 StaAnalyze.cc:599] analyze timing path end vertex 1731 total 10904 end
I20260921 12:42:49.334944     4 StaAnalyze.cc:565] analyze timing path end vertex 1741 total 10904 start
I20260921 12:42:49.334998     4 StaAnalyze.cc:599] analyze timing path end vertex 1741 total 10904 end
I20260921 12:42:49.335193     4 StaAnalyze.cc:565] analyze timing path end vertex 1751 total 10904 start
I20260921 12:42:49.335253     4 StaAnalyze.cc:599] analyze timing path end vertex 1751 total 10904 end
I20260921 12:42:49.335382     4 StaAnalyze.cc:303] add path data num 4 to u_core.u_branch_predictor.u_btb.entry_array_q[2]_101__reg_p:D
I20260921 12:42:49.335466     4 StaAnalyze.cc:565] analyze timing path end vertex 1761 total 10904 start
Could not create log file: Read-only file system
COULD NOT CREATE LOGFILE '20260921-124249.4'!
I20260921 12:42:49.335517     4 StaAnalyze.cc:599] analyze timing path end vertex 1761 total 10904 end
I20260921 12:42:49.335678     4 StaAnalyze.cc:565] analyze timing path end vertex 1771 total 10904 start
I20260921 12:42:49.335744     4 StaAnalyze.cc:599] analyze timing path end vertex 1771 total 10904 end
I20260921 12:42:49.335871     4 StaAnalyze.cc:565] analyze timing path end vertex 1781 total 10904 start
I20260921 12:42:49.335922     4 StaAnalyze.cc:599] analyze timing path end vertex 1781 total 10904 end
I20260921 12:42:49.336056     4 StaAnalyze.cc:565] analyze timing path end vertex 1791 total 10904 start
I20260921 12:42:49.336107     4 StaAnalyze.cc:599] analyze timing path end vertex 1791 total 10904 end
I20260921 12:42:49.336232     4 StaAnalyze.cc:565] analyze timing path end vertex 1801 total 10904 start
I20260921 12:42:49.336285     4 StaAnalyze.cc:599] analyze timing path end vertex 1801 total 10904 end
I20260921 12:42:49.336445     4 StaAnalyze.cc:303] add path data num 4 to u_core.u_branch_predictor.u_btb.entry_array_q[2]_37__reg_p:D
I20260921 12:42:49.336503     4 StaAnalyze.cc:565] analyze timing path end vertex 1811 total 10904 start
I20260921 12:42:49.336544     4 StaAnalyze.cc:599] analyze timing path end vertex 1811 total 10904 end
I20260921 12:42:49.336668     4 StaAnalyze.cc:565] analyze timing path end vertex 1821 total 10904 start
I20260921 12:42:49.336710     4 StaAnalyze.cc:599] analyze timing path end vertex 1821 total 10904 end
I20260921 12:42:49.336836     4 StaAnalyze.cc:565] analyze timing path end vertex 1831 total 10904 start
I20260921 12:42:49.336884     4 StaAnalyze.cc:599] analyze timing path end vertex 1831 total 10904 end
I20260921 12:42:49.337005     4 StaAnalyze.cc:565] analyze timing path end vertex 1841 total 10904 start
I20260921 12:42:49.337070     4 StaAnalyze.cc:599] analyze timing path end vertex 1841 total 10904 end
I20260921 12:42:49.337185     4 StaAnalyze.cc:565] analyze timing path end vertex 1851 total 10904 start
I20260921 12:42:49.337317     4 StaAnalyze.cc:599] analyze timing path end vertex 1851 total 10904 end
I20260921 12:42:49.337481     4 StaAnalyze.cc:303] add path data num 4 to u_core.u_branch_predictor.u_btb.entry_array_q[2]_82__reg_p:D
I20260921 12:42:49.337531     4 StaAnalyze.cc:565] analyze timing path end vertex 1861 total 10904 start
I20260921 12:42:49.337574     4 StaAnalyze.cc:599] analyze timing path end vertex 1861 total 10904 end
I20260921 12:42:49.337703     4 StaAnalyze.cc:565] analyze timing path end vertex 1871 total 10904 start
I20260921 12:42:49.337760     4 StaAnalyze.cc:599] analyze timing path end vertex 1871 total 10904 end
I20260921 12:42:49.337895     4 StaAnalyze.cc:565] analyze timing path end vertex 1881 total 10904 start
I20260921 12:42:49.337954     4 StaAnalyze.cc:599] analyze timing path end vertex 1881 total 10904 end
I20260921 12:42:49.338093     4 StaAnalyze.cc:565] analyze timing path end vertex 1891 total 10904 start
I20260921 12:42:49.338152     4 StaAnalyze.cc:599] analyze timing path end vertex 1891 total 10904 end
I20260921 12:42:49.338285     4 StaAnalyze.cc:565] analyze timing path end vertex 1901 total 10904 start
I20260921 12:42:49.338342     4 StaAnalyze.cc:599] analyze timing path end vertex 1901 total 10904 end
I20260921 12:42:49.338496     4 StaAnalyze.cc:303] add path data num 4 to u_core.u_branch_predictor.u_btb.entry_array_q[3]_17__reg_p:D
Could not create log file: Read-only file system
COULD NOT CREATE LOGFILE '20260921-124249.4'!
I20260921 12:42:49.338552     4 StaAnalyze.cc:565] analyze timing path end vertex 1911 total 10904 start
I20260921 12:42:49.338622     4 StaAnalyze.cc:599] analyze timing path end vertex 1911 total 10904 end
I20260921 12:42:49.338747     4 StaAnalyze.cc:565] analyze timing path end vertex 1921 total 10904 start
I20260921 12:42:49.338797     4 StaAnalyze.cc:599] analyze timing path end vertex 1921 total 10904 end
I20260921 12:42:49.338912     4 StaAnalyze.cc:565] analyze timing path end vertex 1931 total 10904 start
I20260921 12:42:49.338960     4 StaAnalyze.cc:599] analyze timing path end vertex 1931 total 10904 end
I20260921 12:42:49.339088     4 StaAnalyze.cc:565] analyze timing path end vertex 1941 total 10904 start
I20260921 12:42:49.339130     4 StaAnalyze.cc:599] analyze timing path end vertex 1941 total 10904 end
I20260921 12:42:49.339267     4 StaAnalyze.cc:565] analyze timing path end vertex 1951 total 10904 start
I20260921 12:42:49.339324     4 StaAnalyze.cc:599] analyze timing path end vertex 1951 total 10904 end
I20260921 12:42:49.339574     4 StaAnalyze.cc:303] add path data num 4 to u_core.u_branch_predictor.u_btb.entry_array_q[3]_62__reg_p:D
I20260921 12:42:49.339635     4 StaAnalyze.cc:565] analyze timing path end vertex 1961 total 10904 start
I20260921 12:42:49.339679     4 StaAnalyze.cc:599] analyze timing path end vertex 1961 total 10904 end
I20260921 12:42:49.339869     4 StaAnalyze.cc:565] analyze timing path end vertex 1971 total 10904 start
I20260921 12:42:49.339936     4 StaAnalyze.cc:599] analyze timing path end vertex 1971 total 10904 end
I20260921 12:42:49.340085     4 StaAnalyze.cc:565] analyze timing path end vertex 1981 total 10904 start
I20260921 12:42:49.340144     4 StaAnalyze.cc:599] analyze timing path end vertex 1981 total 10904 end
I20260921 12:42:49.340281     4 StaAnalyze.cc:565] analyze timing path end vertex 1991 total 10904 start
I20260921 12:42:49.340332     4 StaAnalyze.cc:599] analyze timing path end vertex 1991 total 10904 end
I20260921 12:42:49.340536     4 StaAnalyze.cc:565] analyze timing path end vertex 2001 total 10904 start
I20260921 12:42:49.340600     4 StaAnalyze.cc:599] analyze timing path end vertex 2001 total 10904 end
I20260921 12:42:49.340742     4 StaAnalyze.cc:303] add path data num 4 to u_core.u_branch_predictor.u_btb.entry_array_q[4]_107__reg_p:D
I20260921 12:42:49.340788     4 StaAnalyze.cc:565] analyze timing path end vertex 2011 total 10904 start
I20260921 12:42:49.340843     4 StaAnalyze.cc:599] analyze timing path end vertex 2011 total 10904 end
I20260921 12:42:49.341007     4 StaAnalyze.cc:565] analyze timing path end vertex 2021 total 10904 start
I20260921 12:42:49.341084     4 StaAnalyze.cc:599] analyze timing path end vertex 2021 total 10904 end
I20260921 12:42:49.341214     4 StaAnalyze.cc:565] analyze timing path end vertex 2031 total 10904 start
I20260921 12:42:49.341269     4 StaAnalyze.cc:599] analyze timing path end vertex 2031 total 10904 end
I20260921 12:42:49.341444     4 StaAnalyze.cc:565] analyze timing path end vertex 2041 total 10904 start
I20260921 12:42:49.341492     4 StaAnalyze.cc:599] analyze timing path end vertex 2041 total 10904 end
I20260921 12:42:49.341619     4 StaAnalyze.cc:565] analyze timing path end vertex 2051 total 10904 start
I20260921 12:42:49.341657     4 StaAnalyze.cc:599] analyze timing path end vertex 2051 total 10904 end
Could not create log file: Read-only file system
COULD NOT CREATE LOGFILE '20260921-124249.4'!
I20260921 12:42:49.341781     4 StaAnalyze.cc:565] analyze timing path end vertex 2061 total 10904 start
I20260921 12:42:49.341848     4 StaAnalyze.cc:599] analyze timing path end vertex 2061 total 10904 end
I20260921 12:42:49.341984     4 StaAnalyze.cc:303] add path data num 4 to u_core.u_data_mem.gen_dcache.u_dcache.u_data_array.data_array_q[1]_522__reg_p:D
I20260921 12:42:49.342095     4 StaAnalyze.cc:565] analyze timing path end vertex 2071 total 10904 start
I20260921 12:42:49.342139     4 StaAnalyze.cc:599] analyze timing path end vertex 2071 total 10904 end
I20260921 12:42:49.342265     4 StaAnalyze.cc:565] analyze timing path end vertex 2081 total 10904 start
I20260921 12:42:49.342307     4 StaAnalyze.cc:599] analyze timing path end vertex 2081 total 10904 end
I20260921 12:42:49.342469     4 StaAnalyze.cc:565] analyze timing path end vertex 2091 total 10904 start
I20260921 12:42:49.342514     4 StaAnalyze.cc:599] analyze timing path end vertex 2091 total 10904 end
I20260921 12:42:49.342639     4 StaAnalyze.cc:565] analyze timing path end vertex 2101 total 10904 start
I20260921 12:42:49.342692     4 StaAnalyze.cc:599] analyze timing path end vertex 2101 total 10904 end
I20260921 12:42:49.342809     4 StaAnalyze.cc:565] analyze timing path end vertex 2111 total 10904 start
I20260921 12:42:49.342851     4 StaAnalyze.cc:599] analyze timing path end vertex 2111 total 10904 end
I20260921 12:42:49.342943     4 StaAnalyze.cc:303] add path data num 4 to u_core.u_data_mem.gen_dcache.u_dcache.u_data_array.data_array_q[1]_568__reg_p:D
I20260921 12:42:49.343000     4 StaAnalyze.cc:565] analyze timing path end vertex 2121 total 10904 start
I20260921 12:42:49.343042     4 StaAnalyze.cc:599] analyze timing path end vertex 2121 total 10904 end
I20260921 12:42:49.343163     4 StaAnalyze.cc:565] analyze timing path end vertex 2131 total 10904 start
I20260921 12:42:49.343204     4 StaAnalyze.cc:599] analyze timing path end vertex 2131 total 10904 end
I20260921 12:42:49.343323     4 StaAnalyze.cc:565] analyze timing path end vertex 2141 total 10904 start
I20260921 12:42:49.343370     4 StaAnalyze.cc:599] analyze timing path end vertex 2141 total 10904 end
I20260921 12:42:49.343518     4 StaAnalyze.cc:565] analyze timing path end vertex 2151 total 10904 start
I20260921 12:42:49.343590     4 StaAnalyze.cc:599] analyze timing path end vertex 2151 total 10904 end
I20260921 12:42:49.343703     4 StaAnalyze.cc:565] analyze timing path end vertex 2161 total 10904 start
I20260921 12:42:49.343765     4 StaAnalyze.cc:599] analyze timing path end vertex 2161 total 10904 end
I20260921 12:42:49.343945     4 StaAnalyze.cc:565] analyze timing path end vertex 2171 total 10904 start
I20260921 12:42:49.344000     4 StaAnalyze.cc:599] analyze timing path end vertex 2171 total 10904 end
I20260921 12:42:49.344048     4 StaAnalyze.cc:303] add path data num 4 to u_core.u_branch_predictor.u_btb.entry_array_q[4]_64__reg_p:D
I20260921 12:42:49.344169     4 StaAnalyze.cc:565] analyze timing path end vertex 2181 total 10904 start
I20260921 12:42:49.344211     4 StaAnalyze.cc:599] analyze timing path end vertex 2181 total 10904 end
I20260921 12:42:49.344343     4 StaAnalyze.cc:565] analyze timing path end vertex 2191 total 10904 start
I20260921 12:42:49.344421     4 StaAnalyze.cc:599] analyze timing path end vertex 2191 total 10904 end
I20260921 12:42:49.344556     4 StaAnalyze.cc:565] analyze timing path end vertex 2201 total 10904 start
Could not create log file: Read-only file system
COULD NOT CREATE LOGFILE '20260921-124249.4'!
I20260921 12:42:49.344614     4 StaAnalyze.cc:599] analyze timing path end vertex 2201 total 10904 end
I20260921 12:42:49.344784     4 StaAnalyze.cc:565] analyze timing path end vertex 2211 total 10904 start
I20260921 12:42:49.344838     4 StaAnalyze.cc:599] analyze timing path end vertex 2211 total 10904 end
I20260921 12:42:49.344961     4 StaAnalyze.cc:565] analyze timing path end vertex 2221 total 10904 start
I20260921 12:42:49.345017     4 StaAnalyze.cc:599] analyze timing path end vertex 2221 total 10904 end
I20260921 12:42:49.345069     4 StaAnalyze.cc:303] add path data num 4 to u_core.u_branch_predictor.u_btb.entry_array_q[5]_109__reg_p:D
I20260921 12:42:49.345177     4 StaAnalyze.cc:565] analyze timing path end vertex 2231 total 10904 start
I20260921 12:42:49.345227     4 StaAnalyze.cc:599] analyze timing path end vertex 2231 total 10904 end
I20260921 12:42:49.345342     4 StaAnalyze.cc:565] analyze timing path end vertex 2241 total 10904 start
I20260921 12:42:49.345422     4 StaAnalyze.cc:599] analyze timing path end vertex 2241 total 10904 end
I20260921 12:42:49.345546     4 StaAnalyze.cc:565] analyze timing path end vertex 2251 total 10904 start
I20260921 12:42:49.345600     4 StaAnalyze.cc:599] analyze timing path end vertex 2251 total 10904 end
I20260921 12:42:49.345726     4 StaAnalyze.cc:565] analyze timing path end vertex 2261 total 10904 start
I20260921 12:42:49.345782     4 StaAnalyze.cc:599] analyze timing path end vertex 2261 total 10904 end
I20260921 12:42:49.345906     4 StaAnalyze.cc:565] analyze timing path end vertex 2271 total 10904 start
I20260921 12:42:49.345960     4 StaAnalyze.cc:599] analyze timing path end vertex 2271 total 10904 end
I20260921 12:42:49.346014     4 StaAnalyze.cc:303] add path data num 4 to u_core.u_branch_predictor.u_btb.entry_array_q[5]_44__reg_p:D
I20260921 12:42:49.346170     4 StaAnalyze.cc:565] analyze timing path end vertex 2281 total 10904 start
I20260921 12:42:49.346217     4 StaAnalyze.cc:599] analyze timing path end vertex 2281 total 10904 end
I20260921 12:42:49.346344     4 StaAnalyze.cc:565] analyze timing path end vertex 2291 total 10904 start
I20260921 12:42:49.346438     4 StaAnalyze.cc:599] analyze timing path end vertex 2291 total 10904 end
I20260921 12:42:49.346565     4 StaAnalyze.cc:565] analyze timing path end vertex 2301 total 10904 start
I20260921 12:42:49.346630     4 StaAnalyze.cc:599] analyze timing path end vertex 2301 total 10904 end
I20260921 12:42:49.346753     4 StaAnalyze.cc:565] analyze timing path end vertex 2311 total 10904 start
I20260921 12:42:49.346814     4 StaAnalyze.cc:599] analyze timing path end vertex 2311 total 10904 end
I20260921 12:42:49.346937     4 StaAnalyze.cc:565] analyze timing path end vertex 2321 total 10904 start
I20260921 12:42:49.346995     4 StaAnalyze.cc:599] analyze timing path end vertex 2321 total 10904 end
I20260921 12:42:49.347074     4 StaAnalyze.cc:303] add path data num 4 to u_core.u_branch_predictor.u_btb.entry_array_q[5]_8__reg_p:D
I20260921 12:42:49.347191     4 StaAnalyze.cc:565] analyze timing path end vertex 2331 total 10904 start
I20260921 12:42:49.347247     4 StaAnalyze.cc:599] analyze timing path end vertex 2331 total 10904 end
I20260921 12:42:49.347378     4 StaAnalyze.cc:565] analyze timing path end vertex 2341 total 10904 start
I20260921 12:42:49.347455     4 StaAnalyze.cc:599] analyze timing path end vertex 2341 total 10904 end
Could not create log file: Read-only file system
COULD NOT CREATE LOGFILE '20260921-124249.4'!
I20260921 12:42:49.347584     4 StaAnalyze.cc:565] analyze timing path end vertex 2351 total 10904 start
I20260921 12:42:49.347653     4 StaAnalyze.cc:599] analyze timing path end vertex 2351 total 10904 end
I20260921 12:42:49.347774     4 StaAnalyze.cc:565] analyze timing path end vertex 2361 total 10904 start
I20260921 12:42:49.347826     4 StaAnalyze.cc:599] analyze timing path end vertex 2361 total 10904 end
I20260921 12:42:49.347937     4 StaAnalyze.cc:565] analyze timing path end vertex 2371 total 10904 start
I20260921 12:42:49.347986     4 StaAnalyze.cc:599] analyze timing path end vertex 2371 total 10904 end
I20260921 12:42:49.348031     4 StaAnalyze.cc:303] add path data num 4 to u_core.u_branch_predictor.u_btb.entry_array_q[6]_24__reg_p:D
I20260921 12:42:49.348210     4 StaAnalyze.cc:565] analyze timing path end vertex 2381 total 10904 start
I20260921 12:42:49.348256     4 StaAnalyze.cc:599] analyze timing path end vertex 2381 total 10904 end
I20260921 12:42:49.348428     4 StaAnalyze.cc:565] analyze timing path end vertex 2391 total 10904 start
I20260921 12:42:49.348471     4 StaAnalyze.cc:599] analyze timing path end vertex 2391 total 10904 end
I20260921 12:42:49.348601     4 StaAnalyze.cc:565] analyze timing path end vertex 2401 total 10904 start
I20260921 12:42:49.348644     4 StaAnalyze.cc:599] analyze timing path end vertex 2401 total 10904 end
I20260921 12:42:49.348781     4 StaAnalyze.cc:565] analyze timing path end vertex 2411 total 10904 start
I20260921 12:42:49.348824     4 StaAnalyze.cc:599] analyze timing path end vertex 2411 total 10904 end
I20260921 12:42:49.348949     4 StaAnalyze.cc:565] analyze timing path end vertex 2421 total 10904 start
I20260921 12:42:49.349009     4 StaAnalyze.cc:599] analyze timing path end vertex 2421 total 10904 end
I20260921 12:42:49.349062     4 StaAnalyze.cc:303] add path data num 4 to u_core.u_branch_predictor.u_btb.entry_array_q[6]_6__reg_p:D
I20260921 12:42:49.349169     4 StaAnalyze.cc:565] analyze timing path end vertex 2431 total 10904 start
I20260921 12:42:49.349229     4 StaAnalyze.cc:599] analyze timing path end vertex 2431 total 10904 end
I20260921 12:42:49.349340     4 StaAnalyze.cc:565] analyze timing path end vertex 2441 total 10904 start
I20260921 12:42:49.349428     4 StaAnalyze.cc:599] analyze timing path end vertex 2441 total 10904 end
I20260921 12:42:49.349550     4 StaAnalyze.cc:565] analyze timing path end vertex 2451 total 10904 start
I20260921 12:42:49.349604     4 StaAnalyze.cc:599] analyze timing path end vertex 2451 total 10904 end
I20260921 12:42:49.349735     4 StaAnalyze.cc:565] analyze timing path end vertex 2461 total 10904 start
I20260921 12:42:49.349788     4 StaAnalyze.cc:599] analyze timing path end vertex 2461 total 10904 end
I20260921 12:42:49.349911     4 StaAnalyze.cc:565] analyze timing path end vertex 2471 total 10904 start
I20260921 12:42:49.349968     4 StaAnalyze.cc:599] analyze timing path end vertex 2471 total 10904 end
I20260921 12:42:49.350024     4 StaAnalyze.cc:303] add path data num 4 to u_core.u_branch_predictor.u_btb.entry_array_q[7]_114__reg_p:D
I20260921 12:42:49.350127     4 StaAnalyze.cc:565] analyze timing path end vertex 2481 total 10904 start
I20260921 12:42:49.350175     4 StaAnalyze.cc:599] analyze timing path end vertex 2481 total 10904 end
I20260921 12:42:49.350349     4 StaAnalyze.cc:565] analyze timing path end vertex 2491 total 10904 start
Could not create log file: Read-only file system
COULD NOT CREATE LOGFILE '20260921-124249.4'!
I20260921 12:42:49.350430     4 StaAnalyze.cc:599] analyze timing path end vertex 2491 total 10904 end
I20260921 12:42:49.350587     4 StaAnalyze.cc:565] analyze timing path end vertex 2501 total 10904 start
I20260921 12:42:49.350638     4 StaAnalyze.cc:599] analyze timing path end vertex 2501 total 10904 end
I20260921 12:42:49.350764     4 StaAnalyze.cc:565] analyze timing path end vertex 2511 total 10904 start
I20260921 12:42:49.350826     4 StaAnalyze.cc:599] analyze timing path end vertex 2511 total 10904 end
I20260921 12:42:49.350950     4 StaAnalyze.cc:565] analyze timing path end vertex 2521 total 10904 start
I20260921 12:42:49.351004     4 StaAnalyze.cc:599] analyze timing path end vertex 2521 total 10904 end
I20260921 12:42:49.351049     4 StaAnalyze.cc:303] add path data num 4 to u_core.u_branch_predictor.u_btb.entry_array_q[7]_4__reg_p:D
I20260921 12:42:49.351162     4 StaAnalyze.cc:565] analyze timing path end vertex 2531 total 10904 start
I20260921 12:42:49.351217     4 StaAnalyze.cc:599] analyze timing path end vertex 2531 total 10904 end
I20260921 12:42:49.351341     4 StaAnalyze.cc:565] analyze timing path end vertex 2541 total 10904 start
I20260921 12:42:49.351428     4 StaAnalyze.cc:599] analyze timing path end vertex 2541 total 10904 end
I20260921 12:42:49.351557     4 StaAnalyze.cc:565] analyze timing path end vertex 2551 total 10904 start
I20260921 12:42:49.351615     4 StaAnalyze.cc:599] analyze timing path end vertex 2551 total 10904 end
I20260921 12:42:49.351737     4 StaAnalyze.cc:565] analyze timing path end vertex 2561 total 10904 start
I20260921 12:42:49.351804     4 StaAnalyze.cc:599] analyze timing path end vertex 2561 total 10904 end
I20260921 12:42:49.351915     4 StaAnalyze.cc:565] analyze timing path end vertex 2571 total 10904 start
I20260921 12:42:49.351964     4 StaAnalyze.cc:599] analyze timing path end vertex 2571 total 10904 end
I20260921 12:42:49.352008     4 StaAnalyze.cc:303] add path data num 4 to u_core.u_branch_predictor.u_btb.entry_array_q[7]_95__reg_p:D
I20260921 12:42:49.352128     4 StaAnalyze.cc:565] analyze timing path end vertex 2581 total 10904 start
I20260921 12:42:49.352166     4 StaAnalyze.cc:599] analyze timing path end vertex 2581 total 10904 end
I20260921 12:42:49.352730     4 StaAnalyze.cc:565] analyze timing path end vertex 2591 total 10904 start
I20260921 12:42:49.352797     4 StaAnalyze.cc:599] analyze timing path end vertex 2591 total 10904 end
I20260921 12:42:49.352905     4 StaAnalyze.cc:565] analyze timing path end vertex 2601 total 10904 start
I20260921 12:42:49.352962     4 StaAnalyze.cc:599] analyze timing path end vertex 2601 total 10904 end
I20260921 12:42:49.353106     4 StaAnalyze.cc:565] analyze timing path end vertex 2611 total 10904 start
I20260921 12:42:49.353169     4 StaAnalyze.cc:599] analyze timing path end vertex 2611 total 10904 end
I20260921 12:42:49.353297     4 StaAnalyze.cc:565] analyze timing path end vertex 2621 total 10904 start
I20260921 12:42:49.353346     4 StaAnalyze.cc:599] analyze timing path end vertex 2621 total 10904 end
I20260921 12:42:49.353434     4 StaAnalyze.cc:303] add path data num 4 to u_core.u_data_mem.gen_dcache.u_dcache.u_dcache_axi.writeback_line_data_i_24__reg_p:D
I20260921 12:42:49.353538     4 StaAnalyze.cc:565] analyze timing path end vertex 2631 total 10904 start
I20260921 12:42:49.353601     4 StaAnalyze.cc:599] analyze timing path end vertex 2631 total 10904 end
Could not create log file: Read-only file system
COULD NOT CREATE LOGFILE '20260921-124249.4'!
I20260921 12:42:49.353734     4 StaAnalyze.cc:565] analyze timing path end vertex 2641 total 10904 start
I20260921 12:42:49.353808     4 StaAnalyze.cc:599] analyze timing path end vertex 2641 total 10904 end
I20260921 12:42:49.353937     4 StaAnalyze.cc:565] analyze timing path end vertex 2651 total 10904 start
I20260921 12:42:49.353992     4 StaAnalyze.cc:599] analyze timing path end vertex 2651 total 10904 end
I20260921 12:42:49.354127     4 StaAnalyze.cc:565] analyze timing path end vertex 2661 total 10904 start
I20260921 12:42:49.354187     4 StaAnalyze.cc:599] analyze timing path end vertex 2661 total 10904 end
I20260921 12:42:49.354310     4 StaAnalyze.cc:565] analyze timing path end vertex 2671 total 10904 start
I20260921 12:42:49.354357     4 StaAnalyze.cc:599] analyze timing path end vertex 2671 total 10904 end
I20260921 12:42:49.354501     4 StaAnalyze.cc:303] add path data num 4 to u_core.u_branch_predictor.u_ras.address_array_q[0]_19__reg_p:D
I20260921 12:42:49.354573     4 StaAnalyze.cc:565] analyze timing path end vertex 2681 total 10904 start
I20260921 12:42:49.354614     4 StaAnalyze.cc:599] analyze timing path end vertex 2681 total 10904 end
I20260921 12:42:49.354746     4 StaAnalyze.cc:565] analyze timing path end vertex 2691 total 10904 start
I20260921 12:42:49.354789     4 StaAnalyze.cc:599] analyze timing path end vertex 2691 total 10904 end
I20260921 12:42:49.354918     4 StaAnalyze.cc:565] analyze timing path end vertex 2701 total 10904 start
I20260921 12:42:49.354974     4 StaAnalyze.cc:599] analyze timing path end vertex 2701 total 10904 end
I20260921 12:42:49.355134     4 StaAnalyze.cc:565] analyze timing path end vertex 2711 total 10904 start
I20260921 12:42:49.355187     4 StaAnalyze.cc:599] analyze timing path end vertex 2711 total 10904 end
I20260921 12:42:49.355310     4 StaAnalyze.cc:565] analyze timing path end vertex 2721 total 10904 start
I20260921 12:42:49.355360     4 StaAnalyze.cc:599] analyze timing path end vertex 2721 total 10904 end
I20260921 12:42:49.355497     4 StaAnalyze.cc:303] add path data num 4 to u_core.u_branch_predictor.u_ras.address_array_q[1]_6__reg_p:D
I20260921 12:42:49.355554     4 StaAnalyze.cc:565] analyze timing path end vertex 2731 total 10904 start
I20260921 12:42:49.355597     4 StaAnalyze.cc:599] analyze timing path end vertex 2731 total 10904 end
I20260921 12:42:49.355723     4 StaAnalyze.cc:565] analyze timing path end vertex 2741 total 10904 start
I20260921 12:42:49.355778     4 StaAnalyze.cc:599] analyze timing path end vertex 2741 total 10904 end
I20260921 12:42:49.355917     4 StaAnalyze.cc:565] analyze timing path end vertex 2751 total 10904 start
I20260921 12:42:49.355973     4 StaAnalyze.cc:599] analyze timing path end vertex 2751 total 10904 end
I20260921 12:42:49.356096     4 StaAnalyze.cc:565] analyze timing path end vertex 2761 total 10904 start
I20260921 12:42:49.356164     4 StaAnalyze.cc:599] analyze timing path end vertex 2761 total 10904 end
I20260921 12:42:49.356290     4 StaAnalyze.cc:565] analyze timing path end vertex 2771 total 10904 start
I20260921 12:42:49.356338     4 StaAnalyze.cc:599] analyze timing path end vertex 2771 total 10904 end
I20260921 12:42:49.356492     4 StaAnalyze.cc:303] add path data num 4 to u_core.u_branch_predictor.u_ras.address_array_q[3]_22__reg_p:D
I20260921 12:42:49.356547     4 StaAnalyze.cc:565] analyze timing path end vertex 2781 total 10904 start
Could not create log file: Read-only file system
COULD NOT CREATE LOGFILE '20260921-124249.4'!
I20260921 12:42:49.356599     4 StaAnalyze.cc:599] analyze timing path end vertex 2781 total 10904 end
I20260921 12:42:49.356768     4 StaAnalyze.cc:565] analyze timing path end vertex 2791 total 10904 start
I20260921 12:42:49.356824     4 StaAnalyze.cc:599] analyze timing path end vertex 2791 total 10904 end
I20260921 12:42:49.356954     4 StaAnalyze.cc:565] analyze timing path end vertex 2801 total 10904 start
I20260921 12:42:49.357010     4 StaAnalyze.cc:599] analyze timing path end vertex 2801 total 10904 end
I20260921 12:42:49.357136     4 StaAnalyze.cc:565] analyze timing path end vertex 2811 total 10904 start
I20260921 12:42:49.357226     4 StaAnalyze.cc:599] analyze timing path end vertex 2811 total 10904 end
I20260921 12:42:49.357633     4 StaAnalyze.cc:565] analyze timing path end vertex 2821 total 10904 start
I20260921 12:42:49.357729     4 StaAnalyze.cc:599] analyze timing path end vertex 2821 total 10904 end
I20260921 12:42:49.357862     4 StaAnalyze.cc:565] analyze timing path end vertex 2831 total 10904 start
I20260921 12:42:49.357916     4 StaAnalyze.cc:599] analyze timing path end vertex 2831 total 10904 end
I20260921 12:42:49.357995     4 StaAnalyze.cc:303] add path data num 4 to u_core.u_csr_file.mscratch_q_13__reg_p:RN
I20260921 12:42:49.358091     4 StaAnalyze.cc:565] analyze timing path end vertex 2841 total 10904 start
I20260921 12:42:49.358131     4 StaAnalyze.cc:599] analyze timing path end vertex 2841 total 10904 end
I20260921 12:42:49.358256     4 StaAnalyze.cc:565] analyze timing path end vertex 2851 total 10904 start
I20260921 12:42:49.358314     4 StaAnalyze.cc:599] analyze timing path end vertex 2851 total 10904 end
I20260921 12:42:49.358496     4 StaAnalyze.cc:565] analyze timing path end vertex 2861 total 10904 start
I20260921 12:42:49.358556     4 StaAnalyze.cc:599] analyze timing path end vertex 2861 total 10904 end
I20260921 12:42:49.358675     4 StaAnalyze.cc:565] analyze timing path end vertex 2871 total 10904 start
I20260921 12:42:49.358729     4 StaAnalyze.cc:599] analyze timing path end vertex 2871 total 10904 end
I20260921 12:42:49.358847     4 StaAnalyze.cc:565] analyze timing path end vertex 2881 total 10904 start
I20260921 12:42:49.358896     4 StaAnalyze.cc:599] analyze timing path end vertex 2881 total 10904 end
I20260921 12:42:49.358968     4 StaAnalyze.cc:303] add path data num 4 to u_core.u_csr_file.mscratch_q_7__reg_p:RN
I20260921 12:42:49.359042     4 StaAnalyze.cc:565] analyze timing path end vertex 2891 total 10904 start
I20260921 12:42:49.359091     4 StaAnalyze.cc:599] analyze timing path end vertex 2891 total 10904 end
I20260921 12:42:49.359205     4 StaAnalyze.cc:565] analyze timing path end vertex 2901 total 10904 start
I20260921 12:42:49.359256     4 StaAnalyze.cc:599] analyze timing path end vertex 2901 total 10904 end
I20260921 12:42:49.359381     4 StaAnalyze.cc:565] analyze timing path end vertex 2911 total 10904 start
I20260921 12:42:49.359454     4 StaAnalyze.cc:599] analyze timing path end vertex 2911 total 10904 end
I20260921 12:42:49.359601     4 StaAnalyze.cc:565] analyze timing path end vertex 2921 total 10904 start
I20260921 12:42:49.359642     4 StaAnalyze.cc:599] analyze timing path end vertex 2921 total 10904 end
I20260921 12:42:49.359767     4 StaAnalyze.cc:565] analyze timing path end vertex 2931 total 10904 start
Could not create log file: Read-only file system
COULD NOT CREATE LOGFILE '20260921-124249.4'!
I20260921 12:42:49.359807     4 StaAnalyze.cc:599] analyze timing path end vertex 2931 total 10904 end
I20260921 12:42:49.359929     4 StaAnalyze.cc:303] add path data num 4 to u_core.u_csr_file.mtval_q_28__reg_p:RN
I20260921 12:42:49.359998     4 StaAnalyze.cc:565] analyze timing path end vertex 2941 total 10904 start
I20260921 12:42:49.360037     4 StaAnalyze.cc:599] analyze timing path end vertex 2941 total 10904 end
I20260921 12:42:49.360153     4 StaAnalyze.cc:565] analyze timing path end vertex 2951 total 10904 start
I20260921 12:42:49.360201     4 StaAnalyze.cc:599] analyze timing path end vertex 2951 total 10904 end
I20260921 12:42:49.360311     4 StaAnalyze.cc:565] analyze timing path end vertex 2961 total 10904 start
I20260921 12:42:49.360357     4 StaAnalyze.cc:599] analyze timing path end vertex 2961 total 10904 end
I20260921 12:42:49.360515     4 StaAnalyze.cc:565] analyze timing path end vertex 2971 total 10904 start
I20260921 12:42:49.360555     4 StaAnalyze.cc:599] analyze timing path end vertex 2971 total 10904 end
I20260921 12:42:49.360677     4 StaAnalyze.cc:565] analyze timing path end vertex 2981 total 10904 start
I20260921 12:42:49.360733     4 StaAnalyze.cc:599] analyze timing path end vertex 2981 total 10904 end
I20260921 12:42:49.360826     4 StaAnalyze.cc:303] add path data num 4 to u_core.u_csr_file.u_pmu.mcycle_high_q_21__reg_p:RN
I20260921 12:42:49.360909     4 StaAnalyze.cc:565] analyze timing path end vertex 2991 total 10904 start
I20260921 12:42:49.360949     4 StaAnalyze.cc:599] analyze timing path end vertex 2991 total 10904 end
I20260921 12:42:49.361129     4 StaAnalyze.cc:565] analyze timing path end vertex 3001 total 10904 start
I20260921 12:42:49.361182     4 StaAnalyze.cc:599] analyze timing path end vertex 3001 total 10904 end
I20260921 12:42:49.361316     4 StaAnalyze.cc:565] analyze timing path end vertex 3011 total 10904 start
I20260921 12:42:49.361379     4 StaAnalyze.cc:599] analyze timing path end vertex 3011 total 10904 end
I20260921 12:42:49.361534     4 StaAnalyze.cc:565] analyze timing path end vertex 3021 total 10904 start
I20260921 12:42:49.361613     4 StaAnalyze.cc:599] analyze timing path end vertex 3021 total 10904 end
I20260921 12:42:49.361732     4 StaAnalyze.cc:565] analyze timing path end vertex 3031 total 10904 start
I20260921 12:42:49.361793     4 StaAnalyze.cc:599] analyze timing path end vertex 3031 total 10904 end
I20260921 12:42:49.361902     4 StaAnalyze.cc:303] add path data num 4 to u_core.u_csr_file.u_pmu.mcycle_low_q_14__reg_p:RN
I20260921 12:42:49.361953     4 StaAnalyze.cc:565] analyze timing path end vertex 3041 total 10904 start
I20260921 12:42:49.362001     4 StaAnalyze.cc:599] analyze timing path end vertex 3041 total 10904 end
I20260921 12:42:49.362119     4 StaAnalyze.cc:565] analyze timing path end vertex 3051 total 10904 start
I20260921 12:42:49.362159     4 StaAnalyze.cc:599] analyze timing path end vertex 3051 total 10904 end
I20260921 12:42:49.362277     4 StaAnalyze.cc:565] analyze timing path end vertex 3061 total 10904 start
I20260921 12:42:49.362318     4 StaAnalyze.cc:599] analyze timing path end vertex 3061 total 10904 end
I20260921 12:42:49.362476     4 StaAnalyze.cc:565] analyze timing path end vertex 3071 total 10904 start
I20260921 12:42:49.362534     4 StaAnalyze.cc:599] analyze timing path end vertex 3071 total 10904 end
Could not create log file: Read-only file system
COULD NOT CREATE LOGFILE '20260921-124249.4'!
I20260921 12:42:49.362655     4 StaAnalyze.cc:565] analyze timing path end vertex 3081 total 10904 start
I20260921 12:42:49.362735     4 StaAnalyze.cc:599] analyze timing path end vertex 3081 total 10904 end
I20260921 12:42:49.362850     4 StaAnalyze.cc:303] add path data num 4 to u_core.u_csr_file.u_pmu.mcycle_low_q_8__reg_p:RN
I20260921 12:42:49.362900     4 StaAnalyze.cc:565] analyze timing path end vertex 3091 total 10904 start
I20260921 12:42:49.362948     4 StaAnalyze.cc:599] analyze timing path end vertex 3091 total 10904 end
I20260921 12:42:49.363060     4 StaAnalyze.cc:565] analyze timing path end vertex 3101 total 10904 start
I20260921 12:42:49.363109     4 StaAnalyze.cc:599] analyze timing path end vertex 3101 total 10904 end
I20260921 12:42:49.363227     4 StaAnalyze.cc:565] analyze timing path end vertex 3111 total 10904 start
I20260921 12:42:49.363272     4 StaAnalyze.cc:599] analyze timing path end vertex 3111 total 10904 end
I20260921 12:42:49.363425     4 StaAnalyze.cc:565] analyze timing path end vertex 3121 total 10904 start
I20260921 12:42:49.363481     4 StaAnalyze.cc:599] analyze timing path end vertex 3121 total 10904 end
I20260921 12:42:49.363616     4 StaAnalyze.cc:565] analyze timing path end vertex 3131 total 10904 start
I20260921 12:42:49.363698     4 StaAnalyze.cc:599] analyze timing path end vertex 3131 total 10904 end
I20260921 12:42:49.363826     4 StaAnalyze.cc:303] add path data num 4 to u_core.u_csr_file.u_pmu.minstret_high_q_30__reg_p:RN
I20260921 12:42:49.363865     4 StaAnalyze.cc:565] analyze timing path end vertex 3141 total 10904 start
I20260921 12:42:49.363906     4 StaAnalyze.cc:599] analyze timing path end vertex 3141 total 10904 end
I20260921 12:42:49.364027     4 StaAnalyze.cc:565] analyze timing path end vertex 3151 total 10904 start
I20260921 12:42:49.364070     4 StaAnalyze.cc:599] analyze timing path end vertex 3151 total 10904 end
I20260921 12:42:49.364197     4 StaAnalyze.cc:565] analyze timing path end vertex 3161 total 10904 start
I20260921 12:42:49.364238     4 StaAnalyze.cc:599] analyze timing path end vertex 3161 total 10904 end
I20260921 12:42:49.364377     4 StaAnalyze.cc:565] analyze timing path end vertex 3171 total 10904 start
I20260921 12:42:49.364470     4 StaAnalyze.cc:599] analyze timing path end vertex 3171 total 10904 end
I20260921 12:42:49.364606     4 StaAnalyze.cc:565] analyze timing path end vertex 3181 total 10904 start
I20260921 12:42:49.364656     4 StaAnalyze.cc:599] analyze timing path end vertex 3181 total 10904 end
I20260921 12:42:49.364784     4 StaAnalyze.cc:565] analyze timing path end vertex 3191 total 10904 start
I20260921 12:42:49.364825     4 StaAnalyze.cc:599] analyze timing path end vertex 3191 total 10904 end
I20260921 12:42:49.364880     4 StaAnalyze.cc:303] add path data num 4 to u_core.u_csr_file.u_pmu.minstret_low_q_23__reg_p:RN
I20260921 12:42:49.364991     4 StaAnalyze.cc:565] analyze timing path end vertex 3201 total 10904 start
I20260921 12:42:49.365048     4 StaAnalyze.cc:599] analyze timing path end vertex 3201 total 10904 end
I20260921 12:42:49.365188     4 StaAnalyze.cc:565] analyze timing path end vertex 3211 total 10904 start
I20260921 12:42:49.365227     4 StaAnalyze.cc:599] analyze timing path end vertex 3211 total 10904 end
I20260921 12:42:49.365358     4 StaAnalyze.cc:565] analyze timing path end vertex 3221 total 10904 start
Could not create log file: Read-only file system
COULD NOT CREATE LOGFILE '20260921-124249.4'!
I20260921 12:42:49.365444     4 StaAnalyze.cc:599] analyze timing path end vertex 3221 total 10904 end
I20260921 12:42:49.365617     4 StaAnalyze.cc:565] analyze timing path end vertex 3231 total 10904 start
I20260921 12:42:49.365680     4 StaAnalyze.cc:599] analyze timing path end vertex 3231 total 10904 end
I20260921 12:42:49.365803     4 StaAnalyze.cc:565] analyze timing path end vertex 3241 total 10904 start
I20260921 12:42:49.365844     4 StaAnalyze.cc:599] analyze timing path end vertex 3241 total 10904 end
I20260921 12:42:49.365898     4 StaAnalyze.cc:303] add path data num 4 to u_core.u_data_mem.gen_dcache.u_dcache.array_read_tag_array_21__reg_p:D
I20260921 12:42:49.366006     4 StaAnalyze.cc:565] analyze timing path end vertex 3251 total 10904 start
I20260921 12:42:49.366050     4 StaAnalyze.cc:599] analyze timing path end vertex 3251 total 10904 end
I20260921 12:42:49.366173     4 StaAnalyze.cc:565] analyze timing path end vertex 3261 total 10904 start
I20260921 12:42:49.366226     4 StaAnalyze.cc:599] analyze timing path end vertex 3261 total 10904 end
I20260921 12:42:49.366351     4 StaAnalyze.cc:565] analyze timing path end vertex 3271 total 10904 start
I20260921 12:42:49.366432     4 StaAnalyze.cc:599] analyze timing path end vertex 3271 total 10904 end
I20260921 12:42:49.366796     4 StaAnalyze.cc:565] analyze timing path end vertex 3281 total 10904 start
I20260921 12:42:49.366899     4 StaAnalyze.cc:599] analyze timing path end vertex 3281 total 10904 end
I20260921 12:42:49.367040     4 StaAnalyze.cc:565] analyze timing path end vertex 3291 total 10904 start
I20260921 12:42:49.367097     4 StaAnalyze.cc:599] analyze timing path end vertex 3291 total 10904 end
I20260921 12:42:49.367152     4 StaAnalyze.cc:303] add path data num 4 to u_core.u_data_mem.gen_dcache.u_dcache.array_read_word_data_array_21__reg_p:D
I20260921 12:42:49.367262     4 StaAnalyze.cc:565] analyze timing path end vertex 3301 total 10904 start
I20260921 12:42:49.367317     4 StaAnalyze.cc:599] analyze timing path end vertex 3301 total 10904 end
I20260921 12:42:49.367496     4 StaAnalyze.cc:565] analyze timing path end vertex 3311 total 10904 start
I20260921 12:42:49.367553     4 StaAnalyze.cc:599] analyze timing path end vertex 3311 total 10904 end
I20260921 12:42:49.367681     4 StaAnalyze.cc:565] analyze timing path end vertex 3321 total 10904 start
I20260921 12:42:49.367736     4 StaAnalyze.cc:599] analyze timing path end vertex 3321 total 10904 end
I20260921 12:42:49.367867     4 StaAnalyze.cc:565] analyze timing path end vertex 3331 total 10904 start
I20260921 12:42:49.367929     4 StaAnalyze.cc:599] analyze timing path end vertex 3331 total 10904 end
I20260921 12:42:49.368055     4 StaAnalyze.cc:565] analyze timing path end vertex 3341 total 10904 start
I20260921 12:42:49.368110     4 StaAnalyze.cc:599] analyze timing path end vertex 3341 total 10904 end
I20260921 12:42:49.368167     4 StaAnalyze.cc:303] add path data num 4 to u_core.u_data_mem.gen_dcache.u_dcache.array_read_word_data_array_9__reg_p:D
I20260921 12:42:49.368265     4 StaAnalyze.cc:565] analyze timing path end vertex 3351 total 10904 start
I20260921 12:42:49.368305     4 StaAnalyze.cc:599] analyze timing path end vertex 3351 total 10904 end
I20260921 12:42:49.368464     4 StaAnalyze.cc:565] analyze timing path end vertex 3361 total 10904 start
I20260921 12:42:49.368521     4 StaAnalyze.cc:599] analyze timing path end vertex 3361 total 10904 end
Could not create log file: Read-only file system
COULD NOT CREATE LOGFILE '20260921-124249.4'!
I20260921 12:42:49.368640     4 StaAnalyze.cc:565] analyze timing path end vertex 3371 total 10904 start
I20260921 12:42:49.368722     4 StaAnalyze.cc:599] analyze timing path end vertex 3371 total 10904 end
I20260921 12:42:49.368855     4 StaAnalyze.cc:565] analyze timing path end vertex 3381 total 10904 start
I20260921 12:42:49.368897     4 StaAnalyze.cc:599] analyze timing path end vertex 3381 total 10904 end
I20260921 12:42:49.369046     4 StaAnalyze.cc:565] analyze timing path end vertex 3391 total 10904 start
I20260921 12:42:49.369095     4 StaAnalyze.cc:599] analyze timing path end vertex 3391 total 10904 end
I20260921 12:42:49.369196     4 StaAnalyze.cc:303] add path data num 4 to u_core.u_data_mem.gen_dcache.u_dcache.lookup_s1_q_47__reg_p:D
I20260921 12:42:49.369274     4 StaAnalyze.cc:565] analyze timing path end vertex 3401 total 10904 start
I20260921 12:42:49.369314     4 StaAnalyze.cc:599] analyze timing path end vertex 3401 total 10904 end
I20260921 12:42:49.369478     4 StaAnalyze.cc:565] analyze timing path end vertex 3411 total 10904 start
I20260921 12:42:49.369544     4 StaAnalyze.cc:599] analyze timing path end vertex 3411 total 10904 end
I20260921 12:42:49.369669     4 StaAnalyze.cc:565] analyze timing path end vertex 3421 total 10904 start
I20260921 12:42:49.369722     4 StaAnalyze.cc:599] analyze timing path end vertex 3421 total 10904 end
I20260921 12:42:49.369856     4 StaAnalyze.cc:565] analyze timing path end vertex 3431 total 10904 start
I20260921 12:42:49.369911     4 StaAnalyze.cc:599] analyze timing path end vertex 3431 total 10904 end
I20260921 12:42:49.370033     4 StaAnalyze.cc:565] analyze timing path end vertex 3441 total 10904 start
I20260921 12:42:49.370085     4 StaAnalyze.cc:599] analyze timing path end vertex 3441 total 10904 end
I20260921 12:42:49.370203     4 StaAnalyze.cc:565] analyze timing path end vertex 3451 total 10904 start
I20260921 12:42:49.370253     4 StaAnalyze.cc:599] analyze timing path end vertex 3451 total 10904 end
I20260921 12:42:49.370335     4 StaAnalyze.cc:303] add path data num 4 to u_core.u_data_mem.gen_dcache.u_dcache.replacement_way_index_array_q_6__reg_p:RN
I20260921 12:42:49.370438     4 StaAnalyze.cc:565] analyze timing path end vertex 3461 total 10904 start
I20260921 12:42:49.370481     4 StaAnalyze.cc:599] analyze timing path end vertex 3461 total 10904 end
I20260921 12:42:49.370607     4 StaAnalyze.cc:565] analyze timing path end vertex 3471 total 10904 start
I20260921 12:42:49.370669     4 StaAnalyze.cc:599] analyze timing path end vertex 3471 total 10904 end
I20260921 12:42:49.370792     4 StaAnalyze.cc:565] analyze timing path end vertex 3481 total 10904 start
I20260921 12:42:49.370847     4 StaAnalyze.cc:599] analyze timing path end vertex 3481 total 10904 end
I20260921 12:42:49.370970     4 StaAnalyze.cc:565] analyze timing path end vertex 3491 total 10904 start
I20260921 12:42:49.371030     4 StaAnalyze.cc:599] analyze timing path end vertex 3491 total 10904 end
I20260921 12:42:49.371165     4 StaAnalyze.cc:565] analyze timing path end vertex 3501 total 10904 start
I20260921 12:42:49.371220     4 StaAnalyze.cc:599] analyze timing path end vertex 3501 total 10904 end
I20260921 12:42:49.371342     4 StaAnalyze.cc:565] analyze timing path end vertex 3511 total 10904 start
I20260921 12:42:49.371433     4 StaAnalyze.cc:599] analyze timing path end vertex 3511 total 10904 end
Could not create log file: Read-only file system
COULD NOT CREATE LOGFILE '20260921-124249.4'!
I20260921 12:42:49.371495     4 StaAnalyze.cc:303] add path data num 4 to u_core.u_data_mem.gen_dcache.u_dcache.u_data_array.data_array_q[0]_1002__reg_p:D
I20260921 12:42:49.371628     4 StaAnalyze.cc:565] analyze timing path end vertex 3521 total 10904 start
I20260921 12:42:49.371693     4 StaAnalyze.cc:599] analyze timing path end vertex 3521 total 10904 end
I20260921 12:42:49.371824     4 StaAnalyze.cc:565] analyze timing path end vertex 3531 total 10904 start
I20260921 12:42:49.371881     4 StaAnalyze.cc:599] analyze timing path end vertex 3531 total 10904 end
I20260921 12:42:49.372006     4 StaAnalyze.cc:565] analyze timing path end vertex 3541 total 10904 start
I20260921 12:42:49.372048     4 StaAnalyze.cc:599] analyze timing path end vertex 3541 total 10904 end
I20260921 12:42:49.372241     4 StaAnalyze.cc:565] analyze timing path end vertex 3551 total 10904 start
I20260921 12:42:49.372306     4 StaAnalyze.cc:599] analyze timing path end vertex 3551 total 10904 end
I20260921 12:42:49.372471     4 StaAnalyze.cc:565] analyze timing path end vertex 3561 total 10904 start
I20260921 12:42:49.372537     4 StaAnalyze.cc:599] analyze timing path end vertex 3561 total 10904 end
I20260921 12:42:49.372635     4 StaAnalyze.cc:303] add path data num 4 to u_core.u_data_mem.gen_dcache.u_dcache.u_data_array.data_array_q[0]_126__reg_p:D
I20260921 12:42:49.372716     4 StaAnalyze.cc:565] analyze timing path end vertex 3571 total 10904 start
I20260921 12:42:49.372753     4 StaAnalyze.cc:599] analyze timing path end vertex 3571 total 10904 end
I20260921 12:42:49.372879     4 StaAnalyze.cc:565] analyze timing path end vertex 3581 total 10904 start
I20260921 12:42:49.372932     4 StaAnalyze.cc:599] analyze timing path end vertex 3581 total 10904 end
I20260921 12:42:49.373167     4 StaAnalyze.cc:565] analyze timing path end vertex 3591 total 10904 start
I20260921 12:42:49.373234     4 StaAnalyze.cc:599] analyze timing path end vertex 3591 total 10904 end
I20260921 12:42:49.373359     4 StaAnalyze.cc:565] analyze timing path end vertex 3601 total 10904 start
I20260921 12:42:49.373447     4 StaAnalyze.cc:599] analyze timing path end vertex 3601 total 10904 end
I20260921 12:42:49.373577     4 StaAnalyze.cc:565] analyze timing path end vertex 3611 total 10904 start
I20260921 12:42:49.373615     4 StaAnalyze.cc:599] analyze timing path end vertex 3611 total 10904 end
I20260921 12:42:49.373736     4 StaAnalyze.cc:565] analyze timing path end vertex 3621 total 10904 start
I20260921 12:42:49.373797     4 StaAnalyze.cc:599] analyze timing path end vertex 3621 total 10904 end
I20260921 12:42:49.373863     4 StaAnalyze.cc:303] add path data num 4 to u_core.u_data_mem.gen_dcache.u_dcache.u_data_array.data_array_q[0]_171__reg_p:D
I20260921 12:42:49.373957     4 StaAnalyze.cc:565] analyze timing path end vertex 3631 total 10904 start
I20260921 12:42:49.374002     4 StaAnalyze.cc:599] analyze timing path end vertex 3631 total 10904 end
I20260921 12:42:49.374118     4 StaAnalyze.cc:565] analyze timing path end vertex 3641 total 10904 start
I20260921 12:42:49.374154     4 StaAnalyze.cc:599] analyze timing path end vertex 3641 total 10904 end
I20260921 12:42:49.374284     4 StaAnalyze.cc:565] analyze timing path end vertex 3651 total 10904 start
I20260921 12:42:49.374322     4 StaAnalyze.cc:599] analyze timing path end vertex 3651 total 10904 end
I20260921 12:42:49.374516     4 StaAnalyze.cc:565] analyze timing path end vertex 3661 total 10904 start
Could not create log file: Read-only file system
COULD NOT CREATE LOGFILE '20260921-124249.4'!
I20260921 12:42:49.374583     4 StaAnalyze.cc:599] analyze timing path end vertex 3661 total 10904 end
I20260921 12:42:49.374728     4 StaAnalyze.cc:565] analyze timing path end vertex 3671 total 10904 start
I20260921 12:42:49.374765     4 StaAnalyze.cc:599] analyze timing path end vertex 3671 total 10904 end
I20260921 12:42:49.374876     4 StaAnalyze.cc:303] add path data num 4 to u_core.u_data_mem.gen_dcache.u_dcache.u_data_array.data_array_q[0]_216__reg_p:D
I20260921 12:42:49.374917     4 StaAnalyze.cc:565] analyze timing path end vertex 3681 total 10904 start
I20260921 12:42:49.374954     4 StaAnalyze.cc:599] analyze timing path end vertex 3681 total 10904 end
I20260921 12:42:49.375074     4 StaAnalyze.cc:565] analyze timing path end vertex 3691 total 10904 start
I20260921 12:42:49.375111     4 StaAnalyze.cc:599] analyze timing path end vertex 3691 total 10904 end
I20260921 12:42:49.375231     4 StaAnalyze.cc:565] analyze timing path end vertex 3701 total 10904 start
I20260921 12:42:49.375288     4 StaAnalyze.cc:599] analyze timing path end vertex 3701 total 10904 end
I20260921 12:42:49.375438     4 StaAnalyze.cc:565] analyze timing path end vertex 3711 total 10904 start
I20260921 12:42:49.375490     4 StaAnalyze.cc:599] analyze timing path end vertex 3711 total 10904 end
I20260921 12:42:49.375609     4 StaAnalyze.cc:565] analyze timing path end vertex 3721 total 10904 start
I20260921 12:42:49.375662     4 StaAnalyze.cc:599] analyze timing path end vertex 3721 total 10904 end
I20260921 12:42:49.375787     4 StaAnalyze.cc:565] analyze timing path end vertex 3731 total 10904 start
I20260921 12:42:49.375837     4 StaAnalyze.cc:599] analyze timing path end vertex 3731 total 10904 end
I20260921 12:42:49.375923     4 StaAnalyze.cc:303] add path data num 4 to u_core.u_data_mem.gen_dcache.u_dcache.u_data_array.data_array_q[0]_261__reg_p:D
I20260921 12:42:49.376021     4 StaAnalyze.cc:565] analyze timing path end vertex 3741 total 10904 start
I20260921 12:42:49.376081     4 StaAnalyze.cc:599] analyze timing path end vertex 3741 total 10904 end
I20260921 12:42:49.376196     4 StaAnalyze.cc:565] analyze timing path end vertex 3751 total 10904 start
I20260921 12:42:49.376247     4 StaAnalyze.cc:599] analyze timing path end vertex 3751 total 10904 end
I20260921 12:42:49.376365     4 StaAnalyze.cc:565] analyze timing path end vertex 3761 total 10904 start
I20260921 12:42:49.376435     4 StaAnalyze.cc:599] analyze timing path end vertex 3761 total 10904 end
I20260921 12:42:49.376551     4 StaAnalyze.cc:565] analyze timing path end vertex 3771 total 10904 start
I20260921 12:42:49.376614     4 StaAnalyze.cc:599] analyze timing path end vertex 3771 total 10904 end
I20260921 12:42:49.376721     4 StaAnalyze.cc:565] analyze timing path end vertex 3781 total 10904 start
I20260921 12:42:49.376781     4 StaAnalyze.cc:599] analyze timing path end vertex 3781 total 10904 end
I20260921 12:42:49.376907     4 StaAnalyze.cc:565] analyze timing path end vertex 3791 total 10904 start
I20260921 12:42:49.376958     4 StaAnalyze.cc:599] analyze timing path end vertex 3791 total 10904 end
I20260921 12:42:49.377012     4 StaAnalyze.cc:303] add path data num 4 to u_core.u_data_mem.gen_dcache.u_dcache.u_data_array.data_array_q[0]_306__reg_p:D
I20260921 12:42:49.377108     4 StaAnalyze.cc:565] analyze timing path end vertex 3801 total 10904 start
I20260921 12:42:49.377144     4 StaAnalyze.cc:599] analyze timing path end vertex 3801 total 10904 end
Could not create log file: Read-only file system
COULD NOT CREATE LOGFILE '20260921-124249.4'!
I20260921 12:42:49.377259     4 StaAnalyze.cc:565] analyze timing path end vertex 3811 total 10904 start
I20260921 12:42:49.377341     4 StaAnalyze.cc:599] analyze timing path end vertex 3811 total 10904 end
I20260921 12:42:49.377480     4 StaAnalyze.cc:565] analyze timing path end vertex 3821 total 10904 start
I20260921 12:42:49.377527     4 StaAnalyze.cc:599] analyze timing path end vertex 3821 total 10904 end
I20260921 12:42:49.377667     4 StaAnalyze.cc:565] analyze timing path end vertex 3831 total 10904 start
I20260921 12:42:49.377718     4 StaAnalyze.cc:599] analyze timing path end vertex 3831 total 10904 end
I20260921 12:42:49.377840     4 StaAnalyze.cc:565] analyze timing path end vertex 3841 total 10904 start
I20260921 12:42:49.377890     4 StaAnalyze.cc:599] analyze timing path end vertex 3841 total 10904 end
I20260921 12:42:49.377995     4 StaAnalyze.cc:303] add path data num 4 to u_core.u_data_mem.gen_dcache.u_dcache.u_data_array.data_array_q[0]_351__reg_p:D
I20260921 12:42:49.378058     4 StaAnalyze.cc:565] analyze timing path end vertex 3851 total 10904 start
I20260921 12:42:49.378103     4 StaAnalyze.cc:599] analyze timing path end vertex 3851 total 10904 end
I20260921 12:42:49.378221     4 StaAnalyze.cc:565] analyze timing path end vertex 3861 total 10904 start
I20260921 12:42:49.378257     4 StaAnalyze.cc:599] analyze timing path end vertex 3861 total 10904 end
I20260921 12:42:49.378372     4 StaAnalyze.cc:565] analyze timing path end vertex 3871 total 10904 start
I20260921 12:42:49.378443     4 StaAnalyze.cc:599] analyze timing path end vertex 3871 total 10904 end
I20260921 12:42:49.378562     4 StaAnalyze.cc:565] analyze timing path end vertex 3881 total 10904 start
I20260921 12:42:49.378607     4 StaAnalyze.cc:599] analyze timing path end vertex 3881 total 10904 end
I20260921 12:42:49.378722     4 StaAnalyze.cc:565] analyze timing path end vertex 3891 total 10904 start
I20260921 12:42:49.378783     4 StaAnalyze.cc:599] analyze timing path end vertex 3891 total 10904 end
I20260921 12:42:49.378897     4 StaAnalyze.cc:565] analyze timing path end vertex 3901 total 10904 start
I20260921 12:42:49.378950     4 StaAnalyze.cc:599] analyze timing path end vertex 3901 total 10904 end
I20260921 12:42:49.379016     4 StaAnalyze.cc:303] add path data num 4 to u_core.u_data_mem.gen_dcache.u_dcache.u_data_array.data_array_q[0]_397__reg_p:D
I20260921 12:42:49.379161     4 StaAnalyze.cc:565] analyze timing path end vertex 3911 total 10904 start
I20260921 12:42:49.379201     4 StaAnalyze.cc:599] analyze timing path end vertex 3911 total 10904 end
I20260921 12:42:49.379326     4 StaAnalyze.cc:565] analyze timing path end vertex 3921 total 10904 start
I20260921 12:42:49.379375     4 StaAnalyze.cc:599] analyze timing path end vertex 3921 total 10904 end
I20260921 12:42:49.379537     4 StaAnalyze.cc:565] analyze timing path end vertex 3931 total 10904 start
I20260921 12:42:49.379575     4 StaAnalyze.cc:599] analyze timing path end vertex 3931 total 10904 end
I20260921 12:42:49.379691     4 StaAnalyze.cc:565] analyze timing path end vertex 3941 total 10904 start
I20260921 12:42:49.379727     4 StaAnalyze.cc:599] analyze timing path end vertex 3941 total 10904 end
I20260921 12:42:49.379848     4 StaAnalyze.cc:565] analyze timing path end vertex 3951 total 10904 start
I20260921 12:42:49.379884     4 StaAnalyze.cc:599] analyze timing path end vertex 3951 total 10904 end
Could not create log file: Read-only file system
COULD NOT CREATE LOGFILE '20260921-124249.4'!
I20260921 12:42:49.380000     4 StaAnalyze.cc:565] analyze timing path end vertex 3961 total 10904 start
I20260921 12:42:49.380179     4 StaAnalyze.cc:599] analyze timing path end vertex 3961 total 10904 end
I20260921 12:42:49.380457     4 StaAnalyze.cc:303] add path data num 4 to u_core.u_data_mem.gen_dcache.u_dcache.u_data_array.data_array_q[0]_441__reg_p:D
I20260921 12:42:49.380596     4 StaAnalyze.cc:565] analyze timing path end vertex 3971 total 10904 start
I20260921 12:42:49.380656     4 StaAnalyze.cc:599] analyze timing path end vertex 3971 total 10904 end
I20260921 12:42:49.380787     4 StaAnalyze.cc:565] analyze timing path end vertex 3981 total 10904 start
I20260921 12:42:49.380842     4 StaAnalyze.cc:599] analyze timing path end vertex 3981 total 10904 end
I20260921 12:42:49.380964     4 StaAnalyze.cc:565] analyze timing path end vertex 3991 total 10904 start
I20260921 12:42:49.381021     4 StaAnalyze.cc:599] analyze timing path end vertex 3991 total 10904 end
I20260921 12:42:49.381139     4 StaAnalyze.cc:565] analyze timing path end vertex 4001 total 10904 start
I20260921 12:42:49.381203     4 StaAnalyze.cc:599] analyze timing path end vertex 4001 total 10904 end
I20260921 12:42:49.381335     4 StaAnalyze.cc:565] analyze timing path end vertex 4011 total 10904 start
I20260921 12:42:49.381421     4 StaAnalyze.cc:599] analyze timing path end vertex 4011 total 10904 end
I20260921 12:42:49.381594     4 StaAnalyze.cc:303] add path data num 4 to u_core.u_data_mem.gen_dcache.u_dcache.u_data_array.data_array_q[0]_487__reg_p:D
I20260921 12:42:49.381687     4 StaAnalyze.cc:565] analyze timing path end vertex 4021 total 10904 start
I20260921 12:42:49.381745     4 StaAnalyze.cc:599] analyze timing path end vertex 4021 total 10904 end
I20260921 12:42:49.381860     4 StaAnalyze.cc:565] analyze timing path end vertex 4031 total 10904 start
I20260921 12:42:49.381915     4 StaAnalyze.cc:599] analyze timing path end vertex 4031 total 10904 end
I20260921 12:42:49.382051     4 StaAnalyze.cc:565] analyze timing path end vertex 4041 total 10904 start
I20260921 12:42:49.382100     4 StaAnalyze.cc:599] analyze timing path end vertex 4041 total 10904 end
I20260921 12:42:49.382221     4 StaAnalyze.cc:565] analyze timing path end vertex 4051 total 10904 start
I20260921 12:42:49.382282     4 StaAnalyze.cc:599] analyze timing path end vertex 4051 total 10904 end
I20260921 12:42:49.382447     4 StaAnalyze.cc:565] analyze timing path end vertex 4061 total 10904 start
I20260921 12:42:49.382500     4 StaAnalyze.cc:599] analyze timing path end vertex 4061 total 10904 end
I20260921 12:42:49.382622     4 StaAnalyze.cc:565] analyze timing path end vertex 4071 total 10904 start
I20260921 12:42:49.382684     4 StaAnalyze.cc:599] analyze timing path end vertex 4071 total 10904 end
I20260921 12:42:49.382735     4 StaAnalyze.cc:303] add path data num 4 to u_core.u_data_mem.gen_dcache.u_dcache.u_data_array.data_array_q[0]_531__reg_p:D
I20260921 12:42:49.382830     4 StaAnalyze.cc:565] analyze timing path end vertex 4081 total 10904 start
I20260921 12:42:49.382869     4 StaAnalyze.cc:599] analyze timing path end vertex 4081 total 10904 end
I20260921 12:42:49.382987     4 StaAnalyze.cc:565] analyze timing path end vertex 4091 total 10904 start
I20260921 12:42:49.383039     4 StaAnalyze.cc:599] analyze timing path end vertex 4091 total 10904 end
I20260921 12:42:49.383164     4 StaAnalyze.cc:565] analyze timing path end vertex 4101 total 10904 start
Could not create log file: Read-only file system
COULD NOT CREATE LOGFILE '20260921-124249.4'!
I20260921 12:42:49.383219     4 StaAnalyze.cc:599] analyze timing path end vertex 4101 total 10904 end
I20260921 12:42:49.383376     4 StaAnalyze.cc:565] analyze timing path end vertex 4111 total 10904 start
I20260921 12:42:49.383452     4 StaAnalyze.cc:599] analyze timing path end vertex 4111 total 10904 end
I20260921 12:42:49.383571     4 StaAnalyze.cc:565] analyze timing path end vertex 4121 total 10904 start
I20260921 12:42:49.383612     4 StaAnalyze.cc:599] analyze timing path end vertex 4121 total 10904 end
I20260921 12:42:49.383733     4 StaAnalyze.cc:565] analyze timing path end vertex 4131 total 10904 start
I20260921 12:42:49.383777     4 StaAnalyze.cc:303] add path data num 4 to u_core.u_data_mem.gen_dcache.u_dcache.u_data_array.data_array_q[0]_577__reg_p:D
I20260921 12:42:49.383813     4 StaAnalyze.cc:599] analyze timing path end vertex 4131 total 10904 end
I20260921 12:42:49.383947     4 StaAnalyze.cc:565] analyze timing path end vertex 4141 total 10904 start
I20260921 12:42:49.384002     4 StaAnalyze.cc:599] analyze timing path end vertex 4141 total 10904 end
I20260921 12:42:49.384116     4 StaAnalyze.cc:565] analyze timing path end vertex 4151 total 10904 start
I20260921 12:42:49.384178     4 StaAnalyze.cc:599] analyze timing path end vertex 4151 total 10904 end
I20260921 12:42:49.384312     4 StaAnalyze.cc:565] analyze timing path end vertex 4161 total 10904 start
I20260921 12:42:49.384361     4 StaAnalyze.cc:599] analyze timing path end vertex 4161 total 10904 end
I20260921 12:42:49.384510     4 StaAnalyze.cc:565] analyze timing path end vertex 4171 total 10904 start
I20260921 12:42:49.384558     4 StaAnalyze.cc:599] analyze timing path end vertex 4171 total 10904 end
I20260921 12:42:49.384675     4 StaAnalyze.cc:565] analyze timing path end vertex 4181 total 10904 start
I20260921 12:42:49.384737     4 StaAnalyze.cc:599] analyze timing path end vertex 4181 total 10904 end
I20260921 12:42:49.384817     4 StaAnalyze.cc:303] add path data num 4 to u_core.u_data_mem.gen_dcache.u_dcache.u_data_array.data_array_q[0]_621__reg_p:D
I20260921 12:42:49.384902     4 StaAnalyze.cc:565] analyze timing path end vertex 4191 total 10904 start
I20260921 12:42:49.384941     4 StaAnalyze.cc:599] analyze timing path end vertex 4191 total 10904 end
I20260921 12:42:49.385056     4 StaAnalyze.cc:565] analyze timing path end vertex 4201 total 10904 start
I20260921 12:42:49.385109     4 StaAnalyze.cc:599] analyze timing path end vertex 4201 total 10904 end
I20260921 12:42:49.385226     4 StaAnalyze.cc:565] analyze timing path end vertex 4211 total 10904 start
I20260921 12:42:49.385289     4 StaAnalyze.cc:599] analyze timing path end vertex 4211 total 10904 end
I20260921 12:42:49.385447     4 StaAnalyze.cc:565] analyze timing path end vertex 4221 total 10904 start
I20260921 12:42:49.385514     4 StaAnalyze.cc:599] analyze timing path end vertex 4221 total 10904 end
I20260921 12:42:49.385627     4 StaAnalyze.cc:565] analyze timing path end vertex 4231 total 10904 start
I20260921 12:42:49.385666     4 StaAnalyze.cc:599] analyze timing path end vertex 4231 total 10904 end
I20260921 12:42:49.385790     4 StaAnalyze.cc:565] analyze timing path end vertex 4241 total 10904 start
I20260921 12:42:49.385844     4 StaAnalyze.cc:599] analyze timing path end vertex 4241 total 10904 end
I20260921 12:42:49.385898     4 StaAnalyze.cc:303] add path data num 4 to u_core.u_data_mem.gen_dcache.u_dcache.u_data_array.data_array_q[0]_667__reg_p:D
Could not create log file: Read-only file system
COULD NOT CREATE LOGFILE '20260921-124249.4'!
I20260921 12:42:49.385995     4 StaAnalyze.cc:565] analyze timing path end vertex 4251 total 10904 start
I20260921 12:42:49.386057     4 StaAnalyze.cc:599] analyze timing path end vertex 4251 total 10904 end
I20260921 12:42:49.386173     4 StaAnalyze.cc:565] analyze timing path end vertex 4261 total 10904 start
I20260921 12:42:49.386219     4 StaAnalyze.cc:599] analyze timing path end vertex 4261 total 10904 end
I20260921 12:42:49.386348     4 StaAnalyze.cc:565] analyze timing path end vertex 4271 total 10904 start
I20260921 12:42:49.386431     4 StaAnalyze.cc:599] analyze timing path end vertex 4271 total 10904 end
I20260921 12:42:49.386554     4 StaAnalyze.cc:565] analyze timing path end vertex 4281 total 10904 start
I20260921 12:42:49.386608     4 StaAnalyze.cc:599] analyze timing path end vertex 4281 total 10904 end
I20260921 12:42:49.386727     4 StaAnalyze.cc:565] analyze timing path end vertex 4291 total 10904 start
I20260921 12:42:49.386797     4 StaAnalyze.cc:599] analyze timing path end vertex 4291 total 10904 end
I20260921 12:42:49.386893     4 StaAnalyze.cc:303] add path data num 4 to u_core.u_data_mem.gen_dcache.u_dcache.u_data_array.data_array_q[0]_711__reg_p:D
I20260921 12:42:49.386942     4 StaAnalyze.cc:565] analyze timing path end vertex 4301 total 10904 start
I20260921 12:42:49.386991     4 StaAnalyze.cc:599] analyze timing path end vertex 4301 total 10904 end
I20260921 12:42:49.387104     4 StaAnalyze.cc:565] analyze timing path end vertex 4311 total 10904 start
I20260921 12:42:49.387143     4 StaAnalyze.cc:599] analyze timing path end vertex 4311 total 10904 end
I20260921 12:42:49.387262     4 StaAnalyze.cc:565] analyze timing path end vertex 4321 total 10904 start
I20260921 12:42:49.387333     4 StaAnalyze.cc:599] analyze timing path end vertex 4321 total 10904 end
I20260921 12:42:49.387490     4 StaAnalyze.cc:565] analyze timing path end vertex 4331 total 10904 start
I20260921 12:42:49.387554     4 StaAnalyze.cc:599] analyze timing path end vertex 4331 total 10904 end
I20260921 12:42:49.387740     4 StaAnalyze.cc:565] analyze timing path end vertex 4341 total 10904 start
I20260921 12:42:49.387815     4 StaAnalyze.cc:599] analyze timing path end vertex 4341 total 10904 end
I20260921 12:42:49.387944     4 StaAnalyze.cc:565] analyze timing path end vertex 4351 total 10904 start
I20260921 12:42:49.387984     4 StaAnalyze.cc:599] analyze timing path end vertex 4351 total 10904 end
I20260921 12:42:49.388052     4 StaAnalyze.cc:303] add path data num 4 to u_core.u_data_mem.gen_dcache.u_dcache.u_data_array.data_array_q[0]_757__reg_p:D
I20260921 12:42:49.388149     4 StaAnalyze.cc:565] analyze timing path end vertex 4361 total 10904 start
I20260921 12:42:49.388191     4 StaAnalyze.cc:599] analyze timing path end vertex 4361 total 10904 end
I20260921 12:42:49.388314     4 StaAnalyze.cc:565] analyze timing path end vertex 4371 total 10904 start
I20260921 12:42:49.388376     4 StaAnalyze.cc:599] analyze timing path end vertex 4371 total 10904 end
I20260921 12:42:49.388538     4 StaAnalyze.cc:565] analyze timing path end vertex 4381 total 10904 start
I20260921 12:42:49.388590     4 StaAnalyze.cc:599] analyze timing path end vertex 4381 total 10904 end
I20260921 12:42:49.388710     4 StaAnalyze.cc:565] analyze timing path end vertex 4391 total 10904 start
I20260921 12:42:49.388764     4 StaAnalyze.cc:599] analyze timing path end vertex 4391 total 10904 end
Could not create log file: Read-only file system
COULD NOT CREATE LOGFILE '20260921-124249.4'!
I20260921 12:42:49.388886     4 StaAnalyze.cc:565] analyze timing path end vertex 4401 total 10904 start
I20260921 12:42:49.388960     4 StaAnalyze.cc:599] analyze timing path end vertex 4401 total 10904 end
I20260921 12:42:49.389074     4 StaAnalyze.cc:565] analyze timing path end vertex 4411 total 10904 start
I20260921 12:42:49.389144     4 StaAnalyze.cc:303] add path data num 4 to u_core.u_data_mem.gen_dcache.u_dcache.u_data_array.data_array_q[0]_801__reg_p:D
I20260921 12:42:49.389182     4 StaAnalyze.cc:599] analyze timing path end vertex 4411 total 10904 end
I20260921 12:42:49.389307     4 StaAnalyze.cc:565] analyze timing path end vertex 4421 total 10904 start
I20260921 12:42:49.389539     4 StaAnalyze.cc:599] analyze timing path end vertex 4421 total 10904 end
I20260921 12:42:49.389678     4 StaAnalyze.cc:565] analyze timing path end vertex 4431 total 10904 start
I20260921 12:42:49.389725     4 StaAnalyze.cc:599] analyze timing path end vertex 4431 total 10904 end
I20260921 12:42:49.389899     4 StaAnalyze.cc:565] analyze timing path end vertex 4441 total 10904 start
I20260921 12:42:49.389962     4 StaAnalyze.cc:599] analyze timing path end vertex 4441 total 10904 end
I20260921 12:42:49.390079     4 StaAnalyze.cc:565] analyze timing path end vertex 4451 total 10904 start
I20260921 12:42:49.390126     4 StaAnalyze.cc:599] analyze timing path end vertex 4451 total 10904 end
I20260921 12:42:49.390249     4 StaAnalyze.cc:565] analyze timing path end vertex 4461 total 10904 start
I20260921 12:42:49.390302     4 StaAnalyze.cc:599] analyze timing path end vertex 4461 total 10904 end
I20260921 12:42:49.390421     4 StaAnalyze.cc:303] add path data num 4 to u_core.u_data_mem.gen_dcache.u_dcache.u_data_array.data_array_q[0]_847__reg_p:D
I20260921 12:42:49.390491     4 StaAnalyze.cc:565] analyze timing path end vertex 4471 total 10904 start
I20260921 12:42:49.390534     4 StaAnalyze.cc:599] analyze timing path end vertex 4471 total 10904 end
I20260921 12:42:49.390656     4 StaAnalyze.cc:565] analyze timing path end vertex 4481 total 10904 start
I20260921 12:42:49.390722     4 StaAnalyze.cc:599] analyze timing path end vertex 4481 total 10904 end
I20260921 12:42:49.390859     4 StaAnalyze.cc:565] analyze timing path end vertex 4491 total 10904 start
I20260921 12:42:49.390913     4 StaAnalyze.cc:599] analyze timing path end vertex 4491 total 10904 end
I20260921 12:42:49.391039     4 StaAnalyze.cc:565] analyze timing path end vertex 4501 total 10904 start
I20260921 12:42:49.391080     4 StaAnalyze.cc:599] analyze timing path end vertex 4501 total 10904 end
I20260921 12:42:49.391203     4 StaAnalyze.cc:565] analyze timing path end vertex 4511 total 10904 start
I20260921 12:42:49.391250     4 StaAnalyze.cc:599] analyze timing path end vertex 4511 total 10904 end
I20260921 12:42:49.391359     4 StaAnalyze.cc:565] analyze timing path end vertex 4521 total 10904 start
I20260921 12:42:49.391455     4 StaAnalyze.cc:599] analyze timing path end vertex 4521 total 10904 end
I20260921 12:42:49.391516     4 StaAnalyze.cc:303] add path data num 4 to u_core.u_data_mem.gen_dcache.u_dcache.u_data_array.data_array_q[0]_892__reg_p:D
I20260921 12:42:49.391631     4 StaAnalyze.cc:565] analyze timing path end vertex 4531 total 10904 start
I20260921 12:42:49.391672     4 StaAnalyze.cc:599] analyze timing path end vertex 4531 total 10904 end
I20260921 12:42:49.391804     4 StaAnalyze.cc:565] analyze timing path end vertex 4541 total 10904 start
Could not create log file: Read-only file system
COULD NOT CREATE LOGFILE '20260921-124249.4'!
I20260921 12:42:49.391856     4 StaAnalyze.cc:599] analyze timing path end vertex 4541 total 10904 end
I20260921 12:42:49.392009     4 StaAnalyze.cc:565] analyze timing path end vertex 4551 total 10904 start
I20260921 12:42:49.392064     4 StaAnalyze.cc:599] analyze timing path end vertex 4551 total 10904 end
I20260921 12:42:49.392201     4 StaAnalyze.cc:565] analyze timing path end vertex 4561 total 10904 start
I20260921 12:42:49.392261     4 StaAnalyze.cc:599] analyze timing path end vertex 4561 total 10904 end
I20260921 12:42:49.392432     4 StaAnalyze.cc:565] analyze timing path end vertex 4571 total 10904 start
I20260921 12:42:49.392491     4 StaAnalyze.cc:599] analyze timing path end vertex 4571 total 10904 end
I20260921 12:42:49.392613     4 StaAnalyze.cc:565] analyze timing path end vertex 4581 total 10904 start
I20260921 12:42:49.392650     4 StaAnalyze.cc:303] add path data num 4 to u_core.u_data_mem.gen_dcache.u_dcache.u_data_array.data_array_q[0]_937__reg_p:D
I20260921 12:42:49.392688     4 StaAnalyze.cc:599] analyze timing path end vertex 4581 total 10904 end
I20260921 12:42:49.392810     4 StaAnalyze.cc:565] analyze timing path end vertex 4591 total 10904 start
I20260921 12:42:49.392867     4 StaAnalyze.cc:599] analyze timing path end vertex 4591 total 10904 end
I20260921 12:42:49.392987     4 StaAnalyze.cc:565] analyze timing path end vertex 4601 total 10904 start
I20260921 12:42:49.393054     4 StaAnalyze.cc:599] analyze timing path end vertex 4601 total 10904 end
I20260921 12:42:49.393177     4 StaAnalyze.cc:565] analyze timing path end vertex 4611 total 10904 start
I20260921 12:42:49.393219     4 StaAnalyze.cc:599] analyze timing path end vertex 4611 total 10904 end
I20260921 12:42:49.393347     4 StaAnalyze.cc:565] analyze timing path end vertex 4621 total 10904 start
I20260921 12:42:49.393442     4 StaAnalyze.cc:599] analyze timing path end vertex 4621 total 10904 end
I20260921 12:42:49.393567     4 StaAnalyze.cc:565] analyze timing path end vertex 4631 total 10904 start
I20260921 12:42:49.393632     4 StaAnalyze.cc:599] analyze timing path end vertex 4631 total 10904 end
I20260921 12:42:49.393718     4 StaAnalyze.cc:303] add path data num 4 to u_core.u_data_mem.gen_dcache.u_dcache.u_data_array.data_array_q[0]_982__reg_p:D
I20260921 12:42:49.393808     4 StaAnalyze.cc:565] analyze timing path end vertex 4641 total 10904 start
I20260921 12:42:49.393860     4 StaAnalyze.cc:599] analyze timing path end vertex 4641 total 10904 end
I20260921 12:42:49.394025     4 StaAnalyze.cc:565] analyze timing path end vertex 4651 total 10904 start
I20260921 12:42:49.394081     4 StaAnalyze.cc:599] analyze timing path end vertex 4651 total 10904 end
I20260921 12:42:49.394205     4 StaAnalyze.cc:565] analyze timing path end vertex 4661 total 10904 start
I20260921 12:42:49.394258     4 StaAnalyze.cc:599] analyze timing path end vertex 4661 total 10904 end
I20260921 12:42:49.394381     4 StaAnalyze.cc:565] analyze timing path end vertex 4671 total 10904 start
I20260921 12:42:49.394470     4 StaAnalyze.cc:599] analyze timing path end vertex 4671 total 10904 end
I20260921 12:42:49.394598     4 StaAnalyze.cc:565] analyze timing path end vertex 4681 total 10904 start
I20260921 12:42:49.394658     4 StaAnalyze.cc:599] analyze timing path end vertex 4681 total 10904 end
I20260921 12:42:49.394778     4 StaAnalyze.cc:565] analyze timing path end vertex 4691 total 10904 start
Could not create log file: Read-only file system
COULD NOT CREATE LOGFILE '20260921-124249.4'!
I20260921 12:42:49.394842     4 StaAnalyze.cc:599] analyze timing path end vertex 4691 total 10904 end
I20260921 12:42:49.394929     4 StaAnalyze.cc:303] add path data num 4 to u_core.u_data_mem.gen_dcache.u_dcache.u_data_array.data_array_q[1]_104__reg_p:D
I20260921 12:42:49.395046     4 StaAnalyze.cc:565] analyze timing path end vertex 4701 total 10904 start
I20260921 12:42:49.395088     4 StaAnalyze.cc:599] analyze timing path end vertex 4701 total 10904 end
I20260921 12:42:49.395211     4 StaAnalyze.cc:565] analyze timing path end vertex 4711 total 10904 start
I20260921 12:42:49.395255     4 StaAnalyze.cc:599] analyze timing path end vertex 4711 total 10904 end
I20260921 12:42:49.395375     4 StaAnalyze.cc:565] analyze timing path end vertex 4721 total 10904 start
I20260921 12:42:49.395467     4 StaAnalyze.cc:599] analyze timing path end vertex 4721 total 10904 end
I20260921 12:42:49.395591     4 StaAnalyze.cc:565] analyze timing path end vertex 4731 total 10904 start
I20260921 12:42:49.395633     4 StaAnalyze.cc:599] analyze timing path end vertex 4731 total 10904 end
I20260921 12:42:49.395766     4 StaAnalyze.cc:565] analyze timing path end vertex 4741 total 10904 start
I20260921 12:42:49.395823     4 StaAnalyze.cc:599] analyze timing path end vertex 4741 total 10904 end
I20260921 12:42:49.395938     4 StaAnalyze.cc:303] add path data num 4 to u_core.u_data_mem.gen_dcache.u_dcache.u_data_array.data_array_q[1]_14__reg_p:D
I20260921 12:42:49.395983     4 StaAnalyze.cc:565] analyze timing path end vertex 4751 total 10904 start
I20260921 12:42:49.396025     4 StaAnalyze.cc:599] analyze timing path end vertex 4751 total 10904 end
I20260921 12:42:49.396147     4 StaAnalyze.cc:565] analyze timing path end vertex 4761 total 10904 start
I20260921 12:42:49.396217     4 StaAnalyze.cc:599] analyze timing path end vertex 4761 total 10904 end
I20260921 12:42:49.396344     4 StaAnalyze.cc:565] analyze timing path end vertex 4771 total 10904 start
I20260921 12:42:49.396430     4 StaAnalyze.cc:599] analyze timing path end vertex 4771 total 10904 end
I20260921 12:42:49.396560     4 StaAnalyze.cc:565] analyze timing path end vertex 4781 total 10904 start
I20260921 12:42:49.396602     4 StaAnalyze.cc:599] analyze timing path end vertex 4781 total 10904 end
I20260921 12:42:49.396728     4 StaAnalyze.cc:565] analyze timing path end vertex 4791 total 10904 start
I20260921 12:42:49.396768     4 StaAnalyze.cc:599] analyze timing path end vertex 4791 total 10904 end
I20260921 12:42:49.396899     4 StaAnalyze.cc:565] analyze timing path end vertex 4801 total 10904 start
I20260921 12:42:49.396966     4 StaAnalyze.cc:599] analyze timing path end vertex 4801 total 10904 end
I20260921 12:42:49.397048     4 StaAnalyze.cc:303] add path data num 4 to u_core.u_data_mem.gen_dcache.u_dcache.u_data_array.data_array_q[1]_195__reg_p:D
I20260921 12:42:49.397135     4 StaAnalyze.cc:565] analyze timing path end vertex 4811 total 10904 start
I20260921 12:42:49.397179     4 StaAnalyze.cc:599] analyze timing path end vertex 4811 total 10904 end
I20260921 12:42:49.397310     4 StaAnalyze.cc:565] analyze timing path end vertex 4821 total 10904 start
I20260921 12:42:49.397369     4 StaAnalyze.cc:599] analyze timing path end vertex 4821 total 10904 end
I20260921 12:42:49.397539     4 StaAnalyze.cc:565] analyze timing path end vertex 4831 total 10904 start
I20260921 12:42:49.397590     4 StaAnalyze.cc:599] analyze timing path end vertex 4831 total 10904 end
Could not create log file: Read-only file system
COULD NOT CREATE LOGFILE '20260921-124249.4'!
I20260921 12:42:49.397715     4 StaAnalyze.cc:565] analyze timing path end vertex 4841 total 10904 start
I20260921 12:42:49.397796     4 StaAnalyze.cc:599] analyze timing path end vertex 4841 total 10904 end
I20260921 12:42:49.397922     4 StaAnalyze.cc:565] analyze timing path end vertex 4851 total 10904 start
I20260921 12:42:49.397964     4 StaAnalyze.cc:599] analyze timing path end vertex 4851 total 10904 end
I20260921 12:42:49.398089     4 StaAnalyze.cc:565] analyze timing path end vertex 4861 total 10904 start
I20260921 12:42:49.398132     4 StaAnalyze.cc:303] add path data num 4 to u_core.u_data_mem.gen_dcache.u_dcache.u_data_array.data_array_q[1]_23__reg_p:D
I20260921 12:42:49.398173     4 StaAnalyze.cc:599] analyze timing path end vertex 4861 total 10904 end
I20260921 12:42:49.398298     4 StaAnalyze.cc:565] analyze timing path end vertex 4871 total 10904 start
I20260921 12:42:49.398350     4 StaAnalyze.cc:599] analyze timing path end vertex 4871 total 10904 end
I20260921 12:42:49.398509     4 StaAnalyze.cc:565] analyze timing path end vertex 4881 total 10904 start
I20260921 12:42:49.398553     4 StaAnalyze.cc:599] analyze timing path end vertex 4881 total 10904 end
I20260921 12:42:49.398679     4 StaAnalyze.cc:565] analyze timing path end vertex 4891 total 10904 start
I20260921 12:42:49.398722     4 StaAnalyze.cc:599] analyze timing path end vertex 4891 total 10904 end
I20260921 12:42:49.398841     4 StaAnalyze.cc:565] analyze timing path end vertex 4901 total 10904 start
I20260921 12:42:49.398904     4 StaAnalyze.cc:599] analyze timing path end vertex 4901 total 10904 end
I20260921 12:42:49.399029     4 StaAnalyze.cc:565] analyze timing path end vertex 4911 total 10904 start
I20260921 12:42:49.399091     4 StaAnalyze.cc:599] analyze timing path end vertex 4911 total 10904 end
I20260921 12:42:49.399192     4 StaAnalyze.cc:303] add path data num 4 to u_core.u_data_mem.gen_dcache.u_dcache.u_data_array.data_array_q[1]_285__reg_p:D
I20260921 12:42:49.399269     4 StaAnalyze.cc:565] analyze timing path end vertex 4921 total 10904 start
I20260921 12:42:49.399312     4 StaAnalyze.cc:599] analyze timing path end vertex 4921 total 10904 end
I20260921 12:42:49.399765     4 StaAnalyze.cc:565] analyze timing path end vertex 4931 total 10904 start
I20260921 12:42:49.400058     4 StaAnalyze.cc:599] analyze timing path end vertex 4931 total 10904 end
I20260921 12:42:49.400338     4 StaAnalyze.cc:565] analyze timing path end vertex 4941 total 10904 start
I20260921 12:42:49.400539     4 StaAnalyze.cc:599] analyze timing path end vertex 4941 total 10904 end
I20260921 12:42:49.400755     4 StaAnalyze.cc:565] analyze timing path end vertex 4951 total 10904 start
I20260921 12:42:49.400842     4 StaAnalyze.cc:599] analyze timing path end vertex 4951 total 10904 end
I20260921 12:42:49.401065     4 StaAnalyze.cc:565] analyze timing path end vertex 4961 total 10904 start
I20260921 12:42:49.401183     4 StaAnalyze.cc:599] analyze timing path end vertex 4961 total 10904 end
I20260921 12:42:49.401482     4 StaAnalyze.cc:565] analyze timing path end vertex 4971 total 10904 start
I20260921 12:42:49.401595     4 StaAnalyze.cc:599] analyze timing path end vertex 4971 total 10904 end
I20260921 12:42:49.401734     4 StaAnalyze.cc:303] add path data num 4 to u_core.u_data_mem.gen_dcache.u_dcache.u_data_array.data_array_q[1]_32__reg_p:D
I20260921 12:42:49.401862     4 StaAnalyze.cc:565] analyze timing path end vertex 4981 total 10904 start
Could not create log file: Read-only file system
COULD NOT CREATE LOGFILE '20260921-124249.4'!
I20260921 12:42:49.401929     4 StaAnalyze.cc:599] analyze timing path end vertex 4981 total 10904 end
I20260921 12:42:49.402091     4 StaAnalyze.cc:565] analyze timing path end vertex 4991 total 10904 start
I20260921 12:42:49.402148     4 StaAnalyze.cc:599] analyze timing path end vertex 4991 total 10904 end
I20260921 12:42:49.402274     4 StaAnalyze.cc:565] analyze timing path end vertex 5001 total 10904 start
I20260921 12:42:49.402329     4 StaAnalyze.cc:599] analyze timing path end vertex 5001 total 10904 end
I20260921 12:42:49.402508     4 StaAnalyze.cc:565] analyze timing path end vertex 5011 total 10904 start
I20260921 12:42:49.402570     4 StaAnalyze.cc:599] analyze timing path end vertex 5011 total 10904 end
I20260921 12:42:49.402686     4 StaAnalyze.cc:565] analyze timing path end vertex 5021 total 10904 start
I20260921 12:42:49.402753     4 StaAnalyze.cc:599] analyze timing path end vertex 5021 total 10904 end
I20260921 12:42:49.402892     4 StaAnalyze.cc:303] add path data num 4 to u_core.u_data_mem.gen_dcache.u_dcache.u_data_array.data_array_q[1]_375__reg_p:D
I20260921 12:42:49.402952     4 StaAnalyze.cc:565] analyze timing path end vertex 5031 total 10904 start
I20260921 12:42:49.403003     4 StaAnalyze.cc:599] analyze timing path end vertex 5031 total 10904 end
I20260921 12:42:49.403141     4 StaAnalyze.cc:565] analyze timing path end vertex 5041 total 10904 start
I20260921 12:42:49.403201     4 StaAnalyze.cc:599] analyze timing path end vertex 5041 total 10904 end
I20260921 12:42:49.403326     4 StaAnalyze.cc:565] analyze timing path end vertex 5051 total 10904 start
I20260921 12:42:49.403436     4 StaAnalyze.cc:599] analyze timing path end vertex 5051 total 10904 end
I20260921 12:42:49.403553     4 StaAnalyze.cc:565] analyze timing path end vertex 5061 total 10904 start
I20260921 12:42:49.403609     4 StaAnalyze.cc:599] analyze timing path end vertex 5061 total 10904 end
I20260921 12:42:49.403735     4 StaAnalyze.cc:565] analyze timing path end vertex 5071 total 10904 start
I20260921 12:42:49.403792     4 StaAnalyze.cc:599] analyze timing path end vertex 5071 total 10904 end
I20260921 12:42:49.403916     4 StaAnalyze.cc:565] analyze timing path end vertex 5081 total 10904 start
I20260921 12:42:49.403975     4 StaAnalyze.cc:599] analyze timing path end vertex 5081 total 10904 end
I20260921 12:42:49.404064     4 StaAnalyze.cc:303] add path data num 4 to u_core.u_data_mem.gen_dcache.u_dcache.u_data_array.data_array_q[1]_41__reg_p:D
I20260921 12:42:49.404151     4 StaAnalyze.cc:565] analyze timing path end vertex 5091 total 10904 start
I20260921 12:42:49.404199     4 StaAnalyze.cc:599] analyze timing path end vertex 5091 total 10904 end
I20260921 12:42:49.404309     4 StaAnalyze.cc:565] analyze timing path end vertex 5101 total 10904 start
I20260921 12:42:49.404358     4 StaAnalyze.cc:599] analyze timing path end vertex 5101 total 10904 end
I20260921 12:42:49.404515     4 StaAnalyze.cc:565] analyze timing path end vertex 5111 total 10904 start
I20260921 12:42:49.404582     4 StaAnalyze.cc:599] analyze timing path end vertex 5111 total 10904 end
I20260921 12:42:49.404706     4 StaAnalyze.cc:565] analyze timing path end vertex 5121 total 10904 start
I20260921 12:42:49.404762     4 StaAnalyze.cc:599] analyze timing path end vertex 5121 total 10904 end
I20260921 12:42:49.404886     4 StaAnalyze.cc:565] analyze timing path end vertex 5131 total 10904 start
Could not create log file: Read-only file system
COULD NOT CREATE LOGFILE '20260921-124249.4'!
I20260921 12:42:49.404950     4 StaAnalyze.cc:599] analyze timing path end vertex 5131 total 10904 end
I20260921 12:42:49.405114     4 StaAnalyze.cc:565] analyze timing path end vertex 5141 total 10904 start
I20260921 12:42:49.405158     4 StaAnalyze.cc:599] analyze timing path end vertex 5141 total 10904 end
I20260921 12:42:49.405203     4 StaAnalyze.cc:303] add path data num 4 to u_core.u_data_mem.gen_dcache.u_dcache.u_data_array.data_array_q[1]_465__reg_p:D
I20260921 12:42:49.405319     4 StaAnalyze.cc:565] analyze timing path end vertex 5151 total 10904 start
I20260921 12:42:49.405364     4 StaAnalyze.cc:599] analyze timing path end vertex 5151 total 10904 end
I20260921 12:42:49.405525     4 StaAnalyze.cc:565] analyze timing path end vertex 5161 total 10904 start
I20260921 12:42:49.405578     4 StaAnalyze.cc:599] analyze timing path end vertex 5161 total 10904 end
I20260921 12:42:49.405694     4 StaAnalyze.cc:565] analyze timing path end vertex 5171 total 10904 start
I20260921 12:42:49.405741     4 StaAnalyze.cc:599] analyze timing path end vertex 5171 total 10904 end
I20260921 12:42:49.405870     4 StaAnalyze.cc:565] analyze timing path end vertex 5181 total 10904 start
I20260921 12:42:49.405913     4 StaAnalyze.cc:599] analyze timing path end vertex 5181 total 10904 end
I20260921 12:42:49.406050     4 StaAnalyze.cc:565] analyze timing path end vertex 5191 total 10904 start
I20260921 12:42:49.406100     4 StaAnalyze.cc:599] analyze timing path end vertex 5191 total 10904 end
I20260921 12:42:49.406239     4 StaAnalyze.cc:303] add path data num 4 to u_core.u_regfile.gpr_array_q[7]_19__reg_p:D
I20260921 12:42:49.406311     4 StaAnalyze.cc:565] analyze timing path end vertex 5201 total 10904 start
I20260921 12:42:49.406380     4 StaAnalyze.cc:599] analyze timing path end vertex 5201 total 10904 end
I20260921 12:42:49.406615     4 StaAnalyze.cc:565] analyze timing path end vertex 5211 total 10904 start
I20260921 12:42:49.406688     4 StaAnalyze.cc:599] analyze timing path end vertex 5211 total 10904 end
I20260921 12:42:49.406829     4 StaAnalyze.cc:565] analyze timing path end vertex 5221 total 10904 start
I20260921 12:42:49.406883     4 StaAnalyze.cc:599] analyze timing path end vertex 5221 total 10904 end
I20260921 12:42:49.407008     4 StaAnalyze.cc:565] analyze timing path end vertex 5231 total 10904 start
I20260921 12:42:49.407070     4 StaAnalyze.cc:599] analyze timing path end vertex 5231 total 10904 end
I20260921 12:42:49.407214     4 StaAnalyze.cc:565] analyze timing path end vertex 5241 total 10904 start
I20260921 12:42:49.407287     4 StaAnalyze.cc:599] analyze timing path end vertex 5241 total 10904 end
I20260921 12:42:49.407454     4 StaAnalyze.cc:303] add path data num 4 to u_core.u_regfile.gpr_array_q[8]_6__reg_p:D
I20260921 12:42:49.407536     4 StaAnalyze.cc:565] analyze timing path end vertex 5251 total 10904 start
I20260921 12:42:49.407588     4 StaAnalyze.cc:599] analyze timing path end vertex 5251 total 10904 end
I20260921 12:42:49.407722     4 StaAnalyze.cc:565] analyze timing path end vertex 5261 total 10904 start
I20260921 12:42:49.407780     4 StaAnalyze.cc:599] analyze timing path end vertex 5261 total 10904 end
I20260921 12:42:49.407920     4 StaAnalyze.cc:565] analyze timing path end vertex 5271 total 10904 start
I20260921 12:42:49.407967     4 StaAnalyze.cc:599] analyze timing path end vertex 5271 total 10904 end
Could not create log file: Read-only file system
COULD NOT CREATE LOGFILE '20260921-124249.4'!
I20260921 12:42:49.408128     4 StaAnalyze.cc:565] analyze timing path end vertex 5281 total 10904 start
I20260921 12:42:49.408226     4 StaAnalyze.cc:599] analyze timing path end vertex 5281 total 10904 end
I20260921 12:42:49.408342     4 StaAnalyze.cc:565] analyze timing path end vertex 5291 total 10904 start
I20260921 12:42:49.408383     4 StaAnalyze.cc:599] analyze timing path end vertex 5291 total 10904 end
I20260921 12:42:49.408545     4 StaAnalyze.cc:303] add path data num 4 to u_core.u_data_mem.gen_dcache.u_dcache.u_data_array.data_array_q[1]_609__reg_p:D
I20260921 12:42:49.408583     4 StaAnalyze.cc:565] analyze timing path end vertex 5301 total 10904 start
I20260921 12:42:49.408627     4 StaAnalyze.cc:599] analyze timing path end vertex 5301 total 10904 end
I20260921 12:42:49.408754     4 StaAnalyze.cc:565] analyze timing path end vertex 5311 total 10904 start
I20260921 12:42:49.408804     4 StaAnalyze.cc:599] analyze timing path end vertex 5311 total 10904 end
I20260921 12:42:49.408921     4 StaAnalyze.cc:565] analyze timing path end vertex 5321 total 10904 start
I20260921 12:42:49.408970     4 StaAnalyze.cc:599] analyze timing path end vertex 5321 total 10904 end
I20260921 12:42:49.409103     4 StaAnalyze.cc:565] analyze timing path end vertex 5331 total 10904 start
I20260921 12:42:49.409147     4 StaAnalyze.cc:599] analyze timing path end vertex 5331 total 10904 end
I20260921 12:42:49.409271     4 StaAnalyze.cc:565] analyze timing path end vertex 5341 total 10904 start
I20260921 12:42:49.409313     4 StaAnalyze.cc:599] analyze timing path end vertex 5341 total 10904 end
I20260921 12:42:49.409619     4 StaAnalyze.cc:565] analyze timing path end vertex 5351 total 10904 start
I20260921 12:42:49.409765     4 StaAnalyze.cc:599] analyze timing path end vertex 5351 total 10904 end
I20260921 12:42:49.409942     4 StaAnalyze.cc:303] add path data num 4 to u_core.u_data_mem.gen_dcache.u_dcache.u_data_array.data_array_q[1]_654__reg_p:D
I20260921 12:42:49.410084     4 StaAnalyze.cc:565] analyze timing path end vertex 5361 total 10904 start
I20260921 12:42:49.410188     4 StaAnalyze.cc:599] analyze timing path end vertex 5361 total 10904 end
I20260921 12:42:49.410501     4 StaAnalyze.cc:565] analyze timing path end vertex 5371 total 10904 start
I20260921 12:42:49.410593     4 StaAnalyze.cc:599] analyze timing path end vertex 5371 total 10904 end
I20260921 12:42:49.410823     4 StaAnalyze.cc:565] analyze timing path end vertex 5381 total 10904 start
I20260921 12:42:49.410943     4 StaAnalyze.cc:599] analyze timing path end vertex 5381 total 10904 end
I20260921 12:42:49.411193     4 StaAnalyze.cc:565] analyze timing path end vertex 5391 total 10904 start
I20260921 12:42:49.411278     4 StaAnalyze.cc:599] analyze timing path end vertex 5391 total 10904 end
I20260921 12:42:49.411466     4 StaAnalyze.cc:565] analyze timing path end vertex 5401 total 10904 start
I20260921 12:42:49.411528     4 StaAnalyze.cc:599] analyze timing path end vertex 5401 total 10904 end
I20260921 12:42:49.411659     4 StaAnalyze.cc:565] analyze timing path end vertex 5411 total 10904 start
I20260921 12:42:49.411702     4 StaAnalyze.cc:599] analyze timing path end vertex 5411 total 10904 end
I20260921 12:42:49.411741     4 StaAnalyze.cc:303] add path data num 4 to u_core.u_data_mem.gen_dcache.u_dcache.u_data_array.data_array_q[1]_69__reg_p:D
I20260921 12:42:49.411864     4 StaAnalyze.cc:565] analyze timing path end vertex 5421 total 10904 start
Could not create log file: Read-only file system
COULD NOT CREATE LOGFILE '20260921-124249.4'!
I20260921 12:42:49.411913     4 StaAnalyze.cc:599] analyze timing path end vertex 5421 total 10904 end
I20260921 12:42:49.412061     4 StaAnalyze.cc:565] analyze timing path end vertex 5431 total 10904 start
I20260921 12:42:49.412111     4 StaAnalyze.cc:599] analyze timing path end vertex 5431 total 10904 end
I20260921 12:42:49.412236     4 StaAnalyze.cc:565] analyze timing path end vertex 5441 total 10904 start
I20260921 12:42:49.412278     4 StaAnalyze.cc:599] analyze timing path end vertex 5441 total 10904 end
I20260921 12:42:49.412451     4 StaAnalyze.cc:565] analyze timing path end vertex 5451 total 10904 start
I20260921 12:42:49.412508     4 StaAnalyze.cc:599] analyze timing path end vertex 5451 total 10904 end
I20260921 12:42:49.412632     4 StaAnalyze.cc:565] analyze timing path end vertex 5461 total 10904 start
I20260921 12:42:49.412696     4 StaAnalyze.cc:599] analyze timing path end vertex 5461 total 10904 end
I20260921 12:42:49.412792     4 StaAnalyze.cc:303] add path data num 4 to u_core.u_data_mem.gen_dcache.u_dcache.u_data_array.data_array_q[1]_744__reg_p:D
I20260921 12:42:49.412859     4 StaAnalyze.cc:565] analyze timing path end vertex 5471 total 10904 start
I20260921 12:42:49.412909     4 StaAnalyze.cc:599] analyze timing path end vertex 5471 total 10904 end
I20260921 12:42:49.413031     4 StaAnalyze.cc:565] analyze timing path end vertex 5481 total 10904 start
I20260921 12:42:49.413074     4 StaAnalyze.cc:599] analyze timing path end vertex 5481 total 10904 end
I20260921 12:42:49.413201     4 StaAnalyze.cc:565] analyze timing path end vertex 5491 total 10904 start
I20260921 12:42:49.413244     4 StaAnalyze.cc:599] analyze timing path end vertex 5491 total 10904 end
I20260921 12:42:49.413378     4 StaAnalyze.cc:565] analyze timing path end vertex 5501 total 10904 start
I20260921 12:42:49.413472     4 StaAnalyze.cc:599] analyze timing path end vertex 5501 total 10904 end
I20260921 12:42:49.413596     4 StaAnalyze.cc:565] analyze timing path end vertex 5511 total 10904 start
I20260921 12:42:49.413640     4 StaAnalyze.cc:599] analyze timing path end vertex 5511 total 10904 end
I20260921 12:42:49.413763     4 StaAnalyze.cc:565] analyze timing path end vertex 5521 total 10904 start
I20260921 12:42:49.413808     4 StaAnalyze.cc:599] analyze timing path end vertex 5521 total 10904 end
I20260921 12:42:49.413872     4 StaAnalyze.cc:303] add path data num 4 to u_core.u_data_mem.gen_dcache.u_dcache.u_data_array.data_array_q[1]_78__reg_p:D
I20260921 12:42:49.413977     4 StaAnalyze.cc:565] analyze timing path end vertex 5531 total 10904 start
I20260921 12:42:49.414021     4 StaAnalyze.cc:599] analyze timing path end vertex 5531 total 10904 end
I20260921 12:42:49.414143     4 StaAnalyze.cc:565] analyze timing path end vertex 5541 total 10904 start
I20260921 12:42:49.414193     4 StaAnalyze.cc:599] analyze timing path end vertex 5541 total 10904 end
I20260921 12:42:49.414337     4 StaAnalyze.cc:565] analyze timing path end vertex 5551 total 10904 start
I20260921 12:42:49.414381     4 StaAnalyze.cc:599] analyze timing path end vertex 5551 total 10904 end
I20260921 12:42:49.414551     4 StaAnalyze.cc:565] analyze timing path end vertex 5561 total 10904 start
I20260921 12:42:49.414610     4 StaAnalyze.cc:599] analyze timing path end vertex 5561 total 10904 end
I20260921 12:42:49.414739     4 StaAnalyze.cc:565] analyze timing path end vertex 5571 total 10904 start
Could not create log file: Read-only file system
COULD NOT CREATE LOGFILE '20260921-124249.4'!
I20260921 12:42:49.414798     4 StaAnalyze.cc:599] analyze timing path end vertex 5571 total 10904 end
I20260921 12:42:49.415886     4 StaAnalyze.cc:565] analyze timing path end vertex 5581 total 10904 start
I20260921 12:42:49.415957     4 StaAnalyze.cc:303] add path data num 4 to u_core.u_data_mem.gen_dcache.u_dcache.u_data_array.data_array_q[1]_834__reg_p:D
I20260921 12:42:49.415997     4 StaAnalyze.cc:599] analyze timing path end vertex 5581 total 10904 end
I20260921 12:42:49.416087     4 StaAnalyze.cc:565] analyze timing path end vertex 5591 total 10904 start
I20260921 12:42:49.416144     4 StaAnalyze.cc:599] analyze timing path end vertex 5591 total 10904 end
I20260921 12:42:49.416236     4 StaAnalyze.cc:565] analyze timing path end vertex 5601 total 10904 start
I20260921 12:42:49.416277     4 StaAnalyze.cc:599] analyze timing path end vertex 5601 total 10904 end
I20260921 12:42:49.416379     4 StaAnalyze.cc:565] analyze timing path end vertex 5611 total 10904 start
I20260921 12:42:49.416466     4 StaAnalyze.cc:599] analyze timing path end vertex 5611 total 10904 end
I20260921 12:42:49.416594     4 StaAnalyze.cc:565] analyze timing path end vertex 5621 total 10904 start
I20260921 12:42:49.416636     4 StaAnalyze.cc:599] analyze timing path end vertex 5621 total 10904 end
I20260921 12:42:49.416754     4 StaAnalyze.cc:565] analyze timing path end vertex 5631 total 10904 start
I20260921 12:42:49.416797     4 StaAnalyze.cc:599] analyze timing path end vertex 5631 total 10904 end
I20260921 12:42:49.416877     4 StaAnalyze.cc:303] add path data num 4 to u_core.u_data_mem.gen_dcache.u_dcache.u_data_array.data_array_q[1]_87__reg_p:D
I20260921 12:42:49.416953     4 StaAnalyze.cc:565] analyze timing path end vertex 5641 total 10904 start
I20260921 12:42:49.417016     4 StaAnalyze.cc:599] analyze timing path end vertex 5641 total 10904 end
I20260921 12:42:49.417129     4 StaAnalyze.cc:565] analyze timing path end vertex 5651 total 10904 start
I20260921 12:42:49.417194     4 StaAnalyze.cc:599] analyze timing path end vertex 5651 total 10904 end
I20260921 12:42:49.417316     4 StaAnalyze.cc:565] analyze timing path end vertex 5661 total 10904 start
I20260921 12:42:49.417371     4 StaAnalyze.cc:599] analyze timing path end vertex 5661 total 10904 end
I20260921 12:42:49.417534     4 StaAnalyze.cc:565] analyze timing path end vertex 5671 total 10904 start
I20260921 12:42:49.417591     4 StaAnalyze.cc:599] analyze timing path end vertex 5671 total 10904 end
I20260921 12:42:49.417721     4 StaAnalyze.cc:565] analyze timing path end vertex 5681 total 10904 start
I20260921 12:42:49.417763     4 StaAnalyze.cc:599] analyze timing path end vertex 5681 total 10904 end
I20260921 12:42:49.417882     4 StaAnalyze.cc:565] analyze timing path end vertex 5691 total 10904 start
I20260921 12:42:49.417948     4 StaAnalyze.cc:599] analyze timing path end vertex 5691 total 10904 end
I20260921 12:42:49.418008     4 StaAnalyze.cc:303] add path data num 4 to u_core.u_data_mem.gen_dcache.u_dcache.u_data_array.data_array_q[1]_924__reg_p:D
I20260921 12:42:49.418102     4 StaAnalyze.cc:565] analyze timing path end vertex 5701 total 10904 start
I20260921 12:42:49.418159     4 StaAnalyze.cc:599] analyze timing path end vertex 5701 total 10904 end
I20260921 12:42:49.418285     4 StaAnalyze.cc:565] analyze timing path end vertex 5711 total 10904 start
I20260921 12:42:49.418341     4 StaAnalyze.cc:599] analyze timing path end vertex 5711 total 10904 end
Could not create log file: Read-only file system
COULD NOT CREATE LOGFILE '20260921-124249.4'!
I20260921 12:42:49.418509     4 StaAnalyze.cc:565] analyze timing path end vertex 5721 total 10904 start
I20260921 12:42:49.418607     4 StaAnalyze.cc:599] analyze timing path end vertex 5721 total 10904 end
I20260921 12:42:49.418727     4 StaAnalyze.cc:565] analyze timing path end vertex 5731 total 10904 start
I20260921 12:42:49.418781     4 StaAnalyze.cc:599] analyze timing path end vertex 5731 total 10904 end
I20260921 12:42:49.418905     4 StaAnalyze.cc:565] analyze timing path end vertex 5741 total 10904 start
I20260921 12:42:49.418947     4 StaAnalyze.cc:599] analyze timing path end vertex 5741 total 10904 end
I20260921 12:42:49.419076     4 StaAnalyze.cc:303] add path data num 4 to u_core.u_data_mem.gen_dcache.u_dcache.u_data_array.data_array_q[1]_96__reg_p:D
I20260921 12:42:49.419117     4 StaAnalyze.cc:565] analyze timing path end vertex 5751 total 10904 start
I20260921 12:42:49.419157     4 StaAnalyze.cc:599] analyze timing path end vertex 5751 total 10904 end
I20260921 12:42:49.419278     4 StaAnalyze.cc:565] analyze timing path end vertex 5761 total 10904 start
I20260921 12:42:49.419384     4 StaAnalyze.cc:599] analyze timing path end vertex 5761 total 10904 end
I20260921 12:42:49.419543     4 StaAnalyze.cc:565] analyze timing path end vertex 5771 total 10904 start
I20260921 12:42:49.419584     4 StaAnalyze.cc:599] analyze timing path end vertex 5771 total 10904 end
I20260921 12:42:49.419709     4 StaAnalyze.cc:565] analyze timing path end vertex 5781 total 10904 start
I20260921 12:42:49.419767     4 StaAnalyze.cc:599] analyze timing path end vertex 5781 total 10904 end
I20260921 12:42:49.419899     4 StaAnalyze.cc:565] analyze timing path end vertex 5791 total 10904 start
I20260921 12:42:49.419950     4 StaAnalyze.cc:599] analyze timing path end vertex 5791 total 10904 end
I20260921 12:42:49.420145     4 StaAnalyze.cc:565] analyze timing path end vertex 5801 total 10904 start
I20260921 12:42:49.420213     4 StaAnalyze.cc:599] analyze timing path end vertex 5801 total 10904 end
I20260921 12:42:49.420281     4 StaAnalyze.cc:303] add path data num 4 to u_core.u_data_mem.gen_dcache.u_dcache.u_dcache_axi.refill_context_q_25__reg_p:D
I20260921 12:42:49.420434     4 StaAnalyze.cc:565] analyze timing path end vertex 5811 total 10904 start
I20260921 12:42:49.420487     4 StaAnalyze.cc:599] analyze timing path end vertex 5811 total 10904 end
I20260921 12:42:49.420625     4 StaAnalyze.cc:565] analyze timing path end vertex 5821 total 10904 start
I20260921 12:42:49.420689     4 StaAnalyze.cc:599] analyze timing path end vertex 5821 total 10904 end
I20260921 12:42:49.420825     4 StaAnalyze.cc:565] analyze timing path end vertex 5831 total 10904 start
I20260921 12:42:49.420882     4 StaAnalyze.cc:599] analyze timing path end vertex 5831 total 10904 end
I20260921 12:42:49.421018     4 StaAnalyze.cc:565] analyze timing path end vertex 5841 total 10904 start
I20260921 12:42:49.421082     4 StaAnalyze.cc:599] analyze timing path end vertex 5841 total 10904 end
I20260921 12:42:49.421211     4 StaAnalyze.cc:565] analyze timing path end vertex 5851 total 10904 start
I20260921 12:42:49.421267     4 StaAnalyze.cc:599] analyze timing path end vertex 5851 total 10904 end
I20260921 12:42:49.421365     4 StaAnalyze.cc:303] add path data num 4 to u_core.u_data_mem.gen_dcache.u_dcache.u_dcache_axi.writeback_line_data_i_76__reg_p:D
I20260921 12:42:49.421586     4 StaAnalyze.cc:565] analyze timing path end vertex 5861 total 10904 start
Could not create log file: Read-only file system
COULD NOT CREATE LOGFILE '20260921-124249.4'!
I20260921 12:42:49.421651     4 StaAnalyze.cc:599] analyze timing path end vertex 5861 total 10904 end
I20260921 12:42:49.421808     4 StaAnalyze.cc:565] analyze timing path end vertex 5871 total 10904 start
I20260921 12:42:49.421862     4 StaAnalyze.cc:599] analyze timing path end vertex 5871 total 10904 end
I20260921 12:42:49.421988     4 StaAnalyze.cc:565] analyze timing path end vertex 5881 total 10904 start
I20260921 12:42:49.422050     4 StaAnalyze.cc:599] analyze timing path end vertex 5881 total 10904 end
I20260921 12:42:49.422178     4 StaAnalyze.cc:565] analyze timing path end vertex 5891 total 10904 start
I20260921 12:42:49.422228     4 StaAnalyze.cc:599] analyze timing path end vertex 5891 total 10904 end
I20260921 12:42:49.422364     4 StaAnalyze.cc:565] analyze timing path end vertex 5901 total 10904 start
I20260921 12:42:49.422449     4 StaAnalyze.cc:599] analyze timing path end vertex 5901 total 10904 end
I20260921 12:42:49.422552     4 StaAnalyze.cc:303] add path data num 4 to u_core.u_data_mem.gen_dcache.u_dcache.u_dcache_axi.writeback_resp_ready_i_reg_p:D
I20260921 12:42:49.422616     4 StaAnalyze.cc:565] analyze timing path end vertex 5911 total 10904 start
I20260921 12:42:49.422654     4 StaAnalyze.cc:599] analyze timing path end vertex 5911 total 10904 end
I20260921 12:42:49.422773     4 StaAnalyze.cc:565] analyze timing path end vertex 5921 total 10904 start
I20260921 12:42:49.422823     4 StaAnalyze.cc:599] analyze timing path end vertex 5921 total 10904 end
I20260921 12:42:49.422955     4 StaAnalyze.cc:565] analyze timing path end vertex 5931 total 10904 start
I20260921 12:42:49.423038     4 StaAnalyze.cc:599] analyze timing path end vertex 5931 total 10904 end
I20260921 12:42:49.423220     4 StaAnalyze.cc:565] analyze timing path end vertex 5941 total 10904 start
I20260921 12:42:49.423285     4 StaAnalyze.cc:599] analyze timing path end vertex 5941 total 10904 end
I20260921 12:42:49.423462     4 StaAnalyze.cc:565] analyze timing path end vertex 5951 total 10904 start
I20260921 12:42:49.423522     4 StaAnalyze.cc:599] analyze timing path end vertex 5951 total 10904 end
I20260921 12:42:49.423655     4 StaAnalyze.cc:565] analyze timing path end vertex 5961 total 10904 start
I20260921 12:42:49.423712     4 StaAnalyze.cc:599] analyze timing path end vertex 5961 total 10904 end
I20260921 12:42:49.423753     4 StaAnalyze.cc:303] add path data num 4 to u_core.u_data_mem.gen_dcache.u_dcache.u_miss_unit.miss_context_q_66__reg_p:D
I20260921 12:42:49.423880     4 StaAnalyze.cc:565] analyze timing path end vertex 5971 total 10904 start
I20260921 12:42:49.423947     4 StaAnalyze.cc:599] analyze timing path end vertex 5971 total 10904 end
I20260921 12:42:49.424085     4 StaAnalyze.cc:565] analyze timing path end vertex 5981 total 10904 start
I20260921 12:42:49.424127     4 StaAnalyze.cc:599] analyze timing path end vertex 5981 total 10904 end
I20260921 12:42:49.424294     4 StaAnalyze.cc:565] analyze timing path end vertex 5991 total 10904 start
I20260921 12:42:49.424353     4 StaAnalyze.cc:599] analyze timing path end vertex 5991 total 10904 end
I20260921 12:42:49.424533     4 StaAnalyze.cc:565] analyze timing path end vertex 6001 total 10904 start
I20260921 12:42:49.424598     4 StaAnalyze.cc:599] analyze timing path end vertex 6001 total 10904 end
I20260921 12:42:49.424731     4 StaAnalyze.cc:565] analyze timing path end vertex 6011 total 10904 start
Could not create log file: Read-only file system
COULD NOT CREATE LOGFILE '20260921-124249.4'!
I20260921 12:42:49.424788     4 StaAnalyze.cc:599] analyze timing path end vertex 6011 total 10904 end
I20260921 12:42:49.424858     4 StaAnalyze.cc:303] add path data num 4 to u_core.u_data_mem.gen_dcache.u_dcache.u_miss_unit.requested_word_data_q_26__reg_p:D
I20260921 12:42:49.425088     4 StaAnalyze.cc:565] analyze timing path end vertex 6021 total 10904 start
I20260921 12:42:49.425173     4 StaAnalyze.cc:599] analyze timing path end vertex 6021 total 10904 end
I20260921 12:42:49.425333     4 StaAnalyze.cc:565] analyze timing path end vertex 6031 total 10904 start
I20260921 12:42:49.425457     4 StaAnalyze.cc:599] analyze timing path end vertex 6031 total 10904 end
I20260921 12:42:49.425617     4 StaAnalyze.cc:565] analyze timing path end vertex 6041 total 10904 start
I20260921 12:42:49.425673     4 StaAnalyze.cc:599] analyze timing path end vertex 6041 total 10904 end
I20260921 12:42:49.425823     4 StaAnalyze.cc:565] analyze timing path end vertex 6051 total 10904 start
I20260921 12:42:49.425911     4 StaAnalyze.cc:599] analyze timing path end vertex 6051 total 10904 end
I20260921 12:42:49.426041     4 StaAnalyze.cc:565] analyze timing path end vertex 6061 total 10904 start
I20260921 12:42:49.426082     4 StaAnalyze.cc:599] analyze timing path end vertex 6061 total 10904 end
I20260921 12:42:49.426172     4 StaAnalyze.cc:303] add path data num 4 to u_core.u_data_mem.gen_dcache.u_dcache.u_miss_unit.victim_line_data_q_96__reg_p:D
I20260921 12:42:49.426242     4 StaAnalyze.cc:565] analyze timing path end vertex 6071 total 10904 start
I20260921 12:42:49.426443     4 StaAnalyze.cc:599] analyze timing path end vertex 6071 total 10904 end
I20260921 12:42:49.426609     4 StaAnalyze.cc:565] analyze timing path end vertex 6081 total 10904 start
I20260921 12:42:49.426680     4 StaAnalyze.cc:599] analyze timing path end vertex 6081 total 10904 end
I20260921 12:42:49.426838     4 StaAnalyze.cc:565] analyze timing path end vertex 6091 total 10904 start
I20260921 12:42:49.426889     4 StaAnalyze.cc:599] analyze timing path end vertex 6091 total 10904 end
I20260921 12:42:49.427062     4 StaAnalyze.cc:565] analyze timing path end vertex 6101 total 10904 start
I20260921 12:42:49.427124     4 StaAnalyze.cc:599] analyze timing path end vertex 6101 total 10904 end
I20260921 12:42:49.427307     4 StaAnalyze.cc:565] analyze timing path end vertex 6111 total 10904 start
I20260921 12:42:49.427371     4 StaAnalyze.cc:599] analyze timing path end vertex 6111 total 10904 end
I20260921 12:42:49.427582     4 StaAnalyze.cc:565] analyze timing path end vertex 6121 total 10904 start
I20260921 12:42:49.427639     4 StaAnalyze.cc:599] analyze timing path end vertex 6121 total 10904 end
I20260921 12:42:49.427825     4 StaAnalyze.cc:565] analyze timing path end vertex 6131 total 10904 start
I20260921 12:42:49.427896     4 StaAnalyze.cc:599] analyze timing path end vertex 6131 total 10904 end
I20260921 12:42:49.428058     4 StaAnalyze.cc:565] analyze timing path end vertex 6141 total 10904 start
I20260921 12:42:49.428115     4 StaAnalyze.cc:599] analyze timing path end vertex 6141 total 10904 end
I20260921 12:42:49.428234     4 StaAnalyze.cc:303] add path data num 4 to u_core.u_data_mem.gen_dcache.u_dcache.u_tag_array.tag_array_q[0]_110__reg_p:D
I20260921 12:42:49.428282     4 StaAnalyze.cc:565] analyze timing path end vertex 6151 total 10904 start
I20260921 12:42:49.428333     4 StaAnalyze.cc:599] analyze timing path end vertex 6151 total 10904 end
Could not create log file: Read-only file system
COULD NOT CREATE LOGFILE '20260921-124249.4'!
I20260921 12:42:49.428498     4 StaAnalyze.cc:565] analyze timing path end vertex 6161 total 10904 start
I20260921 12:42:49.428592     4 StaAnalyze.cc:599] analyze timing path end vertex 6161 total 10904 end
I20260921 12:42:49.428721     4 StaAnalyze.cc:565] analyze timing path end vertex 6171 total 10904 start
I20260921 12:42:49.428766     4 StaAnalyze.cc:599] analyze timing path end vertex 6171 total 10904 end
I20260921 12:42:49.428900     4 StaAnalyze.cc:565] analyze timing path end vertex 6181 total 10904 start
I20260921 12:42:49.428956     4 StaAnalyze.cc:599] analyze timing path end vertex 6181 total 10904 end
I20260921 12:42:49.429086     4 StaAnalyze.cc:565] analyze timing path end vertex 6191 total 10904 start
I20260921 12:42:49.429143     4 StaAnalyze.cc:599] analyze timing path end vertex 6191 total 10904 end
I20260921 12:42:49.429265     4 StaAnalyze.cc:303] add path data num 4 to u_core.u_data_mem.gen_dcache.u_dcache.u_tag_array.tag_array_q[0]_156__reg_p:D
I20260921 12:42:49.429325     4 StaAnalyze.cc:565] analyze timing path end vertex 6201 total 10904 start
I20260921 12:42:49.429375     4 StaAnalyze.cc:599] analyze timing path end vertex 6201 total 10904 end
I20260921 12:42:49.429544     4 StaAnalyze.cc:565] analyze timing path end vertex 6211 total 10904 start
I20260921 12:42:49.429603     4 StaAnalyze.cc:599] analyze timing path end vertex 6211 total 10904 end
I20260921 12:42:49.429746     4 StaAnalyze.cc:565] analyze timing path end vertex 6221 total 10904 start
I20260921 12:42:49.429795     4 StaAnalyze.cc:599] analyze timing path end vertex 6221 total 10904 end
I20260921 12:42:49.429920     4 StaAnalyze.cc:565] analyze timing path end vertex 6231 total 10904 start
I20260921 12:42:49.429968     4 StaAnalyze.cc:599] analyze timing path end vertex 6231 total 10904 end
I20260921 12:42:49.430094     4 StaAnalyze.cc:565] analyze timing path end vertex 6241 total 10904 start
I20260921 12:42:49.430137     4 StaAnalyze.cc:599] analyze timing path end vertex 6241 total 10904 end
I20260921 12:42:49.430248     4 StaAnalyze.cc:303] add path data num 4 to u_core.u_data_mem.gen_dcache.u_dcache.u_tag_array.tag_array_q[0]_20__reg_p:D
I20260921 12:42:49.430296     4 StaAnalyze.cc:565] analyze timing path end vertex 6251 total 10904 start
I20260921 12:42:49.430347     4 StaAnalyze.cc:599] analyze timing path end vertex 6251 total 10904 end
I20260921 12:42:49.430516     4 StaAnalyze.cc:565] analyze timing path end vertex 6261 total 10904 start
I20260921 12:42:49.430563     4 StaAnalyze.cc:599] analyze timing path end vertex 6261 total 10904 end
I20260921 12:42:49.430689     4 StaAnalyze.cc:565] analyze timing path end vertex 6271 total 10904 start
I20260921 12:42:49.430754     4 StaAnalyze.cc:599] analyze timing path end vertex 6271 total 10904 end
I20260921 12:42:49.430887     4 StaAnalyze.cc:565] analyze timing path end vertex 6281 total 10904 start
I20260921 12:42:49.430939     4 StaAnalyze.cc:599] analyze timing path end vertex 6281 total 10904 end
I20260921 12:42:49.431064     4 StaAnalyze.cc:565] analyze timing path end vertex 6291 total 10904 start
I20260921 12:42:49.431110     4 StaAnalyze.cc:599] analyze timing path end vertex 6291 total 10904 end
I20260921 12:42:49.431229     4 StaAnalyze.cc:303] add path data num 4 to u_core.u_data_mem.gen_dcache.u_dcache.u_tag_array.tag_array_q[0]_66__reg_p:D
I20260921 12:42:49.431278     4 StaAnalyze.cc:565] analyze timing path end vertex 6301 total 10904 start
Could not create log file: Read-only file system
COULD NOT CREATE LOGFILE '20260921-124249.4'!
I20260921 12:42:49.431329     4 StaAnalyze.cc:599] analyze timing path end vertex 6301 total 10904 end
I20260921 12:42:49.431525     4 StaAnalyze.cc:565] analyze timing path end vertex 6311 total 10904 start
I20260921 12:42:49.431591     4 StaAnalyze.cc:599] analyze timing path end vertex 6311 total 10904 end
I20260921 12:42:49.431733     4 StaAnalyze.cc:565] analyze timing path end vertex 6321 total 10904 start
I20260921 12:42:49.431823     4 StaAnalyze.cc:599] analyze timing path end vertex 6321 total 10904 end
I20260921 12:42:49.432024     4 StaAnalyze.cc:565] analyze timing path end vertex 6331 total 10904 start
I20260921 12:42:49.432096     4 StaAnalyze.cc:599] analyze timing path end vertex 6331 total 10904 end
I20260921 12:42:49.432224     4 StaAnalyze.cc:565] analyze timing path end vertex 6341 total 10904 start
I20260921 12:42:49.432303     4 StaAnalyze.cc:599] analyze timing path end vertex 6341 total 10904 end
I20260921 12:42:49.432475     4 StaAnalyze.cc:303] add path data num 4 to u_core.u_data_mem.gen_dcache.u_dcache.u_tag_array.tag_array_q[1]_110__reg_p:D
I20260921 12:42:49.432542     4 StaAnalyze.cc:565] analyze timing path end vertex 6351 total 10904 start
I20260921 12:42:49.432593     4 StaAnalyze.cc:599] analyze timing path end vertex 6351 total 10904 end
I20260921 12:42:49.432718     4 StaAnalyze.cc:565] analyze timing path end vertex 6361 total 10904 start
I20260921 12:42:49.432775     4 StaAnalyze.cc:599] analyze timing path end vertex 6361 total 10904 end
I20260921 12:42:49.432910     4 StaAnalyze.cc:565] analyze timing path end vertex 6371 total 10904 start
I20260921 12:42:49.432955     4 StaAnalyze.cc:599] analyze timing path end vertex 6371 total 10904 end
I20260921 12:42:49.433092     4 StaAnalyze.cc:565] analyze timing path end vertex 6381 total 10904 start
I20260921 12:42:49.433141     4 StaAnalyze.cc:599] analyze timing path end vertex 6381 total 10904 end
I20260921 12:42:49.433264     4 StaAnalyze.cc:565] analyze timing path end vertex 6391 total 10904 start
I20260921 12:42:49.433331     4 StaAnalyze.cc:599] analyze timing path end vertex 6391 total 10904 end
I20260921 12:42:49.433488     4 StaAnalyze.cc:303] add path data num 4 to u_core.u_data_mem.gen_dcache.u_dcache.u_tag_array.tag_array_q[1]_156__reg_p:D
I20260921 12:42:49.433539     4 StaAnalyze.cc:565] analyze timing path end vertex 6401 total 10904 start
I20260921 12:42:49.433593     4 StaAnalyze.cc:599] analyze timing path end vertex 6401 total 10904 end
I20260921 12:42:49.433720     4 StaAnalyze.cc:565] analyze timing path end vertex 6411 total 10904 start
I20260921 12:42:49.433794     4 StaAnalyze.cc:599] analyze timing path end vertex 6411 total 10904 end
I20260921 12:42:49.433954     4 StaAnalyze.cc:565] analyze timing path end vertex 6421 total 10904 start
I20260921 12:42:49.433998     4 StaAnalyze.cc:599] analyze timing path end vertex 6421 total 10904 end
I20260921 12:42:49.434118     4 StaAnalyze.cc:565] analyze timing path end vertex 6431 total 10904 start
I20260921 12:42:49.434167     4 StaAnalyze.cc:599] analyze timing path end vertex 6431 total 10904 end
I20260921 12:42:49.434291     4 StaAnalyze.cc:565] analyze timing path end vertex 6441 total 10904 start
I20260921 12:42:49.434352     4 StaAnalyze.cc:599] analyze timing path end vertex 6441 total 10904 end
I20260921 12:42:49.434502     4 StaAnalyze.cc:303] add path data num 4 to u_core.u_data_mem.gen_dcache.u_dcache.u_tag_array.tag_array_q[1]_20__reg_p:D
Could not create log file: Read-only file system
COULD NOT CREATE LOGFILE '20260921-124249.4'!
I20260921 12:42:49.434566     4 StaAnalyze.cc:565] analyze timing path end vertex 6451 total 10904 start
I20260921 12:42:49.434651     4 StaAnalyze.cc:599] analyze timing path end vertex 6451 total 10904 end
I20260921 12:42:49.434772     4 StaAnalyze.cc:565] analyze timing path end vertex 6461 total 10904 start
I20260921 12:42:49.434814     4 StaAnalyze.cc:599] analyze timing path end vertex 6461 total 10904 end
I20260921 12:42:49.434938     4 StaAnalyze.cc:565] analyze timing path end vertex 6471 total 10904 start
I20260921 12:42:49.434980     4 StaAnalyze.cc:599] analyze timing path end vertex 6471 total 10904 end
I20260921 12:42:49.435113     4 StaAnalyze.cc:565] analyze timing path end vertex 6481 total 10904 start
I20260921 12:42:49.435170     4 StaAnalyze.cc:599] analyze timing path end vertex 6481 total 10904 end
I20260921 12:42:49.435297     4 StaAnalyze.cc:565] analyze timing path end vertex 6491 total 10904 start
I20260921 12:42:49.435356     4 StaAnalyze.cc:599] analyze timing path end vertex 6491 total 10904 end
I20260921 12:42:49.435514     4 StaAnalyze.cc:303] add path data num 4 to u_core.u_data_mem.gen_dcache.u_dcache.u_tag_array.tag_array_q[1]_66__reg_p:D
I20260921 12:42:49.435580     4 StaAnalyze.cc:565] analyze timing path end vertex 6501 total 10904 start
I20260921 12:42:49.435632     4 StaAnalyze.cc:599] analyze timing path end vertex 6501 total 10904 end
I20260921 12:42:49.435767     4 StaAnalyze.cc:565] analyze timing path end vertex 6511 total 10904 start
I20260921 12:42:49.435824     4 StaAnalyze.cc:599] analyze timing path end vertex 6511 total 10904 end
I20260921 12:42:49.435950     4 StaAnalyze.cc:565] analyze timing path end vertex 6521 total 10904 start
I20260921 12:42:49.435993     4 StaAnalyze.cc:599] analyze timing path end vertex 6521 total 10904 end
I20260921 12:42:49.436118     4 StaAnalyze.cc:565] analyze timing path end vertex 6531 total 10904 start
I20260921 12:42:49.436185     4 StaAnalyze.cc:599] analyze timing path end vertex 6531 total 10904 end
I20260921 12:42:49.436317     4 StaAnalyze.cc:565] analyze timing path end vertex 6541 total 10904 start
I20260921 12:42:49.436374     4 StaAnalyze.cc:599] analyze timing path end vertex 6541 total 10904 end
I20260921 12:42:49.436540     4 StaAnalyze.cc:565] analyze timing path end vertex 6551 total 10904 start
I20260921 12:42:49.436596     4 StaAnalyze.cc:303] add path data num 4 to u_core.u_data_mem.u_uncached_axi.request_context_q_14__reg_p:D
I20260921 12:42:49.436637     4 StaAnalyze.cc:599] analyze timing path end vertex 6551 total 10904 end
I20260921 12:42:49.436784     4 StaAnalyze.cc:565] analyze timing path end vertex 6561 total 10904 start
I20260921 12:42:49.436832     4 StaAnalyze.cc:599] analyze timing path end vertex 6561 total 10904 end
I20260921 12:42:49.436971     4 StaAnalyze.cc:565] analyze timing path end vertex 6571 total 10904 start
I20260921 12:42:49.437034     4 StaAnalyze.cc:599] analyze timing path end vertex 6571 total 10904 end
I20260921 12:42:49.437173     4 StaAnalyze.cc:565] analyze timing path end vertex 6581 total 10904 start
I20260921 12:42:49.437237     4 StaAnalyze.cc:599] analyze timing path end vertex 6581 total 10904 end
I20260921 12:42:49.437381     4 StaAnalyze.cc:565] analyze timing path end vertex 6591 total 10904 start
I20260921 12:42:49.437484     4 StaAnalyze.cc:599] analyze timing path end vertex 6591 total 10904 end
Could not create log file: Read-only file system
COULD NOT CREATE LOGFILE '20260921-124249.4'!
I20260921 12:42:49.437623     4 StaAnalyze.cc:565] analyze timing path end vertex 6601 total 10904 start
I20260921 12:42:49.437713     4 StaAnalyze.cc:303] add path data num 4 to u_core.u_data_mem.u_uncached_axi.request_context_q_62__reg_p:D
I20260921 12:42:49.437752     4 StaAnalyze.cc:599] analyze timing path end vertex 6601 total 10904 end
I20260921 12:42:49.437891     4 StaAnalyze.cc:565] analyze timing path end vertex 6611 total 10904 start
I20260921 12:42:49.437951     4 StaAnalyze.cc:599] analyze timing path end vertex 6611 total 10904 end
I20260921 12:42:49.438079     4 StaAnalyze.cc:565] analyze timing path end vertex 6621 total 10904 start
I20260921 12:42:49.438125     4 StaAnalyze.cc:599] analyze timing path end vertex 6621 total 10904 end
I20260921 12:42:49.438226     4 StaAnalyze.cc:565] analyze timing path end vertex 6631 total 10904 start
I20260921 12:42:49.438283     4 StaAnalyze.cc:599] analyze timing path end vertex 6631 total 10904 end
I20260921 12:42:49.438450     4 StaAnalyze.cc:565] analyze timing path end vertex 6641 total 10904 start
I20260921 12:42:49.438519     4 StaAnalyze.cc:599] analyze timing path end vertex 6641 total 10904 end
I20260921 12:42:49.438654     4 StaAnalyze.cc:565] analyze timing path end vertex 6651 total 10904 start
I20260921 12:42:49.438697     4 StaAnalyze.cc:599] analyze timing path end vertex 6651 total 10904 end
I20260921 12:42:49.438738     4 StaAnalyze.cc:303] add path data num 4 to u_core.u_ex_result_reg.predicted_next_pc_q_29__reg_p:D
I20260921 12:42:49.438874     4 StaAnalyze.cc:565] analyze timing path end vertex 6661 total 10904 start
I20260921 12:42:49.438925     4 StaAnalyze.cc:599] analyze timing path end vertex 6661 total 10904 end
I20260921 12:42:49.439046     4 StaAnalyze.cc:565] analyze timing path end vertex 6671 total 10904 start
I20260921 12:42:49.439107     4 StaAnalyze.cc:599] analyze timing path end vertex 6671 total 10904 end
I20260921 12:42:49.439253     4 StaAnalyze.cc:565] analyze timing path end vertex 6681 total 10904 start
I20260921 12:42:49.439311     4 StaAnalyze.cc:599] analyze timing path end vertex 6681 total 10904 end
I20260921 12:42:49.439484     4 StaAnalyze.cc:565] analyze timing path end vertex 6691 total 10904 start
I20260921 12:42:49.439544     4 StaAnalyze.cc:599] analyze timing path end vertex 6691 total 10904 end
I20260921 12:42:49.439682     4 StaAnalyze.cc:565] analyze timing path end vertex 6701 total 10904 start
I20260921 12:42:49.439746     4 StaAnalyze.cc:599] analyze timing path end vertex 6701 total 10904 end
I20260921 12:42:49.439795     4 StaAnalyze.cc:303] add path data num 4 to u_core.u_fetch_buffer.entry_array_q[0]_131__reg_p:D
I20260921 12:42:49.439925     4 StaAnalyze.cc:565] analyze timing path end vertex 6711 total 10904 start
I20260921 12:42:49.439983     4 StaAnalyze.cc:599] analyze timing path end vertex 6711 total 10904 end
I20260921 12:42:49.440119     4 StaAnalyze.cc:565] analyze timing path end vertex 6721 total 10904 start
I20260921 12:42:49.440183     4 StaAnalyze.cc:599] analyze timing path end vertex 6721 total 10904 end
I20260921 12:42:49.440321     4 StaAnalyze.cc:565] analyze timing path end vertex 6731 total 10904 start
I20260921 12:42:49.440380     4 StaAnalyze.cc:599] analyze timing path end vertex 6731 total 10904 end
I20260921 12:42:49.440558     4 StaAnalyze.cc:565] analyze timing path end vertex 6741 total 10904 start
Could not create log file: Read-only file system
COULD NOT CREATE LOGFILE '20260921-124249.4'!
I20260921 12:42:49.440604     4 StaAnalyze.cc:599] analyze timing path end vertex 6741 total 10904 end
I20260921 12:42:49.440771     4 StaAnalyze.cc:565] analyze timing path end vertex 6751 total 10904 start
I20260921 12:42:49.440828     4 StaAnalyze.cc:599] analyze timing path end vertex 6751 total 10904 end
I20260921 12:42:49.440970     4 StaAnalyze.cc:303] add path data num 4 to u_core.u_fetch_buffer.entry_array_q[0]_83__reg_p:D
I20260921 12:42:49.441112     4 StaAnalyze.cc:565] analyze timing path end vertex 6761 total 10904 start
I20260921 12:42:49.441155     4 StaAnalyze.cc:599] analyze timing path end vertex 6761 total 10904 end
I20260921 12:42:49.441291     4 StaAnalyze.cc:565] analyze timing path end vertex 6771 total 10904 start
I20260921 12:42:49.441350     4 StaAnalyze.cc:599] analyze timing path end vertex 6771 total 10904 end
I20260921 12:42:49.441527     4 StaAnalyze.cc:565] analyze timing path end vertex 6781 total 10904 start
I20260921 12:42:49.441577     4 StaAnalyze.cc:599] analyze timing path end vertex 6781 total 10904 end
I20260921 12:42:49.441707     4 StaAnalyze.cc:565] analyze timing path end vertex 6791 total 10904 start
I20260921 12:42:49.441749     4 StaAnalyze.cc:599] analyze timing path end vertex 6791 total 10904 end
I20260921 12:42:49.441879     4 StaAnalyze.cc:565] analyze timing path end vertex 6801 total 10904 start
I20260921 12:42:49.441932     4 StaAnalyze.cc:599] analyze timing path end vertex 6801 total 10904 end
I20260921 12:42:49.441980     4 StaAnalyze.cc:303] add path data num 4 to u_core.u_fetch_buffer.entry_array_q[1]_33__reg_p:D
I20260921 12:42:49.442104     4 StaAnalyze.cc:565] analyze timing path end vertex 6811 total 10904 start
I20260921 12:42:49.442147     4 StaAnalyze.cc:599] analyze timing path end vertex 6811 total 10904 end
I20260921 12:42:49.442281     4 StaAnalyze.cc:565] analyze timing path end vertex 6821 total 10904 start
I20260921 12:42:49.442332     4 StaAnalyze.cc:599] analyze timing path end vertex 6821 total 10904 end
I20260921 12:42:49.442497     4 StaAnalyze.cc:565] analyze timing path end vertex 6831 total 10904 start
I20260921 12:42:49.442543     4 StaAnalyze.cc:599] analyze timing path end vertex 6831 total 10904 end
I20260921 12:42:49.442675     4 StaAnalyze.cc:565] analyze timing path end vertex 6841 total 10904 start
I20260921 12:42:49.442749     4 StaAnalyze.cc:599] analyze timing path end vertex 6841 total 10904 end
I20260921 12:42:49.442885     4 StaAnalyze.cc:565] analyze timing path end vertex 6851 total 10904 start
I20260921 12:42:49.442926     4 StaAnalyze.cc:599] analyze timing path end vertex 6851 total 10904 end
I20260921 12:42:49.442975     4 StaAnalyze.cc:303] add path data num 4 to u_core.u_fetch_buffer.entry_array_q[1]_85__reg_p:D
I20260921 12:42:49.443094     4 StaAnalyze.cc:565] analyze timing path end vertex 6861 total 10904 start
I20260921 12:42:49.443137     4 StaAnalyze.cc:599] analyze timing path end vertex 6861 total 10904 end
I20260921 12:42:49.443279     4 StaAnalyze.cc:565] analyze timing path end vertex 6871 total 10904 start
I20260921 12:42:49.443353     4 StaAnalyze.cc:599] analyze timing path end vertex 6871 total 10904 end
I20260921 12:42:49.443506     4 StaAnalyze.cc:565] analyze timing path end vertex 6881 total 10904 start
I20260921 12:42:49.443557     4 StaAnalyze.cc:599] analyze timing path end vertex 6881 total 10904 end
Could not create log file: Read-only file system
COULD NOT CREATE LOGFILE '20260921-124249.4'!
I20260921 12:42:49.443687     4 StaAnalyze.cc:565] analyze timing path end vertex 6891 total 10904 start
I20260921 12:42:49.443792     4 StaAnalyze.cc:599] analyze timing path end vertex 6891 total 10904 end
I20260921 12:42:49.443969     4 StaAnalyze.cc:565] analyze timing path end vertex 6901 total 10904 start
I20260921 12:42:49.444038     4 StaAnalyze.cc:599] analyze timing path end vertex 6901 total 10904 end
I20260921 12:42:49.444168     4 StaAnalyze.cc:303] add path data num 4 to u_core.u_icache.array_read_tag_array_7__reg_p:D
I20260921 12:42:49.444221     4 StaAnalyze.cc:565] analyze timing path end vertex 6911 total 10904 start
I20260921 12:42:49.444262     4 StaAnalyze.cc:599] analyze timing path end vertex 6911 total 10904 end
I20260921 12:42:49.444430     4 StaAnalyze.cc:565] analyze timing path end vertex 6921 total 10904 start
I20260921 12:42:49.444489     4 StaAnalyze.cc:599] analyze timing path end vertex 6921 total 10904 end
I20260921 12:42:49.444621     4 StaAnalyze.cc:565] analyze timing path end vertex 6931 total 10904 start
I20260921 12:42:49.444679     4 StaAnalyze.cc:599] analyze timing path end vertex 6931 total 10904 end
I20260921 12:42:49.444810     4 StaAnalyze.cc:565] analyze timing path end vertex 6941 total 10904 start
I20260921 12:42:49.444873     4 StaAnalyze.cc:599] analyze timing path end vertex 6941 total 10904 end
I20260921 12:42:49.445129     4 StaAnalyze.cc:565] analyze timing path end vertex 6951 total 10904 start
I20260921 12:42:49.445214     4 StaAnalyze.cc:599] analyze timing path end vertex 6951 total 10904 end
I20260921 12:42:49.445456     4 StaAnalyze.cc:565] analyze timing path end vertex 6961 total 10904 start
I20260921 12:42:49.445533     4 StaAnalyze.cc:599] analyze timing path end vertex 6961 total 10904 end
I20260921 12:42:49.445578     4 StaAnalyze.cc:303] add path data num 8 to u_core.u_icache.local_lookup_resp_50__reg_p:D
I20260921 12:42:49.445784     4 StaAnalyze.cc:565] analyze timing path end vertex 6971 total 10904 start
I20260921 12:42:49.445847     4 StaAnalyze.cc:599] analyze timing path end vertex 6971 total 10904 end
I20260921 12:42:49.446118     4 StaAnalyze.cc:565] analyze timing path end vertex 6981 total 10904 start
I20260921 12:42:49.446193     4 StaAnalyze.cc:599] analyze timing path end vertex 6981 total 10904 end
I20260921 12:42:49.446357     4 StaAnalyze.cc:565] analyze timing path end vertex 6991 total 10904 start
I20260921 12:42:49.446448     4 StaAnalyze.cc:599] analyze timing path end vertex 6991 total 10904 end
I20260921 12:42:49.446586     4 StaAnalyze.cc:565] analyze timing path end vertex 7001 total 10904 start
I20260921 12:42:49.446750     4 StaAnalyze.cc:599] analyze timing path end vertex 7001 total 10904 end
I20260921 12:42:49.446893     4 StaAnalyze.cc:565] analyze timing path end vertex 7011 total 10904 start
I20260921 12:42:49.446964     4 StaAnalyze.cc:599] analyze timing path end vertex 7011 total 10904 end
I20260921 12:42:49.447057     4 StaAnalyze.cc:303] add path data num 4 to u_core.u_icache.miss_lookup_resp_63__reg_p:D
I20260921 12:42:49.447144     4 StaAnalyze.cc:565] analyze timing path end vertex 7021 total 10904 start
I20260921 12:42:49.447183     4 StaAnalyze.cc:599] analyze timing path end vertex 7021 total 10904 end
I20260921 12:42:49.447288     4 StaAnalyze.cc:565] analyze timing path end vertex 7031 total 10904 start
Could not create log file: Read-only file system
COULD NOT CREATE LOGFILE '20260921-124249.4'!
I20260921 12:42:49.447326     4 StaAnalyze.cc:599] analyze timing path end vertex 7031 total 10904 end
I20260921 12:42:49.447502     4 StaAnalyze.cc:565] analyze timing path end vertex 7041 total 10904 start
I20260921 12:42:49.447566     4 StaAnalyze.cc:599] analyze timing path end vertex 7041 total 10904 end
I20260921 12:42:49.447669     4 StaAnalyze.cc:565] analyze timing path end vertex 7051 total 10904 start
I20260921 12:42:49.447722     4 StaAnalyze.cc:599] analyze timing path end vertex 7051 total 10904 end
I20260921 12:42:49.447815     4 StaAnalyze.cc:565] analyze timing path end vertex 7061 total 10904 start
I20260921 12:42:49.447867     4 StaAnalyze.cc:599] analyze timing path end vertex 7061 total 10904 end
I20260921 12:42:49.447935     4 StaAnalyze.cc:303] add path data num 2 to u_core.u_icache.u_riscv32_icache_data_array.data_array_q_103__$_DLATCH_P__Q:D
I20260921 12:42:49.448016     4 StaAnalyze.cc:565] analyze timing path end vertex 7071 total 10904 start
I20260921 12:42:49.448056     4 StaAnalyze.cc:599] analyze timing path end vertex 7071 total 10904 end
I20260921 12:42:49.448231     4 StaAnalyze.cc:565] analyze timing path end vertex 7081 total 10904 start
I20260921 12:42:49.448379     4 StaAnalyze.cc:599] analyze timing path end vertex 7081 total 10904 end
I20260921 12:42:49.448541     4 StaAnalyze.cc:565] analyze timing path end vertex 7091 total 10904 start
I20260921 12:42:49.448598     4 StaAnalyze.cc:599] analyze timing path end vertex 7091 total 10904 end
I20260921 12:42:49.448697     4 StaAnalyze.cc:565] analyze timing path end vertex 7101 total 10904 start
I20260921 12:42:49.448742     4 StaAnalyze.cc:599] analyze timing path end vertex 7101 total 10904 end
I20260921 12:42:49.448845     4 StaAnalyze.cc:565] analyze timing path end vertex 7111 total 10904 start
I20260921 12:42:49.448899     4 StaAnalyze.cc:599] analyze timing path end vertex 7111 total 10904 end
I20260921 12:42:49.448971     4 StaAnalyze.cc:303] add path data num 2 to u_core.u_icache.u_riscv32_icache_data_array.data_array_q_1085__$_DLATCH_P__Q:D
I20260921 12:42:49.449034     4 StaAnalyze.cc:565] analyze timing path end vertex 7121 total 10904 start
I20260921 12:42:49.449072     4 StaAnalyze.cc:599] analyze timing path end vertex 7121 total 10904 end
I20260921 12:42:49.449167     4 StaAnalyze.cc:565] analyze timing path end vertex 7131 total 10904 start
I20260921 12:42:49.449225     4 StaAnalyze.cc:599] analyze timing path end vertex 7131 total 10904 end
I20260921 12:42:49.449323     4 StaAnalyze.cc:565] analyze timing path end vertex 7141 total 10904 start
I20260921 12:42:49.449376     4 StaAnalyze.cc:599] analyze timing path end vertex 7141 total 10904 end
I20260921 12:42:49.449505     4 StaAnalyze.cc:565] analyze timing path end vertex 7151 total 10904 start
I20260921 12:42:49.449559     4 StaAnalyze.cc:599] analyze timing path end vertex 7151 total 10904 end
I20260921 12:42:49.449656     4 StaAnalyze.cc:565] analyze timing path end vertex 7161 total 10904 start
I20260921 12:42:49.449694     4 StaAnalyze.cc:599] analyze timing path end vertex 7161 total 10904 end
I20260921 12:42:49.449769     4 StaAnalyze.cc:303] add path data num 2 to u_core.u_icache.u_riscv32_icache_data_array.data_array_q_112__$_DLATCH_P__Q:D
I20260921 12:42:49.449817     4 StaAnalyze.cc:565] analyze timing path end vertex 7171 total 10904 start
I20260921 12:42:49.449863     4 StaAnalyze.cc:599] analyze timing path end vertex 7171 total 10904 end
Could not create log file: Read-only file system
COULD NOT CREATE LOGFILE '20260921-124249.4'!
I20260921 12:42:49.449958     4 StaAnalyze.cc:565] analyze timing path end vertex 7181 total 10904 start
I20260921 12:42:49.450028     4 StaAnalyze.cc:599] analyze timing path end vertex 7181 total 10904 end
I20260921 12:42:49.450139     4 StaAnalyze.cc:565] analyze timing path end vertex 7191 total 10904 start
I20260921 12:42:49.450179     4 StaAnalyze.cc:599] analyze timing path end vertex 7191 total 10904 end
I20260921 12:42:49.450278     4 StaAnalyze.cc:565] analyze timing path end vertex 7201 total 10904 start
I20260921 12:42:49.450317     4 StaAnalyze.cc:599] analyze timing path end vertex 7201 total 10904 end
I20260921 12:42:49.450452     4 StaAnalyze.cc:565] analyze timing path end vertex 7211 total 10904 start
I20260921 12:42:49.450493     4 StaAnalyze.cc:599] analyze timing path end vertex 7211 total 10904 end
I20260921 12:42:49.450572     4 StaAnalyze.cc:303] add path data num 2 to u_core.u_icache.u_riscv32_icache_data_array.data_array_q_1175__$_DLATCH_P__Q:D
I20260921 12:42:49.450627     4 StaAnalyze.cc:565] analyze timing path end vertex 7221 total 10904 start
I20260921 12:42:49.450672     4 StaAnalyze.cc:599] analyze timing path end vertex 7221 total 10904 end
I20260921 12:42:49.450829     4 StaAnalyze.cc:565] analyze timing path end vertex 7231 total 10904 start
I20260921 12:42:49.450892     4 StaAnalyze.cc:599] analyze timing path end vertex 7231 total 10904 end
I20260921 12:42:49.450999     4 StaAnalyze.cc:565] analyze timing path end vertex 7241 total 10904 start
I20260921 12:42:49.451051     4 StaAnalyze.cc:599] analyze timing path end vertex 7241 total 10904 end
I20260921 12:42:49.451146     4 StaAnalyze.cc:565] analyze timing path end vertex 7251 total 10904 start
I20260921 12:42:49.451197     4 StaAnalyze.cc:599] analyze timing path end vertex 7251 total 10904 end
I20260921 12:42:49.451290     4 StaAnalyze.cc:565] analyze timing path end vertex 7261 total 10904 start
I20260921 12:42:49.451349     4 StaAnalyze.cc:599] analyze timing path end vertex 7261 total 10904 end
I20260921 12:42:49.451462     4 StaAnalyze.cc:303] add path data num 2 to u_core.u_icache.u_riscv32_icache_data_array.data_array_q_121__$_DLATCH_P__Q:D
I20260921 12:42:49.451536     4 StaAnalyze.cc:565] analyze timing path end vertex 7271 total 10904 start
I20260921 12:42:49.451573     4 StaAnalyze.cc:599] analyze timing path end vertex 7271 total 10904 end
I20260921 12:42:49.451664     4 StaAnalyze.cc:565] analyze timing path end vertex 7281 total 10904 start
I20260921 12:42:49.451716     4 StaAnalyze.cc:599] analyze timing path end vertex 7281 total 10904 end
I20260921 12:42:49.451810     4 StaAnalyze.cc:565] analyze timing path end vertex 7291 total 10904 start
I20260921 12:42:49.451861     4 StaAnalyze.cc:599] analyze timing path end vertex 7291 total 10904 end
I20260921 12:42:49.451953     4 StaAnalyze.cc:565] analyze timing path end vertex 7301 total 10904 start
I20260921 12:42:49.452010     4 StaAnalyze.cc:599] analyze timing path end vertex 7301 total 10904 end
I20260921 12:42:49.452103     4 StaAnalyze.cc:565] analyze timing path end vertex 7311 total 10904 start
I20260921 12:42:49.452153     4 StaAnalyze.cc:599] analyze timing path end vertex 7311 total 10904 end
I20260921 12:42:49.452221     4 StaAnalyze.cc:303] add path data num 2 to u_core.u_icache.u_riscv32_icache_data_array.data_array_q_1265__$_DLATCH_P__Q:D
I20260921 12:42:49.452294     4 StaAnalyze.cc:565] analyze timing path end vertex 7321 total 10904 start
Could not create log file: Read-only file system
COULD NOT CREATE LOGFILE '20260921-124249.4'!
I20260921 12:42:49.452330     4 StaAnalyze.cc:599] analyze timing path end vertex 7321 total 10904 end
I20260921 12:42:49.452489     4 StaAnalyze.cc:565] analyze timing path end vertex 7331 total 10904 start
I20260921 12:42:49.452538     4 StaAnalyze.cc:599] analyze timing path end vertex 7331 total 10904 end
I20260921 12:42:49.452644     4 StaAnalyze.cc:565] analyze timing path end vertex 7341 total 10904 start
I20260921 12:42:49.452698     4 StaAnalyze.cc:599] analyze timing path end vertex 7341 total 10904 end
I20260921 12:42:49.452804     4 StaAnalyze.cc:565] analyze timing path end vertex 7351 total 10904 start
I20260921 12:42:49.452852     4 StaAnalyze.cc:599] analyze timing path end vertex 7351 total 10904 end
I20260921 12:42:49.452945     4 StaAnalyze.cc:565] analyze timing path end vertex 7361 total 10904 start
I20260921 12:42:49.452983     4 StaAnalyze.cc:599] analyze timing path end vertex 7361 total 10904 end
I20260921 12:42:49.453052     4 StaAnalyze.cc:303] add path data num 2 to u_core.u_icache.u_riscv32_icache_data_array.data_array_q_130__$_DLATCH_P__Q:D
I20260921 12:42:49.453115     4 StaAnalyze.cc:565] analyze timing path end vertex 7371 total 10904 start
I20260921 12:42:49.453154     4 StaAnalyze.cc:599] analyze timing path end vertex 7371 total 10904 end
I20260921 12:42:49.453261     4 StaAnalyze.cc:565] analyze timing path end vertex 7381 total 10904 start
I20260921 12:42:49.453316     4 StaAnalyze.cc:599] analyze timing path end vertex 7381 total 10904 end
I20260921 12:42:49.453472     4 StaAnalyze.cc:565] analyze timing path end vertex 7391 total 10904 start
I20260921 12:42:49.453523     4 StaAnalyze.cc:599] analyze timing path end vertex 7391 total 10904 end
I20260921 12:42:49.453619     4 StaAnalyze.cc:565] analyze timing path end vertex 7401 total 10904 start
I20260921 12:42:49.453657     4 StaAnalyze.cc:599] analyze timing path end vertex 7401 total 10904 end
I20260921 12:42:49.453768     4 StaAnalyze.cc:565] analyze timing path end vertex 7411 total 10904 start
I20260921 12:42:49.453809     4 StaAnalyze.cc:599] analyze timing path end vertex 7411 total 10904 end
I20260921 12:42:49.453879     4 StaAnalyze.cc:303] add path data num 2 to u_core.u_icache.u_riscv32_icache_data_array.data_array_q_1355__$_DLATCH_P__Q:D
I20260921 12:42:49.453941     4 StaAnalyze.cc:565] analyze timing path end vertex 7421 total 10904 start
I20260921 12:42:49.453980     4 StaAnalyze.cc:599] analyze timing path end vertex 7421 total 10904 end
I20260921 12:42:49.454074     4 StaAnalyze.cc:565] analyze timing path end vertex 7431 total 10904 start
I20260921 12:42:49.454113     4 StaAnalyze.cc:599] analyze timing path end vertex 7431 total 10904 end
I20260921 12:42:49.454213     4 StaAnalyze.cc:565] analyze timing path end vertex 7441 total 10904 start
I20260921 12:42:49.454262     4 StaAnalyze.cc:599] analyze timing path end vertex 7441 total 10904 end
I20260921 12:42:49.454356     4 StaAnalyze.cc:565] analyze timing path end vertex 7451 total 10904 start
I20260921 12:42:49.454464     4 StaAnalyze.cc:599] analyze timing path end vertex 7451 total 10904 end
I20260921 12:42:49.454588     4 StaAnalyze.cc:565] analyze timing path end vertex 7461 total 10904 start
I20260921 12:42:49.454631     4 StaAnalyze.cc:599] analyze timing path end vertex 7461 total 10904 end
I20260921 12:42:49.454703     4 StaAnalyze.cc:303] add path data num 2 to u_core.u_icache.u_riscv32_icache_data_array.data_array_q_13__$_DLATCH_P__Q:D
Could not create log file: Read-only file system
COULD NOT CREATE LOGFILE '20260921-124249.4'!
I20260921 12:42:49.454767     4 StaAnalyze.cc:565] analyze timing path end vertex 7471 total 10904 start
I20260921 12:42:49.454846     4 StaAnalyze.cc:599] analyze timing path end vertex 7471 total 10904 end
I20260921 12:42:49.454943     4 StaAnalyze.cc:565] analyze timing path end vertex 7481 total 10904 start
I20260921 12:42:49.455001     4 StaAnalyze.cc:599] analyze timing path end vertex 7481 total 10904 end
I20260921 12:42:49.455096     4 StaAnalyze.cc:565] analyze timing path end vertex 7491 total 10904 start
I20260921 12:42:49.455140     4 StaAnalyze.cc:599] analyze timing path end vertex 7491 total 10904 end
I20260921 12:42:49.455240     4 StaAnalyze.cc:565] analyze timing path end vertex 7501 total 10904 start
I20260921 12:42:49.455281     4 StaAnalyze.cc:599] analyze timing path end vertex 7501 total 10904 end
I20260921 12:42:49.455380     4 StaAnalyze.cc:565] analyze timing path end vertex 7511 total 10904 start
I20260921 12:42:49.455466     4 StaAnalyze.cc:599] analyze timing path end vertex 7511 total 10904 end
I20260921 12:42:49.455543     4 StaAnalyze.cc:303] add path data num 2 to u_core.u_icache.u_riscv32_icache_data_array.data_array_q_1445__$_DLATCH_P__Q:D
I20260921 12:42:49.455596     4 StaAnalyze.cc:565] analyze timing path end vertex 7521 total 10904 start
I20260921 12:42:49.455636     4 StaAnalyze.cc:599] analyze timing path end vertex 7521 total 10904 end
I20260921 12:42:49.455734     4 StaAnalyze.cc:565] analyze timing path end vertex 7531 total 10904 start
I20260921 12:42:49.455778     4 StaAnalyze.cc:599] analyze timing path end vertex 7531 total 10904 end
I20260921 12:42:49.455873     4 StaAnalyze.cc:565] analyze timing path end vertex 7541 total 10904 start
I20260921 12:42:49.455911     4 StaAnalyze.cc:599] analyze timing path end vertex 7541 total 10904 end
I20260921 12:42:49.456007     4 StaAnalyze.cc:565] analyze timing path end vertex 7551 total 10904 start
I20260921 12:42:49.456080     4 StaAnalyze.cc:599] analyze timing path end vertex 7551 total 10904 end
I20260921 12:42:49.456173     4 StaAnalyze.cc:565] analyze timing path end vertex 7561 total 10904 start
I20260921 12:42:49.456212     4 StaAnalyze.cc:599] analyze timing path end vertex 7561 total 10904 end
I20260921 12:42:49.456286     4 StaAnalyze.cc:303] add path data num 2 to u_core.u_icache.u_riscv32_icache_data_array.data_array_q_1490__$_DLATCH_P__Q:D
I20260921 12:42:49.456337     4 StaAnalyze.cc:565] analyze timing path end vertex 7571 total 10904 start
I20260921 12:42:49.456426     4 StaAnalyze.cc:599] analyze timing path end vertex 7571 total 10904 end
I20260921 12:42:49.456578     4 StaAnalyze.cc:565] analyze timing path end vertex 7581 total 10904 start
I20260921 12:42:49.456624     4 StaAnalyze.cc:599] analyze timing path end vertex 7581 total 10904 end
I20260921 12:42:49.456725     4 StaAnalyze.cc:565] analyze timing path end vertex 7591 total 10904 start
I20260921 12:42:49.456764     4 StaAnalyze.cc:599] analyze timing path end vertex 7591 total 10904 end
I20260921 12:42:49.456861     4 StaAnalyze.cc:565] analyze timing path end vertex 7601 total 10904 start
I20260921 12:42:49.456899     4 StaAnalyze.cc:599] analyze timing path end vertex 7601 total 10904 end
I20260921 12:42:49.456990     4 StaAnalyze.cc:565] analyze timing path end vertex 7611 total 10904 start
I20260921 12:42:49.457036     4 StaAnalyze.cc:599] analyze timing path end vertex 7611 total 10904 end
Could not create log file: Read-only file system
COULD NOT CREATE LOGFILE '20260921-124249.4'!
I20260921 12:42:49.457104     4 StaAnalyze.cc:303] add path data num 2 to u_core.u_icache.u_riscv32_icache_data_array.data_array_q_1535__$_DLATCH_P__Q:D
I20260921 12:42:49.457194     4 StaAnalyze.cc:565] analyze timing path end vertex 7621 total 10904 start
I20260921 12:42:49.457232     4 StaAnalyze.cc:599] analyze timing path end vertex 7621 total 10904 end
I20260921 12:42:49.457334     4 StaAnalyze.cc:565] analyze timing path end vertex 7631 total 10904 start
I20260921 12:42:49.457372     4 StaAnalyze.cc:599] analyze timing path end vertex 7631 total 10904 end
I20260921 12:42:49.457507     4 StaAnalyze.cc:565] analyze timing path end vertex 7641 total 10904 start
I20260921 12:42:49.457547     4 StaAnalyze.cc:599] analyze timing path end vertex 7641 total 10904 end
I20260921 12:42:49.457640     4 StaAnalyze.cc:565] analyze timing path end vertex 7651 total 10904 start
I20260921 12:42:49.457677     4 StaAnalyze.cc:599] analyze timing path end vertex 7651 total 10904 end
I20260921 12:42:49.457768     4 StaAnalyze.cc:565] analyze timing path end vertex 7661 total 10904 start
I20260921 12:42:49.457813     4 StaAnalyze.cc:599] analyze timing path end vertex 7661 total 10904 end
I20260921 12:42:49.457883     4 StaAnalyze.cc:303] add path data num 2 to u_core.u_icache.u_riscv32_icache_data_array.data_array_q_1580__$_DLATCH_P__Q:D
I20260921 12:42:49.457944     4 StaAnalyze.cc:565] analyze timing path end vertex 7671 total 10904 start
I20260921 12:42:49.457983     4 StaAnalyze.cc:599] analyze timing path end vertex 7671 total 10904 end
I20260921 12:42:49.458074     4 StaAnalyze.cc:565] analyze timing path end vertex 7681 total 10904 start
I20260921 12:42:49.458113     4 StaAnalyze.cc:599] analyze timing path end vertex 7681 total 10904 end
I20260921 12:42:49.458209     4 StaAnalyze.cc:565] analyze timing path end vertex 7691 total 10904 start
I20260921 12:42:49.458245     4 StaAnalyze.cc:599] analyze timing path end vertex 7691 total 10904 end
I20260921 12:42:49.458343     4 StaAnalyze.cc:565] analyze timing path end vertex 7701 total 10904 start
I20260921 12:42:49.458431     4 StaAnalyze.cc:599] analyze timing path end vertex 7701 total 10904 end
I20260921 12:42:49.458523     4 StaAnalyze.cc:565] analyze timing path end vertex 7711 total 10904 start
I20260921 12:42:49.458563     4 StaAnalyze.cc:599] analyze timing path end vertex 7711 total 10904 end
I20260921 12:42:49.458634     4 StaAnalyze.cc:303] add path data num 2 to u_core.u_icache.u_riscv32_icache_data_array.data_array_q_1625__$_DLATCH_P__Q:D
I20260921 12:42:49.458695     4 StaAnalyze.cc:565] analyze timing path end vertex 7721 total 10904 start
I20260921 12:42:49.458734     4 StaAnalyze.cc:599] analyze timing path end vertex 7721 total 10904 end
I20260921 12:42:49.458832     4 StaAnalyze.cc:565] analyze timing path end vertex 7731 total 10904 start
I20260921 12:42:49.458869     4 StaAnalyze.cc:599] analyze timing path end vertex 7731 total 10904 end
I20260921 12:42:49.458964     4 StaAnalyze.cc:565] analyze timing path end vertex 7741 total 10904 start
I20260921 12:42:49.459007     4 StaAnalyze.cc:599] analyze timing path end vertex 7741 total 10904 end
I20260921 12:42:49.459097     4 StaAnalyze.cc:565] analyze timing path end vertex 7751 total 10904 start
I20260921 12:42:49.459142     4 StaAnalyze.cc:599] analyze timing path end vertex 7751 total 10904 end
I20260921 12:42:49.459242     4 StaAnalyze.cc:565] analyze timing path end vertex 7761 total 10904 start
Could not create log file: Read-only file system
COULD NOT CREATE LOGFILE '20260921-124249.4'!
I20260921 12:42:49.459280     4 StaAnalyze.cc:599] analyze timing path end vertex 7761 total 10904 end
I20260921 12:42:49.459383     4 StaAnalyze.cc:303] add path data num 2 to u_core.u_icache.u_riscv32_icache_data_array.data_array_q_1670__$_DLATCH_P__Q:D
I20260921 12:42:49.459496     4 StaAnalyze.cc:565] analyze timing path end vertex 7771 total 10904 start
I20260921 12:42:49.459537     4 StaAnalyze.cc:599] analyze timing path end vertex 7771 total 10904 end
I20260921 12:42:49.459638     4 StaAnalyze.cc:565] analyze timing path end vertex 7781 total 10904 start
I20260921 12:42:49.459677     4 StaAnalyze.cc:599] analyze timing path end vertex 7781 total 10904 end
I20260921 12:42:49.459771     4 StaAnalyze.cc:565] analyze timing path end vertex 7791 total 10904 start
I20260921 12:42:49.459817     4 StaAnalyze.cc:599] analyze timing path end vertex 7791 total 10904 end
I20260921 12:42:49.459918     4 StaAnalyze.cc:565] analyze timing path end vertex 7801 total 10904 start
I20260921 12:42:49.459954     4 StaAnalyze.cc:599] analyze timing path end vertex 7801 total 10904 end
I20260921 12:42:49.460050     4 StaAnalyze.cc:565] analyze timing path end vertex 7811 total 10904 start
I20260921 12:42:49.460088     4 StaAnalyze.cc:599] analyze timing path end vertex 7811 total 10904 end
I20260921 12:42:49.460157     4 StaAnalyze.cc:303] add path data num 2 to u_core.u_icache.u_riscv32_icache_data_array.data_array_q_1715__$_DLATCH_P__Q:D
I20260921 12:42:49.460216     4 StaAnalyze.cc:565] analyze timing path end vertex 7821 total 10904 start
I20260921 12:42:49.460254     4 StaAnalyze.cc:599] analyze timing path end vertex 7821 total 10904 end
I20260921 12:42:49.460374     4 StaAnalyze.cc:565] analyze timing path end vertex 7831 total 10904 start
I20260921 12:42:49.460464     4 StaAnalyze.cc:599] analyze timing path end vertex 7831 total 10904 end
I20260921 12:42:49.460565     4 StaAnalyze.cc:565] analyze timing path end vertex 7841 total 10904 start
I20260921 12:42:49.460603     4 StaAnalyze.cc:599] analyze timing path end vertex 7841 total 10904 end
I20260921 12:42:49.460697     4 StaAnalyze.cc:565] analyze timing path end vertex 7851 total 10904 start
I20260921 12:42:49.460736     4 StaAnalyze.cc:599] analyze timing path end vertex 7851 total 10904 end
I20260921 12:42:49.460834     4 StaAnalyze.cc:565] analyze timing path end vertex 7861 total 10904 start
I20260921 12:42:49.460871     4 StaAnalyze.cc:599] analyze timing path end vertex 7861 total 10904 end
I20260921 12:42:49.460942     4 StaAnalyze.cc:303] add path data num 2 to u_core.u_icache.u_riscv32_icache_data_array.data_array_q_1760__$_DLATCH_P__Q:D
I20260921 12:42:49.460999     4 StaAnalyze.cc:565] analyze timing path end vertex 7871 total 10904 start
I20260921 12:42:49.461036     4 StaAnalyze.cc:599] analyze timing path end vertex 7871 total 10904 end
I20260921 12:42:49.461127     4 StaAnalyze.cc:565] analyze timing path end vertex 7881 total 10904 start
I20260921 12:42:49.461201     4 StaAnalyze.cc:599] analyze timing path end vertex 7881 total 10904 end
I20260921 12:42:49.461293     4 StaAnalyze.cc:565] analyze timing path end vertex 7891 total 10904 start
I20260921 12:42:49.461331     4 StaAnalyze.cc:599] analyze timing path end vertex 7891 total 10904 end
I20260921 12:42:49.461462     4 StaAnalyze.cc:565] analyze timing path end vertex 7901 total 10904 start
I20260921 12:42:49.461505     4 StaAnalyze.cc:599] analyze timing path end vertex 7901 total 10904 end
Could not create log file: Read-only file system
COULD NOT CREATE LOGFILE '20260921-124249.4'!
I20260921 12:42:49.461603     4 StaAnalyze.cc:565] analyze timing path end vertex 7911 total 10904 start
I20260921 12:42:49.461696     4 StaAnalyze.cc:599] analyze timing path end vertex 7911 total 10904 end
I20260921 12:42:49.461777     4 StaAnalyze.cc:303] add path data num 2 to u_core.u_icache.u_riscv32_icache_data_array.data_array_q_1805__$_DLATCH_P__Q:D
I20260921 12:42:49.461827     4 StaAnalyze.cc:565] analyze timing path end vertex 7921 total 10904 start
I20260921 12:42:49.461874     4 StaAnalyze.cc:599] analyze timing path end vertex 7921 total 10904 end
I20260921 12:42:49.461975     4 StaAnalyze.cc:565] analyze timing path end vertex 7931 total 10904 start
I20260921 12:42:49.462013     4 StaAnalyze.cc:599] analyze timing path end vertex 7931 total 10904 end
I20260921 12:42:49.462109     4 StaAnalyze.cc:565] analyze timing path end vertex 7941 total 10904 start
I20260921 12:42:49.462148     4 StaAnalyze.cc:599] analyze timing path end vertex 7941 total 10904 end
I20260921 12:42:49.462244     4 StaAnalyze.cc:565] analyze timing path end vertex 7951 total 10904 start
I20260921 12:42:49.462284     4 StaAnalyze.cc:599] analyze timing path end vertex 7951 total 10904 end
I20260921 12:42:49.462379     4 StaAnalyze.cc:565] analyze timing path end vertex 7961 total 10904 start
I20260921 12:42:49.462456     4 StaAnalyze.cc:599] analyze timing path end vertex 7961 total 10904 end
I20260921 12:42:49.462535     4 StaAnalyze.cc:303] add path data num 2 to u_core.u_icache.u_riscv32_icache_data_array.data_array_q_1850__$_DLATCH_P__Q:D
I20260921 12:42:49.462589     4 StaAnalyze.cc:565] analyze timing path end vertex 7971 total 10904 start
I20260921 12:42:49.462633     4 StaAnalyze.cc:599] analyze timing path end vertex 7971 total 10904 end
I20260921 12:42:49.462728     4 StaAnalyze.cc:565] analyze timing path end vertex 7981 total 10904 start
I20260921 12:42:49.462766     4 StaAnalyze.cc:599] analyze timing path end vertex 7981 total 10904 end
I20260921 12:42:49.462864     4 StaAnalyze.cc:565] analyze timing path end vertex 7991 total 10904 start
I20260921 12:42:49.462903     4 StaAnalyze.cc:599] analyze timing path end vertex 7991 total 10904 end
I20260921 12:42:49.463006     4 StaAnalyze.cc:565] analyze timing path end vertex 8001 total 10904 start
I20260921 12:42:49.463044     4 StaAnalyze.cc:599] analyze timing path end vertex 8001 total 10904 end
I20260921 12:42:49.463143     4 StaAnalyze.cc:565] analyze timing path end vertex 8011 total 10904 start
I20260921 12:42:49.463188     4 StaAnalyze.cc:599] analyze timing path end vertex 8011 total 10904 end
I20260921 12:42:49.463258     4 StaAnalyze.cc:303] add path data num 2 to u_core.u_icache.u_riscv32_icache_data_array.data_array_q_1896__$_DLATCH_P__Q:D
I20260921 12:42:49.463320     4 StaAnalyze.cc:565] analyze timing path end vertex 8021 total 10904 start
I20260921 12:42:49.463357     4 StaAnalyze.cc:599] analyze timing path end vertex 8021 total 10904 end
I20260921 12:42:49.463488     4 StaAnalyze.cc:565] analyze timing path end vertex 8031 total 10904 start
I20260921 12:42:49.463531     4 StaAnalyze.cc:599] analyze timing path end vertex 8031 total 10904 end
I20260921 12:42:49.463624     4 StaAnalyze.cc:565] analyze timing path end vertex 8041 total 10904 start
I20260921 12:42:49.463661     4 StaAnalyze.cc:599] analyze timing path end vertex 8041 total 10904 end
I20260921 12:42:49.463759     4 StaAnalyze.cc:565] analyze timing path end vertex 8051 total 10904 start
Could not create log file: Read-only file system
COULD NOT CREATE LOGFILE '20260921-124249.4'!
I20260921 12:42:49.463804     4 StaAnalyze.cc:599] analyze timing path end vertex 8051 total 10904 end
I20260921 12:42:49.463920     4 StaAnalyze.cc:565] analyze timing path end vertex 8061 total 10904 start
I20260921 12:42:49.463958     4 StaAnalyze.cc:599] analyze timing path end vertex 8061 total 10904 end
I20260921 12:42:49.464032     4 StaAnalyze.cc:303] add path data num 2 to u_core.u_icache.u_riscv32_icache_data_array.data_array_q_1940__$_DLATCH_P__Q:D
I20260921 12:42:49.464095     4 StaAnalyze.cc:565] analyze timing path end vertex 8071 total 10904 start
I20260921 12:42:49.464135     4 StaAnalyze.cc:599] analyze timing path end vertex 8071 total 10904 end
I20260921 12:42:49.464241     4 StaAnalyze.cc:565] analyze timing path end vertex 8081 total 10904 start
I20260921 12:42:49.464282     4 StaAnalyze.cc:599] analyze timing path end vertex 8081 total 10904 end
I20260921 12:42:49.464375     4 StaAnalyze.cc:565] analyze timing path end vertex 8091 total 10904 start
I20260921 12:42:49.464450     4 StaAnalyze.cc:599] analyze timing path end vertex 8091 total 10904 end
I20260921 12:42:49.464550     4 StaAnalyze.cc:565] analyze timing path end vertex 8101 total 10904 start
I20260921 12:42:49.464596     4 StaAnalyze.cc:599] analyze timing path end vertex 8101 total 10904 end
I20260921 12:42:49.464690     4 StaAnalyze.cc:565] analyze timing path end vertex 8111 total 10904 start
I20260921 12:42:49.464728     4 StaAnalyze.cc:599] analyze timing path end vertex 8111 total 10904 end
I20260921 12:42:49.464800     4 StaAnalyze.cc:303] add path data num 2 to u_core.u_icache.u_riscv32_icache_data_array.data_array_q_1986__$_DLATCH_P__Q:D
I20260921 12:42:49.464859     4 StaAnalyze.cc:565] analyze timing path end vertex 8121 total 10904 start
I20260921 12:42:49.464897     4 StaAnalyze.cc:599] analyze timing path end vertex 8121 total 10904 end
I20260921 12:42:49.464991     4 StaAnalyze.cc:565] analyze timing path end vertex 8131 total 10904 start
I20260921 12:42:49.465030     4 StaAnalyze.cc:599] analyze timing path end vertex 8131 total 10904 end
I20260921 12:42:49.465124     4 StaAnalyze.cc:565] analyze timing path end vertex 8141 total 10904 start
I20260921 12:42:49.465169     4 StaAnalyze.cc:599] analyze timing path end vertex 8141 total 10904 end
I20260921 12:42:49.465260     4 StaAnalyze.cc:565] analyze timing path end vertex 8151 total 10904 start
I20260921 12:42:49.465298     4 StaAnalyze.cc:599] analyze timing path end vertex 8151 total 10904 end
I20260921 12:42:49.465428     4 StaAnalyze.cc:565] analyze timing path end vertex 8161 total 10904 start
I20260921 12:42:49.465469     4 StaAnalyze.cc:599] analyze timing path end vertex 8161 total 10904 end
I20260921 12:42:49.465543     4 StaAnalyze.cc:303] add path data num 2 to u_core.u_icache.u_riscv32_icache_data_array.data_array_q_202__$_DLATCH_P__Q:D
I20260921 12:42:49.465605     4 StaAnalyze.cc:565] analyze timing path end vertex 8171 total 10904 start
I20260921 12:42:49.465643     4 StaAnalyze.cc:599] analyze timing path end vertex 8171 total 10904 end
I20260921 12:42:49.465737     4 StaAnalyze.cc:565] analyze timing path end vertex 8181 total 10904 start
I20260921 12:42:49.465775     4 StaAnalyze.cc:599] analyze timing path end vertex 8181 total 10904 end
I20260921 12:42:49.465866     4 StaAnalyze.cc:565] analyze timing path end vertex 8191 total 10904 start
I20260921 12:42:49.465935     4 StaAnalyze.cc:599] analyze timing path end vertex 8191 total 10904 end
Could not create log file: Read-only file system
COULD NOT CREATE LOGFILE '20260921-124249.4'!
I20260921 12:42:49.466027     4 StaAnalyze.cc:565] analyze timing path end vertex 8201 total 10904 start
I20260921 12:42:49.466089     4 StaAnalyze.cc:599] analyze timing path end vertex 8201 total 10904 end
I20260921 12:42:49.466183     4 StaAnalyze.cc:565] analyze timing path end vertex 8211 total 10904 start
I20260921 12:42:49.466223     4 StaAnalyze.cc:599] analyze timing path end vertex 8211 total 10904 end
I20260921 12:42:49.466290     4 StaAnalyze.cc:303] add path data num 2 to u_core.u_icache.u_riscv32_icache_data_array.data_array_q_231__$_DLATCH_P__Q:D
I20260921 12:42:49.466351     4 StaAnalyze.cc:565] analyze timing path end vertex 8221 total 10904 start
I20260921 12:42:49.466424     4 StaAnalyze.cc:599] analyze timing path end vertex 8221 total 10904 end
I20260921 12:42:49.466527     4 StaAnalyze.cc:565] analyze timing path end vertex 8231 total 10904 start
I20260921 12:42:49.466580     4 StaAnalyze.cc:599] analyze timing path end vertex 8231 total 10904 end
I20260921 12:42:49.466670     4 StaAnalyze.cc:565] analyze timing path end vertex 8241 total 10904 start
I20260921 12:42:49.466710     4 StaAnalyze.cc:599] analyze timing path end vertex 8241 total 10904 end
I20260921 12:42:49.466809     4 StaAnalyze.cc:565] analyze timing path end vertex 8251 total 10904 start
I20260921 12:42:49.466848     4 StaAnalyze.cc:599] analyze timing path end vertex 8251 total 10904 end
I20260921 12:42:49.466943     4 StaAnalyze.cc:565] analyze timing path end vertex 8261 total 10904 start
I20260921 12:42:49.466980     4 StaAnalyze.cc:599] analyze timing path end vertex 8261 total 10904 end
I20260921 12:42:49.467059     4 StaAnalyze.cc:303] add path data num 2 to u_core.u_icache.u_riscv32_icache_data_array.data_array_q_277__$_DLATCH_P__Q:D
I20260921 12:42:49.467109     4 StaAnalyze.cc:565] analyze timing path end vertex 8271 total 10904 start
I20260921 12:42:49.467147     4 StaAnalyze.cc:599] analyze timing path end vertex 8271 total 10904 end
I20260921 12:42:49.467247     4 StaAnalyze.cc:565] analyze timing path end vertex 8281 total 10904 start
I20260921 12:42:49.467340     4 StaAnalyze.cc:599] analyze timing path end vertex 8281 total 10904 end
I20260921 12:42:49.467478     4 StaAnalyze.cc:565] analyze timing path end vertex 8291 total 10904 start
I20260921 12:42:49.467518     4 StaAnalyze.cc:599] analyze timing path end vertex 8291 total 10904 end
I20260921 12:42:49.467660     4 StaAnalyze.cc:565] analyze timing path end vertex 8301 total 10904 start
I20260921 12:42:49.467727     4 StaAnalyze.cc:599] analyze timing path end vertex 8301 total 10904 end
I20260921 12:42:49.467835     4 StaAnalyze.cc:565] analyze timing path end vertex 8311 total 10904 start
I20260921 12:42:49.467972     4 StaAnalyze.cc:599] analyze timing path end vertex 8311 total 10904 end
I20260921 12:42:49.468137     4 StaAnalyze.cc:303] add path data num 2 to u_core.u_icache.u_riscv32_icache_data_array.data_array_q_321__$_DLATCH_P__Q:D
I20260921 12:42:49.468254     4 StaAnalyze.cc:565] analyze timing path end vertex 8321 total 10904 start
I20260921 12:42:49.468353     4 StaAnalyze.cc:599] analyze timing path end vertex 8321 total 10904 end
I20260921 12:42:49.468616     4 StaAnalyze.cc:565] analyze timing path end vertex 8331 total 10904 start
I20260921 12:42:49.468793     4 StaAnalyze.cc:599] analyze timing path end vertex 8331 total 10904 end
I20260921 12:42:49.468907     4 StaAnalyze.cc:565] analyze timing path end vertex 8341 total 10904 start
Could not create log file: Read-only file system
COULD NOT CREATE LOGFILE '20260921-124249.4'!
I20260921 12:42:49.468947     4 StaAnalyze.cc:599] analyze timing path end vertex 8341 total 10904 end
I20260921 12:42:49.469076     4 StaAnalyze.cc:565] analyze timing path end vertex 8351 total 10904 start
I20260921 12:42:49.469123     4 StaAnalyze.cc:599] analyze timing path end vertex 8351 total 10904 end
I20260921 12:42:49.469224     4 StaAnalyze.cc:565] analyze timing path end vertex 8361 total 10904 start
I20260921 12:42:49.469269     4 StaAnalyze.cc:599] analyze timing path end vertex 8361 total 10904 end
I20260921 12:42:49.469339     4 StaAnalyze.cc:303] add path data num 2 to u_core.u_icache.u_riscv32_icache_data_array.data_array_q_367__$_DLATCH_P__Q:D
I20260921 12:42:49.469447     4 StaAnalyze.cc:565] analyze timing path end vertex 8371 total 10904 start
I20260921 12:42:49.469491     4 StaAnalyze.cc:599] analyze timing path end vertex 8371 total 10904 end
I20260921 12:42:49.469588     4 StaAnalyze.cc:565] analyze timing path end vertex 8381 total 10904 start
I20260921 12:42:49.469626     4 StaAnalyze.cc:599] analyze timing path end vertex 8381 total 10904 end
I20260921 12:42:49.469725     4 StaAnalyze.cc:565] analyze timing path end vertex 8391 total 10904 start
I20260921 12:42:49.469766     4 StaAnalyze.cc:599] analyze timing path end vertex 8391 total 10904 end
I20260921 12:42:49.469863     4 StaAnalyze.cc:565] analyze timing path end vertex 8401 total 10904 start
I20260921 12:42:49.469901     4 StaAnalyze.cc:599] analyze timing path end vertex 8401 total 10904 end
I20260921 12:42:49.469995     4 StaAnalyze.cc:565] analyze timing path end vertex 8411 total 10904 start
I20260921 12:42:49.470048     4 StaAnalyze.cc:599] analyze timing path end vertex 8411 total 10904 end
I20260921 12:42:49.470124     4 StaAnalyze.cc:303] add path data num 2 to u_core.u_icache.u_riscv32_icache_data_array.data_array_q_411__$_DLATCH_P__Q:D
I20260921 12:42:49.470191     4 StaAnalyze.cc:565] analyze timing path end vertex 8421 total 10904 start
I20260921 12:42:49.470229     4 StaAnalyze.cc:599] analyze timing path end vertex 8421 total 10904 end
I20260921 12:42:49.470337     4 StaAnalyze.cc:565] analyze timing path end vertex 8431 total 10904 start
I20260921 12:42:49.470379     4 StaAnalyze.cc:599] analyze timing path end vertex 8431 total 10904 end
I20260921 12:42:49.470530     4 StaAnalyze.cc:565] analyze timing path end vertex 8441 total 10904 start
I20260921 12:42:49.470571     4 StaAnalyze.cc:599] analyze timing path end vertex 8441 total 10904 end
I20260921 12:42:49.470669     4 StaAnalyze.cc:565] analyze timing path end vertex 8451 total 10904 start
I20260921 12:42:49.470716     4 StaAnalyze.cc:599] analyze timing path end vertex 8451 total 10904 end
I20260921 12:42:49.470813     4 StaAnalyze.cc:565] analyze timing path end vertex 8461 total 10904 start
I20260921 12:42:49.470888     4 StaAnalyze.cc:599] analyze timing path end vertex 8461 total 10904 end
I20260921 12:42:49.470959     4 StaAnalyze.cc:303] add path data num 2 to u_core.u_icache.u_riscv32_icache_data_array.data_array_q_457__$_DLATCH_P__Q:D
I20260921 12:42:49.471024     4 StaAnalyze.cc:565] analyze timing path end vertex 8471 total 10904 start
I20260921 12:42:49.471062     4 StaAnalyze.cc:599] analyze timing path end vertex 8471 total 10904 end
I20260921 12:42:49.471176     4 StaAnalyze.cc:565] analyze timing path end vertex 8481 total 10904 start
I20260921 12:42:49.471241     4 StaAnalyze.cc:599] analyze timing path end vertex 8481 total 10904 end
Could not create log file: Read-only file system
COULD NOT CREATE LOGFILE '20260921-124249.4'!
I20260921 12:42:49.471354     4 StaAnalyze.cc:565] analyze timing path end vertex 8491 total 10904 start
I20260921 12:42:49.471475     4 StaAnalyze.cc:599] analyze timing path end vertex 8491 total 10904 end
I20260921 12:42:49.471575     4 StaAnalyze.cc:565] analyze timing path end vertex 8501 total 10904 start
I20260921 12:42:49.471622     4 StaAnalyze.cc:599] analyze timing path end vertex 8501 total 10904 end
I20260921 12:42:49.471717     4 StaAnalyze.cc:565] analyze timing path end vertex 8511 total 10904 start
I20260921 12:42:49.471778     4 StaAnalyze.cc:599] analyze timing path end vertex 8511 total 10904 end
I20260921 12:42:49.471858     4 StaAnalyze.cc:303] add path data num 2 to u_core.u_icache.u_riscv32_icache_data_array.data_array_q_501__$_DLATCH_P__Q:D
I20260921 12:42:49.471932     4 StaAnalyze.cc:565] analyze timing path end vertex 8521 total 10904 start
I20260921 12:42:49.471974     4 StaAnalyze.cc:599] analyze timing path end vertex 8521 total 10904 end
I20260921 12:42:49.472079     4 StaAnalyze.cc:565] analyze timing path end vertex 8531 total 10904 start
I20260921 12:42:49.472123     4 StaAnalyze.cc:599] analyze timing path end vertex 8531 total 10904 end
I20260921 12:42:49.472229     4 StaAnalyze.cc:565] analyze timing path end vertex 8541 total 10904 start
I20260921 12:42:49.472280     4 StaAnalyze.cc:599] analyze timing path end vertex 8541 total 10904 end
I20260921 12:42:49.472374     4 StaAnalyze.cc:565] analyze timing path end vertex 8551 total 10904 start
I20260921 12:42:49.472455     4 StaAnalyze.cc:599] analyze timing path end vertex 8551 total 10904 end
I20260921 12:42:49.472553     4 StaAnalyze.cc:565] analyze timing path end vertex 8561 total 10904 start
I20260921 12:42:49.472592     4 StaAnalyze.cc:599] analyze timing path end vertex 8561 total 10904 end
I20260921 12:42:49.472666     4 StaAnalyze.cc:303] add path data num 2 to u_core.u_icache.u_riscv32_icache_data_array.data_array_q_547__$_DLATCH_P__Q:D
I20260921 12:42:49.472730     4 StaAnalyze.cc:565] analyze timing path end vertex 8571 total 10904 start
I20260921 12:42:49.472777     4 StaAnalyze.cc:599] analyze timing path end vertex 8571 total 10904 end
I20260921 12:42:49.472870     4 StaAnalyze.cc:565] analyze timing path end vertex 8581 total 10904 start
I20260921 12:42:49.472934     4 StaAnalyze.cc:599] analyze timing path end vertex 8581 total 10904 end
I20260921 12:42:49.473026     4 StaAnalyze.cc:565] analyze timing path end vertex 8591 total 10904 start
I20260921 12:42:49.473066     4 StaAnalyze.cc:599] analyze timing path end vertex 8591 total 10904 end
I20260921 12:42:49.473171     4 StaAnalyze.cc:565] analyze timing path end vertex 8601 total 10904 start
I20260921 12:42:49.473212     4 StaAnalyze.cc:599] analyze timing path end vertex 8601 total 10904 end
I20260921 12:42:49.473307     4 StaAnalyze.cc:565] analyze timing path end vertex 8611 total 10904 start
I20260921 12:42:49.473347     4 StaAnalyze.cc:599] analyze timing path end vertex 8611 total 10904 end
I20260921 12:42:49.473451     4 StaAnalyze.cc:303] add path data num 2 to u_core.u_icache.u_riscv32_icache_data_array.data_array_q_592__$_DLATCH_P__Q:D
I20260921 12:42:49.473515     4 StaAnalyze.cc:565] analyze timing path end vertex 8621 total 10904 start
I20260921 12:42:49.473556     4 StaAnalyze.cc:599] analyze timing path end vertex 8621 total 10904 end
I20260921 12:42:49.473656     4 StaAnalyze.cc:565] analyze timing path end vertex 8631 total 10904 start
Could not create log file: Read-only file system
COULD NOT CREATE LOGFILE '20260921-124249.4'!
I20260921 12:42:49.473721     4 StaAnalyze.cc:599] analyze timing path end vertex 8631 total 10904 end
I20260921 12:42:49.473850     4 StaAnalyze.cc:565] analyze timing path end vertex 8641 total 10904 start
I20260921 12:42:49.473903     4 StaAnalyze.cc:599] analyze timing path end vertex 8641 total 10904 end
I20260921 12:42:49.474002     4 StaAnalyze.cc:565] analyze timing path end vertex 8651 total 10904 start
I20260921 12:42:49.474043     4 StaAnalyze.cc:599] analyze timing path end vertex 8651 total 10904 end
I20260921 12:42:49.474141     4 StaAnalyze.cc:565] analyze timing path end vertex 8661 total 10904 start
I20260921 12:42:49.474196     4 StaAnalyze.cc:599] analyze timing path end vertex 8661 total 10904 end
I20260921 12:42:49.474279     4 StaAnalyze.cc:303] add path data num 2 to u_core.u_icache.u_riscv32_icache_data_array.data_array_q_637__$_DLATCH_P__Q:D
I20260921 12:42:49.474345     4 StaAnalyze.cc:565] analyze timing path end vertex 8671 total 10904 start
I20260921 12:42:49.474428     4 StaAnalyze.cc:599] analyze timing path end vertex 8671 total 10904 end
I20260921 12:42:49.474529     4 StaAnalyze.cc:565] analyze timing path end vertex 8681 total 10904 start
I20260921 12:42:49.474570     4 StaAnalyze.cc:599] analyze timing path end vertex 8681 total 10904 end
I20260921 12:42:49.474669     4 StaAnalyze.cc:565] analyze timing path end vertex 8691 total 10904 start
I20260921 12:42:49.474725     4 StaAnalyze.cc:599] analyze timing path end vertex 8691 total 10904 end
I20260921 12:42:49.474824     4 StaAnalyze.cc:565] analyze timing path end vertex 8701 total 10904 start
I20260921 12:42:49.474865     4 StaAnalyze.cc:599] analyze timing path end vertex 8701 total 10904 end
I20260921 12:42:49.474963     4 StaAnalyze.cc:565] analyze timing path end vertex 8711 total 10904 start
I20260921 12:42:49.475018     4 StaAnalyze.cc:599] analyze timing path end vertex 8711 total 10904 end
I20260921 12:42:49.475097     4 StaAnalyze.cc:303] add path data num 2 to u_core.u_icache.u_riscv32_icache_data_array.data_array_q_682__$_DLATCH_P__Q:D
I20260921 12:42:49.475157     4 StaAnalyze.cc:565] analyze timing path end vertex 8721 total 10904 start
I20260921 12:42:49.475214     4 StaAnalyze.cc:599] analyze timing path end vertex 8721 total 10904 end
I20260921 12:42:49.475306     4 StaAnalyze.cc:565] analyze timing path end vertex 8731 total 10904 start
I20260921 12:42:49.475359     4 StaAnalyze.cc:599] analyze timing path end vertex 8731 total 10904 end
I20260921 12:42:49.475497     4 StaAnalyze.cc:565] analyze timing path end vertex 8741 total 10904 start
I20260921 12:42:49.475545     4 StaAnalyze.cc:599] analyze timing path end vertex 8741 total 10904 end
I20260921 12:42:49.475643     4 StaAnalyze.cc:565] analyze timing path end vertex 8751 total 10904 start
I20260921 12:42:49.475682     4 StaAnalyze.cc:599] analyze timing path end vertex 8751 total 10904 end
I20260921 12:42:49.475776     4 StaAnalyze.cc:565] analyze timing path end vertex 8761 total 10904 start
I20260921 12:42:49.475824     4 StaAnalyze.cc:599] analyze timing path end vertex 8761 total 10904 end
I20260921 12:42:49.475896     4 StaAnalyze.cc:303] add path data num 2 to u_core.u_icache.u_riscv32_icache_data_array.data_array_q_727__$_DLATCH_P__Q:D
I20260921 12:42:49.475957     4 StaAnalyze.cc:565] analyze timing path end vertex 8771 total 10904 start
I20260921 12:42:49.475996     4 StaAnalyze.cc:599] analyze timing path end vertex 8771 total 10904 end
Could not create log file: Read-only file system
COULD NOT CREATE LOGFILE '20260921-124249.4'!
I20260921 12:42:49.476091     4 StaAnalyze.cc:565] analyze timing path end vertex 8781 total 10904 start
I20260921 12:42:49.476161     4 StaAnalyze.cc:599] analyze timing path end vertex 8781 total 10904 end
I20260921 12:42:49.476260     4 StaAnalyze.cc:565] analyze timing path end vertex 8791 total 10904 start
I20260921 12:42:49.476301     4 StaAnalyze.cc:599] analyze timing path end vertex 8791 total 10904 end
I20260921 12:42:49.476434     4 StaAnalyze.cc:565] analyze timing path end vertex 8801 total 10904 start
I20260921 12:42:49.476476     4 StaAnalyze.cc:599] analyze timing path end vertex 8801 total 10904 end
I20260921 12:42:49.476569     4 StaAnalyze.cc:565] analyze timing path end vertex 8811 total 10904 start
I20260921 12:42:49.476616     4 StaAnalyze.cc:599] analyze timing path end vertex 8811 total 10904 end
I20260921 12:42:49.476693     4 StaAnalyze.cc:303] add path data num 2 to u_core.u_icache.u_riscv32_icache_data_array.data_array_q_772__$_DLATCH_P__Q:D
I20260921 12:42:49.476755     4 StaAnalyze.cc:565] analyze timing path end vertex 8821 total 10904 start
I20260921 12:42:49.476794     4 StaAnalyze.cc:599] analyze timing path end vertex 8821 total 10904 end
I20260921 12:42:49.476890     4 StaAnalyze.cc:565] analyze timing path end vertex 8831 total 10904 start
I20260921 12:42:49.476931     4 StaAnalyze.cc:599] analyze timing path end vertex 8831 total 10904 end
I20260921 12:42:49.477025     4 StaAnalyze.cc:565] analyze timing path end vertex 8841 total 10904 start
I20260921 12:42:49.477064     4 StaAnalyze.cc:599] analyze timing path end vertex 8841 total 10904 end
I20260921 12:42:49.477171     4 StaAnalyze.cc:565] analyze timing path end vertex 8851 total 10904 start
I20260921 12:42:49.477219     4 StaAnalyze.cc:599] analyze timing path end vertex 8851 total 10904 end
I20260921 12:42:49.477311     4 StaAnalyze.cc:565] analyze timing path end vertex 8861 total 10904 start
I20260921 12:42:49.477349     4 StaAnalyze.cc:599] analyze timing path end vertex 8861 total 10904 end
I20260921 12:42:49.477463     4 StaAnalyze.cc:303] add path data num 2 to u_core.u_icache.u_riscv32_icache_data_array.data_array_q_817__$_DLATCH_P__Q:D
I20260921 12:42:49.477524     4 StaAnalyze.cc:565] analyze timing path end vertex 8871 total 10904 start
I20260921 12:42:49.477563     4 StaAnalyze.cc:599] analyze timing path end vertex 8871 total 10904 end
I20260921 12:42:49.477659     4 StaAnalyze.cc:565] analyze timing path end vertex 8881 total 10904 start
I20260921 12:42:49.477718     4 StaAnalyze.cc:599] analyze timing path end vertex 8881 total 10904 end
I20260921 12:42:49.477813     4 StaAnalyze.cc:565] analyze timing path end vertex 8891 total 10904 start
I20260921 12:42:49.477864     4 StaAnalyze.cc:599] analyze timing path end vertex 8891 total 10904 end
I20260921 12:42:49.477957     4 StaAnalyze.cc:565] analyze timing path end vertex 8901 total 10904 start
I20260921 12:42:49.478010     4 StaAnalyze.cc:599] analyze timing path end vertex 8901 total 10904 end
I20260921 12:42:49.478106     4 StaAnalyze.cc:565] analyze timing path end vertex 8911 total 10904 start
I20260921 12:42:49.478163     4 StaAnalyze.cc:599] analyze timing path end vertex 8911 total 10904 end
I20260921 12:42:49.478233     4 StaAnalyze.cc:303] add path data num 2 to u_core.u_icache.u_riscv32_icache_data_array.data_array_q_862__$_DLATCH_P__Q:D
I20260921 12:42:49.478310     4 StaAnalyze.cc:565] analyze timing path end vertex 8921 total 10904 start
Could not create log file: Read-only file system
COULD NOT CREATE LOGFILE '20260921-124249.4'!
I20260921 12:42:49.478350     4 StaAnalyze.cc:599] analyze timing path end vertex 8921 total 10904 end
I20260921 12:42:49.478511     4 StaAnalyze.cc:565] analyze timing path end vertex 8931 total 10904 start
I20260921 12:42:49.478567     4 StaAnalyze.cc:599] analyze timing path end vertex 8931 total 10904 end
I20260921 12:42:49.478663     4 StaAnalyze.cc:565] analyze timing path end vertex 8941 total 10904 start
I20260921 12:42:49.478709     4 StaAnalyze.cc:599] analyze timing path end vertex 8941 total 10904 end
I20260921 12:42:49.478819     4 StaAnalyze.cc:565] analyze timing path end vertex 8951 total 10904 start
I20260921 12:42:49.478873     4 StaAnalyze.cc:599] analyze timing path end vertex 8951 total 10904 end
I20260921 12:42:49.478969     4 StaAnalyze.cc:565] analyze timing path end vertex 8961 total 10904 start
I20260921 12:42:49.479023     4 StaAnalyze.cc:599] analyze timing path end vertex 8961 total 10904 end
I20260921 12:42:49.479102     4 StaAnalyze.cc:303] add path data num 2 to u_core.u_icache.u_riscv32_icache_data_array.data_array_q_907__$_DLATCH_P__Q:D
I20260921 12:42:49.479185     4 StaAnalyze.cc:565] analyze timing path end vertex 8971 total 10904 start
I20260921 12:42:49.479224     4 StaAnalyze.cc:599] analyze timing path end vertex 8971 total 10904 end
I20260921 12:42:49.479324     4 StaAnalyze.cc:565] analyze timing path end vertex 8981 total 10904 start
I20260921 12:42:49.479425     4 StaAnalyze.cc:599] analyze timing path end vertex 8981 total 10904 end
I20260921 12:42:49.479532     4 StaAnalyze.cc:565] analyze timing path end vertex 8991 total 10904 start
I20260921 12:42:49.479588     4 StaAnalyze.cc:599] analyze timing path end vertex 8991 total 10904 end
I20260921 12:42:49.479691     4 StaAnalyze.cc:565] analyze timing path end vertex 9001 total 10904 start
I20260921 12:42:49.479746     4 StaAnalyze.cc:599] analyze timing path end vertex 9001 total 10904 end
I20260921 12:42:49.479846     4 StaAnalyze.cc:565] analyze timing path end vertex 9011 total 10904 start
I20260921 12:42:49.479899     4 StaAnalyze.cc:599] analyze timing path end vertex 9011 total 10904 end
I20260921 12:42:49.479969     4 StaAnalyze.cc:303] add path data num 2 to u_core.u_icache.u_riscv32_icache_data_array.data_array_q_952__$_DLATCH_P__Q:D
I20260921 12:42:49.480034     4 StaAnalyze.cc:565] analyze timing path end vertex 9021 total 10904 start
I20260921 12:42:49.480072     4 StaAnalyze.cc:599] analyze timing path end vertex 9021 total 10904 end
I20260921 12:42:49.480170     4 StaAnalyze.cc:565] analyze timing path end vertex 9031 total 10904 start
I20260921 12:42:49.480229     4 StaAnalyze.cc:599] analyze timing path end vertex 9031 total 10904 end
I20260921 12:42:49.480321     4 StaAnalyze.cc:565] analyze timing path end vertex 9041 total 10904 start
I20260921 12:42:49.480365     4 StaAnalyze.cc:599] analyze timing path end vertex 9041 total 10904 end
I20260921 12:42:49.480504     4 StaAnalyze.cc:565] analyze timing path end vertex 9051 total 10904 start
I20260921 12:42:49.480566     4 StaAnalyze.cc:599] analyze timing path end vertex 9051 total 10904 end
I20260921 12:42:49.480684     4 StaAnalyze.cc:565] analyze timing path end vertex 9061 total 10904 start
I20260921 12:42:49.480744     4 StaAnalyze.cc:599] analyze timing path end vertex 9061 total 10904 end
I20260921 12:42:49.480829     4 StaAnalyze.cc:303] add path data num 2 to u_core.u_icache.u_riscv32_icache_data_array.data_array_q_998__$_DLATCH_P__Q:D
Could not create log file: Read-only file system
COULD NOT CREATE LOGFILE '20260921-124249.4'!
I20260921 12:42:49.480895     4 StaAnalyze.cc:565] analyze timing path end vertex 9071 total 10904 start
I20260921 12:42:49.480975     4 StaAnalyze.cc:599] analyze timing path end vertex 9071 total 10904 end
I20260921 12:42:49.481082     4 StaAnalyze.cc:565] analyze timing path end vertex 9081 total 10904 start
I20260921 12:42:49.481153     4 StaAnalyze.cc:599] analyze timing path end vertex 9081 total 10904 end
I20260921 12:42:49.481252     4 StaAnalyze.cc:565] analyze timing path end vertex 9091 total 10904 start
I20260921 12:42:49.481307     4 StaAnalyze.cc:599] analyze timing path end vertex 9091 total 10904 end
I20260921 12:42:49.481460     4 StaAnalyze.cc:565] analyze timing path end vertex 9101 total 10904 start
I20260921 12:42:49.481518     4 StaAnalyze.cc:599] analyze timing path end vertex 9101 total 10904 end
I20260921 12:42:49.481637     4 StaAnalyze.cc:565] analyze timing path end vertex 9111 total 10904 start
I20260921 12:42:49.481711     4 StaAnalyze.cc:599] analyze timing path end vertex 9111 total 10904 end
I20260921 12:42:49.481803     4 StaAnalyze.cc:303] add path data num 4 to u_core.u_icache.u_riscv32_icache_miss_unit.lookup_resp_data_q_14__reg_p:D
I20260921 12:42:49.481873     4 StaAnalyze.cc:565] analyze timing path end vertex 9121 total 10904 start
I20260921 12:42:49.481914     4 StaAnalyze.cc:599] analyze timing path end vertex 9121 total 10904 end
I20260921 12:42:49.482046     4 StaAnalyze.cc:565] analyze timing path end vertex 9131 total 10904 start
I20260921 12:42:49.482102     4 StaAnalyze.cc:599] analyze timing path end vertex 9131 total 10904 end
I20260921 12:42:49.482225     4 StaAnalyze.cc:565] analyze timing path end vertex 9141 total 10904 start
I20260921 12:42:49.482290     4 StaAnalyze.cc:599] analyze timing path end vertex 9141 total 10904 end
I20260921 12:42:49.482455     4 StaAnalyze.cc:565] analyze timing path end vertex 9151 total 10904 start
I20260921 12:42:49.482496     4 StaAnalyze.cc:599] analyze timing path end vertex 9151 total 10904 end
I20260921 12:42:49.482643     4 StaAnalyze.cc:565] analyze timing path end vertex 9161 total 10904 start
I20260921 12:42:49.482707     4 StaAnalyze.cc:599] analyze timing path end vertex 9161 total 10904 end
I20260921 12:42:49.482872     4 StaAnalyze.cc:565] analyze timing path end vertex 9171 total 10904 start
I20260921 12:42:49.482936     4 StaAnalyze.cc:599] analyze timing path end vertex 9171 total 10904 end
I20260921 12:42:49.483114     4 StaAnalyze.cc:565] analyze timing path end vertex 9181 total 10904 start
I20260921 12:42:49.483214     4 StaAnalyze.cc:599] analyze timing path end vertex 9181 total 10904 end
I20260921 12:42:49.483381     4 StaAnalyze.cc:303] add path data num 8 to u_core.u_icache.u_riscv32_icache_tag_array.line_present_array_q[0]_7__reg_p:D
I20260921 12:42:49.483474     4 StaAnalyze.cc:565] analyze timing path end vertex 9191 total 10904 start
I20260921 12:42:49.483522     4 StaAnalyze.cc:599] analyze timing path end vertex 9191 total 10904 end
I20260921 12:42:49.483681     4 StaAnalyze.cc:565] analyze timing path end vertex 9201 total 10904 start
I20260921 12:42:49.483737     4 StaAnalyze.cc:599] analyze timing path end vertex 9201 total 10904 end
I20260921 12:42:49.483875     4 StaAnalyze.cc:565] analyze timing path end vertex 9211 total 10904 start
I20260921 12:42:49.483930     4 StaAnalyze.cc:599] analyze timing path end vertex 9211 total 10904 end
Could not create log file: Read-only file system
COULD NOT CREATE LOGFILE '20260921-124249.4'!
I20260921 12:42:49.484056     4 StaAnalyze.cc:565] analyze timing path end vertex 9221 total 10904 start
I20260921 12:42:49.484153     4 StaAnalyze.cc:599] analyze timing path end vertex 9221 total 10904 end
I20260921 12:42:49.484282     4 StaAnalyze.cc:565] analyze timing path end vertex 9231 total 10904 start
I20260921 12:42:49.484324     4 StaAnalyze.cc:599] analyze timing path end vertex 9231 total 10904 end
I20260921 12:42:49.484488     4 StaAnalyze.cc:565] analyze timing path end vertex 9241 total 10904 start
I20260921 12:42:49.484540     4 StaAnalyze.cc:599] analyze timing path end vertex 9241 total 10904 end
I20260921 12:42:49.484617     4 StaAnalyze.cc:303] add path data num 4 to u_core.u_icache.u_riscv32_icache_tag_array.tag_array_q[0]_142__reg_p:D
I20260921 12:42:49.484709     4 StaAnalyze.cc:565] analyze timing path end vertex 9251 total 10904 start
I20260921 12:42:49.484750     4 StaAnalyze.cc:599] analyze timing path end vertex 9251 total 10904 end
I20260921 12:42:49.484871     4 StaAnalyze.cc:565] analyze timing path end vertex 9261 total 10904 start
I20260921 12:42:49.484923     4 StaAnalyze.cc:599] analyze timing path end vertex 9261 total 10904 end
I20260921 12:42:49.485045     4 StaAnalyze.cc:565] analyze timing path end vertex 9271 total 10904 start
I20260921 12:42:49.485093     4 StaAnalyze.cc:599] analyze timing path end vertex 9271 total 10904 end
I20260921 12:42:49.485221     4 StaAnalyze.cc:565] analyze timing path end vertex 9281 total 10904 start
I20260921 12:42:49.485287     4 StaAnalyze.cc:599] analyze timing path end vertex 9281 total 10904 end
I20260921 12:42:49.485458     4 StaAnalyze.cc:565] analyze timing path end vertex 9291 total 10904 start
I20260921 12:42:49.485512     4 StaAnalyze.cc:599] analyze timing path end vertex 9291 total 10904 end
I20260921 12:42:49.485587     4 StaAnalyze.cc:303] add path data num 4 to u_core.u_icache.u_riscv32_icache_tag_array.tag_array_q[0]_188__reg_p:D
I20260921 12:42:49.485671     4 StaAnalyze.cc:565] analyze timing path end vertex 9301 total 10904 start
I20260921 12:42:49.485713     4 StaAnalyze.cc:599] analyze timing path end vertex 9301 total 10904 end
I20260921 12:42:49.485836     4 StaAnalyze.cc:565] analyze timing path end vertex 9311 total 10904 start
I20260921 12:42:49.485875     4 StaAnalyze.cc:599] analyze timing path end vertex 9311 total 10904 end
I20260921 12:42:49.485996     4 StaAnalyze.cc:565] analyze timing path end vertex 9321 total 10904 start
I20260921 12:42:49.486045     4 StaAnalyze.cc:599] analyze timing path end vertex 9321 total 10904 end
I20260921 12:42:49.486173     4 StaAnalyze.cc:565] analyze timing path end vertex 9331 total 10904 start
I20260921 12:42:49.486227     4 StaAnalyze.cc:599] analyze timing path end vertex 9331 total 10904 end
I20260921 12:42:49.486361     4 StaAnalyze.cc:565] analyze timing path end vertex 9341 total 10904 start
I20260921 12:42:49.486447     4 StaAnalyze.cc:599] analyze timing path end vertex 9341 total 10904 end
I20260921 12:42:49.486523     4 StaAnalyze.cc:303] add path data num 4 to u_core.u_icache.u_riscv32_icache_tag_array.tag_array_q[0]_232__reg_p:D
I20260921 12:42:49.486660     4 StaAnalyze.cc:565] analyze timing path end vertex 9351 total 10904 start
I20260921 12:42:49.486716     4 StaAnalyze.cc:599] analyze timing path end vertex 9351 total 10904 end
I20260921 12:42:49.486884     4 StaAnalyze.cc:565] analyze timing path end vertex 9361 total 10904 start
Could not create log file: Read-only file system
COULD NOT CREATE LOGFILE '20260921-124249.4'!
I20260921 12:42:49.486943     4 StaAnalyze.cc:599] analyze timing path end vertex 9361 total 10904 end
I20260921 12:42:49.487104     4 StaAnalyze.cc:565] analyze timing path end vertex 9371 total 10904 start
I20260921 12:42:49.487170     4 StaAnalyze.cc:599] analyze timing path end vertex 9371 total 10904 end
I20260921 12:42:49.487298     4 StaAnalyze.cc:565] analyze timing path end vertex 9381 total 10904 start
I20260921 12:42:49.487340     4 StaAnalyze.cc:599] analyze timing path end vertex 9381 total 10904 end
I20260921 12:42:49.487509     4 StaAnalyze.cc:565] analyze timing path end vertex 9391 total 10904 start
I20260921 12:42:49.487579     4 StaAnalyze.cc:599] analyze timing path end vertex 9391 total 10904 end
I20260921 12:42:49.487655     4 StaAnalyze.cc:303] add path data num 4 to u_core.u_icache.u_riscv32_icache_tag_array.tag_array_q[0]_278__reg_p:D
I20260921 12:42:49.487739     4 StaAnalyze.cc:565] analyze timing path end vertex 9401 total 10904 start
I20260921 12:42:49.487779     4 StaAnalyze.cc:599] analyze timing path end vertex 9401 total 10904 end
I20260921 12:42:49.487905     4 StaAnalyze.cc:565] analyze timing path end vertex 9411 total 10904 start
I20260921 12:42:49.487960     4 StaAnalyze.cc:599] analyze timing path end vertex 9411 total 10904 end
I20260921 12:42:49.488085     4 StaAnalyze.cc:565] analyze timing path end vertex 9421 total 10904 start
I20260921 12:42:49.488147     4 StaAnalyze.cc:599] analyze timing path end vertex 9421 total 10904 end
I20260921 12:42:49.488271     4 StaAnalyze.cc:565] analyze timing path end vertex 9431 total 10904 start
I20260921 12:42:49.488325     4 StaAnalyze.cc:599] analyze timing path end vertex 9431 total 10904 end
I20260921 12:42:49.488502     4 StaAnalyze.cc:565] analyze timing path end vertex 9441 total 10904 start
I20260921 12:42:49.488569     4 StaAnalyze.cc:599] analyze timing path end vertex 9441 total 10904 end
I20260921 12:42:49.488646     4 StaAnalyze.cc:303] add path data num 4 to u_core.u_icache.u_riscv32_icache_tag_array.tag_array_q[0]_322__reg_p:D
I20260921 12:42:49.488730     4 StaAnalyze.cc:565] analyze timing path end vertex 9451 total 10904 start
I20260921 12:42:49.488771     4 StaAnalyze.cc:599] analyze timing path end vertex 9451 total 10904 end
I20260921 12:42:49.488895     4 StaAnalyze.cc:565] analyze timing path end vertex 9461 total 10904 start
I20260921 12:42:49.488950     4 StaAnalyze.cc:599] analyze timing path end vertex 9461 total 10904 end
I20260921 12:42:49.489074     4 StaAnalyze.cc:565] analyze timing path end vertex 9471 total 10904 start
I20260921 12:42:49.489214     4 StaAnalyze.cc:599] analyze timing path end vertex 9471 total 10904 end
I20260921 12:42:49.489360     4 StaAnalyze.cc:565] analyze timing path end vertex 9481 total 10904 start
I20260921 12:42:49.489446     4 StaAnalyze.cc:599] analyze timing path end vertex 9481 total 10904 end
I20260921 12:42:49.489593     4 StaAnalyze.cc:565] analyze timing path end vertex 9491 total 10904 start
I20260921 12:42:49.489661     4 StaAnalyze.cc:599] analyze timing path end vertex 9491 total 10904 end
I20260921 12:42:49.489743     4 StaAnalyze.cc:303] add path data num 4 to u_core.u_icache.u_riscv32_icache_tag_array.tag_array_q[0]_368__reg_p:D
I20260921 12:42:49.489850     4 StaAnalyze.cc:565] analyze timing path end vertex 9501 total 10904 start
I20260921 12:42:49.489897     4 StaAnalyze.cc:599] analyze timing path end vertex 9501 total 10904 end
Could not create log file: Read-only file system
COULD NOT CREATE LOGFILE '20260921-124249.4'!
I20260921 12:42:49.490073     4 StaAnalyze.cc:565] analyze timing path end vertex 9511 total 10904 start
I20260921 12:42:49.490167     4 StaAnalyze.cc:599] analyze timing path end vertex 9511 total 10904 end
I20260921 12:42:49.490293     4 StaAnalyze.cc:565] analyze timing path end vertex 9521 total 10904 start
I20260921 12:42:49.490358     4 StaAnalyze.cc:599] analyze timing path end vertex 9521 total 10904 end
I20260921 12:42:49.490535     4 StaAnalyze.cc:565] analyze timing path end vertex 9531 total 10904 start
I20260921 12:42:49.490597     4 StaAnalyze.cc:599] analyze timing path end vertex 9531 total 10904 end
I20260921 12:42:49.490733     4 StaAnalyze.cc:565] analyze timing path end vertex 9541 total 10904 start
I20260921 12:42:49.490799     4 StaAnalyze.cc:599] analyze timing path end vertex 9541 total 10904 end
I20260921 12:42:49.490880     4 StaAnalyze.cc:303] add path data num 4 to u_core.u_icache.u_riscv32_icache_tag_array.tag_array_q[0]_67__reg_p:D
I20260921 12:42:49.490967     4 StaAnalyze.cc:565] analyze timing path end vertex 9551 total 10904 start
I20260921 12:42:49.491008     4 StaAnalyze.cc:599] analyze timing path end vertex 9551 total 10904 end
I20260921 12:42:49.491139     4 StaAnalyze.cc:565] analyze timing path end vertex 9561 total 10904 start
I20260921 12:42:49.491182     4 StaAnalyze.cc:599] analyze timing path end vertex 9561 total 10904 end
I20260921 12:42:49.491307     4 StaAnalyze.cc:565] analyze timing path end vertex 9571 total 10904 start
I20260921 12:42:49.491371     4 StaAnalyze.cc:599] analyze timing path end vertex 9571 total 10904 end
I20260921 12:42:49.491580     4 StaAnalyze.cc:565] analyze timing path end vertex 9581 total 10904 start
I20260921 12:42:49.491629     4 StaAnalyze.cc:599] analyze timing path end vertex 9581 total 10904 end
I20260921 12:42:49.491815     4 StaAnalyze.cc:565] analyze timing path end vertex 9591 total 10904 start
I20260921 12:42:49.491869     4 StaAnalyze.cc:599] analyze timing path end vertex 9591 total 10904 end
I20260921 12:42:49.491950     4 StaAnalyze.cc:303] add path data num 4 to u_core.u_icache_axi.current_word_addr_q_23__reg_p:D
I20260921 12:42:49.492064     4 StaAnalyze.cc:565] analyze timing path end vertex 9601 total 10904 start
I20260921 12:42:49.492120     4 StaAnalyze.cc:599] analyze timing path end vertex 9601 total 10904 end
I20260921 12:42:49.492256     4 StaAnalyze.cc:565] analyze timing path end vertex 9611 total 10904 start
I20260921 12:42:49.492312     4 StaAnalyze.cc:599] analyze timing path end vertex 9611 total 10904 end
I20260921 12:42:49.492472     4 StaAnalyze.cc:565] analyze timing path end vertex 9621 total 10904 start
I20260921 12:42:49.492529     4 StaAnalyze.cc:599] analyze timing path end vertex 9621 total 10904 end
I20260921 12:42:49.492668     4 StaAnalyze.cc:565] analyze timing path end vertex 9631 total 10904 start
I20260921 12:42:49.492726     4 StaAnalyze.cc:599] analyze timing path end vertex 9631 total 10904 end
I20260921 12:42:49.492861     4 StaAnalyze.cc:565] analyze timing path end vertex 9641 total 10904 start
I20260921 12:42:49.492924     4 StaAnalyze.cc:599] analyze timing path end vertex 9641 total 10904 end
I20260921 12:42:49.493034     4 StaAnalyze.cc:303] add path data num 4 to u_core.u_ifu.lookup_queue_prediction_array_q[0]_29__reg_p:D
I20260921 12:42:49.493104     4 StaAnalyze.cc:565] analyze timing path end vertex 9651 total 10904 start
Could not create log file: Read-only file system
COULD NOT CREATE LOGFILE '20260921-124249.4'!
I20260921 12:42:49.493148     4 StaAnalyze.cc:599] analyze timing path end vertex 9651 total 10904 end
I20260921 12:42:49.493309     4 StaAnalyze.cc:565] analyze timing path end vertex 9661 total 10904 start
I20260921 12:42:49.493376     4 StaAnalyze.cc:599] analyze timing path end vertex 9661 total 10904 end
I20260921 12:42:49.493538     4 StaAnalyze.cc:565] analyze timing path end vertex 9671 total 10904 start
I20260921 12:42:49.493594     4 StaAnalyze.cc:599] analyze timing path end vertex 9671 total 10904 end
I20260921 12:42:49.493729     4 StaAnalyze.cc:565] analyze timing path end vertex 9681 total 10904 start
I20260921 12:42:49.493788     4 StaAnalyze.cc:599] analyze timing path end vertex 9681 total 10904 end
I20260921 12:42:49.493917     4 StaAnalyze.cc:565] analyze timing path end vertex 9691 total 10904 start
I20260921 12:42:49.493981     4 StaAnalyze.cc:599] analyze timing path end vertex 9691 total 10904 end
I20260921 12:42:49.494114     4 StaAnalyze.cc:303] add path data num 4 to u_core.u_ifu.lookup_queue_request_array_q[0]_12__reg_p:D
I20260921 12:42:49.494174     4 StaAnalyze.cc:565] analyze timing path end vertex 9701 total 10904 start
I20260921 12:42:49.494215     4 StaAnalyze.cc:599] analyze timing path end vertex 9701 total 10904 end
I20260921 12:42:49.494349     4 StaAnalyze.cc:565] analyze timing path end vertex 9711 total 10904 start
I20260921 12:42:49.494433     4 StaAnalyze.cc:599] analyze timing path end vertex 9711 total 10904 end
I20260921 12:42:49.494563     4 StaAnalyze.cc:565] analyze timing path end vertex 9721 total 10904 start
I20260921 12:42:49.494628     4 StaAnalyze.cc:599] analyze timing path end vertex 9721 total 10904 end
I20260921 12:42:49.494758     4 StaAnalyze.cc:565] analyze timing path end vertex 9731 total 10904 start
I20260921 12:42:49.494800     4 StaAnalyze.cc:599] analyze timing path end vertex 9731 total 10904 end
I20260921 12:42:49.494925     4 StaAnalyze.cc:565] analyze timing path end vertex 9741 total 10904 start
I20260921 12:42:49.494973     4 StaAnalyze.cc:599] analyze timing path end vertex 9741 total 10904 end
I20260921 12:42:49.495090     4 StaAnalyze.cc:303] add path data num 4 to u_core.u_ifu.lookup_queue_request_array_q[1]_27__reg_p:D
I20260921 12:42:49.495134     4 StaAnalyze.cc:565] analyze timing path end vertex 9751 total 10904 start
I20260921 12:42:49.495177     4 StaAnalyze.cc:599] analyze timing path end vertex 9751 total 10904 end
I20260921 12:42:49.495301     4 StaAnalyze.cc:565] analyze timing path end vertex 9761 total 10904 start
I20260921 12:42:49.495343     4 StaAnalyze.cc:599] analyze timing path end vertex 9761 total 10904 end
I20260921 12:42:49.495507     4 StaAnalyze.cc:565] analyze timing path end vertex 9771 total 10904 start
I20260921 12:42:49.495561     4 StaAnalyze.cc:599] analyze timing path end vertex 9771 total 10904 end
I20260921 12:42:49.495682     4 StaAnalyze.cc:565] analyze timing path end vertex 9781 total 10904 start
I20260921 12:42:49.495731     4 StaAnalyze.cc:599] analyze timing path end vertex 9781 total 10904 end
I20260921 12:42:49.495857     4 StaAnalyze.cc:565] analyze timing path end vertex 9791 total 10904 start
I20260921 12:42:49.495899     4 StaAnalyze.cc:599] analyze timing path end vertex 9791 total 10904 end
I20260921 12:42:49.496021     4 StaAnalyze.cc:565] analyze timing path end vertex 9801 total 10904 start
Could not create log file: Read-only file system
COULD NOT CREATE LOGFILE '20260921-124249.4'!
I20260921 12:42:49.496075     4 StaAnalyze.cc:599] analyze timing path end vertex 9801 total 10904 end
I20260921 12:42:49.496178     4 StaAnalyze.cc:303] add path data num 4 to u_core.u_ifu.predictor_fetch_pc_q_24__reg_p:RN
I20260921 12:42:49.496263     4 StaAnalyze.cc:565] analyze timing path end vertex 9811 total 10904 start
I20260921 12:42:49.496304     4 StaAnalyze.cc:599] analyze timing path end vertex 9811 total 10904 end
I20260921 12:42:49.496495     4 StaAnalyze.cc:565] analyze timing path end vertex 9821 total 10904 start
I20260921 12:42:49.496570     4 StaAnalyze.cc:599] analyze timing path end vertex 9821 total 10904 end
I20260921 12:42:49.496699     4 StaAnalyze.cc:565] analyze timing path end vertex 9831 total 10904 start
I20260921 12:42:49.496762     4 StaAnalyze.cc:599] analyze timing path end vertex 9831 total 10904 end
I20260921 12:42:49.496899     4 StaAnalyze.cc:565] analyze timing path end vertex 9841 total 10904 start
I20260921 12:42:49.496954     4 StaAnalyze.cc:599] analyze timing path end vertex 9841 total 10904 end
I20260921 12:42:49.497092     4 StaAnalyze.cc:565] analyze timing path end vertex 9851 total 10904 start
I20260921 12:42:49.497135     4 StaAnalyze.cc:599] analyze timing path end vertex 9851 total 10904 end
I20260921 12:42:49.497232     4 StaAnalyze.cc:303] add path data num 4 to u_core.u_lsu.memory_writeback_153__reg_p:D
I20260921 12:42:49.497313     4 StaAnalyze.cc:565] analyze timing path end vertex 9861 total 10904 start
I20260921 12:42:49.497354     4 StaAnalyze.cc:599] analyze timing path end vertex 9861 total 10904 end
I20260921 12:42:49.497534     4 StaAnalyze.cc:565] analyze timing path end vertex 9871 total 10904 start
I20260921 12:42:49.497579     4 StaAnalyze.cc:599] analyze timing path end vertex 9871 total 10904 end
I20260921 12:42:49.497716     4 StaAnalyze.cc:565] analyze timing path end vertex 9881 total 10904 start
I20260921 12:42:49.497766     4 StaAnalyze.cc:599] analyze timing path end vertex 9881 total 10904 end
I20260921 12:42:49.497895     4 StaAnalyze.cc:565] analyze timing path end vertex 9891 total 10904 start
I20260921 12:42:49.497936     4 StaAnalyze.cc:599] analyze timing path end vertex 9891 total 10904 end
I20260921 12:42:49.498077     4 StaAnalyze.cc:565] analyze timing path end vertex 9901 total 10904 start
I20260921 12:42:49.498162     4 StaAnalyze.cc:599] analyze timing path end vertex 9901 total 10904 end
I20260921 12:42:49.498256     4 StaAnalyze.cc:303] add path data num 4 to u_core.u_lsu.memory_writeback_70__reg_p:D
I20260921 12:42:49.498337     4 StaAnalyze.cc:565] analyze timing path end vertex 9911 total 10904 start
I20260921 12:42:49.498378     4 StaAnalyze.cc:599] analyze timing path end vertex 9911 total 10904 end
I20260921 12:42:49.498551     4 StaAnalyze.cc:565] analyze timing path end vertex 9921 total 10904 start
I20260921 12:42:49.498595     4 StaAnalyze.cc:599] analyze timing path end vertex 9921 total 10904 end
I20260921 12:42:49.498734     4 StaAnalyze.cc:565] analyze timing path end vertex 9931 total 10904 start
I20260921 12:42:49.498790     4 StaAnalyze.cc:599] analyze timing path end vertex 9931 total 10904 end
I20260921 12:42:49.498924     4 StaAnalyze.cc:565] analyze timing path end vertex 9941 total 10904 start
I20260921 12:42:49.498980     4 StaAnalyze.cc:599] analyze timing path end vertex 9941 total 10904 end
Could not create log file: Read-only file system
COULD NOT CREATE LOGFILE '20260921-124249.4'!
I20260921 12:42:49.499115     4 StaAnalyze.cc:565] analyze timing path end vertex 9951 total 10904 start
I20260921 12:42:49.499202     4 StaAnalyze.cc:599] analyze timing path end vertex 9951 total 10904 end
I20260921 12:42:49.499293     4 StaAnalyze.cc:303] add path data num 4 to u_core.u_lsu.pending_lsu_context_q_118__reg_p:D
I20260921 12:42:49.499384     4 StaAnalyze.cc:565] analyze timing path end vertex 9961 total 10904 start
I20260921 12:42:49.499469     4 StaAnalyze.cc:599] analyze timing path end vertex 9961 total 10904 end
I20260921 12:42:49.499599     4 StaAnalyze.cc:565] analyze timing path end vertex 9971 total 10904 start
I20260921 12:42:49.499657     4 StaAnalyze.cc:599] analyze timing path end vertex 9971 total 10904 end
I20260921 12:42:49.499795     4 StaAnalyze.cc:565] analyze timing path end vertex 9981 total 10904 start
I20260921 12:42:49.499859     4 StaAnalyze.cc:599] analyze timing path end vertex 9981 total 10904 end
I20260921 12:42:49.499990     4 StaAnalyze.cc:565] analyze timing path end vertex 9991 total 10904 start
I20260921 12:42:49.500031     4 StaAnalyze.cc:599] analyze timing path end vertex 9991 total 10904 end
I20260921 12:42:49.500175     4 StaAnalyze.cc:565] analyze timing path end vertex 10001 total 10904 start
I20260921 12:42:49.500233     4 StaAnalyze.cc:599] analyze timing path end vertex 10001 total 10904 end
I20260921 12:42:49.500329     4 StaAnalyze.cc:303] add path data num 4 to u_core.u_lsu.state_q_0__reg_p:RN
I20260921 12:42:49.500619     4 StaAnalyze.cc:565] analyze timing path end vertex 10011 total 10904 start
I20260921 12:42:49.500705     4 StaAnalyze.cc:599] analyze timing path end vertex 10011 total 10904 end
I20260921 12:42:49.500836     4 StaAnalyze.cc:565] analyze timing path end vertex 10021 total 10904 start
I20260921 12:42:49.500890     4 StaAnalyze.cc:599] analyze timing path end vertex 10021 total 10904 end
I20260921 12:42:49.501020     4 StaAnalyze.cc:565] analyze timing path end vertex 10031 total 10904 start
I20260921 12:42:49.501085     4 StaAnalyze.cc:599] analyze timing path end vertex 10031 total 10904 end
I20260921 12:42:49.501211     4 StaAnalyze.cc:565] analyze timing path end vertex 10041 total 10904 start
I20260921 12:42:49.501267     4 StaAnalyze.cc:599] analyze timing path end vertex 10041 total 10904 end
I20260921 12:42:49.501389     4 StaAnalyze.cc:565] analyze timing path end vertex 10051 total 10904 start
I20260921 12:42:49.501437     4 StaAnalyze.cc:599] analyze timing path end vertex 10051 total 10904 end
I20260921 12:42:49.501577     4 StaAnalyze.cc:303] add path data num 4 to u_core.u_regfile.gpr_array_q[11]_25__reg_p:D
I20260921 12:42:49.501645     4 StaAnalyze.cc:565] analyze timing path end vertex 10061 total 10904 start
I20260921 12:42:49.501694     4 StaAnalyze.cc:599] analyze timing path end vertex 10061 total 10904 end
I20260921 12:42:49.501825     4 StaAnalyze.cc:565] analyze timing path end vertex 10071 total 10904 start
I20260921 12:42:49.501881     4 StaAnalyze.cc:599] analyze timing path end vertex 10071 total 10904 end
I20260921 12:42:49.502007     4 StaAnalyze.cc:565] analyze timing path end vertex 10081 total 10904 start
I20260921 12:42:49.502068     4 StaAnalyze.cc:599] analyze timing path end vertex 10081 total 10904 end
I20260921 12:42:49.502187     4 StaAnalyze.cc:565] analyze timing path end vertex 10091 total 10904 start
Could not create log file: Read-only file system
COULD NOT CREATE LOGFILE '20260921-124249.4'!
I20260921 12:42:49.502241     4 StaAnalyze.cc:599] analyze timing path end vertex 10091 total 10904 end
I20260921 12:42:49.502466     4 StaAnalyze.cc:565] analyze timing path end vertex 10101 total 10904 start
I20260921 12:42:49.502526     4 StaAnalyze.cc:599] analyze timing path end vertex 10101 total 10904 end
I20260921 12:42:49.502632     4 StaAnalyze.cc:303] add path data num 4 to u_core.u_regfile.gpr_array_q[13]_12__reg_p:D
I20260921 12:42:49.502681     4 StaAnalyze.cc:565] analyze timing path end vertex 10111 total 10904 start
I20260921 12:42:49.502731     4 StaAnalyze.cc:599] analyze timing path end vertex 10111 total 10904 end
I20260921 12:42:49.502856     4 StaAnalyze.cc:565] analyze timing path end vertex 10121 total 10904 start
I20260921 12:42:49.502919     4 StaAnalyze.cc:599] analyze timing path end vertex 10121 total 10904 end
I20260921 12:42:49.503044     4 StaAnalyze.cc:565] analyze timing path end vertex 10131 total 10904 start
I20260921 12:42:49.503090     4 StaAnalyze.cc:599] analyze timing path end vertex 10131 total 10904 end
I20260921 12:42:49.503209     4 StaAnalyze.cc:565] analyze timing path end vertex 10141 total 10904 start
I20260921 12:42:49.503249     4 StaAnalyze.cc:599] analyze timing path end vertex 10141 total 10904 end
I20260921 12:42:49.503372     4 StaAnalyze.cc:565] analyze timing path end vertex 10151 total 10904 start
I20260921 12:42:49.503450     4 StaAnalyze.cc:599] analyze timing path end vertex 10151 total 10904 end
I20260921 12:42:49.503552     4 StaAnalyze.cc:303] add path data num 4 to u_core.u_regfile.gpr_array_q[14]_29__reg_p:D
I20260921 12:42:49.503602     4 StaAnalyze.cc:565] analyze timing path end vertex 10161 total 10904 start
I20260921 12:42:49.503650     4 StaAnalyze.cc:599] analyze timing path end vertex 10161 total 10904 end
I20260921 12:42:49.503778     4 StaAnalyze.cc:565] analyze timing path end vertex 10171 total 10904 start
I20260921 12:42:49.503819     4 StaAnalyze.cc:599] analyze timing path end vertex 10171 total 10904 end
I20260921 12:42:49.503938     4 StaAnalyze.cc:565] analyze timing path end vertex 10181 total 10904 start
I20260921 12:42:49.503985     4 StaAnalyze.cc:599] analyze timing path end vertex 10181 total 10904 end
I20260921 12:42:49.504102     4 StaAnalyze.cc:565] analyze timing path end vertex 10191 total 10904 start
I20260921 12:42:49.504142     4 StaAnalyze.cc:599] analyze timing path end vertex 10191 total 10904 end
I20260921 12:42:49.504263     4 StaAnalyze.cc:565] analyze timing path end vertex 10201 total 10904 start
I20260921 12:42:49.504307     4 StaAnalyze.cc:599] analyze timing path end vertex 10201 total 10904 end
I20260921 12:42:49.504453     4 StaAnalyze.cc:303] add path data num 4 to u_core.u_regfile.gpr_array_q[16]_16__reg_p:D
I20260921 12:42:49.504504     4 StaAnalyze.cc:565] analyze timing path end vertex 10211 total 10904 start
I20260921 12:42:49.504554     4 StaAnalyze.cc:599] analyze timing path end vertex 10211 total 10904 end
I20260921 12:42:49.504675     4 StaAnalyze.cc:565] analyze timing path end vertex 10221 total 10904 start
I20260921 12:42:49.504717     4 StaAnalyze.cc:599] analyze timing path end vertex 10221 total 10904 end
I20260921 12:42:49.504840     4 StaAnalyze.cc:565] analyze timing path end vertex 10231 total 10904 start
I20260921 12:42:49.504887     4 StaAnalyze.cc:599] analyze timing path end vertex 10231 total 10904 end
Could not create log file: Read-only file system
COULD NOT CREATE LOGFILE '20260921-124249.4'!
I20260921 12:42:49.505008     4 StaAnalyze.cc:565] analyze timing path end vertex 10241 total 10904 start
I20260921 12:42:49.505133     4 StaAnalyze.cc:599] analyze timing path end vertex 10241 total 10904 end
I20260921 12:42:49.505270     4 StaAnalyze.cc:565] analyze timing path end vertex 10251 total 10904 start
I20260921 12:42:49.505311     4 StaAnalyze.cc:599] analyze timing path end vertex 10251 total 10904 end
I20260921 12:42:49.505503     4 StaAnalyze.cc:303] add path data num 4 to u_core.u_regfile.gpr_array_q[17]_3__reg_p:D
I20260921 12:42:49.505563     4 StaAnalyze.cc:565] analyze timing path end vertex 10261 total 10904 start
I20260921 12:42:49.505614     4 StaAnalyze.cc:599] analyze timing path end vertex 10261 total 10904 end
I20260921 12:42:49.505754     4 StaAnalyze.cc:565] analyze timing path end vertex 10271 total 10904 start
I20260921 12:42:49.505796     4 StaAnalyze.cc:599] analyze timing path end vertex 10271 total 10904 end
I20260921 12:42:49.505923     4 StaAnalyze.cc:565] analyze timing path end vertex 10281 total 10904 start
I20260921 12:42:49.505988     4 StaAnalyze.cc:599] analyze timing path end vertex 10281 total 10904 end
I20260921 12:42:49.506119     4 StaAnalyze.cc:565] analyze timing path end vertex 10291 total 10904 start
I20260921 12:42:49.506160     4 StaAnalyze.cc:599] analyze timing path end vertex 10291 total 10904 end
I20260921 12:42:49.506281     4 StaAnalyze.cc:565] analyze timing path end vertex 10301 total 10904 start
I20260921 12:42:49.506323     4 StaAnalyze.cc:599] analyze timing path end vertex 10301 total 10904 end
I20260921 12:42:49.506488     4 StaAnalyze.cc:303] add path data num 4 to u_core.u_regfile.gpr_array_q[19]_1__reg_p:D
I20260921 12:42:49.506558     4 StaAnalyze.cc:565] analyze timing path end vertex 10311 total 10904 start
I20260921 12:42:49.506610     4 StaAnalyze.cc:599] analyze timing path end vertex 10311 total 10904 end
I20260921 12:42:49.506737     4 StaAnalyze.cc:565] analyze timing path end vertex 10321 total 10904 start
I20260921 12:42:49.506798     4 StaAnalyze.cc:599] analyze timing path end vertex 10321 total 10904 end
I20260921 12:42:49.506927     4 StaAnalyze.cc:565] analyze timing path end vertex 10331 total 10904 start
I20260921 12:42:49.506976     4 StaAnalyze.cc:599] analyze timing path end vertex 10331 total 10904 end
I20260921 12:42:49.507098     4 StaAnalyze.cc:565] analyze timing path end vertex 10341 total 10904 start
I20260921 12:42:49.507158     4 StaAnalyze.cc:599] analyze timing path end vertex 10341 total 10904 end
I20260921 12:42:49.507287     4 StaAnalyze.cc:565] analyze timing path end vertex 10351 total 10904 start
I20260921 12:42:49.507330     4 StaAnalyze.cc:599] analyze timing path end vertex 10351 total 10904 end
I20260921 12:42:49.507522     4 StaAnalyze.cc:303] add path data num 4 to u_core.u_regfile.gpr_array_q[1]_7__reg_p:D
I20260921 12:42:49.507678     4 StaAnalyze.cc:565] analyze timing path end vertex 10361 total 10904 start
I20260921 12:42:49.507751     4 StaAnalyze.cc:599] analyze timing path end vertex 10361 total 10904 end
I20260921 12:42:49.507884     4 StaAnalyze.cc:565] analyze timing path end vertex 10371 total 10904 start
I20260921 12:42:49.507925     4 StaAnalyze.cc:599] analyze timing path end vertex 10371 total 10904 end
I20260921 12:42:49.508054     4 StaAnalyze.cc:565] analyze timing path end vertex 10381 total 10904 start
Could not create log file: Read-only file system
COULD NOT CREATE LOGFILE '20260921-124249.4'!
I20260921 12:42:49.508114     4 StaAnalyze.cc:599] analyze timing path end vertex 10381 total 10904 end
I20260921 12:42:49.508281     4 StaAnalyze.cc:565] analyze timing path end vertex 10391 total 10904 start
I20260921 12:42:49.508339     4 StaAnalyze.cc:599] analyze timing path end vertex 10391 total 10904 end
I20260921 12:42:49.508507     4 StaAnalyze.cc:565] analyze timing path end vertex 10401 total 10904 start
I20260921 12:42:49.508567     4 StaAnalyze.cc:599] analyze timing path end vertex 10401 total 10904 end
I20260921 12:42:49.508669     4 StaAnalyze.cc:303] add path data num 4 to u_core.u_regfile.gpr_array_q[21]_23__reg_p:D
I20260921 12:42:49.508811     4 StaAnalyze.cc:565] analyze timing path end vertex 10411 total 10904 start
I20260921 12:42:49.508922     4 StaAnalyze.cc:599] analyze timing path end vertex 10411 total 10904 end
I20260921 12:42:49.509153     4 StaAnalyze.cc:565] analyze timing path end vertex 10421 total 10904 start
I20260921 12:42:49.509284     4 StaAnalyze.cc:599] analyze timing path end vertex 10421 total 10904 end
I20260921 12:42:49.509648     4 StaAnalyze.cc:565] analyze timing path end vertex 10431 total 10904 start
I20260921 12:42:49.509712     4 StaAnalyze.cc:599] analyze timing path end vertex 10431 total 10904 end
I20260921 12:42:49.509847     4 StaAnalyze.cc:565] analyze timing path end vertex 10441 total 10904 start
I20260921 12:42:49.509907     4 StaAnalyze.cc:599] analyze timing path end vertex 10441 total 10904 end
I20260921 12:42:49.510032     4 StaAnalyze.cc:565] analyze timing path end vertex 10451 total 10904 start
I20260921 12:42:49.510087     4 StaAnalyze.cc:599] analyze timing path end vertex 10451 total 10904 end
I20260921 12:42:49.510200     4 StaAnalyze.cc:303] add path data num 4 to u_core.u_regfile.gpr_array_q[23]_10__reg_p:D
I20260921 12:42:49.510251     4 StaAnalyze.cc:565] analyze timing path end vertex 10461 total 10904 start
I20260921 12:42:49.510301     4 StaAnalyze.cc:599] analyze timing path end vertex 10461 total 10904 end
I20260921 12:42:49.510474     4 StaAnalyze.cc:565] analyze timing path end vertex 10471 total 10904 start
I20260921 12:42:49.510521     4 StaAnalyze.cc:599] analyze timing path end vertex 10471 total 10904 end
I20260921 12:42:49.510666     4 StaAnalyze.cc:565] analyze timing path end vertex 10481 total 10904 start
I20260921 12:42:49.510713     4 StaAnalyze.cc:599] analyze timing path end vertex 10481 total 10904 end
I20260921 12:42:49.510846     4 StaAnalyze.cc:565] analyze timing path end vertex 10491 total 10904 start
I20260921 12:42:49.510900     4 StaAnalyze.cc:599] analyze timing path end vertex 10491 total 10904 end
I20260921 12:42:49.511023     4 StaAnalyze.cc:565] analyze timing path end vertex 10501 total 10904 start
I20260921 12:42:49.511080     4 StaAnalyze.cc:599] analyze timing path end vertex 10501 total 10904 end
I20260921 12:42:49.511184     4 StaAnalyze.cc:303] add path data num 4 to u_core.u_regfile.gpr_array_q[24]_27__reg_p:D
I20260921 12:42:49.511258     4 StaAnalyze.cc:565] analyze timing path end vertex 10511 total 10904 start
I20260921 12:42:49.511305     4 StaAnalyze.cc:599] analyze timing path end vertex 10511 total 10904 end
I20260921 12:42:49.511459     4 StaAnalyze.cc:565] analyze timing path end vertex 10521 total 10904 start
I20260921 12:42:49.511516     4 StaAnalyze.cc:599] analyze timing path end vertex 10521 total 10904 end
Could not create log file: Read-only file system
COULD NOT CREATE LOGFILE '20260921-124249.4'!
I20260921 12:42:49.511639     4 StaAnalyze.cc:565] analyze timing path end vertex 10531 total 10904 start
I20260921 12:42:49.511723     4 StaAnalyze.cc:599] analyze timing path end vertex 10531 total 10904 end
I20260921 12:42:49.511848     4 StaAnalyze.cc:565] analyze timing path end vertex 10541 total 10904 start
I20260921 12:42:49.511888     4 StaAnalyze.cc:599] analyze timing path end vertex 10541 total 10904 end
I20260921 12:42:49.512008     4 StaAnalyze.cc:565] analyze timing path end vertex 10551 total 10904 start
I20260921 12:42:49.512063     4 StaAnalyze.cc:599] analyze timing path end vertex 10551 total 10904 end
I20260921 12:42:49.512167     4 StaAnalyze.cc:303] add path data num 4 to u_core.u_regfile.gpr_array_q[26]_14__reg_p:D
I20260921 12:42:49.512239     4 StaAnalyze.cc:565] analyze timing path end vertex 10561 total 10904 start
I20260921 12:42:49.512288     4 StaAnalyze.cc:599] analyze timing path end vertex 10561 total 10904 end
I20260921 12:42:49.512451     4 StaAnalyze.cc:565] analyze timing path end vertex 10571 total 10904 start
I20260921 12:42:49.512507     4 StaAnalyze.cc:599] analyze timing path end vertex 10571 total 10904 end
I20260921 12:42:49.512712     4 StaAnalyze.cc:565] analyze timing path end vertex 10581 total 10904 start
I20260921 12:42:49.512843     4 StaAnalyze.cc:599] analyze timing path end vertex 10581 total 10904 end
I20260921 12:42:49.513082     4 StaAnalyze.cc:565] analyze timing path end vertex 10591 total 10904 start
I20260921 12:42:49.513200     4 StaAnalyze.cc:599] analyze timing path end vertex 10591 total 10904 end
I20260921 12:42:49.513526     4 StaAnalyze.cc:565] analyze timing path end vertex 10601 total 10904 start
I20260921 12:42:49.513648     4 StaAnalyze.cc:599] analyze timing path end vertex 10601 total 10904 end
I20260921 12:42:49.513830     4 StaAnalyze.cc:303] add path data num 4 to u_core.u_regfile.gpr_array_q[27]_30__reg_p:D
I20260921 12:42:49.513984     4 StaAnalyze.cc:565] analyze timing path end vertex 10611 total 10904 start
I20260921 12:42:49.514041     4 StaAnalyze.cc:599] analyze timing path end vertex 10611 total 10904 end
I20260921 12:42:49.514258     4 StaAnalyze.cc:565] analyze timing path end vertex 10621 total 10904 start
I20260921 12:42:49.514326     4 StaAnalyze.cc:599] analyze timing path end vertex 10621 total 10904 end
I20260921 12:42:49.514496     4 StaAnalyze.cc:565] analyze timing path end vertex 10631 total 10904 start
I20260921 12:42:49.514556     4 StaAnalyze.cc:599] analyze timing path end vertex 10631 total 10904 end
I20260921 12:42:49.514695     4 StaAnalyze.cc:565] analyze timing path end vertex 10641 total 10904 start
I20260921 12:42:49.514750     4 StaAnalyze.cc:599] analyze timing path end vertex 10641 total 10904 end
I20260921 12:42:49.514876     4 StaAnalyze.cc:565] analyze timing path end vertex 10651 total 10904 start
I20260921 12:42:49.514933     4 StaAnalyze.cc:599] analyze timing path end vertex 10651 total 10904 end
I20260921 12:42:49.515043     4 StaAnalyze.cc:303] add path data num 4 to u_core.u_regfile.gpr_array_q[29]_18__reg_p:D
I20260921 12:42:49.515115     4 StaAnalyze.cc:565] analyze timing path end vertex 10661 total 10904 start
I20260921 12:42:49.515164     4 StaAnalyze.cc:599] analyze timing path end vertex 10661 total 10904 end
I20260921 12:42:49.515288     4 StaAnalyze.cc:565] analyze timing path end vertex 10671 total 10904 start
Could not create log file: Read-only file system
COULD NOT CREATE LOGFILE '20260921-124249.4'!
I20260921 12:42:49.515343     4 StaAnalyze.cc:599] analyze timing path end vertex 10671 total 10904 end
I20260921 12:42:49.515537     4 StaAnalyze.cc:565] analyze timing path end vertex 10681 total 10904 start
I20260921 12:42:49.515594     4 StaAnalyze.cc:599] analyze timing path end vertex 10681 total 10904 end
I20260921 12:42:49.515722     4 StaAnalyze.cc:565] analyze timing path end vertex 10691 total 10904 start
I20260921 12:42:49.515777     4 StaAnalyze.cc:599] analyze timing path end vertex 10691 total 10904 end
I20260921 12:42:49.515904     4 StaAnalyze.cc:565] analyze timing path end vertex 10701 total 10904 start
I20260921 12:42:49.515977     4 StaAnalyze.cc:599] analyze timing path end vertex 10701 total 10904 end
I20260921 12:42:49.516079     4 StaAnalyze.cc:303] add path data num 4 to u_core.u_regfile.gpr_array_q[2]_5__reg_p:D
I20260921 12:42:49.516152     4 StaAnalyze.cc:565] analyze timing path end vertex 10711 total 10904 start
I20260921 12:42:49.516201     4 StaAnalyze.cc:599] analyze timing path end vertex 10711 total 10904 end
I20260921 12:42:49.516322     4 StaAnalyze.cc:565] analyze timing path end vertex 10721 total 10904 start
I20260921 12:42:49.516376     4 StaAnalyze.cc:599] analyze timing path end vertex 10721 total 10904 end
I20260921 12:42:49.516546     4 StaAnalyze.cc:565] analyze timing path end vertex 10731 total 10904 start
I20260921 12:42:49.516589     4 StaAnalyze.cc:599] analyze timing path end vertex 10731 total 10904 end
I20260921 12:42:49.516716     4 StaAnalyze.cc:565] analyze timing path end vertex 10741 total 10904 start
I20260921 12:42:49.516760     4 StaAnalyze.cc:599] analyze timing path end vertex 10741 total 10904 end
I20260921 12:42:49.516892     4 StaAnalyze.cc:565] analyze timing path end vertex 10751 total 10904 start
I20260921 12:42:49.516948     4 StaAnalyze.cc:599] analyze timing path end vertex 10751 total 10904 end
I20260921 12:42:49.517045     4 StaAnalyze.cc:303] add path data num 4 to u_core.u_regfile.gpr_array_q[31]_21__reg_p:D
I20260921 12:42:49.517117     4 StaAnalyze.cc:565] analyze timing path end vertex 10761 total 10904 start
I20260921 12:42:49.517165     4 StaAnalyze.cc:599] analyze timing path end vertex 10761 total 10904 end
I20260921 12:42:49.517284     4 StaAnalyze.cc:565] analyze timing path end vertex 10771 total 10904 start
I20260921 12:42:49.517338     4 StaAnalyze.cc:599] analyze timing path end vertex 10771 total 10904 end
I20260921 12:42:49.517561     4 StaAnalyze.cc:565] analyze timing path end vertex 10781 total 10904 start
I20260921 12:42:49.517627     4 StaAnalyze.cc:599] analyze timing path end vertex 10781 total 10904 end
I20260921 12:42:49.517813     4 StaAnalyze.cc:565] analyze timing path end vertex 10791 total 10904 start
I20260921 12:42:49.517875     4 StaAnalyze.cc:599] analyze timing path end vertex 10791 total 10904 end
I20260921 12:42:49.518013     4 StaAnalyze.cc:565] analyze timing path end vertex 10801 total 10904 start
I20260921 12:42:49.518070     4 StaAnalyze.cc:599] analyze timing path end vertex 10801 total 10904 end
I20260921 12:42:49.518168     4 StaAnalyze.cc:303] add path data num 4 to u_core.u_regfile.gpr_array_q[3]_9__reg_p:D
I20260921 12:42:49.518226     4 StaAnalyze.cc:565] analyze timing path end vertex 10811 total 10904 start
I20260921 12:42:49.518276     4 StaAnalyze.cc:599] analyze timing path end vertex 10811 total 10904 end
Could not create log file: Read-only file system
COULD NOT CREATE LOGFILE '20260921-124249.4'!
I20260921 12:42:49.518436     4 StaAnalyze.cc:565] analyze timing path end vertex 10821 total 10904 start
I20260921 12:42:49.518508     4 StaAnalyze.cc:599] analyze timing path end vertex 10821 total 10904 end
I20260921 12:42:49.518668     4 StaAnalyze.cc:565] analyze timing path end vertex 10831 total 10904 start
I20260921 12:42:49.518749     4 StaAnalyze.cc:599] analyze timing path end vertex 10831 total 10904 end
I20260921 12:42:49.518877     4 StaAnalyze.cc:565] analyze timing path end vertex 10841 total 10904 start
I20260921 12:42:49.518940     4 StaAnalyze.cc:599] analyze timing path end vertex 10841 total 10904 end
I20260921 12:42:49.519075     4 StaAnalyze.cc:565] analyze timing path end vertex 10851 total 10904 start
I20260921 12:42:49.519131     4 StaAnalyze.cc:599] analyze timing path end vertex 10851 total 10904 end
I20260921 12:42:49.519235     4 StaAnalyze.cc:303] add path data num 4 to u_core.u_regfile.gpr_array_q[5]_25__reg_p:D
I20260921 12:42:49.519312     4 StaAnalyze.cc:565] analyze timing path end vertex 10861 total 10904 start
I20260921 12:42:49.519363     4 StaAnalyze.cc:599] analyze timing path end vertex 10861 total 10904 end
I20260921 12:42:49.519524     4 StaAnalyze.cc:565] analyze timing path end vertex 10871 total 10904 start
I20260921 12:42:49.519570     4 StaAnalyze.cc:599] analyze timing path end vertex 10871 total 10904 end
I20260921 12:42:49.519696     4 StaAnalyze.cc:565] analyze timing path end vertex 10881 total 10904 start
I20260921 12:42:49.519753     4 StaAnalyze.cc:599] analyze timing path end vertex 10881 total 10904 end
I20260921 12:42:49.521613     4 StaAnalyze.cc:565] analyze timing path end vertex 10891 total 10904 start
I20260921 12:42:49.521687     4 StaAnalyze.cc:599] analyze timing path end vertex 10891 total 10904 end
I20260921 12:42:49.521781     4 StaAnalyze.cc:565] analyze timing path end vertex 10901 total 10904 start
I20260921 12:42:49.521826     4 StaAnalyze.cc:599] analyze timing path end vertex 10901 total 10904 end
I20260921 12:42:49.521878     4 StaAnalyze.cc:603] analyze timing path end
I20260921 12:42:49.521916     4 StaApplySdc.cc:698] apply sdc start
I20260921 12:42:49.521947     4 StaApplySdc.cc:729] apply sdc end
I20260921 12:42:49.521978     4 StaDataPropagation.cc:698] data bwd propagation start
I20260921 12:42:49.526876     4 StaDataPropagation.cc:249] propagate start vertex data_axi4_manager_i_0_
I20260921 12:42:49.526965     4 StaDataPropagation.cc:172] Thread 138842565578880 data bwd propagate found end vertex.u_core.u_data_mem.gen_dcache.u_dcache.u_data_array.data_array_q[1]_864__reg_p_CK_CLKGATE_X1_GCK:E
I20260921 12:42:49.527014     4 StaDataPropagation.cc:172] Thread 138842565578880 data bwd propagate found end vertex.u_core.u_data_mem.gen_dcache.u_dcache.u_data_array.data_array_q[1]_872__reg_p_CK_CLKGATE_X1_GCK:E
I20260921 12:42:49.527050     4 StaDataPropagation.cc:172] Thread 138842565578880 data bwd propagate found end vertex.u_core.u_data_mem.gen_dcache.u_dcache.u_data_array.data_array_q[1]_880__reg_p_CK_CLKGATE_X1_GCK:E
I20260921 12:42:49.527086     4 StaDataPropagation.cc:172] Thread 138842565578880 data bwd propagate found end vertex.u_core.u_data_mem.gen_dcache.u_dcache.u_data_array.data_array_q[1]_888__reg_p_CK_CLKGATE_X1_GCK:E
I20260921 12:42:49.527135     4 StaDataPropagation.cc:172] Thread 138842565578880 data bwd propagate found end vertex.u_core.u_data_mem.gen_dcache.u_dcache.u_data_array.data_array_q[0]_864__reg_p_CK_CLKGATE_X1_GCK:E
I20260921 12:42:49.527172     4 StaDataPropagation.cc:172] Thread 138842565578880 data bwd propagate found end vertex.u_core.u_data_mem.gen_dcache.u_dcache.u_data_array.data_array_q[0]_872__reg_p_CK_CLKGATE_X1_GCK:E
I20260921 12:42:49.527209     4 StaDataPropagation.cc:172] Thread 138842565578880 data bwd propagate found end vertex.u_core.u_data_mem.gen_dcache.u_dcache.u_data_array.data_array_q[0]_880__reg_p_CK_CLKGATE_X1_GCK:E
I20260921 12:42:49.527244     4 StaDataPropagation.cc:172] Thread 138842565578880 data bwd propagate found end vertex.u_core.u_data_mem.gen_dcache.u_dcache.u_data_array.data_array_q[0]_888__reg_p_CK_CLKGATE_X1_GCK:E
Could not create log file: Read-only file system
COULD NOT CREATE LOGFILE '20260921-124249.4'!
I20260921 12:42:49.527283     4 StaDataPropagation.cc:172] Thread 138842565578880 data bwd propagate found end vertex.u_core.u_data_mem.gen_dcache.u_dcache.u_data_array.data_array_q[1]_104__reg_p_CK_CLKGATE_X1_GCK:E
I20260921 12:42:49.527356     4 StaDataPropagation.cc:172] Thread 138842565578880 data bwd propagate found end vertex.u_core.u_data_mem.gen_dcache.u_dcache.u_data_array.data_array_q[1]_112__reg_p_CK_CLKGATE_X1_GCK:E
I20260921 12:42:49.568784     4 StaDataPropagation.cc:249] propagate start vertex u_core.commit_254__reg_p:CK
I20260921 12:42:49.574923     4 StaDataPropagation.cc:249] propagate start vertex u_core.execute_packet_138__reg_p:CK
I20260921 12:42:49.606856     4 StaDataPropagation.cc:249] propagate start vertex u_core.u_branch_predictor.u_btb.entry_array_q[4]_27__reg_p:CK
I20260921 12:42:49.617661     4 StaDataPropagation.cc:249] propagate start vertex u_core.ifu_fetch_entry_69__reg_p:CK
I20260921 12:42:49.644904     4 StaDataPropagation.cc:249] propagate start vertex u_core.resolved_execute_result_249__reg_p:CK
I20260921 12:42:49.646965     4 StaDataPropagation.cc:249] propagate start vertex u_core.u_branch_predictor.u_btb.entry_array_q[0]_79__reg_p:CK
I20260921 12:42:49.648327     4 StaDataPropagation.cc:249] propagate start vertex u_core.u_branch_predictor.u_btb.entry_array_q[2]_39__reg_p:CK
I20260921 12:42:49.650352     4 StaDataPropagation.cc:249] propagate start vertex u_core.u_branch_predictor.u_btb.entry_array_q[4]_109__reg_p:CK
I20260921 12:42:49.651759     4 StaDataPropagation.cc:249] propagate start vertex u_core.u_branch_predictor.u_btb.entry_array_q[5]_110__reg_p:CK
I20260921 12:42:49.653120     4 StaDataPropagation.cc:249] propagate start vertex u_core.u_branch_predictor.u_btb.entry_array_q[6]_71__reg_p:CK
I20260921 12:42:49.654672     4 StaDataPropagation.cc:249] propagate start vertex u_core.u_data_mem.gen_dcache.u_dcache.u_dcache_axi.writeback_line_data_i_28__reg_p:CK
I20260921 12:42:49.656782     4 StaDataPropagation.cc:249] propagate start vertex u_core.u_csr_file.mscratch_q_5__reg_p:CK
I20260921 12:42:49.663302     4 StaDataPropagation.cc:249] propagate start vertex u_core.u_data_mem.gen_dcache.u_dcache.array_read_tag_array_34__reg_p:CK
I20260921 12:42:49.667903     4 StaDataPropagation.cc:249] propagate start vertex u_core.u_data_mem.gen_dcache.u_dcache.store_write_bypass_data_q_28__reg_p:CK
I20260921 12:42:49.668915     4 StaDataPropagation.cc:249] propagate start vertex u_core.u_data_mem.gen_dcache.u_dcache.u_data_array.data_array_q[0]_241__reg_p:CK
I20260921 12:42:49.669880     4 StaDataPropagation.cc:249] propagate start vertex u_core.u_data_mem.gen_dcache.u_dcache.u_data_array.data_array_q[0]_421__reg_p:CK
I20260921 12:42:49.670815     4 StaDataPropagation.cc:249] propagate start vertex u_core.u_data_mem.gen_dcache.u_dcache.u_data_array.data_array_q[0]_601__reg_p:CK
I20260921 12:42:49.671900     4 StaDataPropagation.cc:249] propagate start vertex u_core.u_data_mem.gen_dcache.u_dcache.u_data_array.data_array_q[0]_782__reg_p:CK
I20260921 12:42:49.673074     4 StaDataPropagation.cc:249] propagate start vertex u_core.u_data_mem.gen_dcache.u_dcache.u_data_array.data_array_q[0]_962__reg_p:CK
I20260921 12:42:49.673996     4 StaDataPropagation.cc:249] propagate start vertex u_core.u_data_mem.gen_dcache.u_dcache.u_data_array.data_array_q[1]_21__reg_p:CK
I20260921 12:42:49.675055     4 StaDataPropagation.cc:249] propagate start vertex u_core.u_data_mem.gen_dcache.u_dcache.u_data_array.data_array_q[1]_3__reg_p:CK
I20260921 12:42:49.676441     4 StaDataPropagation.cc:249] propagate start vertex u_core.u_regfile.gpr_array_q[9]_31__reg_p:CK
I20260921 12:42:49.677510     4 StaDataPropagation.cc:249] propagate start vertex u_core.u_data_mem.gen_dcache.u_dcache.u_data_array.data_array_q[1]_771__reg_p:CK
I20260921 12:42:49.678364     4 StaDataPropagation.cc:249] propagate start vertex u_core.u_data_mem.gen_dcache.u_dcache.u_data_array.data_array_q[1]_951__reg_p:CK
I20260921 12:42:49.682039     4 StaDataPropagation.cc:249] propagate start vertex u_core.u_data_mem.gen_dcache.u_dcache.u_miss_unit.miss_context_q_129__reg_p:CK
I20260921 12:42:49.684775     4 StaDataPropagation.cc:249] propagate start vertex u_core.u_data_mem.gen_dcache.u_dcache.u_tag_array.tag_array_q[0]_150__reg_p:CK
I20260921 12:42:49.685664     4 StaDataPropagation.cc:249] propagate start vertex u_core.u_data_mem.gen_dcache.u_dcache.u_tag_array.tag_array_q[1]_150__reg_p:CK
I20260921 12:42:49.687378     4 StaDataPropagation.cc:249] propagate start vertex u_core.u_data_mem.u_uncached_axi.request_context_q_60__reg_p:CK
I20260921 12:42:49.693845     4 StaDataPropagation.cc:249] propagate start vertex u_core.u_fetch_buffer.entry_array_q[1]_40__reg_p:CK
I20260921 12:42:49.698081     4 StaDataPropagation.cc:249] propagate start vertex u_core.u_icache.u_riscv32_icache_data_array.data_array_q_1004__$_DLATCH_P__Q:G
Could not create log file: Read-only file system
COULD NOT CREATE LOGFILE '20260921-124249.4'!
I20260921 12:42:49.698932     4 StaDataPropagation.cc:249] propagate start vertex u_core.u_icache.u_riscv32_icache_data_array.data_array_q_1185__$_DLATCH_P__Q:G
I20260921 12:42:49.699738     4 StaDataPropagation.cc:249] propagate start vertex u_core.u_icache.u_riscv32_icache_data_array.data_array_q_1365__$_DLATCH_P__Q:G
I20260921 12:42:49.700484     4 StaDataPropagation.cc:249] propagate start vertex u_core.u_icache.u_riscv32_icache_data_array.data_array_q_1545__$_DLATCH_P__Q:G
I20260921 12:42:49.701300     4 StaDataPropagation.cc:249] propagate start vertex u_core.u_icache.u_riscv32_icache_data_array.data_array_q_1725__$_DLATCH_P__Q:G
I20260921 12:42:49.702143     4 StaDataPropagation.cc:249] propagate start vertex u_core.u_icache.u_riscv32_icache_data_array.data_array_q_1905__$_DLATCH_P__Q:G
I20260921 12:42:49.703016     4 StaDataPropagation.cc:249] propagate start vertex u_core.u_icache.u_riscv32_icache_data_array.data_array_q_241__$_DLATCH_P__Q:G
I20260921 12:42:49.703809     4 StaDataPropagation.cc:249] propagate start vertex u_core.u_icache.u_riscv32_icache_data_array.data_array_q_421__$_DLATCH_P__Q:G
I20260921 12:42:49.704653     4 StaDataPropagation.cc:249] propagate start vertex u_core.u_icache.u_riscv32_icache_data_array.data_array_q_601__$_DLATCH_P__Q:G
I20260921 12:42:49.705480     4 StaDataPropagation.cc:249] propagate start vertex u_core.u_icache.u_riscv32_icache_data_array.data_array_q_782__$_DLATCH_P__Q:G
I20260921 12:42:49.706223     4 StaDataPropagation.cc:249] propagate start vertex u_core.u_icache.u_riscv32_icache_data_array.data_array_q_962__$_DLATCH_P__Q:G
I20260921 12:42:49.710909     4 StaDataPropagation.cc:249] propagate start vertex u_core.u_icache.u_riscv32_icache_tag_array.tag_array_q[0]_157__reg_p:CK
I20260921 12:42:49.711916     4 StaDataPropagation.cc:249] propagate start vertex u_core.u_icache.u_riscv32_icache_tag_array.tag_array_q[0]_337__reg_p:CK
I20260921 12:42:49.715161     4 StaDataPropagation.cc:249] propagate start vertex u_core.u_ifu.lookup_queue_prediction_array_q[1]_17__reg_p:CK
I20260921 12:42:49.718264     4 StaDataPropagation.cc:249] propagate start vertex u_core.u_lsu.memory_writeback_74__reg_p:CK
I20260921 12:42:49.720129     4 StaDataPropagation.cc:249] propagate start vertex u_core.u_regfile.gpr_array_q[13]_17__reg_p:CK
I20260921 12:42:49.721470     4 StaDataPropagation.cc:249] propagate start vertex u_core.u_regfile.gpr_array_q[19]_24__reg_p:CK
I20260921 12:42:49.722728     4 StaDataPropagation.cc:249] propagate start vertex u_core.u_regfile.gpr_array_q[24]_31__reg_p:CK
I20260921 12:42:49.724064     4 StaDataPropagation.cc:249] propagate start vertex u_core.u_regfile.gpr_array_q[30]_0__reg_p:CK
I20260921 12:42:49.985384     4 StaDataPropagation.cc:703] data bwd propagation end
I20260921 12:42:49.985544     4 Sta.cc:2895] update timing end
I20260921 12:42:49.985643     4 Sta.cc:2898] update timing memory usage 2033.18MB
I20260921 12:42:49.985687     4 Sta.cc:2900] update timing time elapsed 4.52262s
I20260921 12:42:49.986660     4 Sta.cc:2998] start write sta report.
I20260921 12:42:49.986713     4 Sta.cc:2999] output sta report path: /home/yong/ysyx/ysyx-workbench-rv32-interview/npc/result/verification/rv32-fence-error-fix-20260921/sta/riscv32_core_reset_boundary-580MHz-buffered
I20260921 12:42:50.004498     4 StaReport.cc:211] report the clock group core_clock 5 timing paths.
I20260921 12:42:50.004987     4 StaReport.cc:206] report the clock group **clock_gating_default** 5 timing paths.
I20260921 12:42:50.019512     4 StaReport.cc:211] report the clock group core_clock 5 timing paths.
I20260921 12:42:50.021719     4 StaReport.cc:206] report the clock group **clock_gating_default** 5 timing paths.
I20260921 12:42:50.048065     4 StaReport.cc:211] report the clock group core_clock 1 timing paths.
I20260921 12:42:50.048652     4 StaReport.cc:206] report the clock group **clock_gating_default** 1 timing paths.
I20260921 12:42:50.060837     4 StaReport.cc:211] report the clock group core_clock 5 timing paths.
I20260921 12:42:50.061380     4 StaReport.cc:206] report the clock group **clock_gating_default** 5 timing paths.
Could not create log file: Read-only file system
COULD NOT CREATE LOGFILE '20260921-124250.4'!
I20260921 12:42:50.073922     4 StaReport.cc:211] report the clock group core_clock 5 timing paths.
I20260921 12:42:50.075030     4 StaReport.cc:206] report the clock group **clock_gating_default** 5 timing paths.
I20260921 12:42:50.098196     4 StaReport.cc:211] report the clock group core_clock 1 timing paths.
I20260921 12:42:50.098819     4 StaReport.cc:206] report the clock group **clock_gating_default** 1 timing paths.
I20260921 12:42:50.098892     4 Sta.cc:1885] 
+--------------------------------------------------------------------------------------------------------+--------------------------+------------+------------+---------------+-------+-------+-----------+
| Endpoint                                                                                               | Clock Group              | Delay Type | Path Delay | Path Required | CPPR  | Slack | Freq(MHz) |
+--------------------------------------------------------------------------------------------------------+--------------------------+------------+------------+---------------+-------+-------+-----------+
| data_axi4_manager_o_90_                                                                                | core_clock               | max        | 1.361r     | 1.379         | 0.000 | 0.018 | 586.271   |
| data_axi4_manager_o_52_                                                                                | core_clock               | max        | 1.361r     | 1.379         | 0.000 | 0.018 | 586.271   |
| u_core.execute_packet_58__reg_p:D                                                                      | core_clock               | max        | 1.605f     | 1.683         | 0.000 | 0.078 | 607.669   |
| u_core.execute_packet_58__reg_p:D                                                                      | core_clock               | max        | 1.605f     | 1.683         | 0.000 | 0.078 | 607.669   |
| data_axi4_manager_o_1_                                                                                 | core_clock               | max        | 1.301r     | 1.379         | 0.000 | 0.079 | 607.722   |
| u_core.u_ifu.predictor_fetch_pc_q_0__reg_p_CK_CLKGATE_X1_GCK:E                                         | **clock_gating_default** | max        | 1.577f     | 1.674         | 0.000 | 0.096 | NA        |
| u_core.u_ifu.predictor_fetch_pc_q_0__reg_p_CK_CLKGATE_X1_GCK_E_AOI22_X1_ZN_A1_CLKGATE_X1_E:E           | **clock_gating_default** | max        | 1.565r     | 1.674         | 0.000 | 0.109 | NA        |
| u_core.u_ifu.predictor_fetch_pc_q_0__reg_p_CK_CLKGATE_X1_GCK:E                                         | **clock_gating_default** | max        | 1.558r     | 1.672         | 0.000 | 0.114 | NA        |
| u_core.u_ifu.lookup_queue_entry_count_q_0__reg_p_CK_CLKGATE_X1_GCK:E                                   | **clock_gating_default** | max        | 1.554r     | 1.673         | 0.000 | 0.119 | NA        |
| u_core.u_ifu.lookup_queue_write_index_q_reg_p_QN_AND2_X1_A1_ZN_CLKGATE_X1_E:E                          | **clock_gating_default** | max        | 1.550r     | 1.675         | 0.000 | 0.125 | NA        |
| u_core.next_pc_predictor_lookup_request_epoch_0__reg_p:D                                               | core_clock               | min        | 0.066r     | 0.006         | 0.000 | 0.060 | NA        |
| u_core.next_pc_predictor_lookup_request_epoch_0__reg_p:D                                               | core_clock               | min        | 0.066r     | 0.006         | 0.000 | 0.060 | NA        |
| u_core.u_ifu.lookup_queue_read_index_q_reg_p:D                                                         | core_clock               | min        | 0.066r     | 0.006         | 0.000 | 0.060 | NA        |
| u_core.u_ifu.lookup_queue_read_index_q_reg_p:D                                                         | core_clock               | min        | 0.066r     | 0.006         | 0.000 | 0.060 | NA        |
| u_core.next_pc_predictor_lookup_request_epoch_0__reg_p:D                                               | core_clock               | min        | 0.065f     | 0.003         | 0.000 | 0.062 | NA        |
| u_core.u_ifu.lookup_queue_write_index_q_reg_p_QN_AND2_X1_A1_ZN_CLKGATE_X1_E:E                          | **clock_gating_default** | min        | 0.095r     | -0.002        | 0.000 | 0.096 | NA        |
| u_core.completion_result_valid_CLKGATE_X1_E:E                                                          | **clock_gating_default** | min        | 0.097r     | -0.000        | 0.000 | 0.098 | NA        |
| u_core.decoded_execute_packet_ready_CLKGATE_X1_E:E                                                     | **clock_gating_default** | min        | 0.105r     | -0.002        | 0.000 | 0.107 | NA        |
| u_core.u_data_mem.gen_dcache.u_dcache.u_dcache_axi.refill_word_index_q_0__reg_p_CK_CLKGATE_X1_GCK:E    | **clock_gating_default** | min        | 0.092f     | -0.015        | 0.000 | 0.107 | NA        |
| u_core.u_data_mem.gen_dcache.u_dcache.u_dcache_axi.writeback_word_index_q_0__reg_p_CK_CLKGATE_X1_GCK:E | **clock_gating_default** | min        | 0.107r     | -0.001        | 0.000 | 0.108 | NA        |
+--------------------------------------------------------------------------------------------------------+--------------------------+------------+------------+---------------+-------+-------+-----------+
I20260921 12:42:50.099134     4 Sta.cc:1886] 
+------------+------------+-------+
| Clock      | Delay Type | TNS   |
+------------+------------+-------+
| core_clock | max        | 0.000 |
| core_clock | min        | 0.000 |
+------------+------------+-------+
I20260921 12:42:50.522157     4 NetlistWriter.cc:52] start write verilog file /home/yong/ysyx/ysyx-workbench-rv32-interview/npc/result/verification/rv32-fence-error-fix-20260921/sta/riscv32_core_reset_boundary-580MHz-buffered/riscv32_core_reset_boundary.v
I20260921 12:42:50.958577     4 NetlistWriter.cc:71] finish write verilog file /home/yong/ysyx/ysyx-workbench-rv32-interview/npc/result/verification/rv32-fence-error-fix-20260921/sta/riscv32_core_reset_boundary-580MHz-buffered/riscv32_core_reset_boundary.v
I20260921 12:42:50.964092     4 Sta.cc:3111] used lib: /home/yong/ysyx/ysyx-workbench-rv32-interview/npc/result/sta/rv32-interrupt-20260906/toolflow/scripts/../pdk/nangate45/lib/Nangate45_typ.lib
I20260921 12:42:50.964181     4 Sta.cc:3096] The timing engine run success.
