Generate the report at 2026-09-19T17:18:40, GitVersion: aa25008b3778a76ae1975c839d4cc459f7f7b3b7.
+------------------------------------------------------------------------------------------------------------------+--------------------------+------------+------------+---------------+-------+-------+-----------+
| Endpoint                                                                                                         | Clock Group              | Delay Type | Path Delay | Path Required | CPPR  | Slack | Freq(MHz) |
+------------------------------------------------------------------------------------------------------------------+--------------------------+------------+------------+---------------+-------+-------+-----------+
| data_axi4_manager_o_1_                                                                                           | core_clock               | max        | 1.299r     | 1.333         | 0.000 | 0.034 | 612.620   |
| data_axi4_manager_o_52_                                                                                          | core_clock               | max        | 1.289r     | 1.333         | 0.000 | 0.044 | 616.473   |
| u_core.u_ifu.predictor_fetch_pc_q_25__reg_p:D                                                                    | core_clock               | max        | 1.556f     | 1.625         | 0.000 | 0.069 | 626.105   |
| u_core.u_ifu.predictor_fetch_pc_q_25__reg_p:D                                                                    | core_clock               | max        | 1.556f     | 1.625         | 0.000 | 0.069 | 626.105   |
| u_core.u_ifu.predictor_fetch_pc_q_19__reg_p:D                                                                    | core_clock               | max        | 1.556f     | 1.625         | 0.000 | 0.069 | 626.106   |
| u_core.u_ifu.lookup_queue_entry_count_q_0__reg_p_CK_CLKGATE_X1_GCK:E                                             | **clock_gating_default** | max        | 1.555f     | 1.616         | 0.000 | 0.061 | NA        |
| u_core.u_ifu.lookup_queue_write_index_q_reg_p_QN_AND3_X1_A1_ZN_CLKGATE_X1_E:E                                    | **clock_gating_default** | max        | 1.544r     | 1.617         | 0.000 | 0.073 | NA        |
| u_core.u_ifu.lookup_queue_write_index_q_AND3_X1_A1_ZN_CLKGATE_X1_E:E                                             | **clock_gating_default** | max        | 1.544r     | 1.617         | 0.000 | 0.073 | NA        |
| u_core.u_ifu.lookup_queue_write_index_q_reg_p_CK_CLKGATE_X1_GCK:E                                                | **clock_gating_default** | max        | 1.527r     | 1.612         | 0.000 | 0.084 | NA        |
| u_core.u_ifu.predictor_fetch_pc_d_13__OAI21_X1_ZN_B2_INV_X1_A_ZN_CLKGATE_X1_E:E                                  | **clock_gating_default** | max        | 1.510r     | 1.617         | 0.000 | 0.107 | NA        |
| u_core.u_lsu.memory_writeback_134__reg_p:D                                                                       | core_clock               | min        | 0.066r     | 0.007         | 0.000 | 0.059 | NA        |
| u_core.u_lsu.memory_writeback_134__reg_p:D                                                                       | core_clock               | min        | 0.066r     | 0.007         | 0.000 | 0.059 | NA        |
| u_core.u_ifu.lookup_queue_read_index_q_reg_p:D                                                                   | core_clock               | min        | 0.066r     | 0.006         | 0.000 | 0.060 | NA        |
| u_core.u_ifu.lookup_queue_read_index_q_reg_p:D                                                                   | core_clock               | min        | 0.066r     | 0.006         | 0.000 | 0.060 | NA        |
| u_core.next_pc_predictor_lookup_request_epoch_0__reg_p:D                                                         | core_clock               | min        | 0.066r     | 0.006         | 0.000 | 0.060 | NA        |
| u_core.u_data_mem.gen_dcache.u_dcache.u_dcache_axi.writeback_req_ready_o_reg_p_QN_AOI211_X1_C1_ZN_CLKGATE_X1_E:E | **clock_gating_default** | min        | 0.082f     | -0.015        | 0.000 | 0.097 | NA        |
| u_core.u_data_mem.gen_dcache.u_dcache.u_dcache_axi.writeback_req_ready_o_reg_p_QN_AOI211_X1_C1_ZN_CLKGATE_X1_E:E | **clock_gating_default** | min        | 0.102r     | 0.001         | 0.000 | 0.100 | NA        |
| u_core.u_data_mem.gen_dcache.u_dcache.store_write_bypass_present_q_reg_p_CK_CLKGATE_X1_GCK:E                     | **clock_gating_default** | min        | 0.102r     | -0.001        | 0.000 | 0.103 | NA        |
| u_core.u_ifu.lookup_queue_write_index_q_reg_p_QN_AND3_X1_A1_ZN_CLKGATE_X1_E:E                                    | **clock_gating_default** | min        | 0.104r     | -0.001        | 0.000 | 0.105 | NA        |
| u_core.u_data_mem.gen_dcache.u_dcache.u_dcache_axi.refill_word_index_q_0__reg_p_CK_CLKGATE_X1_GCK:E              | **clock_gating_default** | min        | 0.092f     | -0.015        | 0.000 | 0.107 | NA        |
+------------------------------------------------------------------------------------------------------------------+--------------------------+------------+------------+---------------+-------+-------+-----------+
+------------+------------+-------+
| Clock      | Delay Type | TNS   |
+------------+------------+-------+
| core_clock | max        | 0.000 |
| core_clock | min        | 0.000 |
+------------+------------+-------+
+-----------------------------------------------------------------------------------------------------------------------------------------------------------------+--------+-------------+------------+------------+-------------+--------+----------------+
| Point                                                                                                                                                           | Fanout | Capacitance | Resistance | Transition | Delta Delay | Incr   | Path           |
+-----------------------------------------------------------------------------------------------------------------------------------------------------------------+--------+-------------+------------+------------+-------------+--------+----------------+
| data_axi4_manager_i_0_ (port)                                                                                                                                   |        | 0.014       | 0.000      | 0.100      |             | 0.000  | 0.000r         |
| clock core_clock (rise edge)                                                                                                                                    |        |             |            |            |             | 0      | 0              |
| clock network delay (ideal)                                                                                                                                     |        |             |            |            |             | 0.000  | 0.000          |
| data_axi4_manager_i_0_ (port)                                                                                                                                   |        | 0.014       | 0.000      | 0.100      |             | 0.333  | 0.333r         |
| data_axi4_manager_i_0_ (net)                                                                                                                                    | 9      |             |            |            | 0.000       |        |                |
| u_core.u_data_mem.gen_dcache.u_dcache.refill_req_ready_reg_p_D_OAI21_X1_ZN_A_NAND4_X1_ZN_A2_AOI21_X1_ZN_A_NAND4_X1_ZN:A3 (NAND4_X1)                             |        | 0.002       | 0.000      | 0.100      |             | 0.000  | 0.333r         |
| u_core.u_data_mem.gen_dcache.u_dcache.refill_req_ready_reg_p_D_OAI21_X1_ZN_A_NAND4_X1_ZN_A2_AOI21_X1_ZN_A_NAND4_X1_ZN:ZN (NAND4_X1)                             |        | 0.003       | 0.000      | 0.031      |             | 0.054  | 0.387f         |
| u_core.u_data_mem.gen_dcache.u_dcache.refill_req_ready_reg_p_D_OAI21_X1_ZN_A_NAND4_X1_ZN_A2_AOI21_X1_ZN_A (net)                                                 | 2      |             |            |            | 0.000       |        |                |
| u_core.u_data_mem.gen_dcache.u_dcache.refill_req_ready_reg_p_D_OAI21_X1_ZN_A_NAND4_X1_ZN_A2_AOI21_X1_ZN_A_OAI33_X1_B3:B3 (OAI33_X1)                             |        | 0.002       | 0.000      | 0.031      |             | 0.000  | 0.387f         |
| u_core.u_data_mem.gen_dcache.u_dcache.refill_req_ready_reg_p_D_OAI21_X1_ZN_A_NAND4_X1_ZN_A2_AOI21_X1_ZN_A_OAI33_X1_B3:ZN (OAI33_X1)                             |        | 0.002       | 0.000      | 0.059      |             | 0.086  | 0.473r         |
| u_core.u_data_mem.gen_dcache.u_dcache.refill_req_ready_reg_p_D_OAI21_X1_ZN_A_NAND4_X1_ZN_A2_AOI21_X1_ZN_A_OAI33_X1_B3_ZN (net)                                  | 1      |             |            |            | 0.000       |        |                |
| u_core.u_data_mem.gen_dcache.u_dcache.refill_req_ready_reg_p_D_OAI21_X1_ZN_A_NAND4_X1_ZN_A2_AOI21_X1_ZN_A_OAI33_X1_B3_ZN_BUF_X2_A:A (BUF_X2)                    |        | 0.002       | 0.000      | 0.059      |             | 0.000  | 0.473r         |
| u_core.u_data_mem.gen_dcache.u_dcache.refill_req_ready_reg_p_D_OAI21_X1_ZN_A_NAND4_X1_ZN_A2_AOI21_X1_ZN_A_OAI33_X1_B3_ZN_BUF_X2_A:Z (BUF_X2)                    |        | 0.024       | 0.000      | 0.032      |             | 0.057  | 0.530r         |
| u_core.u_data_mem.gen_dcache.u_dcache.u_miss_unit.requested_word_data_q_2__reg_p_QN_OAI211_X1_C2_B (net)                                                        | 15     |             |            |            | 0.000       |        |                |
| u_core.u_data_mem.gen_dcache.u_dcache.u_miss_unit.miss_context_q_114__MUX2_X1_A_S_NAND2_X1_ZN:A2 (NAND2_X1)                                                     |        | 0.002       | 0.000      | 0.032      |             | 0.000  | 0.530r         |
| u_core.u_data_mem.gen_dcache.u_dcache.u_miss_unit.miss_context_q_114__MUX2_X1_A_S_NAND2_X1_ZN:ZN (NAND2_X1)                                                     |        | 0.016       | 0.000      | 0.033      |             | 0.051  | 0.581f         |
| u_core.u_data_mem.gen_dcache.u_dcache.u_miss_unit.miss_context_q_114__MUX2_X1_A_S (net)                                                                         | 10     |             |            |            | 0.000       |        |                |
| u_core.u_data_mem.gen_dcache.u_dcache.array_read_tag_array_16__XNOR2_X1_A_ZN_NAND4_X1_A1_ZN_OR3_X1_A1_ZN_OAI33_X1_B1_ZN_AOI21_X1_B1_A_NAND3_X1_ZN:A2 (NAND3_X1) |        | 0.002       | 0.000      | 0.033      |             | 0.000  | 0.581f         |
| u_core.u_data_mem.gen_dcache.u_dcache.array_read_tag_array_16__XNOR2_X1_A_ZN_NAND4_X1_A1_ZN_OR3_X1_A1_ZN_OAI33_X1_B1_ZN_AOI21_X1_B1_A_NAND3_X1_ZN:ZN (NAND3_X1) |        | 0.002       | 0.000      | 0.021      |             | 0.029  | 0.610r         |
| u_core.u_data_mem.gen_dcache.u_dcache.array_read_tag_array_16__XNOR2_X1_A_ZN_NAND4_X1_A1_ZN_OR3_X1_A1_ZN_OAI33_X1_B1_ZN_AOI21_X1_B1_A (net)                     | 1      |             |            |            | 0.000       |        |                |
| u_core.u_data_mem.gen_dcache.u_dcache.array_read_tag_array_16__XNOR2_X1_A_ZN_NAND4_X1_A1_ZN_OR3_X1_A1_ZN_OAI33_X1_B1_ZN_AOI21_X1_B1:A (AOI21_X1)                |        | 0.002       | 0.000      | 0.021      |             | 0.000  | 0.610r         |
| u_core.u_data_mem.gen_dcache.u_dcache.array_read_tag_array_16__XNOR2_X1_A_ZN_NAND4_X1_A1_ZN_OR3_X1_A1_ZN_OAI33_X1_B1_ZN_AOI21_X1_B1:ZN (AOI21_X1)               |        | 0.015       | 0.000      | 0.040      |             | 0.034  | 0.644f         |
| u_core.resolved_execute_result_176__OAI221_X1_A_C1 (net)                                                                                                        | 11     |             |            |            | 0.000       |        |                |
| u_core.resolved_execute_result_176__OAI221_X1_A_C1_OAI22_X1_A1:A1 (OAI22_X1)                                                                                    |        | 0.002       | 0.000      | 0.040      |             | 0.000  | 0.644f         |
| u_core.resolved_execute_result_176__OAI221_X1_A_C1_OAI22_X1_A1:ZN (OAI22_X1)                                                                                    |        | 0.001       | 0.000      | 0.027      |             | 0.037  | 0.681r         |
| u_core.resolved_execute_result_176__OAI221_X1_A_C1_OAI22_X1_A1_ZN (net)                                                                                         | 1      |             |            |            | 0.000       |        |                |
| u_core.resolved_execute_result_176__OAI221_X1_A_C1_OAI22_X1_A1_ZN_BUF_X1_A:A (BUF_X1)                                                                           |        | 0.001       | 0.000      | 0.027      |             | 0.000  | 0.681r         |
| u_core.resolved_execute_result_176__OAI221_X1_A_C1_OAI22_X1_A1_ZN_BUF_X1_A:Z (BUF_X1)                                                                           |        | 0.029       | 0.000      | 0.069      |             | 0.093  | 0.774r         |
| u_core.completion_result_421__MUX2_X1_Z_S (net)                                                                                                                 | 18     |             |            |            | 0.000       |        |                |
| u_core.u_lsu.memory_writeback_87__reg_p_QN_OAI22_X1_B2_B1_AND3_X1_A3:A1 (AND3_X1)                                                                               |        | 0.001       | 0.000      | 0.069      |             | 0.000  | 0.774r         |
| u_core.u_lsu.memory_writeback_87__reg_p_QN_OAI22_X1_B2_B1_AND3_X1_A3:ZN (AND3_X1)                                                                               |        | 0.003       | 0.000      | 0.014      |             | 0.062  | 0.837r         |
| u_core.resolved_execute_result_208__OAI21_X1_B2_ZN_OAI21_X1_A_B1 (net)                                                                                          | 2      |             |            |            | 0.000       |        |                |
| u_core.resolved_execute_result_208__OAI21_X1_B2_ZN_OAI21_X1_A:B1 (OAI21_X1)                                                                                     |        | 0.002       | 0.000      | 0.014      |             | 0.000  | 0.837r         |
| u_core.resolved_execute_result_208__OAI21_X1_B2_ZN_OAI21_X1_A:ZN (OAI21_X1)                                                                                     |        | 0.006       | 0.000      | 0.025      |             | 0.025  | 0.861f         |
| u_core.u_lsu.state_d_0__AOI211_X1_ZN_A_OR4_X1_A1_A2 (net)                                                                                                       | 5      |             |            |            | 0.000       |        |                |
| u_core.u_lsu.state_d_0__AOI211_X1_ZN_A_OR4_X1_A1:A2 (OR4_X1)                                                                                                    |        | 0.001       | 0.000      | 0.025      |             | 0.000  | 0.861f         |
| u_core.u_lsu.state_d_0__AOI211_X1_ZN_A_OR4_X1_A1:ZN (OR4_X1)                                                                                                    |        | 0.004       | 0.000      | 0.022      |             | 0.117  | 0.978f         |
| u_core.u_lsu.state_d_1__AOI21_X1_ZN_B2 (net)                                                                                                                    | 3      |             |            |            | 0.000       |        |                |
| u_core.u_lsu.state_d_1__AOI21_X1_ZN_B2_AOI21_X1_B1:B1 (AOI21_X1)                                                                                                |        | 0.002       | 0.000      | 0.022      |             | 0.000  | 0.978f         |
| u_core.u_lsu.state_d_1__AOI21_X1_ZN_B2_AOI21_X1_B1:ZN (AOI21_X1)                                                                                                |        | 0.006       | 0.000      | 0.042      |             | 0.053  | 1.031r         |
| u_core.u_lsu.state_d_0__AOI211_X1_ZN_C2 (net)                                                                                                                   | 4      |             |            |            | 0.000       |        |                |
| u_core.u_data_mem.route_state_d_0__AOI21_X1_ZN_B2_OAI211_X1_B_ZN_OAI211_X1_C2:A (OAI211_X1)                                                                     |        | 0.002       | 0.000      | 0.042      |             | 0.000  | 1.031r         |
| u_core.u_data_mem.route_state_d_0__AOI21_X1_ZN_B2_OAI211_X1_B_ZN_OAI211_X1_C2:ZN (OAI211_X1)                                                                    |        | 0.009       | 0.000      | 0.033      |             | 0.059  | 1.091f         |
| u_core.u_lsu.state_d_0__AOI211_X1_ZN_C1_NAND4_X1_ZN_A4_NOR3_X1_A2_A1 (net)                                                                                      | 6      |             |            |            | 0.000       |        |                |
| u_core.u_data_mem.route_state_d_1__AOI21_X1_ZN_B2_NOR3_X1_A1:A2 (NOR3_X1)                                                                                       |        | 0.002       | 0.000      | 0.033      |             | 0.000  | 1.091f         |
| u_core.u_data_mem.route_state_d_1__AOI21_X1_ZN_B2_NOR3_X1_A1:ZN (NOR3_X1)                                                                                       |        | 0.014       | 0.000      | 0.113      |             | 0.151  | 1.241r         |
| u_core.u_data_mem.u_uncached_axi.local_req_handshake (net)                                                                                                      | 9      |             |            |            | 0.000       |        |                |
| u_core.u_data_mem.u_uncached_axi.hold_read_address_reg_p_D_AOI211_X1_ZN_B_NOR2_X1_ZN_A1_AOI22_X1_ZN:B1 (AOI22_X1)                                               |        | 0.002       | 0.000      | 0.113      |             | 0.000  | 1.241r         |
| u_core.u_data_mem.u_uncached_axi.hold_read_address_reg_p_D_AOI211_X1_ZN_B_NOR2_X1_ZN_A1_AOI22_X1_ZN:ZN (AOI22_X1)                                               |        | 0.003       | 0.000      | 0.031      |             | 0.042  | 1.283f         |
| u_core.u_data_mem.u_uncached_axi.hold_read_address_reg_p_D_AOI211_X1_ZN_B_NOR2_X1_ZN_A1 (net)                                                                   | 2      |             |            |            | 0.000       |        |                |
| u_core.u_data_mem.u_uncached_axi.hold_read_address_reg_p_D_AOI211_X1_ZN_B_NOR2_X1_ZN_A1_NAND2_X1_A1:A1 (NAND2_X1)                                               |        | 0.002       | 0.000      | 0.031      |             | 0.000  | 1.283f         |
| u_core.u_data_mem.u_uncached_axi.hold_read_address_reg_p_D_AOI211_X1_ZN_B_NOR2_X1_ZN_A1_NAND2_X1_A1:ZN (NAND2_X1)                                               |        | 0.000       | 0.000      | 0.012      |             | 0.016  | 1.299r         |
| data_axi4_manager_o_1_ (port)                                                                                                                                   |        | 0.000       | 0.000      | 0.012      |             | 0.000  | 1.299r         |
|                                                                                                                                                                 |        |             |            |            |             |        |                |
| clk_i (port)                                                                                                                                                    |        | 0.951       | 0.000      | 0.100      |             | 0.000  | 0.000r         |
| clock core_clock (rise edge)                                                                                                                                    |        |             |            |            |             | 1.666  | 1.666          |
| clock network delay (ideal)                                                                                                                                     |        |             |            |            |             | 0.000  | 1.666          |
| clk_i (port)                                                                                                                                                    |        |             |            |            |             |        | 1.666r         |
| output external max delay time                                                                                                                                  |        |             |            |            |             | -0.333 | 1.333          |
|                                                                                                                                                                 |        |             |            |            |             |        |                |
| path cell delay                                                                                                                                                 |        |             |            |            |             |        | 0.966(74.339%) |
| path net delay                                                                                                                                                  |        |             |            |            |             |        | 0.000(0.000%)  |
|                                                                                                                                                                 |        |             |            |            |             |        |                |
| data require time                                                                                                                                               |        |             |            |            |             |        | 1.333          |
| data arrival time                                                                                                                                               |        |             |            |            |             |        | 1.299          |
| slack (MET)                                                                                                                                                     |        |             |            |            |             |        | 0.034          |
+-----------------------------------------------------------------------------------------------------------------------------------------------------------------+--------+-------------+------------+------------+-------------+--------+----------------+
+-----------------------------------------------------------------------------------------------------------------------------------------------------------------+--------+-------------+------------+------------+-------------+--------+----------------+
| Point                                                                                                                                                           | Fanout | Capacitance | Resistance | Transition | Delta Delay | Incr   | Path           |
+-----------------------------------------------------------------------------------------------------------------------------------------------------------------+--------+-------------+------------+------------+-------------+--------+----------------+
| data_axi4_manager_i_0_ (port)                                                                                                                                   |        | 0.014       | 0.000      | 0.100      |             | 0.000  | 0.000r         |
| clock core_clock (rise edge)                                                                                                                                    |        |             |            |            |             | 0      | 0              |
| clock network delay (ideal)                                                                                                                                     |        |             |            |            |             | 0.000  | 0.000          |
| data_axi4_manager_i_0_ (port)                                                                                                                                   |        | 0.014       | 0.000      | 0.100      |             | 0.333  | 0.333r         |
| data_axi4_manager_i_0_ (net)                                                                                                                                    | 9      |             |            |            | 0.000       |        |                |
| u_core.u_data_mem.gen_dcache.u_dcache.refill_req_ready_reg_p_D_OAI21_X1_ZN_A_NAND4_X1_ZN_A2_AOI21_X1_ZN_A_NAND4_X1_ZN:A3 (NAND4_X1)                             |        | 0.002       | 0.000      | 0.100      |             | 0.000  | 0.333r         |
| u_core.u_data_mem.gen_dcache.u_dcache.refill_req_ready_reg_p_D_OAI21_X1_ZN_A_NAND4_X1_ZN_A2_AOI21_X1_ZN_A_NAND4_X1_ZN:ZN (NAND4_X1)                             |        | 0.003       | 0.000      | 0.031      |             | 0.054  | 0.387f         |
| u_core.u_data_mem.gen_dcache.u_dcache.refill_req_ready_reg_p_D_OAI21_X1_ZN_A_NAND4_X1_ZN_A2_AOI21_X1_ZN_A (net)                                                 | 2      |             |            |            | 0.000       |        |                |
| u_core.u_data_mem.gen_dcache.u_dcache.refill_req_ready_reg_p_D_OAI21_X1_ZN_A_NAND4_X1_ZN_A2_AOI21_X1_ZN_A_OAI33_X1_B3:B3 (OAI33_X1)                             |        | 0.002       | 0.000      | 0.031      |             | 0.000  | 0.387f         |
| u_core.u_data_mem.gen_dcache.u_dcache.refill_req_ready_reg_p_D_OAI21_X1_ZN_A_NAND4_X1_ZN_A2_AOI21_X1_ZN_A_OAI33_X1_B3:ZN (OAI33_X1)                             |        | 0.002       | 0.000      | 0.059      |             | 0.086  | 0.473r         |
| u_core.u_data_mem.gen_dcache.u_dcache.refill_req_ready_reg_p_D_OAI21_X1_ZN_A_NAND4_X1_ZN_A2_AOI21_X1_ZN_A_OAI33_X1_B3_ZN (net)                                  | 1      |             |            |            | 0.000       |        |                |
| u_core.u_data_mem.gen_dcache.u_dcache.refill_req_ready_reg_p_D_OAI21_X1_ZN_A_NAND4_X1_ZN_A2_AOI21_X1_ZN_A_OAI33_X1_B3_ZN_BUF_X2_A:A (BUF_X2)                    |        | 0.002       | 0.000      | 0.059      |             | 0.000  | 0.473r         |
| u_core.u_data_mem.gen_dcache.u_dcache.refill_req_ready_reg_p_D_OAI21_X1_ZN_A_NAND4_X1_ZN_A2_AOI21_X1_ZN_A_OAI33_X1_B3_ZN_BUF_X2_A:Z (BUF_X2)                    |        | 0.024       | 0.000      | 0.032      |             | 0.057  | 0.530r         |
| u_core.u_data_mem.gen_dcache.u_dcache.u_miss_unit.requested_word_data_q_2__reg_p_QN_OAI211_X1_C2_B (net)                                                        | 15     |             |            |            | 0.000       |        |                |
| u_core.u_data_mem.gen_dcache.u_dcache.u_miss_unit.miss_context_q_114__MUX2_X1_A_S_NAND2_X1_ZN:A2 (NAND2_X1)                                                     |        | 0.002       | 0.000      | 0.032      |             | 0.000  | 0.530r         |
| u_core.u_data_mem.gen_dcache.u_dcache.u_miss_unit.miss_context_q_114__MUX2_X1_A_S_NAND2_X1_ZN:ZN (NAND2_X1)                                                     |        | 0.016       | 0.000      | 0.033      |             | 0.051  | 0.581f         |
| u_core.u_data_mem.gen_dcache.u_dcache.u_miss_unit.miss_context_q_114__MUX2_X1_A_S (net)                                                                         | 10     |             |            |            | 0.000       |        |                |
| u_core.u_data_mem.gen_dcache.u_dcache.array_read_tag_array_16__XNOR2_X1_A_ZN_NAND4_X1_A1_ZN_OR3_X1_A1_ZN_OAI33_X1_B1_ZN_AOI21_X1_B1_A_NAND3_X1_ZN:A2 (NAND3_X1) |        | 0.002       | 0.000      | 0.033      |             | 0.000  | 0.581f         |
| u_core.u_data_mem.gen_dcache.u_dcache.array_read_tag_array_16__XNOR2_X1_A_ZN_NAND4_X1_A1_ZN_OR3_X1_A1_ZN_OAI33_X1_B1_ZN_AOI21_X1_B1_A_NAND3_X1_ZN:ZN (NAND3_X1) |        | 0.002       | 0.000      | 0.021      |             | 0.029  | 0.610r         |
| u_core.u_data_mem.gen_dcache.u_dcache.array_read_tag_array_16__XNOR2_X1_A_ZN_NAND4_X1_A1_ZN_OR3_X1_A1_ZN_OAI33_X1_B1_ZN_AOI21_X1_B1_A (net)                     | 1      |             |            |            | 0.000       |        |                |
| u_core.u_data_mem.gen_dcache.u_dcache.array_read_tag_array_16__XNOR2_X1_A_ZN_NAND4_X1_A1_ZN_OR3_X1_A1_ZN_OAI33_X1_B1_ZN_AOI21_X1_B1:A (AOI21_X1)                |        | 0.002       | 0.000      | 0.021      |             | 0.000  | 0.610r         |
| u_core.u_data_mem.gen_dcache.u_dcache.array_read_tag_array_16__XNOR2_X1_A_ZN_NAND4_X1_A1_ZN_OR3_X1_A1_ZN_OAI33_X1_B1_ZN_AOI21_X1_B1:ZN (AOI21_X1)               |        | 0.015       | 0.000      | 0.040      |             | 0.034  | 0.644f         |
| u_core.resolved_execute_result_176__OAI221_X1_A_C1 (net)                                                                                                        | 11     |             |            |            | 0.000       |        |                |
| u_core.resolved_execute_result_176__OAI221_X1_A_C1_OAI22_X1_A1:A1 (OAI22_X1)                                                                                    |        | 0.002       | 0.000      | 0.040      |             | 0.000  | 0.644f         |
| u_core.resolved_execute_result_176__OAI221_X1_A_C1_OAI22_X1_A1:ZN (OAI22_X1)                                                                                    |        | 0.001       | 0.000      | 0.027      |             | 0.037  | 0.681r         |
| u_core.resolved_execute_result_176__OAI221_X1_A_C1_OAI22_X1_A1_ZN (net)                                                                                         | 1      |             |            |            | 0.000       |        |                |
| u_core.resolved_execute_result_176__OAI221_X1_A_C1_OAI22_X1_A1_ZN_BUF_X1_A:A (BUF_X1)                                                                           |        | 0.001       | 0.000      | 0.027      |             | 0.000  | 0.681r         |
| u_core.resolved_execute_result_176__OAI221_X1_A_C1_OAI22_X1_A1_ZN_BUF_X1_A:Z (BUF_X1)                                                                           |        | 0.029       | 0.000      | 0.069      |             | 0.093  | 0.774r         |
| u_core.completion_result_421__MUX2_X1_Z_S (net)                                                                                                                 | 18     |             |            |            | 0.000       |        |                |
| u_core.u_lsu.memory_writeback_87__reg_p_QN_OAI22_X1_B2_B1_AND3_X1_A3:A1 (AND3_X1)                                                                               |        | 0.001       | 0.000      | 0.069      |             | 0.000  | 0.774r         |
| u_core.u_lsu.memory_writeback_87__reg_p_QN_OAI22_X1_B2_B1_AND3_X1_A3:ZN (AND3_X1)                                                                               |        | 0.003       | 0.000      | 0.014      |             | 0.062  | 0.837r         |
| u_core.resolved_execute_result_208__OAI21_X1_B2_ZN_OAI21_X1_A_B1 (net)                                                                                          | 2      |             |            |            | 0.000       |        |                |
| u_core.resolved_execute_result_208__OAI21_X1_B2_ZN_OAI21_X1_A:B1 (OAI21_X1)                                                                                     |        | 0.002       | 0.000      | 0.014      |             | 0.000  | 0.837r         |
| u_core.resolved_execute_result_208__OAI21_X1_B2_ZN_OAI21_X1_A:ZN (OAI21_X1)                                                                                     |        | 0.006       | 0.000      | 0.025      |             | 0.025  | 0.861f         |
| u_core.u_lsu.state_d_0__AOI211_X1_ZN_A_OR4_X1_A1_A2 (net)                                                                                                       | 5      |             |            |            | 0.000       |        |                |
| u_core.u_lsu.state_d_0__AOI211_X1_ZN_A_OR4_X1_A1:A2 (OR4_X1)                                                                                                    |        | 0.001       | 0.000      | 0.025      |             | 0.000  | 0.861f         |
| u_core.u_lsu.state_d_0__AOI211_X1_ZN_A_OR4_X1_A1:ZN (OR4_X1)                                                                                                    |        | 0.004       | 0.000      | 0.022      |             | 0.117  | 0.978f         |
| u_core.u_lsu.state_d_1__AOI21_X1_ZN_B2 (net)                                                                                                                    | 3      |             |            |            | 0.000       |        |                |
| u_core.u_lsu.state_d_1__AOI21_X1_ZN_B2_AOI21_X1_B1:B1 (AOI21_X1)                                                                                                |        | 0.002       | 0.000      | 0.022      |             | 0.000  | 0.978f         |
| u_core.u_lsu.state_d_1__AOI21_X1_ZN_B2_AOI21_X1_B1:ZN (AOI21_X1)                                                                                                |        | 0.006       | 0.000      | 0.042      |             | 0.053  | 1.031r         |
| u_core.u_lsu.state_d_0__AOI211_X1_ZN_C2 (net)                                                                                                                   | 4      |             |            |            | 0.000       |        |                |
| u_core.u_data_mem.route_state_d_0__AOI21_X1_ZN_B2_OAI211_X1_B_ZN_OAI211_X1_C2:A (OAI211_X1)                                                                     |        | 0.002       | 0.000      | 0.042      |             | 0.000  | 1.031r         |
| u_core.u_data_mem.route_state_d_0__AOI21_X1_ZN_B2_OAI211_X1_B_ZN_OAI211_X1_C2:ZN (OAI211_X1)                                                                    |        | 0.009       | 0.000      | 0.033      |             | 0.059  | 1.091f         |
| u_core.u_lsu.state_d_0__AOI211_X1_ZN_C1_NAND4_X1_ZN_A4_NOR3_X1_A2_A1 (net)                                                                                      | 6      |             |            |            | 0.000       |        |                |
| u_core.u_data_mem.route_state_d_1__AOI21_X1_ZN_B2_NOR3_X1_A1:A2 (NOR3_X1)                                                                                       |        | 0.002       | 0.000      | 0.033      |             | 0.000  | 1.091f         |
| u_core.u_data_mem.route_state_d_1__AOI21_X1_ZN_B2_NOR3_X1_A1:ZN (NOR3_X1)                                                                                       |        | 0.014       | 0.000      | 0.113      |             | 0.151  | 1.241r         |
| u_core.u_data_mem.u_uncached_axi.local_req_handshake (net)                                                                                                      | 9      |             |            |            | 0.000       |        |                |
| u_core.u_data_mem.u_uncached_axi.hold_read_address_reg_p_D_AOI211_X1_ZN_C2_INV_X1_ZN:A (INV_X1)                                                                 |        | 0.002       | 0.000      | 0.113      |             | 0.000  | 1.241r         |
| u_core.u_data_mem.u_uncached_axi.hold_read_address_reg_p_D_AOI211_X1_ZN_C2_INV_X1_ZN:ZN (INV_X1)                                                                |        | 0.004       | 0.000      | 0.026      |             | 0.020  | 1.262f         |
| u_core.u_data_mem.u_uncached_axi.hold_read_address_reg_p_D_AOI211_X1_ZN_C2 (net)                                                                                | 3      |             |            |            | 0.000       |        |                |
| u_core.u_data_mem.u_uncached_axi.write_data_pending_d_AOI22_X1_ZN_A1_AOI21_X1_ZN_B1_OAI211_X1_B:C1 (OAI211_X1)                                                  |        | 0.002       | 0.000      | 0.026      |             | 0.000  | 1.262f         |
| u_core.u_data_mem.u_uncached_axi.write_data_pending_d_AOI22_X1_ZN_A1_AOI21_X1_ZN_B1_OAI211_X1_B:ZN (OAI211_X1)                                                  |        | 0.000       | 0.000      | 0.021      |             | 0.027  | 1.289r         |
| data_axi4_manager_o_52_ (port)                                                                                                                                  |        | 0.000       | 0.000      | 0.021      |             | 0.000  | 1.289r         |
|                                                                                                                                                                 |        |             |            |            |             |        |                |
| clk_i (port)                                                                                                                                                    |        | 0.951       | 0.000      | 0.100      |             | 0.000  | 0.000r         |
| clock core_clock (rise edge)                                                                                                                                    |        |             |            |            |             | 1.666  | 1.666          |
| clock network delay (ideal)                                                                                                                                     |        |             |            |            |             | 0.000  | 1.666          |
| clk_i (port)                                                                                                                                                    |        |             |            |            |             |        | 1.666r         |
| output external max delay time                                                                                                                                  |        |             |            |            |             | -0.333 | 1.333          |
|                                                                                                                                                                 |        |             |            |            |             |        |                |
| path cell delay                                                                                                                                                 |        |             |            |            |             |        | 0.955(74.136%) |
| path net delay                                                                                                                                                  |        |             |            |            |             |        | 0.000(0.000%)  |
|                                                                                                                                                                 |        |             |            |            |             |        |                |
| data require time                                                                                                                                               |        |             |            |            |             |        | 1.333          |
| data arrival time                                                                                                                                               |        |             |            |            |             |        | 1.289          |
| slack (MET)                                                                                                                                                     |        |             |            |            |             |        | 0.044          |
+-----------------------------------------------------------------------------------------------------------------------------------------------------------------+--------+-------------+------------+------------+-------------+--------+----------------+
+---------------------------------------------------------------------------------------------------------------------------------------------------------------+--------+-------------+------------+------------+-------------+--------+----------------+
| Point                                                                                                                                                         | Fanout | Capacitance | Resistance | Transition | Delta Delay | Incr   | Path           |
+---------------------------------------------------------------------------------------------------------------------------------------------------------------+--------+-------------+------------+------------+-------------+--------+----------------+
| instruction_axi4_manager_i_3_ (port)                                                                                                                          |        | 0.004       | 0.000      | 0.100      |             | 0.000  | 0.000r         |
| clock core_clock (rise edge)                                                                                                                                  |        |             |            |            |             | 0      | 0              |
| clock network delay (ideal)                                                                                                                                   |        |             |            |            |             | 0.000  | 0.000          |
| instruction_axi4_manager_i_3_ (port)                                                                                                                          |        | 0.004       | 0.000      | 0.100      |             | 0.333  | 0.333f         |
| instruction_axi4_manager_i_3_ (net)                                                                                                                           | 3      |             |            |            | 0.000       |        |                |
| u_core.u_icache.u_riscv32_icache_miss_unit.refill_access_fault_seen_q_reg_p_D_NOR3_X1_ZN_A1_AOI21_X1_ZN:B2 (AOI21_X1)                                         |        | 0.002       | 0.000      | 0.100      |             | 0.000  | 0.333f         |
| u_core.u_icache.u_riscv32_icache_miss_unit.refill_access_fault_seen_q_reg_p_D_NOR3_X1_ZN_A1_AOI21_X1_ZN:ZN (AOI21_X1)                                         |        | 0.003       | 0.000      | 0.044      |             | 0.082  | 0.415r         |
| u_core.u_icache.u_riscv32_icache_miss_unit.refill_access_fault_seen_q_reg_p_D_NOR3_X1_ZN_A1 (net)                                                             | 2      |             |            |            | 0.000       |        |                |
| u_core.u_icache.u_riscv32_icache_miss_unit.refill_access_fault_seen_q_reg_p_D_NOR3_X1_ZN_A1_NAND4_X1_A4:A4 (NAND4_X1)                                         |        | 0.002       | 0.000      | 0.044      |             | 0.000  | 0.415r         |
| u_core.u_icache.u_riscv32_icache_miss_unit.refill_access_fault_seen_q_reg_p_D_NOR3_X1_ZN_A1_NAND4_X1_A4:ZN (NAND4_X1)                                         |        | 0.005       | 0.000      | 0.028      |             | 0.048  | 0.463f         |
| u_core.u_icache.u_riscv32_icache_miss_unit.lookup_resp_data_q_2__NAND2_X1_A2_ZN_OAI21_X1_A_B2 (net)                                                           | 3      |             |            |            | 0.000       |        |                |
| u_core.u_icache.u_riscv32_icache_miss_unit.lookup_resp_data_q_2__NAND2_X1_A2_ZN_OAI21_X1_A_B2_BUF_X2_A:A (BUF_X2)                                             |        | 0.002       | 0.000      | 0.028      |             | 0.000  | 0.463f         |
| u_core.u_icache.u_riscv32_icache_miss_unit.lookup_resp_data_q_2__NAND2_X1_A2_ZN_OAI21_X1_A_B2_BUF_X2_A:Z (BUF_X2)                                             |        | 0.037       | 0.000      | 0.023      |             | 0.059  | 0.522f         |
| u_core.u_icache.u_riscv32_icache_miss_unit.lookup_resp_access_fault_q_OAI221_X1_B2_A (net)                                                                    | 24     |             |            |            | 0.000       |        |                |
| u_core.u_icache.u_riscv32_icache_miss_unit.lookup_resp_data_q_6__NAND2_X1_A2_ZN_OAI21_X1_A:B2 (OAI21_X1)                                                      |        | 0.002       | 0.000      | 0.023      |             | 0.000  | 0.522f         |
| u_core.u_icache.u_riscv32_icache_miss_unit.lookup_resp_data_q_6__NAND2_X1_A2_ZN_OAI21_X1_A:ZN (OAI21_X1)                                                      |        | 0.002       | 0.000      | 0.021      |             | 0.038  | 0.560r         |
| u_core.icache_lookup_resp_11__OAI21_X1_ZN_A_OAI21_X1_ZN_A (net)                                                                                               | 1      |             |            |            | 0.000       |        |                |
| u_core.icache_lookup_resp_11__OAI21_X1_ZN_A_OAI21_X1_ZN:A (OAI21_X1)                                                                                          |        | 0.002       | 0.000      | 0.021      |             | 0.000  | 0.560r         |
| u_core.icache_lookup_resp_11__OAI21_X1_ZN_A_OAI21_X1_ZN:ZN (OAI21_X1)                                                                                         |        | 0.003       | 0.000      | 0.028      |             | 0.027  | 0.587f         |
| u_core.icache_lookup_resp_11__OAI21_X1_ZN_A (net)                                                                                                             | 2      |             |            |            | 0.000       |        |                |
| u_core.icache_lookup_resp_11__OAI21_X1_ZN_A_OAI211_X1_B:B (OAI211_X1)                                                                                         |        | 0.002       | 0.000      | 0.028      |             | 0.000  | 0.587f         |
| u_core.icache_lookup_resp_11__OAI21_X1_ZN_A_OAI211_X1_B:ZN (OAI211_X1)                                                                                        |        | 0.006       | 0.000      | 0.045      |             | 0.046  | 0.632r         |
| u_core.icache_lookup_resp_11__OAI21_X1_ZN_A_OAI211_X1_B_ZN (net)                                                                                              | 4      |             |            |            | 0.000       |        |                |
| u_core.icache_lookup_resp_11__OAI21_X1_ZN_A_OAI211_X1_B_ZN_NAND2_X1_A1:A1 (NAND2_X1)                                                                          |        | 0.002       | 0.000      | 0.045      |             | 0.000  | 0.632r         |
| u_core.icache_lookup_resp_11__OAI21_X1_ZN_A_OAI211_X1_B_ZN_NAND2_X1_A1:ZN (NAND2_X1)                                                                          |        | 0.018       | 0.000      | 0.039      |             | 0.063  | 0.696f         |
| u_core.icache_lookup_resp_9__OAI211_X1_C2_B (net)                                                                                                             | 12     |             |            |            | 0.000       |        |                |
| u_core.execute_packet_154__reg_p_D_INV_X1_ZN_A_NAND4_X1_ZN_A2_NOR3_X1_ZN:A2 (NOR3_X1)                                                                         |        | 0.002       | 0.000      | 0.039      |             | 0.000  | 0.696f         |
| u_core.execute_packet_154__reg_p_D_INV_X1_ZN_A_NAND4_X1_ZN_A2_NOR3_X1_ZN:ZN (NOR3_X1)                                                                         |        | 0.009       | 0.000      | 0.078      |             | 0.113  | 0.809r         |
| u_core.execute_packet_154__reg_p_D_INV_X1_ZN_A_NAND4_X1_ZN_A2 (net)                                                                                           | 6      |             |            |            | 0.000       |        |                |
| u_core.decoded_execute_packet_140__AOI211_X1_ZN_A_NAND4_X1_ZN:A2 (NAND4_X1)                                                                                   |        | 0.002       | 0.000      | 0.078      |             | 0.000  | 0.809r         |
| u_core.decoded_execute_packet_140__AOI211_X1_ZN_A_NAND4_X1_ZN:ZN (NAND4_X1)                                                                                   |        | 0.004       | 0.000      | 0.033      |             | 0.060  | 0.869f         |
| u_core.decoded_execute_packet_140__AOI211_X1_ZN_A (net)                                                                                                       | 2      |             |            |            | 0.000       |        |                |
| u_core.decoded_execute_packet_140__AOI211_X1_ZN_A_OAI21_X2_B1:B1 (OAI21_X2)                                                                                   |        | 0.003       | 0.000      | 0.033      |             | 0.000  | 0.869f         |
| u_core.decoded_execute_packet_140__AOI211_X1_ZN_A_OAI21_X2_B1:ZN (OAI21_X2)                                                                                   |        | 0.012       | 0.000      | 0.039      |             | 0.059  | 0.929r         |
| u_core.decoded_execute_packet_140__AOI211_X1_ZN_A_OAI21_X2_B1_ZN (net)                                                                                        | 8      |             |            |            | 0.000       |        |                |
| u_core.execute_serializing_instruction_present_AOI21_X1_A_ZN_AND3_X1_A3_ZN_OAI21_X1_A_B2_AOI22_X1_ZN_A1_NAND4_X1_A2_A3_OAI211_X1_A_B_OAI21_X1_A:B2 (OAI21_X1) |        | 0.002       | 0.000      | 0.039      |             | 0.000  | 0.929r         |
| u_core.execute_serializing_instruction_present_AOI21_X1_A_ZN_AND3_X1_A3_ZN_OAI21_X1_A_B2_AOI22_X1_ZN_A1_NAND4_X1_A2_A3_OAI211_X1_A_B_OAI21_X1_A:ZN (OAI21_X1) |        | 0.006       | 0.000      | 0.033      |             | 0.039  | 0.967f         |
| u_core.execute_serializing_instruction_present_AOI21_X1_A_ZN_AND3_X1_A3_A1_OAI21_X2_A_B2 (net)                                                                | 2      |             |            |            | 0.000       |        |                |
| u_core.execute_serializing_instruction_present_AOI21_X1_A_ZN_AND3_X1_A3_A1_OAI21_X2_A_B2_BUF_X4_A:A (BUF_X4)                                                  |        | 0.003       | 0.000      | 0.033      |             | 0.000  | 0.967f         |
| u_core.execute_serializing_instruction_present_AOI21_X1_A_ZN_AND3_X1_A3_A1_OAI21_X2_A_B2_BUF_X4_A:Z (BUF_X4)                                                  |        | 0.035       | 0.000      | 0.013      |             | 0.047  | 1.015f         |
| u_core.decoded_execute_packet_70__AOI21_X1_ZN_A_NOR3_X1_ZN_A3 (net)                                                                                           | 24     |             |            |            | 0.000       |        |                |
| u_core.icache_lookup_resp_23__OAI211_X1_C1_ZN_OAI211_X1_B_ZN_OR4_X1_A1_ZN_NOR2_X1_A2:A1 (NOR2_X1)                                                             |        | 0.002       | 0.000      | 0.013      |             | 0.000  | 1.015f         |
| u_core.icache_lookup_resp_23__OAI211_X1_C1_ZN_OAI211_X1_B_ZN_OR4_X1_A1_ZN_NOR2_X1_A2:ZN (NOR2_X1)                                                             |        | 0.006       | 0.000      | 0.040      |             | 0.052  | 1.067r         |
| u_core.icache_lookup_resp_23__OAI211_X1_C1_ZN_OAI211_X1_B_ZN_OR4_X1_A1_ZN_NOR2_X1_A2_ZN (net)                                                                 | 4      |             |            |            | 0.000       |        |                |
| u_core.icache_lookup_resp_23__OAI211_X1_C1_ZN_OAI211_X1_B_ZN_OR4_X1_A1_ZN_NOR2_X1_A2_ZN_NOR2_X1_A2:A2 (NOR2_X1)                                               |        | 0.002       | 0.000      | 0.040      |             | 0.000  | 1.067r         |
| u_core.icache_lookup_resp_23__OAI211_X1_C1_ZN_OAI211_X1_B_ZN_OR4_X1_A1_ZN_NOR2_X1_A2_ZN_NOR2_X1_A2:ZN (NOR2_X1)                                               |        | 0.005       | 0.000      | 0.018      |             | 0.025  | 1.091f         |
| u_core.u_lsu.pending_lsu_context_q_139__OAI21_X1_A_1_ZN_NOR2_X1_A1_ZN_OAI221_X1_A_ZN_NOR2_X1_A2_ZN_NAND4_X1_A4_A2 (net)                                       | 4      |             |            |            | 0.000       |        |                |
| u_core.execute_serializing_instruction_present_AOI21_X1_A_ZN_AND3_X1_A3_ZN_OAI21_X1_A_ZN_NOR4_X1_A4_A2_AOI22_X1_ZN_A1_NAND3_X1_ZN:A1 (NAND3_X1)               |        | 0.002       | 0.000      | 0.018      |             | 0.000  | 1.091f         |
| u_core.execute_serializing_instruction_present_AOI21_X1_A_ZN_AND3_X1_A3_ZN_OAI21_X1_A_ZN_NOR4_X1_A4_A2_AOI22_X1_ZN_A1_NAND3_X1_ZN:ZN (NAND3_X1)               |        | 0.002       | 0.000      | 0.016      |             | 0.021  | 1.112r         |
| u_core.execute_serializing_instruction_present_AOI21_X1_A_ZN_AND3_X1_A3_ZN_OAI21_X1_A_ZN_NOR4_X1_A4_A2_AOI22_X1_ZN_A1 (net)                                   | 1      |             |            |            | 0.000       |        |                |
| u_core.execute_serializing_instruction_present_AOI21_X1_A_ZN_AND3_X1_A3_ZN_OAI21_X1_A_ZN_NOR4_X1_A4_A2_AOI22_X1_ZN:A1 (AOI22_X1)                              |        | 0.002       | 0.000      | 0.016      |             | 0.000  | 1.112r         |
| u_core.execute_serializing_instruction_present_AOI21_X1_A_ZN_AND3_X1_A3_ZN_OAI21_X1_A_ZN_NOR4_X1_A4_A2_AOI22_X1_ZN:ZN (AOI22_X1)                              |        | 0.003       | 0.000      | 0.020      |             | 0.019  | 1.131f         |
| u_core.execute_serializing_instruction_present_AOI21_X1_A_ZN_AND3_X1_A3_ZN_OAI21_X1_A_ZN_NOR4_X1_A4_A2 (net)                                                  | 2      |             |            |            | 0.000       |        |                |
| u_core.execute_serializing_instruction_present_AOI21_X1_A_ZN_AND3_X1_A3_ZN_OAI21_X1_A_ZN_OAI33_X1_A3:A1 (OAI33_X1)                                            |        | 0.002       | 0.000      | 0.020      |             | 0.000  | 1.131f         |
| u_core.execute_serializing_instruction_present_AOI21_X1_A_ZN_AND3_X1_A3_ZN_OAI21_X1_A_ZN_OAI33_X1_A3:ZN (OAI33_X1)                                            |        | 0.010       | 0.000      | 0.121      |             | 0.110  | 1.242r         |
| u_core.u_icache.lookup_s1_ready_OAI21_X1_ZN_B1_AOI211_X1_ZN_C1 (net)                                                                                          | 6      |             |            |            | 0.000       |        |                |
| u_core.u_fence_i_ctrl.icache_lookup_stalled_q_reg_p_D_AOI21_X1_ZN_B2_OAI211_X1_B_C1_AOI21_X1_ZN_B1_AOI21_X1_ZN:B1 (AOI21_X1)                                  |        | 0.002       | 0.000      | 0.121      |             | 0.000  | 1.242r         |
| u_core.u_fence_i_ctrl.icache_lookup_stalled_q_reg_p_D_AOI21_X1_ZN_B2_OAI211_X1_B_C1_AOI21_X1_ZN_B1_AOI21_X1_ZN:ZN (AOI21_X1)                                  |        | 0.003       | 0.000      | 0.031      |             | 0.027  | 1.269f         |
| u_core.u_fence_i_ctrl.icache_lookup_stalled_q_reg_p_D_AOI21_X1_ZN_B2_OAI211_X1_B_C1_AOI21_X1_ZN_B1 (net)                                                      | 2      |             |            |            | 0.000       |        |                |
| u_core.u_fence_i_ctrl.icache_lookup_stalled_q_reg_p_D_AOI21_X1_ZN_B2_OAI211_X1_B_C1_AOI21_X1_ZN:B1 (AOI21_X1)                                                 |        | 0.002       | 0.000      | 0.031      |             | 0.000  | 1.269f         |
| u_core.u_fence_i_ctrl.icache_lookup_stalled_q_reg_p_D_AOI21_X1_ZN_B2_OAI211_X1_B_C1_AOI21_X1_ZN:ZN (AOI21_X1)                                                 |        | 0.003       | 0.000      | 0.032      |             | 0.048  | 1.317r         |
| u_core.u_fence_i_ctrl.icache_lookup_stalled_q_reg_p_D_AOI21_X1_ZN_B2_OAI211_X1_B_C1 (net)                                                                     | 2      |             |            |            | 0.000       |        |                |
| u_core.u_fence_i_ctrl.icache_lookup_stalled_q_reg_p_D_AOI21_X1_ZN_B2_OAI211_X1_B:C1 (OAI211_X1)                                                               |        | 0.002       | 0.000      | 0.032      |             | 0.000  | 1.317r         |
| u_core.u_fence_i_ctrl.icache_lookup_stalled_q_reg_p_D_AOI21_X1_ZN_B2_OAI211_X1_B:ZN (OAI211_X1)                                                               |        | 0.005       | 0.000      | 0.024      |             | 0.037  | 1.353f         |
| u_core.u_ifu.lookup_queue_entry_count_d_1__AOI21_X1_ZN_B1_AOI21_X1_ZN_B1 (net)                                                                                | 3      |             |            |            | 0.000       |        |                |
| u_core.u_ifu.lookup_queue_entry_count_d_1__AOI21_X1_ZN_B1_AOI21_X1_ZN_B1_NAND2_X1_A1:A1 (NAND2_X1)                                                            |        | 0.002       | 0.000      | 0.024      |             | 0.000  | 1.353f         |
| u_core.u_ifu.lookup_queue_entry_count_d_1__AOI21_X1_ZN_B1_AOI21_X1_ZN_B1_NAND2_X1_A1:ZN (NAND2_X1)                                                            |        | 0.010       | 0.000      | 0.032      |             | 0.045  | 1.398r         |
| u_core.u_ifu.predictor_fetch_pc_d_5__OR2_X1_ZN_A2_AND4_X1_ZN_A1 (net)                                                                                         | 6      |             |            |            | 0.000       |        |                |
| u_core.frontend_recovery_event_NOR2_X2_A1:A2 (NOR2_X2)                                                                                                        |        | 0.003       | 0.000      | 0.032      |             | 0.000  | 1.398r         |
| u_core.frontend_recovery_event_NOR2_X2_A1:ZN (NOR2_X2)                                                                                                        |        | 0.013       | 0.000      | 0.015      |             | 0.024  | 1.422f         |
| u_core.frontend_recovery_event_NOR2_X2_A1_ZN (net)                                                                                                            | 8      |             |            |            | 0.000       |        |                |
| u_core.commit_262__AOI222_X1_B1_ZN_OAI211_X1_A_C1_INV_X2_ZN:A (INV_X2)                                                                                        |        | 0.003       | 0.000      | 0.015      |             | 0.000  | 1.422f         |
| u_core.commit_262__AOI222_X1_B1_ZN_OAI211_X1_A_C1_INV_X2_ZN:ZN (INV_X2)                                                                                       |        | 0.007       | 0.000      | 0.011      |             | 0.020  | 1.443r         |
| u_core.commit_262__AOI222_X1_B1_ZN_OAI211_X1_A_C1 (net)                                                                                                       | 3      |             |            |            | 0.000       |        |                |
| u_core.commit_262__AOI222_X1_B1_ZN_OAI211_X1_A_C1_BUF_X4_A:A (BUF_X4)                                                                                         |        | 0.003       | 0.000      | 0.011      |             | 0.000  | 1.443r         |
| u_core.commit_262__AOI222_X1_B1_ZN_OAI211_X1_A_C1_BUF_X4_A:Z (BUF_X4)                                                                                         |        | 0.038       | 0.000      | 0.025      |             | 0.041  | 1.484r         |
| u_core.commit_268__AOI222_X1_B1_ZN_OAI211_X1_A_C1 (net)                                                                                                       | 24     |             |            |            | 0.000       |        |                |
| u_core.commit_283__AOI222_X1_B1_ZN_OAI211_X1_B:C1 (OAI211_X1)                                                                                                 |        | 0.002       | 0.000      | 0.025      |             | 0.000  | 1.484r         |
| u_core.commit_283__AOI222_X1_B1_ZN_OAI211_X1_B:ZN (OAI211_X1)                                                                                                 |        | 0.001       | 0.000      | 0.013      |             | 0.021  | 1.504f         |
| u_core.u_ifu.predictor_fetch_pc_d_25__OR2_X1_ZN_A2 (net)                                                                                                      | 1      |             |            |            | 0.000       |        |                |
| u_core.u_ifu.predictor_fetch_pc_d_25__OR2_X1_ZN:A2 (OR2_X1)                                                                                                   |        | 0.001       | 0.000      | 0.013      |             | 0.000  | 1.504f         |
| u_core.u_ifu.predictor_fetch_pc_d_25__OR2_X1_ZN:ZN (OR2_X1)                                                                                                   |        | 0.001       | 0.000      | 0.009      |             | 0.052  | 1.556f         |
| u_core.u_ifu.predictor_fetch_pc_d_25_ (net)                                                                                                                   | 1      |             |            |            | 0.000       |        |                |
| u_core.u_ifu.predictor_fetch_pc_q_25__reg_p:D (DFFR_X1)                                                                                                       |        | 0.001       | 0.000      | 0.009      |             | 0.000  | 1.556f         |
|                                                                                                                                                               |        |             |            |            |             |        |                |
| clk_i (port)                                                                                                                                                  |        | 0.951       | 0.000      | 0.100      |             | 0.000  | 0.000r         |
| clk_i (clock net)                                                                                                                                             | 553    |             |            |            | NA          |        |                |
| u_core.commit_268__AOI222_X1_B1_ZN_OAI211_X1_A_C1_CLKGATE_X1_E:CK (CLKGATE_X1)                                                                                |        | 0.002       | 0.000      | 0.000      |             | 0.000  | 0.000r         |
| u_core.commit_268__AOI222_X1_B1_ZN_OAI211_X1_A_C1_CLKGATE_X1_E:GCK (CLKGATE_X1)                                                                               |        | 0.029       | 0.000      | 0.000      |             | 0.000  | 0.000r         |
| u_core.u_ifu.predictor_fetch_pc_q_2__reg_p_CK (clock net)                                                                                                     | 30     |             |            |            | NA          |        |                |
| u_core.u_ifu.predictor_fetch_pc_q_25__reg_p:CK (DFFR_X1)                                                                                                      |        | 0.001       | 0.000      | 0.000      |             | 0.000  | 0.000r         |
| clock core_clock (rise edge)                                                                                                                                  |        |             |            |            |             | 1.666  | 1.666          |
| clock network delay (ideal)                                                                                                                                   |        |             |            |            |             | 0.000  | 1.666          |
| u_core.u_ifu.predictor_fetch_pc_q_25__reg_p:CK (DFFR_X1)                                                                                                      |        |             |            |            |             |        | 1.666r         |
| library setup time                                                                                                                                            |        |             |            |            |             | -0.041 | 1.625          |
| clock reconvergence pessimism                                                                                                                                 |        |             |            |            |             | 0.000  | 1.625          |
|                                                                                                                                                               |        |             |            |            |             |        |                |
| path cell delay                                                                                                                                               |        |             |            |            |             |        | 1.223(78.581%) |
| path net delay                                                                                                                                                |        |             |            |            |             |        | 0.000(0.000%)  |
|                                                                                                                                                               |        |             |            |            |             |        |                |
| data require time                                                                                                                                             |        |             |            |            |             |        | 1.625          |
| data arrival time                                                                                                                                             |        |             |            |            |             |        | 1.556          |
| slack (MET)                                                                                                                                                   |        |             |            |            |             |        | 0.069          |
+---------------------------------------------------------------------------------------------------------------------------------------------------------------+--------+-------------+------------+------------+-------------+--------+----------------+
+---------------------------------------------------------------------------------------------------------------------------------------------------------------+--------+-------------+------------+------------+-------------+--------+----------------+
| Point                                                                                                                                                         | Fanout | Capacitance | Resistance | Transition | Delta Delay | Incr   | Path           |
+---------------------------------------------------------------------------------------------------------------------------------------------------------------+--------+-------------+------------+------------+-------------+--------+----------------+
| instruction_axi4_manager_i_3_ (port)                                                                                                                          |        | 0.004       | 0.000      | 0.100      |             | 0.000  | 0.000r         |
| clock core_clock (rise edge)                                                                                                                                  |        |             |            |            |             | 0      | 0              |
| clock network delay (ideal)                                                                                                                                   |        |             |            |            |             | 0.000  | 0.000          |
| instruction_axi4_manager_i_3_ (port)                                                                                                                          |        | 0.004       | 0.000      | 0.100      |             | 0.333  | 0.333f         |
| instruction_axi4_manager_i_3_ (net)                                                                                                                           | 3      |             |            |            | 0.000       |        |                |
| u_core.u_icache.u_riscv32_icache_miss_unit.refill_access_fault_seen_q_reg_p_D_NOR3_X1_ZN_A1_AOI21_X1_ZN:B2 (AOI21_X1)                                         |        | 0.002       | 0.000      | 0.100      |             | 0.000  | 0.333f         |
| u_core.u_icache.u_riscv32_icache_miss_unit.refill_access_fault_seen_q_reg_p_D_NOR3_X1_ZN_A1_AOI21_X1_ZN:ZN (AOI21_X1)                                         |        | 0.003       | 0.000      | 0.044      |             | 0.082  | 0.415r         |
| u_core.u_icache.u_riscv32_icache_miss_unit.refill_access_fault_seen_q_reg_p_D_NOR3_X1_ZN_A1 (net)                                                             | 2      |             |            |            | 0.000       |        |                |
| u_core.u_icache.u_riscv32_icache_miss_unit.refill_access_fault_seen_q_reg_p_D_NOR3_X1_ZN_A1_NAND4_X1_A4:A4 (NAND4_X1)                                         |        | 0.002       | 0.000      | 0.044      |             | 0.000  | 0.415r         |
| u_core.u_icache.u_riscv32_icache_miss_unit.refill_access_fault_seen_q_reg_p_D_NOR3_X1_ZN_A1_NAND4_X1_A4:ZN (NAND4_X1)                                         |        | 0.005       | 0.000      | 0.028      |             | 0.048  | 0.463f         |
| u_core.u_icache.u_riscv32_icache_miss_unit.lookup_resp_data_q_2__NAND2_X1_A2_ZN_OAI21_X1_A_B2 (net)                                                           | 3      |             |            |            | 0.000       |        |                |
| u_core.u_icache.u_riscv32_icache_miss_unit.lookup_resp_data_q_2__NAND2_X1_A2_ZN_OAI21_X1_A_B2_BUF_X2_A:A (BUF_X2)                                             |        | 0.002       | 0.000      | 0.028      |             | 0.000  | 0.463f         |
| u_core.u_icache.u_riscv32_icache_miss_unit.lookup_resp_data_q_2__NAND2_X1_A2_ZN_OAI21_X1_A_B2_BUF_X2_A:Z (BUF_X2)                                             |        | 0.037       | 0.000      | 0.023      |             | 0.059  | 0.522f         |
| u_core.u_icache.u_riscv32_icache_miss_unit.lookup_resp_access_fault_q_OAI221_X1_B2_A (net)                                                                    | 24     |             |            |            | 0.000       |        |                |
| u_core.u_icache.u_riscv32_icache_miss_unit.lookup_resp_data_q_6__NAND2_X1_A2_ZN_OAI21_X1_A:B2 (OAI21_X1)                                                      |        | 0.002       | 0.000      | 0.023      |             | 0.000  | 0.522f         |
| u_core.u_icache.u_riscv32_icache_miss_unit.lookup_resp_data_q_6__NAND2_X1_A2_ZN_OAI21_X1_A:ZN (OAI21_X1)                                                      |        | 0.002       | 0.000      | 0.021      |             | 0.038  | 0.560r         |
| u_core.icache_lookup_resp_11__OAI21_X1_ZN_A_OAI21_X1_ZN_A (net)                                                                                               | 1      |             |            |            | 0.000       |        |                |
| u_core.icache_lookup_resp_11__OAI21_X1_ZN_A_OAI21_X1_ZN:A (OAI21_X1)                                                                                          |        | 0.002       | 0.000      | 0.021      |             | 0.000  | 0.560r         |
| u_core.icache_lookup_resp_11__OAI21_X1_ZN_A_OAI21_X1_ZN:ZN (OAI21_X1)                                                                                         |        | 0.003       | 0.000      | 0.028      |             | 0.027  | 0.587f         |
| u_core.icache_lookup_resp_11__OAI21_X1_ZN_A (net)                                                                                                             | 2      |             |            |            | 0.000       |        |                |
| u_core.icache_lookup_resp_11__OAI21_X1_ZN_A_OAI211_X1_B:B (OAI211_X1)                                                                                         |        | 0.002       | 0.000      | 0.028      |             | 0.000  | 0.587f         |
| u_core.icache_lookup_resp_11__OAI21_X1_ZN_A_OAI211_X1_B:ZN (OAI211_X1)                                                                                        |        | 0.006       | 0.000      | 0.045      |             | 0.046  | 0.632r         |
| u_core.icache_lookup_resp_11__OAI21_X1_ZN_A_OAI211_X1_B_ZN (net)                                                                                              | 4      |             |            |            | 0.000       |        |                |
| u_core.icache_lookup_resp_11__OAI21_X1_ZN_A_OAI211_X1_B_ZN_NAND2_X1_A1:A1 (NAND2_X1)                                                                          |        | 0.002       | 0.000      | 0.045      |             | 0.000  | 0.632r         |
| u_core.icache_lookup_resp_11__OAI21_X1_ZN_A_OAI211_X1_B_ZN_NAND2_X1_A1:ZN (NAND2_X1)                                                                          |        | 0.018       | 0.000      | 0.039      |             | 0.063  | 0.696f         |
| u_core.icache_lookup_resp_9__OAI211_X1_C2_B (net)                                                                                                             | 12     |             |            |            | 0.000       |        |                |
| u_core.execute_packet_154__reg_p_D_INV_X1_ZN_A_NAND4_X1_ZN_A2_NOR3_X1_ZN:A2 (NOR3_X1)                                                                         |        | 0.002       | 0.000      | 0.039      |             | 0.000  | 0.696f         |
| u_core.execute_packet_154__reg_p_D_INV_X1_ZN_A_NAND4_X1_ZN_A2_NOR3_X1_ZN:ZN (NOR3_X1)                                                                         |        | 0.009       | 0.000      | 0.078      |             | 0.113  | 0.809r         |
| u_core.execute_packet_154__reg_p_D_INV_X1_ZN_A_NAND4_X1_ZN_A2 (net)                                                                                           | 6      |             |            |            | 0.000       |        |                |
| u_core.decoded_execute_packet_140__AOI211_X1_ZN_A_NAND4_X1_ZN:A2 (NAND4_X1)                                                                                   |        | 0.002       | 0.000      | 0.078      |             | 0.000  | 0.809r         |
| u_core.decoded_execute_packet_140__AOI211_X1_ZN_A_NAND4_X1_ZN:ZN (NAND4_X1)                                                                                   |        | 0.004       | 0.000      | 0.033      |             | 0.060  | 0.869f         |
| u_core.decoded_execute_packet_140__AOI211_X1_ZN_A (net)                                                                                                       | 2      |             |            |            | 0.000       |        |                |
| u_core.decoded_execute_packet_140__AOI211_X1_ZN_A_OAI21_X2_B1:B1 (OAI21_X2)                                                                                   |        | 0.003       | 0.000      | 0.033      |             | 0.000  | 0.869f         |
| u_core.decoded_execute_packet_140__AOI211_X1_ZN_A_OAI21_X2_B1:ZN (OAI21_X2)                                                                                   |        | 0.012       | 0.000      | 0.039      |             | 0.059  | 0.929r         |
| u_core.decoded_execute_packet_140__AOI211_X1_ZN_A_OAI21_X2_B1_ZN (net)                                                                                        | 8      |             |            |            | 0.000       |        |                |
| u_core.execute_serializing_instruction_present_AOI21_X1_A_ZN_AND3_X1_A3_ZN_OAI21_X1_A_B2_AOI22_X1_ZN_A1_NAND4_X1_A2_A3_OAI211_X1_A_B_OAI21_X1_A:B2 (OAI21_X1) |        | 0.002       | 0.000      | 0.039      |             | 0.000  | 0.929r         |
| u_core.execute_serializing_instruction_present_AOI21_X1_A_ZN_AND3_X1_A3_ZN_OAI21_X1_A_B2_AOI22_X1_ZN_A1_NAND4_X1_A2_A3_OAI211_X1_A_B_OAI21_X1_A:ZN (OAI21_X1) |        | 0.006       | 0.000      | 0.033      |             | 0.039  | 0.967f         |
| u_core.execute_serializing_instruction_present_AOI21_X1_A_ZN_AND3_X1_A3_A1_OAI21_X2_A_B2 (net)                                                                | 2      |             |            |            | 0.000       |        |                |
| u_core.execute_serializing_instruction_present_AOI21_X1_A_ZN_AND3_X1_A3_A1_OAI21_X2_A_B2_BUF_X4_A:A (BUF_X4)                                                  |        | 0.003       | 0.000      | 0.033      |             | 0.000  | 0.967f         |
| u_core.execute_serializing_instruction_present_AOI21_X1_A_ZN_AND3_X1_A3_A1_OAI21_X2_A_B2_BUF_X4_A:Z (BUF_X4)                                                  |        | 0.035       | 0.000      | 0.013      |             | 0.047  | 1.015f         |
| u_core.decoded_execute_packet_70__AOI21_X1_ZN_A_NOR3_X1_ZN_A3 (net)                                                                                           | 24     |             |            |            | 0.000       |        |                |
| u_core.icache_lookup_resp_23__OAI211_X1_C1_ZN_OAI211_X1_B_ZN_OR4_X1_A1_ZN_NOR2_X1_A2:A1 (NOR2_X1)                                                             |        | 0.002       | 0.000      | 0.013      |             | 0.000  | 1.015f         |
| u_core.icache_lookup_resp_23__OAI211_X1_C1_ZN_OAI211_X1_B_ZN_OR4_X1_A1_ZN_NOR2_X1_A2:ZN (NOR2_X1)                                                             |        | 0.006       | 0.000      | 0.040      |             | 0.052  | 1.067r         |
| u_core.icache_lookup_resp_23__OAI211_X1_C1_ZN_OAI211_X1_B_ZN_OR4_X1_A1_ZN_NOR2_X1_A2_ZN (net)                                                                 | 4      |             |            |            | 0.000       |        |                |
| u_core.icache_lookup_resp_23__OAI211_X1_C1_ZN_OAI211_X1_B_ZN_OR4_X1_A1_ZN_NOR2_X1_A2_ZN_NOR2_X1_A2:A2 (NOR2_X1)                                               |        | 0.002       | 0.000      | 0.040      |             | 0.000  | 1.067r         |
| u_core.icache_lookup_resp_23__OAI211_X1_C1_ZN_OAI211_X1_B_ZN_OR4_X1_A1_ZN_NOR2_X1_A2_ZN_NOR2_X1_A2:ZN (NOR2_X1)                                               |        | 0.005       | 0.000      | 0.018      |             | 0.025  | 1.091f         |
| u_core.u_lsu.pending_lsu_context_q_139__OAI21_X1_A_1_ZN_NOR2_X1_A1_ZN_OAI221_X1_A_ZN_NOR2_X1_A2_ZN_NAND4_X1_A4_A2 (net)                                       | 4      |             |            |            | 0.000       |        |                |
| u_core.execute_serializing_instruction_present_AOI21_X1_A_ZN_AND3_X1_A3_ZN_OAI21_X1_A_ZN_NOR4_X1_A4_A2_AOI22_X1_ZN_A1_NAND3_X1_ZN:A1 (NAND3_X1)               |        | 0.002       | 0.000      | 0.018      |             | 0.000  | 1.091f         |
| u_core.execute_serializing_instruction_present_AOI21_X1_A_ZN_AND3_X1_A3_ZN_OAI21_X1_A_ZN_NOR4_X1_A4_A2_AOI22_X1_ZN_A1_NAND3_X1_ZN:ZN (NAND3_X1)               |        | 0.002       | 0.000      | 0.016      |             | 0.021  | 1.112r         |
| u_core.execute_serializing_instruction_present_AOI21_X1_A_ZN_AND3_X1_A3_ZN_OAI21_X1_A_ZN_NOR4_X1_A4_A2_AOI22_X1_ZN_A1 (net)                                   | 1      |             |            |            | 0.000       |        |                |
| u_core.execute_serializing_instruction_present_AOI21_X1_A_ZN_AND3_X1_A3_ZN_OAI21_X1_A_ZN_NOR4_X1_A4_A2_AOI22_X1_ZN:A1 (AOI22_X1)                              |        | 0.002       | 0.000      | 0.016      |             | 0.000  | 1.112r         |
| u_core.execute_serializing_instruction_present_AOI21_X1_A_ZN_AND3_X1_A3_ZN_OAI21_X1_A_ZN_NOR4_X1_A4_A2_AOI22_X1_ZN:ZN (AOI22_X1)                              |        | 0.003       | 0.000      | 0.020      |             | 0.019  | 1.131f         |
| u_core.execute_serializing_instruction_present_AOI21_X1_A_ZN_AND3_X1_A3_ZN_OAI21_X1_A_ZN_NOR4_X1_A4_A2 (net)                                                  | 2      |             |            |            | 0.000       |        |                |
| u_core.execute_serializing_instruction_present_AOI21_X1_A_ZN_AND3_X1_A3_ZN_OAI21_X1_A_ZN_OAI33_X1_A3:A1 (OAI33_X1)                                            |        | 0.002       | 0.000      | 0.020      |             | 0.000  | 1.131f         |
| u_core.execute_serializing_instruction_present_AOI21_X1_A_ZN_AND3_X1_A3_ZN_OAI21_X1_A_ZN_OAI33_X1_A3:ZN (OAI33_X1)                                            |        | 0.010       | 0.000      | 0.121      |             | 0.110  | 1.242r         |
| u_core.u_icache.lookup_s1_ready_OAI21_X1_ZN_B1_AOI211_X1_ZN_C1 (net)                                                                                          | 6      |             |            |            | 0.000       |        |                |
| u_core.u_fence_i_ctrl.icache_lookup_stalled_q_reg_p_D_AOI21_X1_ZN_B2_OAI211_X1_B_C1_AOI21_X1_ZN_B1_AOI21_X1_ZN:B1 (AOI21_X1)                                  |        | 0.002       | 0.000      | 0.121      |             | 0.000  | 1.242r         |
| u_core.u_fence_i_ctrl.icache_lookup_stalled_q_reg_p_D_AOI21_X1_ZN_B2_OAI211_X1_B_C1_AOI21_X1_ZN_B1_AOI21_X1_ZN:ZN (AOI21_X1)                                  |        | 0.003       | 0.000      | 0.031      |             | 0.027  | 1.269f         |
| u_core.u_fence_i_ctrl.icache_lookup_stalled_q_reg_p_D_AOI21_X1_ZN_B2_OAI211_X1_B_C1_AOI21_X1_ZN_B1 (net)                                                      | 2      |             |            |            | 0.000       |        |                |
| u_core.u_fence_i_ctrl.icache_lookup_stalled_q_reg_p_D_AOI21_X1_ZN_B2_OAI211_X1_B_C1_AOI21_X1_ZN:B1 (AOI21_X1)                                                 |        | 0.002       | 0.000      | 0.031      |             | 0.000  | 1.269f         |
| u_core.u_fence_i_ctrl.icache_lookup_stalled_q_reg_p_D_AOI21_X1_ZN_B2_OAI211_X1_B_C1_AOI21_X1_ZN:ZN (AOI21_X1)                                                 |        | 0.003       | 0.000      | 0.032      |             | 0.048  | 1.317r         |
| u_core.u_fence_i_ctrl.icache_lookup_stalled_q_reg_p_D_AOI21_X1_ZN_B2_OAI211_X1_B_C1 (net)                                                                     | 2      |             |            |            | 0.000       |        |                |
| u_core.u_fence_i_ctrl.icache_lookup_stalled_q_reg_p_D_AOI21_X1_ZN_B2_OAI211_X1_B:C1 (OAI211_X1)                                                               |        | 0.002       | 0.000      | 0.032      |             | 0.000  | 1.317r         |
| u_core.u_fence_i_ctrl.icache_lookup_stalled_q_reg_p_D_AOI21_X1_ZN_B2_OAI211_X1_B:ZN (OAI211_X1)                                                               |        | 0.005       | 0.000      | 0.024      |             | 0.037  | 1.353f         |
| u_core.u_ifu.lookup_queue_entry_count_d_1__AOI21_X1_ZN_B1_AOI21_X1_ZN_B1 (net)                                                                                | 3      |             |            |            | 0.000       |        |                |
| u_core.u_ifu.lookup_queue_entry_count_d_1__AOI21_X1_ZN_B1_AOI21_X1_ZN_B1_NAND2_X1_A1:A1 (NAND2_X1)                                                            |        | 0.002       | 0.000      | 0.024      |             | 0.000  | 1.353f         |
| u_core.u_ifu.lookup_queue_entry_count_d_1__AOI21_X1_ZN_B1_AOI21_X1_ZN_B1_NAND2_X1_A1:ZN (NAND2_X1)                                                            |        | 0.010       | 0.000      | 0.032      |             | 0.045  | 1.398r         |
| u_core.u_ifu.predictor_fetch_pc_d_5__OR2_X1_ZN_A2_AND4_X1_ZN_A1 (net)                                                                                         | 6      |             |            |            | 0.000       |        |                |
| u_core.frontend_recovery_event_NOR2_X2_A1:A2 (NOR2_X2)                                                                                                        |        | 0.003       | 0.000      | 0.032      |             | 0.000  | 1.398r         |
| u_core.frontend_recovery_event_NOR2_X2_A1:ZN (NOR2_X2)                                                                                                        |        | 0.013       | 0.000      | 0.015      |             | 0.024  | 1.422f         |
| u_core.frontend_recovery_event_NOR2_X2_A1_ZN (net)                                                                                                            | 8      |             |            |            | 0.000       |        |                |
| u_core.commit_262__AOI222_X1_B1_ZN_OAI211_X1_A_C1_INV_X2_ZN:A (INV_X2)                                                                                        |        | 0.003       | 0.000      | 0.015      |             | 0.000  | 1.422f         |
| u_core.commit_262__AOI222_X1_B1_ZN_OAI211_X1_A_C1_INV_X2_ZN:ZN (INV_X2)                                                                                       |        | 0.007       | 0.000      | 0.011      |             | 0.020  | 1.443r         |
| u_core.commit_262__AOI222_X1_B1_ZN_OAI211_X1_A_C1 (net)                                                                                                       | 3      |             |            |            | 0.000       |        |                |
| u_core.commit_262__AOI222_X1_B1_ZN_OAI211_X1_A_C1_BUF_X4_A:A (BUF_X4)                                                                                         |        | 0.003       | 0.000      | 0.011      |             | 0.000  | 1.443r         |
| u_core.commit_262__AOI222_X1_B1_ZN_OAI211_X1_A_C1_BUF_X4_A:Z (BUF_X4)                                                                                         |        | 0.038       | 0.000      | 0.025      |             | 0.041  | 1.484r         |
| u_core.commit_268__AOI222_X1_B1_ZN_OAI211_X1_A_C1 (net)                                                                                                       | 24     |             |            |            | 0.000       |        |                |
| u_core.commit_283__AOI222_X1_B1_ZN_OAI211_X1_B:C1 (OAI211_X1)                                                                                                 |        | 0.002       | 0.000      | 0.025      |             | 0.000  | 1.484r         |
| u_core.commit_283__AOI222_X1_B1_ZN_OAI211_X1_B:ZN (OAI211_X1)                                                                                                 |        | 0.001       | 0.000      | 0.013      |             | 0.021  | 1.504f         |
| u_core.u_ifu.predictor_fetch_pc_d_25__OR2_X1_ZN_A2 (net)                                                                                                      | 1      |             |            |            | 0.000       |        |                |
| u_core.u_ifu.predictor_fetch_pc_d_25__OR2_X1_ZN:A2 (OR2_X1)                                                                                                   |        | 0.001       | 0.000      | 0.013      |             | 0.000  | 1.504f         |
| u_core.u_ifu.predictor_fetch_pc_d_25__OR2_X1_ZN:ZN (OR2_X1)                                                                                                   |        | 0.001       | 0.000      | 0.009      |             | 0.052  | 1.556f         |
| u_core.u_ifu.predictor_fetch_pc_d_25_ (net)                                                                                                                   | 1      |             |            |            | 0.000       |        |                |
| u_core.u_ifu.predictor_fetch_pc_q_25__reg_p:D (DFFR_X1)                                                                                                       |        | 0.001       | 0.000      | 0.009      |             | 0.000  | 1.556f         |
|                                                                                                                                                               |        |             |            |            |             |        |                |
| clk_i (port)                                                                                                                                                  |        | 0.951       | 0.000      | 0.100      |             | 0.000  | 0.000r         |
| clk_i (clock net)                                                                                                                                             | 553    |             |            |            | NA          |        |                |
| u_core.commit_268__AOI222_X1_B1_ZN_OAI211_X1_A_C1_CLKGATE_X1_E:CK (CLKGATE_X1)                                                                                |        | 0.002       | 0.000      | 0.000      |             | 0.000  | 0.000r         |
| u_core.commit_268__AOI222_X1_B1_ZN_OAI211_X1_A_C1_CLKGATE_X1_E:GCK (CLKGATE_X1)                                                                               |        | 0.029       | 0.000      | 0.000      |             | 0.000  | 0.000r         |
| u_core.u_ifu.predictor_fetch_pc_q_2__reg_p_CK (clock net)                                                                                                     | 30     |             |            |            | NA          |        |                |
| u_core.u_ifu.predictor_fetch_pc_q_25__reg_p:CK (DFFR_X1)                                                                                                      |        | 0.001       | 0.000      | 0.000      |             | 0.000  | 0.000r         |
| clock core_clock (rise edge)                                                                                                                                  |        |             |            |            |             | 1.666  | 1.666          |
| clock network delay (ideal)                                                                                                                                   |        |             |            |            |             | 0.000  | 1.666          |
| u_core.u_ifu.predictor_fetch_pc_q_25__reg_p:CK (DFFR_X1)                                                                                                      |        |             |            |            |             |        | 1.666r         |
| library setup time                                                                                                                                            |        |             |            |            |             | -0.041 | 1.625          |
| clock reconvergence pessimism                                                                                                                                 |        |             |            |            |             | 0.000  | 1.625          |
|                                                                                                                                                               |        |             |            |            |             |        |                |
| path cell delay                                                                                                                                               |        |             |            |            |             |        | 1.223(78.581%) |
| path net delay                                                                                                                                                |        |             |            |            |             |        | 0.000(0.000%)  |
|                                                                                                                                                               |        |             |            |            |             |        |                |
| data require time                                                                                                                                             |        |             |            |            |             |        | 1.625          |
| data arrival time                                                                                                                                             |        |             |            |            |             |        | 1.556          |
| slack (MET)                                                                                                                                                   |        |             |            |            |             |        | 0.069          |
+---------------------------------------------------------------------------------------------------------------------------------------------------------------+--------+-------------+------------+------------+-------------+--------+----------------+
+---------------------------------------------------------------------------------------------------------------------------------------------------------------+--------+-------------+------------+------------+-------------+--------+----------------+
| Point                                                                                                                                                         | Fanout | Capacitance | Resistance | Transition | Delta Delay | Incr   | Path           |
+---------------------------------------------------------------------------------------------------------------------------------------------------------------+--------+-------------+------------+------------+-------------+--------+----------------+
| instruction_axi4_manager_i_3_ (port)                                                                                                                          |        | 0.004       | 0.000      | 0.100      |             | 0.000  | 0.000r         |
| clock core_clock (rise edge)                                                                                                                                  |        |             |            |            |             | 0      | 0              |
| clock network delay (ideal)                                                                                                                                   |        |             |            |            |             | 0.000  | 0.000          |
| instruction_axi4_manager_i_3_ (port)                                                                                                                          |        | 0.004       | 0.000      | 0.100      |             | 0.333  | 0.333f         |
| instruction_axi4_manager_i_3_ (net)                                                                                                                           | 3      |             |            |            | 0.000       |        |                |
| u_core.u_icache.u_riscv32_icache_miss_unit.refill_access_fault_seen_q_reg_p_D_NOR3_X1_ZN_A1_AOI21_X1_ZN:B2 (AOI21_X1)                                         |        | 0.002       | 0.000      | 0.100      |             | 0.000  | 0.333f         |
| u_core.u_icache.u_riscv32_icache_miss_unit.refill_access_fault_seen_q_reg_p_D_NOR3_X1_ZN_A1_AOI21_X1_ZN:ZN (AOI21_X1)                                         |        | 0.003       | 0.000      | 0.044      |             | 0.082  | 0.415r         |
| u_core.u_icache.u_riscv32_icache_miss_unit.refill_access_fault_seen_q_reg_p_D_NOR3_X1_ZN_A1 (net)                                                             | 2      |             |            |            | 0.000       |        |                |
| u_core.u_icache.u_riscv32_icache_miss_unit.refill_access_fault_seen_q_reg_p_D_NOR3_X1_ZN_A1_NAND4_X1_A4:A4 (NAND4_X1)                                         |        | 0.002       | 0.000      | 0.044      |             | 0.000  | 0.415r         |
| u_core.u_icache.u_riscv32_icache_miss_unit.refill_access_fault_seen_q_reg_p_D_NOR3_X1_ZN_A1_NAND4_X1_A4:ZN (NAND4_X1)                                         |        | 0.005       | 0.000      | 0.028      |             | 0.048  | 0.463f         |
| u_core.u_icache.u_riscv32_icache_miss_unit.lookup_resp_data_q_2__NAND2_X1_A2_ZN_OAI21_X1_A_B2 (net)                                                           | 3      |             |            |            | 0.000       |        |                |
| u_core.u_icache.u_riscv32_icache_miss_unit.lookup_resp_data_q_2__NAND2_X1_A2_ZN_OAI21_X1_A_B2_BUF_X2_A:A (BUF_X2)                                             |        | 0.002       | 0.000      | 0.028      |             | 0.000  | 0.463f         |
| u_core.u_icache.u_riscv32_icache_miss_unit.lookup_resp_data_q_2__NAND2_X1_A2_ZN_OAI21_X1_A_B2_BUF_X2_A:Z (BUF_X2)                                             |        | 0.037       | 0.000      | 0.023      |             | 0.059  | 0.522f         |
| u_core.u_icache.u_riscv32_icache_miss_unit.lookup_resp_access_fault_q_OAI221_X1_B2_A (net)                                                                    | 24     |             |            |            | 0.000       |        |                |
| u_core.u_icache.u_riscv32_icache_miss_unit.lookup_resp_data_q_6__NAND2_X1_A2_ZN_OAI21_X1_A:B2 (OAI21_X1)                                                      |        | 0.002       | 0.000      | 0.023      |             | 0.000  | 0.522f         |
| u_core.u_icache.u_riscv32_icache_miss_unit.lookup_resp_data_q_6__NAND2_X1_A2_ZN_OAI21_X1_A:ZN (OAI21_X1)                                                      |        | 0.002       | 0.000      | 0.021      |             | 0.038  | 0.560r         |
| u_core.icache_lookup_resp_11__OAI21_X1_ZN_A_OAI21_X1_ZN_A (net)                                                                                               | 1      |             |            |            | 0.000       |        |                |
| u_core.icache_lookup_resp_11__OAI21_X1_ZN_A_OAI21_X1_ZN:A (OAI21_X1)                                                                                          |        | 0.002       | 0.000      | 0.021      |             | 0.000  | 0.560r         |
| u_core.icache_lookup_resp_11__OAI21_X1_ZN_A_OAI21_X1_ZN:ZN (OAI21_X1)                                                                                         |        | 0.003       | 0.000      | 0.028      |             | 0.027  | 0.587f         |
| u_core.icache_lookup_resp_11__OAI21_X1_ZN_A (net)                                                                                                             | 2      |             |            |            | 0.000       |        |                |
| u_core.icache_lookup_resp_11__OAI21_X1_ZN_A_OAI211_X1_B:B (OAI211_X1)                                                                                         |        | 0.002       | 0.000      | 0.028      |             | 0.000  | 0.587f         |
| u_core.icache_lookup_resp_11__OAI21_X1_ZN_A_OAI211_X1_B:ZN (OAI211_X1)                                                                                        |        | 0.006       | 0.000      | 0.045      |             | 0.046  | 0.632r         |
| u_core.icache_lookup_resp_11__OAI21_X1_ZN_A_OAI211_X1_B_ZN (net)                                                                                              | 4      |             |            |            | 0.000       |        |                |
| u_core.icache_lookup_resp_11__OAI21_X1_ZN_A_OAI211_X1_B_ZN_NAND2_X1_A1:A1 (NAND2_X1)                                                                          |        | 0.002       | 0.000      | 0.045      |             | 0.000  | 0.632r         |
| u_core.icache_lookup_resp_11__OAI21_X1_ZN_A_OAI211_X1_B_ZN_NAND2_X1_A1:ZN (NAND2_X1)                                                                          |        | 0.018       | 0.000      | 0.039      |             | 0.063  | 0.696f         |
| u_core.icache_lookup_resp_9__OAI211_X1_C2_B (net)                                                                                                             | 12     |             |            |            | 0.000       |        |                |
| u_core.execute_packet_154__reg_p_D_INV_X1_ZN_A_NAND4_X1_ZN_A2_NOR3_X1_ZN:A2 (NOR3_X1)                                                                         |        | 0.002       | 0.000      | 0.039      |             | 0.000  | 0.696f         |
| u_core.execute_packet_154__reg_p_D_INV_X1_ZN_A_NAND4_X1_ZN_A2_NOR3_X1_ZN:ZN (NOR3_X1)                                                                         |        | 0.009       | 0.000      | 0.078      |             | 0.113  | 0.809r         |
| u_core.execute_packet_154__reg_p_D_INV_X1_ZN_A_NAND4_X1_ZN_A2 (net)                                                                                           | 6      |             |            |            | 0.000       |        |                |
| u_core.decoded_execute_packet_140__AOI211_X1_ZN_A_NAND4_X1_ZN:A2 (NAND4_X1)                                                                                   |        | 0.002       | 0.000      | 0.078      |             | 0.000  | 0.809r         |
| u_core.decoded_execute_packet_140__AOI211_X1_ZN_A_NAND4_X1_ZN:ZN (NAND4_X1)                                                                                   |        | 0.004       | 0.000      | 0.033      |             | 0.060  | 0.869f         |
| u_core.decoded_execute_packet_140__AOI211_X1_ZN_A (net)                                                                                                       | 2      |             |            |            | 0.000       |        |                |
| u_core.decoded_execute_packet_140__AOI211_X1_ZN_A_OAI21_X2_B1:B1 (OAI21_X2)                                                                                   |        | 0.003       | 0.000      | 0.033      |             | 0.000  | 0.869f         |
| u_core.decoded_execute_packet_140__AOI211_X1_ZN_A_OAI21_X2_B1:ZN (OAI21_X2)                                                                                   |        | 0.012       | 0.000      | 0.039      |             | 0.059  | 0.929r         |
| u_core.decoded_execute_packet_140__AOI211_X1_ZN_A_OAI21_X2_B1_ZN (net)                                                                                        | 8      |             |            |            | 0.000       |        |                |
| u_core.execute_serializing_instruction_present_AOI21_X1_A_ZN_AND3_X1_A3_ZN_OAI21_X1_A_B2_AOI22_X1_ZN_A1_NAND4_X1_A2_A3_OAI211_X1_A_B_OAI21_X1_A:B2 (OAI21_X1) |        | 0.002       | 0.000      | 0.039      |             | 0.000  | 0.929r         |
| u_core.execute_serializing_instruction_present_AOI21_X1_A_ZN_AND3_X1_A3_ZN_OAI21_X1_A_B2_AOI22_X1_ZN_A1_NAND4_X1_A2_A3_OAI211_X1_A_B_OAI21_X1_A:ZN (OAI21_X1) |        | 0.006       | 0.000      | 0.033      |             | 0.039  | 0.967f         |
| u_core.execute_serializing_instruction_present_AOI21_X1_A_ZN_AND3_X1_A3_A1_OAI21_X2_A_B2 (net)                                                                | 2      |             |            |            | 0.000       |        |                |
| u_core.execute_serializing_instruction_present_AOI21_X1_A_ZN_AND3_X1_A3_A1_OAI21_X2_A_B2_BUF_X4_A:A (BUF_X4)                                                  |        | 0.003       | 0.000      | 0.033      |             | 0.000  | 0.967f         |
| u_core.execute_serializing_instruction_present_AOI21_X1_A_ZN_AND3_X1_A3_A1_OAI21_X2_A_B2_BUF_X4_A:Z (BUF_X4)                                                  |        | 0.035       | 0.000      | 0.013      |             | 0.047  | 1.015f         |
| u_core.decoded_execute_packet_70__AOI21_X1_ZN_A_NOR3_X1_ZN_A3 (net)                                                                                           | 24     |             |            |            | 0.000       |        |                |
| u_core.icache_lookup_resp_23__OAI211_X1_C1_ZN_OAI211_X1_B_ZN_OR4_X1_A1_ZN_NOR2_X1_A2:A1 (NOR2_X1)                                                             |        | 0.002       | 0.000      | 0.013      |             | 0.000  | 1.015f         |
| u_core.icache_lookup_resp_23__OAI211_X1_C1_ZN_OAI211_X1_B_ZN_OR4_X1_A1_ZN_NOR2_X1_A2:ZN (NOR2_X1)                                                             |        | 0.006       | 0.000      | 0.040      |             | 0.052  | 1.067r         |
| u_core.icache_lookup_resp_23__OAI211_X1_C1_ZN_OAI211_X1_B_ZN_OR4_X1_A1_ZN_NOR2_X1_A2_ZN (net)                                                                 | 4      |             |            |            | 0.000       |        |                |
| u_core.icache_lookup_resp_23__OAI211_X1_C1_ZN_OAI211_X1_B_ZN_OR4_X1_A1_ZN_NOR2_X1_A2_ZN_NOR2_X1_A2:A2 (NOR2_X1)                                               |        | 0.002       | 0.000      | 0.040      |             | 0.000  | 1.067r         |
| u_core.icache_lookup_resp_23__OAI211_X1_C1_ZN_OAI211_X1_B_ZN_OR4_X1_A1_ZN_NOR2_X1_A2_ZN_NOR2_X1_A2:ZN (NOR2_X1)                                               |        | 0.005       | 0.000      | 0.018      |             | 0.025  | 1.091f         |
| u_core.u_lsu.pending_lsu_context_q_139__OAI21_X1_A_1_ZN_NOR2_X1_A1_ZN_OAI221_X1_A_ZN_NOR2_X1_A2_ZN_NAND4_X1_A4_A2 (net)                                       | 4      |             |            |            | 0.000       |        |                |
| u_core.execute_serializing_instruction_present_AOI21_X1_A_ZN_AND3_X1_A3_ZN_OAI21_X1_A_ZN_NOR4_X1_A4_A2_AOI22_X1_ZN_A1_NAND3_X1_ZN:A1 (NAND3_X1)               |        | 0.002       | 0.000      | 0.018      |             | 0.000  | 1.091f         |
| u_core.execute_serializing_instruction_present_AOI21_X1_A_ZN_AND3_X1_A3_ZN_OAI21_X1_A_ZN_NOR4_X1_A4_A2_AOI22_X1_ZN_A1_NAND3_X1_ZN:ZN (NAND3_X1)               |        | 0.002       | 0.000      | 0.016      |             | 0.021  | 1.112r         |
| u_core.execute_serializing_instruction_present_AOI21_X1_A_ZN_AND3_X1_A3_ZN_OAI21_X1_A_ZN_NOR4_X1_A4_A2_AOI22_X1_ZN_A1 (net)                                   | 1      |             |            |            | 0.000       |        |                |
| u_core.execute_serializing_instruction_present_AOI21_X1_A_ZN_AND3_X1_A3_ZN_OAI21_X1_A_ZN_NOR4_X1_A4_A2_AOI22_X1_ZN:A1 (AOI22_X1)                              |        | 0.002       | 0.000      | 0.016      |             | 0.000  | 1.112r         |
| u_core.execute_serializing_instruction_present_AOI21_X1_A_ZN_AND3_X1_A3_ZN_OAI21_X1_A_ZN_NOR4_X1_A4_A2_AOI22_X1_ZN:ZN (AOI22_X1)                              |        | 0.003       | 0.000      | 0.020      |             | 0.019  | 1.131f         |
| u_core.execute_serializing_instruction_present_AOI21_X1_A_ZN_AND3_X1_A3_ZN_OAI21_X1_A_ZN_NOR4_X1_A4_A2 (net)                                                  | 2      |             |            |            | 0.000       |        |                |
| u_core.execute_serializing_instruction_present_AOI21_X1_A_ZN_AND3_X1_A3_ZN_OAI21_X1_A_ZN_OAI33_X1_A3:A1 (OAI33_X1)                                            |        | 0.002       | 0.000      | 0.020      |             | 0.000  | 1.131f         |
| u_core.execute_serializing_instruction_present_AOI21_X1_A_ZN_AND3_X1_A3_ZN_OAI21_X1_A_ZN_OAI33_X1_A3:ZN (OAI33_X1)                                            |        | 0.010       | 0.000      | 0.121      |             | 0.110  | 1.242r         |
| u_core.u_icache.lookup_s1_ready_OAI21_X1_ZN_B1_AOI211_X1_ZN_C1 (net)                                                                                          | 6      |             |            |            | 0.000       |        |                |
| u_core.u_fence_i_ctrl.icache_lookup_stalled_q_reg_p_D_AOI21_X1_ZN_B2_OAI211_X1_B_C1_AOI21_X1_ZN_B1_AOI21_X1_ZN:B1 (AOI21_X1)                                  |        | 0.002       | 0.000      | 0.121      |             | 0.000  | 1.242r         |
| u_core.u_fence_i_ctrl.icache_lookup_stalled_q_reg_p_D_AOI21_X1_ZN_B2_OAI211_X1_B_C1_AOI21_X1_ZN_B1_AOI21_X1_ZN:ZN (AOI21_X1)                                  |        | 0.003       | 0.000      | 0.031      |             | 0.027  | 1.269f         |
| u_core.u_fence_i_ctrl.icache_lookup_stalled_q_reg_p_D_AOI21_X1_ZN_B2_OAI211_X1_B_C1_AOI21_X1_ZN_B1 (net)                                                      | 2      |             |            |            | 0.000       |        |                |
| u_core.u_fence_i_ctrl.icache_lookup_stalled_q_reg_p_D_AOI21_X1_ZN_B2_OAI211_X1_B_C1_AOI21_X1_ZN:B1 (AOI21_X1)                                                 |        | 0.002       | 0.000      | 0.031      |             | 0.000  | 1.269f         |
| u_core.u_fence_i_ctrl.icache_lookup_stalled_q_reg_p_D_AOI21_X1_ZN_B2_OAI211_X1_B_C1_AOI21_X1_ZN:ZN (AOI21_X1)                                                 |        | 0.003       | 0.000      | 0.032      |             | 0.048  | 1.317r         |
| u_core.u_fence_i_ctrl.icache_lookup_stalled_q_reg_p_D_AOI21_X1_ZN_B2_OAI211_X1_B_C1 (net)                                                                     | 2      |             |            |            | 0.000       |        |                |
| u_core.u_fence_i_ctrl.icache_lookup_stalled_q_reg_p_D_AOI21_X1_ZN_B2_OAI211_X1_B:C1 (OAI211_X1)                                                               |        | 0.002       | 0.000      | 0.032      |             | 0.000  | 1.317r         |
| u_core.u_fence_i_ctrl.icache_lookup_stalled_q_reg_p_D_AOI21_X1_ZN_B2_OAI211_X1_B:ZN (OAI211_X1)                                                               |        | 0.005       | 0.000      | 0.024      |             | 0.037  | 1.353f         |
| u_core.u_ifu.lookup_queue_entry_count_d_1__AOI21_X1_ZN_B1_AOI21_X1_ZN_B1 (net)                                                                                | 3      |             |            |            | 0.000       |        |                |
| u_core.u_ifu.lookup_queue_entry_count_d_1__AOI21_X1_ZN_B1_AOI21_X1_ZN_B1_NAND2_X1_A1:A1 (NAND2_X1)                                                            |        | 0.002       | 0.000      | 0.024      |             | 0.000  | 1.353f         |
| u_core.u_ifu.lookup_queue_entry_count_d_1__AOI21_X1_ZN_B1_AOI21_X1_ZN_B1_NAND2_X1_A1:ZN (NAND2_X1)                                                            |        | 0.010       | 0.000      | 0.032      |             | 0.045  | 1.398r         |
| u_core.u_ifu.predictor_fetch_pc_d_5__OR2_X1_ZN_A2_AND4_X1_ZN_A1 (net)                                                                                         | 6      |             |            |            | 0.000       |        |                |
| u_core.frontend_recovery_event_NOR2_X2_A1:A2 (NOR2_X2)                                                                                                        |        | 0.003       | 0.000      | 0.032      |             | 0.000  | 1.398r         |
| u_core.frontend_recovery_event_NOR2_X2_A1:ZN (NOR2_X2)                                                                                                        |        | 0.013       | 0.000      | 0.015      |             | 0.024  | 1.422f         |
| u_core.frontend_recovery_event_NOR2_X2_A1_ZN (net)                                                                                                            | 8      |             |            |            | 0.000       |        |                |
| u_core.commit_262__AOI222_X1_B1_ZN_OAI211_X1_A_C1_INV_X2_ZN:A (INV_X2)                                                                                        |        | 0.003       | 0.000      | 0.015      |             | 0.000  | 1.422f         |
| u_core.commit_262__AOI222_X1_B1_ZN_OAI211_X1_A_C1_INV_X2_ZN:ZN (INV_X2)                                                                                       |        | 0.007       | 0.000      | 0.011      |             | 0.020  | 1.443r         |
| u_core.commit_262__AOI222_X1_B1_ZN_OAI211_X1_A_C1 (net)                                                                                                       | 3      |             |            |            | 0.000       |        |                |
| u_core.commit_262__AOI222_X1_B1_ZN_OAI211_X1_A_C1_BUF_X4_A:A (BUF_X4)                                                                                         |        | 0.003       | 0.000      | 0.011      |             | 0.000  | 1.443r         |
| u_core.commit_262__AOI222_X1_B1_ZN_OAI211_X1_A_C1_BUF_X4_A:Z (BUF_X4)                                                                                         |        | 0.038       | 0.000      | 0.025      |             | 0.041  | 1.484r         |
| u_core.commit_268__AOI222_X1_B1_ZN_OAI211_X1_A_C1 (net)                                                                                                       | 24     |             |            |            | 0.000       |        |                |
| u_core.commit_277__AOI222_X1_B1_ZN_OAI211_X1_B:C1 (OAI211_X1)                                                                                                 |        | 0.002       | 0.000      | 0.025      |             | 0.000  | 1.484r         |
| u_core.commit_277__AOI222_X1_B1_ZN_OAI211_X1_B:ZN (OAI211_X1)                                                                                                 |        | 0.001       | 0.000      | 0.013      |             | 0.021  | 1.504f         |
| u_core.u_ifu.predictor_fetch_pc_d_19__OR2_X1_ZN_A2 (net)                                                                                                      | 1      |             |            |            | 0.000       |        |                |
| u_core.u_ifu.predictor_fetch_pc_d_19__OR2_X1_ZN:A2 (OR2_X1)                                                                                                   |        | 0.001       | 0.000      | 0.013      |             | 0.000  | 1.504f         |
| u_core.u_ifu.predictor_fetch_pc_d_19__OR2_X1_ZN:ZN (OR2_X1)                                                                                                   |        | 0.001       | 0.000      | 0.009      |             | 0.052  | 1.556f         |
| u_core.u_ifu.predictor_fetch_pc_d_19_ (net)                                                                                                                   | 1      |             |            |            | 0.000       |        |                |
| u_core.u_ifu.predictor_fetch_pc_q_19__reg_p:D (DFFR_X1)                                                                                                       |        | 0.001       | 0.000      | 0.009      |             | 0.000  | 1.556f         |
|                                                                                                                                                               |        |             |            |            |             |        |                |
| clk_i (port)                                                                                                                                                  |        | 0.951       | 0.000      | 0.100      |             | 0.000  | 0.000r         |
| clk_i (clock net)                                                                                                                                             | 553    |             |            |            | NA          |        |                |
| u_core.commit_268__AOI222_X1_B1_ZN_OAI211_X1_A_C1_CLKGATE_X1_E:CK (CLKGATE_X1)                                                                                |        | 0.002       | 0.000      | 0.000      |             | 0.000  | 0.000r         |
| u_core.commit_268__AOI222_X1_B1_ZN_OAI211_X1_A_C1_CLKGATE_X1_E:GCK (CLKGATE_X1)                                                                               |        | 0.029       | 0.000      | 0.000      |             | 0.000  | 0.000r         |
| u_core.u_ifu.predictor_fetch_pc_q_2__reg_p_CK (clock net)                                                                                                     | 30     |             |            |            | NA          |        |                |
| u_core.u_ifu.predictor_fetch_pc_q_19__reg_p:CK (DFFR_X1)                                                                                                      |        | 0.001       | 0.000      | 0.000      |             | 0.000  | 0.000r         |
| clock core_clock (rise edge)                                                                                                                                  |        |             |            |            |             | 1.666  | 1.666          |
| clock network delay (ideal)                                                                                                                                   |        |             |            |            |             | 0.000  | 1.666          |
| u_core.u_ifu.predictor_fetch_pc_q_19__reg_p:CK (DFFR_X1)                                                                                                      |        |             |            |            |             |        | 1.666r         |
| library setup time                                                                                                                                            |        |             |            |            |             | -0.041 | 1.625          |
| clock reconvergence pessimism                                                                                                                                 |        |             |            |            |             | 0.000  | 1.625          |
|                                                                                                                                                               |        |             |            |            |             |        |                |
| path cell delay                                                                                                                                               |        |             |            |            |             |        | 1.223(78.581%) |
| path net delay                                                                                                                                                |        |             |            |            |             |        | 0.000(0.000%)  |
|                                                                                                                                                               |        |             |            |            |             |        |                |
| data require time                                                                                                                                             |        |             |            |            |             |        | 1.625          |
| data arrival time                                                                                                                                             |        |             |            |            |             |        | 1.556          |
| slack (MET)                                                                                                                                                   |        |             |            |            |             |        | 0.069          |
+---------------------------------------------------------------------------------------------------------------------------------------------------------------+--------+-------------+------------+------------+-------------+--------+----------------+
+---------------------------------------------------------------------------------------------------------------------------------------------------------------+--------+-------------+------------+------------+-------------+--------+----------------+
| Point                                                                                                                                                         | Fanout | Capacitance | Resistance | Transition | Delta Delay | Incr   | Path           |
+---------------------------------------------------------------------------------------------------------------------------------------------------------------+--------+-------------+------------+------------+-------------+--------+----------------+
| instruction_axi4_manager_i_3_ (port)                                                                                                                          |        | 0.004       | 0.000      | 0.100      |             | 0.000  | 0.000r         |
| clock core_clock (rise edge)                                                                                                                                  |        |             |            |            |             | 0      | 0              |
| clock network delay (ideal)                                                                                                                                   |        |             |            |            |             | 0.000  | 0.000          |
| instruction_axi4_manager_i_3_ (port)                                                                                                                          |        | 0.004       | 0.000      | 0.100      |             | 0.333  | 0.333f         |
| instruction_axi4_manager_i_3_ (net)                                                                                                                           | 3      |             |            |            | 0.000       |        |                |
| u_core.u_icache.u_riscv32_icache_miss_unit.refill_access_fault_seen_q_reg_p_D_NOR3_X1_ZN_A1_AOI21_X1_ZN:B2 (AOI21_X1)                                         |        | 0.002       | 0.000      | 0.100      |             | 0.000  | 0.333f         |
| u_core.u_icache.u_riscv32_icache_miss_unit.refill_access_fault_seen_q_reg_p_D_NOR3_X1_ZN_A1_AOI21_X1_ZN:ZN (AOI21_X1)                                         |        | 0.003       | 0.000      | 0.044      |             | 0.082  | 0.415r         |
| u_core.u_icache.u_riscv32_icache_miss_unit.refill_access_fault_seen_q_reg_p_D_NOR3_X1_ZN_A1 (net)                                                             | 2      |             |            |            | 0.000       |        |                |
| u_core.u_icache.u_riscv32_icache_miss_unit.refill_access_fault_seen_q_reg_p_D_NOR3_X1_ZN_A1_NAND4_X1_A4:A4 (NAND4_X1)                                         |        | 0.002       | 0.000      | 0.044      |             | 0.000  | 0.415r         |
| u_core.u_icache.u_riscv32_icache_miss_unit.refill_access_fault_seen_q_reg_p_D_NOR3_X1_ZN_A1_NAND4_X1_A4:ZN (NAND4_X1)                                         |        | 0.005       | 0.000      | 0.028      |             | 0.048  | 0.463f         |
| u_core.u_icache.u_riscv32_icache_miss_unit.lookup_resp_data_q_2__NAND2_X1_A2_ZN_OAI21_X1_A_B2 (net)                                                           | 3      |             |            |            | 0.000       |        |                |
| u_core.u_icache.u_riscv32_icache_miss_unit.lookup_resp_data_q_2__NAND2_X1_A2_ZN_OAI21_X1_A_B2_BUF_X2_A:A (BUF_X2)                                             |        | 0.002       | 0.000      | 0.028      |             | 0.000  | 0.463f         |
| u_core.u_icache.u_riscv32_icache_miss_unit.lookup_resp_data_q_2__NAND2_X1_A2_ZN_OAI21_X1_A_B2_BUF_X2_A:Z (BUF_X2)                                             |        | 0.037       | 0.000      | 0.023      |             | 0.059  | 0.522f         |
| u_core.u_icache.u_riscv32_icache_miss_unit.lookup_resp_access_fault_q_OAI221_X1_B2_A (net)                                                                    | 24     |             |            |            | 0.000       |        |                |
| u_core.u_icache.u_riscv32_icache_miss_unit.lookup_resp_data_q_6__NAND2_X1_A2_ZN_OAI21_X1_A:B2 (OAI21_X1)                                                      |        | 0.002       | 0.000      | 0.023      |             | 0.000  | 0.522f         |
| u_core.u_icache.u_riscv32_icache_miss_unit.lookup_resp_data_q_6__NAND2_X1_A2_ZN_OAI21_X1_A:ZN (OAI21_X1)                                                      |        | 0.002       | 0.000      | 0.021      |             | 0.038  | 0.560r         |
| u_core.icache_lookup_resp_11__OAI21_X1_ZN_A_OAI21_X1_ZN_A (net)                                                                                               | 1      |             |            |            | 0.000       |        |                |
| u_core.icache_lookup_resp_11__OAI21_X1_ZN_A_OAI21_X1_ZN:A (OAI21_X1)                                                                                          |        | 0.002       | 0.000      | 0.021      |             | 0.000  | 0.560r         |
| u_core.icache_lookup_resp_11__OAI21_X1_ZN_A_OAI21_X1_ZN:ZN (OAI21_X1)                                                                                         |        | 0.003       | 0.000      | 0.028      |             | 0.027  | 0.587f         |
| u_core.icache_lookup_resp_11__OAI21_X1_ZN_A (net)                                                                                                             | 2      |             |            |            | 0.000       |        |                |
| u_core.icache_lookup_resp_11__OAI21_X1_ZN_A_OAI211_X1_B:B (OAI211_X1)                                                                                         |        | 0.002       | 0.000      | 0.028      |             | 0.000  | 0.587f         |
| u_core.icache_lookup_resp_11__OAI21_X1_ZN_A_OAI211_X1_B:ZN (OAI211_X1)                                                                                        |        | 0.006       | 0.000      | 0.045      |             | 0.046  | 0.632r         |
| u_core.icache_lookup_resp_11__OAI21_X1_ZN_A_OAI211_X1_B_ZN (net)                                                                                              | 4      |             |            |            | 0.000       |        |                |
| u_core.icache_lookup_resp_11__OAI21_X1_ZN_A_OAI211_X1_B_ZN_NAND2_X1_A1:A1 (NAND2_X1)                                                                          |        | 0.002       | 0.000      | 0.045      |             | 0.000  | 0.632r         |
| u_core.icache_lookup_resp_11__OAI21_X1_ZN_A_OAI211_X1_B_ZN_NAND2_X1_A1:ZN (NAND2_X1)                                                                          |        | 0.018       | 0.000      | 0.039      |             | 0.063  | 0.696f         |
| u_core.icache_lookup_resp_9__OAI211_X1_C2_B (net)                                                                                                             | 12     |             |            |            | 0.000       |        |                |
| u_core.execute_packet_154__reg_p_D_INV_X1_ZN_A_NAND4_X1_ZN_A2_NOR3_X1_ZN:A2 (NOR3_X1)                                                                         |        | 0.002       | 0.000      | 0.039      |             | 0.000  | 0.696f         |
| u_core.execute_packet_154__reg_p_D_INV_X1_ZN_A_NAND4_X1_ZN_A2_NOR3_X1_ZN:ZN (NOR3_X1)                                                                         |        | 0.009       | 0.000      | 0.078      |             | 0.113  | 0.809r         |
| u_core.execute_packet_154__reg_p_D_INV_X1_ZN_A_NAND4_X1_ZN_A2 (net)                                                                                           | 6      |             |            |            | 0.000       |        |                |
| u_core.decoded_execute_packet_140__AOI211_X1_ZN_A_NAND4_X1_ZN:A2 (NAND4_X1)                                                                                   |        | 0.002       | 0.000      | 0.078      |             | 0.000  | 0.809r         |
| u_core.decoded_execute_packet_140__AOI211_X1_ZN_A_NAND4_X1_ZN:ZN (NAND4_X1)                                                                                   |        | 0.004       | 0.000      | 0.033      |             | 0.060  | 0.869f         |
| u_core.decoded_execute_packet_140__AOI211_X1_ZN_A (net)                                                                                                       | 2      |             |            |            | 0.000       |        |                |
| u_core.decoded_execute_packet_140__AOI211_X1_ZN_A_OAI21_X2_B1:B1 (OAI21_X2)                                                                                   |        | 0.003       | 0.000      | 0.033      |             | 0.000  | 0.869f         |
| u_core.decoded_execute_packet_140__AOI211_X1_ZN_A_OAI21_X2_B1:ZN (OAI21_X2)                                                                                   |        | 0.012       | 0.000      | 0.039      |             | 0.059  | 0.929r         |
| u_core.decoded_execute_packet_140__AOI211_X1_ZN_A_OAI21_X2_B1_ZN (net)                                                                                        | 8      |             |            |            | 0.000       |        |                |
| u_core.execute_serializing_instruction_present_AOI21_X1_A_ZN_AND3_X1_A3_ZN_OAI21_X1_A_B2_AOI22_X1_ZN_A1_NAND4_X1_A2_A3_OAI211_X1_A_B_OAI21_X1_A:B2 (OAI21_X1) |        | 0.002       | 0.000      | 0.039      |             | 0.000  | 0.929r         |
| u_core.execute_serializing_instruction_present_AOI21_X1_A_ZN_AND3_X1_A3_ZN_OAI21_X1_A_B2_AOI22_X1_ZN_A1_NAND4_X1_A2_A3_OAI211_X1_A_B_OAI21_X1_A:ZN (OAI21_X1) |        | 0.006       | 0.000      | 0.033      |             | 0.039  | 0.967f         |
| u_core.execute_serializing_instruction_present_AOI21_X1_A_ZN_AND3_X1_A3_A1_OAI21_X2_A_B2 (net)                                                                | 2      |             |            |            | 0.000       |        |                |
| u_core.execute_serializing_instruction_present_AOI21_X1_A_ZN_AND3_X1_A3_A1_OAI21_X2_A_B2_BUF_X4_A:A (BUF_X4)                                                  |        | 0.003       | 0.000      | 0.033      |             | 0.000  | 0.967f         |
| u_core.execute_serializing_instruction_present_AOI21_X1_A_ZN_AND3_X1_A3_A1_OAI21_X2_A_B2_BUF_X4_A:Z (BUF_X4)                                                  |        | 0.035       | 0.000      | 0.013      |             | 0.047  | 1.015f         |
| u_core.decoded_execute_packet_70__AOI21_X1_ZN_A_NOR3_X1_ZN_A3 (net)                                                                                           | 24     |             |            |            | 0.000       |        |                |
| u_core.icache_lookup_resp_23__OAI211_X1_C1_ZN_OAI211_X1_B_ZN_OR4_X1_A1_ZN_NOR2_X1_A2:A1 (NOR2_X1)                                                             |        | 0.002       | 0.000      | 0.013      |             | 0.000  | 1.015f         |
| u_core.icache_lookup_resp_23__OAI211_X1_C1_ZN_OAI211_X1_B_ZN_OR4_X1_A1_ZN_NOR2_X1_A2:ZN (NOR2_X1)                                                             |        | 0.006       | 0.000      | 0.040      |             | 0.052  | 1.067r         |
| u_core.icache_lookup_resp_23__OAI211_X1_C1_ZN_OAI211_X1_B_ZN_OR4_X1_A1_ZN_NOR2_X1_A2_ZN (net)                                                                 | 4      |             |            |            | 0.000       |        |                |
| u_core.icache_lookup_resp_23__OAI211_X1_C1_ZN_OAI211_X1_B_ZN_OR4_X1_A1_ZN_NOR2_X1_A2_ZN_NOR2_X1_A2:A2 (NOR2_X1)                                               |        | 0.002       | 0.000      | 0.040      |             | 0.000  | 1.067r         |
| u_core.icache_lookup_resp_23__OAI211_X1_C1_ZN_OAI211_X1_B_ZN_OR4_X1_A1_ZN_NOR2_X1_A2_ZN_NOR2_X1_A2:ZN (NOR2_X1)                                               |        | 0.005       | 0.000      | 0.018      |             | 0.025  | 1.091f         |
| u_core.u_lsu.pending_lsu_context_q_139__OAI21_X1_A_1_ZN_NOR2_X1_A1_ZN_OAI221_X1_A_ZN_NOR2_X1_A2_ZN_NAND4_X1_A4_A2 (net)                                       | 4      |             |            |            | 0.000       |        |                |
| u_core.execute_serializing_instruction_present_AOI21_X1_A_ZN_AND3_X1_A3_ZN_OAI21_X1_A_ZN_NOR4_X1_A4_A2_AOI22_X1_ZN_A1_NAND3_X1_ZN:A1 (NAND3_X1)               |        | 0.002       | 0.000      | 0.018      |             | 0.000  | 1.091f         |
| u_core.execute_serializing_instruction_present_AOI21_X1_A_ZN_AND3_X1_A3_ZN_OAI21_X1_A_ZN_NOR4_X1_A4_A2_AOI22_X1_ZN_A1_NAND3_X1_ZN:ZN (NAND3_X1)               |        | 0.002       | 0.000      | 0.016      |             | 0.021  | 1.112r         |
| u_core.execute_serializing_instruction_present_AOI21_X1_A_ZN_AND3_X1_A3_ZN_OAI21_X1_A_ZN_NOR4_X1_A4_A2_AOI22_X1_ZN_A1 (net)                                   | 1      |             |            |            | 0.000       |        |                |
| u_core.execute_serializing_instruction_present_AOI21_X1_A_ZN_AND3_X1_A3_ZN_OAI21_X1_A_ZN_NOR4_X1_A4_A2_AOI22_X1_ZN:A1 (AOI22_X1)                              |        | 0.002       | 0.000      | 0.016      |             | 0.000  | 1.112r         |
| u_core.execute_serializing_instruction_present_AOI21_X1_A_ZN_AND3_X1_A3_ZN_OAI21_X1_A_ZN_NOR4_X1_A4_A2_AOI22_X1_ZN:ZN (AOI22_X1)                              |        | 0.003       | 0.000      | 0.020      |             | 0.019  | 1.131f         |
| u_core.execute_serializing_instruction_present_AOI21_X1_A_ZN_AND3_X1_A3_ZN_OAI21_X1_A_ZN_NOR4_X1_A4_A2 (net)                                                  | 2      |             |            |            | 0.000       |        |                |
| u_core.execute_serializing_instruction_present_AOI21_X1_A_ZN_AND3_X1_A3_ZN_OAI21_X1_A_ZN_OAI33_X1_A3:A1 (OAI33_X1)                                            |        | 0.002       | 0.000      | 0.020      |             | 0.000  | 1.131f         |
| u_core.execute_serializing_instruction_present_AOI21_X1_A_ZN_AND3_X1_A3_ZN_OAI21_X1_A_ZN_OAI33_X1_A3:ZN (OAI33_X1)                                            |        | 0.010       | 0.000      | 0.121      |             | 0.110  | 1.242r         |
| u_core.u_icache.lookup_s1_ready_OAI21_X1_ZN_B1_AOI211_X1_ZN_C1 (net)                                                                                          | 6      |             |            |            | 0.000       |        |                |
| u_core.u_fence_i_ctrl.icache_lookup_stalled_q_reg_p_D_AOI21_X1_ZN_B2_OAI211_X1_B_C1_AOI21_X1_ZN_B1_AOI21_X1_ZN:B1 (AOI21_X1)                                  |        | 0.002       | 0.000      | 0.121      |             | 0.000  | 1.242r         |
| u_core.u_fence_i_ctrl.icache_lookup_stalled_q_reg_p_D_AOI21_X1_ZN_B2_OAI211_X1_B_C1_AOI21_X1_ZN_B1_AOI21_X1_ZN:ZN (AOI21_X1)                                  |        | 0.003       | 0.000      | 0.031      |             | 0.027  | 1.269f         |
| u_core.u_fence_i_ctrl.icache_lookup_stalled_q_reg_p_D_AOI21_X1_ZN_B2_OAI211_X1_B_C1_AOI21_X1_ZN_B1 (net)                                                      | 2      |             |            |            | 0.000       |        |                |
| u_core.u_fence_i_ctrl.icache_lookup_stalled_q_reg_p_D_AOI21_X1_ZN_B2_OAI211_X1_B_C1_AOI21_X1_ZN:B1 (AOI21_X1)                                                 |        | 0.002       | 0.000      | 0.031      |             | 0.000  | 1.269f         |
| u_core.u_fence_i_ctrl.icache_lookup_stalled_q_reg_p_D_AOI21_X1_ZN_B2_OAI211_X1_B_C1_AOI21_X1_ZN:ZN (AOI21_X1)                                                 |        | 0.003       | 0.000      | 0.032      |             | 0.048  | 1.317r         |
| u_core.u_fence_i_ctrl.icache_lookup_stalled_q_reg_p_D_AOI21_X1_ZN_B2_OAI211_X1_B_C1 (net)                                                                     | 2      |             |            |            | 0.000       |        |                |
| u_core.u_fence_i_ctrl.icache_lookup_stalled_q_reg_p_D_AOI21_X1_ZN_B2_OAI211_X1_B:C1 (OAI211_X1)                                                               |        | 0.002       | 0.000      | 0.032      |             | 0.000  | 1.317r         |
| u_core.u_fence_i_ctrl.icache_lookup_stalled_q_reg_p_D_AOI21_X1_ZN_B2_OAI211_X1_B:ZN (OAI211_X1)                                                               |        | 0.005       | 0.000      | 0.024      |             | 0.037  | 1.353f         |
| u_core.u_ifu.lookup_queue_entry_count_d_1__AOI21_X1_ZN_B1_AOI21_X1_ZN_B1 (net)                                                                                | 3      |             |            |            | 0.000       |        |                |
| u_core.u_ifu.lookup_queue_entry_count_d_1__AOI21_X1_ZN_B1_AOI21_X1_ZN_B1_NAND2_X1_A1:A1 (NAND2_X1)                                                            |        | 0.002       | 0.000      | 0.024      |             | 0.000  | 1.353f         |
| u_core.u_ifu.lookup_queue_entry_count_d_1__AOI21_X1_ZN_B1_AOI21_X1_ZN_B1_NAND2_X1_A1:ZN (NAND2_X1)                                                            |        | 0.010       | 0.000      | 0.032      |             | 0.045  | 1.398r         |
| u_core.u_ifu.predictor_fetch_pc_d_5__OR2_X1_ZN_A2_AND4_X1_ZN_A1 (net)                                                                                         | 6      |             |            |            | 0.000       |        |                |
| u_core.u_ifu.predictor_fetch_pc_d_5__OR2_X1_ZN_A2_AND4_X1_ZN_A1_OAI211_X2_A:A (OAI211_X2)                                                                     |        | 0.003       | 0.000      | 0.032      |             | 0.000  | 1.398r         |
| u_core.u_ifu.predictor_fetch_pc_d_5__OR2_X1_ZN_A2_AND4_X1_ZN_A1_OAI211_X2_A:ZN (OAI211_X2)                                                                    |        | 0.012       | 0.000      | 0.040      |             | 0.049  | 1.447f         |
| u_core.u_ifu.predictor_fetch_pc_d_4__OR2_X1_ZN_A1_NOR3_X1_ZN_A1 (net)                                                                                         | 8      |             |            |            | 0.000       |        |                |
| u_core.u_ifu.predictor_fetch_pc_d_4__OR2_X1_ZN_A1_NOR3_X1_ZN_A1_BUF_X4_A:A (BUF_X4)                                                                           |        | 0.003       | 0.000      | 0.040      |             | 0.000  | 1.447f         |
| u_core.u_ifu.predictor_fetch_pc_d_4__OR2_X1_ZN_A1_NOR3_X1_ZN_A1_BUF_X4_A:Z (BUF_X4)                                                                           |        | 0.035       | 0.000      | 0.013      |             | 0.050  | 1.497f         |
| u_core.u_ifu.predictor_fetch_pc_d_13__OAI21_X1_ZN_B2 (net)                                                                                                    | 24     |             |            |            | 0.000       |        |                |
| u_core.u_ifu.lookup_queue_read_index_q_reg_p_CK_CLKGATE_X1_GCK_E_OAI21_X1_A:B1 (OAI21_X1)                                                                     |        | 0.002       | 0.000      | 0.013      |             | 0.000  | 1.497f         |
| u_core.u_ifu.lookup_queue_read_index_q_reg_p_CK_CLKGATE_X1_GCK_E_OAI21_X1_A:ZN (OAI21_X1)                                                                     |        | 0.002       | 0.000      | 0.021      |             | 0.030  | 1.527r         |
| u_core.u_ifu.lookup_queue_read_index_q_reg_p_CK_CLKGATE_X1_GCK_E_OAI21_X1_A_ZN (net)                                                                          | 1      |             |            |            | 0.000       |        |                |
| u_core.u_ifu.lookup_queue_entry_count_q_0__reg_p_CK_CLKGATE_X1_GCK_E_OAI211_X1_ZN:A (OAI211_X1)                                                               |        | 0.002       | 0.000      | 0.021      |             | 0.000  | 1.527r         |
| u_core.u_ifu.lookup_queue_entry_count_q_0__reg_p_CK_CLKGATE_X1_GCK_E_OAI211_X1_ZN:ZN (OAI211_X1)                                                              |        | 0.001       | 0.000      | 0.021      |             | 0.028  | 1.555f         |
| u_core.u_ifu.lookup_queue_entry_count_q_0__reg_p_CK_CLKGATE_X1_GCK_E (net)                                                                                    | 1      |             |            |            | 0.000       |        |                |
| u_core.u_ifu.lookup_queue_entry_count_q_0__reg_p_CK_CLKGATE_X1_GCK:E (CLKGATE_X1)                                                                             |        | 0.001       | 0.000      | 0.021      |             | 0.000  | 1.555f         |
|                                                                                                                                                               |        |             |            |            |             |        |                |
| clk_i (port)                                                                                                                                                  |        | 0.951       | 0.000      | 0.100      |             | 0.000  | 0.000r         |
| clk_i (clock net)                                                                                                                                             | 553    |             |            |            | NA          |        |                |
| u_core.u_ifu.lookup_queue_entry_count_q_0__reg_p_CK_CLKGATE_X1_GCK:CK (CLKGATE_X1)                                                                            |        | 0.002       | 0.000      | 0.000      |             | 0.000  | 0.000r         |
| clock core_clock (rise edge)                                                                                                                                  |        |             |            |            |             | 1.666  | 1.666          |
| clock network delay (ideal)                                                                                                                                   |        |             |            |            |             | 0.000  | 1.666          |
| u_core.u_ifu.lookup_queue_entry_count_q_0__reg_p_CK_CLKGATE_X1_GCK:CK (CLKGATE_X1)                                                                            |        |             |            |            |             |        | 1.666r         |
| library setup time                                                                                                                                            |        |             |            |            |             | -0.050 | 1.616          |
| clock reconvergence pessimism                                                                                                                                 |        |             |            |            |             | 0.000  | 1.616          |
|                                                                                                                                                               |        |             |            |            |             |        |                |
| path cell delay                                                                                                                                               |        |             |            |            |             |        | 1.222(78.563%) |
| path net delay                                                                                                                                                |        |             |            |            |             |        | 0.000(0.000%)  |
|                                                                                                                                                               |        |             |            |            |             |        |                |
| data require time                                                                                                                                             |        |             |            |            |             |        | 1.616          |
| data arrival time                                                                                                                                             |        |             |            |            |             |        | 1.555          |
| slack (MET)                                                                                                                                                   |        |             |            |            |             |        | 0.061          |
+---------------------------------------------------------------------------------------------------------------------------------------------------------------+--------+-------------+------------+------------+-------------+--------+----------------+
+---------------------------------------------------------------------------------------------------------------------------------------------------------------+--------+-------------+------------+------------+-------------+--------+----------------+
| Point                                                                                                                                                         | Fanout | Capacitance | Resistance | Transition | Delta Delay | Incr   | Path           |
+---------------------------------------------------------------------------------------------------------------------------------------------------------------+--------+-------------+------------+------------+-------------+--------+----------------+
| instruction_axi4_manager_i_3_ (port)                                                                                                                          |        | 0.004       | 0.000      | 0.100      |             | 0.000  | 0.000r         |
| clock core_clock (rise edge)                                                                                                                                  |        |             |            |            |             | 0      | 0              |
| clock network delay (ideal)                                                                                                                                   |        |             |            |            |             | 0.000  | 0.000          |
| instruction_axi4_manager_i_3_ (port)                                                                                                                          |        | 0.004       | 0.000      | 0.100      |             | 0.333  | 0.333f         |
| instruction_axi4_manager_i_3_ (net)                                                                                                                           | 3      |             |            |            | 0.000       |        |                |
| u_core.u_icache.u_riscv32_icache_miss_unit.refill_access_fault_seen_q_reg_p_D_NOR3_X1_ZN_A1_AOI21_X1_ZN:B2 (AOI21_X1)                                         |        | 0.002       | 0.000      | 0.100      |             | 0.000  | 0.333f         |
| u_core.u_icache.u_riscv32_icache_miss_unit.refill_access_fault_seen_q_reg_p_D_NOR3_X1_ZN_A1_AOI21_X1_ZN:ZN (AOI21_X1)                                         |        | 0.003       | 0.000      | 0.044      |             | 0.082  | 0.415r         |
| u_core.u_icache.u_riscv32_icache_miss_unit.refill_access_fault_seen_q_reg_p_D_NOR3_X1_ZN_A1 (net)                                                             | 2      |             |            |            | 0.000       |        |                |
| u_core.u_icache.u_riscv32_icache_miss_unit.refill_access_fault_seen_q_reg_p_D_NOR3_X1_ZN_A1_NAND4_X1_A4:A4 (NAND4_X1)                                         |        | 0.002       | 0.000      | 0.044      |             | 0.000  | 0.415r         |
| u_core.u_icache.u_riscv32_icache_miss_unit.refill_access_fault_seen_q_reg_p_D_NOR3_X1_ZN_A1_NAND4_X1_A4:ZN (NAND4_X1)                                         |        | 0.005       | 0.000      | 0.028      |             | 0.048  | 0.463f         |
| u_core.u_icache.u_riscv32_icache_miss_unit.lookup_resp_data_q_2__NAND2_X1_A2_ZN_OAI21_X1_A_B2 (net)                                                           | 3      |             |            |            | 0.000       |        |                |
| u_core.u_icache.u_riscv32_icache_miss_unit.lookup_resp_data_q_2__NAND2_X1_A2_ZN_OAI21_X1_A_B2_BUF_X2_A:A (BUF_X2)                                             |        | 0.002       | 0.000      | 0.028      |             | 0.000  | 0.463f         |
| u_core.u_icache.u_riscv32_icache_miss_unit.lookup_resp_data_q_2__NAND2_X1_A2_ZN_OAI21_X1_A_B2_BUF_X2_A:Z (BUF_X2)                                             |        | 0.037       | 0.000      | 0.023      |             | 0.059  | 0.522f         |
| u_core.u_icache.u_riscv32_icache_miss_unit.lookup_resp_access_fault_q_OAI221_X1_B2_A (net)                                                                    | 24     |             |            |            | 0.000       |        |                |
| u_core.u_icache.u_riscv32_icache_miss_unit.lookup_resp_data_q_6__NAND2_X1_A2_ZN_OAI21_X1_A:B2 (OAI21_X1)                                                      |        | 0.002       | 0.000      | 0.023      |             | 0.000  | 0.522f         |
| u_core.u_icache.u_riscv32_icache_miss_unit.lookup_resp_data_q_6__NAND2_X1_A2_ZN_OAI21_X1_A:ZN (OAI21_X1)                                                      |        | 0.002       | 0.000      | 0.021      |             | 0.038  | 0.560r         |
| u_core.icache_lookup_resp_11__OAI21_X1_ZN_A_OAI21_X1_ZN_A (net)                                                                                               | 1      |             |            |            | 0.000       |        |                |
| u_core.icache_lookup_resp_11__OAI21_X1_ZN_A_OAI21_X1_ZN:A (OAI21_X1)                                                                                          |        | 0.002       | 0.000      | 0.021      |             | 0.000  | 0.560r         |
| u_core.icache_lookup_resp_11__OAI21_X1_ZN_A_OAI21_X1_ZN:ZN (OAI21_X1)                                                                                         |        | 0.003       | 0.000      | 0.028      |             | 0.027  | 0.587f         |
| u_core.icache_lookup_resp_11__OAI21_X1_ZN_A (net)                                                                                                             | 2      |             |            |            | 0.000       |        |                |
| u_core.icache_lookup_resp_11__OAI21_X1_ZN_A_OAI211_X1_B:B (OAI211_X1)                                                                                         |        | 0.002       | 0.000      | 0.028      |             | 0.000  | 0.587f         |
| u_core.icache_lookup_resp_11__OAI21_X1_ZN_A_OAI211_X1_B:ZN (OAI211_X1)                                                                                        |        | 0.006       | 0.000      | 0.045      |             | 0.046  | 0.632r         |
| u_core.icache_lookup_resp_11__OAI21_X1_ZN_A_OAI211_X1_B_ZN (net)                                                                                              | 4      |             |            |            | 0.000       |        |                |
| u_core.icache_lookup_resp_11__OAI21_X1_ZN_A_OAI211_X1_B_ZN_NAND2_X1_A1:A1 (NAND2_X1)                                                                          |        | 0.002       | 0.000      | 0.045      |             | 0.000  | 0.632r         |
| u_core.icache_lookup_resp_11__OAI21_X1_ZN_A_OAI211_X1_B_ZN_NAND2_X1_A1:ZN (NAND2_X1)                                                                          |        | 0.018       | 0.000      | 0.039      |             | 0.063  | 0.696f         |
| u_core.icache_lookup_resp_9__OAI211_X1_C2_B (net)                                                                                                             | 12     |             |            |            | 0.000       |        |                |
| u_core.execute_packet_154__reg_p_D_INV_X1_ZN_A_NAND4_X1_ZN_A2_NOR3_X1_ZN:A2 (NOR3_X1)                                                                         |        | 0.002       | 0.000      | 0.039      |             | 0.000  | 0.696f         |
| u_core.execute_packet_154__reg_p_D_INV_X1_ZN_A_NAND4_X1_ZN_A2_NOR3_X1_ZN:ZN (NOR3_X1)                                                                         |        | 0.009       | 0.000      | 0.078      |             | 0.113  | 0.809r         |
| u_core.execute_packet_154__reg_p_D_INV_X1_ZN_A_NAND4_X1_ZN_A2 (net)                                                                                           | 6      |             |            |            | 0.000       |        |                |
| u_core.decoded_execute_packet_140__AOI211_X1_ZN_A_NAND4_X1_ZN:A2 (NAND4_X1)                                                                                   |        | 0.002       | 0.000      | 0.078      |             | 0.000  | 0.809r         |
| u_core.decoded_execute_packet_140__AOI211_X1_ZN_A_NAND4_X1_ZN:ZN (NAND4_X1)                                                                                   |        | 0.004       | 0.000      | 0.033      |             | 0.060  | 0.869f         |
| u_core.decoded_execute_packet_140__AOI211_X1_ZN_A (net)                                                                                                       | 2      |             |            |            | 0.000       |        |                |
| u_core.decoded_execute_packet_140__AOI211_X1_ZN_A_OAI21_X2_B1:B1 (OAI21_X2)                                                                                   |        | 0.003       | 0.000      | 0.033      |             | 0.000  | 0.869f         |
| u_core.decoded_execute_packet_140__AOI211_X1_ZN_A_OAI21_X2_B1:ZN (OAI21_X2)                                                                                   |        | 0.012       | 0.000      | 0.039      |             | 0.059  | 0.929r         |
| u_core.decoded_execute_packet_140__AOI211_X1_ZN_A_OAI21_X2_B1_ZN (net)                                                                                        | 8      |             |            |            | 0.000       |        |                |
| u_core.execute_serializing_instruction_present_AOI21_X1_A_ZN_AND3_X1_A3_ZN_OAI21_X1_A_B2_AOI22_X1_ZN_A1_NAND4_X1_A2_A3_OAI211_X1_A_B_OAI21_X1_A:B2 (OAI21_X1) |        | 0.002       | 0.000      | 0.039      |             | 0.000  | 0.929r         |
| u_core.execute_serializing_instruction_present_AOI21_X1_A_ZN_AND3_X1_A3_ZN_OAI21_X1_A_B2_AOI22_X1_ZN_A1_NAND4_X1_A2_A3_OAI211_X1_A_B_OAI21_X1_A:ZN (OAI21_X1) |        | 0.006       | 0.000      | 0.033      |             | 0.039  | 0.967f         |
| u_core.execute_serializing_instruction_present_AOI21_X1_A_ZN_AND3_X1_A3_A1_OAI21_X2_A_B2 (net)                                                                | 2      |             |            |            | 0.000       |        |                |
| u_core.execute_serializing_instruction_present_AOI21_X1_A_ZN_AND3_X1_A3_A1_OAI21_X2_A_B2_BUF_X4_A:A (BUF_X4)                                                  |        | 0.003       | 0.000      | 0.033      |             | 0.000  | 0.967f         |
| u_core.execute_serializing_instruction_present_AOI21_X1_A_ZN_AND3_X1_A3_A1_OAI21_X2_A_B2_BUF_X4_A:Z (BUF_X4)                                                  |        | 0.035       | 0.000      | 0.013      |             | 0.047  | 1.015f         |
| u_core.decoded_execute_packet_70__AOI21_X1_ZN_A_NOR3_X1_ZN_A3 (net)                                                                                           | 24     |             |            |            | 0.000       |        |                |
| u_core.icache_lookup_resp_23__OAI211_X1_C1_ZN_OAI211_X1_B_ZN_OR4_X1_A1_ZN_NOR2_X1_A2:A1 (NOR2_X1)                                                             |        | 0.002       | 0.000      | 0.013      |             | 0.000  | 1.015f         |
| u_core.icache_lookup_resp_23__OAI211_X1_C1_ZN_OAI211_X1_B_ZN_OR4_X1_A1_ZN_NOR2_X1_A2:ZN (NOR2_X1)                                                             |        | 0.006       | 0.000      | 0.040      |             | 0.052  | 1.067r         |
| u_core.icache_lookup_resp_23__OAI211_X1_C1_ZN_OAI211_X1_B_ZN_OR4_X1_A1_ZN_NOR2_X1_A2_ZN (net)                                                                 | 4      |             |            |            | 0.000       |        |                |
| u_core.icache_lookup_resp_23__OAI211_X1_C1_ZN_OAI211_X1_B_ZN_OR4_X1_A1_ZN_NOR2_X1_A2_ZN_NOR2_X1_A2:A2 (NOR2_X1)                                               |        | 0.002       | 0.000      | 0.040      |             | 0.000  | 1.067r         |
| u_core.icache_lookup_resp_23__OAI211_X1_C1_ZN_OAI211_X1_B_ZN_OR4_X1_A1_ZN_NOR2_X1_A2_ZN_NOR2_X1_A2:ZN (NOR2_X1)                                               |        | 0.005       | 0.000      | 0.018      |             | 0.025  | 1.091f         |
| u_core.u_lsu.pending_lsu_context_q_139__OAI21_X1_A_1_ZN_NOR2_X1_A1_ZN_OAI221_X1_A_ZN_NOR2_X1_A2_ZN_NAND4_X1_A4_A2 (net)                                       | 4      |             |            |            | 0.000       |        |                |
| u_core.execute_serializing_instruction_present_AOI21_X1_A_ZN_AND3_X1_A3_ZN_OAI21_X1_A_ZN_NOR4_X1_A4_A2_AOI22_X1_ZN_A1_NAND3_X1_ZN:A1 (NAND3_X1)               |        | 0.002       | 0.000      | 0.018      |             | 0.000  | 1.091f         |
| u_core.execute_serializing_instruction_present_AOI21_X1_A_ZN_AND3_X1_A3_ZN_OAI21_X1_A_ZN_NOR4_X1_A4_A2_AOI22_X1_ZN_A1_NAND3_X1_ZN:ZN (NAND3_X1)               |        | 0.002       | 0.000      | 0.016      |             | 0.021  | 1.112r         |
| u_core.execute_serializing_instruction_present_AOI21_X1_A_ZN_AND3_X1_A3_ZN_OAI21_X1_A_ZN_NOR4_X1_A4_A2_AOI22_X1_ZN_A1 (net)                                   | 1      |             |            |            | 0.000       |        |                |
| u_core.execute_serializing_instruction_present_AOI21_X1_A_ZN_AND3_X1_A3_ZN_OAI21_X1_A_ZN_NOR4_X1_A4_A2_AOI22_X1_ZN:A1 (AOI22_X1)                              |        | 0.002       | 0.000      | 0.016      |             | 0.000  | 1.112r         |
| u_core.execute_serializing_instruction_present_AOI21_X1_A_ZN_AND3_X1_A3_ZN_OAI21_X1_A_ZN_NOR4_X1_A4_A2_AOI22_X1_ZN:ZN (AOI22_X1)                              |        | 0.003       | 0.000      | 0.020      |             | 0.019  | 1.131f         |
| u_core.execute_serializing_instruction_present_AOI21_X1_A_ZN_AND3_X1_A3_ZN_OAI21_X1_A_ZN_NOR4_X1_A4_A2 (net)                                                  | 2      |             |            |            | 0.000       |        |                |
| u_core.execute_serializing_instruction_present_AOI21_X1_A_ZN_AND3_X1_A3_ZN_OAI21_X1_A_ZN_OAI33_X1_A3:A1 (OAI33_X1)                                            |        | 0.002       | 0.000      | 0.020      |             | 0.000  | 1.131f         |
| u_core.execute_serializing_instruction_present_AOI21_X1_A_ZN_AND3_X1_A3_ZN_OAI21_X1_A_ZN_OAI33_X1_A3:ZN (OAI33_X1)                                            |        | 0.010       | 0.000      | 0.121      |             | 0.110  | 1.242r         |
| u_core.u_icache.lookup_s1_ready_OAI21_X1_ZN_B1_AOI211_X1_ZN_C1 (net)                                                                                          | 6      |             |            |            | 0.000       |        |                |
| u_core.u_fence_i_ctrl.icache_lookup_stalled_q_reg_p_D_AOI21_X1_ZN_B2_OAI211_X1_B_C1_AOI21_X1_ZN_B1_AOI21_X1_ZN:B1 (AOI21_X1)                                  |        | 0.002       | 0.000      | 0.121      |             | 0.000  | 1.242r         |
| u_core.u_fence_i_ctrl.icache_lookup_stalled_q_reg_p_D_AOI21_X1_ZN_B2_OAI211_X1_B_C1_AOI21_X1_ZN_B1_AOI21_X1_ZN:ZN (AOI21_X1)                                  |        | 0.003       | 0.000      | 0.031      |             | 0.027  | 1.269f         |
| u_core.u_fence_i_ctrl.icache_lookup_stalled_q_reg_p_D_AOI21_X1_ZN_B2_OAI211_X1_B_C1_AOI21_X1_ZN_B1 (net)                                                      | 2      |             |            |            | 0.000       |        |                |
| u_core.u_fence_i_ctrl.icache_lookup_stalled_q_reg_p_D_AOI21_X1_ZN_B2_OAI211_X1_B_C1_AOI21_X1_ZN:B1 (AOI21_X1)                                                 |        | 0.002       | 0.000      | 0.031      |             | 0.000  | 1.269f         |
| u_core.u_fence_i_ctrl.icache_lookup_stalled_q_reg_p_D_AOI21_X1_ZN_B2_OAI211_X1_B_C1_AOI21_X1_ZN:ZN (AOI21_X1)                                                 |        | 0.003       | 0.000      | 0.032      |             | 0.048  | 1.317r         |
| u_core.u_fence_i_ctrl.icache_lookup_stalled_q_reg_p_D_AOI21_X1_ZN_B2_OAI211_X1_B_C1 (net)                                                                     | 2      |             |            |            | 0.000       |        |                |
| u_core.u_fence_i_ctrl.icache_lookup_stalled_q_reg_p_D_AOI21_X1_ZN_B2_OAI211_X1_B:C1 (OAI211_X1)                                                               |        | 0.002       | 0.000      | 0.032      |             | 0.000  | 1.317r         |
| u_core.u_fence_i_ctrl.icache_lookup_stalled_q_reg_p_D_AOI21_X1_ZN_B2_OAI211_X1_B:ZN (OAI211_X1)                                                               |        | 0.005       | 0.000      | 0.024      |             | 0.037  | 1.353f         |
| u_core.u_ifu.lookup_queue_entry_count_d_1__AOI21_X1_ZN_B1_AOI21_X1_ZN_B1 (net)                                                                                | 3      |             |            |            | 0.000       |        |                |
| u_core.u_ifu.lookup_queue_entry_count_d_1__AOI21_X1_ZN_B1_AOI21_X1_ZN_B1_NAND2_X1_A1:A1 (NAND2_X1)                                                            |        | 0.002       | 0.000      | 0.024      |             | 0.000  | 1.353f         |
| u_core.u_ifu.lookup_queue_entry_count_d_1__AOI21_X1_ZN_B1_AOI21_X1_ZN_B1_NAND2_X1_A1:ZN (NAND2_X1)                                                            |        | 0.010       | 0.000      | 0.032      |             | 0.045  | 1.398r         |
| u_core.u_ifu.predictor_fetch_pc_d_5__OR2_X1_ZN_A2_AND4_X1_ZN_A1 (net)                                                                                         | 6      |             |            |            | 0.000       |        |                |
| u_core.u_ifu.predictor_fetch_pc_d_5__OR2_X1_ZN_A2_AND4_X1_ZN_A1_OAI211_X2_A:A (OAI211_X2)                                                                     |        | 0.003       | 0.000      | 0.032      |             | 0.000  | 1.398r         |
| u_core.u_ifu.predictor_fetch_pc_d_5__OR2_X1_ZN_A2_AND4_X1_ZN_A1_OAI211_X2_A:ZN (OAI211_X2)                                                                    |        | 0.012       | 0.000      | 0.040      |             | 0.049  | 1.447f         |
| u_core.u_ifu.predictor_fetch_pc_d_4__OR2_X1_ZN_A1_NOR3_X1_ZN_A1 (net)                                                                                         | 8      |             |            |            | 0.000       |        |                |
| u_core.u_ifu.lookup_queue_write_index_q_AND3_X1_A1_A2_NOR3_X1_ZN:A1 (NOR3_X1)                                                                                 |        | 0.002       | 0.000      | 0.040      |             | 0.000  | 1.447f         |
| u_core.u_ifu.lookup_queue_write_index_q_AND3_X1_A1_A2_NOR3_X1_ZN:ZN (NOR3_X1)                                                                                 |        | 0.002       | 0.000      | 0.030      |             | 0.050  | 1.497r         |
| u_core.u_ifu.lookup_queue_write_index_q_AND3_X1_A1_A2 (net)                                                                                                   | 2      |             |            |            | 0.000       |        |                |
| u_core.u_ifu.lookup_queue_write_index_q_reg_p_QN_AND3_X1_A1:A2 (AND3_X1)                                                                                      |        | 0.001       | 0.000      | 0.030      |             | 0.000  | 1.497r         |
| u_core.u_ifu.lookup_queue_write_index_q_reg_p_QN_AND3_X1_A1:ZN (AND3_X1)                                                                                      |        | 0.001       | 0.000      | 0.009      |             | 0.046  | 1.544r         |
| u_core.u_ifu.lookup_queue_write_index_q_reg_p_QN_AND3_X1_A1_ZN (net)                                                                                          | 1      |             |            |            | 0.000       |        |                |
| u_core.u_ifu.lookup_queue_write_index_q_reg_p_QN_AND3_X1_A1_ZN_CLKGATE_X1_E:E (CLKGATE_X1)                                                                    |        | 0.001       | 0.000      | 0.009      |             | 0.000  | 1.544r         |
|                                                                                                                                                               |        |             |            |            |             |        |                |
| clk_i (port)                                                                                                                                                  |        | 0.951       | 0.000      | 0.100      |             | 0.000  | 0.000r         |
| clk_i (clock net)                                                                                                                                             | 553    |             |            |            | NA          |        |                |
| u_core.u_ifu.lookup_queue_write_index_q_reg_p_QN_AND3_X1_A1_ZN_CLKGATE_X1_E:CK (CLKGATE_X1)                                                                   |        | 0.002       | 0.000      | 0.000      |             | 0.000  | 0.000r         |
| clock core_clock (rise edge)                                                                                                                                  |        |             |            |            |             | 1.666  | 1.666          |
| clock network delay (ideal)                                                                                                                                   |        |             |            |            |             | 0.000  | 1.666          |
| u_core.u_ifu.lookup_queue_write_index_q_reg_p_QN_AND3_X1_A1_ZN_CLKGATE_X1_E:CK (CLKGATE_X1)                                                                   |        |             |            |            |             |        | 1.666r         |
| library setup time                                                                                                                                            |        |             |            |            |             | -0.049 | 1.617          |
| clock reconvergence pessimism                                                                                                                                 |        |             |            |            |             | 0.000  | 1.617          |
|                                                                                                                                                               |        |             |            |            |             |        |                |
| path cell delay                                                                                                                                               |        |             |            |            |             |        | 1.210(78.407%) |
| path net delay                                                                                                                                                |        |             |            |            |             |        | 0.000(0.000%)  |
|                                                                                                                                                               |        |             |            |            |             |        |                |
| data require time                                                                                                                                             |        |             |            |            |             |        | 1.617          |
| data arrival time                                                                                                                                             |        |             |            |            |             |        | 1.544          |
| slack (MET)                                                                                                                                                   |        |             |            |            |             |        | 0.073          |
+---------------------------------------------------------------------------------------------------------------------------------------------------------------+--------+-------------+------------+------------+-------------+--------+----------------+
+---------------------------------------------------------------------------------------------------------------------------------------------------------------+--------+-------------+------------+------------+-------------+--------+----------------+
| Point                                                                                                                                                         | Fanout | Capacitance | Resistance | Transition | Delta Delay | Incr   | Path           |
+---------------------------------------------------------------------------------------------------------------------------------------------------------------+--------+-------------+------------+------------+-------------+--------+----------------+
| instruction_axi4_manager_i_3_ (port)                                                                                                                          |        | 0.004       | 0.000      | 0.100      |             | 0.000  | 0.000r         |
| clock core_clock (rise edge)                                                                                                                                  |        |             |            |            |             | 0      | 0              |
| clock network delay (ideal)                                                                                                                                   |        |             |            |            |             | 0.000  | 0.000          |
| instruction_axi4_manager_i_3_ (port)                                                                                                                          |        | 0.004       | 0.000      | 0.100      |             | 0.333  | 0.333f         |
| instruction_axi4_manager_i_3_ (net)                                                                                                                           | 3      |             |            |            | 0.000       |        |                |
| u_core.u_icache.u_riscv32_icache_miss_unit.refill_access_fault_seen_q_reg_p_D_NOR3_X1_ZN_A1_AOI21_X1_ZN:B2 (AOI21_X1)                                         |        | 0.002       | 0.000      | 0.100      |             | 0.000  | 0.333f         |
| u_core.u_icache.u_riscv32_icache_miss_unit.refill_access_fault_seen_q_reg_p_D_NOR3_X1_ZN_A1_AOI21_X1_ZN:ZN (AOI21_X1)                                         |        | 0.003       | 0.000      | 0.044      |             | 0.082  | 0.415r         |
| u_core.u_icache.u_riscv32_icache_miss_unit.refill_access_fault_seen_q_reg_p_D_NOR3_X1_ZN_A1 (net)                                                             | 2      |             |            |            | 0.000       |        |                |
| u_core.u_icache.u_riscv32_icache_miss_unit.refill_access_fault_seen_q_reg_p_D_NOR3_X1_ZN_A1_NAND4_X1_A4:A4 (NAND4_X1)                                         |        | 0.002       | 0.000      | 0.044      |             | 0.000  | 0.415r         |
| u_core.u_icache.u_riscv32_icache_miss_unit.refill_access_fault_seen_q_reg_p_D_NOR3_X1_ZN_A1_NAND4_X1_A4:ZN (NAND4_X1)                                         |        | 0.005       | 0.000      | 0.028      |             | 0.048  | 0.463f         |
| u_core.u_icache.u_riscv32_icache_miss_unit.lookup_resp_data_q_2__NAND2_X1_A2_ZN_OAI21_X1_A_B2 (net)                                                           | 3      |             |            |            | 0.000       |        |                |
| u_core.u_icache.u_riscv32_icache_miss_unit.lookup_resp_data_q_2__NAND2_X1_A2_ZN_OAI21_X1_A_B2_BUF_X2_A:A (BUF_X2)                                             |        | 0.002       | 0.000      | 0.028      |             | 0.000  | 0.463f         |
| u_core.u_icache.u_riscv32_icache_miss_unit.lookup_resp_data_q_2__NAND2_X1_A2_ZN_OAI21_X1_A_B2_BUF_X2_A:Z (BUF_X2)                                             |        | 0.037       | 0.000      | 0.023      |             | 0.059  | 0.522f         |
| u_core.u_icache.u_riscv32_icache_miss_unit.lookup_resp_access_fault_q_OAI221_X1_B2_A (net)                                                                    | 24     |             |            |            | 0.000       |        |                |
| u_core.u_icache.u_riscv32_icache_miss_unit.lookup_resp_data_q_6__NAND2_X1_A2_ZN_OAI21_X1_A:B2 (OAI21_X1)                                                      |        | 0.002       | 0.000      | 0.023      |             | 0.000  | 0.522f         |
| u_core.u_icache.u_riscv32_icache_miss_unit.lookup_resp_data_q_6__NAND2_X1_A2_ZN_OAI21_X1_A:ZN (OAI21_X1)                                                      |        | 0.002       | 0.000      | 0.021      |             | 0.038  | 0.560r         |
| u_core.icache_lookup_resp_11__OAI21_X1_ZN_A_OAI21_X1_ZN_A (net)                                                                                               | 1      |             |            |            | 0.000       |        |                |
| u_core.icache_lookup_resp_11__OAI21_X1_ZN_A_OAI21_X1_ZN:A (OAI21_X1)                                                                                          |        | 0.002       | 0.000      | 0.021      |             | 0.000  | 0.560r         |
| u_core.icache_lookup_resp_11__OAI21_X1_ZN_A_OAI21_X1_ZN:ZN (OAI21_X1)                                                                                         |        | 0.003       | 0.000      | 0.028      |             | 0.027  | 0.587f         |
| u_core.icache_lookup_resp_11__OAI21_X1_ZN_A (net)                                                                                                             | 2      |             |            |            | 0.000       |        |                |
| u_core.icache_lookup_resp_11__OAI21_X1_ZN_A_OAI211_X1_B:B (OAI211_X1)                                                                                         |        | 0.002       | 0.000      | 0.028      |             | 0.000  | 0.587f         |
| u_core.icache_lookup_resp_11__OAI21_X1_ZN_A_OAI211_X1_B:ZN (OAI211_X1)                                                                                        |        | 0.006       | 0.000      | 0.045      |             | 0.046  | 0.632r         |
| u_core.icache_lookup_resp_11__OAI21_X1_ZN_A_OAI211_X1_B_ZN (net)                                                                                              | 4      |             |            |            | 0.000       |        |                |
| u_core.icache_lookup_resp_11__OAI21_X1_ZN_A_OAI211_X1_B_ZN_NAND2_X1_A1:A1 (NAND2_X1)                                                                          |        | 0.002       | 0.000      | 0.045      |             | 0.000  | 0.632r         |
| u_core.icache_lookup_resp_11__OAI21_X1_ZN_A_OAI211_X1_B_ZN_NAND2_X1_A1:ZN (NAND2_X1)                                                                          |        | 0.018       | 0.000      | 0.039      |             | 0.063  | 0.696f         |
| u_core.icache_lookup_resp_9__OAI211_X1_C2_B (net)                                                                                                             | 12     |             |            |            | 0.000       |        |                |
| u_core.execute_packet_154__reg_p_D_INV_X1_ZN_A_NAND4_X1_ZN_A2_NOR3_X1_ZN:A2 (NOR3_X1)                                                                         |        | 0.002       | 0.000      | 0.039      |             | 0.000  | 0.696f         |
| u_core.execute_packet_154__reg_p_D_INV_X1_ZN_A_NAND4_X1_ZN_A2_NOR3_X1_ZN:ZN (NOR3_X1)                                                                         |        | 0.009       | 0.000      | 0.078      |             | 0.113  | 0.809r         |
| u_core.execute_packet_154__reg_p_D_INV_X1_ZN_A_NAND4_X1_ZN_A2 (net)                                                                                           | 6      |             |            |            | 0.000       |        |                |
| u_core.decoded_execute_packet_140__AOI211_X1_ZN_A_NAND4_X1_ZN:A2 (NAND4_X1)                                                                                   |        | 0.002       | 0.000      | 0.078      |             | 0.000  | 0.809r         |
| u_core.decoded_execute_packet_140__AOI211_X1_ZN_A_NAND4_X1_ZN:ZN (NAND4_X1)                                                                                   |        | 0.004       | 0.000      | 0.033      |             | 0.060  | 0.869f         |
| u_core.decoded_execute_packet_140__AOI211_X1_ZN_A (net)                                                                                                       | 2      |             |            |            | 0.000       |        |                |
| u_core.decoded_execute_packet_140__AOI211_X1_ZN_A_OAI21_X2_B1:B1 (OAI21_X2)                                                                                   |        | 0.003       | 0.000      | 0.033      |             | 0.000  | 0.869f         |
| u_core.decoded_execute_packet_140__AOI211_X1_ZN_A_OAI21_X2_B1:ZN (OAI21_X2)                                                                                   |        | 0.012       | 0.000      | 0.039      |             | 0.059  | 0.929r         |
| u_core.decoded_execute_packet_140__AOI211_X1_ZN_A_OAI21_X2_B1_ZN (net)                                                                                        | 8      |             |            |            | 0.000       |        |                |
| u_core.execute_serializing_instruction_present_AOI21_X1_A_ZN_AND3_X1_A3_ZN_OAI21_X1_A_B2_AOI22_X1_ZN_A1_NAND4_X1_A2_A3_OAI211_X1_A_B_OAI21_X1_A:B2 (OAI21_X1) |        | 0.002       | 0.000      | 0.039      |             | 0.000  | 0.929r         |
| u_core.execute_serializing_instruction_present_AOI21_X1_A_ZN_AND3_X1_A3_ZN_OAI21_X1_A_B2_AOI22_X1_ZN_A1_NAND4_X1_A2_A3_OAI211_X1_A_B_OAI21_X1_A:ZN (OAI21_X1) |        | 0.006       | 0.000      | 0.033      |             | 0.039  | 0.967f         |
| u_core.execute_serializing_instruction_present_AOI21_X1_A_ZN_AND3_X1_A3_A1_OAI21_X2_A_B2 (net)                                                                | 2      |             |            |            | 0.000       |        |                |
| u_core.execute_serializing_instruction_present_AOI21_X1_A_ZN_AND3_X1_A3_A1_OAI21_X2_A_B2_BUF_X4_A:A (BUF_X4)                                                  |        | 0.003       | 0.000      | 0.033      |             | 0.000  | 0.967f         |
| u_core.execute_serializing_instruction_present_AOI21_X1_A_ZN_AND3_X1_A3_A1_OAI21_X2_A_B2_BUF_X4_A:Z (BUF_X4)                                                  |        | 0.035       | 0.000      | 0.013      |             | 0.047  | 1.015f         |
| u_core.decoded_execute_packet_70__AOI21_X1_ZN_A_NOR3_X1_ZN_A3 (net)                                                                                           | 24     |             |            |            | 0.000       |        |                |
| u_core.icache_lookup_resp_23__OAI211_X1_C1_ZN_OAI211_X1_B_ZN_OR4_X1_A1_ZN_NOR2_X1_A2:A1 (NOR2_X1)                                                             |        | 0.002       | 0.000      | 0.013      |             | 0.000  | 1.015f         |
| u_core.icache_lookup_resp_23__OAI211_X1_C1_ZN_OAI211_X1_B_ZN_OR4_X1_A1_ZN_NOR2_X1_A2:ZN (NOR2_X1)                                                             |        | 0.006       | 0.000      | 0.040      |             | 0.052  | 1.067r         |
| u_core.icache_lookup_resp_23__OAI211_X1_C1_ZN_OAI211_X1_B_ZN_OR4_X1_A1_ZN_NOR2_X1_A2_ZN (net)                                                                 | 4      |             |            |            | 0.000       |        |                |
| u_core.icache_lookup_resp_23__OAI211_X1_C1_ZN_OAI211_X1_B_ZN_OR4_X1_A1_ZN_NOR2_X1_A2_ZN_NOR2_X1_A2:A2 (NOR2_X1)                                               |        | 0.002       | 0.000      | 0.040      |             | 0.000  | 1.067r         |
| u_core.icache_lookup_resp_23__OAI211_X1_C1_ZN_OAI211_X1_B_ZN_OR4_X1_A1_ZN_NOR2_X1_A2_ZN_NOR2_X1_A2:ZN (NOR2_X1)                                               |        | 0.005       | 0.000      | 0.018      |             | 0.025  | 1.091f         |
| u_core.u_lsu.pending_lsu_context_q_139__OAI21_X1_A_1_ZN_NOR2_X1_A1_ZN_OAI221_X1_A_ZN_NOR2_X1_A2_ZN_NAND4_X1_A4_A2 (net)                                       | 4      |             |            |            | 0.000       |        |                |
| u_core.execute_serializing_instruction_present_AOI21_X1_A_ZN_AND3_X1_A3_ZN_OAI21_X1_A_ZN_NOR4_X1_A4_A2_AOI22_X1_ZN_A1_NAND3_X1_ZN:A1 (NAND3_X1)               |        | 0.002       | 0.000      | 0.018      |             | 0.000  | 1.091f         |
| u_core.execute_serializing_instruction_present_AOI21_X1_A_ZN_AND3_X1_A3_ZN_OAI21_X1_A_ZN_NOR4_X1_A4_A2_AOI22_X1_ZN_A1_NAND3_X1_ZN:ZN (NAND3_X1)               |        | 0.002       | 0.000      | 0.016      |             | 0.021  | 1.112r         |
| u_core.execute_serializing_instruction_present_AOI21_X1_A_ZN_AND3_X1_A3_ZN_OAI21_X1_A_ZN_NOR4_X1_A4_A2_AOI22_X1_ZN_A1 (net)                                   | 1      |             |            |            | 0.000       |        |                |
| u_core.execute_serializing_instruction_present_AOI21_X1_A_ZN_AND3_X1_A3_ZN_OAI21_X1_A_ZN_NOR4_X1_A4_A2_AOI22_X1_ZN:A1 (AOI22_X1)                              |        | 0.002       | 0.000      | 0.016      |             | 0.000  | 1.112r         |
| u_core.execute_serializing_instruction_present_AOI21_X1_A_ZN_AND3_X1_A3_ZN_OAI21_X1_A_ZN_NOR4_X1_A4_A2_AOI22_X1_ZN:ZN (AOI22_X1)                              |        | 0.003       | 0.000      | 0.020      |             | 0.019  | 1.131f         |
| u_core.execute_serializing_instruction_present_AOI21_X1_A_ZN_AND3_X1_A3_ZN_OAI21_X1_A_ZN_NOR4_X1_A4_A2 (net)                                                  | 2      |             |            |            | 0.000       |        |                |
| u_core.execute_serializing_instruction_present_AOI21_X1_A_ZN_AND3_X1_A3_ZN_OAI21_X1_A_ZN_OAI33_X1_A3:A1 (OAI33_X1)                                            |        | 0.002       | 0.000      | 0.020      |             | 0.000  | 1.131f         |
| u_core.execute_serializing_instruction_present_AOI21_X1_A_ZN_AND3_X1_A3_ZN_OAI21_X1_A_ZN_OAI33_X1_A3:ZN (OAI33_X1)                                            |        | 0.010       | 0.000      | 0.121      |             | 0.110  | 1.242r         |
| u_core.u_icache.lookup_s1_ready_OAI21_X1_ZN_B1_AOI211_X1_ZN_C1 (net)                                                                                          | 6      |             |            |            | 0.000       |        |                |
| u_core.u_fence_i_ctrl.icache_lookup_stalled_q_reg_p_D_AOI21_X1_ZN_B2_OAI211_X1_B_C1_AOI21_X1_ZN_B1_AOI21_X1_ZN:B1 (AOI21_X1)                                  |        | 0.002       | 0.000      | 0.121      |             | 0.000  | 1.242r         |
| u_core.u_fence_i_ctrl.icache_lookup_stalled_q_reg_p_D_AOI21_X1_ZN_B2_OAI211_X1_B_C1_AOI21_X1_ZN_B1_AOI21_X1_ZN:ZN (AOI21_X1)                                  |        | 0.003       | 0.000      | 0.031      |             | 0.027  | 1.269f         |
| u_core.u_fence_i_ctrl.icache_lookup_stalled_q_reg_p_D_AOI21_X1_ZN_B2_OAI211_X1_B_C1_AOI21_X1_ZN_B1 (net)                                                      | 2      |             |            |            | 0.000       |        |                |
| u_core.u_fence_i_ctrl.icache_lookup_stalled_q_reg_p_D_AOI21_X1_ZN_B2_OAI211_X1_B_C1_AOI21_X1_ZN:B1 (AOI21_X1)                                                 |        | 0.002       | 0.000      | 0.031      |             | 0.000  | 1.269f         |
| u_core.u_fence_i_ctrl.icache_lookup_stalled_q_reg_p_D_AOI21_X1_ZN_B2_OAI211_X1_B_C1_AOI21_X1_ZN:ZN (AOI21_X1)                                                 |        | 0.003       | 0.000      | 0.032      |             | 0.048  | 1.317r         |
| u_core.u_fence_i_ctrl.icache_lookup_stalled_q_reg_p_D_AOI21_X1_ZN_B2_OAI211_X1_B_C1 (net)                                                                     | 2      |             |            |            | 0.000       |        |                |
| u_core.u_fence_i_ctrl.icache_lookup_stalled_q_reg_p_D_AOI21_X1_ZN_B2_OAI211_X1_B:C1 (OAI211_X1)                                                               |        | 0.002       | 0.000      | 0.032      |             | 0.000  | 1.317r         |
| u_core.u_fence_i_ctrl.icache_lookup_stalled_q_reg_p_D_AOI21_X1_ZN_B2_OAI211_X1_B:ZN (OAI211_X1)                                                               |        | 0.005       | 0.000      | 0.024      |             | 0.037  | 1.353f         |
| u_core.u_ifu.lookup_queue_entry_count_d_1__AOI21_X1_ZN_B1_AOI21_X1_ZN_B1 (net)                                                                                | 3      |             |            |            | 0.000       |        |                |
| u_core.u_ifu.lookup_queue_entry_count_d_1__AOI21_X1_ZN_B1_AOI21_X1_ZN_B1_NAND2_X1_A1:A1 (NAND2_X1)                                                            |        | 0.002       | 0.000      | 0.024      |             | 0.000  | 1.353f         |
| u_core.u_ifu.lookup_queue_entry_count_d_1__AOI21_X1_ZN_B1_AOI21_X1_ZN_B1_NAND2_X1_A1:ZN (NAND2_X1)                                                            |        | 0.010       | 0.000      | 0.032      |             | 0.045  | 1.398r         |
| u_core.u_ifu.predictor_fetch_pc_d_5__OR2_X1_ZN_A2_AND4_X1_ZN_A1 (net)                                                                                         | 6      |             |            |            | 0.000       |        |                |
| u_core.u_ifu.predictor_fetch_pc_d_5__OR2_X1_ZN_A2_AND4_X1_ZN_A1_OAI211_X2_A:A (OAI211_X2)                                                                     |        | 0.003       | 0.000      | 0.032      |             | 0.000  | 1.398r         |
| u_core.u_ifu.predictor_fetch_pc_d_5__OR2_X1_ZN_A2_AND4_X1_ZN_A1_OAI211_X2_A:ZN (OAI211_X2)                                                                    |        | 0.012       | 0.000      | 0.040      |             | 0.049  | 1.447f         |
| u_core.u_ifu.predictor_fetch_pc_d_4__OR2_X1_ZN_A1_NOR3_X1_ZN_A1 (net)                                                                                         | 8      |             |            |            | 0.000       |        |                |
| u_core.u_ifu.lookup_queue_write_index_q_AND3_X1_A1_A2_NOR3_X1_ZN:A1 (NOR3_X1)                                                                                 |        | 0.002       | 0.000      | 0.040      |             | 0.000  | 1.447f         |
| u_core.u_ifu.lookup_queue_write_index_q_AND3_X1_A1_A2_NOR3_X1_ZN:ZN (NOR3_X1)                                                                                 |        | 0.002       | 0.000      | 0.030      |             | 0.050  | 1.497r         |
| u_core.u_ifu.lookup_queue_write_index_q_AND3_X1_A1_A2 (net)                                                                                                   | 2      |             |            |            | 0.000       |        |                |
| u_core.u_ifu.lookup_queue_write_index_q_AND3_X1_A1:A2 (AND3_X1)                                                                                               |        | 0.001       | 0.000      | 0.030      |             | 0.000  | 1.497r         |
| u_core.u_ifu.lookup_queue_write_index_q_AND3_X1_A1:ZN (AND3_X1)                                                                                               |        | 0.001       | 0.000      | 0.009      |             | 0.046  | 1.544r         |
| u_core.u_ifu.lookup_queue_write_index_q_AND3_X1_A1_ZN (net)                                                                                                   | 1      |             |            |            | 0.000       |        |                |
| u_core.u_ifu.lookup_queue_write_index_q_AND3_X1_A1_ZN_CLKGATE_X1_E:E (CLKGATE_X1)                                                                             |        | 0.001       | 0.000      | 0.009      |             | 0.000  | 1.544r         |
|                                                                                                                                                               |        |             |            |            |             |        |                |
| clk_i (port)                                                                                                                                                  |        | 0.951       | 0.000      | 0.100      |             | 0.000  | 0.000r         |
| clk_i (clock net)                                                                                                                                             | 553    |             |            |            | NA          |        |                |
| u_core.u_ifu.lookup_queue_write_index_q_AND3_X1_A1_ZN_CLKGATE_X1_E:CK (CLKGATE_X1)                                                                            |        | 0.002       | 0.000      | 0.000      |             | 0.000  | 0.000r         |
| clock core_clock (rise edge)                                                                                                                                  |        |             |            |            |             | 1.666  | 1.666          |
| clock network delay (ideal)                                                                                                                                   |        |             |            |            |             | 0.000  | 1.666          |
| u_core.u_ifu.lookup_queue_write_index_q_AND3_X1_A1_ZN_CLKGATE_X1_E:CK (CLKGATE_X1)                                                                            |        |             |            |            |             |        | 1.666r         |
| library setup time                                                                                                                                            |        |             |            |            |             | -0.049 | 1.617          |
| clock reconvergence pessimism                                                                                                                                 |        |             |            |            |             | 0.000  | 1.617          |
|                                                                                                                                                               |        |             |            |            |             |        |                |
| path cell delay                                                                                                                                               |        |             |            |            |             |        | 1.210(78.407%) |
| path net delay                                                                                                                                                |        |             |            |            |             |        | 0.000(0.000%)  |
|                                                                                                                                                               |        |             |            |            |             |        |                |
| data require time                                                                                                                                             |        |             |            |            |             |        | 1.617          |
| data arrival time                                                                                                                                             |        |             |            |            |             |        | 1.544          |
| slack (MET)                                                                                                                                                   |        |             |            |            |             |        | 0.073          |
+---------------------------------------------------------------------------------------------------------------------------------------------------------------+--------+-------------+------------+------------+-------------+--------+----------------+
+---------------------------------------------------------------------------------------------------------------------------------------------------------------+--------+-------------+------------+------------+-------------+--------+----------------+
| Point                                                                                                                                                         | Fanout | Capacitance | Resistance | Transition | Delta Delay | Incr   | Path           |
+---------------------------------------------------------------------------------------------------------------------------------------------------------------+--------+-------------+------------+------------+-------------+--------+----------------+
| instruction_axi4_manager_i_3_ (port)                                                                                                                          |        | 0.004       | 0.000      | 0.100      |             | 0.000  | 0.000r         |
| clock core_clock (rise edge)                                                                                                                                  |        |             |            |            |             | 0      | 0              |
| clock network delay (ideal)                                                                                                                                   |        |             |            |            |             | 0.000  | 0.000          |
| instruction_axi4_manager_i_3_ (port)                                                                                                                          |        | 0.004       | 0.000      | 0.100      |             | 0.333  | 0.333f         |
| instruction_axi4_manager_i_3_ (net)                                                                                                                           | 3      |             |            |            | 0.000       |        |                |
| u_core.u_icache.u_riscv32_icache_miss_unit.refill_access_fault_seen_q_reg_p_D_NOR3_X1_ZN_A1_AOI21_X1_ZN:B2 (AOI21_X1)                                         |        | 0.002       | 0.000      | 0.100      |             | 0.000  | 0.333f         |
| u_core.u_icache.u_riscv32_icache_miss_unit.refill_access_fault_seen_q_reg_p_D_NOR3_X1_ZN_A1_AOI21_X1_ZN:ZN (AOI21_X1)                                         |        | 0.003       | 0.000      | 0.044      |             | 0.082  | 0.415r         |
| u_core.u_icache.u_riscv32_icache_miss_unit.refill_access_fault_seen_q_reg_p_D_NOR3_X1_ZN_A1 (net)                                                             | 2      |             |            |            | 0.000       |        |                |
| u_core.u_icache.u_riscv32_icache_miss_unit.refill_access_fault_seen_q_reg_p_D_NOR3_X1_ZN_A1_NAND4_X1_A4:A4 (NAND4_X1)                                         |        | 0.002       | 0.000      | 0.044      |             | 0.000  | 0.415r         |
| u_core.u_icache.u_riscv32_icache_miss_unit.refill_access_fault_seen_q_reg_p_D_NOR3_X1_ZN_A1_NAND4_X1_A4:ZN (NAND4_X1)                                         |        | 0.005       | 0.000      | 0.028      |             | 0.048  | 0.463f         |
| u_core.u_icache.u_riscv32_icache_miss_unit.lookup_resp_data_q_2__NAND2_X1_A2_ZN_OAI21_X1_A_B2 (net)                                                           | 3      |             |            |            | 0.000       |        |                |
| u_core.u_icache.u_riscv32_icache_miss_unit.lookup_resp_data_q_2__NAND2_X1_A2_ZN_OAI21_X1_A_B2_BUF_X2_A:A (BUF_X2)                                             |        | 0.002       | 0.000      | 0.028      |             | 0.000  | 0.463f         |
| u_core.u_icache.u_riscv32_icache_miss_unit.lookup_resp_data_q_2__NAND2_X1_A2_ZN_OAI21_X1_A_B2_BUF_X2_A:Z (BUF_X2)                                             |        | 0.037       | 0.000      | 0.023      |             | 0.059  | 0.522f         |
| u_core.u_icache.u_riscv32_icache_miss_unit.lookup_resp_access_fault_q_OAI221_X1_B2_A (net)                                                                    | 24     |             |            |            | 0.000       |        |                |
| u_core.u_icache.u_riscv32_icache_miss_unit.lookup_resp_data_q_6__NAND2_X1_A2_ZN_OAI21_X1_A:B2 (OAI21_X1)                                                      |        | 0.002       | 0.000      | 0.023      |             | 0.000  | 0.522f         |
| u_core.u_icache.u_riscv32_icache_miss_unit.lookup_resp_data_q_6__NAND2_X1_A2_ZN_OAI21_X1_A:ZN (OAI21_X1)                                                      |        | 0.002       | 0.000      | 0.021      |             | 0.038  | 0.560r         |
| u_core.icache_lookup_resp_11__OAI21_X1_ZN_A_OAI21_X1_ZN_A (net)                                                                                               | 1      |             |            |            | 0.000       |        |                |
| u_core.icache_lookup_resp_11__OAI21_X1_ZN_A_OAI21_X1_ZN:A (OAI21_X1)                                                                                          |        | 0.002       | 0.000      | 0.021      |             | 0.000  | 0.560r         |
| u_core.icache_lookup_resp_11__OAI21_X1_ZN_A_OAI21_X1_ZN:ZN (OAI21_X1)                                                                                         |        | 0.003       | 0.000      | 0.028      |             | 0.027  | 0.587f         |
| u_core.icache_lookup_resp_11__OAI21_X1_ZN_A (net)                                                                                                             | 2      |             |            |            | 0.000       |        |                |
| u_core.icache_lookup_resp_11__OAI21_X1_ZN_A_OAI211_X1_B:B (OAI211_X1)                                                                                         |        | 0.002       | 0.000      | 0.028      |             | 0.000  | 0.587f         |
| u_core.icache_lookup_resp_11__OAI21_X1_ZN_A_OAI211_X1_B:ZN (OAI211_X1)                                                                                        |        | 0.006       | 0.000      | 0.045      |             | 0.046  | 0.632r         |
| u_core.icache_lookup_resp_11__OAI21_X1_ZN_A_OAI211_X1_B_ZN (net)                                                                                              | 4      |             |            |            | 0.000       |        |                |
| u_core.icache_lookup_resp_11__OAI21_X1_ZN_A_OAI211_X1_B_ZN_NAND2_X1_A1:A1 (NAND2_X1)                                                                          |        | 0.002       | 0.000      | 0.045      |             | 0.000  | 0.632r         |
| u_core.icache_lookup_resp_11__OAI21_X1_ZN_A_OAI211_X1_B_ZN_NAND2_X1_A1:ZN (NAND2_X1)                                                                          |        | 0.018       | 0.000      | 0.039      |             | 0.063  | 0.696f         |
| u_core.icache_lookup_resp_9__OAI211_X1_C2_B (net)                                                                                                             | 12     |             |            |            | 0.000       |        |                |
| u_core.execute_packet_154__reg_p_D_INV_X1_ZN_A_NAND4_X1_ZN_A2_NOR3_X1_ZN:A2 (NOR3_X1)                                                                         |        | 0.002       | 0.000      | 0.039      |             | 0.000  | 0.696f         |
| u_core.execute_packet_154__reg_p_D_INV_X1_ZN_A_NAND4_X1_ZN_A2_NOR3_X1_ZN:ZN (NOR3_X1)                                                                         |        | 0.009       | 0.000      | 0.078      |             | 0.113  | 0.809r         |
| u_core.execute_packet_154__reg_p_D_INV_X1_ZN_A_NAND4_X1_ZN_A2 (net)                                                                                           | 6      |             |            |            | 0.000       |        |                |
| u_core.decoded_execute_packet_140__AOI211_X1_ZN_A_NAND4_X1_ZN:A2 (NAND4_X1)                                                                                   |        | 0.002       | 0.000      | 0.078      |             | 0.000  | 0.809r         |
| u_core.decoded_execute_packet_140__AOI211_X1_ZN_A_NAND4_X1_ZN:ZN (NAND4_X1)                                                                                   |        | 0.004       | 0.000      | 0.033      |             | 0.060  | 0.869f         |
| u_core.decoded_execute_packet_140__AOI211_X1_ZN_A (net)                                                                                                       | 2      |             |            |            | 0.000       |        |                |
| u_core.decoded_execute_packet_140__AOI211_X1_ZN_A_OAI21_X2_B1:B1 (OAI21_X2)                                                                                   |        | 0.003       | 0.000      | 0.033      |             | 0.000  | 0.869f         |
| u_core.decoded_execute_packet_140__AOI211_X1_ZN_A_OAI21_X2_B1:ZN (OAI21_X2)                                                                                   |        | 0.012       | 0.000      | 0.039      |             | 0.059  | 0.929r         |
| u_core.decoded_execute_packet_140__AOI211_X1_ZN_A_OAI21_X2_B1_ZN (net)                                                                                        | 8      |             |            |            | 0.000       |        |                |
| u_core.execute_serializing_instruction_present_AOI21_X1_A_ZN_AND3_X1_A3_ZN_OAI21_X1_A_B2_AOI22_X1_ZN_A1_NAND4_X1_A2_A3_OAI211_X1_A_B_OAI21_X1_A:B2 (OAI21_X1) |        | 0.002       | 0.000      | 0.039      |             | 0.000  | 0.929r         |
| u_core.execute_serializing_instruction_present_AOI21_X1_A_ZN_AND3_X1_A3_ZN_OAI21_X1_A_B2_AOI22_X1_ZN_A1_NAND4_X1_A2_A3_OAI211_X1_A_B_OAI21_X1_A:ZN (OAI21_X1) |        | 0.006       | 0.000      | 0.033      |             | 0.039  | 0.967f         |
| u_core.execute_serializing_instruction_present_AOI21_X1_A_ZN_AND3_X1_A3_A1_OAI21_X2_A_B2 (net)                                                                | 2      |             |            |            | 0.000       |        |                |
| u_core.execute_serializing_instruction_present_AOI21_X1_A_ZN_AND3_X1_A3_A1_OAI21_X2_A_B2_BUF_X4_A:A (BUF_X4)                                                  |        | 0.003       | 0.000      | 0.033      |             | 0.000  | 0.967f         |
| u_core.execute_serializing_instruction_present_AOI21_X1_A_ZN_AND3_X1_A3_A1_OAI21_X2_A_B2_BUF_X4_A:Z (BUF_X4)                                                  |        | 0.035       | 0.000      | 0.013      |             | 0.047  | 1.015f         |
| u_core.decoded_execute_packet_70__AOI21_X1_ZN_A_NOR3_X1_ZN_A3 (net)                                                                                           | 24     |             |            |            | 0.000       |        |                |
| u_core.icache_lookup_resp_23__OAI211_X1_C1_ZN_OAI211_X1_B_ZN_OR4_X1_A1_ZN_NOR2_X1_A2:A1 (NOR2_X1)                                                             |        | 0.002       | 0.000      | 0.013      |             | 0.000  | 1.015f         |
| u_core.icache_lookup_resp_23__OAI211_X1_C1_ZN_OAI211_X1_B_ZN_OR4_X1_A1_ZN_NOR2_X1_A2:ZN (NOR2_X1)                                                             |        | 0.006       | 0.000      | 0.040      |             | 0.052  | 1.067r         |
| u_core.icache_lookup_resp_23__OAI211_X1_C1_ZN_OAI211_X1_B_ZN_OR4_X1_A1_ZN_NOR2_X1_A2_ZN (net)                                                                 | 4      |             |            |            | 0.000       |        |                |
| u_core.icache_lookup_resp_23__OAI211_X1_C1_ZN_OAI211_X1_B_ZN_OR4_X1_A1_ZN_NOR2_X1_A2_ZN_NOR2_X1_A2:A2 (NOR2_X1)                                               |        | 0.002       | 0.000      | 0.040      |             | 0.000  | 1.067r         |
| u_core.icache_lookup_resp_23__OAI211_X1_C1_ZN_OAI211_X1_B_ZN_OR4_X1_A1_ZN_NOR2_X1_A2_ZN_NOR2_X1_A2:ZN (NOR2_X1)                                               |        | 0.005       | 0.000      | 0.018      |             | 0.025  | 1.091f         |
| u_core.u_lsu.pending_lsu_context_q_139__OAI21_X1_A_1_ZN_NOR2_X1_A1_ZN_OAI221_X1_A_ZN_NOR2_X1_A2_ZN_NAND4_X1_A4_A2 (net)                                       | 4      |             |            |            | 0.000       |        |                |
| u_core.execute_serializing_instruction_present_AOI21_X1_A_ZN_AND3_X1_A3_ZN_OAI21_X1_A_ZN_NOR4_X1_A4_A2_AOI22_X1_ZN_A1_NAND3_X1_ZN:A1 (NAND3_X1)               |        | 0.002       | 0.000      | 0.018      |             | 0.000  | 1.091f         |
| u_core.execute_serializing_instruction_present_AOI21_X1_A_ZN_AND3_X1_A3_ZN_OAI21_X1_A_ZN_NOR4_X1_A4_A2_AOI22_X1_ZN_A1_NAND3_X1_ZN:ZN (NAND3_X1)               |        | 0.002       | 0.000      | 0.016      |             | 0.021  | 1.112r         |
| u_core.execute_serializing_instruction_present_AOI21_X1_A_ZN_AND3_X1_A3_ZN_OAI21_X1_A_ZN_NOR4_X1_A4_A2_AOI22_X1_ZN_A1 (net)                                   | 1      |             |            |            | 0.000       |        |                |
| u_core.execute_serializing_instruction_present_AOI21_X1_A_ZN_AND3_X1_A3_ZN_OAI21_X1_A_ZN_NOR4_X1_A4_A2_AOI22_X1_ZN:A1 (AOI22_X1)                              |        | 0.002       | 0.000      | 0.016      |             | 0.000  | 1.112r         |
| u_core.execute_serializing_instruction_present_AOI21_X1_A_ZN_AND3_X1_A3_ZN_OAI21_X1_A_ZN_NOR4_X1_A4_A2_AOI22_X1_ZN:ZN (AOI22_X1)                              |        | 0.003       | 0.000      | 0.020      |             | 0.019  | 1.131f         |
| u_core.execute_serializing_instruction_present_AOI21_X1_A_ZN_AND3_X1_A3_ZN_OAI21_X1_A_ZN_NOR4_X1_A4_A2 (net)                                                  | 2      |             |            |            | 0.000       |        |                |
| u_core.execute_serializing_instruction_present_AOI21_X1_A_ZN_AND3_X1_A3_ZN_OAI21_X1_A_ZN_OAI33_X1_A3:A1 (OAI33_X1)                                            |        | 0.002       | 0.000      | 0.020      |             | 0.000  | 1.131f         |
| u_core.execute_serializing_instruction_present_AOI21_X1_A_ZN_AND3_X1_A3_ZN_OAI21_X1_A_ZN_OAI33_X1_A3:ZN (OAI33_X1)                                            |        | 0.010       | 0.000      | 0.121      |             | 0.110  | 1.242r         |
| u_core.u_icache.lookup_s1_ready_OAI21_X1_ZN_B1_AOI211_X1_ZN_C1 (net)                                                                                          | 6      |             |            |            | 0.000       |        |                |
| u_core.u_fence_i_ctrl.icache_lookup_stalled_q_reg_p_D_AOI21_X1_ZN_B2_OAI211_X1_B_C1_AOI21_X1_ZN_B1_AOI21_X1_ZN:B1 (AOI21_X1)                                  |        | 0.002       | 0.000      | 0.121      |             | 0.000  | 1.242r         |
| u_core.u_fence_i_ctrl.icache_lookup_stalled_q_reg_p_D_AOI21_X1_ZN_B2_OAI211_X1_B_C1_AOI21_X1_ZN_B1_AOI21_X1_ZN:ZN (AOI21_X1)                                  |        | 0.003       | 0.000      | 0.031      |             | 0.027  | 1.269f         |
| u_core.u_fence_i_ctrl.icache_lookup_stalled_q_reg_p_D_AOI21_X1_ZN_B2_OAI211_X1_B_C1_AOI21_X1_ZN_B1 (net)                                                      | 2      |             |            |            | 0.000       |        |                |
| u_core.u_fence_i_ctrl.icache_lookup_stalled_q_reg_p_D_AOI21_X1_ZN_B2_OAI211_X1_B_C1_AOI21_X1_ZN:B1 (AOI21_X1)                                                 |        | 0.002       | 0.000      | 0.031      |             | 0.000  | 1.269f         |
| u_core.u_fence_i_ctrl.icache_lookup_stalled_q_reg_p_D_AOI21_X1_ZN_B2_OAI211_X1_B_C1_AOI21_X1_ZN:ZN (AOI21_X1)                                                 |        | 0.003       | 0.000      | 0.032      |             | 0.048  | 1.317r         |
| u_core.u_fence_i_ctrl.icache_lookup_stalled_q_reg_p_D_AOI21_X1_ZN_B2_OAI211_X1_B_C1 (net)                                                                     | 2      |             |            |            | 0.000       |        |                |
| u_core.u_fence_i_ctrl.icache_lookup_stalled_q_reg_p_D_AOI21_X1_ZN_B2_OAI211_X1_B:C1 (OAI211_X1)                                                               |        | 0.002       | 0.000      | 0.032      |             | 0.000  | 1.317r         |
| u_core.u_fence_i_ctrl.icache_lookup_stalled_q_reg_p_D_AOI21_X1_ZN_B2_OAI211_X1_B:ZN (OAI211_X1)                                                               |        | 0.005       | 0.000      | 0.024      |             | 0.037  | 1.353f         |
| u_core.u_ifu.lookup_queue_entry_count_d_1__AOI21_X1_ZN_B1_AOI21_X1_ZN_B1 (net)                                                                                | 3      |             |            |            | 0.000       |        |                |
| u_core.u_ifu.lookup_queue_entry_count_d_1__AOI21_X1_ZN_B1_AOI21_X1_ZN_B1_NAND2_X1_A1:A1 (NAND2_X1)                                                            |        | 0.002       | 0.000      | 0.024      |             | 0.000  | 1.353f         |
| u_core.u_ifu.lookup_queue_entry_count_d_1__AOI21_X1_ZN_B1_AOI21_X1_ZN_B1_NAND2_X1_A1:ZN (NAND2_X1)                                                            |        | 0.010       | 0.000      | 0.032      |             | 0.045  | 1.398r         |
| u_core.u_ifu.predictor_fetch_pc_d_5__OR2_X1_ZN_A2_AND4_X1_ZN_A1 (net)                                                                                         | 6      |             |            |            | 0.000       |        |                |
| u_core.u_ifu.predictor_fetch_pc_d_5__OR2_X1_ZN_A2_AND4_X1_ZN_A1_OAI211_X2_A:A (OAI211_X2)                                                                     |        | 0.003       | 0.000      | 0.032      |             | 0.000  | 1.398r         |
| u_core.u_ifu.predictor_fetch_pc_d_5__OR2_X1_ZN_A2_AND4_X1_ZN_A1_OAI211_X2_A:ZN (OAI211_X2)                                                                    |        | 0.012       | 0.000      | 0.040      |             | 0.049  | 1.447f         |
| u_core.u_ifu.predictor_fetch_pc_d_4__OR2_X1_ZN_A1_NOR3_X1_ZN_A1 (net)                                                                                         | 8      |             |            |            | 0.000       |        |                |
| u_core.u_ifu.predictor_fetch_pc_d_4__OR2_X1_ZN_A1_NOR3_X1_ZN_A1_BUF_X4_A:A (BUF_X4)                                                                           |        | 0.003       | 0.000      | 0.040      |             | 0.000  | 1.447f         |
| u_core.u_ifu.predictor_fetch_pc_d_4__OR2_X1_ZN_A1_NOR3_X1_ZN_A1_BUF_X4_A:Z (BUF_X4)                                                                           |        | 0.035       | 0.000      | 0.013      |             | 0.050  | 1.497f         |
| u_core.u_ifu.predictor_fetch_pc_d_13__OAI21_X1_ZN_B2 (net)                                                                                                    | 24     |             |            |            | 0.000       |        |                |
| u_core.u_ifu.lookup_queue_write_index_q_reg_p_CK_CLKGATE_X1_GCK_E_OAI22_X1_ZN:A2 (OAI22_X1)                                                                   |        | 0.002       | 0.000      | 0.013      |             | 0.000  | 1.497f         |
| u_core.u_ifu.lookup_queue_write_index_q_reg_p_CK_CLKGATE_X1_GCK_E_OAI22_X1_ZN:ZN (OAI22_X1)                                                                   |        | 0.001       | 0.000      | 0.028      |             | 0.030  | 1.527r         |
| u_core.u_ifu.lookup_queue_write_index_q_reg_p_CK_CLKGATE_X1_GCK_E (net)                                                                                       | 1      |             |            |            | 0.000       |        |                |
| u_core.u_ifu.lookup_queue_write_index_q_reg_p_CK_CLKGATE_X1_GCK:E (CLKGATE_X1)                                                                                |        | 0.001       | 0.000      | 0.028      |             | 0.000  | 1.527r         |
|                                                                                                                                                               |        |             |            |            |             |        |                |
| clk_i (port)                                                                                                                                                  |        | 0.951       | 0.000      | 0.100      |             | 0.000  | 0.000r         |
| clk_i (clock net)                                                                                                                                             | 553    |             |            |            | NA          |        |                |
| u_core.u_ifu.lookup_queue_write_index_q_reg_p_CK_CLKGATE_X1_GCK:CK (CLKGATE_X1)                                                                               |        | 0.002       | 0.000      | 0.000      |             | 0.000  | 0.000r         |
| clock core_clock (rise edge)                                                                                                                                  |        |             |            |            |             | 1.666  | 1.666          |
| clock network delay (ideal)                                                                                                                                   |        |             |            |            |             | 0.000  | 1.666          |
| u_core.u_ifu.lookup_queue_write_index_q_reg_p_CK_CLKGATE_X1_GCK:CK (CLKGATE_X1)                                                                               |        |             |            |            |             |        | 1.666r         |
| library setup time                                                                                                                                            |        |             |            |            |             | -0.054 | 1.612          |
| clock reconvergence pessimism                                                                                                                                 |        |             |            |            |             | 0.000  | 1.612          |
|                                                                                                                                                               |        |             |            |            |             |        |                |
| path cell delay                                                                                                                                               |        |             |            |            |             |        | 1.194(78.176%) |
| path net delay                                                                                                                                                |        |             |            |            |             |        | 0.000(0.000%)  |
|                                                                                                                                                               |        |             |            |            |             |        |                |
| data require time                                                                                                                                             |        |             |            |            |             |        | 1.612          |
| data arrival time                                                                                                                                             |        |             |            |            |             |        | 1.527          |
| slack (MET)                                                                                                                                                   |        |             |            |            |             |        | 0.084          |
+---------------------------------------------------------------------------------------------------------------------------------------------------------------+--------+-------------+------------+------------+-------------+--------+----------------+
+---------------------------------------------------------------------------------------------------------------------------------------------------------------+--------+-------------+------------+------------+-------------+--------+----------------+
| Point                                                                                                                                                         | Fanout | Capacitance | Resistance | Transition | Delta Delay | Incr   | Path           |
+---------------------------------------------------------------------------------------------------------------------------------------------------------------+--------+-------------+------------+------------+-------------+--------+----------------+
| instruction_axi4_manager_i_3_ (port)                                                                                                                          |        | 0.004       | 0.000      | 0.100      |             | 0.000  | 0.000r         |
| clock core_clock (rise edge)                                                                                                                                  |        |             |            |            |             | 0      | 0              |
| clock network delay (ideal)                                                                                                                                   |        |             |            |            |             | 0.000  | 0.000          |
| instruction_axi4_manager_i_3_ (port)                                                                                                                          |        | 0.004       | 0.000      | 0.100      |             | 0.333  | 0.333f         |
| instruction_axi4_manager_i_3_ (net)                                                                                                                           | 3      |             |            |            | 0.000       |        |                |
| u_core.u_icache.u_riscv32_icache_miss_unit.refill_access_fault_seen_q_reg_p_D_NOR3_X1_ZN_A1_AOI21_X1_ZN:B2 (AOI21_X1)                                         |        | 0.002       | 0.000      | 0.100      |             | 0.000  | 0.333f         |
| u_core.u_icache.u_riscv32_icache_miss_unit.refill_access_fault_seen_q_reg_p_D_NOR3_X1_ZN_A1_AOI21_X1_ZN:ZN (AOI21_X1)                                         |        | 0.003       | 0.000      | 0.044      |             | 0.082  | 0.415r         |
| u_core.u_icache.u_riscv32_icache_miss_unit.refill_access_fault_seen_q_reg_p_D_NOR3_X1_ZN_A1 (net)                                                             | 2      |             |            |            | 0.000       |        |                |
| u_core.u_icache.u_riscv32_icache_miss_unit.refill_access_fault_seen_q_reg_p_D_NOR3_X1_ZN_A1_NAND4_X1_A4:A4 (NAND4_X1)                                         |        | 0.002       | 0.000      | 0.044      |             | 0.000  | 0.415r         |
| u_core.u_icache.u_riscv32_icache_miss_unit.refill_access_fault_seen_q_reg_p_D_NOR3_X1_ZN_A1_NAND4_X1_A4:ZN (NAND4_X1)                                         |        | 0.005       | 0.000      | 0.028      |             | 0.048  | 0.463f         |
| u_core.u_icache.u_riscv32_icache_miss_unit.lookup_resp_data_q_2__NAND2_X1_A2_ZN_OAI21_X1_A_B2 (net)                                                           | 3      |             |            |            | 0.000       |        |                |
| u_core.u_icache.u_riscv32_icache_miss_unit.lookup_resp_data_q_2__NAND2_X1_A2_ZN_OAI21_X1_A_B2_BUF_X2_A:A (BUF_X2)                                             |        | 0.002       | 0.000      | 0.028      |             | 0.000  | 0.463f         |
| u_core.u_icache.u_riscv32_icache_miss_unit.lookup_resp_data_q_2__NAND2_X1_A2_ZN_OAI21_X1_A_B2_BUF_X2_A:Z (BUF_X2)                                             |        | 0.037       | 0.000      | 0.023      |             | 0.059  | 0.522f         |
| u_core.u_icache.u_riscv32_icache_miss_unit.lookup_resp_access_fault_q_OAI221_X1_B2_A (net)                                                                    | 24     |             |            |            | 0.000       |        |                |
| u_core.u_icache.u_riscv32_icache_miss_unit.lookup_resp_data_q_6__NAND2_X1_A2_ZN_OAI21_X1_A:B2 (OAI21_X1)                                                      |        | 0.002       | 0.000      | 0.023      |             | 0.000  | 0.522f         |
| u_core.u_icache.u_riscv32_icache_miss_unit.lookup_resp_data_q_6__NAND2_X1_A2_ZN_OAI21_X1_A:ZN (OAI21_X1)                                                      |        | 0.002       | 0.000      | 0.021      |             | 0.038  | 0.560r         |
| u_core.icache_lookup_resp_11__OAI21_X1_ZN_A_OAI21_X1_ZN_A (net)                                                                                               | 1      |             |            |            | 0.000       |        |                |
| u_core.icache_lookup_resp_11__OAI21_X1_ZN_A_OAI21_X1_ZN:A (OAI21_X1)                                                                                          |        | 0.002       | 0.000      | 0.021      |             | 0.000  | 0.560r         |
| u_core.icache_lookup_resp_11__OAI21_X1_ZN_A_OAI21_X1_ZN:ZN (OAI21_X1)                                                                                         |        | 0.003       | 0.000      | 0.028      |             | 0.027  | 0.587f         |
| u_core.icache_lookup_resp_11__OAI21_X1_ZN_A (net)                                                                                                             | 2      |             |            |            | 0.000       |        |                |
| u_core.icache_lookup_resp_11__OAI21_X1_ZN_A_OAI211_X1_B:B (OAI211_X1)                                                                                         |        | 0.002       | 0.000      | 0.028      |             | 0.000  | 0.587f         |
| u_core.icache_lookup_resp_11__OAI21_X1_ZN_A_OAI211_X1_B:ZN (OAI211_X1)                                                                                        |        | 0.006       | 0.000      | 0.045      |             | 0.046  | 0.632r         |
| u_core.icache_lookup_resp_11__OAI21_X1_ZN_A_OAI211_X1_B_ZN (net)                                                                                              | 4      |             |            |            | 0.000       |        |                |
| u_core.icache_lookup_resp_11__OAI21_X1_ZN_A_OAI211_X1_B_ZN_NAND2_X1_A1:A1 (NAND2_X1)                                                                          |        | 0.002       | 0.000      | 0.045      |             | 0.000  | 0.632r         |
| u_core.icache_lookup_resp_11__OAI21_X1_ZN_A_OAI211_X1_B_ZN_NAND2_X1_A1:ZN (NAND2_X1)                                                                          |        | 0.018       | 0.000      | 0.039      |             | 0.063  | 0.696f         |
| u_core.icache_lookup_resp_9__OAI211_X1_C2_B (net)                                                                                                             | 12     |             |            |            | 0.000       |        |                |
| u_core.execute_packet_154__reg_p_D_INV_X1_ZN_A_NAND4_X1_ZN_A2_NOR3_X1_ZN:A2 (NOR3_X1)                                                                         |        | 0.002       | 0.000      | 0.039      |             | 0.000  | 0.696f         |
| u_core.execute_packet_154__reg_p_D_INV_X1_ZN_A_NAND4_X1_ZN_A2_NOR3_X1_ZN:ZN (NOR3_X1)                                                                         |        | 0.009       | 0.000      | 0.078      |             | 0.113  | 0.809r         |
| u_core.execute_packet_154__reg_p_D_INV_X1_ZN_A_NAND4_X1_ZN_A2 (net)                                                                                           | 6      |             |            |            | 0.000       |        |                |
| u_core.decoded_execute_packet_140__AOI211_X1_ZN_A_NAND4_X1_ZN:A2 (NAND4_X1)                                                                                   |        | 0.002       | 0.000      | 0.078      |             | 0.000  | 0.809r         |
| u_core.decoded_execute_packet_140__AOI211_X1_ZN_A_NAND4_X1_ZN:ZN (NAND4_X1)                                                                                   |        | 0.004       | 0.000      | 0.033      |             | 0.060  | 0.869f         |
| u_core.decoded_execute_packet_140__AOI211_X1_ZN_A (net)                                                                                                       | 2      |             |            |            | 0.000       |        |                |
| u_core.decoded_execute_packet_140__AOI211_X1_ZN_A_OAI21_X2_B1:B1 (OAI21_X2)                                                                                   |        | 0.003       | 0.000      | 0.033      |             | 0.000  | 0.869f         |
| u_core.decoded_execute_packet_140__AOI211_X1_ZN_A_OAI21_X2_B1:ZN (OAI21_X2)                                                                                   |        | 0.012       | 0.000      | 0.039      |             | 0.059  | 0.929r         |
| u_core.decoded_execute_packet_140__AOI211_X1_ZN_A_OAI21_X2_B1_ZN (net)                                                                                        | 8      |             |            |            | 0.000       |        |                |
| u_core.execute_serializing_instruction_present_AOI21_X1_A_ZN_AND3_X1_A3_ZN_OAI21_X1_A_B2_AOI22_X1_ZN_A1_NAND4_X1_A2_A3_OAI211_X1_A_B_OAI21_X1_A:B2 (OAI21_X1) |        | 0.002       | 0.000      | 0.039      |             | 0.000  | 0.929r         |
| u_core.execute_serializing_instruction_present_AOI21_X1_A_ZN_AND3_X1_A3_ZN_OAI21_X1_A_B2_AOI22_X1_ZN_A1_NAND4_X1_A2_A3_OAI211_X1_A_B_OAI21_X1_A:ZN (OAI21_X1) |        | 0.006       | 0.000      | 0.033      |             | 0.039  | 0.967f         |
| u_core.execute_serializing_instruction_present_AOI21_X1_A_ZN_AND3_X1_A3_A1_OAI21_X2_A_B2 (net)                                                                | 2      |             |            |            | 0.000       |        |                |
| u_core.execute_serializing_instruction_present_AOI21_X1_A_ZN_AND3_X1_A3_A1_OAI21_X2_A_B2_BUF_X4_A:A (BUF_X4)                                                  |        | 0.003       | 0.000      | 0.033      |             | 0.000  | 0.967f         |
| u_core.execute_serializing_instruction_present_AOI21_X1_A_ZN_AND3_X1_A3_A1_OAI21_X2_A_B2_BUF_X4_A:Z (BUF_X4)                                                  |        | 0.035       | 0.000      | 0.013      |             | 0.047  | 1.015f         |
| u_core.decoded_execute_packet_70__AOI21_X1_ZN_A_NOR3_X1_ZN_A3 (net)                                                                                           | 24     |             |            |            | 0.000       |        |                |
| u_core.icache_lookup_resp_23__OAI211_X1_C1_ZN_OAI211_X1_B_ZN_OR4_X1_A1_ZN_NOR2_X1_A2:A1 (NOR2_X1)                                                             |        | 0.002       | 0.000      | 0.013      |             | 0.000  | 1.015f         |
| u_core.icache_lookup_resp_23__OAI211_X1_C1_ZN_OAI211_X1_B_ZN_OR4_X1_A1_ZN_NOR2_X1_A2:ZN (NOR2_X1)                                                             |        | 0.006       | 0.000      | 0.040      |             | 0.052  | 1.067r         |
| u_core.icache_lookup_resp_23__OAI211_X1_C1_ZN_OAI211_X1_B_ZN_OR4_X1_A1_ZN_NOR2_X1_A2_ZN (net)                                                                 | 4      |             |            |            | 0.000       |        |                |
| u_core.icache_lookup_resp_23__OAI211_X1_C1_ZN_OAI211_X1_B_ZN_OR4_X1_A1_ZN_NOR2_X1_A2_ZN_NOR2_X1_A2:A2 (NOR2_X1)                                               |        | 0.002       | 0.000      | 0.040      |             | 0.000  | 1.067r         |
| u_core.icache_lookup_resp_23__OAI211_X1_C1_ZN_OAI211_X1_B_ZN_OR4_X1_A1_ZN_NOR2_X1_A2_ZN_NOR2_X1_A2:ZN (NOR2_X1)                                               |        | 0.005       | 0.000      | 0.018      |             | 0.025  | 1.091f         |
| u_core.u_lsu.pending_lsu_context_q_139__OAI21_X1_A_1_ZN_NOR2_X1_A1_ZN_OAI221_X1_A_ZN_NOR2_X1_A2_ZN_NAND4_X1_A4_A2 (net)                                       | 4      |             |            |            | 0.000       |        |                |
| u_core.execute_serializing_instruction_present_AOI21_X1_A_ZN_AND3_X1_A3_ZN_OAI21_X1_A_ZN_NOR4_X1_A4_A2_AOI22_X1_ZN_A1_NAND3_X1_ZN:A1 (NAND3_X1)               |        | 0.002       | 0.000      | 0.018      |             | 0.000  | 1.091f         |
| u_core.execute_serializing_instruction_present_AOI21_X1_A_ZN_AND3_X1_A3_ZN_OAI21_X1_A_ZN_NOR4_X1_A4_A2_AOI22_X1_ZN_A1_NAND3_X1_ZN:ZN (NAND3_X1)               |        | 0.002       | 0.000      | 0.016      |             | 0.021  | 1.112r         |
| u_core.execute_serializing_instruction_present_AOI21_X1_A_ZN_AND3_X1_A3_ZN_OAI21_X1_A_ZN_NOR4_X1_A4_A2_AOI22_X1_ZN_A1 (net)                                   | 1      |             |            |            | 0.000       |        |                |
| u_core.execute_serializing_instruction_present_AOI21_X1_A_ZN_AND3_X1_A3_ZN_OAI21_X1_A_ZN_NOR4_X1_A4_A2_AOI22_X1_ZN:A1 (AOI22_X1)                              |        | 0.002       | 0.000      | 0.016      |             | 0.000  | 1.112r         |
| u_core.execute_serializing_instruction_present_AOI21_X1_A_ZN_AND3_X1_A3_ZN_OAI21_X1_A_ZN_NOR4_X1_A4_A2_AOI22_X1_ZN:ZN (AOI22_X1)                              |        | 0.003       | 0.000      | 0.020      |             | 0.019  | 1.131f         |
| u_core.execute_serializing_instruction_present_AOI21_X1_A_ZN_AND3_X1_A3_ZN_OAI21_X1_A_ZN_NOR4_X1_A4_A2 (net)                                                  | 2      |             |            |            | 0.000       |        |                |
| u_core.execute_serializing_instruction_present_AOI21_X1_A_ZN_AND3_X1_A3_ZN_OAI21_X1_A_ZN_OAI33_X1_A3:A1 (OAI33_X1)                                            |        | 0.002       | 0.000      | 0.020      |             | 0.000  | 1.131f         |
| u_core.execute_serializing_instruction_present_AOI21_X1_A_ZN_AND3_X1_A3_ZN_OAI21_X1_A_ZN_OAI33_X1_A3:ZN (OAI33_X1)                                            |        | 0.010       | 0.000      | 0.121      |             | 0.110  | 1.242r         |
| u_core.u_icache.lookup_s1_ready_OAI21_X1_ZN_B1_AOI211_X1_ZN_C1 (net)                                                                                          | 6      |             |            |            | 0.000       |        |                |
| u_core.u_fence_i_ctrl.icache_lookup_stalled_q_reg_p_D_AOI21_X1_ZN_B2_OAI211_X1_B_C1_AOI21_X1_ZN_B1_AOI21_X1_ZN:B1 (AOI21_X1)                                  |        | 0.002       | 0.000      | 0.121      |             | 0.000  | 1.242r         |
| u_core.u_fence_i_ctrl.icache_lookup_stalled_q_reg_p_D_AOI21_X1_ZN_B2_OAI211_X1_B_C1_AOI21_X1_ZN_B1_AOI21_X1_ZN:ZN (AOI21_X1)                                  |        | 0.003       | 0.000      | 0.031      |             | 0.027  | 1.269f         |
| u_core.u_fence_i_ctrl.icache_lookup_stalled_q_reg_p_D_AOI21_X1_ZN_B2_OAI211_X1_B_C1_AOI21_X1_ZN_B1 (net)                                                      | 2      |             |            |            | 0.000       |        |                |
| u_core.u_fence_i_ctrl.icache_lookup_stalled_q_reg_p_D_AOI21_X1_ZN_B2_OAI211_X1_B_C1_AOI21_X1_ZN:B1 (AOI21_X1)                                                 |        | 0.002       | 0.000      | 0.031      |             | 0.000  | 1.269f         |
| u_core.u_fence_i_ctrl.icache_lookup_stalled_q_reg_p_D_AOI21_X1_ZN_B2_OAI211_X1_B_C1_AOI21_X1_ZN:ZN (AOI21_X1)                                                 |        | 0.003       | 0.000      | 0.032      |             | 0.048  | 1.317r         |
| u_core.u_fence_i_ctrl.icache_lookup_stalled_q_reg_p_D_AOI21_X1_ZN_B2_OAI211_X1_B_C1 (net)                                                                     | 2      |             |            |            | 0.000       |        |                |
| u_core.u_fence_i_ctrl.icache_lookup_stalled_q_reg_p_D_AOI21_X1_ZN_B2_OAI211_X1_B:C1 (OAI211_X1)                                                               |        | 0.002       | 0.000      | 0.032      |             | 0.000  | 1.317r         |
| u_core.u_fence_i_ctrl.icache_lookup_stalled_q_reg_p_D_AOI21_X1_ZN_B2_OAI211_X1_B:ZN (OAI211_X1)                                                               |        | 0.005       | 0.000      | 0.024      |             | 0.037  | 1.353f         |
| u_core.u_ifu.lookup_queue_entry_count_d_1__AOI21_X1_ZN_B1_AOI21_X1_ZN_B1 (net)                                                                                | 3      |             |            |            | 0.000       |        |                |
| u_core.u_ifu.lookup_queue_entry_count_d_1__AOI21_X1_ZN_B1_AOI21_X1_ZN_B1_NAND2_X1_A1:A1 (NAND2_X1)                                                            |        | 0.002       | 0.000      | 0.024      |             | 0.000  | 1.353f         |
| u_core.u_ifu.lookup_queue_entry_count_d_1__AOI21_X1_ZN_B1_AOI21_X1_ZN_B1_NAND2_X1_A1:ZN (NAND2_X1)                                                            |        | 0.010       | 0.000      | 0.032      |             | 0.045  | 1.398r         |
| u_core.u_ifu.predictor_fetch_pc_d_5__OR2_X1_ZN_A2_AND4_X1_ZN_A1 (net)                                                                                         | 6      |             |            |            | 0.000       |        |                |
| u_core.u_ifu.predictor_fetch_pc_d_5__OR2_X1_ZN_A2_AND4_X1_ZN_A1_OAI211_X2_A:A (OAI211_X2)                                                                     |        | 0.003       | 0.000      | 0.032      |             | 0.000  | 1.398r         |
| u_core.u_ifu.predictor_fetch_pc_d_5__OR2_X1_ZN_A2_AND4_X1_ZN_A1_OAI211_X2_A:ZN (OAI211_X2)                                                                    |        | 0.012       | 0.000      | 0.040      |             | 0.049  | 1.447f         |
| u_core.u_ifu.predictor_fetch_pc_d_4__OR2_X1_ZN_A1_NOR3_X1_ZN_A1 (net)                                                                                         | 8      |             |            |            | 0.000       |        |                |
| u_core.u_ifu.predictor_fetch_pc_d_4__OR2_X1_ZN_A1_NOR3_X1_ZN_A1_BUF_X4_A:A (BUF_X4)                                                                           |        | 0.003       | 0.000      | 0.040      |             | 0.000  | 1.447f         |
| u_core.u_ifu.predictor_fetch_pc_d_4__OR2_X1_ZN_A1_NOR3_X1_ZN_A1_BUF_X4_A:Z (BUF_X4)                                                                           |        | 0.035       | 0.000      | 0.013      |             | 0.050  | 1.497f         |
| u_core.u_ifu.predictor_fetch_pc_d_13__OAI21_X1_ZN_B2 (net)                                                                                                    | 24     |             |            |            | 0.000       |        |                |
| u_core.u_ifu.predictor_fetch_pc_d_13__OAI21_X1_ZN_B2_INV_X1_A:A (INV_X1)                                                                                      |        | 0.002       | 0.000      | 0.013      |             | 0.000  | 1.497f         |
| u_core.u_ifu.predictor_fetch_pc_d_13__OAI21_X1_ZN_B2_INV_X1_A:ZN (INV_X1)                                                                                     |        | 0.001       | 0.000      | 0.007      |             | 0.012  | 1.510r         |
| u_core.u_ifu.predictor_fetch_pc_d_13__OAI21_X1_ZN_B2_INV_X1_A_ZN (net)                                                                                        | 1      |             |            |            | 0.000       |        |                |
| u_core.u_ifu.predictor_fetch_pc_d_13__OAI21_X1_ZN_B2_INV_X1_A_ZN_CLKGATE_X1_E:E (CLKGATE_X1)                                                                  |        | 0.001       | 0.000      | 0.007      |             | 0.000  | 1.510r         |
|                                                                                                                                                               |        |             |            |            |             |        |                |
| clk_i (port)                                                                                                                                                  |        | 0.951       | 0.000      | 0.100      |             | 0.000  | 0.000r         |
| clk_i (clock net)                                                                                                                                             | 553    |             |            |            | NA          |        |                |
| u_core.u_ifu.predictor_fetch_pc_d_13__OAI21_X1_ZN_B2_INV_X1_A_ZN_CLKGATE_X1_E:CK (CLKGATE_X1)                                                                 |        | 0.002       | 0.000      | 0.000      |             | 0.000  | 0.000r         |
| clock core_clock (rise edge)                                                                                                                                  |        |             |            |            |             | 1.666  | 1.666          |
| clock network delay (ideal)                                                                                                                                   |        |             |            |            |             | 0.000  | 1.666          |
| u_core.u_ifu.predictor_fetch_pc_d_13__OAI21_X1_ZN_B2_INV_X1_A_ZN_CLKGATE_X1_E:CK (CLKGATE_X1)                                                                 |        |             |            |            |             |        | 1.666r         |
| library setup time                                                                                                                                            |        |             |            |            |             | -0.049 | 1.617          |
| clock reconvergence pessimism                                                                                                                                 |        |             |            |            |             | 0.000  | 1.617          |
|                                                                                                                                                               |        |             |            |            |             |        |                |
| path cell delay                                                                                                                                               |        |             |            |            |             |        | 1.176(77.921%) |
| path net delay                                                                                                                                                |        |             |            |            |             |        | 0.000(0.000%)  |
|                                                                                                                                                               |        |             |            |            |             |        |                |
| data require time                                                                                                                                             |        |             |            |            |             |        | 1.617          |
| data arrival time                                                                                                                                             |        |             |            |            |             |        | 1.510          |
| slack (MET)                                                                                                                                                   |        |             |            |            |             |        | 0.107          |
+---------------------------------------------------------------------------------------------------------------------------------------------------------------+--------+-------------+------------+------------+-------------+--------+----------------+
+-------------------------------------------------------------------+--------+-------------+------------+------------+-------------+--------+-----------------+
| Point                                                             | Fanout | Capacitance | Resistance | Transition | Delta Delay | Incr   | Path            |
+-------------------------------------------------------------------+--------+-------------+------------+------------+-------------+--------+-----------------+
| clk_i (port)                                                      |        | 0.951       | 0.000      | 0.100      |             | 0.000  | 0.000r          |
| clk_i (clock net)                                                 | 553    |             |            |            | NA          |        |                 |
| u_core.decoded_execute_packet_ready_CLKGATE_X1_E:CK (CLKGATE_X1)  |        | 0.002       | 0.000      | 0.000      |             | 0.000  | 0.000r          |
| u_core.decoded_execute_packet_ready_CLKGATE_X1_E:GCK (CLKGATE_X1) |        | 0.285       | 0.000      | 0.000      |             | 0.000  | 0.000r          |
| u_core.execute_packet_0__reg_p_CK (clock net)                     | 300    |             |            |            | NA          |        |                 |
| u_core.execute_packet_296__reg_p:CK (DFF_X1)                      |        | 0.001       | 0.000      | 0.000      |             | 0.000  | 0.000r          |
| clock core_clock (rise edge)                                      |        |             |            |            |             | 0      | 0               |
| clock network delay (ideal)                                       |        |             |            |            |             | 0.000  | 0.000           |
| u_core.execute_packet_296__reg_p:CK (DFF_X1)                      |        | 0.001       | 0.000      | 0.000      |             | 0.000  | 0.000r          |
| u_core.execute_packet_296__reg_p:QN (DFF_X1)                      |        | 0.003       | 0.000      | 0.013      |             | 0.066  | 0.066r          |
| u_core.lsu_req_66_ (net)                                          | 3      |             |            |            | 0.000       |        |                 |
| u_core.u_lsu.memory_writeback_134__reg_p:D (DFF_X1)               |        | 0.001       | 0.000      | 0.013      |             | 0.000  | 0.066r          |
|                                                                   |        |             |            |            |             |        |                 |
| clk_i (port)                                                      |        | 0.951       | 0.000      | 0.100      |             | 0.000  | 0.000r          |
| clk_i (clock net)                                                 | 553    |             |            |            | NA          |        |                 |
| u_core.u_lsu.lsu_req_handshake_CLKGATE_X1_E:CK (CLKGATE_X1)       |        | 0.002       | 0.000      | 0.000      |             | 0.000  | 0.000r          |
| u_core.u_lsu.lsu_req_handshake_CLKGATE_X1_E:GCK (CLKGATE_X1)      |        | 0.164       | 0.000      | 0.000      |             | 0.000  | 0.000r          |
| u_core.lsu_pending_rd_0__reg_p_CK (clock net)                     | 173    |             |            |            | NA          |        |                 |
| u_core.u_lsu.memory_writeback_134__reg_p:CK (DFF_X1)              |        | 0.001       | 0.000      | 0.000      |             | 0.000  | 0.000r          |
| clock core_clock (rise edge)                                      |        |             |            |            |             | 0      | 0               |
| clock network delay (ideal)                                       |        |             |            |            |             | 0.000  | 0.000           |
| u_core.u_lsu.memory_writeback_134__reg_p:CK (DFF_X1)              |        |             |            |            |             |        | 0.000r          |
| library hold time                                                 |        |             |            |            |             | 0.007  | 0.007           |
| clock reconvergence pessimism                                     |        |             |            |            |             | -0.000 | 0.007           |
|                                                                   |        |             |            |            |             |        |                 |
| path cell delay                                                   |        |             |            |            |             |        | 0.066(100.000%) |
| path net delay                                                    |        |             |            |            |             |        | 0.000(0.000%)   |
|                                                                   |        |             |            |            |             |        |                 |
| data require time                                                 |        |             |            |            |             |        | 0.007           |
| data arrival time                                                 |        |             |            |            |             |        | 0.066           |
| slack (MET)                                                       |        |             |            |            |             |        | 0.059           |
+-------------------------------------------------------------------+--------+-------------+------------+------------+-------------+--------+-----------------+
+-------------------------------------------------------------------+--------+-------------+------------+------------+-------------+--------+-----------------+
| Point                                                             | Fanout | Capacitance | Resistance | Transition | Delta Delay | Incr   | Path            |
+-------------------------------------------------------------------+--------+-------------+------------+------------+-------------+--------+-----------------+
| clk_i (port)                                                      |        | 0.951       | 0.000      | 0.100      |             | 0.000  | 0.000r          |
| clk_i (clock net)                                                 | 553    |             |            |            | NA          |        |                 |
| u_core.decoded_execute_packet_ready_CLKGATE_X1_E:CK (CLKGATE_X1)  |        | 0.002       | 0.000      | 0.000      |             | 0.000  | 0.000r          |
| u_core.decoded_execute_packet_ready_CLKGATE_X1_E:GCK (CLKGATE_X1) |        | 0.285       | 0.000      | 0.000      |             | 0.000  | 0.000r          |
| u_core.execute_packet_0__reg_p_CK (clock net)                     | 300    |             |            |            | NA          |        |                 |
| u_core.execute_packet_296__reg_p:CK (DFF_X1)                      |        | 0.001       | 0.000      | 0.000      |             | 0.000  | 0.000r          |
| clock core_clock (rise edge)                                      |        |             |            |            |             | 0      | 0               |
| clock network delay (ideal)                                       |        |             |            |            |             | 0.000  | 0.000           |
| u_core.execute_packet_296__reg_p:CK (DFF_X1)                      |        | 0.001       | 0.000      | 0.000      |             | 0.000  | 0.000r          |
| u_core.execute_packet_296__reg_p:QN (DFF_X1)                      |        | 0.003       | 0.000      | 0.013      |             | 0.066  | 0.066r          |
| u_core.lsu_req_66_ (net)                                          | 3      |             |            |            | 0.000       |        |                 |
| u_core.u_lsu.memory_writeback_134__reg_p:D (DFF_X1)               |        | 0.001       | 0.000      | 0.013      |             | 0.000  | 0.066r          |
|                                                                   |        |             |            |            |             |        |                 |
| clk_i (port)                                                      |        | 0.951       | 0.000      | 0.100      |             | 0.000  | 0.000r          |
| clk_i (clock net)                                                 | 553    |             |            |            | NA          |        |                 |
| u_core.u_lsu.lsu_req_handshake_CLKGATE_X1_E:CK (CLKGATE_X1)       |        | 0.002       | 0.000      | 0.000      |             | 0.000  | 0.000r          |
| u_core.u_lsu.lsu_req_handshake_CLKGATE_X1_E:GCK (CLKGATE_X1)      |        | 0.164       | 0.000      | 0.000      |             | 0.000  | 0.000r          |
| u_core.lsu_pending_rd_0__reg_p_CK (clock net)                     | 173    |             |            |            | NA          |        |                 |
| u_core.u_lsu.memory_writeback_134__reg_p:CK (DFF_X1)              |        | 0.001       | 0.000      | 0.000      |             | 0.000  | 0.000r          |
| clock core_clock (rise edge)                                      |        |             |            |            |             | 0      | 0               |
| clock network delay (ideal)                                       |        |             |            |            |             | 0.000  | 0.000           |
| u_core.u_lsu.memory_writeback_134__reg_p:CK (DFF_X1)              |        |             |            |            |             |        | 0.000r          |
| library hold time                                                 |        |             |            |            |             | 0.007  | 0.007           |
| clock reconvergence pessimism                                     |        |             |            |            |             | -0.000 | 0.007           |
|                                                                   |        |             |            |            |             |        |                 |
| path cell delay                                                   |        |             |            |            |             |        | 0.066(100.000%) |
| path net delay                                                    |        |             |            |            |             |        | 0.000(0.000%)   |
|                                                                   |        |             |            |            |             |        |                 |
| data require time                                                 |        |             |            |            |             |        | 0.007           |
| data arrival time                                                 |        |             |            |            |             |        | 0.066           |
| slack (MET)                                                       |        |             |            |            |             |        | 0.059           |
+-------------------------------------------------------------------+--------+-------------+------------+------------+-------------+--------+-----------------+
+---------------------------------------------------------------------------------+--------+-------------+------------+------------+-------------+--------+-----------------+
| Point                                                                           | Fanout | Capacitance | Resistance | Transition | Delta Delay | Incr   | Path            |
+---------------------------------------------------------------------------------+--------+-------------+------------+------------+-------------+--------+-----------------+
| clk_i (port)                                                                    |        | 0.951       | 0.000      | 0.100      |             | 0.000  | 0.000r          |
| clk_i (clock net)                                                               | 553    |             |            |            | NA          |        |                 |
| u_core.u_ifu.lookup_queue_read_index_q_reg_p_CK_CLKGATE_X1_GCK:CK (CLKGATE_X1)  |        | 0.002       | 0.000      | 0.000      |             | 0.000  | 0.000r          |
| u_core.u_ifu.lookup_queue_read_index_q_reg_p_CK_CLKGATE_X1_GCK:GCK (CLKGATE_X1) |        | 0.001       | 0.000      | 0.000      |             | 0.000  | 0.000r          |
| u_core.u_ifu.lookup_queue_read_index_q_reg_p_CK (clock net)                     | 1      |             |            |            | NA          |        |                 |
| u_core.u_ifu.lookup_queue_read_index_q_reg_p:CK (DFFR_X1)                       |        | 0.001       | 0.000      | 0.000      |             | 0.000  | 0.000r          |
| clock core_clock (rise edge)                                                    |        |             |            |            |             | 0      | 0               |
| clock network delay (ideal)                                                     |        |             |            |            |             | 0.000  | 0.000           |
| u_core.u_ifu.lookup_queue_read_index_q_reg_p:CK (DFFR_X1)                       |        | 0.001       | 0.000      | 0.000      |             | 0.000  | 0.000r          |
| u_core.u_ifu.lookup_queue_read_index_q_reg_p:QN (DFFR_X1)                       |        | 0.002       | 0.000      | 0.011      |             | 0.066  | 0.066r          |
| u_core.u_ifu.lookup_queue_read_index_d (net)                                    | 2      |             |            |            | 0.000       |        |                 |
| u_core.u_ifu.lookup_queue_read_index_q_reg_p:D (DFFR_X1)                        |        | 0.001       | 0.000      | 0.011      |             | 0.000  | 0.066r          |
|                                                                                 |        |             |            |            |             |        |                 |
| clk_i (port)                                                                    |        | 0.951       | 0.000      | 0.100      |             | 0.000  | 0.000r          |
| clk_i (clock net)                                                               | 553    |             |            |            | NA          |        |                 |
| u_core.u_ifu.lookup_queue_read_index_q_reg_p_CK_CLKGATE_X1_GCK:CK (CLKGATE_X1)  |        | 0.002       | 0.000      | 0.000      |             | 0.000  | 0.000r          |
| u_core.u_ifu.lookup_queue_read_index_q_reg_p_CK_CLKGATE_X1_GCK:GCK (CLKGATE_X1) |        | 0.001       | 0.000      | 0.000      |             | 0.000  | 0.000r          |
| u_core.u_ifu.lookup_queue_read_index_q_reg_p_CK (clock net)                     | 1      |             |            |            | NA          |        |                 |
| u_core.u_ifu.lookup_queue_read_index_q_reg_p:CK (DFFR_X1)                       |        | 0.001       | 0.000      | 0.000      |             | 0.000  | 0.000r          |
| clock core_clock (rise edge)                                                    |        |             |            |            |             | 0      | 0               |
| clock network delay (ideal)                                                     |        |             |            |            |             | 0.000  | 0.000           |
| u_core.u_ifu.lookup_queue_read_index_q_reg_p:CK (DFFR_X1)                       |        |             |            |            |             |        | 0.000r          |
| library hold time                                                               |        |             |            |            |             | 0.006  | 0.006           |
| clock reconvergence pessimism                                                   |        |             |            |            |             | -0.000 | 0.006           |
|                                                                                 |        |             |            |            |             |        |                 |
| path cell delay                                                                 |        |             |            |            |             |        | 0.066(100.000%) |
| path net delay                                                                  |        |             |            |            |             |        | 0.000(0.000%)   |
|                                                                                 |        |             |            |            |             |        |                 |
| data require time                                                               |        |             |            |            |             |        | 0.006           |
| data arrival time                                                               |        |             |            |            |             |        | 0.066           |
| slack (MET)                                                                     |        |             |            |            |             |        | 0.060           |
+---------------------------------------------------------------------------------+--------+-------------+------------+------------+-------------+--------+-----------------+
+---------------------------------------------------------------------------------+--------+-------------+------------+------------+-------------+--------+-----------------+
| Point                                                                           | Fanout | Capacitance | Resistance | Transition | Delta Delay | Incr   | Path            |
+---------------------------------------------------------------------------------+--------+-------------+------------+------------+-------------+--------+-----------------+
| clk_i (port)                                                                    |        | 0.951       | 0.000      | 0.100      |             | 0.000  | 0.000r          |
| clk_i (clock net)                                                               | 553    |             |            |            | NA          |        |                 |
| u_core.u_ifu.lookup_queue_read_index_q_reg_p_CK_CLKGATE_X1_GCK:CK (CLKGATE_X1)  |        | 0.002       | 0.000      | 0.000      |             | 0.000  | 0.000r          |
| u_core.u_ifu.lookup_queue_read_index_q_reg_p_CK_CLKGATE_X1_GCK:GCK (CLKGATE_X1) |        | 0.001       | 0.000      | 0.000      |             | 0.000  | 0.000r          |
| u_core.u_ifu.lookup_queue_read_index_q_reg_p_CK (clock net)                     | 1      |             |            |            | NA          |        |                 |
| u_core.u_ifu.lookup_queue_read_index_q_reg_p:CK (DFFR_X1)                       |        | 0.001       | 0.000      | 0.000      |             | 0.000  | 0.000r          |
| clock core_clock (rise edge)                                                    |        |             |            |            |             | 0      | 0               |
| clock network delay (ideal)                                                     |        |             |            |            |             | 0.000  | 0.000           |
| u_core.u_ifu.lookup_queue_read_index_q_reg_p:CK (DFFR_X1)                       |        | 0.001       | 0.000      | 0.000      |             | 0.000  | 0.000r          |
| u_core.u_ifu.lookup_queue_read_index_q_reg_p:QN (DFFR_X1)                       |        | 0.002       | 0.000      | 0.011      |             | 0.066  | 0.066r          |
| u_core.u_ifu.lookup_queue_read_index_d (net)                                    | 2      |             |            |            | 0.000       |        |                 |
| u_core.u_ifu.lookup_queue_read_index_q_reg_p:D (DFFR_X1)                        |        | 0.001       | 0.000      | 0.011      |             | 0.000  | 0.066r          |
|                                                                                 |        |             |            |            |             |        |                 |
| clk_i (port)                                                                    |        | 0.951       | 0.000      | 0.100      |             | 0.000  | 0.000r          |
| clk_i (clock net)                                                               | 553    |             |            |            | NA          |        |                 |
| u_core.u_ifu.lookup_queue_read_index_q_reg_p_CK_CLKGATE_X1_GCK:CK (CLKGATE_X1)  |        | 0.002       | 0.000      | 0.000      |             | 0.000  | 0.000r          |
| u_core.u_ifu.lookup_queue_read_index_q_reg_p_CK_CLKGATE_X1_GCK:GCK (CLKGATE_X1) |        | 0.001       | 0.000      | 0.000      |             | 0.000  | 0.000r          |
| u_core.u_ifu.lookup_queue_read_index_q_reg_p_CK (clock net)                     | 1      |             |            |            | NA          |        |                 |
| u_core.u_ifu.lookup_queue_read_index_q_reg_p:CK (DFFR_X1)                       |        | 0.001       | 0.000      | 0.000      |             | 0.000  | 0.000r          |
| clock core_clock (rise edge)                                                    |        |             |            |            |             | 0      | 0               |
| clock network delay (ideal)                                                     |        |             |            |            |             | 0.000  | 0.000           |
| u_core.u_ifu.lookup_queue_read_index_q_reg_p:CK (DFFR_X1)                       |        |             |            |            |             |        | 0.000r          |
| library hold time                                                               |        |             |            |            |             | 0.006  | 0.006           |
| clock reconvergence pessimism                                                   |        |             |            |            |             | -0.000 | 0.006           |
|                                                                                 |        |             |            |            |             |        |                 |
| path cell delay                                                                 |        |             |            |            |             |        | 0.066(100.000%) |
| path net delay                                                                  |        |             |            |            |             |        | 0.000(0.000%)   |
|                                                                                 |        |             |            |            |             |        |                 |
| data require time                                                               |        |             |            |            |             |        | 0.006           |
| data arrival time                                                               |        |             |            |            |             |        | 0.066           |
| slack (MET)                                                                     |        |             |            |            |             |        | 0.060           |
+---------------------------------------------------------------------------------+--------+-------------+------------+------------+-------------+--------+-----------------+
+-------------------------------------------------------------------------------------------+--------+-------------+------------+------------+-------------+--------+-----------------+
| Point                                                                                     | Fanout | Capacitance | Resistance | Transition | Delta Delay | Incr   | Path            |
+-------------------------------------------------------------------------------------------+--------+-------------+------------+------------+-------------+--------+-----------------+
| clk_i (port)                                                                              |        | 0.951       | 0.000      | 0.100      |             | 0.000  | 0.000r          |
| clk_i (clock net)                                                                         | 553    |             |            |            | NA          |        |                 |
| u_core.next_pc_predictor_lookup_request_epoch_0__reg_p_CK_CLKGATE_X1_GCK:CK (CLKGATE_X1)  |        | 0.002       | 0.000      | 0.000      |             | 0.000  | 0.000r          |
| u_core.next_pc_predictor_lookup_request_epoch_0__reg_p_CK_CLKGATE_X1_GCK:GCK (CLKGATE_X1) |        | 0.002       | 0.000      | 0.000      |             | 0.000  | 0.000r          |
| u_core.next_pc_predictor_lookup_request_epoch_0__reg_p_CK (clock net)                     | 2      |             |            |            | NA          |        |                 |
| u_core.next_pc_predictor_lookup_request_epoch_0__reg_p:CK (DFFR_X1)                       |        | 0.001       | 0.000      | 0.000      |             | 0.000  | 0.000r          |
| clock core_clock (rise edge)                                                              |        |             |            |            |             | 0      | 0               |
| clock network delay (ideal)                                                               |        |             |            |            |             | 0.000  | 0.000           |
| u_core.next_pc_predictor_lookup_request_epoch_0__reg_p:CK (DFFR_X1)                       |        | 0.001       | 0.000      | 0.000      |             | 0.000  | 0.000r          |
| u_core.next_pc_predictor_lookup_request_epoch_0__reg_p:QN (DFFR_X1)                       |        | 0.001       | 0.000      | 0.011      |             | 0.066  | 0.066r          |
| u_core.next_pc_predictor_lookup_request_epoch_0__reg_p_D (net)                            | 1      |             |            |            | 0.000       |        |                 |
| u_core.next_pc_predictor_lookup_request_epoch_0__reg_p:D (DFFR_X1)                        |        | 0.001       | 0.000      | 0.011      |             | 0.000  | 0.066r          |
|                                                                                           |        |             |            |            |             |        |                 |
| clk_i (port)                                                                              |        | 0.951       | 0.000      | 0.100      |             | 0.000  | 0.000r          |
| clk_i (clock net)                                                                         | 553    |             |            |            | NA          |        |                 |
| u_core.next_pc_predictor_lookup_request_epoch_0__reg_p_CK_CLKGATE_X1_GCK:CK (CLKGATE_X1)  |        | 0.002       | 0.000      | 0.000      |             | 0.000  | 0.000r          |
| u_core.next_pc_predictor_lookup_request_epoch_0__reg_p_CK_CLKGATE_X1_GCK:GCK (CLKGATE_X1) |        | 0.002       | 0.000      | 0.000      |             | 0.000  | 0.000r          |
| u_core.next_pc_predictor_lookup_request_epoch_0__reg_p_CK (clock net)                     | 2      |             |            |            | NA          |        |                 |
| u_core.next_pc_predictor_lookup_request_epoch_0__reg_p:CK (DFFR_X1)                       |        | 0.001       | 0.000      | 0.000      |             | 0.000  | 0.000r          |
| clock core_clock (rise edge)                                                              |        |             |            |            |             | 0      | 0               |
| clock network delay (ideal)                                                               |        |             |            |            |             | 0.000  | 0.000           |
| u_core.next_pc_predictor_lookup_request_epoch_0__reg_p:CK (DFFR_X1)                       |        |             |            |            |             |        | 0.000r          |
| library hold time                                                                         |        |             |            |            |             | 0.006  | 0.006           |
| clock reconvergence pessimism                                                             |        |             |            |            |             | -0.000 | 0.006           |
|                                                                                           |        |             |            |            |             |        |                 |
| path cell delay                                                                           |        |             |            |            |             |        | 0.066(100.000%) |
| path net delay                                                                            |        |             |            |            |             |        | 0.000(0.000%)   |
|                                                                                           |        |             |            |            |             |        |                 |
| data require time                                                                         |        |             |            |            |             |        | 0.006           |
| data arrival time                                                                         |        |             |            |            |             |        | 0.066           |
| slack (MET)                                                                               |        |             |            |            |             |        | 0.060           |
+-------------------------------------------------------------------------------------------+--------+-------------+------------+------------+-------------+--------+-----------------+
+--------------------------------------------------------------------------------------------------------------------------------+--------+-------------+------------+------------+-------------+--------+-----------------+
| Point                                                                                                                          | Fanout | Capacitance | Resistance | Transition | Delta Delay | Incr   | Path            |
+--------------------------------------------------------------------------------------------------------------------------------+--------+-------------+------------+------------+-------------+--------+-----------------+
| clk_i (port)                                                                                                                   |        | 0.951       | 0.000      | 0.100      |             | 0.000  | 0.000r          |
| clk_i (clock net)                                                                                                              | 553    |             |            |            | NA          |        |                 |
| u_core.u_data_mem.gen_dcache.u_dcache.u_dcache_axi.writeback_req_ready_o_reg_p:CK (DFFS_X1)                                    |        | 0.001       | 0.000      | 0.000      |             | 0.000  | 0.000r          |
| clock core_clock (rise edge)                                                                                                   |        |             |            |            |             | 0      | 0               |
| clock network delay (ideal)                                                                                                    |        |             |            |            |             | 0.000  | 0.000           |
| u_core.u_data_mem.gen_dcache.u_dcache.u_dcache_axi.writeback_req_ready_o_reg_p:CK (DFFS_X1)                                    |        | 0.001       | 0.000      | 0.000      |             | 0.000  | 0.000r          |
| u_core.u_data_mem.gen_dcache.u_dcache.u_dcache_axi.writeback_req_ready_o_reg_p:QN (DFFS_X1)                                    |        | 0.003       | 0.000      | 0.013      |             | 0.068  | 0.068r          |
| u_core.u_data_mem.gen_dcache.u_dcache.u_dcache_axi.writeback_req_ready_o_reg_p_QN (net)                                        | 2      |             |            |            | 0.000       |        |                 |
| u_core.u_data_mem.gen_dcache.u_dcache.u_dcache_axi.writeback_req_ready_o_reg_p_QN_AOI211_X1_C1:C1 (AOI211_X1)                  |        | 0.002       | 0.000      | 0.013      |             | 0.000  | 0.068r          |
| u_core.u_data_mem.gen_dcache.u_dcache.u_dcache_axi.writeback_req_ready_o_reg_p_QN_AOI211_X1_C1:ZN (AOI211_X1)                  |        | 0.001       | 0.000      | 0.008      |             | 0.014  | 0.082f          |
| u_core.u_data_mem.gen_dcache.u_dcache.u_dcache_axi.writeback_req_ready_o_reg_p_QN_AOI211_X1_C1_ZN (net)                        | 1      |             |            |            | 0.000       |        |                 |
| u_core.u_data_mem.gen_dcache.u_dcache.u_dcache_axi.writeback_req_ready_o_reg_p_QN_AOI211_X1_C1_ZN_CLKGATE_X1_E:E (CLKGATE_X1)  |        | 0.001       | 0.000      | 0.008      |             | 0.000  | 0.082f          |
|                                                                                                                                |        |             |            |            |             |        |                 |
| clk_i (port)                                                                                                                   |        | 0.951       | 0.000      | 0.100      |             | 0.000  | 0.000r          |
| clk_i (clock net)                                                                                                              | 553    |             |            |            | NA          |        |                 |
| u_core.u_data_mem.gen_dcache.u_dcache.u_dcache_axi.writeback_req_ready_o_reg_p_QN_AOI211_X1_C1_ZN_CLKGATE_X1_E:CK (CLKGATE_X1) |        | 0.002       | 0.000      | 0.000      |             | 0.000  | 0.000r          |
| clock core_clock (rise edge)                                                                                                   |        |             |            |            |             | 0      | 0               |
| clock network delay (ideal)                                                                                                    |        |             |            |            |             | 0.000  | 0.000           |
| u_core.u_data_mem.gen_dcache.u_dcache.u_dcache_axi.writeback_req_ready_o_reg_p_QN_AOI211_X1_C1_ZN_CLKGATE_X1_E:CK (CLKGATE_X1) |        |             |            |            |             |        | 0.000r          |
| library hold time                                                                                                              |        |             |            |            |             | -0.015 | -0.015          |
| clock reconvergence pessimism                                                                                                  |        |             |            |            |             | -0.000 | -0.015          |
|                                                                                                                                |        |             |            |            |             |        |                 |
| path cell delay                                                                                                                |        |             |            |            |             |        | 0.082(100.000%) |
| path net delay                                                                                                                 |        |             |            |            |             |        | 0.000(0.000%)   |
|                                                                                                                                |        |             |            |            |             |        |                 |
| data require time                                                                                                              |        |             |            |            |             |        | -0.015          |
| data arrival time                                                                                                              |        |             |            |            |             |        | 0.082           |
| slack (MET)                                                                                                                    |        |             |            |            |             |        | 0.097           |
+--------------------------------------------------------------------------------------------------------------------------------+--------+-------------+------------+------------+-------------+--------+-----------------+
+--------------------------------------------------------------------------------------------------------------------------------+--------+-------------+------------+------------+-------------+--------+-----------------+
| Point                                                                                                                          | Fanout | Capacitance | Resistance | Transition | Delta Delay | Incr   | Path            |
+--------------------------------------------------------------------------------------------------------------------------------+--------+-------------+------------+------------+-------------+--------+-----------------+
| clk_i (port)                                                                                                                   |        | 0.951       | 0.000      | 0.100      |             | 0.000  | 0.000r          |
| clk_i (clock net)                                                                                                              | 553    |             |            |            | NA          |        |                 |
| u_core.u_data_mem.gen_dcache.u_dcache.u_dcache_axi.writeback_req_ready_o_reg_p:CK (DFFS_X1)                                    |        | 0.001       | 0.000      | 0.000      |             | 0.000  | 0.000r          |
| clock core_clock (rise edge)                                                                                                   |        |             |            |            |             | 0      | 0               |
| clock network delay (ideal)                                                                                                    |        |             |            |            |             | 0.000  | 0.000           |
| u_core.u_data_mem.gen_dcache.u_dcache.u_dcache_axi.writeback_req_ready_o_reg_p:CK (DFFS_X1)                                    |        | 0.001       | 0.000      | 0.000      |             | 0.000  | 0.000r          |
| u_core.u_data_mem.gen_dcache.u_dcache.u_dcache_axi.writeback_req_ready_o_reg_p:QN (DFFS_X1)                                    |        | 0.003       | 0.000      | 0.013      |             | 0.068  | 0.068f          |
| u_core.u_data_mem.gen_dcache.u_dcache.u_dcache_axi.writeback_req_ready_o_reg_p_QN (net)                                        | 2      |             |            |            | 0.000       |        |                 |
| u_core.u_data_mem.gen_dcache.u_dcache.u_dcache_axi.writeback_req_ready_o_reg_p_QN_AOI211_X1_C1:C1 (AOI211_X1)                  |        | 0.002       | 0.000      | 0.013      |             | 0.000  | 0.068f          |
| u_core.u_data_mem.gen_dcache.u_dcache.u_dcache_axi.writeback_req_ready_o_reg_p_QN_AOI211_X1_C1:ZN (AOI211_X1)                  |        | 0.001       | 0.000      | 0.026      |             | 0.033  | 0.102r          |
| u_core.u_data_mem.gen_dcache.u_dcache.u_dcache_axi.writeback_req_ready_o_reg_p_QN_AOI211_X1_C1_ZN (net)                        | 1      |             |            |            | 0.000       |        |                 |
| u_core.u_data_mem.gen_dcache.u_dcache.u_dcache_axi.writeback_req_ready_o_reg_p_QN_AOI211_X1_C1_ZN_CLKGATE_X1_E:E (CLKGATE_X1)  |        | 0.001       | 0.000      | 0.026      |             | 0.000  | 0.102r          |
|                                                                                                                                |        |             |            |            |             |        |                 |
| clk_i (port)                                                                                                                   |        | 0.951       | 0.000      | 0.100      |             | 0.000  | 0.000r          |
| clk_i (clock net)                                                                                                              | 553    |             |            |            | NA          |        |                 |
| u_core.u_data_mem.gen_dcache.u_dcache.u_dcache_axi.writeback_req_ready_o_reg_p_QN_AOI211_X1_C1_ZN_CLKGATE_X1_E:CK (CLKGATE_X1) |        | 0.002       | 0.000      | 0.000      |             | 0.000  | 0.000r          |
| clock core_clock (rise edge)                                                                                                   |        |             |            |            |             | 0      | 0               |
| clock network delay (ideal)                                                                                                    |        |             |            |            |             | 0.000  | 0.000           |
| u_core.u_data_mem.gen_dcache.u_dcache.u_dcache_axi.writeback_req_ready_o_reg_p_QN_AOI211_X1_C1_ZN_CLKGATE_X1_E:CK (CLKGATE_X1) |        |             |            |            |             |        | 0.000r          |
| library hold time                                                                                                              |        |             |            |            |             | 0.001  | 0.001           |
| clock reconvergence pessimism                                                                                                  |        |             |            |            |             | -0.000 | 0.001           |
|                                                                                                                                |        |             |            |            |             |        |                 |
| path cell delay                                                                                                                |        |             |            |            |             |        | 0.102(100.000%) |
| path net delay                                                                                                                 |        |             |            |            |             |        | 0.000(0.000%)   |
|                                                                                                                                |        |             |            |            |             |        |                 |
| data require time                                                                                                              |        |             |            |            |             |        | 0.001           |
| data arrival time                                                                                                              |        |             |            |            |             |        | 0.102           |
| slack (MET)                                                                                                                    |        |             |            |            |             |        | 0.100           |
+--------------------------------------------------------------------------------------------------------------------------------+--------+-------------+------------+------------+-------------+--------+-----------------+
+------------------------------------------------------------------------------------------------------------+--------+-------------+------------+------------+-------------+--------+-----------------+
| Point                                                                                                      | Fanout | Capacitance | Resistance | Transition | Delta Delay | Incr   | Path            |
+------------------------------------------------------------------------------------------------------------+--------+-------------+------------+------------+-------------+--------+-----------------+
| clk_i (port)                                                                                               |        | 0.951       | 0.000      | 0.100      |             | 0.000  | 0.000r          |
| clk_i (clock net)                                                                                          | 553    |             |            |            | NA          |        |                 |
| u_core.u_data_mem.gen_dcache.u_dcache.lookup_s1_present_q_reg_p:CK (DFFR_X1)                               |        | 0.001       | 0.000      | 0.000      |             | 0.000  | 0.000r          |
| clock core_clock (rise edge)                                                                               |        |             |            |            |             | 0      | 0               |
| clock network delay (ideal)                                                                                |        |             |            |            |             | 0.000  | 0.000           |
| u_core.u_data_mem.gen_dcache.u_dcache.lookup_s1_present_q_reg_p:CK (DFFR_X1)                               |        | 0.001       | 0.000      | 0.000      |             | 0.000  | 0.000r          |
| u_core.u_data_mem.gen_dcache.u_dcache.lookup_s1_present_q_reg_p:QN (DFFR_X1)                               |        | 0.004       | 0.000      | 0.015      |             | 0.072  | 0.072r          |
| u_core.u_data_mem.gen_dcache.u_dcache.lookup_s1_present_q_reg_p_QN (net)                                   | 3      |             |            |            | 0.000       |        |                 |
| u_core.u_data_mem.gen_dcache.u_dcache.lookup_s1_present_d_OAI21_X1_ZN_A_OR3_X1_ZN:A1 (OR3_X1)              |        | 0.001       | 0.000      | 0.015      |             | 0.000  | 0.072r          |
| u_core.u_data_mem.gen_dcache.u_dcache.lookup_s1_present_d_OAI21_X1_ZN_A_OR3_X1_ZN:ZN (OR3_X1)              |        | 0.003       | 0.000      | 0.010      |             | 0.030  | 0.102r          |
| u_core.u_data_mem.gen_dcache.u_dcache.lookup_s1_present_d_OAI21_X1_ZN_A (net)                              | 2      |             |            |            | 0.000       |        |                 |
| u_core.u_data_mem.gen_dcache.u_dcache.store_write_bypass_present_q_reg_p_CK_CLKGATE_X1_GCK:E (CLKGATE_X1)  |        | 0.001       | 0.000      | 0.010      |             | 0.000  | 0.102r          |
|                                                                                                            |        |             |            |            |             |        |                 |
| clk_i (port)                                                                                               |        | 0.951       | 0.000      | 0.100      |             | 0.000  | 0.000r          |
| clk_i (clock net)                                                                                          | 553    |             |            |            | NA          |        |                 |
| u_core.u_data_mem.gen_dcache.u_dcache.store_write_bypass_present_q_reg_p_CK_CLKGATE_X1_GCK:CK (CLKGATE_X1) |        | 0.002       | 0.000      | 0.000      |             | 0.000  | 0.000r          |
| clock core_clock (rise edge)                                                                               |        |             |            |            |             | 0      | 0               |
| clock network delay (ideal)                                                                                |        |             |            |            |             | 0.000  | 0.000           |
| u_core.u_data_mem.gen_dcache.u_dcache.store_write_bypass_present_q_reg_p_CK_CLKGATE_X1_GCK:CK (CLKGATE_X1) |        |             |            |            |             |        | 0.000r          |
| library hold time                                                                                          |        |             |            |            |             | -0.001 | -0.001          |
| clock reconvergence pessimism                                                                              |        |             |            |            |             | -0.000 | -0.001          |
|                                                                                                            |        |             |            |            |             |        |                 |
| path cell delay                                                                                            |        |             |            |            |             |        | 0.102(100.000%) |
| path net delay                                                                                             |        |             |            |            |             |        | 0.000(0.000%)   |
|                                                                                                            |        |             |            |            |             |        |                 |
| data require time                                                                                          |        |             |            |            |             |        | -0.001          |
| data arrival time                                                                                          |        |             |            |            |             |        | 0.102           |
| slack (MET)                                                                                                |        |             |            |            |             |        | 0.103           |
+------------------------------------------------------------------------------------------------------------+--------+-------------+------------+------------+-------------+--------+-----------------+
+---------------------------------------------------------------------------------------------+--------+-------------+------------+------------+-------------+--------+-----------------+
| Point                                                                                       | Fanout | Capacitance | Resistance | Transition | Delta Delay | Incr   | Path            |
+---------------------------------------------------------------------------------------------+--------+-------------+------------+------------+-------------+--------+-----------------+
| clk_i (port)                                                                                |        | 0.951       | 0.000      | 0.100      |             | 0.000  | 0.000r          |
| clk_i (clock net)                                                                           | 553    |             |            |            | NA          |        |                 |
| u_core.u_ifu.lookup_queue_write_index_q_reg_p_CK_CLKGATE_X1_GCK:CK (CLKGATE_X1)             |        | 0.002       | 0.000      | 0.000      |             | 0.000  | 0.000r          |
| u_core.u_ifu.lookup_queue_write_index_q_reg_p_CK_CLKGATE_X1_GCK:GCK (CLKGATE_X1)            |        | 0.001       | 0.000      | 0.000      |             | 0.000  | 0.000r          |
| u_core.u_ifu.lookup_queue_write_index_q_reg_p_CK (clock net)                                | 1      |             |            |            | NA          |        |                 |
| u_core.u_ifu.lookup_queue_write_index_q_reg_p:CK (DFFR_X1)                                  |        | 0.001       | 0.000      | 0.000      |             | 0.000  | 0.000r          |
| clock core_clock (rise edge)                                                                |        |             |            |            |             | 0      | 0               |
| clock network delay (ideal)                                                                 |        |             |            |            |             | 0.000  | 0.000           |
| u_core.u_ifu.lookup_queue_write_index_q_reg_p:CK (DFFR_X1)                                  |        | 0.001       | 0.000      | 0.000      |             | 0.000  | 0.000r          |
| u_core.u_ifu.lookup_queue_write_index_q_reg_p:QN (DFFR_X1)                                  |        | 0.002       | 0.000      | 0.011      |             | 0.066  | 0.066r          |
| u_core.u_ifu.lookup_queue_write_index_q_reg_p_QN (net)                                      | 2      |             |            |            | 0.000       |        |                 |
| u_core.u_ifu.lookup_queue_write_index_q_reg_p_QN_AND3_X1_A1:A1 (AND3_X1)                    |        | 0.001       | 0.000      | 0.011      |             | 0.000  | 0.066r          |
| u_core.u_ifu.lookup_queue_write_index_q_reg_p_QN_AND3_X1_A1:ZN (AND3_X1)                    |        | 0.001       | 0.000      | 0.009      |             | 0.038  | 0.104r          |
| u_core.u_ifu.lookup_queue_write_index_q_reg_p_QN_AND3_X1_A1_ZN (net)                        | 1      |             |            |            | 0.000       |        |                 |
| u_core.u_ifu.lookup_queue_write_index_q_reg_p_QN_AND3_X1_A1_ZN_CLKGATE_X1_E:E (CLKGATE_X1)  |        | 0.001       | 0.000      | 0.009      |             | 0.000  | 0.104r          |
|                                                                                             |        |             |            |            |             |        |                 |
| clk_i (port)                                                                                |        | 0.951       | 0.000      | 0.100      |             | 0.000  | 0.000r          |
| clk_i (clock net)                                                                           | 553    |             |            |            | NA          |        |                 |
| u_core.u_ifu.lookup_queue_write_index_q_reg_p_QN_AND3_X1_A1_ZN_CLKGATE_X1_E:CK (CLKGATE_X1) |        | 0.002       | 0.000      | 0.000      |             | 0.000  | 0.000r          |
| clock core_clock (rise edge)                                                                |        |             |            |            |             | 0      | 0               |
| clock network delay (ideal)                                                                 |        |             |            |            |             | 0.000  | 0.000           |
| u_core.u_ifu.lookup_queue_write_index_q_reg_p_QN_AND3_X1_A1_ZN_CLKGATE_X1_E:CK (CLKGATE_X1) |        |             |            |            |             |        | 0.000r          |
| library hold time                                                                           |        |             |            |            |             | -0.001 | -0.001          |
| clock reconvergence pessimism                                                               |        |             |            |            |             | -0.000 | -0.001          |
|                                                                                             |        |             |            |            |             |        |                 |
| path cell delay                                                                             |        |             |            |            |             |        | 0.104(100.000%) |
| path net delay                                                                              |        |             |            |            |             |        | 0.000(0.000%)   |
|                                                                                             |        |             |            |            |             |        |                 |
| data require time                                                                           |        |             |            |            |             |        | -0.001          |
| data arrival time                                                                           |        |             |            |            |             |        | 0.104           |
| slack (MET)                                                                                 |        |             |            |            |             |        | 0.105           |
+---------------------------------------------------------------------------------------------+--------+-------------+------------+------------+-------------+--------+-----------------+
+-------------------------------------------------------------------------------------------------------------------+--------+-------------+------------+------------+-------------+--------+-----------------+
| Point                                                                                                             | Fanout | Capacitance | Resistance | Transition | Delta Delay | Incr   | Path            |
+-------------------------------------------------------------------------------------------------------------------+--------+-------------+------------+------------+-------------+--------+-----------------+
| clk_i (port)                                                                                                      |        | 0.951       | 0.000      | 0.100      |             | 0.000  | 0.000r          |
| clk_i (clock net)                                                                                                 | 553    |             |            |            | NA          |        |                 |
| u_core.u_data_mem.gen_dcache.u_dcache.refill_req_ready_reg_p:CK (DFFS_X1)                                         |        | 0.001       | 0.000      | 0.000      |             | 0.000  | 0.000r          |
| clock core_clock (rise edge)                                                                                      |        |             |            |            |             | 0      | 0               |
| clock network delay (ideal)                                                                                       |        |             |            |            |             | 0.000  | 0.000           |
| u_core.u_data_mem.gen_dcache.u_dcache.refill_req_ready_reg_p:CK (DFFS_X1)                                         |        | 0.001       | 0.000      | 0.000      |             | 0.000  | 0.000r          |
| u_core.u_data_mem.gen_dcache.u_dcache.refill_req_ready_reg_p:QN (DFFS_X1)                                         |        | 0.003       | 0.000      | 0.015      |             | 0.071  | 0.071r          |
| u_core.u_data_mem.gen_dcache.u_dcache.refill_req_ready_reg_p_QN (net)                                             | 2      |             |            |            | 0.000       |        |                 |
| u_core.u_data_mem.gen_dcache.u_dcache.refill_req_ready_reg_p_QN_OAI22_X1_B2:B2 (OAI22_X1)                         |        | 0.002       | 0.000      | 0.015      |             | 0.000  | 0.071r          |
| u_core.u_data_mem.gen_dcache.u_dcache.refill_req_ready_reg_p_QN_OAI22_X1_B2:ZN (OAI22_X1)                         |        | 0.001       | 0.000      | 0.009      |             | 0.021  | 0.092f          |
| u_core.u_data_mem.gen_dcache.u_dcache.refill_req_ready_reg_p_QN_OAI22_X1_B2_ZN (net)                              | 1      |             |            |            | 0.000       |        |                 |
| u_core.u_data_mem.gen_dcache.u_dcache.u_dcache_axi.refill_word_index_q_0__reg_p_CK_CLKGATE_X1_GCK:E (CLKGATE_X1)  |        | 0.001       | 0.000      | 0.009      |             | 0.000  | 0.092f          |
|                                                                                                                   |        |             |            |            |             |        |                 |
| clk_i (port)                                                                                                      |        | 0.951       | 0.000      | 0.100      |             | 0.000  | 0.000r          |
| clk_i (clock net)                                                                                                 | 553    |             |            |            | NA          |        |                 |
| u_core.u_data_mem.gen_dcache.u_dcache.u_dcache_axi.refill_word_index_q_0__reg_p_CK_CLKGATE_X1_GCK:CK (CLKGATE_X1) |        | 0.002       | 0.000      | 0.000      |             | 0.000  | 0.000r          |
| clock core_clock (rise edge)                                                                                      |        |             |            |            |             | 0      | 0               |
| clock network delay (ideal)                                                                                       |        |             |            |            |             | 0.000  | 0.000           |
| u_core.u_data_mem.gen_dcache.u_dcache.u_dcache_axi.refill_word_index_q_0__reg_p_CK_CLKGATE_X1_GCK:CK (CLKGATE_X1) |        |             |            |            |             |        | 0.000r          |
| library hold time                                                                                                 |        |             |            |            |             | -0.015 | -0.015          |
| clock reconvergence pessimism                                                                                     |        |             |            |            |             | -0.000 | -0.015          |
|                                                                                                                   |        |             |            |            |             |        |                 |
| path cell delay                                                                                                   |        |             |            |            |             |        | 0.092(100.000%) |
| path net delay                                                                                                    |        |             |            |            |             |        | 0.000(0.000%)   |
|                                                                                                                   |        |             |            |            |             |        |                 |
| data require time                                                                                                 |        |             |            |            |             |        | -0.015          |
| data arrival time                                                                                                 |        |             |            |            |             |        | 0.092           |
| slack (MET)                                                                                                       |        |             |            |            |             |        | 0.107           |
+-------------------------------------------------------------------------------------------------------------------+--------+-------------+------------+------------+-------------+--------+-----------------+
