configuration,case,mhz,window,cumulative_conditional,conditional,raw_errors,missing,redirects,first,last,partial
BT0-long,jsmn_long-128-cold,735,0,8192,8192,825,1699,872,1732,295583,0
BT0-long,jsmn_long-128-cold,735,1,16384,8192,658,1398,721,295588,596238,0
BT0-long,jsmn_long-128-cold,735,2,24576,8192,560,1225,630,596338,928606,0
BT0-long,jsmn_long-128-cold,735,3,32768,8192,712,1553,800,928706,1215247,0
BT0-long,jsmn_long-128-cold,735,4,40960,8192,501,1088,563,1215347,1540266,0
BT0-long,jsmn_long-128-cold,735,5,49152,8192,694,1523,780,1540272,1835944,0
BT0-long,jsmn_long-128-cold,735,6,57344,8192,654,1418,732,1835946,2134188,0
BT0-long,jsmn_long-128-cold,735,7,65536,8192,541,1182,609,2134189,2463213,0
BT0-long,jsmn_long-128-cold,735,8,73728,8192,712,1553,800,2463313,2751808,0
BT0-long,jsmn_long-128-cold,735,9,81920,8192,508,1107,570,2751908,3072219,0
BT0-long,jsmn_long-128-cold,735,10,90112,8192,702,1534,790,3072424,3376908,0
BT0-long,jsmn_long-128-cold,735,11,98304,8192,662,1445,744,3377016,3670861,0
BT0-long,jsmn_long-128-cold,735,12,106496,8192,528,1155,594,3670961,4006157,0
BT0-long,jsmn_long-128-cold,735,13,114688,8192,720,1578,810,4006257,4293787,0
BT0-long,jsmn_long-128-cold,735,14,122880,8192,536,1148,597,4293790,4608872,0
BT0-long,jsmn_long-128-cold,735,15,131072,8192,672,1470,756,4608972,4912460,0
BT0-long,jsmn_long-128-cold,735,16,139264,8192,655,1430,736,4912560,5209137,0
BT0-long,jsmn_long-128-cold,735,17,147456,8192,528,1143,590,5209144,5540414,0
BT0-long,jsmn_long-128-cold,735,18,155648,8192,712,1553,800,5540514,5822621,0
BT0-long,jsmn_long-128-cold,735,19,163840,8192,523,1141,587,5822721,6138675,0
BT0-long,jsmn_long-128-cold,735,20,172032,8192,678,1487,764,6138677,6440122,0
BT0-long,jsmn_long-128-cold,735,21,180224,8192,651,1413,731,6440125,6734339,0
BT0-long,jsmn_long-128-cold,735,22,188416,8192,531,1160,595,6734347,7064684,0
BT0-long,jsmn_long-128-cold,735,23,196608,8192,705,1531,791,7064687,7347792,0
BT0-long,jsmn_long-128-cold,735,24,204800,8192,500,1093,562,7347896,7667377,0
BT0-long,jsmn_long-128-cold,735,25,212992,8192,706,1542,794,7667389,7964615,0
BT0-long,jsmn_long-128-cold,735,26,221184,8192,632,1378,710,7964715,8257428,0
BT0-long,jsmn_long-128-cold,735,27,229376,8192,541,1180,609,8257528,8584830,0
BT0-long,jsmn_long-128-cold,735,28,237568,8192,699,1528,785,8584836,8869622,0
BT0-long,jsmn_long-128-cold,735,29,245760,8192,472,1028,530,8869722,9197698,0
BT0-long,jsmn_long-128-cold,735,30,253952,8192,723,1583,813,9197702,9484838,0
BT0-long,jsmn_long-128-cold,735,31,262144,8192,629,1370,707,9484840,9781500,0
BT0-long,jsmn_long-128-cold,735,32,270336,8192,545,1191,613,9781600,10105716,0
BT0-long,jsmn_long-128-cold,735,33,278528,8192,699,1526,785,10105719,10388785,0
BT0-long,jsmn_long-128-cold,735,34,286720,8192,447,979,504,10388990,10723996,0
BT0-long,jsmn_long-128-cold,735,35,294912,8192,783,1690,873,10723999,11008184,0
BT0-long,jsmn_long-128-cold,735,36,303104,8192,621,1338,692,11008284,11303264,0
BT0-long,jsmn_long-128-cold,735,37,311296,8192,572,1240,639,11303265,11625966,0
BT0-long,jsmn_long-128-cold,735,38,319488,8192,696,1518,782,11626066,11913130,0
BT0-long,jsmn_long-128-cold,735,39,327680,8192,451,988,508,11913230,12249968,0
BT0-long,jsmn_long-128-cold,735,40,335872,8192,757,1650,850,12249971,12532470,0
BT0-long,jsmn_long-128-cold,735,41,344064,8192,623,1348,696,12532570,12829511,0
BT0-long,jsmn_long-128-cold,735,42,352256,8192,560,1225,630,12829611,13149483,0
BT0-long,jsmn_long-128-cold,735,43,360448,8192,679,1483,763,13149583,13428948,0
BT0-long,jsmn_long-128-cold,735,44,368640,8192,481,1049,541,13428952,13765188,0
BT0-long,jsmn_long-128-cold,735,45,376832,8192,728,1589,818,13765287,14042766,0
BT0-long,jsmn_long-128-cold,735,46,385024,8192,584,1273,656,14042866,14343889,0
BT0-long,jsmn_long-128-cold,735,47,393216,8192,592,1295,666,14343989,14660665,0
BT0-long,jsmn_long-128-cold,735,48,401408,8192,680,1483,764,14660765,14947679,0
BT0-long,jsmn_long-128-cold,735,49,409600,8192,496,1085,558,14947784,15282908,0
BT0-long,jsmn_long-128-cold,735,50,417792,8192,727,1588,817,15283013,15563917,0
BT0-long,jsmn_long-128-cold,735,51,425984,8192,569,1238,639,15563921,15867647,0
BT0-long,jsmn_long-128-cold,735,52,434176,8192,608,1330,684,15867747,16178904,0
BT0-long,jsmn_long-128-cold,735,53,442368,8192,664,1448,746,16179004,16465810,0
BT0-long,jsmn_long-128-cold,735,54,450560,8192,512,1120,576,16465910,16799320,0
BT0-long,jsmn_long-128-cold,735,55,458752,8192,712,1553,800,16799425,17074339,0
BT0-long,jsmn_long-128-cold,735,56,466944,8192,526,1148,591,17074439,17382446,0
BT0-long,jsmn_long-128-cold,735,57,475136,8192,650,1420,731,17382451,17684463,0
BT0-long,jsmn_long-128-cold,735,58,483328,8192,648,1413,728,17684563,17972683,0
BT0-long,jsmn_long-128-cold,735,59,491520,8192,515,1127,578,17972788,18301240,0
BT0-long,jsmn_long-128-cold,735,60,499712,8192,709,1546,798,18301242,18578206,0
BT0-long,jsmn_long-128-cold,735,61,507904,8192,472,1028,530,18578306,18902193,0
BT0-long,jsmn_long-128-cold,735,62,516096,8192,704,1540,792,18902293,19184932,0
BT0-long,jsmn_long-128-cold,735,63,524288,8192,620,1349,695,19185032,19479158,0
BT0-long,jsmn_long-128-cold,735,64,532480,8192,549,1202,618,19479258,19799094,0
BT0-long,jsmn_long-128-cold,735,65,540672,8192,691,1506,776,19799207,20085345,0
BT0-long,jsmn_long-128-cold,735,66,548864,8192,464,1014,522,20085445,20415372,0
BT0-long,jsmn_long-128-cold,735,67,557056,8192,728,1589,818,20415471,20689392,0
BT0-long,jsmn_long-128-cold,735,68,565248,8192,571,1246,641,20689492,20985321,0
BT0-long,jsmn_long-128-cold,735,69,573440,8192,605,1322,681,20985322,21303398,0
BT0-long,jsmn_long-128-cold,735,70,581632,8192,664,1448,746,21303498,21586273,0
BT0-long,jsmn_long-128-cold,735,71,589824,8192,496,1085,558,21586373,21915400,0
BT0-long,jsmn_long-128-cold,735,72,598016,8192,712,1553,800,21915500,22190323,0
BT0-long,jsmn_long-128-cold,735,73,606208,8192,555,1210,622,22190423,22502974,0
BT0-long,jsmn_long-128-cold,735,74,614400,8192,637,1393,718,22502976,22807634,0
BT0-long,jsmn_long-128-cold,735,75,622592,8192,648,1413,728,22807734,23093034,0
BT0-long,jsmn_long-128-cold,735,76,630784,8192,512,1120,576,23093134,23420265,0
BT0-long,jsmn_long-128-cold,735,77,638976,8192,699,1526,785,23420365,23700738,0
BT0-long,jsmn_long-128-cold,735,78,647168,8192,488,1063,548,23700739,24019198,0
BT0-long,jsmn_long-128-cold,735,79,655360,8192,692,1514,779,24019200,24304495,0
BT0-long,jsmn_long-128-cold,735,80,663552,8192,625,1361,702,24304502,24599252,0
BT0-long,jsmn_long-128-cold,735,81,671744,8192,544,1190,612,24599352,24921215,0
BT0-long,jsmn_long-128-cold,735,82,679936,8192,693,1508,779,24921315,25199643,0
BT0-long,jsmn_long-128-cold,735,83,688128,8192,454,998,511,25199649,25533005,0
BT0-long,jsmn_long-128-cold,735,84,696320,8192,741,1615,832,25533008,25811496,0
BT0-long,jsmn_long-128-cold,735,85,704512,8192,584,1273,656,25811596,26106912,0
BT0-long,jsmn_long-128-cold,735,86,712704,8192,590,1291,664,26107012,26420772,0
BT0-long,jsmn_long-128-cold,735,87,720896,8192,666,1452,748,26420778,26706483,0
BT0-long,jsmn_long-128-cold,735,88,729088,8192,480,1050,540,26706583,27036415,0
BT0-long,jsmn_long-128-cold,735,89,737280,8192,712,1553,800,27036515,27307226,0
BT0-long,jsmn_long-128-cold,735,90,745472,8192,539,1176,605,27307326,27613463,0
BT0-long,jsmn_long-128-cold,735,91,753664,8192,637,1392,717,27613464,27915761,0
BT0-long,jsmn_long-128-cold,735,92,761856,8192,645,1405,725,27915861,28200513,0
BT0-long,jsmn_long-128-cold,735,93,770048,8192,515,1128,579,28200520,28527307,0
BT0-long,jsmn_long-128-cold,735,94,778240,8192,696,1518,782,28527407,28796856,0
BT0-long,jsmn_long-128-cold,735,95,786432,8192,461,1004,518,28796956,29128010,0
BT0-long,jsmn_long-128-cold,735,96,794624,8192,731,1599,822,29128018,29409890,0
BT0-long,jsmn_long-128-cold,735,97,802816,8192,600,1308,674,29409990,29702408,0
BT0-long,jsmn_long-128-cold,735,98,811008,8192,560,1225,630,29702508,30018299,0
BT0-long,jsmn_long-128-cold,735,99,819200,8192,680,1483,764,30018399,30300357,0
BT0-long,jsmn_long-128-cold,735,100,827392,8192,474,1040,534,30300457,30632083,0
BT0-long,jsmn_long-128-cold,735,101,835584,8192,725,1568,810,30632084,30906221,0
BT0-long,jsmn_long-128-cold,735,102,843776,8192,555,1211,623,30906321,31204464,0
BT0-long,jsmn_long-128-cold,735,103,851968,8192,611,1327,685,31204465,31510245,0
BT0-long,jsmn_long-128-cold,735,104,860160,8192,648,1413,728,31510345,31792751,0
BT0-long,jsmn_long-128-cold,735,105,868352,8192,512,1120,576,31792851,32119492,0
BT0-long,jsmn_long-128-cold,735,106,876544,8192,696,1518,782,32119592,32395137,0
BT0-long,jsmn_long-128-cold,735,107,884736,8192,488,1063,548,32395237,32715181,0
BT0-long,jsmn_long-128-cold,735,108,892928,8192,704,1540,792,32715185,33007904,0
BT0-long,jsmn_long-128-cold,735,109,901120,8192,622,1358,699,33008004,33297900,0
BT0-long,jsmn_long-128-cold,735,110,909312,8192,554,1210,623,33297905,33622556,0
BT0-long,jsmn_long-128-cold,735,111,917504,8192,683,1490,766,33622656,33904043,0
BT0-long,jsmn_long-128-cold,735,112,925696,8192,448,981,506,33904045,34236115,0
BT0-long,jsmn_long-128-cold,735,113,933888,8192,763,1655,854,34236118,34518206,0
BT0-long,jsmn_long-128-cold,735,114,942080,8192,584,1273,656,34518306,34808580,0
BT0-long,jsmn_long-128-cold,735,115,950272,8192,573,1250,645,34808685,35118612,0
BT0-long,jsmn_long-128-cold,735,116,958464,8192,660,1446,742,35118618,35400581,0
BT0-long,jsmn_long-128-cold,735,117,966656,8192,487,1062,547,35400585,35731377,0
BT0-long,jsmn_long-128-cold,735,118,974848,8192,712,1553,800,35731477,36002230,0
BT0-long,jsmn_long-128-cold,735,119,983040,8192,536,1168,602,36002330,36311415,0
BT0-long,jsmn_long-128-cold,735,120,991232,8192,640,1400,720,36311520,36611882,0
BT0-long,jsmn_long-128-cold,735,121,999424,8192,637,1390,716,36611982,36901777,0
BT0-long,jsmn_long-128-cold,735,122,1007616,8192,523,1143,588,36901885,37225773,0
BT0-long,jsmn_long-128-cold,735,123,1015808,8192,696,1518,782,37225873,37501197,0
BT0-long,jsmn_long-128-cold,735,124,1024000,8192,443,966,497,37501302,37830955,0
BT0-long,jsmn_long-128-cold,735,125,1032192,8192,743,1627,837,37830956,38109744,0
BT0-long,jsmn_long-128-cold,735,126,1040384,8192,609,1326,683,38109747,38404971,0
BT0-long,jsmn_long-128-cold,735,127,1048576,8192,564,1222,631,38404973,38723639,0
BT0-long,jsmn_long-128-cold,735,128,1056768,8192,680,1483,764,38723739,39003879,0
BT0-long,jsmn_long-128-cold,735,129,1064960,8192,477,1040,537,39003979,39333842,0
BT0-long,jsmn_long-128-cold,735,130,1073152,8192,715,1563,803,39333848,39611511,0
BT0-long,jsmn_long-128-cold,735,131,1081344,8192,584,1273,656,39611611,39914400,0
BT0-long,jsmn_long-128-cold,735,132,1089536,8192,595,1303,669,39914500,40226859,0
BT0-long,jsmn_long-128-cold,735,133,1097728,8192,661,1440,743,40226860,40511399,0
BT0-long,jsmn_long-128-cold,735,134,1105920,8192,496,1085,558,40511499,40839448,0
BT0-long,jsmn_long-128-cold,735,135,1114112,8192,696,1518,782,40839548,41108199,0
BT0-long,jsmn_long-128-cold,735,136,1122304,8192,505,1099,567,41108299,41422432,0
BT0-long,jsmn_long-128-cold,735,137,1130496,8192,674,1477,758,41422435,41716339,0
BT0-long,jsmn_long-128-cold,735,138,1138688,8192,624,1360,702,41716341,42003694,0
BT0-long,jsmn_long-128-cold,735,139,1146880,8192,536,1173,602,42003695,42325498,0
BT0-long,jsmn_long-128-cold,735,140,1155072,8192,693,1510,779,42325499,42602955,0
BT0-long,jsmn_long-128-cold,735,141,1163264,8192,451,988,508,42603055,42937150,0
BT0-long,jsmn_long-128-cold,735,142,1171456,8192,741,1615,832,42937153,43209513,0
BT0-long,jsmn_long-128-cold,735,143,1179648,8192,576,1257,647,43209618,43505969,0
BT0-long,jsmn_long-128-cold,735,144,1187840,8192,584,1276,657,43505974,43819499,0
BT0-long,jsmn_long-128-cold,735,145,1196032,8192,664,1448,746,43819599,44102180,0
BT0-long,jsmn_long-128-cold,735,146,1204224,8192,496,1085,558,44102280,44435051,0
BT0-long,jsmn_long-128-cold,735,147,1212416,8192,709,1543,797,44435151,44703109,0
BT0-long,jsmn_long-128-cold,735,148,1220608,8192,510,1116,572,44703115,45009745,0
BT0-long,jsmn_long-128-cold,735,149,1228800,8192,653,1427,735,45009746,45302915,0
BT0-long,jsmn_long-128-cold,735,150,1236992,8192,632,1378,710,45303015,45593219,0
BT0-long,jsmn_long-128-cold,735,151,1245184,8192,528,1155,594,45593319,45916480,0
BT0-long,jsmn_long-128-cold,735,152,1253376,8192,680,1483,764,45916580,46188992,0
BT0-long,jsmn_long-128-cold,735,153,1261568,8192,449,983,506,46189092,46514162,0
BT0-long,jsmn_long-128-cold,735,154,1269760,8192,735,1593,821,46514167,46789472,0
BT0-long,jsmn_long-128-cold,735,155,1277952,8192,584,1273,656,46789572,47085282,0
BT0-long,jsmn_long-128-cold,735,156,1286144,8192,585,1285,659,47085382,47394107,0
BT0-long,jsmn_long-128-cold,735,157,1294336,8192,655,1423,735,47394108,47678091,0
BT0-long,jsmn_long-128-cold,735,158,1302528,8192,496,1085,558,47678191,48002480,0
BT0-long,jsmn_long-128-cold,735,159,1310720,8192,709,1543,797,48002580,48276164,0
BT0-long,jsmn_long-128-cold,735,160,1318912,8192,507,1108,569,48276170,48589873,0
BT0-long,jsmn_long-128-cold,735,161,1327104,8192,672,1470,756,48589978,48887716,0
BT0-long,jsmn_long-128-cold,735,162,1335296,8192,618,1346,694,48887816,49173800,0
BT0-long,jsmn_long-128-cold,735,163,1343488,8192,549,1192,614,49173908,49500242,0
BT0-long,jsmn_long-128-cold,735,164,1351680,8192,696,1518,782,49500342,49781862,0
BT0-long,jsmn_long-128-cold,735,165,1359872,8192,441,961,495,49781962,50114657,0
BT0-long,jsmn_long-128-cold,735,166,1368064,8192,751,1642,845,50114774,50387387,0
BT0-long,jsmn_long-128-cold,735,167,1376256,8192,600,1308,674,50387487,50682942,0
BT0-long,jsmn_long-128-cold,735,168,1384448,8192,563,1233,633,50683047,51000395,0
BT0-long,jsmn_long-128-cold,735,169,1392640,8192,677,1475,761,51000397,51282316,0
BT0-long,jsmn_long-128-cold,735,170,1400832,8192,484,1056,543,51282416,51609643,0
BT0-long,jsmn_long-128-cold,735,171,1409024,8192,712,1553,800,51609743,51884593,0
BT0-long,jsmn_long-128-cold,735,172,1417216,8192,539,1175,604,51884693,52185216,0
BT0-long,jsmn_long-128-cold,735,173,1425408,8192,629,1379,711,52185218,52486874,0
BT0-long,jsmn_long-128-cold,735,174,1433600,8192,640,1392,717,52486881,52772045,0
BT0-long,jsmn_long-128-cold,735,175,1441792,8192,512,1120,576,52772145,53097594,0
BT0-long,jsmn_long-128-cold,735,176,1449984,8192,696,1518,782,53097694,53365852,0
BT0-long,jsmn_long-128-cold,735,177,1458176,8192,421,921,474,53365957,53694989,0
BT0-long,jsmn_long-128-cold,735,178,1466368,8192,755,1647,848,53694993,53973739,0
BT0-long,jsmn_long-128-cold,735,179,1474560,8192,600,1308,674,53973839,54262443,0
BT0-long,jsmn_long-128-cold,735,180,1482752,8192,565,1236,636,54262543,54581182,0
BT0-long,jsmn_long-128-cold,735,181,1490944,8192,673,1452,749,54581190,54858175,0
BT0-long,jsmn_long-128-cold,735,182,1499136,8192,482,1053,543,54858176,55187524,0
BT0-long,jsmn_long-128-cold,735,183,1507328,8192,709,1545,796,55187532,55461035,0
BT0-long,jsmn_long-128-cold,735,184,1515520,8192,535,1166,601,55461143,55765161,0
BT0-long,jsmn_long-128-cold,735,185,1523712,8192,639,1399,719,55765164,56066503,0
BT0-long,jsmn_long-128-cold,735,186,1531904,8192,634,1381,712,56066603,56353952,0
BT0-long,jsmn_long-128-cold,735,187,1540096,8192,526,1152,592,56354060,56676815,0
BT0-long,jsmn_long-128-cold,735,188,1548288,8192,696,1518,782,56676915,56953226,0
BT0-long,jsmn_long-128-cold,735,189,1556480,8192,441,953,492,56953331,57282998,0
BT0-long,jsmn_long-128-cold,735,190,1564672,8192,741,1620,834,57282999,57558633,0
BT0-long,jsmn_long-128-cold,735,191,1572864,8192,603,1316,677,57558733,57855337,0
BT0-long,jsmn_long-128-cold,735,192,1581056,8192,557,1217,627,57855338,58169077,0
BT0-long,jsmn_long-128-cold,735,193,1589248,8192,690,1488,769,58169177,58447253,0
BT0-long,jsmn_long-128-cold,735,194,1597440,8192,480,1050,540,58447353,58776786,0
BT0-long,jsmn_long-128-cold,735,195,1605632,8192,696,1518,782,58776886,59047994,0
BT0-long,jsmn_long-128-cold,735,196,1613824,8192,543,1185,610,59048094,59353131,0
BT0-long,jsmn_long-128-cold,735,197,1622016,8192,633,1383,712,59353138,59656959,0
BT0-long,jsmn_long-128-cold,735,198,1630208,8192,637,1389,716,59657059,59941029,0
BT0-long,jsmn_long-128-cold,735,199,1638400,8192,510,1117,573,59941037,60258767,0
BT0-long,jsmn_long-128-cold,735,200,1646592,8192,699,1523,786,60258768,60537593,0
BT0-long,jsmn_long-128-cold,735,201,1654784,8192,435,950,488,60537597,60868887,0
BT0-long,jsmn_long-128-cold,735,202,1662976,8192,751,1640,845,60868888,61143585,0
BT0-long,jsmn_long-128-cold,735,203,1671168,8192,584,1273,656,61143685,61436834,0
BT0-long,jsmn_long-128-cold,735,204,1679360,8192,576,1260,648,61436934,61750072,0
BT0-long,jsmn_long-128-cold,735,205,1687552,8192,671,1453,750,61750172,62029926,0
BT0-long,jsmn_long-128-cold,735,206,1695744,8192,480,1050,540,62030026,62360671,0
BT0-long,jsmn_long-128-cold,735,207,1703936,8192,696,1518,782,62360771,62626217,0
BT0-long,jsmn_long-128-cold,735,208,1712128,8192,536,1168,602,62626317,62937975,0
BT0-long,jsmn_long-128-cold,735,209,1720320,8192,656,1435,738,62937979,63238251,0
BT0-long,jsmn_long-128-cold,735,210,1728512,8192,633,1373,709,63238351,63523112,0
BT0-long,jsmn_long-128-cold,735,211,1736704,8192,517,1130,581,63523113,63838235,0
BT0-long,jsmn_long-128-cold,735,212,1744896,8192,680,1483,764,63838335,64108386,0
BT0-long,jsmn_long-128-cold,735,213,1753088,8192,458,993,512,64108486,64436044,0
BT0-long,jsmn_long-128-cold,735,214,1761280,8192,741,1615,832,64436047,64707044,0
BT0-long,jsmn_long-128-cold,735,215,1769472,8192,577,1261,649,64707144,64996450,0
BT0-long,jsmn_long-128-cold,735,216,1777664,8192,583,1272,655,64996454,65304571,0
BT0-long,jsmn_long-128-cold,735,217,1785856,8192,664,1448,746,65304671,65582717,0
BT0-long,jsmn_long-128-cold,735,218,1794048,8192,490,1075,552,65582817,65906910,0
BT0-long,jsmn_long-128-cold,735,219,1802240,8192,696,1506,777,65906913,66169792,0
BT0-long,jsmn_long-128-cold,735,220,1810432,8192,501,1090,563,66169793,66478557,0
BT0-long,jsmn_long-128-cold,735,221,1818624,8192,656,1435,738,66478561,66755932,0
BT0-long,jsmn_long-128-cold,735,222,1826816,8192,623,1360,700,66756032,67046234,0
BT0-long,jsmn_long-128-cold,735,223,1835008,8192,553,1208,622,67046241,67360707,0
BT0-long,jsmn_long-128-cold,735,224,1843200,8192,665,1449,747,67360807,67633446,0
BT0-long,jsmn_long-128-cold,735,225,1851392,8192,479,1048,539,67633449,67962834,0
BT0-long,jsmn_long-128-cold,735,226,1859584,8192,712,1554,800,67962837,68228515,0
BT0-long,jsmn_long-128-cold,735,227,1867776,8192,557,1215,626,68228615,68522921,0
BT0-long,jsmn_long-128-cold,735,228,1875968,8192,606,1326,681,68523034,68825655,0
BT0-long,jsmn_long-128-cold,735,229,1884160,8192,648,1413,728,68825657,69105027,0
BT0-long,jsmn_long-128-cold,735,230,1892352,8192,509,1112,573,69105028,69428079,0
BT0-long,jsmn_long-128-cold,735,231,1894252,1900,68,149,77,69428179,69502263,1
BT0-long,jsmn_long-128-warm,735,0,8192,8192,771,1684,866,4084547,4372891,0
BT0-long,jsmn_long-128-warm,735,1,16384,8192,639,1379,714,4372991,4668232,0
BT0-long,jsmn_long-128-warm,735,2,24576,8192,549,1202,617,4668238,4995771,0
BT0-long,jsmn_long-128-warm,735,3,32768,8192,709,1545,797,4995773,5281910,0
BT0-long,jsmn_long-128-warm,735,4,40960,8192,451,971,501,5282010,5617503,0
BT0-long,jsmn_long-128-warm,735,5,49152,8192,764,1672,861,5617504,5899345,0
BT0-long,jsmn_long-128-warm,735,6,57344,8192,616,1343,692,5899445,6194337,0
BT0-long,jsmn_long-128-warm,735,7,65536,8192,560,1225,630,6194437,6521713,0
BT0-long,jsmn_long-128-warm,735,8,73728,8192,696,1518,782,6521813,6808464,0
BT0-long,jsmn_long-128-warm,735,9,81920,8192,457,993,512,6808564,7141060,0
BT0-long,jsmn_long-128-warm,735,10,90112,8192,757,1650,850,7141063,7424721,0
BT0-long,jsmn_long-128-warm,735,11,98304,8192,612,1333,688,7424821,7721765,0
BT0-long,jsmn_long-128-warm,735,12,106496,8192,564,1235,634,7721773,8046727,0
BT0-long,jsmn_long-128-warm,735,13,114688,8192,696,1518,782,8046827,8330269,0
BT0-long,jsmn_long-128-warm,735,14,122880,8192,464,1014,522,8330369,8664331,0
BT0-long,jsmn_long-128-warm,735,15,131072,8192,744,1624,836,8664334,8946750,0
BT0-long,jsmn_long-128-warm,735,16,139264,8192,600,1308,674,8946850,9245163,0
BT0-long,jsmn_long-128-warm,735,17,147456,8192,576,1260,648,9245263,9563734,0
BT0-long,jsmn_long-128-warm,735,18,155648,8192,681,1484,765,9563834,9852870,0
BT0-long,jsmn_long-128-warm,735,19,163840,8192,483,1058,543,9852873,10187264,0
BT0-long,jsmn_long-128-warm,735,20,172032,8192,734,1604,826,10187469,10465482,0
BT0-long,jsmn_long-128-warm,735,21,180224,8192,589,1283,661,10465483,10768671,0
BT0-long,jsmn_long-128-warm,735,22,188416,8192,609,1313,679,10768675,11089084,0
BT0-long,jsmn_long-128-warm,735,23,196608,8192,684,1475,762,11089088,11371360,0
BT0-long,jsmn_long-128-warm,735,24,204800,8192,503,1090,562,11371460,11706901,0
BT0-long,jsmn_long-128-warm,735,25,212992,8192,728,1588,818,11707001,11992440,0
BT0-long,jsmn_long-128-warm,735,26,221184,8192,584,1273,656,11992540,12295797,0
BT0-long,jsmn_long-128-warm,735,27,229376,8192,608,1330,684,12295902,12611696,0
BT0-long,jsmn_long-128-warm,735,28,237568,8192,671,1453,750,12611796,12898912,0
BT0-long,jsmn_long-128-warm,735,29,245760,8192,496,1085,558,12899012,13232171,0
BT0-long,jsmn_long-128-warm,735,30,253952,8192,712,1553,800,13232271,13504125,0
BT0-long,jsmn_long-128-warm,735,31,262144,8192,546,1193,614,13504225,13812770,0
BT0-long,jsmn_long-128-warm,735,32,270336,8192,646,1410,726,13812771,14122391,0
BT0-long,jsmn_long-128-warm,735,33,278528,8192,651,1420,730,14122491,14411730,0
BT0-long,jsmn_long-128-warm,735,34,286720,8192,517,1132,583,14411732,14742554,0
BT0-long,jsmn_long-128-warm,735,35,294912,8192,714,1559,803,14742559,15022650,0
BT0-long,jsmn_long-128-warm,735,36,303104,8192,526,1143,590,15022653,15337974,0
BT0-long,jsmn_long-128-warm,735,37,311296,8192,672,1470,756,15337978,15642475,0
BT0-long,jsmn_long-128-warm,735,38,319488,8192,648,1413,728,15642575,15932290,0
BT0-long,jsmn_long-128-warm,735,39,327680,8192,515,1128,579,15932390,16260154,0
BT0-long,jsmn_long-128-warm,735,40,335872,8192,709,1545,797,16260156,16542618,0
BT0-long,jsmn_long-128-warm,735,41,344064,8192,492,1072,552,16542718,16861511,0
BT0-long,jsmn_long-128-warm,735,42,352256,8192,700,1531,788,16861619,17154560,0
BT0-long,jsmn_long-128-warm,735,43,360448,8192,621,1354,698,17154660,17442199,0
BT0-long,jsmn_long-128-warm,735,44,368640,8192,548,1204,617,17442207,17765280,0
BT0-long,jsmn_long-128-warm,735,45,376832,8192,687,1493,771,17765281,18043904,0
BT0-long,jsmn_long-128-warm,735,46,385024,8192,451,988,508,18044004,18378467,0
BT0-long,jsmn_long-128-warm,735,47,393216,8192,752,1640,845,18378470,18656246,0
BT0-long,jsmn_long-128-warm,735,48,401408,8192,589,1283,661,18656249,18951907,0
BT0-long,jsmn_long-128-warm,735,49,409600,8192,573,1252,645,18952007,19261933,0
BT0-long,jsmn_long-128-warm,735,50,417792,8192,671,1462,752,19261940,19549746,0
BT0-long,jsmn_long-128-warm,735,51,425984,8192,483,1058,543,19549846,19879781,0
BT0-long,jsmn_long-128-warm,735,52,434176,8192,729,1589,819,19879783,20160347,0
BT0-long,jsmn_long-128-warm,735,53,442368,8192,548,1194,616,20160552,20459670,0
BT0-long,jsmn_long-128-warm,735,54,450560,8192,624,1365,702,20459770,20769113,0
BT0-long,jsmn_long-128-warm,735,55,458752,8192,648,1413,728,20769213,21052172,0
BT0-long,jsmn_long-128-warm,735,56,466944,8192,515,1125,578,21052272,21384739,0
BT0-long,jsmn_long-128-warm,735,57,475136,8192,709,1548,798,21384740,21658050,0
BT0-long,jsmn_long-128-warm,735,58,483328,8192,491,1071,551,21658150,21975108,0
BT0-long,jsmn_long-128-warm,735,59,491520,8192,688,1505,774,21975109,22270167,0
BT0-long,jsmn_long-128-warm,735,60,499712,8192,645,1405,725,22270169,22565977,0
BT0-long,jsmn_long-128-warm,735,61,507904,8192,528,1155,594,22566077,22887963,0
BT0-long,jsmn_long-128-warm,735,62,516096,8192,696,1518,782,22888063,23167579,0
BT0-long,jsmn_long-128-warm,735,63,524288,8192,435,953,490,23167679,23495858,0
BT0-long,jsmn_long-128-warm,735,64,532480,8192,757,1650,850,23495861,23774294,0
BT0-long,jsmn_long-128-warm,735,65,540672,8192,597,1298,671,23774394,24067846,0
BT0-long,jsmn_long-128-warm,735,66,548864,8192,563,1235,633,24067852,24384527,0
BT0-long,jsmn_long-128-warm,735,67,557056,8192,683,1491,767,24384627,24670663,0
BT0-long,jsmn_long-128-warm,735,68,565248,8192,477,1042,537,24670664,25001251,0
BT0-long,jsmn_long-128-warm,735,69,573440,8192,725,1578,815,25001351,25273821,0
BT0-long,jsmn_long-128-warm,735,70,581632,8192,564,1236,634,25273827,25579117,0
BT0-long,jsmn_long-128-warm,735,71,589824,8192,615,1342,691,25579121,25890232,0
BT0-long,jsmn_long-128-warm,735,72,598016,8192,650,1416,730,25890332,26174328,0
BT0-long,jsmn_long-128-warm,735,73,606208,8192,510,1117,574,26174436,26502325,0
BT0-long,jsmn_long-128-warm,735,74,614400,8192,699,1526,785,26502425,26778223,0
BT0-long,jsmn_long-128-warm,735,75,622592,8192,511,1115,575,26778225,27091410,0
BT0-long,jsmn_long-128-warm,735,76,630784,8192,678,1480,762,27091411,27385329,0
BT0-long,jsmn_long-128-warm,735,77,638976,8192,616,1343,692,27385429,27671826,0
BT0-long,jsmn_long-128-warm,735,78,647168,8192,544,1190,612,27671931,27996664,0
BT0-long,jsmn_long-128-warm,735,79,655360,8192,680,1483,764,27996764,28271171,0
BT0-long,jsmn_long-128-warm,735,80,663552,8192,451,988,508,28271271,28603186,0
BT0-long,jsmn_long-128-warm,735,81,671744,8192,741,1615,832,28603189,28873484,0
BT0-long,jsmn_long-128-warm,735,82,679936,8192,587,1281,659,28873589,29175624,0
BT0-long,jsmn_long-128-warm,735,83,688128,8192,589,1287,663,29175625,29488596,0
BT0-long,jsmn_long-128-warm,735,84,696320,8192,664,1448,746,29488696,29771676,0
BT0-long,jsmn_long-128-warm,735,85,704512,8192,480,1050,540,29771776,30099517,0
BT0-long,jsmn_long-128-warm,735,86,712704,8192,712,1553,800,30099617,30373247,0
BT0-long,jsmn_long-128-warm,735,87,720896,8192,539,1176,605,30373347,30680983,0
BT0-long,jsmn_long-128-warm,735,88,729088,8192,644,1397,721,30680984,30985149,0
BT0-long,jsmn_long-128-warm,735,89,737280,8192,645,1400,722,30985249,31269053,0
BT0-long,jsmn_long-128-warm,735,90,745472,8192,521,1138,586,31269060,31588663,0
BT0-long,jsmn_long-128-warm,735,91,753664,8192,683,1491,767,31588763,31865938,0
BT0-long,jsmn_long-128-warm,735,92,761856,8192,432,945,487,31865939,32193603,0
BT0-long,jsmn_long-128-warm,735,93,770048,8192,757,1650,850,32193702,32470795,0
BT0-long,jsmn_long-128-warm,735,94,778240,8192,600,1308,674,32470895,32765867,0
BT0-long,jsmn_long-128-warm,735,95,786432,8192,576,1260,648,32765967,33085443,0
BT0-long,jsmn_long-128-warm,735,96,794624,8192,675,1473,759,33085543,33368012,0
BT0-long,jsmn_long-128-warm,735,97,802816,8192,485,1059,545,33368015,33704056,0
BT0-long,jsmn_long-128-warm,735,98,811008,8192,712,1554,800,33704059,33979077,0
BT0-long,jsmn_long-128-warm,735,99,819200,8192,593,1286,663,33979177,34284557,0
BT0-long,jsmn_long-128-warm,735,100,827392,8192,597,1306,672,34284558,34594680,0
BT0-long,jsmn_long-128-warm,735,101,835584,8192,643,1402,722,34594685,34873380,0
BT0-long,jsmn_long-128-warm,735,102,843776,8192,509,1112,573,34873381,35202369,0
BT0-long,jsmn_long-128-warm,735,103,851968,8192,696,1518,782,35202469,35473060,0
BT0-long,jsmn_long-128-warm,735,104,860160,8192,496,1082,557,35473160,35788861,0
BT0-long,jsmn_long-128-warm,735,105,868352,8192,680,1486,765,35788866,36081663,0
BT0-long,jsmn_long-128-warm,735,106,876544,8192,621,1355,698,36081763,36371482,0
BT0-long,jsmn_long-128-warm,735,107,884736,8192,542,1186,609,36371590,36694006,0
BT0-long,jsmn_long-128-warm,735,108,892928,8192,693,1510,779,36694008,36973581,0
BT0-long,jsmn_long-128-warm,735,109,901120,8192,448,979,504,36973681,37301465,0
BT0-long,jsmn_long-128-warm,735,110,909312,8192,731,1597,821,37301564,37576419,0
BT0-long,jsmn_long-128-warm,735,111,917504,8192,597,1300,671,37576421,37875140,0
BT0-long,jsmn_long-128-warm,735,112,925696,8192,579,1268,651,37875240,38190386,0
BT0-long,jsmn_long-128-warm,735,113,933888,8192,684,1480,765,38190388,38473549,0
BT0-long,jsmn_long-128-warm,735,114,942080,8192,480,1050,540,38473649,38804266,0
BT0-long,jsmn_long-128-warm,735,115,950272,8192,712,1553,800,38804366,39076078,0
BT0-long,jsmn_long-128-warm,735,116,958464,8192,540,1177,606,39076178,39384306,0
BT0-long,jsmn_long-128-warm,735,117,966656,8192,644,1410,725,39384511,39690019,0
BT0-long,jsmn_long-128-warm,735,118,974848,8192,643,1402,722,39690024,39979769,0
BT0-long,jsmn_long-128-warm,735,119,983040,8192,525,1147,591,39979770,40307045,0
BT0-long,jsmn_long-128-warm,735,120,991232,8192,696,1518,782,40307145,40581298,0
BT0-long,jsmn_long-128-warm,735,121,999424,8192,465,1018,523,40581403,40905437,0
BT0-long,jsmn_long-128-warm,735,122,1007616,8192,708,1542,796,40905438,41182507,0
BT0-long,jsmn_long-128-warm,735,123,1015808,8192,603,1316,677,41182514,41475535,0
BT0-long,jsmn_long-128-warm,735,124,1024000,8192,560,1225,630,41475635,41795831,0
BT0-long,jsmn_long-128-warm,735,125,1032192,8192,667,1456,749,41795931,42073324,0
BT0-long,jsmn_long-128-warm,735,126,1040384,8192,477,1042,537,42073325,42406296,0
BT0-long,jsmn_long-128-warm,735,127,1048576,8192,728,1588,818,42406396,42679407,0
BT0-long,jsmn_long-128-warm,735,128,1056768,8192,554,1206,622,42679507,42980903,0
BT0-long,jsmn_long-128-warm,735,129,1064960,8192,617,1352,695,42981011,43287787,0
BT0-long,jsmn_long-128-warm,735,130,1073152,8192,649,1413,729,43287790,43570640,0
BT0-long,jsmn_long-128-warm,735,131,1081344,8192,500,1095,562,43570648,43899924,0
BT0-long,jsmn_long-128-warm,735,132,1089536,8192,712,1553,800,43900024,44175644,0
BT0-long,jsmn_long-128-warm,735,133,1097728,8192,498,1088,560,44175744,44492453,0
BT0-long,jsmn_long-128-warm,735,134,1105920,8192,678,1480,762,44492461,44778665,0
BT0-long,jsmn_long-128-warm,735,135,1114112,8192,614,1337,690,44778765,45066911,0
BT0-long,jsmn_long-128-warm,735,136,1122304,8192,539,1186,607,45066915,45381965,0
BT0-long,jsmn_long-128-warm,735,137,1130496,8192,685,1489,769,45381968,45662775,0
BT0-long,jsmn_long-128-warm,735,138,1138688,8192,466,1018,524,45662781,45995118,0
BT0-long,jsmn_long-128-warm,735,139,1146880,8192,712,1554,800,45995121,46260513,0
BT0-long,jsmn_long-128-warm,735,140,1155072,8192,560,1211,625,46260613,46559625,0
BT0-long,jsmn_long-128-warm,735,141,1163264,8192,611,1338,687,46559725,46869022,0
BT0-long,jsmn_long-128-warm,735,142,1171456,8192,645,1405,725,46869023,47150832,0
BT0-long,jsmn_long-128-warm,735,143,1179648,8192,512,1120,576,47150932,47474527,0
BT0-long,jsmn_long-128-warm,735,144,1187840,8192,696,1518,782,47474627,47749782,0
BT0-long,jsmn_long-128-warm,735,145,1196032,8192,464,1014,523,47749882,48070324,0
BT0-long,jsmn_long-128-warm,735,146,1204224,8192,712,1554,799,48070331,48355453,0
BT0-long,jsmn_long-128-warm,735,147,1212416,8192,616,1343,692,48355553,48647551,0
BT0-long,jsmn_long-128-warm,735,148,1220608,8192,560,1225,630,48647651,48967024,0
BT0-long,jsmn_long-128-warm,735,149,1228800,8192,664,1448,746,48967124,49245289,0
BT0-long,jsmn_long-128-warm,735,150,1236992,8192,487,1054,544,49245389,49579076,0
BT0-long,jsmn_long-128-warm,735,151,1245184,8192,728,1589,818,49579079,49855929,0
BT0-long,jsmn_long-128-warm,735,152,1253376,8192,584,1273,656,49856029,50157054,0
BT0-long,jsmn_long-128-warm,735,153,1261568,8192,586,1285,660,50157154,50466445,0
BT0-long,jsmn_long-128-warm,735,154,1269760,8192,657,1428,736,50466453,50750607,0
BT0-long,jsmn_long-128-warm,735,155,1277952,8192,497,1089,560,50750608,51080229,0
BT0-long,jsmn_long-128-warm,735,156,1286144,8192,708,1544,796,51080434,51355899,0
BT0-long,jsmn_long-128-warm,735,157,1294336,8192,527,1147,590,51355999,51664953,0
BT0-long,jsmn_long-128-warm,735,158,1302528,8192,653,1427,735,51664955,51960768,0
BT0-long,jsmn_long-128-warm,735,159,1310720,8192,632,1378,710,51960868,52247071,0
BT0-long,jsmn_long-128-warm,735,160,1318912,8192,528,1155,594,52247171,52565617,0
BT0-long,jsmn_long-128-warm,735,161,1327104,8192,680,1483,764,52565717,52844130,0
BT0-long,jsmn_long-128-warm,735,162,1335296,8192,451,988,508,52844230,53172876,0
BT0-long,jsmn_long-128-warm,735,163,1343488,8192,728,1588,817,53172975,53442270,0
BT0-long,jsmn_long-128-warm,735,164,1351680,8192,581,1265,653,53442271,53738754,0
BT0-long,jsmn_long-128-warm,735,165,1359872,8192,592,1295,666,53738854,54050697,0
BT0-long,jsmn_long-128-warm,735,166,1368064,8192,654,1428,735,54050797,54330841,0
BT0-long,jsmn_long-128-warm,735,167,1376256,8192,493,1078,554,54330846,54660216,0
BT0-long,jsmn_long-128-warm,735,168,1384448,8192,720,1552,803,54660217,54929922,0
BT0-long,jsmn_long-128-warm,735,169,1392640,8192,507,1105,568,54930022,55243079,0
BT0-long,jsmn_long-128-warm,735,170,1400832,8192,669,1463,754,55243081,55536570,0
BT0-long,jsmn_long-128-warm,735,171,1409024,8192,616,1343,692,55536670,55826035,0
BT0-long,jsmn_long-128-warm,735,172,1417216,8192,544,1190,612,55826135,56146113,0
BT0-long,jsmn_long-128-warm,735,173,1425408,8192,680,1483,764,56146213,56422937,0
BT0-long,jsmn_long-128-warm,735,174,1433600,8192,451,988,508,56423037,56754857,0
BT0-long,jsmn_long-128-warm,735,175,1441792,8192,740,1610,829,56754860,57029207,0
BT0-long,jsmn_long-128-warm,735,176,1449984,8192,578,1256,648,57029210,57326846,0
BT0-long,jsmn_long-128-warm,735,177,1458176,8192,589,1287,663,57326847,57635894,0
BT0-long,jsmn_long-128-warm,735,178,1466368,8192,659,1438,741,57635994,57920273,0
BT0-long,jsmn_long-128-warm,735,179,1474560,8192,490,1072,551,57920274,58249262,0
BT0-long,jsmn_long-128-warm,735,180,1482752,8192,717,1546,799,58249370,58524199,0
BT0-long,jsmn_long-128-warm,735,181,1490944,8192,507,1103,568,58524299,58830223,0
BT0-long,jsmn_long-128-warm,735,182,1499136,8192,669,1465,754,58830224,59124329,0
BT0-long,jsmn_long-128-warm,735,183,1507328,8192,619,1351,695,59124429,59415329,0
BT0-long,jsmn_long-128-warm,735,184,1515520,8192,541,1182,609,59415331,59734393,0
BT0-long,jsmn_long-128-warm,735,185,1523712,8192,680,1483,764,59734493,60011857,0
BT0-long,jsmn_long-128-warm,735,186,1531904,8192,448,979,504,60011957,60336484,0
BT0-long,jsmn_long-128-warm,735,187,1540096,8192,728,1589,818,60336487,60612907,0
BT0-long,jsmn_long-128-warm,735,188,1548288,8192,585,1274,657,60613007,60913829,0
BT0-long,jsmn_long-128-warm,735,189,1556480,8192,591,1294,665,60913832,61221619,0
BT0-long,jsmn_long-128-warm,735,190,1564672,8192,648,1413,728,61221719,61503935,0
BT0-long,jsmn_long-128-warm,735,191,1572864,8192,503,1090,562,61504035,61832981,0
BT0-long,jsmn_long-128-warm,735,192,1581056,8192,705,1543,793,61833081,62104799,0
BT0-long,jsmn_long-128-warm,735,193,1589248,8192,498,1081,558,62104800,62417514,0
BT0-long,jsmn_long-128-warm,735,194,1597440,8192,666,1452,750,62417515,62701110,0
BT0-long,jsmn_long-128-warm,735,195,1605632,8192,622,1361,698,62701116,62998684,0
BT0-long,jsmn_long-128-warm,735,196,1613824,8192,541,1182,609,62998686,63318585,0
BT0-long,jsmn_long-128-warm,735,197,1622016,8192,686,1488,768,63318685,63591115,0
BT0-long,jsmn_long-128-warm,735,198,1630208,8192,464,1014,522,63591215,63916113,0
BT0-long,jsmn_long-128-warm,735,199,1638400,8192,719,1559,804,63916212,64183083,0
BT0-long,jsmn_long-128-warm,735,200,1646592,8192,568,1238,638,64183183,64478772,0
BT0-long,jsmn_long-128-warm,735,201,1654784,8192,608,1330,684,64478872,64782537,0
BT0-long,jsmn_long-128-warm,735,202,1662976,8192,638,1391,717,64782637,65060630,0
BT0-long,jsmn_long-128-warm,735,203,1671168,8192,506,1107,569,65060634,65382061,0
BT0-long,jsmn_long-128-warm,735,204,1679360,8192,706,1543,794,65382161,65654639,0
BT0-long,jsmn_long-128-warm,735,205,1687552,8192,468,1016,525,65654647,65969045,0
BT0-long,jsmn_long-128-warm,735,206,1695744,8192,705,1532,789,65969049,66242560,0
BT0-long,jsmn_long-128-warm,735,207,1703936,8192,587,1281,659,66242660,66528136,0
BT0-long,jsmn_long-128-warm,735,208,1712128,8192,557,1217,627,66528138,66833304,0
BT0-long,jsmn_long-128-warm,735,209,1720320,8192,669,1459,752,66833404,67113069,0
BT0-long,jsmn_long-128-warm,735,210,1728512,8192,491,1074,552,67113077,67440147,0
BT0-long,jsmn_long-128-warm,735,211,1736704,8192,706,1543,794,67440252,67706250,0
BT0-long,jsmn_long-128-warm,735,212,1744896,8192,548,1191,615,67706251,68010518,0
BT0-long,jsmn_long-128-warm,735,213,1753088,8192,618,1352,695,68010522,68305387,0
BT0-long,jsmn_long-128-warm,735,214,1761280,8192,636,1387,714,68305487,68585684,0
BT0-long,jsmn_long-128-warm,735,215,1769472,8192,524,1146,590,68585889,68905566,0
BT0-long,jsmn_long-128-warm,735,216,1777664,8192,685,1495,770,68905666,69176164,0
BT0-long,jsmn_long-128-warm,735,217,1785828,8164,431,942,485,69176272,69502263,1
BT0-long,miniz_long-128-cold,735,0,8192,8192,314,180,321,3452,298439,0
BT0-long,miniz_long-128-cold,735,1,16384,8192,1197,2017,1478,298442,596736,0
BT0-long,miniz_long-128-cold,735,2,24576,8192,473,473,495,596742,886880,0
BT0-long,miniz_long-128-cold,735,3,32768,8192,1000,1510,1192,886986,1164527,0
BT0-long,miniz_long-128-cold,735,4,40960,8192,669,993,773,1164528,1440913,0
BT0-long,miniz_long-128-cold,735,5,49152,8192,756,1017,931,1441019,1761598,0
BT0-long,miniz_long-128-cold,735,6,57344,8192,900,1488,1085,1761603,2046820,0
BT0-long,miniz_long-128-cold,735,7,65536,8192,544,531,631,2046823,2345739,0
BT0-long,miniz_long-128-cold,735,8,73728,8192,1203,2099,1457,2345742,2660443,0
BT0-long,miniz_long-128-cold,735,9,81920,8192,291,40,303,2660446,2916121,0
BT0-long,miniz_long-128-cold,735,10,90112,8192,1467,2552,1796,2916123,3260482,0
BT0-long,miniz_long-128-cold,735,11,98304,8192,240,29,244,3260487,3497655,0
BT0-long,miniz_long-128-cold,735,12,106496,8192,1310,2423,1605,3497764,3850816,0
BT0-long,miniz_long-128-cold,735,13,114688,8192,260,109,271,3850819,4076481,0
BT0-long,miniz_long-128-cold,735,14,122880,8192,1441,2412,1739,4076587,4431842,0
BT0-long,miniz_long-128-cold,735,15,131072,8192,255,129,261,4431948,4676942,0
BT0-long,miniz_long-128-cold,735,16,139264,8192,1462,2438,1793,4676945,5015085,0
BT0-long,miniz_long-128-cold,735,17,147456,8192,283,129,294,5015088,5304268,0
BT0-long,miniz_long-128-cold,735,18,155648,8192,1517,2411,1813,5304271,5641605,0
BT0-long,miniz_long-128-cold,735,19,163840,8192,284,137,299,5641608,5916380,0
BT0-long,miniz_long-128-cold,735,20,172032,8192,1513,2426,1789,5916383,6255808,0
BT0-long,miniz_long-128-cold,735,21,180224,8192,296,156,303,6256171,6544662,0
BT0-long,miniz_long-128-cold,735,22,188416,8192,1235,1986,1513,6544665,6838347,0
BT0-long,miniz_long-128-cold,735,23,196608,8192,541,619,589,6838361,7147092,0
BT0-long,miniz_long-128-cold,735,24,204800,8192,907,1270,1102,7147198,7445420,0
BT0-long,miniz_long-128-cold,735,25,212992,8192,843,1313,981,7445633,7735044,0
BT0-long,miniz_long-128-cold,735,26,221184,8192,607,555,683,7735047,8036232,0
BT0-long,miniz_long-128-cold,735,27,229376,8192,1215,1969,1425,8036234,8350319,0
BT0-long,miniz_long-128-cold,735,28,237568,8192,305,26,310,8350322,8596735,0
BT0-long,miniz_long-128-cold,735,29,245760,8192,1479,2605,1832,8596841,8932843,0
BT0-long,miniz_long-128-cold,735,30,253952,8192,199,32,204,8932851,9159022,0
BT0-long,miniz_long-128-cold,735,31,262144,8192,1436,2385,1732,9159128,9514748,0
BT0-long,miniz_long-128-cold,735,32,270336,8192,254,134,274,9514854,9728106,0
BT0-long,miniz_long-128-cold,735,33,278528,8192,1535,2506,1832,9728117,10074794,0
BT0-long,miniz_long-128-cold,735,34,286720,8192,270,121,279,10074797,10363215,0
BT0-long,miniz_long-128-cold,735,35,294912,8192,1546,2528,1885,10363218,10714003,0
BT0-long,miniz_long-128-cold,735,36,303104,8192,285,145,298,10714107,11015290,0
BT0-long,miniz_long-128-cold,735,37,311296,8192,1557,2442,1831,11015293,11355159,0
BT0-long,miniz_long-128-cold,735,38,319488,8192,292,138,293,11355166,11643256,0
BT0-long,miniz_long-128-cold,735,39,327680,8192,1258,1956,1493,11643259,11940818,0
BT0-long,miniz_long-128-cold,735,40,335872,8192,593,687,641,11940930,12237490,0
BT0-long,miniz_long-128-cold,735,41,344064,8192,904,1265,1071,12237495,12533361,0
BT0-long,miniz_long-128-cold,735,42,352256,8192,872,1374,1014,12533377,12826780,0
BT0-long,miniz_long-128-cold,735,43,360448,8192,579,585,677,12826783,13144733,0
BT0-long,miniz_long-128-cold,735,44,368640,8192,1220,2014,1444,13144736,13472448,0
BT0-long,miniz_long-128-cold,735,45,376832,8192,294,40,305,13472451,13754405,0
BT0-long,miniz_long-128-cold,735,46,385024,8192,1567,2632,1885,13754512,14103611,0
BT0-long,miniz_long-128-cold,735,47,393216,8192,202,29,206,14103616,14328116,0
BT0-long,miniz_long-128-cold,735,48,401408,8192,1465,2468,1735,14328222,14690300,0
BT0-long,miniz_long-128-cold,735,49,409600,8192,259,118,265,14690305,14913132,0
BT0-long,miniz_long-128-cold,735,50,417792,8192,1471,2433,1787,14913143,15249707,0
BT0-long,miniz_long-128-cold,735,51,425984,8192,287,138,296,15249710,15537476,0
BT0-long,miniz_long-128-cold,735,52,434176,8192,1515,2537,1851,15537479,15881494,0
BT0-long,miniz_long-128-cold,735,53,442368,8192,303,161,324,15881497,16157440,0
BT0-long,miniz_long-128-cold,735,54,450560,8192,1509,2412,1830,16157443,16477859,0
BT0-long,miniz_long-128-cold,735,55,458752,8192,364,190,365,16477952,16783810,0
BT0-long,miniz_long-128-cold,735,56,466944,8192,1115,1617,1346,16783813,17068175,0
BT0-long,miniz_long-128-cold,735,57,475136,8192,722,1032,833,17068181,17353389,0
BT0-long,miniz_long-128-cold,735,58,483328,8192,782,853,861,17353502,17663790,0
BT0-long,miniz_long-128-cold,735,59,491520,8192,1091,1760,1273,17663895,17963481,0
BT0-long,miniz_long-128-cold,735,60,499712,8192,406,258,452,17963484,18261635,0
BT0-long,miniz_long-128-cold,735,61,507904,8192,1345,2319,1628,18261843,18584818,0
BT0-long,miniz_long-128-cold,735,62,516096,8192,268,26,272,18584821,18833175,0
BT0-long,miniz_long-128-cold,735,63,524288,8192,1432,2534,1755,18833178,19203459,0
BT0-long,miniz_long-128-cold,735,64,532480,8192,242,80,255,19203574,19416407,0
BT0-long,miniz_long-128-cold,735,65,540672,8192,1471,2525,1803,19416413,19766899,0
BT0-long,miniz_long-128-cold,735,66,548864,8192,264,124,268,19767005,20025457,0
BT0-long,miniz_long-128-cold,735,67,557056,8192,1545,2493,1836,20025460,20370133,0
BT0-long,miniz_long-128-cold,735,68,565248,8192,289,129,293,20370136,20657484,0
BT0-long,miniz_long-128-cold,735,69,573440,8192,1519,2524,1827,20657588,20989009,0
BT0-long,miniz_long-128-cold,735,70,581632,8192,282,129,291,20989012,21289115,0
BT0-long,miniz_long-128-cold,735,71,589824,8192,1369,2158,1667,21289118,21600970,0
BT0-long,miniz_long-128-cold,735,72,598016,8192,496,524,535,21600971,21899752,0
BT0-long,miniz_long-128-cold,735,73,606208,8192,996,1386,1182,21899858,22198681,0
BT0-long,miniz_long-128-cold,735,74,614400,8192,851,1351,1020,22198793,22491674,0
BT0-long,miniz_long-128-cold,735,75,622592,8192,576,515,665,22491677,22780233,0
BT0-long,miniz_long-128-cold,735,76,630784,8192,1259,2110,1506,22780337,23096262,0
BT0-long,miniz_long-128-cold,735,77,638976,8192,272,26,276,23096265,23360855,0
BT0-long,miniz_long-128-cold,735,78,647168,8192,1551,2626,1873,23360961,23733367,0
BT0-long,miniz_long-128-cold,735,79,655360,8192,227,60,242,23733370,23942218,0
BT0-long,miniz_long-128-cold,735,80,663552,8192,1541,2587,1819,23942324,24277174,0
BT0-long,miniz_long-128-cold,735,81,671744,8192,274,126,291,24277280,24569593,0
BT0-long,miniz_long-128-cold,735,82,679936,8192,1603,2592,1936,24569596,24921258,0
BT0-long,miniz_long-128-cold,735,83,688128,8192,298,113,306,24921261,25209462,0
BT0-long,miniz_long-128-cold,735,84,696320,8192,1544,2429,1853,25209465,25538612,0
BT0-long,miniz_long-128-cold,735,85,704512,8192,356,179,361,25538735,25831236,0
BT0-long,miniz_long-128-cold,735,86,712704,8192,1115,1662,1318,25831239,26116006,0
BT0-long,miniz_long-128-cold,735,87,720896,8192,777,1071,880,26116140,26394075,0
BT0-long,miniz_long-128-cold,735,88,729088,8192,700,729,791,26394078,26719054,0
BT0-long,miniz_long-128-cold,735,89,737280,8192,1199,1953,1398,26719060,27030664,0
BT0-long,miniz_long-128-cold,735,90,745472,8192,317,62,331,27030667,27317450,0
BT0-long,miniz_long-128-cold,735,91,753664,8192,1610,2547,1881,27317454,27663968,0
BT0-long,miniz_long-128-cold,735,92,761856,8192,207,29,212,27663973,27885860,0
BT0-long,miniz_long-128-cold,735,93,770048,8192,1472,2501,1748,27885966,28244703,0
BT0-long,miniz_long-128-cold,735,94,778240,8192,265,124,272,28244809,28475476,0
BT0-long,miniz_long-128-cold,735,95,786432,8192,1535,2466,1867,28475491,28821894,0
BT0-long,miniz_long-128-cold,735,96,794624,8192,323,150,322,28821897,29111750,0
BT0-long,miniz_long-128-cold,735,97,802816,8192,1625,2483,1900,29111753,29461335,0
BT0-long,miniz_long-128-cold,735,98,811008,8192,297,136,298,29461338,29735947,0
BT0-long,miniz_long-128-cold,735,99,819200,8192,1271,1980,1534,29735950,30033917,0
BT0-long,miniz_long-128-cold,735,100,827392,8192,610,747,662,30033932,30323836,0
BT0-long,miniz_long-128-cold,735,101,835584,8192,826,996,948,30323942,30624062,0
BT0-long,miniz_long-128-cold,735,102,843776,8192,1023,1659,1220,30624074,30929889,0
BT0-long,miniz_long-128-cold,735,103,851968,8192,447,322,493,30929993,31231812,0
BT0-long,miniz_long-128-cold,735,104,860160,8192,1434,2370,1719,31231928,31586354,0
BT0-long,miniz_long-128-cold,735,105,868352,8192,244,26,248,31586357,31832483,0
BT0-long,miniz_long-128-cold,735,106,876544,8192,1438,2474,1738,31832489,32175590,0
BT0-long,miniz_long-128-cold,735,107,884736,8192,280,155,305,32175696,32392873,0
BT0-long,miniz_long-128-cold,735,108,892928,8192,1615,2528,1917,32392880,32738381,0
BT0-long,miniz_long-128-cold,735,109,901120,8192,290,121,296,32738384,33026327,0
BT0-long,miniz_long-128-cold,735,110,909312,8192,1632,2585,1911,33026330,33375845,0
BT0-long,miniz_long-128-cold,735,111,917504,8192,281,128,297,33375848,33664148,0
BT0-long,miniz_long-128-cold,735,112,925696,8192,1405,2198,1682,33664151,33974286,0
BT0-long,miniz_long-128-cold,735,113,933888,8192,494,459,520,33974302,34284612,0
BT0-long,miniz_long-128-cold,735,114,942080,8192,962,1308,1141,34284718,34576653,0
BT0-long,miniz_long-128-cold,735,115,950272,8192,927,1342,1068,34576770,34871748,0
BT0-long,miniz_long-128-cold,735,116,958464,8192,568,439,633,34871751,35182398,0
BT0-long,miniz_long-128-cold,735,117,966656,8192,1426,2287,1651,35182403,35513549,0
BT0-long,miniz_long-128-cold,735,118,974848,8192,266,26,270,35513552,35761920,0
BT0-long,miniz_long-128-cold,735,119,983040,8192,1465,2587,1788,35762028,36123142,0
BT0-long,miniz_long-128-cold,735,120,991232,8192,262,139,274,36123248,36342287,0
BT0-long,miniz_long-128-cold,735,121,999424,8192,1571,2497,1896,36342290,36687334,0
BT0-long,miniz_long-128-cold,735,122,1007616,8192,304,138,320,36687337,36991297,0
BT0-long,miniz_long-128-cold,735,123,1015808,8192,1647,2596,1964,36991300,37348102,0
BT0-long,miniz_long-128-cold,735,124,1024000,8192,313,136,312,37348105,37649811,0
BT0-long,miniz_long-128-cold,735,125,1032192,8192,1298,2019,1554,37649814,37947600,0
BT0-long,miniz_long-128-cold,735,126,1040384,8192,583,674,646,37947717,38239540,0
BT0-long,miniz_long-128-cold,735,127,1048576,8192,844,1149,1007,38239545,38539724,0
BT0-long,miniz_long-128-cold,735,128,1056768,8192,1040,1549,1175,38539731,38833887,0
BT0-long,miniz_long-128-cold,735,129,1064960,8192,449,216,486,38833890,39131695,0
BT0-long,miniz_long-128-cold,735,130,1073152,8192,1463,2489,1746,39131799,39483856,0
BT0-long,miniz_long-128-cold,735,131,1081344,8192,256,29,261,39483861,39718226,0
BT0-long,miniz_long-128-cold,735,132,1089536,8192,1487,2612,1802,39718332,40064080,0
BT0-long,miniz_long-128-cold,735,133,1097728,8192,268,125,280,40064186,40299997,0
BT0-long,miniz_long-128-cold,735,134,1105920,8192,1686,2612,1972,40300000,40652284,0
BT0-long,miniz_long-128-cold,735,135,1114112,8192,280,121,287,40652287,40939759,0
BT0-long,miniz_long-128-cold,735,136,1122304,8192,1588,2506,1942,40939762,41284378,0
BT0-long,miniz_long-128-cold,735,137,1130496,8192,315,153,322,41284381,41577149,0
BT0-long,miniz_long-128-cold,735,138,1138688,8192,1196,1808,1430,41577152,41866454,0
BT0-long,miniz_long-128-cold,735,139,1146880,8192,632,797,714,41866470,42153380,0
BT0-long,miniz_long-128-cold,735,140,1155072,8192,831,992,966,42153489,42456169,0
BT0-long,miniz_long-128-cold,735,141,1163264,8192,1042,1656,1228,42456284,42753266,0
BT0-long,miniz_long-128-cold,735,142,1171456,8192,414,240,461,42753269,43050796,0
BT0-long,miniz_long-128-cold,735,143,1179648,8192,1491,2437,1741,43050802,43400869,0
BT0-long,miniz_long-128-cold,735,144,1187840,8192,255,26,260,43400872,43636320,0
BT0-long,miniz_long-128-cold,735,145,1196032,8192,1547,2610,1834,43636330,43982708,0
BT0-long,miniz_long-128-cold,735,146,1204224,8192,247,118,266,43982814,44203418,0
BT0-long,miniz_long-128-cold,735,147,1212416,8192,1634,2530,1928,44203429,44556531,0
BT0-long,miniz_long-128-cold,735,148,1220608,8192,289,129,297,44556534,44818415,0
BT0-long,miniz_long-128-cold,735,149,1228800,8192,1638,2636,1947,44818418,45165059,0
BT0-long,miniz_long-128-cold,735,150,1236992,8192,350,193,364,45165062,45471788,0
BT0-long,miniz_long-128-cold,735,151,1245184,8192,1125,1717,1356,45471892,45757253,0
BT0-long,miniz_long-128-cold,735,152,1253376,8192,739,1025,858,45757259,46034515,0
BT0-long,miniz_long-128-cold,735,153,1261568,8192,699,662,780,46034518,46357006,0
BT0-long,miniz_long-128-cold,735,154,1269760,8192,1292,1957,1449,46357014,46669935,0
BT0-long,miniz_long-128-cold,735,155,1277952,8192,306,26,311,46669938,46939930,0
BT0-long,miniz_long-128-cold,735,156,1286144,8192,1511,2586,1827,46940036,47292142,0
BT0-long,miniz_long-128-cold,735,157,1294336,8192,230,89,245,47292250,47502516,0
BT0-long,miniz_long-128-cold,735,158,1302528,8192,1558,2541,1864,47502622,47837666,0
BT0-long,miniz_long-128-cold,735,159,1310720,8192,304,134,325,47837772,48103666,0
BT0-long,miniz_long-128-cold,735,160,1318912,8192,1626,2553,1907,48103669,48444098,0
BT0-long,miniz_long-128-cold,735,161,1327104,8192,306,161,317,48444101,48746067,0
BT0-long,miniz_long-128-cold,735,162,1335296,8192,1437,2293,1715,48746070,49061128,0
BT0-long,miniz_long-128-cold,735,163,1343488,8192,411,319,423,49061131,49387601,0
BT0-long,miniz_long-128-cold,735,164,1351680,8192,1045,1475,1225,49387608,49665679,0
BT0-long,miniz_long-128-cold,735,165,1359872,8192,852,1234,968,49665685,49951757,0
BT0-long,miniz_long-128-cold,735,166,1368064,8192,627,548,702,49951760,50269572,0
BT0-long,miniz_long-128-cold,735,167,1376256,8192,1301,2075,1511,50269578,50586566,0
BT0-long,miniz_long-128-cold,735,168,1384448,8192,278,26,282,50586569,50852279,0
BT0-long,miniz_long-128-cold,735,169,1392640,8192,1464,2542,1787,50852385,51224547,0
BT0-long,miniz_long-128-cold,735,170,1400832,8192,214,59,222,51224553,51438805,0
BT0-long,miniz_long-128-cold,735,171,1409024,8192,1561,2558,1849,51438914,51771873,0
BT0-long,miniz_long-128-cold,735,172,1417216,8192,281,133,288,51771979,52048517,0
BT0-long,miniz_long-128-cold,735,173,1425408,8192,1698,2633,1996,52048520,52402924,0
BT0-long,miniz_long-128-cold,735,174,1433600,8192,295,137,300,52402927,52703634,0
BT0-long,miniz_long-128-cold,735,175,1441792,8192,1487,2310,1782,52703637,53022728,0
BT0-long,miniz_long-128-cold,735,176,1449984,8192,425,378,453,53022729,53304121,0
BT0-long,miniz_long-128-cold,735,177,1458176,8192,1024,1386,1205,53304126,53586341,0
BT0-long,miniz_long-128-cold,735,178,1466368,8192,927,1362,1059,53586343,53883432,0
BT0-long,miniz_long-128-cold,735,179,1474560,8192,560,419,623,53883435,54191824,0
BT0-long,miniz_long-128-cold,735,180,1482752,8192,1366,2286,1634,54191830,54537067,0
BT0-long,miniz_long-128-cold,735,181,1490944,8192,274,26,279,54537070,54785484,0
BT0-long,miniz_long-128-cold,735,182,1499136,8192,1504,2538,1785,54785487,55146306,0
BT0-long,miniz_long-128-cold,735,183,1507328,8192,256,122,273,55146412,55370177,0
BT0-long,miniz_long-128-cold,735,184,1515520,8192,1637,2619,1973,55370180,55718713,0
BT0-long,miniz_long-128-cold,735,185,1523712,8192,313,145,308,55718716,56007629,0
BT0-long,miniz_long-128-cold,735,186,1531904,8192,1592,2548,1929,56007632,56361658,0
BT0-long,miniz_long-128-cold,735,187,1540096,8192,304,128,304,56361661,56650339,0
BT0-long,miniz_long-128-cold,735,188,1548288,8192,1347,1959,1568,56650342,56954781,0
BT0-long,miniz_long-128-cold,735,189,1556480,8192,629,822,715,56954789,57236400,0
BT0-long,miniz_long-128-cold,735,190,1564672,8192,830,957,952,57236506,57543514,0
BT0-long,miniz_long-128-cold,735,191,1572864,8192,1161,1711,1332,57543722,57848875,0
BT0-long,miniz_long-128-cold,735,192,1581056,8192,343,80,360,57848878,58137976,0
BT0-long,miniz_long-128-cold,735,193,1589248,8192,1559,2552,1867,58137981,58484850,0
BT0-long,miniz_long-128-cold,735,194,1597440,8192,206,29,211,58484855,58701352,0
BT0-long,miniz_long-128-cold,735,195,1605632,8192,1582,2783,1909,58701458,59039400,0
BT0-long,miniz_long-128-cold,735,196,1613824,8192,261,124,281,59039506,59312528,0
BT0-long,miniz_long-128-cold,735,197,1622016,8192,1688,2683,2021,59312531,59671088,0
BT0-long,miniz_long-128-cold,735,198,1630208,8192,295,134,303,59671091,59945564,0
BT0-long,miniz_long-128-cold,735,199,1638400,8192,1606,2463,1911,59945567,60274475,0
BT0-long,miniz_long-128-cold,735,200,1646592,8192,392,259,397,60274592,60588972,0
BT0-long,miniz_long-128-cold,735,201,1654784,8192,1043,1470,1218,60588975,60859693,0
BT0-long,miniz_long-128-cold,735,202,1662976,8192,852,1281,989,60859697,61150225,0
BT0-long,miniz_long-128-cold,735,203,1671168,8192,601,541,687,61150228,61466229,0
BT0-long,miniz_long-128-cold,735,204,1679360,8192,1369,2180,1608,61466336,61803094,0
BT0-long,miniz_long-128-cold,735,205,1687552,8192,288,26,293,61803097,62053809,0
BT0-long,miniz_long-128-cold,735,206,1695744,8192,1492,2511,1770,62053816,62435250,0
BT0-long,miniz_long-128-cold,735,207,1703936,8192,267,121,289,62435361,62645401,0
BT0-long,miniz_long-128-cold,735,208,1712128,8192,1567,2575,1905,62645407,62979073,0
BT0-long,miniz_long-128-cold,735,209,1720320,8192,307,129,305,62979076,63281647,0
BT0-long,miniz_long-128-cold,735,210,1728512,8192,1543,2507,1899,63281751,63633270,0
BT0-long,miniz_long-128-cold,735,211,1736704,8192,287,112,292,63633374,63933637,0
BT0-long,miniz_long-128-cold,735,212,1744896,8192,1421,2274,1711,63933640,64246375,0
BT0-long,miniz_long-128-cold,735,213,1753088,8192,482,499,532,64246386,64537980,0
BT0-long,miniz_long-128-cold,735,214,1761280,8192,968,1307,1140,64538086,64824276,0
BT0-long,miniz_long-128-cold,735,215,1769472,8192,932,1444,1099,64824284,65123162,0
BT0-long,miniz_long-128-cold,735,216,1777664,8192,546,382,608,65123165,65430585,0
BT0-long,miniz_long-128-cold,735,217,1785856,8192,1431,2439,1705,65430596,65770229,0
BT0-long,miniz_long-128-cold,735,218,1794048,8192,244,26,248,65770232,66016676,0
BT0-long,miniz_long-128-cold,735,219,1802240,8192,1522,2546,1826,66016782,66366910,0
BT0-long,miniz_long-128-cold,735,220,1810432,8192,256,126,266,66367016,66599327,0
BT0-long,miniz_long-128-cold,735,221,1818624,8192,1665,2615,1999,66599338,66955499,0
BT0-long,miniz_long-128-cold,735,222,1826816,8192,294,120,294,66955502,67256088,0
BT0-long,miniz_long-128-cold,735,223,1835008,8192,1677,2628,1983,67256091,67611268,0
BT0-long,miniz_long-128-cold,735,224,1843200,8192,288,112,290,67611271,67912400,0
BT0-long,miniz_long-128-cold,735,225,1851392,8192,1224,1831,1441,67912403,68208797,0
BT0-long,miniz_long-128-cold,735,226,1859584,8192,698,893,773,68209007,68498155,0
BT0-long,miniz_long-128-cold,735,227,1867776,8192,776,881,904,68498261,68810903,0
BT0-long,miniz_long-128-cold,735,228,1875968,8192,1140,1809,1333,68810906,69123190,0
BT0-long,miniz_long-128-cold,735,229,1884160,8192,358,111,382,69123193,69413739,0
BT0-long,miniz_long-128-cold,735,230,1892352,8192,1594,2630,1888,69413740,69776492,0
BT0-long,miniz_long-128-cold,735,231,1900544,8192,212,32,217,69776498,69999084,0
BT0-long,miniz_long-128-cold,735,232,1908736,8192,1615,2686,1901,69999190,70332420,0
BT0-long,miniz_long-128-cold,735,233,1916928,8192,266,117,285,70332528,70616898,0
BT0-long,miniz_long-128-cold,735,234,1925120,8192,1706,2482,1959,70616901,70971862,0
BT0-long,miniz_long-128-cold,735,235,1933312,8192,305,129,311,70971865,71261372,0
BT0-long,miniz_long-128-cold,735,236,1941504,8192,1473,2292,1763,71261375,71578584,0
BT0-long,miniz_long-128-cold,735,237,1949696,8192,459,346,460,71578588,71884362,0
BT0-long,miniz_long-128-cold,735,238,1957888,8192,1015,1354,1172,71884468,72169826,0
BT0-long,miniz_long-128-cold,735,239,1966080,8192,965,1401,1119,72169834,72453741,0
BT0-long,miniz_long-128-cold,735,240,1974272,8192,482,264,529,72453744,72757268,0
BT0-long,miniz_long-128-cold,735,241,1982464,8192,1473,2363,1712,72757274,73096175,0
BT0-long,miniz_long-128-cold,735,242,1990656,8192,246,26,251,73096178,73336136,0
BT0-long,miniz_long-128-cold,735,243,1998848,8192,1480,2547,1769,73336242,73687307,0
BT0-long,miniz_long-128-cold,735,244,2007040,8192,252,110,267,73687413,73912497,0
BT0-long,miniz_long-128-cold,735,245,2015232,8192,1650,2605,1966,73912508,74262725,0
BT0-long,miniz_long-128-cold,735,246,2023424,8192,311,159,320,74262728,74564495,0
BT0-long,miniz_long-128-cold,735,247,2031616,8192,1653,2566,1963,74564498,74923673,0
BT0-long,miniz_long-128-cold,735,248,2039808,8192,326,137,324,74923686,75216061,0
BT0-long,miniz_long-128-cold,735,249,2048000,8192,1200,1629,1362,75216064,75499843,0
BT0-long,miniz_long-128-cold,735,250,2056192,8192,818,1144,909,75499951,75783150,0
BT0-long,miniz_long-128-cold,735,251,2064384,8192,717,705,792,75783153,76108233,0
BT0-long,miniz_long-128-cold,735,252,2072576,8192,1250,2042,1459,76108337,76430374,0
BT0-long,miniz_long-128-cold,735,253,2080768,8192,287,26,292,76430478,76691660,0
BT0-long,miniz_long-128-cold,735,254,2088960,8192,1499,2577,1822,76691766,77051692,0
BT0-long,miniz_long-128-cold,735,255,2097152,8192,277,132,283,77052302,77263733,0
BT0-long,miniz_long-128-cold,735,256,2105344,8192,1621,2582,1930,77263839,77600470,0
BT0-long,miniz_long-128-cold,735,257,2113536,8192,292,121,296,77600473,77903818,0
BT0-long,miniz_long-128-cold,735,258,2121728,8192,1683,2606,1955,77903821,78260156,0
BT0-long,miniz_long-128-cold,735,259,2129920,8192,310,129,313,78260159,78562467,0
BT0-long,miniz_long-128-cold,735,260,2138112,8192,1285,2006,1539,78562470,78865788,0
BT0-long,miniz_long-128-cold,735,261,2146304,8192,634,767,695,78865897,79154560,0
BT0-long,miniz_long-128-cold,735,262,2154496,8192,850,1001,954,79154666,79457671,0
BT0-long,miniz_long-128-cold,735,263,2162688,8192,1122,1796,1319,79457679,79776225,0
BT0-long,miniz_long-128-cold,735,264,2170880,8192,336,40,349,79776228,80060129,0
BT0-long,miniz_long-128-cold,735,265,2179072,8192,1580,2737,1890,80060133,80408495,0
BT0-long,miniz_long-128-cold,735,266,2187264,8192,250,84,266,80408514,80614936,0
BT0-long,miniz_long-128-cold,735,267,2195456,8192,1547,2431,1805,80615051,80945853,0
BT0-long,miniz_long-128-cold,735,268,2203648,8192,297,141,318,80945959,81228455,0
BT0-long,miniz_long-128-cold,735,269,2211840,8192,1750,2726,2036,81228458,81586178,0
BT0-long,miniz_long-128-cold,735,270,2220032,8192,305,136,302,81586181,81887673,0
BT0-long,miniz_long-128-cold,735,271,2228224,8192,1338,2050,1579,81887676,82190816,0
BT0-long,miniz_long-128-cold,735,272,2236416,8192,617,689,675,82190832,82499220,0
BT0-long,miniz_long-128-cold,735,273,2244608,8192,887,1062,1024,82499326,82795560,0
BT0-long,miniz_long-128-cold,735,274,2252800,8192,1085,1723,1257,82795568,83109982,0
BT0-long,miniz_long-128-cold,735,275,2260992,8192,385,161,417,83109985,83389927,0
BT0-long,miniz_long-128-cold,735,276,2269184,8192,1582,2585,1859,83389943,83734457,0
BT0-long,miniz_long-128-cold,735,277,2277376,8192,214,32,219,83734563,83955302,0
BT0-long,miniz_long-128-cold,735,278,2285568,8192,1596,2577,1868,83955309,84287574,0
BT0-long,miniz_long-128-cold,735,279,2293760,8192,281,108,285,84287689,84559708,0
BT0-long,miniz_long-128-cold,735,280,2301952,8192,1692,2703,2019,84559812,84921691,0
BT0-long,miniz_long-128-cold,735,281,2310144,8192,321,153,333,84921694,85209722,0
BT0-long,miniz_long-128-cold,735,282,2318336,8192,1415,2075,1647,85209725,85515804,0
BT0-long,miniz_long-128-cold,735,283,2326528,8192,623,772,695,85515815,85812087,0
BT0-long,miniz_long-128-cold,735,284,2334720,8192,815,987,940,85812188,86114270,0
BT0-long,miniz_long-128-cold,735,285,2342912,8192,1078,1660,1240,86114284,86422311,0
BT0-long,miniz_long-128-cold,735,286,2351104,8192,391,138,422,86422314,86715428,0
BT0-long,miniz_long-128-cold,735,287,2359296,8192,1608,2562,1854,86715434,87060565,0
BT0-long,miniz_long-128-cold,735,288,2367488,8192,216,32,221,87060576,87281455,0
BT0-long,miniz_long-128-cold,735,289,2375680,8192,1615,2657,1880,87281461,87616187,0
BT0-long,miniz_long-128-cold,735,290,2383872,8192,271,109,272,87616293,87901319,0
BT0-long,miniz_long-128-cold,735,291,2392064,8192,1614,2482,1878,87901322,88251261,0
BT0-long,miniz_long-128-cold,735,292,2400256,8192,293,104,284,88251264,88552854,0
BT0-long,miniz_long-128-cold,735,293,2408448,8192,1568,2447,1886,88552857,88884656,0
BT0-long,miniz_long-128-cold,735,294,2408740,292,63,94,67,88884663,88904763,1
BT0-long,miniz_long-128-warm,735,0,8192,8192,320,163,325,4989015,5284819,0
BT0-long,miniz_long-128-warm,735,1,16384,8192,1187,1849,1442,5284822,5571678,0
BT0-long,miniz_long-128-warm,735,2,24576,8192,588,697,646,5571694,5855755,0
BT0-long,miniz_long-128-warm,735,3,32768,8192,926,1193,1073,5855861,6154654,0
BT0-long,miniz_long-128-warm,735,4,40960,8192,846,1376,980,6154799,6431137,0
BT0-long,miniz_long-128-warm,735,5,49152,8192,619,660,731,6431140,6750813,0
BT0-long,miniz_long-128-warm,735,6,57344,8192,1174,1948,1388,6750821,7071109,0
BT0-long,miniz_long-128-warm,735,7,65536,8192,311,88,337,7071112,7360141,0
BT0-long,miniz_long-128-warm,735,8,73728,8192,1484,2505,1792,7360147,7714822,0
BT0-long,miniz_long-128-warm,735,9,81920,8192,238,29,242,7714827,7952805,0
BT0-long,miniz_long-128-warm,735,10,90112,8192,1395,2384,1670,7952811,8291864,0
BT0-long,miniz_long-128-warm,735,11,98304,8192,271,137,280,8291871,8495349,0
BT0-long,miniz_long-128-warm,735,12,106496,8192,1498,2494,1858,8495356,8819447,0
BT0-long,miniz_long-128-warm,735,13,114688,8192,288,137,286,8819450,9093001,0
BT0-long,miniz_long-128-warm,735,14,122880,8192,1514,2381,1817,9093004,9432463,0
BT0-long,miniz_long-128-warm,735,15,131072,8192,289,145,304,9432466,9705818,0
BT0-long,miniz_long-128-warm,735,16,139264,8192,1539,2508,1837,9705821,10056122,0
BT0-long,miniz_long-128-warm,735,17,147456,8192,269,120,277,10056125,10343766,0
BT0-long,miniz_long-128-warm,735,18,155648,8192,1238,1973,1531,10343769,10647494,0
BT0-long,miniz_long-128-warm,735,19,163840,8192,571,698,632,10647495,10959574,0
BT0-long,miniz_long-128-warm,735,20,172032,8192,909,1251,1078,10959579,11257208,0
BT0-long,miniz_long-128-warm,735,21,180224,8192,899,1316,1003,11257315,11529309,0
BT0-long,miniz_long-128-warm,735,22,188416,8192,651,673,725,11529312,11851314,0
BT0-long,miniz_long-128-warm,735,23,196608,8192,1220,1973,1428,11851421,12162389,0
BT0-long,miniz_long-128-warm,735,24,204800,8192,302,60,316,12162392,12447869,0
BT0-long,miniz_long-128-warm,735,25,212992,8192,1515,2589,1812,12448077,12805094,0
BT0-long,miniz_long-128-warm,735,26,221184,8192,207,29,212,12805195,13042117,0
BT0-long,miniz_long-128-warm,735,27,229376,8192,1427,2441,1717,13042223,13413565,0
BT0-long,miniz_long-128-warm,735,28,237568,8192,246,158,277,13413671,13632321,0
BT0-long,miniz_long-128-warm,735,29,245760,8192,1559,2529,1875,13632328,13973014,0
BT0-long,miniz_long-128-warm,735,30,253952,8192,294,137,304,13973017,14261958,0
BT0-long,miniz_long-128-warm,735,31,262144,8192,1554,2464,1831,14261961,14602887,0
BT0-long,miniz_long-128-warm,735,32,270336,8192,298,129,299,14602890,14891431,0
BT0-long,miniz_long-128-warm,735,33,278528,8192,1475,2435,1792,14891434,15231035,0
BT0-long,miniz_long-128-warm,735,34,286720,8192,286,137,294,15231038,15518128,0
BT0-long,miniz_long-128-warm,735,35,294912,8192,1178,1969,1471,15518131,15812178,0
BT0-long,miniz_long-128-warm,735,36,303104,8192,606,727,672,15812182,16092700,0
BT0-long,miniz_long-128-warm,735,37,311296,8192,883,1102,1027,16092806,16390493,0
BT0-long,miniz_long-128-warm,735,38,319488,8192,957,1487,1133,16390494,16670290,0
BT0-long,miniz_long-128-warm,735,39,327680,8192,510,404,573,16670293,16979620,0
BT0-long,miniz_long-128-warm,735,40,335872,8192,1382,2248,1660,16979826,17323840,0
BT0-long,miniz_long-128-warm,735,41,344064,8192,258,26,263,17323843,17562813,0
BT0-long,miniz_long-128-warm,735,42,352256,8192,1540,2554,1786,17562820,17931846,0
BT0-long,miniz_long-128-warm,735,43,360448,8192,230,72,246,17931945,18143922,0
BT0-long,miniz_long-128-warm,735,44,368640,8192,1431,2443,1741,18143932,18500507,0
BT0-long,miniz_long-128-warm,735,45,376832,8192,246,125,263,18500613,18738913,0
BT0-long,miniz_long-128-warm,735,46,385024,8192,1526,2485,1858,18738916,19085213,0
BT0-long,miniz_long-128-warm,735,47,393216,8192,284,128,286,19085216,19372234,0
BT0-long,miniz_long-128-warm,735,48,401408,8192,1508,2522,1848,19372237,19719802,0
BT0-long,miniz_long-128-warm,735,49,409600,8192,290,136,289,19719805,20006008,0
BT0-long,miniz_long-128-warm,735,50,417792,8192,1389,2262,1674,20006011,20319929,0
BT0-long,miniz_long-128-warm,735,51,425984,8192,443,358,455,20319938,20632163,0
BT0-long,miniz_long-128-warm,735,52,434176,8192,1040,1606,1259,20632269,20903739,0
BT0-long,miniz_long-128-warm,735,53,442368,8192,713,1047,811,20903745,21183045,0
BT0-long,miniz_long-128-warm,735,54,450560,8192,755,887,868,21183151,21510294,0
BT0-long,miniz_long-128-warm,735,55,458752,8192,1113,1785,1334,21510305,21816382,0
BT0-long,miniz_long-128-warm,735,56,466944,8192,367,128,394,21816385,22107624,0
BT0-long,miniz_long-128-warm,735,57,475136,8192,1525,2619,1855,22107627,22470132,0
BT0-long,miniz_long-128-warm,735,58,483328,8192,225,29,230,22470137,22674968,0
BT0-long,miniz_long-128-warm,735,59,491520,8192,1451,2516,1770,22675074,23029775,0
BT0-long,miniz_long-128-warm,735,60,499712,8192,234,101,247,23029881,23252804,0
BT0-long,miniz_long-128-warm,735,61,507904,8192,1571,2539,1884,23252815,23593807,0
BT0-long,miniz_long-128-warm,735,62,516096,8192,299,146,323,23593810,23897094,0
BT0-long,miniz_long-128-warm,735,63,524288,8192,1633,2584,1918,23897097,24247976,0
BT0-long,miniz_long-128-warm,735,64,532480,8192,289,137,301,24247979,24550144,0
BT0-long,miniz_long-128-warm,735,65,540672,8192,1323,2096,1607,24550147,24855904,0
BT0-long,miniz_long-128-warm,735,66,548864,8192,556,607,615,24855907,25153630,0
BT0-long,miniz_long-128-warm,735,67,557056,8192,904,1175,1052,25153636,25445123,0
BT0-long,miniz_long-128-warm,735,68,565248,8192,953,1420,1117,25445129,25744056,0
BT0-long,miniz_long-128-warm,735,69,573440,8192,496,398,571,25744059,26026796,0
BT0-long,miniz_long-128-warm,735,70,581632,8192,1461,2349,1693,26026802,26374357,0
BT0-long,miniz_long-128-warm,735,71,589824,8192,255,26,260,26374360,26623286,0
BT0-long,miniz_long-128-warm,735,72,598016,8192,1485,2558,1760,26623289,26980707,0
BT0-long,miniz_long-128-warm,735,73,606208,8192,261,126,276,26980813,27194273,0
BT0-long,miniz_long-128-warm,735,74,614400,8192,1606,2473,1870,27194388,27531833,0
BT0-long,miniz_long-128-warm,735,75,622592,8192,292,130,310,27531836,27822320,0
BT0-long,miniz_long-128-warm,735,76,630784,8192,1568,2497,1851,27822424,28166760,0
BT0-long,miniz_long-128-warm,735,77,638976,8192,300,135,302,28166763,28455046,0
BT0-long,miniz_long-128-warm,735,78,647168,8192,1439,2350,1774,28455049,28777122,0
BT0-long,miniz_long-128-warm,735,79,655360,8192,423,268,420,28777127,29093283,0
BT0-long,miniz_long-128-warm,735,80,663552,8192,1075,1472,1231,29093286,29366458,0
BT0-long,miniz_long-128-warm,735,81,671744,8192,783,1131,902,29366460,29635529,0
BT0-long,miniz_long-128-warm,735,82,679936,8192,667,713,773,29635532,29946182,0
BT0-long,miniz_long-128-warm,735,83,688128,8192,1242,2017,1450,29946291,30260883,0
BT0-long,miniz_long-128-warm,735,84,696320,8192,286,26,291,30260886,30533741,0
BT0-long,miniz_long-128-warm,735,85,704512,8192,1545,2604,1850,30533847,30901012,0
BT0-long,miniz_long-128-warm,735,86,712704,8192,202,64,218,30901229,31114922,0
BT0-long,miniz_long-128-warm,735,87,720896,8192,1516,2559,1842,31115031,31461990,0
BT0-long,miniz_long-128-warm,735,88,729088,8192,288,124,289,31462096,31740490,0
BT0-long,miniz_long-128-warm,735,89,737280,8192,1564,2470,1871,31740493,32080042,0
BT0-long,miniz_long-128-warm,735,90,745472,8192,317,161,338,32080045,32369128,0
BT0-long,miniz_long-128-warm,735,91,753664,8192,1579,2493,1888,32369131,32708110,0
BT0-long,miniz_long-128-warm,735,92,761856,8192,335,162,333,32708117,33006873,0
BT0-long,miniz_long-128-warm,735,93,770048,8192,1156,1748,1368,33006876,33291756,0
BT0-long,miniz_long-128-warm,735,94,778240,8192,711,963,796,33291759,33567727,0
BT0-long,miniz_long-128-warm,735,95,786432,8192,759,902,876,33567833,33886791,0
BT0-long,miniz_long-128-warm,735,96,794624,8192,1144,1745,1327,33886925,34200283,0
BT0-long,miniz_long-128-warm,735,97,802816,8192,366,139,392,34200286,34492663,0
BT0-long,miniz_long-128-warm,735,98,811008,8192,1563,2521,1859,34492770,34849431,0
BT0-long,miniz_long-128-warm,735,99,819200,8192,230,29,235,34849436,35070469,0
BT0-long,miniz_long-128-warm,735,100,827392,8192,1563,2601,1841,35070575,35417752,0
BT0-long,miniz_long-128-warm,735,101,835584,8192,278,116,286,35417858,35667569,0
BT0-long,miniz_long-128-warm,735,102,843776,8192,1609,2583,1940,35667572,36016158,0
BT0-long,miniz_long-128-warm,735,103,851968,8192,301,145,307,36016161,36318554,0
BT0-long,miniz_long-128-warm,735,104,860160,8192,1571,2499,1896,36318557,36666739,0
BT0-long,miniz_long-128-warm,735,105,868352,8192,312,142,328,36667192,36971848,0
BT0-long,miniz_long-128-warm,735,106,876544,8192,1172,1665,1368,36971851,37256626,0
BT0-long,miniz_long-128-warm,735,107,884736,8192,723,1056,844,37256629,37538758,0
BT0-long,miniz_long-128-warm,735,108,892928,8192,698,753,799,37538769,37862832,0
BT0-long,miniz_long-128-warm,735,109,901120,8192,1201,1939,1419,37862853,38170858,0
BT0-long,miniz_long-128-warm,735,110,909312,8192,297,26,300,38170861,38450507,0
BT0-long,miniz_long-128-warm,735,111,917504,8192,1589,2655,1879,38450513,38805707,0
BT0-long,miniz_long-128-warm,735,112,925696,8192,233,56,243,38805818,39013664,0
BT0-long,miniz_long-128-warm,735,113,933888,8192,1521,2581,1826,39013670,39348651,0
BT0-long,miniz_long-128-warm,735,114,942080,8192,279,118,291,39348757,39639641,0
BT0-long,miniz_long-128-warm,735,115,950272,8192,1633,2608,1955,39639644,39992264,0
BT0-long,miniz_long-128-warm,735,116,958464,8192,302,137,309,39992267,40280649,0
BT0-long,miniz_long-128-warm,735,117,966656,8192,1487,2284,1752,40280652,40596874,0
BT0-long,miniz_long-128-warm,735,118,974848,8192,469,447,499,40596981,40897128,0
BT0-long,miniz_long-128-warm,735,119,983040,8192,975,1310,1160,40897234,41186111,0
BT0-long,miniz_long-128-warm,735,120,991232,8192,875,1336,1049,41186222,41463289,0
BT0-long,miniz_long-128-warm,735,121,999424,8192,608,520,666,41463292,41777975,0
BT0-long,miniz_long-128-warm,735,122,1007616,8192,1266,2088,1524,41777976,42111869,0
BT0-long,miniz_long-128-warm,735,123,1015808,8192,300,26,304,42111872,42355826,0
BT0-long,miniz_long-128-warm,735,124,1024000,8192,1512,2597,1824,42355932,42721588,0
BT0-long,miniz_long-128-warm,735,125,1032192,8192,239,64,250,42721596,42931009,0
BT0-long,miniz_long-128-warm,735,126,1040384,8192,1514,2519,1795,42931017,43269249,0
BT0-long,miniz_long-128-warm,735,127,1048576,8192,307,149,320,43269355,43554999,0
BT0-long,miniz_long-128-warm,735,128,1056768,8192,1687,2606,1981,43555002,43908784,0
BT0-long,miniz_long-128-warm,735,129,1064960,8192,282,129,296,43908787,44183061,0
BT0-long,miniz_long-128-warm,735,130,1073152,8192,1474,2287,1755,44183064,44504318,0
BT0-long,miniz_long-128-warm,735,131,1081344,8192,442,371,465,44504321,44787740,0
BT0-long,miniz_long-128-warm,735,132,1089536,8192,1030,1407,1193,44787846,45066890,0
BT0-long,miniz_long-128-warm,735,133,1097728,8192,898,1409,1056,45067020,45358261,0
BT0-long,miniz_long-128-warm,735,134,1105920,8192,556,480,636,45358264,45669571,0
BT0-long,miniz_long-128-warm,735,135,1114112,8192,1379,2276,1649,45669678,46014898,0
BT0-long,miniz_long-128-warm,735,136,1122304,8192,266,26,271,46014901,46264970,0
BT0-long,miniz_long-128-warm,735,137,1130496,8192,1537,2504,1772,46264976,46614590,0
BT0-long,miniz_long-128-warm,735,138,1138688,8192,264,114,265,46614595,46828287,0
BT0-long,miniz_long-128-warm,735,139,1146880,8192,1593,2515,1912,46828294,47170329,0
BT0-long,miniz_long-128-warm,735,140,1155072,8192,297,154,309,47170332,47459983,0
BT0-long,miniz_long-128-warm,735,141,1163264,8192,1623,2538,1936,47459986,47806509,0
BT0-long,miniz_long-128-warm,735,142,1171456,8192,319,145,335,47806512,48084318,0
BT0-long,miniz_long-128-warm,735,143,1179648,8192,1279,1894,1488,48084321,48370265,0
BT0-long,miniz_long-128-warm,735,144,1187840,8192,627,818,712,48370266,48670016,0
BT0-long,miniz_long-128-warm,735,145,1196032,8192,819,1063,946,48670117,48975069,0
BT0-long,miniz_long-128-warm,735,146,1204224,8192,999,1539,1159,48975178,49280127,0
BT0-long,miniz_long-128-warm,735,147,1212416,8192,431,254,482,49280130,49579639,0
BT0-long,miniz_long-128-warm,735,148,1220608,8192,1520,2465,1767,49579845,49930723,0
BT0-long,miniz_long-128-warm,735,149,1228800,8192,233,29,238,49930728,50166639,0
BT0-long,miniz_long-128-warm,735,150,1236992,8192,1529,2498,1791,50166745,50519639,0
BT0-long,miniz_long-128-warm,735,151,1245184,8192,241,117,260,50519644,50743566,0
BT0-long,miniz_long-128-warm,735,152,1253376,8192,1499,2470,1825,50743577,51086799,0
BT0-long,miniz_long-128-warm,735,153,1261568,8192,285,130,290,51086802,51388249,0
BT0-long,miniz_long-128-warm,735,154,1269760,8192,1638,2554,1933,51388252,51739946,0
BT0-long,miniz_long-128-warm,735,155,1277952,8192,303,145,305,51739949,52029169,0
BT0-long,miniz_long-128-warm,735,156,1286144,8192,1343,2011,1591,52029172,52330955,0
BT0-long,miniz_long-128-warm,735,157,1294336,8192,620,757,677,52331062,52632178,0
BT0-long,miniz_long-128-warm,735,158,1302528,8192,836,974,962,52632284,52931543,0
BT0-long,miniz_long-128-warm,735,159,1310720,8192,1065,1704,1259,52931559,53231497,0
BT0-long,miniz_long-128-warm,735,160,1318912,8192,413,176,446,53231500,53501287,0
BT0-long,miniz_long-128-warm,735,161,1327104,8192,1577,2582,1859,53501292,53861227,0
BT0-long,miniz_long-128-warm,735,162,1335296,8192,222,29,227,53861232,54085280,0
BT0-long,miniz_long-128-warm,735,163,1343488,8192,1502,2563,1814,54085381,54432808,0
BT0-long,miniz_long-128-warm,735,164,1351680,8192,273,133,289,54432914,54691259,0
BT0-long,miniz_long-128-warm,735,165,1359872,8192,1663,2534,1951,54691262,55043242,0
BT0-long,miniz_long-128-warm,735,166,1368064,8192,294,128,306,55043245,55346343,0
BT0-long,miniz_long-128-warm,735,167,1376256,8192,1590,2576,1933,55346346,55683407,0
BT0-long,miniz_long-128-warm,735,168,1384448,8192,368,194,356,55683529,55988266,0
BT0-long,miniz_long-128-warm,735,169,1392640,8192,1091,1618,1329,55988269,56270576,0
BT0-long,miniz_long-128-warm,735,170,1400832,8192,743,1047,842,56270584,56539013,0
BT0-long,miniz_long-128-warm,735,171,1409024,8192,719,721,801,56539024,56865598,0
BT0-long,miniz_long-128-warm,735,172,1417216,8192,1296,2059,1520,56865603,57186606,0
BT0-long,miniz_long-128-warm,735,173,1425408,8192,294,26,299,57186609,57441622,0
BT0-long,miniz_long-128-warm,735,174,1433600,8192,1568,2573,1851,57441728,57810596,0
BT0-long,miniz_long-128-warm,735,175,1441792,8192,272,108,284,57810599,58017341,0
BT0-long,miniz_long-128-warm,735,176,1449984,8192,1571,2488,1879,58017447,58353437,0
BT0-long,miniz_long-128-warm,735,177,1458176,8192,288,138,302,58353440,58629308,0
BT0-long,miniz_long-128-warm,735,178,1466368,8192,1685,2779,2019,58629311,58992820,0
BT0-long,miniz_long-128-warm,735,179,1474560,8192,287,136,302,58992924,59293079,0
BT0-long,miniz_long-128-warm,735,180,1482752,8192,1418,2231,1715,59293082,59606654,0
BT0-long,miniz_long-128-warm,735,181,1490944,8192,547,584,593,59606657,59892156,0
BT0-long,miniz_long-128-warm,735,182,1499136,8192,952,1220,1108,59892262,60184371,0
BT0-long,miniz_long-128-warm,735,183,1507328,8192,1002,1489,1154,60184377,60475665,0
BT0-long,miniz_long-128-warm,735,184,1515520,8192,483,285,531,60475668,60775356,0
BT0-long,miniz_long-128-warm,735,185,1523712,8192,1472,2479,1737,60775468,61128809,0
BT0-long,miniz_long-128-warm,735,186,1531904,8192,227,29,231,61128814,61363864,0
BT0-long,miniz_long-128-warm,735,187,1540096,8192,1545,2563,1850,61363979,61715600,0
BT0-long,miniz_long-128-warm,735,188,1548288,8192,272,150,290,61715706,61957989,0
BT0-long,miniz_long-128-warm,735,189,1556480,8192,1613,2485,1902,61958101,62303675,0
BT0-long,miniz_long-128-warm,735,190,1564672,8192,317,145,327,62303779,62606968,0
BT0-long,miniz_long-128-warm,735,191,1572864,8192,1613,2585,1955,62606971,62960396,0
BT0-long,miniz_long-128-warm,735,192,1581056,8192,306,128,303,62960399,63262299,0
BT0-long,miniz_long-128-warm,735,193,1589248,8192,1166,1814,1451,63262302,63555958,0
BT0-long,miniz_long-128-warm,735,194,1597440,8192,622,803,700,63555960,63855282,0
BT0-long,miniz_long-128-warm,735,195,1605632,8192,824,969,942,63855388,64160183,0
BT0-long,miniz_long-128-warm,735,196,1613824,8192,1075,1794,1294,64160199,64462695,0
BT0-long,miniz_long-128-warm,735,197,1622016,8192,378,99,397,64462698,64738967,0
BT0-long,miniz_long-128-warm,735,198,1630208,8192,1557,2659,1879,64738972,65098174,0
BT0-long,miniz_long-128-warm,735,199,1638400,8192,222,32,227,65098280,65318919,0
BT0-long,miniz_long-128-warm,735,200,1646592,8192,1581,2696,1895,65318929,65652586,0
BT0-long,miniz_long-128-warm,735,201,1654784,8192,259,116,277,65652692,65924174,0
BT0-long,miniz_long-128-warm,735,202,1662976,8192,1650,2542,1961,65924177,66274792,0
BT0-long,miniz_long-128-warm,735,203,1671168,8192,295,137,300,66274795,66577267,0
BT0-long,miniz_long-128-warm,735,204,1679360,8192,1543,2439,1878,66577270,66907937,0
BT0-long,miniz_long-128-warm,735,205,1687552,8192,416,295,417,66907943,67234762,0
BT0-long,miniz_long-128-warm,735,206,1695744,8192,1060,1528,1249,67234768,67511041,0
BT0-long,miniz_long-128-warm,735,207,1703936,8192,845,1199,962,67511152,67798750,0
BT0-long,miniz_long-128-warm,735,208,1712128,8192,620,616,710,67798753,68120723,0
BT0-long,miniz_long-128-warm,735,209,1720320,8192,1347,2111,1549,68120728,68459755,0
BT0-long,miniz_long-128-warm,735,210,1728512,8192,291,26,294,68459758,68708678,0
BT0-long,miniz_long-128-warm,735,211,1736704,8192,1500,2584,1798,68708685,69085928,0
BT0-long,miniz_long-128-warm,735,212,1744896,8192,268,119,294,69086178,69295776,0
BT0-long,miniz_long-128-warm,735,213,1753088,8192,1622,2616,1925,69295782,69635133,0
BT0-long,miniz_long-128-warm,735,214,1761280,8192,295,122,307,69635136,69937467,0
BT0-long,miniz_long-128-warm,735,215,1769472,8192,1721,2682,2014,69937470,70296924,0
BT0-long,miniz_long-128-warm,735,216,1777664,8192,282,129,296,70296927,70597449,0
BT0-long,miniz_long-128-warm,735,217,1785856,8192,1359,1947,1584,70597452,70903546,0
BT0-long,miniz_long-128-warm,735,218,1794048,8192,622,662,658,70903661,71193066,0
BT0-long,miniz_long-128-warm,735,219,1802240,8192,856,1043,995,71193172,71492413,0
BT0-long,miniz_long-128-warm,735,220,1810432,8192,1055,1585,1204,71492420,71787581,0
BT0-long,miniz_long-128-warm,735,221,1818624,8192,417,165,446,71787584,72081858,0
BT0-long,miniz_long-128-warm,735,222,1826816,8192,1595,2597,1879,72081859,72428834,0
BT0-long,miniz_long-128-warm,735,223,1835008,8192,223,32,228,72428841,72645814,0
BT0-long,miniz_long-128-warm,735,224,1843200,8192,1550,2501,1828,72645920,72976442,0
BT0-long,miniz_long-128-warm,735,225,1851392,8192,271,117,276,72976548,73250162,0
BT0-long,miniz_long-128-warm,735,226,1859584,8192,1618,2543,1914,73250165,73602552,0
BT0-long,miniz_long-128-warm,735,227,1867776,8192,287,121,297,73602656,73891131,0
BT0-long,miniz_long-128-warm,735,228,1875968,8192,1544,2473,1863,73891134,74216937,0
BT0-long,miniz_long-128-warm,735,229,1884160,8192,420,291,428,74216953,74545219,0
BT0-long,miniz_long-128-warm,735,230,1892352,8192,1041,1465,1226,74545326,74820572,0
BT0-long,miniz_long-128-warm,735,231,1900544,8192,869,1224,991,74820683,75102302,0
BT0-long,miniz_long-128-warm,735,232,1908736,8192,579,428,633,75102305,75413971,0
BT0-long,miniz_long-128-warm,735,233,1916928,8192,1509,2359,1707,75414083,75763533,0
BT0-long,miniz_long-128-warm,735,234,1925120,8192,261,26,265,75763536,76012503,0
BT0-long,miniz_long-128-warm,735,235,1933312,8192,1526,2632,1807,76012509,76366385,0
BT0-long,miniz_long-128-warm,735,236,1941504,8192,255,109,257,76366491,76587217,0
BT0-long,miniz_long-128-warm,735,237,1949696,8192,1654,2571,1984,76587228,76939485,0
BT0-long,miniz_long-128-warm,735,238,1957888,8192,304,136,302,76939488,77228163,0
BT0-long,miniz_long-128-warm,735,239,1966080,8192,1639,2586,1951,77228166,77579674,0
BT0-long,miniz_long-128-warm,735,240,1974272,8192,303,126,307,77579778,77884470,0
BT0-long,miniz_long-128-warm,735,241,1982464,8192,1183,1718,1384,77884473,78173019,0
BT0-long,miniz_long-128-warm,735,242,1990656,8192,744,1006,820,78173126,78451282,0
BT0-long,miniz_long-128-warm,735,243,1998848,8192,705,693,792,78451293,78772900,0
BT0-long,miniz_long-128-warm,735,244,2007040,8192,1250,2079,1475,78772906,79097548,0
BT0-long,miniz_long-128-warm,735,245,2015232,8192,301,26,306,79097551,79359108,0
BT0-long,miniz_long-128-warm,735,246,2023424,8192,1535,2678,1815,79359116,79736422,0
BT0-long,miniz_long-128-warm,735,247,2031616,8192,282,132,303,79736425,79941462,0
BT0-long,miniz_long-128-warm,735,248,2039808,8192,1633,2676,1953,79941468,80283984,0
BT0-long,miniz_long-128-warm,735,249,2048000,8192,314,150,328,80283987,80574053,0
BT0-long,miniz_long-128-warm,735,250,2056192,8192,1635,2428,1899,80574056,80920060,0
BT0-long,miniz_long-128-warm,735,251,2064384,8192,312,152,328,80920164,81209006,0
BT0-long,miniz_long-128-warm,735,252,2072576,8192,1270,1856,1476,81209009,81500609,0
BT0-long,miniz_long-128-warm,735,253,2080768,8192,731,1004,810,81500725,81782701,0
BT0-long,miniz_long-128-warm,735,254,2088960,8192,748,799,844,81782807,82103986,0
BT0-long,miniz_long-128-warm,735,255,2097152,8192,1222,1930,1422,82104002,82433126,0
BT0-long,miniz_long-128-warm,735,256,2105344,8192,315,26,320,82433129,82702296,0
BT0-long,miniz_long-128-warm,735,257,2113536,8192,1571,2693,1865,82702402,83074135,0
BT0-long,miniz_long-128-warm,735,258,2121728,8192,256,105,273,83074241,83271617,0
BT0-long,miniz_long-128-warm,735,259,2129920,8192,1607,2605,1908,83271623,83604302,0
BT0-long,miniz_long-128-warm,735,260,2138112,8192,315,138,320,83604305,83894984,0
BT0-long,miniz_long-128-warm,735,261,2146304,8192,1706,2573,1985,83894987,84251731,0
BT0-long,miniz_long-128-warm,735,262,2154496,8192,299,120,298,84251734,84540360,0
BT0-long,miniz_long-128-warm,735,263,2162688,8192,1293,2000,1564,84540363,84845676,0
BT0-long,miniz_long-128-warm,735,264,2170880,8192,674,854,744,84845680,85121141,0
BT0-long,miniz_long-128-warm,735,265,2179072,8192,757,810,866,85121247,85431249,0
BT0-long,miniz_long-128-warm,735,266,2187264,8192,1293,2027,1485,85431255,85756554,0
BT0-long,miniz_long-128-warm,735,267,2195456,8192,300,26,305,85756557,86019083,0
BT0-long,miniz_long-128-warm,735,268,2203648,8192,1519,2580,1793,86019189,86388428,0
BT0-long,miniz_long-128-warm,735,269,2211840,8192,248,80,263,86388434,86598115,0
BT0-long,miniz_long-128-warm,735,270,2220032,8192,1641,2584,1915,86598121,86931467,0
BT0-long,miniz_long-128-warm,735,271,2228224,8192,298,113,298,86931470,87220537,0
BT0-long,miniz_long-128-warm,735,272,2236416,8192,1735,2654,2008,87220641,87582142,0
BT0-long,miniz_long-128-warm,735,273,2244608,8192,287,120,282,87582145,87881870,0
BT0-long,miniz_long-128-warm,735,274,2252800,8192,1364,2051,1588,87881873,88189895,0
BT0-long,miniz_long-128-warm,735,275,2260992,8192,525,533,558,88189896,88499749,0
BT0-long,miniz_long-128-warm,735,276,2269184,8192,920,1153,1091,88499855,88793431,0
BT0-long,miniz_long-128-warm,735,277,2271454,2270,731,1391,881,88793433,88904763,1
BT16-admit-long,jsmn_long-128-cold,730,0,8192,8192,828,4504,633,1725,291821,0
BT16-admit-long,jsmn_long-128-cold,730,1,16384,8192,659,4566,521,291826,588662,0
BT16-admit-long,jsmn_long-128-cold,730,2,24576,8192,562,4376,455,588761,917204,0
BT16-admit-long,jsmn_long-128-cold,730,3,32768,8192,714,4472,579,917303,1200831,0
BT16-admit-long,jsmn_long-128-cold,730,4,40960,8192,503,4362,407,1200930,1522431,0
BT16-admit-long,jsmn_long-128-cold,730,5,49152,8192,700,4445,564,1522437,1814384,0
BT16-admit-long,jsmn_long-128-cold,730,6,57344,8192,656,4449,531,1814386,2109320,0
BT16-admit-long,jsmn_long-128-cold,730,7,65536,8192,542,4366,440,2109321,2434575,0
BT16-admit-long,jsmn_long-128-cold,730,8,73728,8192,714,4473,579,2434674,2719392,0
BT16-admit-long,jsmn_long-128-cold,730,9,81920,8192,508,4370,413,2719491,3036427,0
BT16-admit-long,jsmn_long-128-cold,730,10,90112,8192,705,4447,571,3036630,3337288,0
BT16-admit-long,jsmn_long-128-cold,730,11,98304,8192,664,4443,538,3337395,3627956,0
BT16-admit-long,jsmn_long-128-cold,730,12,106496,8192,531,4360,429,3628055,3959433,0
BT16-admit-long,jsmn_long-128-cold,730,13,114688,8192,724,4471,587,3959532,4243047,0
BT16-admit-long,jsmn_long-128-cold,730,14,122880,8192,539,4375,434,4243050,4555045,0
BT16-admit-long,jsmn_long-128-cold,730,15,131072,8192,674,4432,546,4555144,4854972,0
BT16-admit-long,jsmn_long-128-cold,730,16,139264,8192,657,4444,534,4855071,5147733,0
BT16-admit-long,jsmn_long-128-cold,730,17,147456,8192,530,4366,426,5147740,5475360,0
BT16-admit-long,jsmn_long-128-cold,730,18,155648,8192,717,4472,579,5475459,5754228,0
BT16-admit-long,jsmn_long-128-cold,730,19,163840,8192,523,4373,425,5754327,6067058,0
BT16-admit-long,jsmn_long-128-cold,730,20,172032,8192,680,4434,553,6067060,6364739,0
BT16-admit-long,jsmn_long-128-cold,730,21,180224,8192,653,4436,527,6364742,6655680,0
BT16-admit-long,jsmn_long-128-cold,730,22,188416,8192,533,4369,433,6655684,6982389,0
BT16-admit-long,jsmn_long-128-cold,730,23,196608,8192,706,4464,572,6982392,7262030,0
BT16-admit-long,jsmn_long-128-cold,730,24,204800,8192,502,4362,406,7262133,7578376,0
BT16-admit-long,jsmn_long-128-cold,730,25,212992,8192,709,4448,574,7578388,7871858,0
BT16-admit-long,jsmn_long-128-cold,730,26,221184,8192,634,4431,514,7871957,8161436,0
BT16-admit-long,jsmn_long-128-cold,730,27,229376,8192,543,4365,439,8161535,8485080,0
BT16-admit-long,jsmn_long-128-cold,730,28,237568,8192,702,4467,569,8485086,8766520,0
BT16-admit-long,jsmn_long-128-cold,730,29,245760,8192,472,4353,384,8766619,9091181,0
BT16-admit-long,jsmn_long-128-cold,730,30,253952,8192,729,4458,587,9091185,9374646,0
BT16-admit-long,jsmn_long-128-cold,730,31,262144,8192,635,4426,512,9374648,9667911,0
BT16-admit-long,jsmn_long-128-cold,730,32,270336,8192,550,4368,443,9668010,9988402,0
BT16-admit-long,jsmn_long-128-cold,730,33,278528,8192,701,4460,568,9988405,10268132,0
BT16-admit-long,jsmn_long-128-cold,730,34,286720,8192,448,4313,365,10268335,10599623,0
BT16-admit-long,jsmn_long-128-cold,730,35,294912,8192,788,4517,632,10599626,10880370,0
BT16-admit-long,jsmn_long-128-cold,730,36,303104,8192,625,4426,502,10880469,11171843,0
BT16-admit-long,jsmn_long-128-cold,730,37,311296,8192,573,4389,463,11171844,11490939,0
BT16-admit-long,jsmn_long-128-cold,730,38,319488,8192,699,4463,566,11491038,11774607,0
BT16-admit-long,jsmn_long-128-cold,730,39,327680,8192,452,4290,368,11774706,12107705,0
BT16-admit-long,jsmn_long-128-cold,730,40,335872,8192,760,4525,614,12107708,12386927,0
BT16-admit-long,jsmn_long-128-cold,730,41,344064,8192,625,4427,505,12387026,12680833,0
BT16-admit-long,jsmn_long-128-cold,730,42,352256,8192,564,4376,455,12680932,12997105,0
BT16-admit-long,jsmn_long-128-cold,730,43,360448,8192,681,4453,552,12997204,13273169,0
BT16-admit-long,jsmn_long-128-cold,730,44,368640,8192,484,4326,391,13273173,13605635,0
BT16-admit-long,jsmn_long-128-cold,730,45,376832,8192,729,4486,592,13605733,13880023,0
BT16-admit-long,jsmn_long-128-cold,730,46,385024,8192,586,4401,475,13880122,14177881,0
BT16-admit-long,jsmn_long-128-cold,730,47,393216,8192,594,4392,481,14177980,14490953,0
BT16-admit-long,jsmn_long-128-cold,730,48,401408,8192,683,4454,553,14491052,14774610,0
BT16-admit-long,jsmn_long-128-cold,730,49,409600,8192,500,4344,403,14774714,15106057,0
BT16-admit-long,jsmn_long-128-cold,730,50,417792,8192,728,4476,591,15106161,15383715,0
BT16-admit-long,jsmn_long-128-cold,730,51,425984,8192,569,4394,463,15383719,15684170,0
BT16-admit-long,jsmn_long-128-cold,730,52,434176,8192,610,4400,494,15684269,15991637,0
BT16-admit-long,jsmn_long-128-cold,730,53,442368,8192,664,4446,540,15991736,16275329,0
BT16-admit-long,jsmn_long-128-cold,730,54,450560,8192,512,4352,416,16275428,16605056,0
BT16-admit-long,jsmn_long-128-cold,730,55,458752,8192,716,4472,579,16605160,16876927,0
BT16-admit-long,jsmn_long-128-cold,730,56,466944,8192,527,4379,429,16877026,17181642,0
BT16-admit-long,jsmn_long-128-cold,730,57,475136,8192,654,4420,527,17181647,17480035,0
BT16-admit-long,jsmn_long-128-cold,730,58,483328,8192,652,4441,527,17480134,17764922,0
BT16-admit-long,jsmn_long-128-cold,730,59,491520,8192,518,4354,418,17765026,18089747,0
BT16-admit-long,jsmn_long-128-cold,730,60,499712,8192,713,4470,577,18089749,18363421,0
BT16-admit-long,jsmn_long-128-cold,730,61,507904,8192,476,4349,384,18363520,18684035,0
BT16-admit-long,jsmn_long-128-cold,730,62,516096,8192,706,4448,572,18684134,18963165,0
BT16-admit-long,jsmn_long-128-cold,730,63,524288,8192,621,4426,504,18963264,19254035,0
BT16-admit-long,jsmn_long-128-cold,730,64,532480,8192,550,4371,447,19254134,19570286,0
BT16-admit-long,jsmn_long-128-cold,730,65,540672,8192,693,4589,561,19570398,19853054,0
BT16-admit-long,jsmn_long-128-cold,730,66,548864,8192,466,4277,377,19853153,20179388,0
BT16-admit-long,jsmn_long-128-cold,730,67,557056,8192,728,4532,592,20179486,20450378,0
BT16-admit-long,jsmn_long-128-cold,730,68,565248,8192,574,4399,464,20450477,20743358,0
BT16-admit-long,jsmn_long-128-cold,730,69,573440,8192,608,4398,492,20743359,21057703,0
BT16-admit-long,jsmn_long-128-cold,730,70,581632,8192,667,4441,540,21057802,21337406,0
BT16-admit-long,jsmn_long-128-cold,730,71,589824,8192,497,4344,403,21337505,21662813,0
BT16-admit-long,jsmn_long-128-cold,730,72,598016,8192,713,4469,579,21662912,21934465,0
BT16-admit-long,jsmn_long-128-cold,730,73,606208,8192,556,4394,451,21934564,22243645,0
BT16-admit-long,jsmn_long-128-cold,730,74,614400,8192,642,4414,518,22243647,22544669,0
BT16-admit-long,jsmn_long-128-cold,730,75,622592,8192,651,4438,527,22544768,22826765,0
BT16-admit-long,jsmn_long-128-cold,730,76,630784,8192,514,4352,416,22826864,23150277,0
BT16-admit-long,jsmn_long-128-cold,730,77,638976,8192,702,4466,568,23150376,23427437,0
BT16-admit-long,jsmn_long-128-cold,730,78,647168,8192,490,4353,397,23427438,23742562,0
BT16-admit-long,jsmn_long-128-cold,730,79,655360,8192,696,4442,564,23742564,24024243,0
BT16-admit-long,jsmn_long-128-cold,730,80,663552,8192,627,4426,507,24024250,24315746,0
BT16-admit-long,jsmn_long-128-cold,730,81,671744,8192,546,4368,442,24315845,24633883,0
BT16-admit-long,jsmn_long-128-cold,730,82,679936,8192,694,4456,563,24633982,24909022,0
BT16-admit-long,jsmn_long-128-cold,730,83,688128,8192,456,4269,371,24909028,25238680,0
BT16-admit-long,jsmn_long-128-cold,730,84,696320,8192,743,4536,601,25238683,25513824,0
BT16-admit-long,jsmn_long-128-cold,730,85,704512,8192,588,4406,475,25513923,25806156,0
BT16-admit-long,jsmn_long-128-cold,730,86,712704,8192,593,4391,479,25806255,26116341,0
BT16-admit-long,jsmn_long-128-cold,730,87,720896,8192,670,4442,542,26116347,26398727,0
BT16-admit-long,jsmn_long-128-cold,730,88,729088,8192,482,4336,390,26398826,26724949,0
BT16-admit-long,jsmn_long-128-cold,730,89,737280,8192,714,4470,579,26725048,26992531,0
BT16-admit-long,jsmn_long-128-cold,730,90,745472,8192,541,4381,438,26992630,27295625,0
BT16-admit-long,jsmn_long-128-cold,730,91,753664,8192,638,4414,518,27295626,27594315,0
BT16-admit-long,jsmn_long-128-cold,730,92,761856,8192,646,4435,524,27594414,27875769,0
BT16-admit-long,jsmn_long-128-cold,730,93,770048,8192,518,4354,419,27875776,28198849,0
BT16-admit-long,jsmn_long-128-cold,730,94,778240,8192,697,4462,566,28198948,28465200,0
BT16-admit-long,jsmn_long-128-cold,730,95,786432,8192,464,4342,376,28465299,28792799,0
BT16-admit-long,jsmn_long-128-cold,730,96,794624,8192,733,4462,593,28792807,29071170,0
BT16-admit-long,jsmn_long-128-cold,730,97,802816,8192,602,4415,488,29071269,29360366,0
BT16-admit-long,jsmn_long-128-cold,730,98,811008,8192,563,4376,455,29360465,29672598,0
BT16-admit-long,jsmn_long-128-cold,730,99,819200,8192,683,4459,553,29672697,29951349,0
BT16-admit-long,jsmn_long-128-cold,730,100,827392,8192,475,4333,386,29951448,30279354,0
BT16-admit-long,jsmn_long-128-cold,730,101,835584,8192,726,4483,587,30279355,30550347,0
BT16-admit-long,jsmn_long-128-cold,730,102,843776,8192,557,4393,451,30550446,30845141,0
BT16-admit-long,jsmn_long-128-cold,730,103,851968,8192,615,4408,496,30845142,31147440,0
BT16-admit-long,jsmn_long-128-cold,730,104,860160,8192,650,4441,527,31147539,31426552,0
BT16-admit-long,jsmn_long-128-cold,730,105,868352,8192,513,4352,416,31426651,31749579,0
BT16-admit-long,jsmn_long-128-cold,730,106,876544,8192,700,4460,566,31749678,32022090,0
BT16-admit-long,jsmn_long-128-cold,730,107,884736,8192,490,4360,397,32022189,32338909,0
BT16-admit-long,jsmn_long-128-cold,730,108,892928,8192,707,4448,572,32338913,32627922,0
BT16-admit-long,jsmn_long-128-cold,730,109,901120,8192,623,4423,507,32628021,32914724,0
BT16-admit-long,jsmn_long-128-cold,730,110,909312,8192,557,4372,449,32914729,33235512,0
BT16-admit-long,jsmn_long-128-cold,730,111,917504,8192,687,4452,555,33235611,33513698,0
BT16-admit-long,jsmn_long-128-cold,730,112,925696,8192,448,4295,366,33513700,33842078,0
BT16-admit-long,jsmn_long-128-cold,730,113,933888,8192,764,4526,618,33842081,34120892,0
BT16-admit-long,jsmn_long-128-cold,730,114,942080,8192,587,4403,475,34120991,34407864,0
BT16-admit-long,jsmn_long-128-cold,730,115,950272,8192,578,4381,465,34407968,34714278,0
BT16-admit-long,jsmn_long-128-cold,730,116,958464,8192,664,4447,539,34714284,34993097,0
BT16-admit-long,jsmn_long-128-cold,730,117,966656,8192,488,4339,394,34993101,35320163,0
BT16-admit-long,jsmn_long-128-cold,730,118,974848,8192,714,4473,579,35320262,35587912,0
BT16-admit-long,jsmn_long-128-cold,730,119,983040,8192,539,4378,436,35588011,35893679,0
BT16-admit-long,jsmn_long-128-cold,730,120,991232,8192,643,4416,520,35893783,36190553,0
BT16-admit-long,jsmn_long-128-cold,730,121,999424,8192,641,4434,519,36190652,36477113,0
BT16-admit-long,jsmn_long-128-cold,730,122,1007616,8192,523,4357,424,36477220,36797408,0
BT16-admit-long,jsmn_long-128-cold,730,123,1015808,8192,700,4466,566,36797507,37069574,0
BT16-admit-long,jsmn_long-128-cold,730,124,1024000,8192,446,4331,360,37069678,37395933,0
BT16-admit-long,jsmn_long-128-cold,730,125,1032192,8192,745,4466,605,37395934,37671110,0
BT16-admit-long,jsmn_long-128-cold,730,126,1040384,8192,612,4415,494,37671113,37962977,0
BT16-admit-long,jsmn_long-128-cold,730,127,1048576,8192,567,4384,457,37962979,38278087,0
BT16-admit-long,jsmn_long-128-cold,730,128,1056768,8192,681,4456,553,38278186,38554919,0
BT16-admit-long,jsmn_long-128-cold,730,129,1064960,8192,479,4332,387,38555018,38881171,0
BT16-admit-long,jsmn_long-128-cold,730,130,1073152,8192,716,4478,582,38881177,39155668,0
BT16-admit-long,jsmn_long-128-cold,730,131,1081344,8192,586,4407,475,39155767,39455274,0
BT16-admit-long,jsmn_long-128-cold,730,132,1089536,8192,597,4394,483,39455373,39764069,0
BT16-admit-long,jsmn_long-128-cold,730,133,1097728,8192,662,4439,538,39764070,40045299,0
BT16-admit-long,jsmn_long-128-cold,730,134,1105920,8192,498,4344,403,40045398,40369639,0
BT16-admit-long,jsmn_long-128-cold,730,135,1114112,8192,696,4457,566,40369738,40635200,0
BT16-admit-long,jsmn_long-128-cold,730,136,1122304,8192,508,4365,411,40635299,40946123,0
BT16-admit-long,jsmn_long-128-cold,730,137,1130496,8192,675,4434,547,40946126,41236340,0
BT16-admit-long,jsmn_long-128-cold,730,138,1138688,8192,627,4431,508,41236342,41520396,0
BT16-admit-long,jsmn_long-128-cold,730,139,1146880,8192,538,4365,435,41520397,41838511,0
BT16-admit-long,jsmn_long-128-cold,730,140,1155072,8192,697,4463,564,41838512,42112693,0
BT16-admit-long,jsmn_long-128-cold,730,141,1163264,8192,455,4274,368,42112792,42443175,0
BT16-admit-long,jsmn_long-128-cold,730,142,1171456,8192,744,4531,601,42443178,42712253,0
BT16-admit-long,jsmn_long-128-cold,730,143,1179648,8192,578,4406,470,42712357,43005381,0
BT16-admit-long,jsmn_long-128-cold,730,144,1187840,8192,587,4388,473,43005386,43315243,0
BT16-admit-long,jsmn_long-128-cold,730,145,1196032,8192,665,4445,540,43315342,43594629,0
BT16-admit-long,jsmn_long-128-cold,730,146,1204224,8192,497,4344,403,43594728,43923742,0
BT16-admit-long,jsmn_long-128-cold,730,147,1212416,8192,712,4462,576,43923841,44188598,0
BT16-admit-long,jsmn_long-128-cold,730,148,1220608,8192,512,4369,415,44188604,44491875,0
BT16-admit-long,jsmn_long-128-cold,730,149,1228800,8192,658,4422,531,44491876,44781512,0
BT16-admit-long,jsmn_long-128-cold,730,150,1236992,8192,633,4427,514,44781611,45068480,0
BT16-admit-long,jsmn_long-128-cold,730,151,1245184,8192,529,4360,429,45068579,45388044,0
BT16-admit-long,jsmn_long-128-cold,730,152,1253376,8192,683,4452,553,45388143,45657346,0
BT16-admit-long,jsmn_long-128-cold,730,153,1261568,8192,449,4257,366,45657445,45978892,0
BT16-admit-long,jsmn_long-128-cold,730,154,1269760,8192,738,4550,595,45978897,46251035,0
BT16-admit-long,jsmn_long-128-cold,730,155,1277952,8192,586,4534,475,46251134,46543389,0
BT16-admit-long,jsmn_long-128-cold,730,156,1286144,8192,587,4389,477,46543488,46848602,0
BT16-admit-long,jsmn_long-128-cold,730,157,1294336,8192,656,4442,531,46848603,47129411,0
BT16-admit-long,jsmn_long-128-cold,730,158,1302528,8192,501,4344,403,47129510,47450128,0
BT16-admit-long,jsmn_long-128-cold,730,159,1310720,8192,712,4468,576,47450227,47720679,0
BT16-admit-long,jsmn_long-128-cold,730,160,1318912,8192,507,4370,413,47720685,48031084,0
BT16-admit-long,jsmn_long-128-cold,730,161,1327104,8192,675,4432,546,48031188,48325201,0
BT16-admit-long,jsmn_long-128-cold,730,162,1335296,8192,620,4420,503,48325300,48608134,0
BT16-admit-long,jsmn_long-128-cold,730,163,1343488,8192,552,4377,444,48608241,48930830,0
BT16-admit-long,jsmn_long-128-cold,730,164,1351680,8192,699,4460,566,48930929,49209009,0
BT16-admit-long,jsmn_long-128-cold,730,165,1359872,8192,442,4320,359,49209108,49538127,0
BT16-admit-long,jsmn_long-128-cold,730,166,1368064,8192,753,4484,610,49538239,49807672,0
BT16-admit-long,jsmn_long-128-cold,730,167,1376256,8192,601,4418,488,49807771,50100001,0
BT16-admit-long,jsmn_long-128-cold,730,168,1384448,8192,566,4378,457,50100105,50413776,0
BT16-admit-long,jsmn_long-128-cold,730,169,1392640,8192,678,4454,551,50413778,50692395,0
BT16-admit-long,jsmn_long-128-cold,730,170,1400832,8192,486,4342,393,50692494,51016166,0
BT16-admit-long,jsmn_long-128-cold,730,171,1409024,8192,716,4600,579,51016265,51287726,0
BT16-admit-long,jsmn_long-128-cold,730,172,1417216,8192,539,4388,438,51287825,51585268,0
BT16-admit-long,jsmn_long-128-cold,730,173,1425408,8192,633,4410,514,51585270,51883212,0
BT16-admit-long,jsmn_long-128-cold,730,174,1433600,8192,645,4436,518,51883215,52165210,0
BT16-admit-long,jsmn_long-128-cold,730,175,1441792,8192,514,4352,416,52165309,52487057,0
BT16-admit-long,jsmn_long-128-cold,730,176,1449984,8192,698,4459,566,52487156,52752130,0
BT16-admit-long,jsmn_long-128-cold,730,177,1458176,8192,423,4309,344,52752234,53077644,0
BT16-admit-long,jsmn_long-128-cold,730,178,1466368,8192,758,4490,612,53077648,53353024,0
BT16-admit-long,jsmn_long-128-cold,730,179,1474560,8192,602,4413,488,53353123,53638445,0
BT16-admit-long,jsmn_long-128-cold,730,180,1482752,8192,565,4378,460,53638544,53953493,0
BT16-admit-long,jsmn_long-128-cold,730,181,1490944,8192,674,4459,543,53953501,54227375,0
BT16-admit-long,jsmn_long-128-cold,730,182,1499136,8192,485,4336,393,54227376,54553020,0
BT16-admit-long,jsmn_long-128-cold,730,183,1507328,8192,711,4594,576,54553028,54823159,0
BT16-admit-long,jsmn_long-128-cold,730,184,1515520,8192,539,4380,435,54823266,55124044,0
BT16-admit-long,jsmn_long-128-cold,730,185,1523712,8192,644,4416,519,55124047,55421784,0
BT16-admit-long,jsmn_long-128-cold,730,186,1531904,8192,638,4431,516,55421883,55706052,0
BT16-admit-long,jsmn_long-128-cold,730,187,1540096,8192,527,4359,427,55706159,56025222,0
BT16-admit-long,jsmn_long-128-cold,730,188,1548288,8192,701,4462,566,56025321,56298365,0
BT16-admit-long,jsmn_long-128-cold,730,189,1556480,8192,444,4338,358,56298469,56624754,0
BT16-admit-long,jsmn_long-128-cold,730,190,1564672,8192,743,4469,602,56624755,56896809,0
BT16-admit-long,jsmn_long-128-cold,730,191,1572864,8192,606,4416,490,56896908,57190271,0
BT16-admit-long,jsmn_long-128-cold,730,192,1581056,8192,559,4374,453,57190272,57500378,0
BT16-admit-long,jsmn_long-128-cold,730,193,1589248,8192,691,4466,558,57500477,57775413,0
BT16-admit-long,jsmn_long-128-cold,730,194,1597440,8192,484,4336,390,57775512,58101240,0
BT16-admit-long,jsmn_long-128-cold,730,195,1605632,8192,700,4463,566,58101339,58368988,0
BT16-admit-long,jsmn_long-128-cold,730,196,1613824,8192,543,4382,443,58369087,58670871,0
BT16-admit-long,jsmn_long-128-cold,730,197,1622016,8192,635,4412,513,58670878,58971075,0
BT16-admit-long,jsmn_long-128-cold,730,198,1630208,8192,640,4435,519,58971174,59251995,0
BT16-admit-long,jsmn_long-128-cold,730,199,1638400,8192,511,4352,413,59252003,59566110,0
BT16-admit-long,jsmn_long-128-cold,730,200,1646592,8192,699,4462,570,59566111,59841768,0
BT16-admit-long,jsmn_long-128-cold,730,201,1654784,8192,436,4318,353,59841772,60169276,0
BT16-admit-long,jsmn_long-128-cold,730,202,1662976,8192,754,4488,610,60169277,60440647,0
BT16-admit-long,jsmn_long-128-cold,730,203,1671168,8192,587,4402,475,60440746,60730585,0
BT16-admit-long,jsmn_long-128-cold,730,204,1679360,8192,577,4384,468,60730684,61040173,0
BT16-admit-long,jsmn_long-128-cold,730,205,1687552,8192,676,4458,544,61040272,61316516,0
BT16-admit-long,jsmn_long-128-cold,730,206,1695744,8192,483,4336,390,61316615,61643543,0
BT16-admit-long,jsmn_long-128-cold,730,207,1703936,8192,697,4461,566,61643642,61906057,0
BT16-admit-long,jsmn_long-128-cold,730,208,1712128,8192,536,4377,436,61906156,62214620,0
BT16-admit-long,jsmn_long-128-cold,730,209,1720320,8192,658,4424,533,62214624,62511163,0
BT16-admit-long,jsmn_long-128-cold,730,210,1728512,8192,637,4437,514,62511262,62792872,0
BT16-admit-long,jsmn_long-128-cold,730,211,1736704,8192,517,4355,420,62792873,63104396,0
BT16-admit-long,jsmn_long-128-cold,730,212,1744896,8192,683,4454,553,63104495,63371242,0
BT16-admit-long,jsmn_long-128-cold,730,213,1753088,8192,458,4280,372,63371341,63695379,0
BT16-admit-long,jsmn_long-128-cold,730,214,1761280,8192,742,4537,601,63695382,63962990,0
BT16-admit-long,jsmn_long-128-cold,730,215,1769472,8192,578,4401,471,63963089,64249386,0
BT16-admit-long,jsmn_long-128-cold,730,216,1777664,8192,584,4387,472,64249390,64553775,0
BT16-admit-long,jsmn_long-128-cold,730,217,1785856,8192,667,4448,540,64553874,64828799,0
BT16-admit-long,jsmn_long-128-cold,730,218,1794048,8192,491,4340,399,64828898,65149330,0
BT16-admit-long,jsmn_long-128-cold,730,219,1802240,8192,698,4470,563,65149333,65409215,0
BT16-admit-long,jsmn_long-128-cold,730,220,1810432,8192,504,4370,408,65409216,65714610,0
BT16-admit-long,jsmn_long-128-cold,730,221,1818624,8192,659,4424,533,65714614,65988486,0
BT16-admit-long,jsmn_long-128-cold,730,222,1826816,8192,624,4429,508,65988585,66275594,0
BT16-admit-long,jsmn_long-128-cold,730,223,1835008,8192,555,4372,448,66275601,66586427,0
BT16-admit-long,jsmn_long-128-cold,730,224,1843200,8192,666,4448,541,66586526,66856099,0
BT16-admit-long,jsmn_long-128-cold,730,225,1851392,8192,482,4312,389,66856102,67181783,0
BT16-admit-long,jsmn_long-128-cold,730,226,1859584,8192,715,4490,579,67181786,67444288,0
BT16-admit-long,jsmn_long-128-cold,730,227,1867776,8192,559,4389,454,67444387,67735529,0
BT16-admit-long,jsmn_long-128-cold,730,228,1875968,8192,607,4399,491,67735641,68034560,0
BT16-admit-long,jsmn_long-128-cold,730,229,1884160,8192,651,4439,527,68034562,68310690,0
BT16-admit-long,jsmn_long-128-cold,730,230,1892352,8192,512,4350,414,68310691,68630070,0
BT16-admit-long,jsmn_long-128-cold,730,231,1894252,1900,69,986,57,68630169,68703354,1
BT16-admit-long,jsmn_long-128-warm,730,0,8192,8192,777,4495,625,4037010,4321253,0
BT16-admit-long,jsmn_long-128-warm,730,1,16384,8192,640,4426,519,4321352,4613591,0
BT16-admit-long,jsmn_long-128-warm,730,2,24576,8192,551,4371,446,4613597,4937368,0
BT16-admit-long,jsmn_long-128-warm,730,3,32768,8192,712,4470,577,4937370,5219632,0
BT16-admit-long,jsmn_long-128-warm,730,4,40960,8192,452,4334,365,5219731,5551647,0
BT16-admit-long,jsmn_long-128-warm,730,5,49152,8192,769,4492,621,5551648,5830071,0
BT16-admit-long,jsmn_long-128-warm,730,6,57344,8192,616,4419,501,5830170,6121948,0
BT16-admit-long,jsmn_long-128-warm,730,7,65536,8192,562,4376,455,6122047,6445425,0
BT16-admit-long,jsmn_long-128-warm,730,8,73728,8192,700,4459,566,6445524,6728929,0
BT16-admit-long,jsmn_long-128-warm,730,9,81920,8192,457,4303,372,6729028,7057953,0
BT16-admit-long,jsmn_long-128-warm,730,10,90112,8192,759,4519,614,7057956,7338076,0
BT16-admit-long,jsmn_long-128-warm,730,11,98304,8192,615,4415,497,7338175,7631863,0
BT16-admit-long,jsmn_long-128-warm,730,12,106496,8192,565,4379,459,7631867,7953071,0
BT16-admit-long,jsmn_long-128-warm,730,13,114688,8192,698,4463,566,7953170,8233399,0
BT16-admit-long,jsmn_long-128-warm,730,14,122880,8192,466,4277,377,8233498,8563727,0
BT16-admit-long,jsmn_long-128-warm,730,15,131072,8192,747,4539,605,8563730,8842763,0
BT16-admit-long,jsmn_long-128-warm,730,16,139264,8192,602,4417,488,8842862,9137794,0
BT16-admit-long,jsmn_long-128-warm,730,17,147456,8192,580,4384,468,9137893,9452661,0
BT16-admit-long,jsmn_long-128-warm,730,18,155648,8192,688,4452,554,9452760,9738418,0
BT16-admit-long,jsmn_long-128-warm,730,19,163840,8192,487,4338,392,9738421,10069053,0
BT16-admit-long,jsmn_long-128-warm,730,20,172032,8192,736,4477,598,10069256,10343941,0
BT16-admit-long,jsmn_long-128-warm,730,21,180224,8192,591,4409,478,10343942,10643711,0
BT16-admit-long,jsmn_long-128-warm,730,22,188416,8192,615,4405,493,10643715,10960380,0
BT16-admit-long,jsmn_long-128-warm,730,23,196608,8192,686,4458,552,10960384,11239106,0
BT16-admit-long,jsmn_long-128-warm,730,24,204800,8192,505,4354,407,11239205,11570987,0
BT16-admit-long,jsmn_long-128-warm,730,25,212992,8192,731,4479,592,11571086,11853010,0
BT16-admit-long,jsmn_long-128-warm,730,26,221184,8192,584,4407,475,11853109,12153203,0
BT16-admit-long,jsmn_long-128-warm,730,27,229376,8192,612,4400,494,12153307,12465265,0
BT16-admit-long,jsmn_long-128-warm,730,28,237568,8192,673,4451,544,12465364,12749391,0
BT16-admit-long,jsmn_long-128-warm,730,29,245760,8192,499,4344,403,12749490,13078888,0
BT16-admit-long,jsmn_long-128-warm,730,30,253952,8192,715,4469,579,13078987,13347481,0
BT16-admit-long,jsmn_long-128-warm,730,31,262144,8192,548,4385,445,13347580,13652952,0
BT16-admit-long,jsmn_long-128-warm,730,32,270336,8192,647,4419,524,13652953,13958756,0
BT16-admit-long,jsmn_long-128-warm,730,33,278528,8192,654,4435,529,13958855,14244877,0
BT16-admit-long,jsmn_long-128-warm,730,34,286720,8192,519,4354,422,14244879,14571942,0
BT16-admit-long,jsmn_long-128-warm,730,35,294912,8192,717,4470,580,14571947,14848707,0
BT16-admit-long,jsmn_long-128-warm,730,36,303104,8192,529,4376,427,14848710,15160685,0
BT16-admit-long,jsmn_long-128-warm,730,37,311296,8192,673,4432,546,15160689,15461392,0
BT16-admit-long,jsmn_long-128-warm,730,38,319488,8192,649,4434,527,15461491,15747858,0
BT16-admit-long,jsmn_long-128-warm,730,39,327680,8192,516,4354,418,15747957,16071993,0
BT16-admit-long,jsmn_long-128-warm,730,40,335872,8192,709,4468,577,16071995,16351237,0
BT16-admit-long,jsmn_long-128-warm,730,41,344064,8192,493,4362,400,16351336,16666787,0
BT16-admit-long,jsmn_long-128-warm,730,42,352256,8192,703,4446,569,16666894,16956250,0
BT16-admit-long,jsmn_long-128-warm,730,43,360448,8192,622,4425,506,16956349,17240595,0
BT16-admit-long,jsmn_long-128-warm,730,44,368640,8192,553,4371,446,17240603,17559959,0
BT16-admit-long,jsmn_long-128-warm,730,45,376832,8192,690,4460,557,17559960,17835300,0
BT16-admit-long,jsmn_long-128-warm,730,46,385024,8192,454,4294,368,17835399,18166146,0
BT16-admit-long,jsmn_long-128-warm,730,47,393216,8192,757,4518,610,18166149,18440570,0
BT16-admit-long,jsmn_long-128-warm,730,48,401408,8192,592,4409,479,18440573,18733016,0
BT16-admit-long,jsmn_long-128-warm,730,49,409600,8192,576,4382,465,18733115,19039300,0
BT16-admit-long,jsmn_long-128-warm,730,50,417792,8192,671,4452,546,19039307,19323768,0
BT16-admit-long,jsmn_long-128-warm,730,51,425984,8192,484,4338,392,19323867,19650088,0
BT16-admit-long,jsmn_long-128-warm,730,52,434176,8192,731,4608,593,19650090,19927189,0
BT16-admit-long,jsmn_long-128-warm,730,53,442368,8192,550,4391,446,19927392,20223429,0
BT16-admit-long,jsmn_long-128-warm,730,54,450560,8192,624,4408,507,20223528,20529206,0
BT16-admit-long,jsmn_long-128-warm,730,55,458752,8192,652,4437,527,20529305,20809359,0
BT16-admit-long,jsmn_long-128-warm,730,56,466944,8192,517,4354,418,20809458,21138153,0
BT16-admit-long,jsmn_long-128-warm,730,57,475136,8192,712,4463,577,21138154,21408334,0
BT16-admit-long,jsmn_long-128-warm,730,58,483328,8192,492,4359,399,21408433,21722068,0
BT16-admit-long,jsmn_long-128-warm,730,59,491520,8192,689,4440,559,21722069,22013411,0
BT16-admit-long,jsmn_long-128-warm,730,60,499712,8192,647,4438,525,22013413,22305815,0
BT16-admit-long,jsmn_long-128-warm,730,61,507904,8192,533,4360,429,22305914,22624117,0
BT16-admit-long,jsmn_long-128-warm,730,62,516096,8192,699,4462,566,22624216,22900433,0
BT16-admit-long,jsmn_long-128-warm,730,63,524288,8192,436,4300,355,22900532,23225077,0
BT16-admit-long,jsmn_long-128-warm,730,64,532480,8192,762,4508,614,23225080,23500148,0
BT16-admit-long,jsmn_long-128-warm,730,65,540672,8192,600,4406,485,23500247,23790367,0
BT16-admit-long,jsmn_long-128-warm,730,66,548864,8192,565,4379,458,23790373,24103382,0
BT16-admit-long,jsmn_long-128-warm,730,67,557056,8192,686,4456,555,24103481,24386166,0
BT16-admit-long,jsmn_long-128-warm,730,68,565248,8192,477,4334,388,24386167,24713041,0
BT16-admit-long,jsmn_long-128-warm,730,69,573440,8192,727,4472,589,24713140,24982345,0
BT16-admit-long,jsmn_long-128-warm,730,70,581632,8192,565,4394,461,24982351,25284238,0
BT16-admit-long,jsmn_long-128-warm,730,71,589824,8192,617,4403,498,25284242,25591677,0
BT16-admit-long,jsmn_long-128-warm,730,72,598016,8192,654,4439,529,25591776,25872731,0
BT16-admit-long,jsmn_long-128-warm,730,73,606208,8192,513,4351,414,25872838,26197001,0
BT16-admit-long,jsmn_long-128-warm,730,74,614400,8192,704,4459,568,26197100,26469633,0
BT16-admit-long,jsmn_long-128-warm,730,75,622592,8192,513,4369,417,26469635,26779390,0
BT16-admit-long,jsmn_long-128-warm,730,76,630784,8192,679,4435,550,26779391,27069739,0
BT16-admit-long,jsmn_long-128-warm,730,77,638976,8192,618,4419,501,27069838,27353206,0
BT16-admit-long,jsmn_long-128-warm,730,78,647168,8192,545,4368,442,27353310,27674313,0
BT16-admit-long,jsmn_long-128-warm,730,79,655360,8192,682,4453,553,27674412,27945590,0
BT16-admit-long,jsmn_long-128-warm,730,80,663552,8192,453,4275,368,27945689,28273914,0
BT16-admit-long,jsmn_long-128-warm,730,81,671744,8192,742,4531,601,28273917,28540948,0
BT16-admit-long,jsmn_long-128-warm,730,82,679936,8192,591,4406,477,28541052,28839683,0
BT16-admit-long,jsmn_long-128-warm,730,83,688128,8192,590,4390,479,28839684,29148993,0
BT16-admit-long,jsmn_long-128-warm,730,84,696320,8192,668,4447,540,29149092,29428774,0
BT16-admit-long,jsmn_long-128-warm,730,85,704512,8192,483,4336,390,29428873,29752926,0
BT16-admit-long,jsmn_long-128-warm,730,86,712704,8192,714,4475,579,29753025,30023397,0
BT16-admit-long,jsmn_long-128-warm,730,87,720896,8192,540,4384,438,30023496,30327726,0
BT16-admit-long,jsmn_long-128-warm,730,88,729088,8192,644,4424,522,30327727,30628390,0
BT16-admit-long,jsmn_long-128-warm,730,89,737280,8192,648,4445,525,30628489,30909025,0
BT16-admit-long,jsmn_long-128-warm,730,90,745472,8192,524,4356,422,30909032,31224978,0
BT16-admit-long,jsmn_long-128-warm,730,91,753664,8192,686,4459,555,31225077,31498872,0
BT16-admit-long,jsmn_long-128-warm,730,92,761856,8192,433,4310,353,31498873,31822912,0
BT16-admit-long,jsmn_long-128-warm,730,93,770048,8192,760,4492,614,31823010,32096878,0
BT16-admit-long,jsmn_long-128-warm,730,94,778240,8192,602,4416,488,32096977,32388852,0
BT16-admit-long,jsmn_long-128-warm,730,95,786432,8192,580,4384,468,32388951,32704590,0
BT16-admit-long,jsmn_long-128-warm,730,96,794624,8192,675,4447,549,32704689,32983974,0
BT16-admit-long,jsmn_long-128-warm,730,97,802816,8192,488,4330,394,32983977,33316119,0
BT16-admit-long,jsmn_long-128-warm,730,98,811008,8192,716,4476,579,33316122,33587868,0
BT16-admit-long,jsmn_long-128-warm,730,99,819200,8192,593,4417,481,33587967,33890034,0
BT16-admit-long,jsmn_long-128-warm,730,100,827392,8192,598,4394,487,33890035,34196521,0
BT16-admit-long,jsmn_long-128-warm,730,101,835584,8192,647,4433,521,34196526,34471864,0
BT16-admit-long,jsmn_long-128-warm,730,102,843776,8192,513,4350,414,34471865,34797120,0
BT16-admit-long,jsmn_long-128-warm,730,103,851968,8192,701,4463,566,34797219,35064727,0
BT16-admit-long,jsmn_long-128-warm,730,104,860160,8192,496,4365,405,35064826,35377343,0
BT16-admit-long,jsmn_long-128-warm,730,105,868352,8192,683,4436,551,35377348,35666455,0
BT16-admit-long,jsmn_long-128-warm,730,106,876544,8192,624,4421,506,35666554,35952958,0
BT16-admit-long,jsmn_long-128-warm,730,107,884736,8192,544,4367,439,35953065,36271774,0
BT16-admit-long,jsmn_long-128-warm,730,108,892928,8192,697,4461,564,36271776,36548053,0
BT16-admit-long,jsmn_long-128-warm,730,109,901120,8192,448,4256,364,36548152,36872284,0
BT16-admit-long,jsmn_long-128-warm,730,110,909312,8192,735,4548,594,36872382,37143945,0
BT16-admit-long,jsmn_long-128-warm,730,111,917504,8192,601,4407,486,37143947,37439285,0
BT16-admit-long,jsmn_long-128-warm,730,112,925696,8192,580,4386,470,37439384,37750857,0
BT16-admit-long,jsmn_long-128-warm,730,113,933888,8192,687,4457,555,37750859,38030831,0
BT16-admit-long,jsmn_long-128-warm,730,114,942080,8192,483,4336,390,38030930,38357830,0
BT16-admit-long,jsmn_long-128-warm,730,115,950272,8192,713,4472,579,38357929,38626283,0
BT16-admit-long,jsmn_long-128-warm,730,116,958464,8192,543,4388,439,38626382,38931225,0
BT16-admit-long,jsmn_long-128-warm,730,117,966656,8192,645,4418,525,38931428,39233292,0
BT16-admit-long,jsmn_long-128-warm,730,118,974848,8192,644,4437,521,39233297,39519819,0
BT16-admit-long,jsmn_long-128-warm,730,119,983040,8192,527,4358,427,39519820,39843361,0
BT16-admit-long,jsmn_long-128-warm,730,120,991232,8192,697,4457,566,39843460,40114368,0
BT16-admit-long,jsmn_long-128-warm,730,121,999424,8192,467,4342,380,40114472,40435020,0
BT16-admit-long,jsmn_long-128-warm,730,122,1007616,8192,710,4449,573,40435021,40708651,0
BT16-admit-long,jsmn_long-128-warm,730,123,1015808,8192,604,4415,491,40708658,40998476,0
BT16-admit-long,jsmn_long-128-warm,730,124,1024000,8192,561,4376,455,40998575,41314945,0
BT16-admit-long,jsmn_long-128-warm,730,125,1032192,8192,671,4454,542,41315044,41589192,0
BT16-admit-long,jsmn_long-128-warm,730,126,1040384,8192,479,4334,388,41589193,41918427,0
BT16-admit-long,jsmn_long-128-warm,730,127,1048576,8192,732,4481,592,41918526,42188267,0
BT16-admit-long,jsmn_long-128-warm,730,128,1056768,8192,560,4390,451,42188366,42486405,0
BT16-admit-long,jsmn_long-128-warm,730,129,1064960,8192,617,4403,501,42486512,42789652,0
BT16-admit-long,jsmn_long-128-warm,730,130,1073152,8192,651,4443,527,42789655,43069227,0
BT16-admit-long,jsmn_long-128-warm,730,131,1081344,8192,503,4347,407,43069231,43394786,0
BT16-admit-long,jsmn_long-128-warm,730,132,1089536,8192,713,4469,579,43394885,43667227,0
BT16-admit-long,jsmn_long-128-warm,730,133,1097728,8192,499,4358,406,43667326,43980711,0
BT16-admit-long,jsmn_long-128-warm,730,134,1105920,8192,681,4435,550,43980715,44263304,0
BT16-admit-long,jsmn_long-128-warm,730,135,1114112,8192,616,4418,499,44263403,44548253,0
BT16-admit-long,jsmn_long-128-warm,730,136,1122304,8192,544,4366,440,44548257,44859687,0
BT16-admit-long,jsmn_long-128-warm,730,137,1130496,8192,686,4454,555,44859690,45137191,0
BT16-admit-long,jsmn_long-128-warm,730,138,1138688,8192,467,4301,379,45137197,45465818,0
BT16-admit-long,jsmn_long-128-warm,730,139,1146880,8192,715,4496,579,45465821,45728039,0
BT16-admit-long,jsmn_long-128-warm,730,140,1155072,8192,561,4399,454,45728138,46023944,0
BT16-admit-long,jsmn_long-128-warm,730,141,1163264,8192,613,4402,496,46024043,46329690,0
BT16-admit-long,jsmn_long-128-warm,730,142,1171456,8192,648,4564,525,46329691,46608117,0
BT16-admit-long,jsmn_long-128-warm,730,143,1179648,8192,513,4352,416,46608216,46928129,0
BT16-admit-long,jsmn_long-128-warm,730,144,1187840,8192,698,4463,566,46928228,47200254,0
BT16-admit-long,jsmn_long-128-warm,730,145,1196032,8192,468,4347,380,47200353,47517599,0
BT16-admit-long,jsmn_long-128-warm,730,146,1204224,8192,715,4452,576,47517602,47799080,0
BT16-admit-long,jsmn_long-128-warm,730,147,1212416,8192,617,4423,501,47799179,48087842,0
BT16-admit-long,jsmn_long-128-warm,730,148,1220608,8192,563,4376,455,48087941,48403620,0
BT16-admit-long,jsmn_long-128-warm,730,149,1228800,8192,667,4443,540,48403719,48678635,0
BT16-admit-long,jsmn_long-128-warm,730,150,1236992,8192,489,4313,394,48678734,49008798,0
BT16-admit-long,jsmn_long-128-warm,730,151,1245184,8192,731,4509,592,49008801,49282222,0
BT16-admit-long,jsmn_long-128-warm,730,152,1253376,8192,585,4404,475,49282321,49580082,0
BT16-admit-long,jsmn_long-128-warm,730,153,1261568,8192,587,4389,477,49580181,49885855,0
BT16-admit-long,jsmn_long-128-warm,730,154,1269760,8192,658,4447,533,49885859,50166841,0
BT16-admit-long,jsmn_long-128-warm,730,155,1277952,8192,500,4344,404,50166842,50492734,0
BT16-admit-long,jsmn_long-128-warm,730,156,1286144,8192,709,4470,576,50492937,50765129,0
BT16-admit-long,jsmn_long-128-warm,730,157,1294336,8192,529,4512,428,50765228,51070789,0
BT16-admit-long,jsmn_long-128-warm,730,158,1302528,8192,657,4422,531,51070791,51363044,0
BT16-admit-long,jsmn_long-128-warm,730,159,1310720,8192,634,4434,514,51363143,51646178,0
BT16-admit-long,jsmn_long-128-warm,730,160,1318912,8192,531,4360,429,51646277,51961075,0
BT16-admit-long,jsmn_long-128-warm,730,161,1327104,8192,684,4456,553,51961174,52236443,0
BT16-admit-long,jsmn_long-128-warm,730,162,1335296,8192,454,4275,368,52236542,52561531,0
BT16-admit-long,jsmn_long-128-warm,730,163,1343488,8192,730,4522,590,52561629,52827685,0
BT16-admit-long,jsmn_long-128-warm,730,164,1351680,8192,584,4405,473,52827686,53120829,0
BT16-admit-long,jsmn_long-128-warm,730,165,1359872,8192,593,4392,481,53120928,53429117,0
BT16-admit-long,jsmn_long-128-warm,730,166,1368064,8192,656,4441,533,53429216,53706007,0
BT16-admit-long,jsmn_long-128-warm,730,167,1376256,8192,494,4342,399,53706012,54031659,0
BT16-admit-long,jsmn_long-128-warm,730,168,1384448,8192,720,4481,583,54031660,54298277,0
BT16-admit-long,jsmn_long-128-warm,730,169,1392640,8192,511,4493,412,54298376,54607893,0
BT16-admit-long,jsmn_long-128-warm,730,170,1400832,8192,671,4430,544,54607895,54897825,0
BT16-admit-long,jsmn_long-128-warm,730,171,1409024,8192,621,4421,501,54897924,55184107,0
BT16-admit-long,jsmn_long-128-warm,730,172,1417216,8192,547,4368,442,55184206,55500502,0
BT16-admit-long,jsmn_long-128-warm,730,173,1425408,8192,684,4454,553,55500601,55774198,0
BT16-admit-long,jsmn_long-128-warm,730,174,1433600,8192,453,4261,368,55774297,56102428,0
BT16-admit-long,jsmn_long-128-warm,730,175,1441792,8192,744,4551,601,56102431,56373609,0
BT16-admit-long,jsmn_long-128-warm,730,176,1449984,8192,581,4403,468,56373612,56667776,0
BT16-admit-long,jsmn_long-128-warm,730,177,1458176,8192,592,4390,479,56667777,56973202,0
BT16-admit-long,jsmn_long-128-warm,730,178,1466368,8192,661,4443,536,56973301,57254398,0
BT16-admit-long,jsmn_long-128-warm,730,179,1474560,8192,492,4342,399,57254399,57579680,0
BT16-admit-long,jsmn_long-128-warm,730,180,1482752,8192,719,4479,579,57579787,57851476,0
BT16-admit-long,jsmn_long-128-warm,730,181,1490944,8192,510,4369,412,57851575,58154029,0
BT16-admit-long,jsmn_long-128-warm,730,182,1499136,8192,673,4430,544,58154030,58444446,0
BT16-admit-long,jsmn_long-128-warm,730,183,1507328,8192,620,4420,503,58444545,58732244,0
BT16-admit-long,jsmn_long-128-warm,730,184,1515520,8192,543,4366,440,58732246,59047639,0
BT16-admit-long,jsmn_long-128-warm,730,185,1523712,8192,682,4457,553,59047738,59321969,0
BT16-admit-long,jsmn_long-128-warm,730,186,1531904,8192,449,4279,364,59322068,59642976,0
BT16-admit-long,jsmn_long-128-warm,730,187,1540096,8192,729,4518,592,59642979,59916095,0
BT16-admit-long,jsmn_long-128-warm,730,188,1548288,8192,587,4409,476,59916194,60213628,0
BT16-admit-long,jsmn_long-128-warm,730,189,1556480,8192,592,4392,480,60213631,60517805,0
BT16-admit-long,jsmn_long-128-warm,730,190,1564672,8192,651,4434,527,60517904,60796848,0
BT16-admit-long,jsmn_long-128-warm,730,191,1572864,8192,504,4354,407,60796947,61122175,0
BT16-admit-long,jsmn_long-128-warm,730,192,1581056,8192,710,4469,575,61122274,61390520,0
BT16-admit-long,jsmn_long-128-warm,730,193,1589248,8192,501,4362,403,61390521,61699946,0
BT16-admit-long,jsmn_long-128-warm,730,194,1597440,8192,667,4427,541,61699947,61980087,0
BT16-admit-long,jsmn_long-128-warm,730,195,1605632,8192,622,4422,506,61980093,62274516,0
BT16-admit-long,jsmn_long-128-warm,730,196,1613824,8192,543,4366,440,62274518,62590616,0
BT16-admit-long,jsmn_long-128-warm,730,197,1622016,8192,690,4464,557,62590715,62860061,0
BT16-admit-long,jsmn_long-128-warm,730,198,1630208,8192,464,4316,377,62860160,63181418,0
BT16-admit-long,jsmn_long-128-warm,730,199,1638400,8192,722,4492,583,63181516,63445204,0
BT16-admit-long,jsmn_long-128-warm,730,200,1646592,8192,568,4399,462,63445303,63737581,0
BT16-admit-long,jsmn_long-128-warm,730,201,1654784,8192,610,4400,494,63737680,64037633,0
BT16-admit-long,jsmn_long-128-warm,730,202,1662976,8192,639,4431,520,64037732,64312638,0
BT16-admit-long,jsmn_long-128-warm,730,203,1671168,8192,507,4349,410,64312642,64630413,0
BT16-admit-long,jsmn_long-128-warm,730,204,1679360,8192,708,4469,575,64630512,64899882,0
BT16-admit-long,jsmn_long-128-warm,730,205,1687552,8192,470,4348,381,64899886,65210893,0
BT16-admit-long,jsmn_long-128-warm,730,206,1695744,8192,706,4455,570,65210897,65481146,0
BT16-admit-long,jsmn_long-128-warm,730,207,1703936,8192,590,4414,477,65481245,65763490,0
BT16-admit-long,jsmn_long-128-warm,730,208,1712128,8192,561,4374,453,65763492,66064989,0
BT16-admit-long,jsmn_long-128-warm,730,209,1720320,8192,669,4451,545,66065088,66341612,0
BT16-admit-long,jsmn_long-128-warm,730,210,1728512,8192,493,4342,398,66341620,66664995,0
BT16-admit-long,jsmn_long-128-warm,730,211,1736704,8192,709,4469,575,66665099,66928051,0
BT16-admit-long,jsmn_long-128-warm,730,212,1744896,8192,550,4384,446,66928052,67228941,0
BT16-admit-long,jsmn_long-128-warm,730,213,1753088,8192,620,4405,501,67228945,67520296,0
BT16-admit-long,jsmn_long-128-warm,730,214,1761280,8192,638,4428,517,67520395,67797480,0
BT16-admit-long,jsmn_long-128-warm,730,215,1769472,8192,525,4358,426,67797683,68113580,0
BT16-admit-long,jsmn_long-128-warm,730,216,1777664,8192,688,4458,558,68113679,68380985,0
BT16-admit-long,jsmn_long-128-warm,730,217,1785828,8164,435,4299,351,68381092,68703354,1
BT16-admit-long,miniz_long-128-cold,730,0,8192,8192,314,345,331,3438,296109,0
BT16-admit-long,miniz_long-128-cold,730,1,16384,8192,1197,2204,1456,296112,591612,0
BT16-admit-long,miniz_long-128-cold,730,2,24576,8192,473,651,503,591618,878436,0
BT16-admit-long,miniz_long-128-cold,730,3,32768,8192,1000,1722,1172,878541,1152960,0
BT16-admit-long,miniz_long-128-cold,730,4,40960,8192,669,1135,762,1152961,1427198,0
BT16-admit-long,miniz_long-128-cold,730,5,49152,8192,756,1269,919,1427303,1744405,0
BT16-admit-long,miniz_long-128-cold,730,6,57344,8192,900,1568,1072,1744410,2027274,0
BT16-admit-long,miniz_long-128-cold,730,7,65536,8192,544,830,622,2027277,2322540,0
BT16-admit-long,miniz_long-128-cold,730,8,73728,8192,1203,2145,1450,2322543,2633672,0
BT16-admit-long,miniz_long-128-cold,730,9,81920,8192,291,358,303,2633675,2887227,0
BT16-admit-long,miniz_long-128-cold,730,10,90112,8192,1467,2594,1757,2887229,3227018,0
BT16-admit-long,miniz_long-128-cold,730,11,98304,8192,240,190,243,3227023,3462220,0
BT16-admit-long,miniz_long-128-cold,730,12,106496,8192,1310,2548,1555,3462328,3811004,0
BT16-admit-long,miniz_long-128-cold,730,13,114688,8192,260,266,276,3811007,4034803,0
BT16-admit-long,miniz_long-128-cold,730,14,122880,8192,1441,2629,1693,4034908,4388151,0
BT16-admit-long,miniz_long-128-cold,730,15,131072,8192,255,272,271,4388256,4631450,0
BT16-admit-long,miniz_long-128-cold,730,16,139264,8192,1462,2614,1748,4631453,4966122,0
BT16-admit-long,miniz_long-128-cold,730,17,147456,8192,283,303,306,4966125,5252896,0
BT16-admit-long,miniz_long-128-cold,730,18,155648,8192,1517,2607,1765,5252899,5585478,0
BT16-admit-long,miniz_long-128-cold,730,19,163840,8192,284,297,308,5585481,5858091,0
BT16-admit-long,miniz_long-128-cold,730,20,172032,8192,1513,2632,1746,5858094,6192977,0
BT16-admit-long,miniz_long-128-cold,730,21,180224,8192,296,311,317,6193339,6479298,0
BT16-admit-long,miniz_long-128-cold,730,22,188416,8192,1235,2145,1465,6479301,6771115,0
BT16-admit-long,miniz_long-128-cold,730,23,196608,8192,541,790,598,6771129,7077999,0
BT16-admit-long,miniz_long-128-cold,730,24,204800,8192,907,1487,1078,7078104,7373403,0
BT16-admit-long,miniz_long-128-cold,730,25,212992,8192,843,1406,952,7373614,7661620,0
BT16-admit-long,miniz_long-128-cold,730,26,221184,8192,607,865,661,7661623,7959202,0
BT16-admit-long,miniz_long-128-cold,730,27,229376,8192,1215,2080,1412,7959204,8270165,0
BT16-admit-long,miniz_long-128-cold,730,28,237568,8192,305,348,309,8270168,8514291,0
BT16-admit-long,miniz_long-128-cold,730,29,245760,8192,1479,2622,1797,8514396,8847345,0
BT16-admit-long,miniz_long-128-cold,730,30,253952,8192,199,177,203,8847353,9071912,0
BT16-admit-long,miniz_long-128-cold,730,31,262144,8192,1436,2504,1679,9072017,9421286,0
BT16-admit-long,miniz_long-128-cold,730,32,270336,8192,254,271,281,9421391,9633413,0
BT16-admit-long,miniz_long-128-cold,730,33,278528,8192,1535,2673,1761,9633424,9975668,0
BT16-admit-long,miniz_long-128-cold,730,34,286720,8192,270,282,289,9975671,10261677,0
BT16-admit-long,miniz_long-128-cold,730,35,294912,8192,1546,2746,1824,10261680,10607072,0
BT16-admit-long,miniz_long-128-cold,730,36,303104,8192,285,300,310,10607175,10905938,0
BT16-admit-long,miniz_long-128-cold,730,37,311296,8192,1557,2648,1782,10905941,11242498,0
BT16-admit-long,miniz_long-128-cold,730,38,319488,8192,292,303,304,11242505,11528185,0
BT16-admit-long,miniz_long-128-cold,730,39,327680,8192,1258,2142,1442,11528188,11823250,0
BT16-admit-long,miniz_long-128-cold,730,40,335872,8192,593,836,643,11823361,12117059,0
BT16-admit-long,miniz_long-128-cold,730,41,344064,8192,904,1523,1044,12117064,12409477,0
BT16-admit-long,miniz_long-128-cold,730,42,352256,8192,872,1496,1005,12409493,12699345,0
BT16-admit-long,miniz_long-128-cold,730,43,360448,8192,579,872,664,12699348,13013620,0
BT16-admit-long,miniz_long-128-cold,730,44,368640,8192,1220,2069,1422,13013623,13339426,0
BT16-admit-long,miniz_long-128-cold,730,45,376832,8192,294,362,305,13339429,13618876,0
BT16-admit-long,miniz_long-128-cold,730,46,385024,8192,1567,2668,1839,13618982,13965266,0
BT16-admit-long,miniz_long-128-cold,730,47,393216,8192,202,172,206,13965271,14187930,0
BT16-admit-long,miniz_long-128-cold,730,48,401408,8192,1465,2578,1677,14188035,14545914,0
BT16-admit-long,miniz_long-128-cold,730,49,409600,8192,259,274,277,14545919,14767203,0
BT16-admit-long,miniz_long-128-cold,730,50,417792,8192,1471,2622,1724,14767214,15100884,0
BT16-admit-long,miniz_long-128-cold,730,51,425984,8192,287,298,314,15100887,15386648,0
BT16-admit-long,miniz_long-128-cold,730,52,434176,8192,1515,2743,1798,15386651,15723103,0
BT16-admit-long,miniz_long-128-cold,730,53,442368,8192,303,326,336,15723106,15996879,0
BT16-admit-long,miniz_long-128-cold,730,54,450560,8192,1509,2622,1784,15996882,16313892,0
BT16-admit-long,miniz_long-128-cold,730,55,458752,8192,364,383,361,16313984,16617185,0
BT16-admit-long,miniz_long-128-cold,730,56,466944,8192,1115,1828,1297,16617188,16896621,0
BT16-admit-long,miniz_long-128-cold,730,57,475136,8192,722,1177,819,16896627,17178745,0
BT16-admit-long,miniz_long-128-cold,730,58,483328,8192,782,1136,845,17178857,17482641,0
BT16-admit-long,miniz_long-128-cold,730,59,491520,8192,1091,1821,1246,17482745,17779218,0
BT16-admit-long,miniz_long-128-cold,730,60,499712,8192,406,566,444,17779221,18074207,0
BT16-admit-long,miniz_long-128-cold,730,61,507904,8192,1345,2354,1598,18074413,18393977,0
BT16-admit-long,miniz_long-128-cold,730,62,516096,8192,268,268,271,18393980,18640255,0
BT16-admit-long,miniz_long-128-cold,730,63,524288,8192,1432,2552,1709,18640258,19006460,0
BT16-admit-long,miniz_long-128-cold,730,64,532480,8192,242,241,253,19006574,19217651,0
BT16-admit-long,miniz_long-128-cold,730,65,540672,8192,1471,2685,1746,19217657,19564209,0
BT16-admit-long,miniz_long-128-cold,730,66,548864,8192,264,274,274,19564314,19820707,0
BT16-admit-long,miniz_long-128-cold,730,67,557056,8192,1545,2741,1794,19820710,20160557,0
BT16-admit-long,miniz_long-128-cold,730,68,565248,8192,289,291,297,20160560,20445482,0
BT16-admit-long,miniz_long-128-cold,730,69,573440,8192,1519,2714,1781,20445585,20771585,0
BT16-admit-long,miniz_long-128-cold,730,70,581632,8192,282,286,303,20771588,21068927,0
BT16-admit-long,miniz_long-128-cold,730,71,589824,8192,1369,2354,1622,21068930,21375724,0
BT16-admit-long,miniz_long-128-cold,730,72,598016,8192,496,681,530,21375725,21671064,0
BT16-admit-long,miniz_long-128-cold,730,73,606208,8192,996,1606,1167,21671169,21965970,0
BT16-admit-long,miniz_long-128-cold,730,74,614400,8192,851,1429,985,21966081,22256797,0
BT16-admit-long,miniz_long-128-cold,730,75,622592,8192,576,822,650,22256800,22540474,0
BT16-admit-long,miniz_long-128-cold,730,76,630784,8192,1259,2222,1476,22540577,22855303,0
BT16-admit-long,miniz_long-128-cold,730,77,638976,8192,272,338,275,22855306,23117663,0
BT16-admit-long,miniz_long-128-cold,730,78,647168,8192,1551,2674,1827,23117768,23487629,0
BT16-admit-long,miniz_long-128-cold,730,79,655360,8192,227,212,240,23487632,23694778,0
BT16-admit-long,miniz_long-128-cold,730,80,663552,8192,1541,2708,1739,23694883,24024396,0
BT16-admit-long,miniz_long-128-cold,730,81,671744,8192,274,291,302,24024501,24314214,0
BT16-admit-long,miniz_long-128-cold,730,82,679936,8192,1603,2803,1896,24314217,24661374,0
BT16-admit-long,miniz_long-128-cold,730,83,688128,8192,298,292,310,24661377,24947026,0
BT16-admit-long,miniz_long-128-cold,730,84,696320,8192,1544,2614,1810,24947029,25274927,0
BT16-admit-long,miniz_long-128-cold,730,85,704512,8192,356,376,359,25275049,25564774,0
BT16-admit-long,miniz_long-128-cold,730,86,712704,8192,1115,1860,1282,25564777,25844585,0
BT16-admit-long,miniz_long-128-cold,730,87,720896,8192,777,1209,872,25844719,26119945,0
BT16-admit-long,miniz_long-128-cold,730,88,729088,8192,700,1020,766,26119948,26440807,0
BT16-admit-long,miniz_long-128-cold,730,89,737280,8192,1199,2007,1374,26440813,26748945,0
BT16-admit-long,miniz_long-128-cold,730,90,745472,8192,317,381,329,26748948,27033448,0
BT16-admit-long,miniz_long-128-cold,730,91,753664,8192,1610,2626,1824,27033452,27372957,0
BT16-admit-long,miniz_long-128-cold,730,92,761856,8192,207,170,211,27372962,27593031,0
BT16-admit-long,miniz_long-128-cold,730,93,770048,8192,1472,2595,1708,27593136,27946367,0
BT16-admit-long,miniz_long-128-cold,730,94,778240,8192,265,275,287,27946472,28175265,0
BT16-admit-long,miniz_long-128-cold,730,95,786432,8192,1535,2694,1819,28175280,28517624,0
BT16-admit-long,miniz_long-128-cold,730,96,794624,8192,323,328,334,28517627,28805172,0
BT16-admit-long,miniz_long-128-cold,730,97,802816,8192,1625,2698,1845,28805175,29149205,0
BT16-admit-long,miniz_long-128-cold,730,98,811008,8192,297,303,310,29149208,29421663,0
BT16-admit-long,miniz_long-128-cold,730,99,819200,8192,1271,2144,1471,29421666,29715562,0
BT16-admit-long,miniz_long-128-cold,730,100,827392,8192,610,911,657,29715577,30003980,0
BT16-admit-long,miniz_long-128-cold,730,101,835584,8192,826,1255,915,30004085,30297628,0
BT16-admit-long,miniz_long-128-cold,730,102,843776,8192,1023,1737,1190,30297640,30601363,0
BT16-admit-long,miniz_long-128-cold,730,103,851968,8192,447,628,480,30601466,30899977,0
BT16-admit-long,miniz_long-128-cold,730,104,860160,8192,1434,2451,1680,30900096,31249400,0
BT16-admit-long,miniz_long-128-cold,730,105,868352,8192,244,190,249,31249403,31493474,0
BT16-admit-long,miniz_long-128-cold,730,106,876544,8192,1438,2634,1725,31493480,31835172,0
BT16-admit-long,miniz_long-128-cold,730,107,884736,8192,280,301,305,31835277,32050769,0
BT16-admit-long,miniz_long-128-cold,730,108,892928,8192,1615,2722,1858,32050776,32390514,0
BT16-admit-long,miniz_long-128-cold,730,109,901120,8192,290,287,293,32390517,32676000,0
BT16-admit-long,miniz_long-128-cold,730,110,909312,8192,1632,2788,1842,32676003,33019644,0
BT16-admit-long,miniz_long-128-cold,730,111,917504,8192,281,297,302,33019647,33305510,0
BT16-admit-long,miniz_long-128-cold,730,112,925696,8192,1405,2374,1632,33305513,33611126,0
BT16-admit-long,miniz_long-128-cold,730,113,933888,8192,494,651,528,33611142,33918483,0
BT16-admit-long,miniz_long-128-cold,730,114,942080,8192,962,1538,1108,33918588,34206380,0
BT16-admit-long,miniz_long-128-cold,730,115,950272,8192,927,1475,1053,34206488,34499389,0
BT16-admit-long,miniz_long-128-cold,730,116,958464,8192,568,762,617,34499392,34804293,0
BT16-admit-long,miniz_long-128-cold,730,117,966656,8192,1426,2342,1617,34804298,35130171,0
BT16-admit-long,miniz_long-128-cold,730,118,974848,8192,266,238,271,35130174,35376472,0
BT16-admit-long,miniz_long-128-cold,730,119,983040,8192,1465,2639,1744,35376579,35732597,0
BT16-admit-long,miniz_long-128-cold,730,120,991232,8192,262,282,281,35732702,35950092,0
BT16-admit-long,miniz_long-128-cold,730,121,999424,8192,1571,2726,1842,35950095,36291887,0
BT16-admit-long,miniz_long-128-cold,730,122,1007616,8192,304,311,323,36291890,36593375,0
BT16-admit-long,miniz_long-128-cold,730,123,1015808,8192,1647,2789,1908,36593378,36943898,0
BT16-admit-long,miniz_long-128-cold,730,124,1024000,8192,313,315,324,36943901,37243066,0
BT16-admit-long,miniz_long-128-cold,730,125,1032192,8192,1298,2248,1515,37243069,37534348,0
BT16-admit-long,miniz_long-128-cold,730,126,1040384,8192,583,877,656,37534464,37824996,0
BT16-admit-long,miniz_long-128-cold,730,127,1048576,8192,844,1377,981,37825001,38120671,0
BT16-admit-long,miniz_long-128-cold,730,128,1056768,8192,1040,1655,1163,38120678,38412666,0
BT16-admit-long,miniz_long-128-cold,730,129,1064960,8192,449,545,475,38412669,38707563,0
BT16-admit-long,miniz_long-128-cold,730,130,1073152,8192,1463,2534,1702,38707666,39056382,0
BT16-admit-long,miniz_long-128-cold,730,131,1081344,8192,256,191,260,39056387,39288813,0
BT16-admit-long,miniz_long-128-cold,730,132,1089536,8192,1487,2717,1735,39288918,39630706,0
BT16-admit-long,miniz_long-128-cold,730,133,1097728,8192,268,281,292,39630811,39864685,0
BT16-admit-long,miniz_long-128-cold,730,134,1105920,8192,1686,2815,1893,39864688,40211798,0
BT16-admit-long,miniz_long-128-cold,730,135,1114112,8192,280,287,299,40211801,40496884,0
BT16-admit-long,miniz_long-128-cold,730,136,1122304,8192,1588,2701,1882,40496887,40838768,0
BT16-admit-long,miniz_long-128-cold,730,137,1130496,8192,315,327,325,40838771,41128968,0
BT16-admit-long,miniz_long-128-cold,730,138,1138688,8192,1196,2027,1386,41128971,41414095,0
BT16-admit-long,miniz_long-128-cold,730,139,1146880,8192,632,980,717,41414107,41698734,0
BT16-admit-long,miniz_long-128-cold,730,140,1155072,8192,831,1248,936,41698842,41997250,0
BT16-admit-long,miniz_long-128-cold,730,141,1163264,8192,1042,1755,1202,41997364,42290631,0
BT16-admit-long,miniz_long-128-cold,730,142,1171456,8192,414,553,449,42290634,42584893,0
BT16-admit-long,miniz_long-128-cold,730,143,1179648,8192,1491,2524,1721,42584899,42930645,0
BT16-admit-long,miniz_long-128-cold,730,144,1187840,8192,255,188,259,42930648,43164020,0
BT16-admit-long,miniz_long-128-cold,730,145,1196032,8192,1547,2702,1763,43164030,43503484,0
BT16-admit-long,miniz_long-128-cold,730,146,1204224,8192,247,263,268,43503589,43722494,0
BT16-admit-long,miniz_long-128-cold,730,147,1212416,8192,1634,2736,1864,43722505,44069457,0
BT16-admit-long,miniz_long-128-cold,730,148,1220608,8192,289,292,297,44069460,44329143,0
BT16-admit-long,miniz_long-128-cold,730,149,1228800,8192,1638,2821,1894,44329146,44668902,0
BT16-admit-long,miniz_long-128-cold,730,150,1236992,8192,350,371,377,44668905,44972939,0
BT16-admit-long,miniz_long-128-cold,730,151,1245184,8192,1125,1922,1300,44973042,45253312,0
BT16-admit-long,miniz_long-128-cold,730,152,1253376,8192,739,1185,843,45253318,45528523,0
BT16-admit-long,miniz_long-128-cold,730,153,1261568,8192,699,967,754,45528526,45846324,0
BT16-admit-long,miniz_long-128-cold,730,154,1269760,8192,1292,2040,1429,45846332,46155828,0
BT16-admit-long,miniz_long-128-cold,730,155,1277952,8192,306,347,310,46155831,46423544,0
BT16-admit-long,miniz_long-128-cold,730,156,1286144,8192,1511,2637,1774,46423649,46769891,0
BT16-admit-long,miniz_long-128-cold,730,157,1294336,8192,230,247,255,46769998,46978590,0
BT16-admit-long,miniz_long-128-cold,730,158,1302528,8192,1558,2647,1799,46978695,47307968,0
BT16-admit-long,miniz_long-128-cold,730,159,1310720,8192,304,314,336,47308073,47571621,0
BT16-admit-long,miniz_long-128-cold,730,160,1318912,8192,1626,2785,1853,47571624,47906783,0
BT16-admit-long,miniz_long-128-cold,730,161,1327104,8192,306,310,324,47906786,48206038,0
BT16-admit-long,miniz_long-128-cold,730,162,1335296,8192,1437,2503,1667,48206041,48516121,0
BT16-admit-long,miniz_long-128-cold,730,163,1343488,8192,411,510,428,48516124,48839182,0
BT16-admit-long,miniz_long-128-cold,730,164,1351680,8192,1045,1670,1204,48839189,49113339,0
BT16-admit-long,miniz_long-128-cold,730,165,1359872,8192,852,1349,957,49113345,49396131,0
BT16-admit-long,miniz_long-128-cold,730,166,1368064,8192,627,852,687,49396134,49709746,0
BT16-admit-long,miniz_long-128-cold,730,167,1376256,8192,1301,2126,1483,49709752,50022280,0
BT16-admit-long,miniz_long-128-cold,730,168,1384448,8192,278,339,281,50022283,50285751,0
BT16-admit-long,miniz_long-128-cold,730,169,1392640,8192,1464,2593,1741,50285856,50652325,0
BT16-admit-long,miniz_long-128-cold,730,170,1400832,8192,214,209,229,50652331,50864622,0
BT16-admit-long,miniz_long-128-cold,730,171,1409024,8192,1561,2685,1779,50864730,51191898,0
BT16-admit-long,miniz_long-128-cold,730,172,1417216,8192,281,289,301,51192003,51466337,0
BT16-admit-long,miniz_long-128-cold,730,173,1425408,8192,1698,2837,1925,51466340,51814097,0
BT16-admit-long,miniz_long-128-cold,730,174,1433600,8192,295,294,314,51814100,52112399,0
BT16-admit-long,miniz_long-128-cold,730,175,1441792,8192,1487,2492,1713,52112402,52425695,0
BT16-admit-long,miniz_long-128-cold,730,176,1449984,8192,425,579,458,52425696,52705612,0
BT16-admit-long,miniz_long-128-cold,730,177,1458176,8192,1024,1627,1174,52705617,52983684,0
BT16-admit-long,miniz_long-128-cold,730,178,1466368,8192,927,1495,1035,52983686,53278135,0
BT16-admit-long,miniz_long-128-cold,730,179,1474560,8192,560,735,602,53278138,53582374,0
BT16-admit-long,miniz_long-128-cold,730,180,1482752,8192,1366,2337,1590,53582380,53923847,0
BT16-admit-long,miniz_long-128-cold,730,181,1490944,8192,274,252,278,53923850,54170186,0
BT16-admit-long,miniz_long-128-cold,730,182,1499136,8192,1504,2614,1723,54170189,54524444,0
BT16-admit-long,miniz_long-128-cold,730,183,1507328,8192,256,285,277,54524549,54746493,0
BT16-admit-long,miniz_long-128-cold,730,184,1515520,8192,1637,2808,1908,54746496,55089873,0
BT16-admit-long,miniz_long-128-cold,730,185,1523712,8192,313,318,328,55089876,55376408,0
BT16-admit-long,miniz_long-128-cold,730,186,1531904,8192,1592,2752,1860,55376411,55723793,0
BT16-admit-long,miniz_long-128-cold,730,187,1540096,8192,304,302,310,55723796,56010029,0
BT16-admit-long,miniz_long-128-cold,730,188,1548288,8192,1347,2127,1524,56010032,56308202,0
BT16-admit-long,miniz_long-128-cold,730,189,1556480,8192,629,987,716,56308210,56587712,0
BT16-admit-long,miniz_long-128-cold,730,190,1564672,8192,830,1232,924,56587817,56891002,0
BT16-admit-long,miniz_long-128-cold,730,191,1572864,8192,1161,1808,1307,56891212,57190548,0
BT16-admit-long,miniz_long-128-cold,730,192,1581056,8192,343,404,358,57190551,57477360,0
BT16-admit-long,miniz_long-128-cold,730,193,1589248,8192,1559,2639,1825,57477365,57819096,0
BT16-admit-long,miniz_long-128-cold,730,194,1597440,8192,206,174,210,57819101,58033832,0
BT16-admit-long,miniz_long-128-cold,730,195,1605632,8192,1582,2847,1833,58033937,58366749,0
BT16-admit-long,miniz_long-128-cold,730,196,1613824,8192,261,285,284,58366854,58637790,0
BT16-admit-long,miniz_long-128-cold,730,197,1622016,8192,1688,2859,1974,58637793,58990092,0
BT16-admit-long,miniz_long-128-cold,730,198,1630208,8192,295,297,313,58990095,59262278,0
BT16-admit-long,miniz_long-128-cold,730,199,1638400,8192,1606,2638,1852,59262281,59585427,0
BT16-admit-long,miniz_long-128-cold,730,200,1646592,8192,392,456,404,59585543,59897500,0
BT16-admit-long,miniz_long-128-cold,730,201,1654784,8192,1043,1688,1179,59897503,60165686,0
BT16-admit-long,miniz_long-128-cold,730,202,1662976,8192,852,1399,980,60165690,60453452,0
BT16-admit-long,miniz_long-128-cold,730,203,1671168,8192,601,838,669,60453455,60765137,0
BT16-admit-long,miniz_long-128-cold,730,204,1679360,8192,1369,2261,1558,60765243,61097293,0
BT16-admit-long,miniz_long-128-cold,730,205,1687552,8192,288,318,292,61097296,61345785,0
BT16-admit-long,miniz_long-128-cold,730,206,1695744,8192,1492,2516,1704,61345792,61721523,0
BT16-admit-long,miniz_long-128-cold,730,207,1703936,8192,267,278,299,61721633,61930095,0
BT16-admit-long,miniz_long-128-cold,730,208,1712128,8192,1567,2746,1867,61930101,62258304,0
BT16-admit-long,miniz_long-128-cold,730,209,1720320,8192,307,309,318,62258307,62558341,0
BT16-admit-long,miniz_long-128-cold,730,210,1728512,8192,1543,2691,1856,62558444,62905434,0
BT16-admit-long,miniz_long-128-cold,730,211,1736704,8192,287,285,290,62905537,63203226,0
BT16-admit-long,miniz_long-128-cold,730,212,1744896,8192,1421,2451,1659,63203229,63510675,0
BT16-admit-long,miniz_long-128-cold,730,213,1753088,8192,482,683,524,63510686,63799644,0
BT16-admit-long,miniz_long-128-cold,730,214,1761280,8192,968,1558,1099,63799749,64081413,0
BT16-admit-long,miniz_long-128-cold,730,215,1769472,8192,932,1526,1068,64081421,64377134,0
BT16-admit-long,miniz_long-128-cold,730,216,1777664,8192,546,700,599,64377137,64680618,0
BT16-admit-long,miniz_long-128-cold,730,217,1785856,8192,1431,2468,1660,64680625,65016158,0
BT16-admit-long,miniz_long-128-cold,730,218,1794048,8192,244,186,247,65016161,65260538,0
BT16-admit-long,miniz_long-128-cold,730,219,1802240,8192,1522,2648,1763,65260643,65604181,0
BT16-admit-long,miniz_long-128-cold,730,220,1810432,8192,256,270,280,65604286,65834844,0
BT16-admit-long,miniz_long-128-cold,730,221,1818624,8192,1665,2754,1926,65834855,66182571,0
BT16-admit-long,miniz_long-128-cold,730,222,1826816,8192,294,291,301,66182574,66480616,0
BT16-admit-long,miniz_long-128-cold,730,223,1835008,8192,1677,2834,1917,66480619,66828443,0
BT16-admit-long,miniz_long-128-cold,730,224,1843200,8192,288,283,290,66828446,67126992,0
BT16-admit-long,miniz_long-128-cold,730,225,1851392,8192,1224,1994,1384,67126995,67417779,0
BT16-admit-long,miniz_long-128-cold,730,226,1859584,8192,698,1045,763,67417987,67704549,0
BT16-admit-long,miniz_long-128-cold,730,227,1867776,8192,776,1171,874,67704654,68012680,0
BT16-admit-long,miniz_long-128-cold,730,228,1875968,8192,1140,1871,1297,68012683,68323499,0
BT16-admit-long,miniz_long-128-cold,730,229,1884160,8192,358,434,382,68323502,68611633,0
BT16-admit-long,miniz_long-128-cold,730,230,1892352,8192,1594,2663,1820,68611634,68965700,0
BT16-admit-long,miniz_long-128-cold,730,231,1900544,8192,212,181,216,68965706,69186231,0
BT16-admit-long,miniz_long-128-cold,730,232,1908736,8192,1615,2735,1854,69186336,69515104,0
BT16-admit-long,miniz_long-128-cold,730,233,1916928,8192,266,277,288,69515211,69797146,0
BT16-admit-long,miniz_long-128-cold,730,234,1925120,8192,1706,2705,1897,69797149,70142764,0
BT16-admit-long,miniz_long-128-cold,730,235,1933312,8192,305,302,312,70142767,70429810,0
BT16-admit-long,miniz_long-128-cold,730,236,1941504,8192,1473,2484,1714,70429813,70740643,0
BT16-admit-long,miniz_long-128-cold,730,237,1949696,8192,459,559,465,70740647,71043585,0
BT16-admit-long,miniz_long-128-cold,730,238,1957888,8192,1015,1599,1136,71043690,71323800,0
BT16-admit-long,miniz_long-128-cold,730,239,1966080,8192,965,1533,1082,71323808,71605296,0
BT16-admit-long,miniz_long-128-cold,730,240,1974272,8192,482,587,524,71605299,71905902,0
BT16-admit-long,miniz_long-128-cold,730,241,1982464,8192,1473,2449,1669,71905908,72238564,0
BT16-admit-long,miniz_long-128-cold,730,242,1990656,8192,246,186,250,72238567,72476522,0
BT16-admit-long,miniz_long-128-cold,730,243,1998848,8192,1480,2660,1712,72476627,72823200,0
BT16-admit-long,miniz_long-128-cold,730,244,2007040,8192,252,262,268,72823305,73046534,0
BT16-admit-long,miniz_long-128-cold,730,245,2015232,8192,1650,2799,1905,73046545,73389469,0
BT16-admit-long,miniz_long-128-cold,730,246,2023424,8192,311,318,330,73389472,73688669,0
BT16-admit-long,miniz_long-128-cold,730,247,2031616,8192,1653,2784,1895,73688672,74041644,0
BT16-admit-long,miniz_long-128-cold,730,248,2039808,8192,326,331,341,74041657,74331612,0
BT16-admit-long,miniz_long-128-cold,730,249,2048000,8192,1200,1853,1326,74331615,74611945,0
BT16-admit-long,miniz_long-128-cold,730,250,2056192,8192,818,1245,899,74612052,74892032,0
BT16-admit-long,miniz_long-128-cold,730,251,2064384,8192,717,991,779,74892035,75212609,0
BT16-admit-long,miniz_long-128-cold,730,252,2072576,8192,1250,2088,1421,75212712,75529104,0
BT16-admit-long,miniz_long-128-cold,730,253,2080768,8192,287,342,291,75529207,75788193,0
BT16-admit-long,miniz_long-128-cold,730,254,2088960,8192,1499,2536,1758,75788298,76142463,0
BT16-admit-long,miniz_long-128-cold,730,255,2097152,8192,277,303,294,76143072,76352698,0
BT16-admit-long,miniz_long-128-cold,730,256,2105344,8192,1621,2778,1876,76352803,76685101,0
BT16-admit-long,miniz_long-128-cold,730,257,2113536,8192,292,295,299,76685104,76985863,0
BT16-admit-long,miniz_long-128-cold,730,258,2121728,8192,1683,2802,1896,76985866,77333300,0
BT16-admit-long,miniz_long-128-cold,730,259,2129920,8192,310,304,321,77333303,77633053,0
BT16-admit-long,miniz_long-128-cold,730,260,2138112,8192,1285,2216,1485,77633056,77928864,0
BT16-admit-long,miniz_long-128-cold,730,261,2146304,8192,634,935,687,77928972,78215179,0
BT16-admit-long,miniz_long-128-cold,730,262,2154496,8192,850,1275,931,78215284,78513106,0
BT16-admit-long,miniz_long-128-cold,730,263,2162688,8192,1122,1895,1300,78513114,78829264,0
BT16-admit-long,miniz_long-128-cold,730,264,2170880,8192,336,380,350,78829267,79110907,0
BT16-admit-long,miniz_long-128-cold,730,265,2179072,8192,1580,2766,1843,79110911,79455019,0
BT16-admit-long,miniz_long-128-cold,730,266,2187264,8192,250,233,269,79455034,79659650,0
BT16-admit-long,miniz_long-128-cold,730,267,2195456,8192,1547,2589,1742,79659764,79983371,0
BT16-admit-long,miniz_long-128-cold,730,268,2203648,8192,297,322,329,79983476,80263583,0
BT16-admit-long,miniz_long-128-cold,730,269,2211840,8192,1750,2949,1976,80263586,80616803,0
BT16-admit-long,miniz_long-128-cold,730,270,2220032,8192,305,311,315,80616806,80915887,0
BT16-admit-long,miniz_long-128-cold,730,271,2228224,8192,1338,2264,1524,80915890,81213258,0
BT16-admit-long,miniz_long-128-cold,730,272,2236416,8192,617,884,673,81213274,81518301,0
BT16-admit-long,miniz_long-128-cold,730,273,2244608,8192,887,1333,1000,81518406,81810111,0
BT16-admit-long,miniz_long-128-cold,730,274,2252800,8192,1085,1849,1238,81810119,82121574,0
BT16-admit-long,miniz_long-128-cold,730,275,2260992,8192,385,487,413,82121577,82399061,0
BT16-admit-long,miniz_long-128-cold,730,276,2269184,8192,1582,2593,1801,82399077,82739554,0
BT16-admit-long,miniz_long-128-cold,730,277,2277376,8192,214,182,218,82739659,82958598,0
BT16-admit-long,miniz_long-128-cold,730,278,2285568,8192,1596,2682,1816,82958605,83286929,0
BT16-admit-long,miniz_long-128-cold,730,279,2293760,8192,281,289,294,83287043,83556783,0
BT16-admit-long,miniz_long-128-cold,730,280,2301952,8192,1692,2899,1940,83556886,83912438,0
BT16-admit-long,miniz_long-128-cold,730,281,2310144,8192,321,319,339,83912441,84198029,0
BT16-admit-long,miniz_long-128-cold,730,282,2318336,8192,1415,2277,1602,84198032,84499730,0
BT16-admit-long,miniz_long-128-cold,730,283,2326528,8192,623,925,693,84499741,84793258,0
BT16-admit-long,miniz_long-128-cold,730,284,2334720,8192,815,1244,910,84793358,85092273,0
BT16-admit-long,miniz_long-128-cold,730,285,2342912,8192,1078,1754,1223,85092287,85397047,0
BT16-admit-long,miniz_long-128-cold,730,286,2351104,8192,391,473,414,85397050,85687951,0
BT16-admit-long,miniz_long-128-cold,730,287,2359296,8192,1608,2605,1812,85687957,86027365,0
BT16-admit-long,miniz_long-128-cold,730,288,2367488,8192,216,174,220,86027376,86246456,0
BT16-admit-long,miniz_long-128-cold,730,289,2375680,8192,1615,2744,1827,86246462,86576429,0
BT16-admit-long,miniz_long-128-cold,730,290,2383872,8192,271,277,285,86576534,86859168,0
BT16-admit-long,miniz_long-128-cold,730,291,2392064,8192,1614,2698,1831,86859171,87203275,0
BT16-admit-long,miniz_long-128-cold,730,292,2400256,8192,293,286,297,87203278,87502348,0
BT16-admit-long,miniz_long-128-cold,730,293,2408448,8192,1568,2586,1817,87502351,87828280,0
BT16-admit-long,miniz_long-128-cold,730,294,2408740,292,63,110,63,87828287,87848258,1
BT16-admit-long,miniz_long-128-warm,730,0,8192,8192,320,358,337,4940318,5233577,0
BT16-admit-long,miniz_long-128-warm,730,1,16384,8192,1187,2037,1405,5233580,5517528,0
BT16-admit-long,miniz_long-128-warm,730,2,24576,8192,588,853,644,5517544,5797987,0
BT16-admit-long,miniz_long-128-warm,730,3,32768,8192,926,1435,1046,5798092,6093183,0
BT16-admit-long,miniz_long-128-warm,730,4,40960,8192,846,1477,978,6093328,6367019,0
BT16-admit-long,miniz_long-128-warm,730,5,49152,8192,619,940,715,6367022,6683213,0
BT16-admit-long,miniz_long-128-warm,730,6,57344,8192,1174,2006,1364,6683217,7002658,0
BT16-admit-long,miniz_long-128-warm,730,7,65536,8192,311,410,336,7002661,7289524,0
BT16-admit-long,miniz_long-128-warm,730,8,73728,8192,1484,2516,1741,7289530,7641529,0
BT16-admit-long,miniz_long-128-warm,730,9,81920,8192,238,189,241,7641534,7877537,0
BT16-admit-long,miniz_long-128-warm,730,10,90112,8192,1395,2534,1620,7877543,8212013,0
BT16-admit-long,miniz_long-128-warm,730,11,98304,8192,271,284,296,8212020,8413792,0
BT16-admit-long,miniz_long-128-warm,730,12,106496,8192,1498,2684,1809,8413799,8735024,0
BT16-admit-long,miniz_long-128-warm,730,13,114688,8192,288,296,299,8735027,9006438,0
BT16-admit-long,miniz_long-128-warm,730,14,122880,8192,1514,2586,1762,9006441,9339706,0
BT16-admit-long,miniz_long-128-warm,730,15,131072,8192,289,294,312,9339709,9611266,0
BT16-admit-long,miniz_long-128-warm,730,16,139264,8192,1539,2676,1766,9611269,9957125,0
BT16-admit-long,miniz_long-128-warm,730,17,147456,8192,269,280,287,9957128,10242358,0
BT16-admit-long,miniz_long-128-warm,730,18,155648,8192,1238,2183,1484,10242361,10540929,0
BT16-admit-long,miniz_long-128-warm,730,19,163840,8192,571,851,630,10540930,10850696,0
BT16-admit-long,miniz_long-128-warm,730,20,172032,8192,909,1495,1049,10850701,11145119,0
BT16-admit-long,miniz_long-128-warm,730,21,180224,8192,899,1423,994,11145225,11415361,0
BT16-admit-long,miniz_long-128-warm,730,22,188416,8192,651,963,704,11415364,11733474,0
BT16-admit-long,miniz_long-128-warm,730,23,196608,8192,1220,2028,1400,11733580,12042723,0
BT16-admit-long,miniz_long-128-warm,730,24,204800,8192,302,381,315,12042726,12325930,0
BT16-admit-long,miniz_long-128-warm,730,25,212992,8192,1515,2668,1777,12326136,12677800,0
BT16-admit-long,miniz_long-128-warm,730,26,221184,8192,207,176,211,12677900,12912856,0
BT16-admit-long,miniz_long-128-warm,730,27,229376,8192,1427,2551,1678,12912961,13280903,0
BT16-admit-long,miniz_long-128-warm,730,28,237568,8192,246,286,283,13281008,13497870,0
BT16-admit-long,miniz_long-128-warm,730,29,245760,8192,1559,2710,1828,13497877,13835833,0
BT16-admit-long,miniz_long-128-warm,730,30,253952,8192,294,310,305,13835836,14122318,0
BT16-admit-long,miniz_long-128-warm,730,31,262144,8192,1554,2664,1771,14122321,14459256,0
BT16-admit-long,miniz_long-128-warm,730,32,270336,8192,298,299,312,14459259,14745641,0
BT16-admit-long,miniz_long-128-warm,730,33,278528,8192,1475,2625,1729,14745644,15082341,0
BT16-admit-long,miniz_long-128-warm,730,34,286720,8192,286,296,312,15082344,15367429,0
BT16-admit-long,miniz_long-128-warm,730,35,294912,8192,1178,2178,1429,15367432,15655159,0
BT16-admit-long,miniz_long-128-warm,730,36,303104,8192,606,873,673,15655163,15932699,0
BT16-admit-long,miniz_long-128-warm,730,37,311296,8192,883,1358,1005,15932804,16226846,0
BT16-admit-long,miniz_long-128-warm,730,38,319488,8192,957,1618,1105,16226847,16504783,0
BT16-admit-long,miniz_long-128-warm,730,39,327680,8192,510,712,552,16504786,16809840,0
BT16-admit-long,miniz_long-128-warm,730,40,335872,8192,1382,2324,1618,16810044,17149397,0
BT16-admit-long,miniz_long-128-warm,730,41,344064,8192,258,284,262,17149400,17386267,0
BT16-admit-long,miniz_long-128-warm,730,42,352256,8192,1540,2587,1746,17386274,17747838,0
BT16-admit-long,miniz_long-128-warm,730,43,360448,8192,230,225,243,17747936,17958033,0
BT16-admit-long,miniz_long-128-warm,730,44,368640,8192,1431,2576,1693,17958043,18310229,0
BT16-admit-long,miniz_long-128-warm,730,45,376832,8192,246,275,274,18310334,18546799,0
BT16-admit-long,miniz_long-128-warm,730,46,385024,8192,1526,2662,1807,18546802,18889116,0
BT16-admit-long,miniz_long-128-warm,730,47,393216,8192,284,286,289,18889119,19173819,0
BT16-admit-long,miniz_long-128-warm,730,48,401408,8192,1508,2726,1789,19173822,19517479,0
BT16-admit-long,miniz_long-128-warm,730,49,409600,8192,290,292,296,19517482,19801388,0
BT16-admit-long,miniz_long-128-warm,730,50,417792,8192,1389,2483,1637,19801391,20111141,0
BT16-admit-long,miniz_long-128-warm,730,51,425984,8192,443,547,454,20111150,20420463,0
BT16-admit-long,miniz_long-128-warm,730,52,434176,8192,1040,1808,1227,20420568,20686858,0
BT16-admit-long,miniz_long-128-warm,730,53,442368,8192,713,1168,809,20686864,20963934,0
BT16-admit-long,miniz_long-128-warm,730,54,450560,8192,755,1153,836,20964039,21287049,0
BT16-admit-long,miniz_long-128-warm,730,55,458752,8192,1113,1874,1316,21287060,21588536,0
BT16-admit-long,miniz_long-128-warm,730,56,466944,8192,367,448,394,21588539,21877229,0
BT16-admit-long,miniz_long-128-warm,730,57,475136,8192,1525,2619,1805,21877232,22235521,0
BT16-admit-long,miniz_long-128-warm,730,58,483328,8192,225,182,229,22235526,22438221,0
BT16-admit-long,miniz_long-128-warm,730,59,491520,8192,1451,2660,1719,22438326,22789088,0
BT16-admit-long,miniz_long-128-warm,730,60,499712,8192,234,259,254,22789193,23010562,0
BT16-admit-long,miniz_long-128-warm,730,61,507904,8192,1571,2760,1836,23010573,23349202,0
BT16-admit-long,miniz_long-128-warm,730,62,516096,8192,299,313,323,23349205,23649999,0
BT16-admit-long,miniz_long-128-warm,730,63,524288,8192,1633,2794,1837,23650002,23995397,0
BT16-admit-long,miniz_long-128-warm,730,64,532480,8192,289,301,312,23995400,24294895,0
BT16-admit-long,miniz_long-128-warm,730,65,540672,8192,1323,2281,1568,24294898,24596179,0
BT16-admit-long,miniz_long-128-warm,730,66,548864,8192,556,801,618,24596182,24891788,0
BT16-admit-long,miniz_long-128-warm,730,67,557056,8192,904,1430,1021,24891794,25180722,0
BT16-admit-long,miniz_long-128-warm,730,68,565248,8192,953,1526,1103,25180728,25478578,0
BT16-admit-long,miniz_long-128-warm,730,69,573440,8192,496,704,558,25478581,25757590,0
BT16-admit-long,miniz_long-128-warm,730,70,581632,8192,1461,2412,1662,25757596,26100357,0
BT16-admit-long,miniz_long-128-warm,730,71,589824,8192,255,224,259,26100360,26347199,0
BT16-admit-long,miniz_long-128-warm,730,72,598016,8192,1485,2612,1706,26347202,26699238,0
BT16-admit-long,miniz_long-128-warm,730,73,606208,8192,261,278,281,26699343,26911213,0
BT16-admit-long,miniz_long-128-warm,730,74,614400,8192,1606,2678,1809,26911327,27241855,0
BT16-admit-long,miniz_long-128-warm,730,75,622592,8192,292,301,313,27241858,27530010,0
BT16-admit-long,miniz_long-128-warm,730,76,630784,8192,1568,2682,1809,27530113,27869089,0
BT16-admit-long,miniz_long-128-warm,730,77,638976,8192,300,298,318,27869092,28154973,0
BT16-admit-long,miniz_long-128-warm,730,78,647168,8192,1439,2543,1729,28154976,28473340,0
BT16-admit-long,miniz_long-128-warm,730,79,655360,8192,423,482,429,28473345,28786829,0
BT16-admit-long,miniz_long-128-warm,730,80,663552,8192,1075,1689,1201,28786832,29055768,0
BT16-admit-long,miniz_long-128-warm,730,81,671744,8192,783,1265,889,29055770,29322116,0
BT16-admit-long,miniz_long-128-warm,730,82,679936,8192,667,1002,758,29322119,29629511,0
BT16-admit-long,miniz_long-128-warm,730,83,688128,8192,1242,2070,1397,29629619,29941549,0
BT16-admit-long,miniz_long-128-warm,730,84,696320,8192,286,344,290,29941552,30211979,0
BT16-admit-long,miniz_long-128-warm,730,85,704512,8192,1545,2608,1789,30212084,30572705,0
BT16-admit-long,miniz_long-128-warm,730,86,712704,8192,202,213,216,30572920,30784855,0
BT16-admit-long,miniz_long-128-warm,730,87,720896,8192,1516,2688,1774,30784963,31126082,0
BT16-admit-long,miniz_long-128-warm,730,88,729088,8192,288,302,307,31126187,31402267,0
BT16-admit-long,miniz_long-128-warm,730,89,737280,8192,1564,2740,1857,31402270,31740455,0
BT16-admit-long,miniz_long-128-warm,730,90,745472,8192,317,325,339,31740458,32027174,0
BT16-admit-long,miniz_long-128-warm,730,91,753664,8192,1579,2664,1830,32027177,32360777,0
BT16-admit-long,miniz_long-128-warm,730,92,761856,8192,335,349,329,32360784,32656676,0
BT16-admit-long,miniz_long-128-warm,730,93,770048,8192,1156,1952,1322,32656679,32937140,0
BT16-admit-long,miniz_long-128-warm,730,94,778240,8192,711,1109,778,32937143,33209955,0
BT16-admit-long,miniz_long-128-warm,730,95,786432,8192,759,1165,856,33210060,33524596,0
BT16-admit-long,miniz_long-128-warm,730,96,794624,8192,1144,1851,1305,33524730,33834880,0
BT16-admit-long,miniz_long-128-warm,730,97,802816,8192,366,460,386,33834883,34124066,0
BT16-admit-long,miniz_long-128-warm,730,98,811008,8192,1563,2584,1817,34124172,34477220,0
BT16-admit-long,miniz_long-128-warm,730,99,819200,8192,230,177,234,34477225,34696322,0
BT16-admit-long,miniz_long-128-warm,730,100,827392,8192,1563,2695,1787,34696427,35035063,0
BT16-admit-long,miniz_long-128-warm,730,101,835584,8192,278,291,292,35035168,35282925,0
BT16-admit-long,miniz_long-128-warm,730,102,843776,8192,1609,2792,1895,35282928,35626559,0
BT16-admit-long,miniz_long-128-warm,730,103,851968,8192,301,305,315,35626562,35926507,0
BT16-admit-long,miniz_long-128-warm,730,104,860160,8192,1571,2717,1842,35926510,36271424,0
BT16-admit-long,miniz_long-128-warm,730,105,868352,8192,312,325,331,36271876,36574056,0
BT16-admit-long,miniz_long-128-warm,730,106,876544,8192,1172,1871,1332,36574059,36853264,0
BT16-admit-long,miniz_long-128-warm,730,107,884736,8192,723,1189,835,36853267,37132999,0
BT16-admit-long,miniz_long-128-warm,730,108,892928,8192,698,1047,779,37133010,37451541,0
BT16-admit-long,miniz_long-128-warm,730,109,901120,8192,1201,2088,1410,37451558,37756886,0
BT16-admit-long,miniz_long-128-warm,730,110,909312,8192,297,347,301,37756889,38034168,0
BT16-admit-long,miniz_long-128-warm,730,111,917504,8192,1589,2661,1838,38034174,38384672,0
BT16-admit-long,miniz_long-128-warm,730,112,925696,8192,233,209,245,38384786,38590961,0
BT16-admit-long,miniz_long-128-warm,730,113,933888,8192,1521,2707,1764,38590967,38922140,0
BT16-admit-long,miniz_long-128-warm,730,114,942080,8192,279,281,299,38922245,39210887,0
BT16-admit-long,miniz_long-128-warm,730,115,950272,8192,1633,2826,1886,39210890,39559496,0
BT16-admit-long,miniz_long-128-warm,730,116,958464,8192,302,303,322,39559499,39845466,0
BT16-admit-long,miniz_long-128-warm,730,117,966656,8192,1487,2457,1678,39845469,40157002,0
BT16-admit-long,miniz_long-128-warm,730,118,974848,8192,469,639,506,40157108,40454722,0
BT16-admit-long,miniz_long-128-warm,730,119,983040,8192,975,1562,1127,40454827,40740607,0
BT16-admit-long,miniz_long-128-warm,730,120,991232,8192,875,1427,1025,40740717,41016230,0
BT16-admit-long,miniz_long-128-warm,730,121,999424,8192,608,834,649,41016233,41326488,0
BT16-admit-long,miniz_long-128-warm,730,122,1007616,8192,1266,2200,1500,41326489,41657537,0
BT16-admit-long,miniz_long-128-warm,730,123,1015808,8192,300,344,303,41657540,41899469,0
BT16-admit-long,miniz_long-128-warm,730,124,1024000,8192,1512,2585,1763,41899574,42259164,0
BT16-admit-long,miniz_long-128-warm,730,125,1032192,8192,239,220,255,42259172,42466905,0
BT16-admit-long,miniz_long-128-warm,730,126,1040384,8192,1514,2687,1746,42466913,42799781,0
BT16-admit-long,miniz_long-128-warm,730,127,1048576,8192,307,320,338,42799886,43083385,0
BT16-admit-long,miniz_long-128-warm,730,128,1056768,8192,1687,2807,1909,43083388,43430190,0
BT16-admit-long,miniz_long-128-warm,730,129,1064960,8192,282,287,298,43430193,43702274,0
BT16-admit-long,miniz_long-128-warm,730,130,1073152,8192,1474,2460,1696,43702277,44017806,0
BT16-admit-long,miniz_long-128-warm,730,131,1081344,8192,442,563,460,44017809,44298703,0
BT16-admit-long,miniz_long-128-warm,730,132,1089536,8192,1030,1644,1160,44298808,44571687,0
BT16-admit-long,miniz_long-128-warm,730,133,1097728,8192,898,1506,1049,44571817,44860539,0
BT16-admit-long,miniz_long-128-warm,730,134,1105920,8192,556,789,620,44860542,45167435,0
BT16-admit-long,miniz_long-128-warm,730,135,1114112,8192,1379,2366,1594,45167541,45509035,0
BT16-admit-long,miniz_long-128-warm,730,136,1122304,8192,266,200,270,45509038,45757008,0
BT16-admit-long,miniz_long-128-warm,730,137,1130496,8192,1537,2589,1717,45757014,46100890,0
BT16-admit-long,miniz_long-128-warm,730,138,1138688,8192,264,277,275,46100895,46312889,0
BT16-admit-long,miniz_long-128-warm,730,139,1146880,8192,1593,2771,1848,46312896,46649111,0
BT16-admit-long,miniz_long-128-warm,730,140,1155072,8192,297,312,330,46649114,46936381,0
BT16-admit-long,miniz_long-128-warm,730,141,1163264,8192,1623,2726,1870,46936384,47277029,0
BT16-admit-long,miniz_long-128-warm,730,142,1171456,8192,319,324,346,47277032,47552402,0
BT16-admit-long,miniz_long-128-warm,730,143,1179648,8192,1279,2108,1442,47552405,47832838,0
BT16-admit-long,miniz_long-128-warm,730,144,1187840,8192,627,973,711,47832839,48130777,0
BT16-admit-long,miniz_long-128-warm,730,145,1196032,8192,819,1319,917,48130877,48431868,0
BT16-admit-long,miniz_long-128-warm,730,146,1204224,8192,999,1669,1145,48431976,48732657,0
BT16-admit-long,miniz_long-128-warm,730,147,1212416,8192,431,568,480,48732660,49029431,0
BT16-admit-long,miniz_long-128-warm,730,148,1220608,8192,1520,2488,1737,49029635,49375234,0
BT16-admit-long,miniz_long-128-warm,730,149,1228800,8192,233,183,237,49375239,49609196,0
BT16-admit-long,miniz_long-128-warm,730,150,1236992,8192,1529,2584,1746,49609301,49955901,0
BT16-admit-long,miniz_long-128-warm,730,151,1245184,8192,241,268,263,49955906,50177995,0
BT16-admit-long,miniz_long-128-warm,730,152,1253376,8192,1499,2705,1769,50178006,50515530,0
BT16-admit-long,miniz_long-128-warm,730,153,1261568,8192,285,287,307,50515533,50814465,0
BT16-admit-long,miniz_long-128-warm,730,154,1269760,8192,1638,2763,1861,50814468,51160190,0
BT16-admit-long,miniz_long-128-warm,730,155,1277952,8192,303,305,319,51160193,51447118,0
BT16-admit-long,miniz_long-128-warm,730,156,1286144,8192,1343,2211,1540,51447121,51742944,0
BT16-admit-long,miniz_long-128-warm,730,157,1294336,8192,620,904,671,51743050,52041570,0
BT16-admit-long,miniz_long-128-warm,730,158,1302528,8192,836,1244,924,52041675,52334919,0
BT16-admit-long,miniz_long-128-warm,730,159,1310720,8192,1065,1811,1233,52334935,52633595,0
BT16-admit-long,miniz_long-128-warm,730,160,1318912,8192,413,504,443,52633598,52900552,0
BT16-admit-long,miniz_long-128-warm,730,161,1327104,8192,1577,2648,1807,52900557,53256076,0
BT16-admit-long,miniz_long-128-warm,730,162,1335296,8192,222,178,226,53256081,53478290,0
BT16-admit-long,miniz_long-128-warm,730,163,1343488,8192,1502,2661,1743,53478390,53820366,0
BT16-admit-long,miniz_long-128-warm,730,164,1351680,8192,273,289,296,53820471,54076765,0
BT16-admit-long,miniz_long-128-warm,730,165,1359872,8192,1663,2784,1887,54076768,54422288,0
BT16-admit-long,miniz_long-128-warm,730,166,1368064,8192,294,308,311,54422291,54722809,0
BT16-admit-long,miniz_long-128-warm,730,167,1376256,8192,1590,2732,1870,54722812,55055014,0
BT16-admit-long,miniz_long-128-warm,730,168,1384448,8192,368,399,374,55055135,55357174,0
BT16-admit-long,miniz_long-128-warm,730,169,1392640,8192,1091,1821,1280,55357177,55636048,0
BT16-admit-long,miniz_long-128-warm,730,170,1400832,8192,743,1191,828,55636052,55899696,0
BT16-admit-long,miniz_long-128-warm,730,171,1409024,8192,719,1008,787,55899707,56221111,0
BT16-admit-long,miniz_long-128-warm,730,172,1417216,8192,1296,2126,1491,56221116,56538314,0
BT16-admit-long,miniz_long-128-warm,730,173,1425408,8192,294,341,298,56538317,56791075,0
BT16-admit-long,miniz_long-128-warm,730,174,1433600,8192,1568,2542,1785,56791180,57152400,0
BT16-admit-long,miniz_long-128-warm,730,175,1441792,8192,272,274,297,57152403,57357629,0
BT16-admit-long,miniz_long-128-warm,730,176,1449984,8192,1571,2717,1828,57357734,57688703,0
BT16-admit-long,miniz_long-128-warm,730,177,1458176,8192,288,292,310,57688706,57962391,0
BT16-admit-long,miniz_long-128-warm,730,178,1466368,8192,1685,2942,1941,57962394,58320531,0
BT16-admit-long,miniz_long-128-warm,730,179,1474560,8192,287,303,306,58320634,58618471,0
BT16-admit-long,miniz_long-128-warm,730,180,1482752,8192,1418,2404,1675,58618474,58925574,0
BT16-admit-long,miniz_long-128-warm,730,181,1490944,8192,547,742,596,58925577,59209442,0
BT16-admit-long,miniz_long-128-warm,730,182,1499136,8192,952,1474,1070,59209547,59496632,0
BT16-admit-long,miniz_long-128-warm,730,183,1507328,8192,1002,1586,1140,59496638,59785319,0
BT16-admit-long,miniz_long-128-warm,730,184,1515520,8192,483,605,515,59785322,60081794,0
BT16-admit-long,miniz_long-128-warm,730,185,1523712,8192,1472,2524,1705,60081905,60432175,0
BT16-admit-long,miniz_long-128-warm,730,186,1531904,8192,227,183,230,60432180,60665286,0
BT16-admit-long,miniz_long-128-warm,730,187,1540096,8192,1545,2677,1770,60665400,61010401,0
BT16-admit-long,miniz_long-128-warm,730,188,1548288,8192,272,296,303,61010506,61250784,0
BT16-admit-long,miniz_long-128-warm,730,189,1556480,8192,1613,2698,1835,61250895,61591108,0
BT16-admit-long,miniz_long-128-warm,730,190,1564672,8192,317,323,338,61591211,61891950,0
BT16-admit-long,miniz_long-128-warm,730,191,1572864,8192,1613,2784,1916,61891953,62239756,0
BT16-admit-long,miniz_long-128-warm,730,192,1581056,8192,306,307,316,62239759,62539122,0
BT16-admit-long,miniz_long-128-warm,730,193,1589248,8192,1166,2005,1415,62539125,62829515,0
BT16-admit-long,miniz_long-128-warm,730,194,1597440,8192,622,949,691,62829517,63125561,0
BT16-admit-long,miniz_long-128-warm,730,195,1605632,8192,824,1240,917,63125666,63425082,0
BT16-admit-long,miniz_long-128-warm,730,196,1613824,8192,1075,1883,1259,63425098,63724995,0
BT16-admit-long,miniz_long-128-warm,730,197,1622016,8192,378,430,393,63724998,63998978,0
BT16-admit-long,miniz_long-128-warm,730,198,1630208,8192,1557,2673,1811,63998983,64352312,0
BT16-admit-long,miniz_long-128-warm,730,199,1638400,8192,222,181,226,64352417,64571129,0
BT16-admit-long,miniz_long-128-warm,730,200,1646592,8192,1581,2778,1836,64571139,64899658,0
BT16-admit-long,miniz_long-128-warm,730,201,1654784,8192,259,279,283,64899763,65168832,0
BT16-admit-long,miniz_long-128-warm,730,202,1662976,8192,1650,2752,1896,65168835,65512864,0
BT16-admit-long,miniz_long-128-warm,730,203,1671168,8192,295,295,315,65512867,65812925,0
BT16-admit-long,miniz_long-128-warm,730,204,1679360,8192,1543,2548,1811,65812928,66135539,0
BT16-admit-long,miniz_long-128-warm,730,205,1687552,8192,416,495,418,66135545,66459434,0
BT16-admit-long,miniz_long-128-warm,730,206,1695744,8192,1060,1747,1211,66459440,66730420,0
BT16-admit-long,miniz_long-128-warm,730,207,1703936,8192,845,1328,934,66730530,67014343,0
BT16-admit-long,miniz_long-128-warm,730,208,1712128,8192,620,911,691,67014346,67331464,0
BT16-admit-long,miniz_long-128-warm,730,209,1720320,8192,1347,2153,1500,67331469,67666431,0
BT16-admit-long,miniz_long-128-warm,730,210,1728512,8192,291,314,294,67666434,67913162,0
BT16-admit-long,miniz_long-128-warm,730,211,1736704,8192,1500,2577,1737,67913169,68286400,0
BT16-admit-long,miniz_long-128-warm,730,212,1744896,8192,268,269,289,68286699,68494415,0
BT16-admit-long,miniz_long-128-warm,730,213,1753088,8192,1622,2787,1860,68494421,68825381,0
BT16-admit-long,miniz_long-128-warm,730,214,1761280,8192,295,289,305,68825384,69125117,0
BT16-admit-long,miniz_long-128-warm,730,215,1769472,8192,1721,2828,1966,69125120,69479868,0
BT16-admit-long,miniz_long-128-warm,730,216,1777664,8192,282,288,299,69479871,69777827,0
BT16-admit-long,miniz_long-128-warm,730,217,1785856,8192,1359,2159,1540,69777830,70076465,0
BT16-admit-long,miniz_long-128-warm,730,218,1794048,8192,622,832,641,70076579,70362217,0
BT16-admit-long,miniz_long-128-warm,730,219,1802240,8192,856,1303,969,70362322,70655471,0
BT16-admit-long,miniz_long-128-warm,730,220,1810432,8192,1055,1720,1186,70655478,70947650,0
BT16-admit-long,miniz_long-128-warm,730,221,1818624,8192,417,492,437,70947653,71238575,0
BT16-admit-long,miniz_long-128-warm,730,222,1826816,8192,1595,2652,1814,71238576,71580551,0
BT16-admit-long,miniz_long-128-warm,730,223,1835008,8192,223,189,228,71580554,71795770,0
BT16-admit-long,miniz_long-128-warm,730,224,1843200,8192,1550,2650,1765,71795875,72119589,0
BT16-admit-long,miniz_long-128-warm,730,225,1851392,8192,271,276,292,72119694,72391279,0
BT16-admit-long,miniz_long-128-warm,730,226,1859584,8192,1618,2767,1855,72391282,72739175,0
BT16-admit-long,miniz_long-128-warm,730,227,1867776,8192,287,285,299,72739278,73025308,0
BT16-admit-long,miniz_long-128-warm,730,228,1875968,8192,1544,2634,1805,73025311,73344174,0
BT16-admit-long,miniz_long-128-warm,730,229,1884160,8192,420,484,435,73344190,73669521,0
BT16-admit-long,miniz_long-128-warm,730,230,1892352,8192,1041,1682,1187,73669627,73940628,0
BT16-admit-long,miniz_long-128-warm,730,231,1900544,8192,869,1385,978,73940738,74218850,0
BT16-admit-long,miniz_long-128-warm,730,232,1908736,8192,579,750,616,74218853,74526618,0
BT16-admit-long,miniz_long-128-warm,730,233,1916928,8192,1509,2396,1679,74526725,74872670,0
BT16-admit-long,miniz_long-128-warm,730,234,1925120,8192,261,192,264,74872673,75119306,0
BT16-admit-long,miniz_long-128-warm,730,235,1933312,8192,1526,2678,1751,75119312,75465258,0
BT16-admit-long,miniz_long-128-warm,730,236,1941504,8192,255,266,263,75465363,75684663,0
BT16-admit-long,miniz_long-128-warm,730,237,1949696,8192,1654,2780,1918,75684674,76031245,0
BT16-admit-long,miniz_long-128-warm,730,238,1957888,8192,304,313,315,76031248,76317391,0
BT16-admit-long,miniz_long-128-warm,730,239,1966080,8192,1639,2794,1896,76317394,76664439,0
BT16-admit-long,miniz_long-128-warm,730,240,1974272,8192,303,310,310,76664542,76966644,0
BT16-admit-long,miniz_long-128-warm,730,241,1982464,8192,1183,1935,1347,76966647,77247733,0
BT16-admit-long,miniz_long-128-warm,730,242,1990656,8192,744,1127,805,77247839,77522974,0
BT16-admit-long,miniz_long-128-warm,730,243,1998848,8192,705,1001,762,77522985,77839387,0
BT16-admit-long,miniz_long-128-warm,730,244,2007040,8192,1250,2169,1444,77839393,78158632,0
BT16-admit-long,miniz_long-128-warm,730,245,2015232,8192,301,344,305,78158635,78417994,0
BT16-admit-long,miniz_long-128-warm,730,246,2023424,8192,1535,2636,1759,78418002,78789361,0
BT16-admit-long,miniz_long-128-warm,730,247,2031616,8192,282,308,319,78789364,78993155,0
BT16-admit-long,miniz_long-128-warm,730,248,2039808,8192,1633,2890,1906,78993161,79331361,0
BT16-admit-long,miniz_long-128-warm,730,249,2048000,8192,314,316,332,79331364,79619072,0
BT16-admit-long,miniz_long-128-warm,730,250,2056192,8192,1635,2659,1835,79619075,79957744,0
BT16-admit-long,miniz_long-128-warm,730,251,2064384,8192,312,332,339,79957847,80244264,0
BT16-admit-long,miniz_long-128-warm,730,252,2072576,8192,1270,2081,1432,80244267,80530408,0
BT16-admit-long,miniz_long-128-warm,730,253,2080768,8192,731,1151,807,80530523,80811863,0
BT16-admit-long,miniz_long-128-warm,730,254,2088960,8192,748,1093,816,80811968,81127563,0
BT16-admit-long,miniz_long-128-warm,730,255,2097152,8192,1222,2053,1393,81127579,81452759,0
BT16-admit-long,miniz_long-128-warm,730,256,2105344,8192,315,349,319,81452762,81719660,0
BT16-admit-long,miniz_long-128-warm,730,257,2113536,8192,1571,2708,1813,81719765,82085854,0
BT16-admit-long,miniz_long-128-warm,730,258,2121728,8192,256,271,282,82085959,82281895,0
BT16-admit-long,miniz_long-128-warm,730,259,2129920,8192,1607,2724,1837,82281901,82610403,0
BT16-admit-long,miniz_long-128-warm,730,260,2138112,8192,315,313,330,82610406,82898769,0
BT16-admit-long,miniz_long-128-warm,730,261,2146304,8192,1706,2777,1931,82898772,83251345,0
BT16-admit-long,miniz_long-128-warm,730,262,2154496,8192,299,303,308,83251348,83537564,0
BT16-admit-long,miniz_long-128-warm,730,263,2162688,8192,1293,2204,1502,83537567,83836523,0
BT16-admit-long,miniz_long-128-warm,730,264,2170880,8192,674,990,733,83836527,84110357,0
BT16-admit-long,miniz_long-128-warm,730,265,2179072,8192,757,1100,839,84110462,84415619,0
BT16-admit-long,miniz_long-128-warm,730,266,2187264,8192,1293,2099,1465,84415625,84738175,0
BT16-admit-long,miniz_long-128-warm,730,267,2195456,8192,300,345,304,84738178,84998378,0
BT16-admit-long,miniz_long-128-warm,730,268,2203648,8192,1519,2551,1739,84998483,85363390,0
BT16-admit-long,miniz_long-128-warm,730,269,2211840,8192,248,242,270,85363396,85571399,0
BT16-admit-long,miniz_long-128-warm,730,270,2220032,8192,1641,2740,1861,85571405,85899392,0
BT16-admit-long,miniz_long-128-warm,730,271,2228224,8192,298,291,303,85899395,86186032,0
BT16-admit-long,miniz_long-128-warm,730,272,2236416,8192,1735,2842,1954,86186135,86542630,0
BT16-admit-long,miniz_long-128-warm,730,273,2244608,8192,287,287,295,86542633,86839849,0
BT16-admit-long,miniz_long-128-warm,730,274,2252800,8192,1364,2249,1552,86839852,87142949,0
BT16-admit-long,miniz_long-128-warm,730,275,2260992,8192,525,725,560,87142950,87449694,0
BT16-admit-long,miniz_long-128-warm,730,276,2269184,8192,920,1400,1056,87449799,87738333,0
BT16-admit-long,miniz_long-128-warm,730,277,2271454,2270,731,1309,843,87738335,87848258,1
BT16-rrip-all-long,jsmn_long-128-cold,740,0,8192,8192,825,1560,778,1747,297924,0
BT16-rrip-all-long,jsmn_long-128-cold,740,1,16384,8192,658,1283,642,297929,601051,0
BT16-rrip-all-long,jsmn_long-128-cold,740,2,24576,8192,560,1120,560,601152,936265,0
BT16-rrip-all-long,jsmn_long-128-cold,740,3,32768,8192,712,1426,713,936366,1225197,0
BT16-rrip-all-long,jsmn_long-128-cold,740,4,40960,8192,501,1001,502,1225298,1553026,0
BT16-rrip-all-long,jsmn_long-128-cold,740,5,49152,8192,694,1393,694,1553032,1851097,0
BT16-rrip-all-long,jsmn_long-128-cold,740,6,57344,8192,654,1306,653,1851099,2151789,0
BT16-rrip-all-long,jsmn_long-128-cold,740,7,65536,8192,541,1080,541,2151790,2483636,0
BT16-rrip-all-long,jsmn_long-128-cold,740,8,73728,8192,712,1426,713,2483737,2774542,0
BT16-rrip-all-long,jsmn_long-128-cold,740,9,81920,8192,508,1019,509,2774643,3097715,0
BT16-rrip-all-long,jsmn_long-128-cold,740,10,90112,8192,702,1402,702,3097922,3404880,0
BT16-rrip-all-long,jsmn_long-128-cold,740,11,98304,8192,662,1327,663,3404989,3701228,0
BT16-rrip-all-long,jsmn_long-128-cold,740,12,106496,8192,528,1056,528,3701329,4039419,0
BT16-rrip-all-long,jsmn_long-128-cold,740,13,114688,8192,720,1450,722,4039520,4329343,0
BT16-rrip-all-long,jsmn_long-128-cold,740,14,122880,8192,536,1055,534,4329346,4647124,0
BT16-rrip-all-long,jsmn_long-128-cold,740,15,131072,8192,672,1344,672,4647225,4953197,0
BT16-rrip-all-long,jsmn_long-128-cold,740,16,139264,8192,655,1315,657,4953298,5252305,0
BT16-rrip-all-long,jsmn_long-128-cold,740,17,147456,8192,528,1048,524,5252312,5586437,0
BT16-rrip-all-long,jsmn_long-128-cold,740,18,155648,8192,712,1426,713,5586538,5870891,0
BT16-rrip-all-long,jsmn_long-128-cold,740,19,163840,8192,523,1050,524,5870992,6189653,0
BT16-rrip-all-long,jsmn_long-128-cold,740,20,172032,8192,678,1359,678,6189655,6493554,0
BT16-rrip-all-long,jsmn_long-128-cold,740,21,180224,8192,651,1298,652,6493557,6790179,0
BT16-rrip-all-long,jsmn_long-128-cold,740,22,188416,8192,531,1064,529,6790187,7123369,0
BT16-rrip-all-long,jsmn_long-128-cold,740,23,196608,8192,705,1406,706,7123372,7408741,0
BT16-rrip-all-long,jsmn_long-128-cold,740,24,204800,8192,500,1006,501,7408846,7731081,0
BT16-rrip-all-long,jsmn_long-128-cold,740,25,212992,8192,706,1409,706,7731093,8030719,0
BT16-rrip-all-long,jsmn_long-128-cold,740,26,221184,8192,632,1266,633,8030820,8325935,0
BT16-rrip-all-long,jsmn_long-128-cold,740,27,229376,8192,541,1079,541,8326036,8656143,0
BT16-rrip-all-long,jsmn_long-128-cold,740,28,237568,8192,699,1403,700,8656149,8943217,0
BT16-rrip-all-long,jsmn_long-128-cold,740,29,245760,8192,472,946,473,8943318,9274154,0
BT16-rrip-all-long,jsmn_long-128-cold,740,30,253952,8192,723,1448,723,9274158,9563581,0
BT16-rrip-all-long,jsmn_long-128-cold,740,31,262144,8192,629,1258,630,9563583,9862686,0
BT16-rrip-all-long,jsmn_long-128-cold,740,32,270336,8192,545,1089,545,9862787,10189675,0
BT16-rrip-all-long,jsmn_long-128-cold,740,33,278528,8192,699,1402,700,10189678,10475009,0
BT16-rrip-all-long,jsmn_long-128-cold,740,34,286720,8192,447,896,448,10475216,10813163,0
BT16-rrip-all-long,jsmn_long-128-cold,740,35,294912,8192,783,1555,778,10813166,11099579,0
BT16-rrip-all-long,jsmn_long-128-cold,740,36,303104,8192,621,1235,617,11099680,11397095,0
BT16-rrip-all-long,jsmn_long-128-cold,740,37,311296,8192,572,1138,569,11397096,11722544,0
BT16-rrip-all-long,jsmn_long-128-cold,740,38,319488,8192,696,1394,697,11722645,12012015,0
BT16-rrip-all-long,jsmn_long-128-cold,740,39,327680,8192,451,905,452,12012116,12351812,0
BT16-rrip-all-long,jsmn_long-128-cold,740,40,335872,8192,757,1513,757,12351815,12636535,0
BT16-rrip-all-long,jsmn_long-128-cold,740,41,344064,8192,623,1243,621,12636636,12936032,0
BT16-rrip-all-long,jsmn_long-128-cold,740,42,352256,8192,560,1120,560,12936133,13258724,0
BT16-rrip-all-long,jsmn_long-128-cold,740,43,360448,8192,679,1362,680,13258825,13540428,0
BT16-rrip-all-long,jsmn_long-128-cold,740,44,368640,8192,481,960,481,13540432,13879602,0
BT16-rrip-all-long,jsmn_long-128-cold,740,45,376832,8192,728,1458,729,13879702,14159369,0
BT16-rrip-all-long,jsmn_long-128-cold,740,46,385024,8192,584,1170,585,14159470,14463009,0
BT16-rrip-all-long,jsmn_long-128-cold,740,47,393216,8192,592,1184,592,14463110,14782453,0
BT16-rrip-all-long,jsmn_long-128-cold,740,48,401408,8192,680,1362,681,14782554,15071782,0
BT16-rrip-all-long,jsmn_long-128-cold,740,49,409600,8192,496,992,496,15071888,15409925,0
BT16-rrip-all-long,jsmn_long-128-cold,740,50,417792,8192,727,1458,728,15410031,15693159,0
BT16-rrip-all-long,jsmn_long-128-cold,740,51,425984,8192,569,1138,570,15693163,15999442,0
BT16-rrip-all-long,jsmn_long-128-cold,740,52,434176,8192,608,1216,608,15999543,16313301,0
BT16-rrip-all-long,jsmn_long-128-cold,740,53,442368,8192,664,1330,665,16313402,16602531,0
BT16-rrip-all-long,jsmn_long-128-cold,740,54,450560,8192,512,1024,512,16602632,16938928,0
BT16-rrip-all-long,jsmn_long-128-cold,740,55,458752,8192,712,1426,713,16939034,17216121,0
BT16-rrip-all-long,jsmn_long-128-cold,740,56,466944,8192,526,1057,528,17216222,17526854,0
BT16-rrip-all-long,jsmn_long-128-cold,740,57,475136,8192,650,1297,649,17526859,17831351,0
BT16-rrip-all-long,jsmn_long-128-cold,740,58,483328,8192,648,1298,649,17831452,18121917,0
BT16-rrip-all-long,jsmn_long-128-cold,740,59,491520,8192,515,1031,514,18122023,18453310,0
BT16-rrip-all-long,jsmn_long-128-cold,740,60,499712,8192,709,1419,711,18453312,18732470,0
BT16-rrip-all-long,jsmn_long-128-cold,740,61,507904,8192,472,946,473,18732571,19059276,0
BT16-rrip-all-long,jsmn_long-128-cold,740,62,516096,8192,704,1408,704,19059377,19344268,0
BT16-rrip-all-long,jsmn_long-128-cold,740,63,524288,8192,620,1242,620,19344369,19640921,0
BT16-rrip-all-long,jsmn_long-128-cold,740,64,532480,8192,549,1100,550,19641022,19963586,0
BT16-rrip-all-long,jsmn_long-128-cold,740,65,540672,8192,691,1382,691,19963700,20252135,0
BT16-rrip-all-long,jsmn_long-128-cold,740,66,548864,8192,464,928,464,20252236,20585043,0
BT16-rrip-all-long,jsmn_long-128-cold,740,67,557056,8192,728,1458,729,20585143,20861217,0
BT16-rrip-all-long,jsmn_long-128-cold,740,68,565248,8192,571,1146,572,20861318,21159620,0
BT16-rrip-all-long,jsmn_long-128-cold,740,69,573440,8192,605,1208,605,21159621,21480369,0
BT16-rrip-all-long,jsmn_long-128-cold,740,70,581632,8192,664,1330,665,21480470,21765526,0
BT16-rrip-all-long,jsmn_long-128-cold,740,71,589824,8192,496,992,496,21765627,22097505,0
BT16-rrip-all-long,jsmn_long-128-cold,740,72,598016,8192,712,1426,713,22097606,22374600,0
BT16-rrip-all-long,jsmn_long-128-cold,740,73,606208,8192,555,1113,555,22374701,22689904,0
BT16-rrip-all-long,jsmn_long-128-cold,740,74,614400,8192,637,1273,638,22689906,22997080,0
BT16-rrip-all-long,jsmn_long-128-cold,740,75,622592,8192,648,1298,649,22997181,23284797,0
BT16-rrip-all-long,jsmn_long-128-cold,740,76,630784,8192,512,1024,512,23284898,23614851,0
BT16-rrip-all-long,jsmn_long-128-cold,740,77,638976,8192,699,1402,700,23614952,23897563,0
BT16-rrip-all-long,jsmn_long-128-cold,740,78,647168,8192,488,978,489,23897564,24218776,0
BT16-rrip-all-long,jsmn_long-128-cold,740,79,655360,8192,692,1385,693,24218778,24506361,0
BT16-rrip-all-long,jsmn_long-128-cold,740,80,663552,8192,625,1249,625,24506368,24803542,0
BT16-rrip-all-long,jsmn_long-128-cold,740,81,671744,8192,544,1088,544,24803643,25128255,0
BT16-rrip-all-long,jsmn_long-128-cold,740,82,679936,8192,693,1385,694,25128356,25408902,0
BT16-rrip-all-long,jsmn_long-128-cold,740,83,688128,8192,454,914,455,25408908,25745187,0
BT16-rrip-all-long,jsmn_long-128-cold,740,84,696320,8192,741,1481,741,25745190,26025868,0
BT16-rrip-all-long,jsmn_long-128-cold,740,85,704512,8192,584,1170,585,26025969,26323742,0
BT16-rrip-all-long,jsmn_long-128-cold,740,86,712704,8192,590,1181,590,26323843,26640241,0
BT16-rrip-all-long,jsmn_long-128-cold,740,87,720896,8192,666,1333,667,26640247,26928263,0
BT16-rrip-all-long,jsmn_long-128-cold,740,88,729088,8192,480,960,480,26928364,27261065,0
BT16-rrip-all-long,jsmn_long-128-cold,740,89,737280,8192,712,1426,713,27261166,27534007,0
BT16-rrip-all-long,jsmn_long-128-cold,740,90,745472,8192,539,1082,540,27534108,27842842,0
BT16-rrip-all-long,jsmn_long-128-cold,740,91,753664,8192,637,1272,637,27842843,28147632,0
BT16-rrip-all-long,jsmn_long-128-cold,740,92,761856,8192,645,1291,646,28147733,28434696,0
BT16-rrip-all-long,jsmn_long-128-cold,740,93,770048,8192,515,1031,515,28434703,28764308,0
BT16-rrip-all-long,jsmn_long-128-cold,740,94,778240,8192,696,1394,697,28764409,29035984,0
BT16-rrip-all-long,jsmn_long-128-cold,740,95,786432,8192,461,925,463,29036085,29370039,0
BT16-rrip-all-long,jsmn_long-128-cold,740,96,794624,8192,731,1461,730,29370047,29654144,0
BT16-rrip-all-long,jsmn_long-128-cold,740,97,802816,8192,600,1202,601,29654245,29949081,0
BT16-rrip-all-long,jsmn_long-128-cold,740,98,811008,8192,560,1120,560,29949182,30267651,0
BT16-rrip-all-long,jsmn_long-128-cold,740,99,819200,8192,680,1362,681,30267752,30551974,0
BT16-rrip-all-long,jsmn_long-128-cold,740,100,827392,8192,474,951,474,30552075,30886589,0
BT16-rrip-all-long,jsmn_long-128-cold,740,101,835584,8192,725,1444,723,30886590,31162891,0
BT16-rrip-all-long,jsmn_long-128-cold,740,102,843776,8192,555,1114,556,31162992,31463641,0
BT16-rrip-all-long,jsmn_long-128-cold,740,103,851968,8192,611,1216,609,31463642,31771969,0
BT16-rrip-all-long,jsmn_long-128-cold,740,104,860160,8192,648,1298,649,31772070,32056764,0
BT16-rrip-all-long,jsmn_long-128-cold,740,105,868352,8192,512,1024,512,32056865,32386323,0
BT16-rrip-all-long,jsmn_long-128-cold,740,106,876544,8192,696,1394,697,32386424,32664158,0
BT16-rrip-all-long,jsmn_long-128-cold,740,107,884736,8192,488,978,489,32664259,32986971,0
BT16-rrip-all-long,jsmn_long-128-cold,740,108,892928,8192,704,1408,704,32986975,33282048,0
BT16-rrip-all-long,jsmn_long-128-cold,740,109,901120,8192,622,1249,624,33282149,33574428,0
BT16-rrip-all-long,jsmn_long-128-cold,740,110,909312,8192,554,1105,553,33574433,33901852,0
BT16-rrip-all-long,jsmn_long-128-cold,740,111,917504,8192,683,1369,683,33901953,34185597,0
BT16-rrip-all-long,jsmn_long-128-cold,740,112,925696,8192,448,898,450,34185599,34520580,0
BT16-rrip-all-long,jsmn_long-128-cold,740,113,933888,8192,763,1521,761,34520583,34804887,0
BT16-rrip-all-long,jsmn_long-128-cold,740,114,942080,8192,584,1170,585,34804988,35097669,0
BT16-rrip-all-long,jsmn_long-128-cold,740,115,950272,8192,573,1143,573,35097775,35410311,0
BT16-rrip-all-long,jsmn_long-128-cold,740,116,958464,8192,660,1328,661,35410317,35694554,0
BT16-rrip-all-long,jsmn_long-128-cold,740,117,966656,8192,487,971,487,35694558,36028228,0
BT16-rrip-all-long,jsmn_long-128-cold,740,118,974848,8192,712,1426,713,36028329,36301213,0
BT16-rrip-all-long,jsmn_long-128-cold,740,119,983040,8192,536,1074,537,36301314,36613026,0
BT16-rrip-all-long,jsmn_long-128-cold,740,120,991232,8192,640,1280,640,36613132,36915966,0
BT16-rrip-all-long,jsmn_long-128-cold,740,121,999424,8192,637,1278,639,36916067,37208233,0
BT16-rrip-all-long,jsmn_long-128-cold,740,122,1007616,8192,523,1044,522,37208342,37535010,0
BT16-rrip-all-long,jsmn_long-128-cold,740,123,1015808,8192,696,1394,697,37535111,37812622,0
BT16-rrip-all-long,jsmn_long-128-cold,740,124,1024000,8192,443,890,444,37812728,38145277,0
BT16-rrip-all-long,jsmn_long-128-cold,740,125,1032192,8192,743,1487,743,38145278,38426250,0
BT16-rrip-all-long,jsmn_long-128-cold,740,126,1040384,8192,609,1219,610,38426253,38723923,0
BT16-rrip-all-long,jsmn_long-128-cold,740,127,1048576,8192,564,1121,561,38723925,39045298,0
BT16-rrip-all-long,jsmn_long-128-cold,740,128,1056768,8192,680,1362,681,39045399,39327784,0
BT16-rrip-all-long,jsmn_long-128-cold,740,129,1064960,8192,477,951,477,39327885,39660618,0
BT16-rrip-all-long,jsmn_long-128-cold,740,130,1073152,8192,715,1435,716,39660624,39940487,0
BT16-rrip-all-long,jsmn_long-128-cold,740,131,1081344,8192,584,1170,585,39940588,40245911,0
BT16-rrip-all-long,jsmn_long-128-cold,740,132,1089536,8192,595,1192,595,40246012,40560994,0
BT16-rrip-all-long,jsmn_long-128-cold,740,133,1097728,8192,661,1322,662,40560995,40847834,0
BT16-rrip-all-long,jsmn_long-128-cold,740,134,1105920,8192,496,992,496,40847935,41178724,0
BT16-rrip-all-long,jsmn_long-128-cold,740,135,1114112,8192,696,1394,697,41178825,41449595,0
BT16-rrip-all-long,jsmn_long-128-cold,740,136,1122304,8192,505,1011,506,41449696,41766528,0
BT16-rrip-all-long,jsmn_long-128-cold,740,137,1130496,8192,674,1351,674,41766531,42062821,0
BT16-rrip-all-long,jsmn_long-128-cold,740,138,1138688,8192,624,1249,625,42062823,42352525,0
BT16-rrip-all-long,jsmn_long-128-cold,740,139,1146880,8192,536,1073,536,42352526,42677086,0
BT16-rrip-all-long,jsmn_long-128-cold,740,140,1155072,8192,693,1386,694,42677087,42956751,0
BT16-rrip-all-long,jsmn_long-128-cold,740,141,1163264,8192,451,905,452,42956852,43293878,0
BT16-rrip-all-long,jsmn_long-128-cold,740,142,1171456,8192,741,1481,741,43293881,43568369,0
BT16-rrip-all-long,jsmn_long-128-cold,740,143,1179648,8192,576,1157,578,43568475,43867303,0
BT16-rrip-all-long,jsmn_long-128-cold,740,144,1187840,8192,584,1165,583,43867308,44183469,0
BT16-rrip-all-long,jsmn_long-128-cold,740,145,1196032,8192,664,1330,665,44183570,44468431,0
BT16-rrip-all-long,jsmn_long-128-cold,740,146,1204224,8192,496,992,496,44468532,44804192,0
BT16-rrip-all-long,jsmn_long-128-cold,740,147,1212416,8192,709,1417,710,44804293,45074353,0
BT16-rrip-all-long,jsmn_long-128-cold,740,148,1220608,8192,510,1027,511,45074359,45383610,0
BT16-rrip-all-long,jsmn_long-128-cold,740,149,1228800,8192,653,1304,653,45383611,45679169,0
BT16-rrip-all-long,jsmn_long-128-cold,740,150,1236992,8192,632,1266,633,45679270,45971851,0
BT16-rrip-all-long,jsmn_long-128-cold,740,151,1245184,8192,528,1056,528,45971952,46297885,0
BT16-rrip-all-long,jsmn_long-128-cold,740,152,1253376,8192,680,1362,681,46297986,46572565,0
BT16-rrip-all-long,jsmn_long-128-cold,740,153,1261568,8192,449,900,450,46572666,46900576,0
BT16-rrip-all-long,jsmn_long-128-cold,740,154,1269760,8192,735,1464,732,46900581,47178053,0
BT16-rrip-all-long,jsmn_long-128-cold,740,155,1277952,8192,584,1170,585,47178154,47476326,0
BT16-rrip-all-long,jsmn_long-128-cold,740,156,1286144,8192,585,1175,585,47476427,47787739,0
BT16-rrip-all-long,jsmn_long-128-cold,740,157,1294336,8192,655,1307,656,47787740,48074026,0
BT16-rrip-all-long,jsmn_long-128-cold,740,158,1302528,8192,496,992,496,48074127,48401219,0
BT16-rrip-all-long,jsmn_long-128-cold,740,159,1310720,8192,709,1417,710,48401320,48677064,0
BT16-rrip-all-long,jsmn_long-128-cold,740,160,1318912,8192,507,1019,508,48677070,48993466,0
BT16-rrip-all-long,jsmn_long-128-cold,740,161,1327104,8192,672,1344,672,48993572,49293735,0
BT16-rrip-all-long,jsmn_long-128-cold,740,162,1335296,8192,618,1237,619,49293836,49582163,0
BT16-rrip-all-long,jsmn_long-128-cold,740,163,1343488,8192,549,1094,546,49582272,49911400,0
BT16-rrip-all-long,jsmn_long-128-cold,740,164,1351680,8192,696,1394,697,49911501,50195270,0
BT16-rrip-all-long,jsmn_long-128-cold,740,165,1359872,8192,441,881,441,50195371,50530990,0
BT16-rrip-all-long,jsmn_long-128-cold,740,166,1368064,8192,751,1505,752,50531108,50805845,0
BT16-rrip-all-long,jsmn_long-128-cold,740,167,1376256,8192,600,1202,601,50805946,51103850,0
BT16-rrip-all-long,jsmn_long-128-cold,740,168,1384448,8192,563,1128,563,51103956,51423997,0
BT16-rrip-all-long,jsmn_long-128-cold,740,169,1392640,8192,677,1354,678,51423999,51708182,0
BT16-rrip-all-long,jsmn_long-128-cold,740,170,1400832,8192,484,968,483,51708283,52038352,0
BT16-rrip-all-long,jsmn_long-128-cold,740,171,1409024,8192,712,1426,713,52038453,52315475,0
BT16-rrip-all-long,jsmn_long-128-cold,740,172,1417216,8192,539,1081,539,52315576,52618639,0
BT16-rrip-all-long,jsmn_long-128-cold,740,173,1425408,8192,629,1260,631,52618641,52922787,0
BT16-rrip-all-long,jsmn_long-128-cold,740,174,1433600,8192,640,1279,640,52922790,53210279,0
BT16-rrip-all-long,jsmn_long-128-cold,740,175,1441792,8192,512,1024,512,53210380,53538634,0
BT16-rrip-all-long,jsmn_long-128-cold,740,176,1449984,8192,696,1394,697,53538735,53809007,0
BT16-rrip-all-long,jsmn_long-128-cold,740,177,1458176,8192,421,844,422,53809113,54141042,0
BT16-rrip-all-long,jsmn_long-128-cold,740,178,1466368,8192,755,1510,755,54141046,54421977,0
BT16-rrip-all-long,jsmn_long-128-cold,740,179,1474560,8192,600,1202,601,54422078,54713062,0
BT16-rrip-all-long,jsmn_long-128-cold,740,180,1482752,8192,565,1131,566,54713163,55034508,0
BT16-rrip-all-long,jsmn_long-128-cold,740,181,1490944,8192,673,1337,668,55034516,55313724,0
BT16-rrip-all-long,jsmn_long-128-cold,740,182,1499136,8192,482,963,483,55313725,55645937,0
BT16-rrip-all-long,jsmn_long-128-cold,740,183,1507328,8192,709,1418,709,55645945,55921607,0
BT16-rrip-all-long,jsmn_long-128-cold,740,184,1515520,8192,535,1072,536,55921716,56228310,0
BT16-rrip-all-long,jsmn_long-128-cold,740,185,1523712,8192,639,1279,639,56228313,56532134,0
BT16-rrip-all-long,jsmn_long-128-cold,740,186,1531904,8192,634,1269,635,56532235,56821932,0
BT16-rrip-all-long,jsmn_long-128-cold,740,187,1540096,8192,526,1053,526,56822041,57147564,0
BT16-rrip-all-long,jsmn_long-128-cold,740,188,1548288,8192,696,1394,697,57147665,57426173,0
BT16-rrip-all-long,jsmn_long-128-cold,740,189,1556480,8192,441,880,439,57426279,57758843,0
BT16-rrip-all-long,jsmn_long-128-cold,740,190,1564672,8192,741,1482,742,57758844,58036638,0
BT16-rrip-all-long,jsmn_long-128-cold,740,191,1572864,8192,603,1210,604,58036739,58335804,0
BT16-rrip-all-long,jsmn_long-128-cold,740,192,1581056,8192,557,1112,557,58335805,58652201,0
BT16-rrip-all-long,jsmn_long-128-cold,740,193,1589248,8192,690,1372,686,58652302,58932602,0
BT16-rrip-all-long,jsmn_long-128-cold,740,194,1597440,8192,480,960,480,58932703,59265001,0
BT16-rrip-all-long,jsmn_long-128-cold,740,195,1605632,8192,696,1394,697,59265102,59538354,0
BT16-rrip-all-long,jsmn_long-128-cold,740,196,1613824,8192,543,1091,545,59538455,59846077,0
BT16-rrip-all-long,jsmn_long-128-cold,740,197,1622016,8192,633,1263,632,59846084,60152413,0
BT16-rrip-all-long,jsmn_long-128-cold,740,198,1630208,8192,637,1277,639,60152514,60438796,0
BT16-rrip-all-long,jsmn_long-128-cold,740,199,1638400,8192,510,1021,509,60438804,60759261,0
BT16-rrip-all-long,jsmn_long-128-cold,740,200,1646592,8192,699,1399,701,60759262,61040308,0
BT16-rrip-all-long,jsmn_long-128-cold,740,201,1654784,8192,435,870,434,61040312,61374512,0
BT16-rrip-all-long,jsmn_long-128-cold,740,202,1662976,8192,751,1503,752,61374513,61651355,0
BT16-rrip-all-long,jsmn_long-128-cold,740,203,1671168,8192,584,1170,585,61651456,61947041,0
BT16-rrip-all-long,jsmn_long-128-cold,740,204,1679360,8192,576,1152,576,61947142,62262921,0
BT16-rrip-all-long,jsmn_long-128-cold,740,205,1687552,8192,671,1339,669,62263022,62545027,0
BT16-rrip-all-long,jsmn_long-128-cold,740,206,1695744,8192,480,960,480,62545128,62878650,0
BT16-rrip-all-long,jsmn_long-128-cold,740,207,1703936,8192,696,1394,697,62878751,63146283,0
BT16-rrip-all-long,jsmn_long-128-cold,740,208,1712128,8192,536,1074,537,63146384,63460695,0
BT16-rrip-all-long,jsmn_long-128-cold,740,209,1720320,8192,656,1312,656,63460699,63763432,0
BT16-rrip-all-long,jsmn_long-128-cold,740,210,1728512,8192,633,1265,632,63763533,64050615,0
BT16-rrip-all-long,jsmn_long-128-cold,740,211,1736704,8192,517,1033,517,64050616,64368437,0
BT16-rrip-all-long,jsmn_long-128-cold,740,212,1744896,8192,680,1362,681,64368538,64640731,0
BT16-rrip-all-long,jsmn_long-128-cold,740,213,1753088,8192,458,914,456,64640832,64971254,0
BT16-rrip-all-long,jsmn_long-128-cold,740,214,1761280,8192,741,1481,741,64971257,65244367,0
BT16-rrip-all-long,jsmn_long-128-cold,740,215,1769472,8192,577,1159,578,65244468,65536170,0
BT16-rrip-all-long,jsmn_long-128-cold,740,216,1777664,8192,583,1163,583,65536174,65846879,0
BT16-rrip-all-long,jsmn_long-128-cold,740,217,1785856,8192,664,1330,665,65846980,66127259,0
BT16-rrip-all-long,jsmn_long-128-cold,740,218,1794048,8192,490,983,490,66127360,66454254,0
BT16-rrip-all-long,jsmn_long-128-cold,740,219,1802240,8192,696,1388,694,66454257,66719204,0
BT16-rrip-all-long,jsmn_long-128-cold,740,220,1810432,8192,501,1002,502,66719205,67030613,0
BT16-rrip-all-long,jsmn_long-128-cold,740,221,1818624,8192,656,1312,656,67030617,67310215,0
BT16-rrip-all-long,jsmn_long-128-cold,740,222,1826816,8192,623,1251,625,67310316,67602903,0
BT16-rrip-all-long,jsmn_long-128-cold,740,223,1835008,8192,553,1103,552,67602910,67920040,0
BT16-rrip-all-long,jsmn_long-128-cold,740,224,1843200,8192,665,1331,666,67920141,68194958,0
BT16-rrip-all-long,jsmn_long-128-cold,740,225,1851392,8192,479,959,479,68194961,68527210,0
BT16-rrip-all-long,jsmn_long-128-cold,740,226,1859584,8192,712,1426,713,68527213,68794969,0
BT16-rrip-all-long,jsmn_long-128-cold,740,227,1867776,8192,557,1118,559,68795070,69091842,0
BT16-rrip-all-long,jsmn_long-128-cold,740,228,1875968,8192,606,1212,605,69091956,69397091,0
BT16-rrip-all-long,jsmn_long-128-cold,740,229,1884160,8192,648,1298,649,69397093,69678718,0
BT16-rrip-all-long,jsmn_long-128-cold,740,230,1892352,8192,509,1016,509,69678719,70004550,0
BT16-rrip-all-long,jsmn_long-128-cold,740,231,1894252,1900,68,138,69,70004651,70079403,1
BT16-rrip-all-long,jsmn_long-128-warm,740,0,8192,8192,771,1545,772,4118518,4409137,0
BT16-rrip-all-long,jsmn_long-128-warm,740,1,16384,8192,639,1267,637,4409238,4706906,0
BT16-rrip-all-long,jsmn_long-128-warm,740,2,24576,8192,549,1099,549,4706912,5037251,0
BT16-rrip-all-long,jsmn_long-128-warm,740,3,32768,8192,709,1418,710,5037253,5325676,0
BT16-rrip-all-long,jsmn_long-128-warm,740,4,40960,8192,451,895,447,5325777,5664222,0
BT16-rrip-all-long,jsmn_long-128-warm,740,5,49152,8192,764,1532,766,5664223,5948272,0
BT16-rrip-all-long,jsmn_long-128-warm,740,6,57344,8192,616,1234,617,5948373,6245699,0
BT16-rrip-all-long,jsmn_long-128-warm,740,7,65536,8192,560,1120,560,6245800,6575870,0
BT16-rrip-all-long,jsmn_long-128-warm,740,8,73728,8192,696,1394,697,6575971,6864924,0
BT16-rrip-all-long,jsmn_long-128-warm,740,9,81920,8192,457,913,456,6865025,7200436,0
BT16-rrip-all-long,jsmn_long-128-warm,740,10,90112,8192,757,1513,757,7200439,7486329,0
BT16-rrip-all-long,jsmn_long-128-warm,740,11,98304,8192,612,1225,613,7486430,7785830,0
BT16-rrip-all-long,jsmn_long-128-warm,740,12,106496,8192,564,1129,564,7785838,8113562,0
BT16-rrip-all-long,jsmn_long-128-warm,740,13,114688,8192,696,1394,697,8113663,8399374,0
BT16-rrip-all-long,jsmn_long-128-warm,740,14,122880,8192,464,928,464,8399475,8736358,0
BT16-rrip-all-long,jsmn_long-128-warm,740,15,131072,8192,744,1490,745,8736361,9021006,0
BT16-rrip-all-long,jsmn_long-128-warm,740,16,139264,8192,600,1202,601,9021107,9321899,0
BT16-rrip-all-long,jsmn_long-128-warm,740,17,147456,8192,576,1152,576,9322000,9643166,0
BT16-rrip-all-long,jsmn_long-128-warm,740,18,155648,8192,681,1363,682,9643267,9934639,0
BT16-rrip-all-long,jsmn_long-128-warm,740,19,163840,8192,483,968,483,9934642,10271948,0
BT16-rrip-all-long,jsmn_long-128-warm,740,20,172032,8192,734,1472,735,10272155,10552354,0
BT16-rrip-all-long,jsmn_long-128-warm,740,21,180224,8192,589,1179,590,10552355,10858080,0
BT16-rrip-all-long,jsmn_long-128-warm,740,22,188416,8192,609,1207,605,10858084,11181197,0
BT16-rrip-all-long,jsmn_long-128-warm,740,23,196608,8192,684,1359,679,11181201,11465740,0
BT16-rrip-all-long,jsmn_long-128-warm,740,24,204800,8192,503,1001,500,11465841,11804198,0
BT16-rrip-all-long,jsmn_long-128-warm,740,25,212992,8192,728,1458,729,11804299,12092008,0
BT16-rrip-all-long,jsmn_long-128-warm,740,26,221184,8192,584,1170,585,12092109,12397905,0
BT16-rrip-all-long,jsmn_long-128-warm,740,27,229376,8192,608,1216,608,12398011,12716453,0
BT16-rrip-all-long,jsmn_long-128-warm,740,28,237568,8192,671,1339,669,12716554,13005996,0
BT16-rrip-all-long,jsmn_long-128-warm,740,29,245760,8192,496,992,496,13006097,13342149,0
BT16-rrip-all-long,jsmn_long-128-warm,740,30,253952,8192,712,1426,713,13342250,13616246,0
BT16-rrip-all-long,jsmn_long-128-warm,740,31,262144,8192,546,1097,547,13616347,13927504,0
BT16-rrip-all-long,jsmn_long-128-warm,740,32,270336,8192,646,1289,646,13927505,14239690,0
BT16-rrip-all-long,jsmn_long-128-warm,740,33,278528,8192,651,1305,651,14239791,14531387,0
BT16-rrip-all-long,jsmn_long-128-warm,740,34,286720,8192,517,1036,519,14531389,14865070,0
BT16-rrip-all-long,jsmn_long-128-warm,740,35,294912,8192,714,1430,714,14865075,15147383,0
BT16-rrip-all-long,jsmn_long-128-warm,740,36,303104,8192,526,1051,527,15147386,15465407,0
BT16-rrip-all-long,jsmn_long-128-warm,740,37,311296,8192,672,1344,672,15465411,15772402,0
BT16-rrip-all-long,jsmn_long-128-warm,740,38,319488,8192,648,1298,649,15772503,16064580,0
BT16-rrip-all-long,jsmn_long-128-warm,740,39,327680,8192,515,1032,515,16064681,16395273,0
BT16-rrip-all-long,jsmn_long-128-warm,740,40,335872,8192,709,1418,710,16395275,16679987,0
BT16-rrip-all-long,jsmn_long-128-warm,740,41,344064,8192,492,987,493,16680088,17001637,0
BT16-rrip-all-long,jsmn_long-128-warm,740,42,352256,8192,700,1399,700,17001746,17297044,0
BT16-rrip-all-long,jsmn_long-128-warm,740,43,360448,8192,621,1245,623,17297145,17587043,0
BT16-rrip-all-long,jsmn_long-128-warm,740,44,368640,8192,548,1100,547,17587051,17912877,0
BT16-rrip-all-long,jsmn_long-128-warm,740,45,376832,8192,687,1371,688,17912878,18193729,0
BT16-rrip-all-long,jsmn_long-128-warm,740,46,385024,8192,451,905,452,18193830,18531228,0
BT16-rrip-all-long,jsmn_long-128-warm,740,47,393216,8192,752,1504,752,18531231,18811181,0
BT16-rrip-all-long,jsmn_long-128-warm,740,48,401408,8192,589,1179,590,18811184,19109303,0
BT16-rrip-all-long,jsmn_long-128-warm,740,49,409600,8192,573,1145,573,19109404,19421939,0
BT16-rrip-all-long,jsmn_long-128-warm,740,50,417792,8192,671,1345,671,19421946,19712084,0
BT16-rrip-all-long,jsmn_long-128-warm,740,51,425984,8192,483,968,483,19712185,20044990,0
BT16-rrip-all-long,jsmn_long-128-warm,740,52,434176,8192,729,1459,730,20044992,20327776,0
BT16-rrip-all-long,jsmn_long-128-warm,740,53,442368,8192,548,1097,549,20327983,20629618,0
BT16-rrip-all-long,jsmn_long-128-warm,740,54,450560,8192,624,1248,624,20629719,20941635,0
BT16-rrip-all-long,jsmn_long-128-warm,740,55,458752,8192,648,1298,649,20941736,21226989,0
BT16-rrip-all-long,jsmn_long-128-warm,740,56,466944,8192,515,1029,514,21227090,21562433,0
BT16-rrip-all-long,jsmn_long-128-warm,740,57,475136,8192,709,1421,711,21562434,21837900,0
BT16-rrip-all-long,jsmn_long-128-warm,740,58,483328,8192,491,986,492,21838001,22157695,0
BT16-rrip-all-long,jsmn_long-128-warm,740,59,491520,8192,688,1376,688,22157696,22455142,0
BT16-rrip-all-long,jsmn_long-128-warm,740,60,499712,8192,645,1290,646,22455144,22753376,0
BT16-rrip-all-long,jsmn_long-128-warm,740,61,507904,8192,528,1056,528,22753477,23078122,0
BT16-rrip-all-long,jsmn_long-128-warm,740,62,516096,8192,696,1394,697,23078223,23359967,0
BT16-rrip-all-long,jsmn_long-128-warm,740,63,524288,8192,435,873,436,23360068,23691128,0
BT16-rrip-all-long,jsmn_long-128-warm,740,64,532480,8192,757,1513,757,23691131,23971744,0
BT16-rrip-all-long,jsmn_long-128-warm,740,65,540672,8192,597,1193,598,23971845,24267727,0
BT16-rrip-all-long,jsmn_long-128-warm,740,66,548864,8192,563,1129,563,24267733,24587094,0
BT16-rrip-all-long,jsmn_long-128-warm,740,67,557056,8192,683,1370,684,24587195,24875536,0
BT16-rrip-all-long,jsmn_long-128-warm,740,68,565248,8192,477,952,477,24875537,25209001,0
BT16-rrip-all-long,jsmn_long-128-warm,740,69,573440,8192,725,1449,726,25209102,25483711,0
BT16-rrip-all-long,jsmn_long-128-warm,740,70,581632,8192,564,1136,565,25483717,25791576,0
BT16-rrip-all-long,jsmn_long-128-warm,740,71,589824,8192,615,1227,615,25791580,26105291,0
BT16-rrip-all-long,jsmn_long-128-warm,740,72,598016,8192,650,1301,651,26105392,26391691,0
BT16-rrip-all-long,jsmn_long-128-warm,740,73,606208,8192,510,1021,510,26391800,26722519,0
BT16-rrip-all-long,jsmn_long-128-warm,740,74,614400,8192,699,1402,700,26722620,27000609,0
BT16-rrip-all-long,jsmn_long-128-warm,740,75,622592,8192,511,1025,512,27000611,27316476,0
BT16-rrip-all-long,jsmn_long-128-warm,740,76,630784,8192,678,1353,678,27316477,27612781,0
BT16-rrip-all-long,jsmn_long-128-warm,740,77,638976,8192,616,1234,617,27612882,27901627,0
BT16-rrip-all-long,jsmn_long-128-warm,740,78,647168,8192,544,1088,544,27901733,28229244,0
BT16-rrip-all-long,jsmn_long-128-warm,740,79,655360,8192,680,1362,681,28229345,28505939,0
BT16-rrip-all-long,jsmn_long-128-warm,740,80,663552,8192,451,905,452,28506040,28840864,0
BT16-rrip-all-long,jsmn_long-128-warm,740,81,671744,8192,741,1481,741,28840867,29113268,0
BT16-rrip-all-long,jsmn_long-128-warm,740,82,679936,8192,587,1178,588,29113374,29417935,0
BT16-rrip-all-long,jsmn_long-128-warm,740,83,688128,8192,589,1176,589,29417936,29733537,0
BT16-rrip-all-long,jsmn_long-128-warm,740,84,696320,8192,664,1330,665,29733638,30018901,0
BT16-rrip-all-long,jsmn_long-128-warm,740,85,704512,8192,480,960,480,30019002,30349591,0
BT16-rrip-all-long,jsmn_long-128-warm,740,86,712704,8192,712,1426,713,30349692,30625482,0
BT16-rrip-all-long,jsmn_long-128-warm,740,87,720896,8192,539,1082,540,30625583,30935831,0
BT16-rrip-all-long,jsmn_long-128-warm,740,88,729088,8192,644,1281,641,30935832,31242508,0
BT16-rrip-all-long,jsmn_long-128-warm,740,89,737280,8192,645,1291,645,31242609,31528724,0
BT16-rrip-all-long,jsmn_long-128-warm,740,90,745472,8192,521,1039,520,31528731,31851071,0
BT16-rrip-all-long,jsmn_long-128-warm,740,91,753664,8192,683,1370,684,31851172,32130562,0
BT16-rrip-all-long,jsmn_long-128-warm,740,92,761856,8192,432,865,433,32130563,32461103,0
BT16-rrip-all-long,jsmn_long-128-warm,740,93,770048,8192,757,1513,757,32461203,32740462,0
BT16-rrip-all-long,jsmn_long-128-warm,740,94,778240,8192,600,1202,601,32740563,33037980,0
BT16-rrip-all-long,jsmn_long-128-warm,740,95,786432,8192,576,1152,576,33038081,33360262,0
BT16-rrip-all-long,jsmn_long-128-warm,740,96,794624,8192,675,1353,676,33360363,33645102,0
BT16-rrip-all-long,jsmn_long-128-warm,740,97,802816,8192,485,969,485,33645105,33984077,0
BT16-rrip-all-long,jsmn_long-128-warm,740,98,811008,8192,712,1426,713,33984080,34261271,0
BT16-rrip-all-long,jsmn_long-128-warm,740,99,819200,8192,593,1186,592,34261372,34569311,0
BT16-rrip-all-long,jsmn_long-128-warm,740,100,827392,8192,597,1195,598,34569312,34882034,0
BT16-rrip-all-long,jsmn_long-128-warm,740,101,835584,8192,643,1287,643,34882039,35162985,0
BT16-rrip-all-long,jsmn_long-128-warm,740,102,843776,8192,509,1016,509,35162986,35494815,0
BT16-rrip-all-long,jsmn_long-128-warm,740,103,851968,8192,696,1394,697,35494916,35767646,0
BT16-rrip-all-long,jsmn_long-128-warm,740,104,860160,8192,496,997,498,35767747,36086172,0
BT16-rrip-all-long,jsmn_long-128-warm,740,105,868352,8192,680,1357,679,36086177,36381340,0
BT16-rrip-all-long,jsmn_long-128-warm,740,106,876544,8192,621,1246,623,36381441,36673541,0
BT16-rrip-all-long,jsmn_long-128-warm,740,107,884736,8192,542,1084,541,36673650,36998821,0
BT16-rrip-all-long,jsmn_long-128-warm,740,108,892928,8192,693,1386,694,36998823,37280625,0
BT16-rrip-all-long,jsmn_long-128-warm,740,109,901120,8192,448,896,448,37280726,37611378,0
BT16-rrip-all-long,jsmn_long-128-warm,740,110,909312,8192,731,1466,732,37611478,37888495,0
BT16-rrip-all-long,jsmn_long-128-warm,740,111,917504,8192,597,1194,598,37888497,38189699,0
BT16-rrip-all-long,jsmn_long-128-warm,740,112,925696,8192,579,1160,579,38189800,38507607,0
BT16-rrip-all-long,jsmn_long-128-warm,740,113,933888,8192,684,1363,682,38507609,38793046,0
BT16-rrip-all-long,jsmn_long-128-warm,740,114,942080,8192,480,960,480,38793147,39126641,0
BT16-rrip-all-long,jsmn_long-128-warm,740,115,950272,8192,712,1426,713,39126742,39400594,0
BT16-rrip-all-long,jsmn_long-128-warm,740,116,958464,8192,540,1083,541,39400695,39711440,0
BT16-rrip-all-long,jsmn_long-128-warm,740,117,966656,8192,644,1290,645,39711647,40019679,0
BT16-rrip-all-long,jsmn_long-128-warm,740,118,974848,8192,643,1287,643,40019684,40311792,0
BT16-rrip-all-long,jsmn_long-128-warm,740,119,983040,8192,525,1048,525,40311793,40641882,0
BT16-rrip-all-long,jsmn_long-128-warm,740,120,991232,8192,696,1394,697,40641983,40918311,0
BT16-rrip-all-long,jsmn_long-128-warm,740,121,999424,8192,465,937,466,40918417,41245271,0
BT16-rrip-all-long,jsmn_long-128-warm,740,122,1007616,8192,708,1410,708,41245272,41524536,0
BT16-rrip-all-long,jsmn_long-128-warm,740,123,1015808,8192,603,1209,604,41524543,41819989,0
BT16-rrip-all-long,jsmn_long-128-warm,740,124,1024000,8192,560,1120,560,41820090,42143008,0
BT16-rrip-all-long,jsmn_long-128-warm,740,125,1032192,8192,667,1338,668,42143109,42422729,0
BT16-rrip-all-long,jsmn_long-128-warm,740,126,1040384,8192,477,952,477,42422730,42758602,0
BT16-rrip-all-long,jsmn_long-128-warm,740,127,1048576,8192,728,1458,729,42758703,43033857,0
BT16-rrip-all-long,jsmn_long-128-warm,740,128,1056768,8192,554,1109,555,43033958,43337893,0
BT16-rrip-all-long,jsmn_long-128-warm,740,129,1064960,8192,617,1236,617,43338002,43647326,0
BT16-rrip-all-long,jsmn_long-128-warm,740,130,1073152,8192,649,1298,650,43647329,43932471,0
BT16-rrip-all-long,jsmn_long-128-warm,740,131,1081344,8192,500,1001,500,43932479,44264608,0
BT16-rrip-all-long,jsmn_long-128-warm,740,132,1089536,8192,712,1426,713,44264709,44542509,0
BT16-rrip-all-long,jsmn_long-128-warm,740,133,1097728,8192,498,1001,499,44542610,44862044,0
BT16-rrip-all-long,jsmn_long-128-warm,740,134,1105920,8192,678,1353,678,44862052,45150563,0
BT16-rrip-all-long,jsmn_long-128-warm,740,135,1114112,8192,614,1229,615,45150664,45441176,0
BT16-rrip-all-long,jsmn_long-128-warm,740,136,1122304,8192,539,1084,539,45441180,45758910,0
BT16-rrip-all-long,jsmn_long-128-warm,740,137,1130496,8192,685,1368,686,45758913,46041972,0
BT16-rrip-all-long,jsmn_long-128-warm,740,138,1138688,8192,466,931,466,46041978,46377219,0
BT16-rrip-all-long,jsmn_long-128-warm,740,139,1146880,8192,712,1426,713,46377222,46644690,0
BT16-rrip-all-long,jsmn_long-128-warm,740,140,1155072,8192,560,1116,558,46644791,46946318,0
BT16-rrip-all-long,jsmn_long-128-warm,740,141,1163264,8192,611,1224,611,46946419,47258298,0
BT16-rrip-all-long,jsmn_long-128-warm,740,142,1171456,8192,645,1290,646,47258299,47542390,0
BT16-rrip-all-long,jsmn_long-128-warm,740,143,1179648,8192,512,1024,512,47542491,47868872,0
BT16-rrip-all-long,jsmn_long-128-warm,740,144,1187840,8192,696,1394,697,47868973,48146313,0
BT16-rrip-all-long,jsmn_long-128-warm,740,145,1196032,8192,464,933,466,48146414,48469644,0
BT16-rrip-all-long,jsmn_long-128-warm,740,146,1204224,8192,712,1421,711,48469647,48757045,0
BT16-rrip-all-long,jsmn_long-128-warm,740,147,1212416,8192,616,1234,617,48757146,49051548,0
BT16-rrip-all-long,jsmn_long-128-warm,740,148,1220608,8192,560,1120,560,49051649,49373736,0
BT16-rrip-all-long,jsmn_long-128-warm,740,149,1228800,8192,664,1330,665,49373837,49654236,0
BT16-rrip-all-long,jsmn_long-128-warm,740,150,1236992,8192,487,969,484,49654337,49990932,0
BT16-rrip-all-long,jsmn_long-128-warm,740,151,1245184,8192,728,1458,729,49990935,50269967,0
BT16-rrip-all-long,jsmn_long-128-warm,740,152,1253376,8192,584,1170,585,50270068,50573609,0
BT16-rrip-all-long,jsmn_long-128-warm,740,153,1261568,8192,586,1175,586,50573710,50885594,0
BT16-rrip-all-long,jsmn_long-128-warm,740,154,1269760,8192,657,1312,657,50885602,51172060,0
BT16-rrip-all-long,jsmn_long-128-warm,740,155,1277952,8192,497,996,498,51172061,51504539,0
BT16-rrip-all-long,jsmn_long-128-warm,740,156,1286144,8192,708,1417,709,51504746,51782390,0
BT16-rrip-all-long,jsmn_long-128-warm,740,157,1294336,8192,527,1058,527,51782491,52094080,0
BT16-rrip-all-long,jsmn_long-128-warm,740,158,1302528,8192,653,1304,653,52094082,52392311,0
BT16-rrip-all-long,jsmn_long-128-warm,740,159,1310720,8192,632,1266,633,52392412,52680951,0
BT16-rrip-all-long,jsmn_long-128-warm,740,160,1318912,8192,528,1056,528,52681052,53002222,0
BT16-rrip-all-long,jsmn_long-128-warm,740,161,1327104,8192,680,1362,681,53002323,53282964,0
BT16-rrip-all-long,jsmn_long-128-warm,740,162,1335296,8192,451,905,452,53283065,53614587,0
BT16-rrip-all-long,jsmn_long-128-warm,740,163,1343488,8192,728,1457,728,53614687,53886088,0
BT16-rrip-all-long,jsmn_long-128-warm,740,164,1351680,8192,581,1162,582,53886089,54185042,0
BT16-rrip-all-long,jsmn_long-128-warm,740,165,1359872,8192,592,1184,592,54185143,54499604,0
BT16-rrip-all-long,jsmn_long-128-warm,740,166,1368064,8192,654,1313,656,54499705,54782012,0
BT16-rrip-all-long,jsmn_long-128-warm,740,167,1376256,8192,493,985,492,54782017,55114242,0
BT16-rrip-all-long,jsmn_long-128-warm,740,168,1384448,8192,720,1428,716,55114243,55386068,0
BT16-rrip-all-long,jsmn_long-128-warm,740,169,1392640,8192,507,1017,507,55386169,55701913,0
BT16-rrip-all-long,jsmn_long-128-warm,740,170,1400832,8192,669,1337,670,55701915,55997787,0
BT16-rrip-all-long,jsmn_long-128-warm,740,171,1409024,8192,616,1234,617,55997888,56289631,0
BT16-rrip-all-long,jsmn_long-128-warm,740,172,1417216,8192,544,1088,544,56289732,56612440,0
BT16-rrip-all-long,jsmn_long-128-warm,740,173,1425408,8192,680,1362,681,56612541,56891476,0
BT16-rrip-all-long,jsmn_long-128-warm,740,174,1433600,8192,451,905,452,56891577,57226305,0
BT16-rrip-all-long,jsmn_long-128-warm,740,175,1441792,8192,740,1480,738,57226308,57502804,0
BT16-rrip-all-long,jsmn_long-128-warm,740,176,1449984,8192,578,1155,579,57502807,57802933,0
BT16-rrip-all-long,jsmn_long-128-warm,740,177,1458176,8192,589,1176,589,57802934,58114571,0
BT16-rrip-all-long,jsmn_long-128-warm,740,178,1466368,8192,659,1321,660,58114672,58401249,0
BT16-rrip-all-long,jsmn_long-128-warm,740,179,1474560,8192,490,981,491,58401250,58733097,0
BT16-rrip-all-long,jsmn_long-128-warm,740,180,1482752,8192,717,1424,712,58733206,59010207,0
BT16-rrip-all-long,jsmn_long-128-warm,740,181,1490944,8192,507,1015,507,59010308,59318847,0
BT16-rrip-all-long,jsmn_long-128-warm,740,182,1499136,8192,669,1339,670,59318848,59615342,0
BT16-rrip-all-long,jsmn_long-128-warm,740,183,1507328,8192,619,1242,620,59615443,59908736,0
BT16-rrip-all-long,jsmn_long-128-warm,740,184,1515520,8192,541,1080,541,59908738,60230521,0
BT16-rrip-all-long,jsmn_long-128-warm,740,185,1523712,8192,680,1362,681,60230622,60510202,0
BT16-rrip-all-long,jsmn_long-128-warm,740,186,1531904,8192,448,896,448,60510303,60837665,0
BT16-rrip-all-long,jsmn_long-128-warm,740,187,1540096,8192,728,1458,729,60837668,61116265,0
BT16-rrip-all-long,jsmn_long-128-warm,740,188,1548288,8192,585,1171,586,61116366,61419702,0
BT16-rrip-all-long,jsmn_long-128-warm,740,189,1556480,8192,591,1183,591,61419705,61730069,0
BT16-rrip-all-long,jsmn_long-128-warm,740,190,1564672,8192,648,1298,649,61730170,62014672,0
BT16-rrip-all-long,jsmn_long-128-warm,740,191,1572864,8192,503,1001,500,62014773,62346569,0
BT16-rrip-all-long,jsmn_long-128-warm,740,192,1581056,8192,705,1417,706,62346670,62620529,0
BT16-rrip-all-long,jsmn_long-128-warm,740,193,1589248,8192,498,995,499,62620530,62935936,0
BT16-rrip-all-long,jsmn_long-128-warm,740,194,1597440,8192,666,1327,666,62935937,63221815,0
BT16-rrip-all-long,jsmn_long-128-warm,740,195,1605632,8192,622,1251,623,63221821,63521849,0
BT16-rrip-all-long,jsmn_long-128-warm,740,196,1613824,8192,541,1080,541,63521851,63844479,0
BT16-rrip-all-long,jsmn_long-128-warm,740,197,1622016,8192,686,1370,685,63844580,64119176,0
BT16-rrip-all-long,jsmn_long-128-warm,740,198,1630208,8192,464,928,464,64119277,64447003,0
BT16-rrip-all-long,jsmn_long-128-warm,740,199,1638400,8192,719,1435,717,64447103,64716064,0
BT16-rrip-all-long,jsmn_long-128-warm,740,200,1646592,8192,568,1138,569,64716165,65014224,0
BT16-rrip-all-long,jsmn_long-128-warm,740,201,1654784,8192,608,1216,608,65014325,65320514,0
BT16-rrip-all-long,jsmn_long-128-warm,740,202,1662976,8192,638,1279,640,65320615,65600858,0
BT16-rrip-all-long,jsmn_long-128-warm,740,203,1671168,8192,506,1011,505,65600862,65925053,0
BT16-rrip-all-long,jsmn_long-128-warm,740,204,1679360,8192,706,1417,707,65925154,66199780,0
BT16-rrip-all-long,jsmn_long-128-warm,740,205,1687552,8192,468,936,470,66199788,66516915,0
BT16-rrip-all-long,jsmn_long-128-warm,740,206,1695744,8192,705,1404,701,66516919,66792589,0
BT16-rrip-all-long,jsmn_long-128-warm,740,207,1703936,8192,587,1178,588,66792690,67080523,0
BT16-rrip-all-long,jsmn_long-128-warm,740,208,1712128,8192,557,1112,557,67080525,67388260,0
BT16-rrip-all-long,jsmn_long-128-warm,740,209,1720320,8192,669,1341,671,67388361,67670275,0
BT16-rrip-all-long,jsmn_long-128-warm,740,210,1728512,8192,491,981,490,67670283,68000184,0
BT16-rrip-all-long,jsmn_long-128-warm,740,211,1736704,8192,706,1417,707,68000290,68268370,0
BT16-rrip-all-long,jsmn_long-128-warm,740,212,1744896,8192,548,1096,550,68268371,68575214,0
BT16-rrip-all-long,jsmn_long-128-warm,740,213,1753088,8192,618,1235,617,68575218,68872509,0
BT16-rrip-all-long,jsmn_long-128-warm,740,214,1761280,8192,636,1275,637,68872610,69155081,0
BT16-rrip-all-long,jsmn_long-128-warm,740,215,1769472,8192,524,1047,524,69155288,69477701,0
BT16-rrip-all-long,jsmn_long-128-warm,740,216,1777664,8192,685,1374,687,69477802,69750445,0
BT16-rrip-all-long,jsmn_long-128-warm,740,217,1785828,8164,431,862,431,69750554,70079403,1
BT16-rrip-all-long,miniz_long-128-cold,740,0,8192,8192,314,157,319,3481,301035,0
BT16-rrip-all-long,miniz_long-128-cold,740,1,16384,8192,1197,1905,1427,301038,601062,0
BT16-rrip-all-long,miniz_long-128-cold,740,2,24576,8192,473,439,488,601068,893771,0
BT16-rrip-all-long,miniz_long-128-cold,740,3,32768,8192,1000,1430,1154,893878,1171304,0
BT16-rrip-all-long,miniz_long-128-cold,740,4,40960,8192,669,938,744,1171305,1451641,0
BT16-rrip-all-long,miniz_long-128-cold,740,5,49152,8192,756,956,901,1451748,1774194,0
BT16-rrip-all-long,miniz_long-128-cold,740,6,57344,8192,900,1389,1041,1774199,2061331,0
BT16-rrip-all-long,miniz_long-128-cold,740,7,65536,8192,544,496,616,2061334,2361988,0
BT16-rrip-all-long,miniz_long-128-cold,740,8,73728,8192,1203,1976,1407,2361991,2678330,0
BT16-rrip-all-long,miniz_long-128-cold,740,9,81920,8192,291,40,302,2678333,2936172,0
BT16-rrip-all-long,miniz_long-128-cold,740,10,90112,8192,1467,2380,1702,2936174,3282035,0
BT16-rrip-all-long,miniz_long-128-cold,740,11,98304,8192,240,28,243,3282040,3521211,0
BT16-rrip-all-long,miniz_long-128-cold,740,12,106496,8192,1310,2266,1504,3521321,3876153,0
BT16-rrip-all-long,miniz_long-128-cold,740,13,114688,8192,260,87,266,3876156,4103705,0
BT16-rrip-all-long,miniz_long-128-cold,740,14,122880,8192,1441,2279,1662,4103812,4458707,0
BT16-rrip-all-long,miniz_long-128-cold,740,15,131072,8192,255,105,260,4458814,4706153,0
BT16-rrip-all-long,miniz_long-128-cold,740,16,139264,8192,1462,2295,1720,4706156,5044533,0
BT16-rrip-all-long,miniz_long-128-cold,740,17,147456,8192,283,116,297,5044536,5336145,0
BT16-rrip-all-long,miniz_long-128-cold,740,18,155648,8192,1517,2292,1752,5336148,5674857,0
BT16-rrip-all-long,miniz_long-128-cold,740,19,163840,8192,284,109,290,5674860,5951971,0
BT16-rrip-all-long,miniz_long-128-cold,740,20,172032,8192,1513,2288,1704,5951974,6289455,0
BT16-rrip-all-long,miniz_long-128-cold,740,21,180224,8192,296,133,307,6289821,6580729,0
BT16-rrip-all-long,miniz_long-128-cold,740,22,188416,8192,1235,1872,1456,6580732,6874593,0
BT16-rrip-all-long,miniz_long-128-cold,740,23,196608,8192,541,581,585,6874607,7185966,0
BT16-rrip-all-long,miniz_long-128-cold,740,24,204800,8192,907,1189,1058,7186073,7483367,0
BT16-rrip-all-long,miniz_long-128-cold,740,25,212992,8192,843,1221,925,7483582,7775438,0
BT16-rrip-all-long,miniz_long-128-cold,740,26,221184,8192,607,529,666,7775441,8078872,0
BT16-rrip-all-long,miniz_long-128-cold,740,27,229376,8192,1215,1864,1379,8078874,8394373,0
BT16-rrip-all-long,miniz_long-128-cold,740,28,237568,8192,305,25,309,8394376,8642741,0
BT16-rrip-all-long,miniz_long-128-cold,740,29,245760,8192,1479,2421,1759,8642848,8980438,0
BT16-rrip-all-long,miniz_long-128-cold,740,30,253952,8192,199,31,203,8980446,9208514,0
BT16-rrip-all-long,miniz_long-128-cold,740,31,262144,8192,1436,2264,1667,9208621,9563463,0
BT16-rrip-all-long,miniz_long-128-cold,740,32,270336,8192,254,107,269,9563570,9778576,0
BT16-rrip-all-long,miniz_long-128-cold,740,33,278528,8192,1535,2387,1786,9778587,10127150,0
BT16-rrip-all-long,miniz_long-128-cold,740,34,286720,8192,270,101,278,10127153,10417963,0
BT16-rrip-all-long,miniz_long-128-cold,740,35,294912,8192,1546,2378,1791,10417966,10768131,0
BT16-rrip-all-long,miniz_long-128-cold,740,36,303104,8192,285,119,294,10768236,11072044,0
BT16-rrip-all-long,miniz_long-128-cold,740,37,311296,8192,1557,2316,1768,11072047,11412057,0
BT16-rrip-all-long,miniz_long-128-cold,740,38,319488,8192,292,119,294,11412064,11702563,0
BT16-rrip-all-long,miniz_long-128-cold,740,39,327680,8192,1258,1847,1444,11702566,12002758,0
BT16-rrip-all-long,miniz_long-128-cold,740,40,335872,8192,593,639,623,12002871,12301367,0
BT16-rrip-all-long,miniz_long-128-cold,740,41,344064,8192,904,1209,1035,12301372,12597671,0
BT16-rrip-all-long,miniz_long-128-cold,740,42,352256,8192,872,1286,964,12597687,12893090,0
BT16-rrip-all-long,miniz_long-128-cold,740,43,360448,8192,579,554,655,12893093,13211441,0
BT16-rrip-all-long,miniz_long-128-cold,740,44,368640,8192,1220,1898,1396,13211444,13541705,0
BT16-rrip-all-long,miniz_long-128-cold,740,45,376832,8192,294,40,304,13541708,13826085,0
BT16-rrip-all-long,miniz_long-128-cold,740,46,385024,8192,1567,2452,1797,13826193,14176062,0
BT16-rrip-all-long,miniz_long-128-cold,740,47,393216,8192,202,28,205,14176067,14402448,0
BT16-rrip-all-long,miniz_long-128-cold,740,48,401408,8192,1465,2336,1658,14402555,14766715,0
BT16-rrip-all-long,miniz_long-128-cold,740,49,409600,8192,259,102,267,14766720,14991563,0
BT16-rrip-all-long,miniz_long-128-cold,740,50,417792,8192,1471,2283,1700,14991574,15329654,0
BT16-rrip-all-long,miniz_long-128-cold,740,51,425984,8192,287,117,296,15329657,15619938,0
BT16-rrip-all-long,miniz_long-128-cold,740,52,434176,8192,1515,2423,1799,15619941,15965424,0
BT16-rrip-all-long,miniz_long-128-cold,740,53,442368,8192,303,132,321,15965427,16243745,0
BT16-rrip-all-long,miniz_long-128-cold,740,54,450560,8192,1509,2285,1765,16243748,16565657,0
BT16-rrip-all-long,miniz_long-128-cold,740,55,458752,8192,364,170,353,16565750,16874078,0
BT16-rrip-all-long,miniz_long-128-cold,740,56,466944,8192,1115,1529,1299,16874081,17156848,0
BT16-rrip-all-long,miniz_long-128-cold,740,57,475136,8192,722,969,791,17156854,17443282,0
BT16-rrip-all-long,miniz_long-128-cold,740,58,483328,8192,782,808,840,17443396,17751988,0
BT16-rrip-all-long,miniz_long-128-cold,740,59,491520,8192,1091,1645,1218,17752094,18053457,0
BT16-rrip-all-long,miniz_long-128-cold,740,60,499712,8192,406,244,445,18053460,18353526,0
BT16-rrip-all-long,miniz_long-128-cold,740,61,507904,8192,1345,2204,1585,18353736,18678453,0
BT16-rrip-all-long,miniz_long-128-cold,740,62,516096,8192,268,25,271,18678456,18928916,0
BT16-rrip-all-long,miniz_long-128-cold,740,63,524288,8192,1432,2390,1700,18928919,19300564,0
BT16-rrip-all-long,miniz_long-128-cold,740,64,532480,8192,242,70,253,19300680,19515161,0
BT16-rrip-all-long,miniz_long-128-cold,740,65,540672,8192,1471,2401,1728,19515167,19863396,0
BT16-rrip-all-long,miniz_long-128-cold,740,66,548864,8192,264,103,264,19863503,20124172,0
BT16-rrip-all-long,miniz_long-128-cold,740,67,557056,8192,1545,2359,1756,20124175,20469137,0
BT16-rrip-all-long,miniz_long-128-cold,740,68,565248,8192,289,107,285,20469140,20758836,0
BT16-rrip-all-long,miniz_long-128-cold,740,69,573440,8192,1519,2396,1765,20758941,21091904,0
BT16-rrip-all-long,miniz_long-128-cold,740,70,581632,8192,282,109,289,21091907,21394511,0
BT16-rrip-all-long,miniz_long-128-cold,740,71,589824,8192,1369,2043,1612,21394514,21708223,0
BT16-rrip-all-long,miniz_long-128-cold,740,72,598016,8192,496,487,523,21708224,22009378,0
BT16-rrip-all-long,miniz_long-128-cold,740,73,606208,8192,996,1304,1146,22009485,22308406,0
BT16-rrip-all-long,miniz_long-128-cold,740,74,614400,8192,851,1258,970,22308519,22604003,0
BT16-rrip-all-long,miniz_long-128-cold,740,75,622592,8192,576,489,650,22604006,22893440,0
BT16-rrip-all-long,miniz_long-128-cold,740,76,630784,8192,1259,1982,1445,22893545,23210703,0
BT16-rrip-all-long,miniz_long-128-cold,740,77,638976,8192,272,25,275,23210706,23477556,0
BT16-rrip-all-long,miniz_long-128-cold,740,78,647168,8192,1551,2457,1785,23477663,23850717,0
BT16-rrip-all-long,miniz_long-128-cold,740,79,655360,8192,227,50,238,23850720,24061283,0
BT16-rrip-all-long,miniz_long-128-cold,740,80,663552,8192,1541,2473,1745,24061390,24396573,0
BT16-rrip-all-long,miniz_long-128-cold,740,81,671744,8192,274,100,284,24396680,24691401,0
BT16-rrip-all-long,miniz_long-128-cold,740,82,679936,8192,1603,2437,1859,24691404,25043236,0
BT16-rrip-all-long,miniz_long-128-cold,740,83,688128,8192,298,100,307,25043239,25333839,0
BT16-rrip-all-long,miniz_long-128-cold,740,84,696320,8192,1544,2280,1784,25333842,25664659,0
BT16-rrip-all-long,miniz_long-128-cold,740,85,704512,8192,356,164,354,25664783,25959524,0
BT16-rrip-all-long,miniz_long-128-cold,740,86,712704,8192,1115,1577,1276,25959527,26243603,0
BT16-rrip-all-long,miniz_long-128-cold,740,87,720896,8192,777,995,841,26243738,26523583,0
BT16-rrip-all-long,miniz_long-128-cold,740,88,729088,8192,700,694,767,26523586,26849374,0
BT16-rrip-all-long,miniz_long-128-cold,740,89,737280,8192,1199,1840,1362,26849380,27162928,0
BT16-rrip-all-long,miniz_long-128-cold,740,90,745472,8192,317,60,329,27162931,27452173,0
BT16-rrip-all-long,miniz_long-128-cold,740,91,753664,8192,1610,2402,1811,27452177,27798263,0
BT16-rrip-all-long,miniz_long-128-cold,740,92,761856,8192,207,28,211,27798268,28022009,0
BT16-rrip-all-long,miniz_long-128-cold,740,93,770048,8192,1472,2391,1706,28022116,28380683,0
BT16-rrip-all-long,miniz_long-128-cold,740,94,778240,8192,265,109,281,28380790,28613459,0
BT16-rrip-all-long,miniz_long-128-cold,740,95,786432,8192,1535,2330,1790,28613474,28961791,0
BT16-rrip-all-long,miniz_long-128-cold,740,96,794624,8192,323,128,325,28961794,29254079,0
BT16-rrip-all-long,miniz_long-128-cold,740,97,802816,8192,1625,2379,1861,29254082,29601768,0
BT16-rrip-all-long,miniz_long-128-cold,740,98,811008,8192,297,113,296,29601771,29878875,0
BT16-rrip-all-long,miniz_long-128-cold,740,99,819200,8192,1271,1888,1494,29878878,30176639,0
BT16-rrip-all-long,miniz_long-128-cold,740,100,827392,8192,610,705,646,30176654,30468949,0
BT16-rrip-all-long,miniz_long-128-cold,740,101,835584,8192,826,966,934,30469056,30766666,0
BT16-rrip-all-long,miniz_long-128-cold,740,102,843776,8192,1023,1556,1171,30766678,31072829,0
BT16-rrip-all-long,miniz_long-128-cold,740,103,851968,8192,447,301,476,31072934,31376416,0
BT16-rrip-all-long,miniz_long-128-cold,740,104,860160,8192,1434,2237,1662,31376537,31730745,0
BT16-rrip-all-long,miniz_long-128-cold,740,105,868352,8192,244,25,247,31730748,31978964,0
BT16-rrip-all-long,miniz_long-128-cold,740,106,876544,8192,1438,2341,1678,31978970,32326204,0
BT16-rrip-all-long,miniz_long-128-cold,740,107,884736,8192,280,127,296,32326311,32545399,0
BT16-rrip-all-long,miniz_long-128-cold,740,108,892928,8192,1615,2404,1843,32545406,32889327,0
BT16-rrip-all-long,miniz_long-128-cold,740,109,901120,8192,290,102,286,32889330,33179622,0
BT16-rrip-all-long,miniz_long-128-cold,740,110,909312,8192,1632,2450,1845,33179625,33528989,0
BT16-rrip-all-long,miniz_long-128-cold,740,111,917504,8192,281,110,293,33528992,33819798,0
BT16-rrip-all-long,miniz_long-128-cold,740,112,925696,8192,1405,2063,1607,33819801,34128561,0
BT16-rrip-all-long,miniz_long-128-cold,740,113,933888,8192,494,430,514,34128577,34441291,0
BT16-rrip-all-long,miniz_long-128-cold,740,114,942080,8192,962,1251,1117,34441398,34733186,0
BT16-rrip-all-long,miniz_long-128-cold,740,115,950272,8192,927,1259,1034,34733304,35029983,0
BT16-rrip-all-long,miniz_long-128-cold,740,116,958464,8192,568,419,619,35029986,35340736,0
BT16-rrip-all-long,miniz_long-128-cold,740,117,966656,8192,1426,2166,1609,35340741,35672837,0
BT16-rrip-all-long,miniz_long-128-cold,740,118,974848,8192,266,25,269,35672840,35923194,0
BT16-rrip-all-long,miniz_long-128-cold,740,119,983040,8192,1465,2447,1706,35923303,36288628,0
BT16-rrip-all-long,miniz_long-128-cold,740,120,991232,8192,262,109,264,36288735,36509557,0
BT16-rrip-all-long,miniz_long-128-cold,740,121,999424,8192,1571,2359,1826,36509560,36858276,0
BT16-rrip-all-long,miniz_long-128-cold,740,122,1007616,8192,304,117,314,36858279,37164763,0
BT16-rrip-all-long,miniz_long-128-cold,740,123,1015808,8192,1647,2477,1900,37164766,37523107,0
BT16-rrip-all-long,miniz_long-128-cold,740,124,1024000,8192,313,120,317,37523110,37827491,0
BT16-rrip-all-long,miniz_long-128-cold,740,125,1032192,8192,1298,1923,1509,37827494,38124028,0
BT16-rrip-all-long,miniz_long-128-cold,740,126,1040384,8192,583,630,628,38124146,38419389,0
BT16-rrip-all-long,miniz_long-128-cold,740,127,1048576,8192,844,1086,972,38419394,38720224,0
BT16-rrip-all-long,miniz_long-128-cold,740,128,1056768,8192,1040,1466,1142,38720231,39016451,0
BT16-rrip-all-long,miniz_long-128-cold,740,129,1064960,8192,449,207,480,39016454,39316168,0
BT16-rrip-all-long,miniz_long-128-cold,740,130,1073152,8192,1463,2327,1682,39316273,39668886,0
BT16-rrip-all-long,miniz_long-128-cold,740,131,1081344,8192,256,28,260,39668891,39905229,0
BT16-rrip-all-long,miniz_long-128-cold,740,132,1089536,8192,1487,2497,1739,39905336,40250569,0
BT16-rrip-all-long,miniz_long-128-cold,740,133,1097728,8192,268,108,282,40250676,40488518,0
BT16-rrip-all-long,miniz_long-128-cold,740,134,1105920,8192,1686,2478,1906,40488521,40841562,0
BT16-rrip-all-long,miniz_long-128-cold,740,135,1114112,8192,280,112,293,40841565,41131462,0
BT16-rrip-all-long,miniz_long-128-cold,740,136,1122304,8192,1588,2388,1886,41131465,41477940,0
BT16-rrip-all-long,miniz_long-128-cold,740,137,1130496,8192,315,132,315,41477943,41772984,0
BT16-rrip-all-long,miniz_long-128-cold,740,138,1138688,8192,1196,1722,1388,41772987,42062617,0
BT16-rrip-all-long,miniz_long-128-cold,740,139,1146880,8192,632,747,698,42062629,42351887,0
BT16-rrip-all-long,miniz_long-128-cold,740,140,1155072,8192,831,937,935,42351997,42654971,0
BT16-rrip-all-long,miniz_long-128-cold,740,141,1163264,8192,1042,1560,1182,42655087,42953462,0
BT16-rrip-all-long,miniz_long-128-cold,740,142,1171456,8192,414,227,445,42953465,43252735,0
BT16-rrip-all-long,miniz_long-128-cold,740,143,1179648,8192,1491,2293,1695,43252741,43605175,0
BT16-rrip-all-long,miniz_long-128-cold,740,144,1187840,8192,255,25,259,43605178,43842491,0
BT16-rrip-all-long,miniz_long-128-cold,740,145,1196032,8192,1547,2485,1777,43842501,44189527,0
BT16-rrip-all-long,miniz_long-128-cold,740,146,1204224,8192,247,96,256,44189634,44411933,0
BT16-rrip-all-long,miniz_long-128-cold,740,147,1212416,8192,1634,2385,1855,44411944,44764997,0
BT16-rrip-all-long,miniz_long-128-cold,740,148,1220608,8192,289,109,289,44765000,45029105,0
BT16-rrip-all-long,miniz_long-128-cold,740,149,1228800,8192,1638,2489,1876,45029108,45375544,0
BT16-rrip-all-long,miniz_long-128-cold,740,150,1236992,8192,350,163,359,45375547,45684808,0
BT16-rrip-all-long,miniz_long-128-cold,740,151,1245184,8192,1125,1634,1312,45684913,45969817,0
BT16-rrip-all-long,miniz_long-128-cold,740,152,1253376,8192,739,968,832,45969823,46249441,0
BT16-rrip-all-long,miniz_long-128-cold,740,153,1261568,8192,699,633,762,46249444,46573748,0
BT16-rrip-all-long,miniz_long-128-cold,740,154,1269760,8192,1292,1844,1413,46573752,46888239,0
BT16-rrip-all-long,miniz_long-128-cold,740,155,1277952,8192,306,25,310,46888242,47160420,0
BT16-rrip-all-long,miniz_long-128-cold,740,156,1286144,8192,1511,2455,1772,47160527,47514099,0
BT16-rrip-all-long,miniz_long-128-cold,740,157,1294336,8192,230,76,251,47514208,47726007,0
BT16-rrip-all-long,miniz_long-128-cold,740,158,1302528,8192,1558,2407,1808,47726114,48059817,0
BT16-rrip-all-long,miniz_long-128-cold,740,159,1310720,8192,304,114,327,48059924,48328017,0
BT16-rrip-all-long,miniz_long-128-cold,740,160,1318912,8192,1626,2424,1842,48328020,48667098,0
BT16-rrip-all-long,miniz_long-128-cold,740,161,1327104,8192,306,136,311,48667101,48971577,0
BT16-rrip-all-long,miniz_long-128-cold,740,162,1335296,8192,1437,2177,1655,48971580,49287517,0
BT16-rrip-all-long,miniz_long-128-cold,740,163,1343488,8192,411,298,421,49287520,49616811,0
BT16-rrip-all-long,miniz_long-128-cold,740,164,1351680,8192,1045,1385,1181,49616818,49895894,0
BT16-rrip-all-long,miniz_long-128-cold,740,165,1359872,8192,852,1173,952,49895900,50184156,0
BT16-rrip-all-long,miniz_long-128-cold,740,166,1368064,8192,627,524,690,50184159,50502656,0
BT16-rrip-all-long,miniz_long-128-cold,740,167,1376256,8192,1301,1956,1466,50502662,50821834,0
BT16-rrip-all-long,miniz_long-128-cold,740,168,1384448,8192,278,25,281,50821837,51089697,0
BT16-rrip-all-long,miniz_long-128-cold,740,169,1392640,8192,1464,2386,1707,51089804,51463523,0
BT16-rrip-all-long,miniz_long-128-cold,740,170,1400832,8192,214,50,224,51463529,51679333,0
BT16-rrip-all-long,miniz_long-128-cold,740,171,1409024,8192,1561,2414,1779,51679443,52012234,0
BT16-rrip-all-long,miniz_long-128-cold,740,172,1417216,8192,281,112,289,52012341,52291297,0
BT16-rrip-all-long,miniz_long-128-cold,740,173,1425408,8192,1698,2508,1934,52291300,52645944,0
BT16-rrip-all-long,miniz_long-128-cold,740,174,1433600,8192,295,118,306,52645947,52949322,0
BT16-rrip-all-long,miniz_long-128-cold,740,175,1441792,8192,1487,2197,1728,52949325,53268448,0
BT16-rrip-all-long,miniz_long-128-cold,740,176,1449984,8192,425,347,443,53268449,53552313,0
BT16-rrip-all-long,miniz_long-128-cold,740,177,1458176,8192,1024,1314,1177,53552318,53834013,0
BT16-rrip-all-long,miniz_long-128-cold,740,178,1466368,8192,927,1282,1020,53834015,54133182,0
BT16-rrip-all-long,miniz_long-128-cold,740,179,1474560,8192,560,396,606,54133185,54443407,0
BT16-rrip-all-long,miniz_long-128-cold,740,180,1482752,8192,1366,2181,1602,54443413,54789939,0
BT16-rrip-all-long,miniz_long-128-cold,740,181,1490944,8192,274,25,278,54789942,55040461,0
BT16-rrip-all-long,miniz_long-128-cold,740,182,1499136,8192,1504,2437,1712,55040464,55398884,0
BT16-rrip-all-long,miniz_long-128-cold,740,183,1507328,8192,256,103,268,55398991,55624493,0
BT16-rrip-all-long,miniz_long-128-cold,740,184,1515520,8192,1637,2494,1910,55624496,55975133,0
BT16-rrip-all-long,miniz_long-128-cold,740,185,1523712,8192,313,125,314,55975136,56266606,0
BT16-rrip-all-long,miniz_long-128-cold,740,186,1531904,8192,1592,2428,1868,56266609,56622929,0
BT16-rrip-all-long,miniz_long-128-cold,740,187,1540096,8192,304,111,300,56622932,56914235,0
BT16-rrip-all-long,miniz_long-128-cold,740,188,1548288,8192,1347,1864,1534,56914238,57218561,0
BT16-rrip-all-long,miniz_long-128-cold,740,189,1556480,8192,629,778,706,57218569,57502255,0
BT16-rrip-all-long,miniz_long-128-cold,740,190,1564672,8192,830,902,919,57502362,57810211,0
BT16-rrip-all-long,miniz_long-128-cold,740,191,1572864,8192,1161,1600,1296,57810425,58116843,0
BT16-rrip-all-long,miniz_long-128-cold,740,192,1581056,8192,343,79,357,58116846,58407793,0
BT16-rrip-all-long,miniz_long-128-cold,740,193,1589248,8192,1559,2379,1779,58407798,58752791,0
BT16-rrip-all-long,miniz_long-128-cold,740,194,1597440,8192,206,28,210,58752796,58971094,0
BT16-rrip-all-long,miniz_long-128-cold,740,195,1605632,8192,1582,2609,1816,58971201,59306678,0
BT16-rrip-all-long,miniz_long-128-cold,740,196,1613824,8192,261,102,270,59306785,59582013,0
BT16-rrip-all-long,miniz_long-128-cold,740,197,1622016,8192,1688,2546,1951,59582016,59939859,0
BT16-rrip-all-long,miniz_long-128-cold,740,198,1630208,8192,295,113,304,59939862,60216720,0
BT16-rrip-all-long,miniz_long-128-cold,740,199,1638400,8192,1606,2316,1837,60216723,60543179,0
BT16-rrip-all-long,miniz_long-128-cold,740,200,1646592,8192,392,238,391,60543297,60860506,0
BT16-rrip-all-long,miniz_long-128-cold,740,201,1654784,8192,1043,1398,1197,60860509,61133498,0
BT16-rrip-all-long,miniz_long-128-cold,740,202,1662976,8192,852,1206,962,61133502,61425832,0
BT16-rrip-all-long,miniz_long-128-cold,740,203,1671168,8192,601,510,665,61425835,61741591,0
BT16-rrip-all-long,miniz_long-128-cold,740,204,1679360,8192,1369,2051,1551,61741699,62079778,0
BT16-rrip-all-long,miniz_long-128-cold,740,205,1687552,8192,288,25,292,62079781,62332616,0
BT16-rrip-all-long,miniz_long-128-cold,740,206,1695744,8192,1492,2414,1723,62332623,62715985,0
BT16-rrip-all-long,miniz_long-128-cold,740,207,1703936,8192,267,98,285,62716097,62927749,0
BT16-rrip-all-long,miniz_long-128-cold,740,208,1712128,8192,1567,2430,1833,62927755,63263613,0
BT16-rrip-all-long,miniz_long-128-cold,740,209,1720320,8192,307,113,305,63263616,63568848,0
BT16-rrip-all-long,miniz_long-128-cold,740,210,1728512,8192,1543,2386,1848,63568953,63921032,0
BT16-rrip-all-long,miniz_long-128-cold,740,211,1736704,8192,287,93,283,63921137,64223872,0
BT16-rrip-all-long,miniz_long-128-cold,740,212,1744896,8192,1421,2174,1667,64223875,64535759,0
BT16-rrip-all-long,miniz_long-128-cold,740,213,1753088,8192,482,464,511,64535770,64829632,0
BT16-rrip-all-long,miniz_long-128-cold,740,214,1761280,8192,968,1244,1103,64829739,65116021,0
BT16-rrip-all-long,miniz_long-128-cold,740,215,1769472,8192,932,1347,1062,65116029,65416515,0
BT16-rrip-all-long,miniz_long-128-cold,740,216,1777664,8192,546,358,595,65416518,65726032,0
BT16-rrip-all-long,miniz_long-128-cold,740,217,1785856,8192,1431,2318,1646,65726170,66067266,0
BT16-rrip-all-long,miniz_long-128-cold,740,218,1794048,8192,244,25,247,66067269,66315807,0
BT16-rrip-all-long,miniz_long-128-cold,740,219,1802240,8192,1522,2426,1773,66315914,66666622,0
BT16-rrip-all-long,miniz_long-128-cold,740,220,1810432,8192,256,103,266,66666729,66900887,0
BT16-rrip-all-long,miniz_long-128-cold,740,221,1818624,8192,1665,2484,1920,66900898,67257340,0
BT16-rrip-all-long,miniz_long-128-cold,740,222,1826816,8192,294,105,294,67257343,67560572,0
BT16-rrip-all-long,miniz_long-128-cold,740,223,1835008,8192,1677,2493,1907,67560575,67915354,0
BT16-rrip-all-long,miniz_long-128-cold,740,224,1843200,8192,288,99,288,67915357,68219003,0
BT16-rrip-all-long,miniz_long-128-cold,740,225,1851392,8192,1224,1742,1415,68219006,68515715,0
BT16-rrip-all-long,miniz_long-128-cold,740,226,1859584,8192,698,846,753,68515927,68805536,0
BT16-rrip-all-long,miniz_long-128-cold,740,227,1867776,8192,776,830,869,68805643,69118565,0
BT16-rrip-all-long,miniz_long-128-cold,740,228,1875968,8192,1140,1679,1271,69118568,69432715,0
BT16-rrip-all-long,miniz_long-128-cold,740,229,1884160,8192,358,102,375,69432718,69725619,0
BT16-rrip-all-long,miniz_long-128-cold,740,230,1892352,8192,1594,2461,1804,69725620,70088819,0
BT16-rrip-all-long,miniz_long-128-cold,740,231,1900544,8192,212,31,216,70088825,70313023,0
BT16-rrip-all-long,miniz_long-128-cold,740,232,1908736,8192,1615,2567,1851,70313130,70645770,0
BT16-rrip-all-long,miniz_long-128-cold,740,233,1916928,8192,266,100,278,70645879,70932594,0
BT16-rrip-all-long,miniz_long-128-cold,740,234,1925120,8192,1706,2360,1886,70932597,71287167,0
BT16-rrip-all-long,miniz_long-128-cold,740,235,1933312,8192,305,114,307,71287170,71579075,0
BT16-rrip-all-long,miniz_long-128-cold,740,236,1941504,8192,1473,2166,1704,71579078,71895286,0
BT16-rrip-all-long,miniz_long-128-cold,740,237,1949696,8192,459,329,459,71895290,72202944,0
BT16-rrip-all-long,miniz_long-128-cold,740,238,1957888,8192,1015,1290,1136,72203051,72485394,0
BT16-rrip-all-long,miniz_long-128-cold,740,239,1966080,8192,965,1306,1069,72485402,72771697,0
BT16-rrip-all-long,miniz_long-128-cold,740,240,1974272,8192,482,250,518,72771700,73076168,0
BT16-rrip-all-long,miniz_long-128-cold,740,241,1982464,8192,1473,2219,1637,73076174,73415958,0
BT16-rrip-all-long,miniz_long-128-cold,740,242,1990656,8192,246,25,250,73415961,73657949,0
BT16-rrip-all-long,miniz_long-128-cold,740,243,1998848,8192,1480,2421,1698,73658056,74009006,0
BT16-rrip-all-long,miniz_long-128-cold,740,244,2007040,8192,252,95,263,74009113,74235965,0
BT16-rrip-all-long,miniz_long-128-cold,740,245,2015232,8192,1650,2465,1891,74235976,74586652,0
BT16-rrip-all-long,miniz_long-128-cold,740,246,2023424,8192,311,133,317,74586655,74891299,0
BT16-rrip-all-long,miniz_long-128-cold,740,247,2031616,8192,1653,2434,1893,74891302,75248634,0
BT16-rrip-all-long,miniz_long-128-cold,740,248,2039808,8192,326,117,327,75248647,75543469,0
BT16-rrip-all-long,miniz_long-128-cold,740,249,2048000,8192,1200,1549,1327,75543472,75828938,0
BT16-rrip-all-long,miniz_long-128-cold,740,250,2056192,8192,818,1066,891,75829047,76114165,0
BT16-rrip-all-long,miniz_long-128-cold,740,251,2064384,8192,717,665,772,76114168,76440453,0
BT16-rrip-all-long,miniz_long-128-cold,740,252,2072576,8192,1250,1919,1412,76440558,76763081,0
BT16-rrip-all-long,miniz_long-128-cold,740,253,2080768,8192,287,25,291,76763186,77026472,0
BT16-rrip-all-long,miniz_long-128-cold,740,254,2088960,8192,1499,2453,1757,77026579,77385886,0
BT16-rrip-all-long,miniz_long-128-cold,740,255,2097152,8192,277,108,280,77386501,77599676,0
BT16-rrip-all-long,miniz_long-128-cold,740,256,2105344,8192,1621,2436,1843,77599783,77935685,0
BT16-rrip-all-long,miniz_long-128-cold,740,257,2113536,8192,292,107,295,77935688,78241828,0
BT16-rrip-all-long,miniz_long-128-cold,740,258,2121728,8192,1683,2471,1876,78241831,78593427,0
BT16-rrip-all-long,miniz_long-128-cold,740,259,2129920,8192,310,107,308,78593430,78898242,0
BT16-rrip-all-long,miniz_long-128-cold,740,260,2138112,8192,1285,1901,1478,78898245,79196453,0
BT16-rrip-all-long,miniz_long-128-cold,740,261,2146304,8192,634,717,675,79196563,79486835,0
BT16-rrip-all-long,miniz_long-128-cold,740,262,2154496,8192,850,946,924,79486942,79791403,0
BT16-rrip-all-long,miniz_long-128-cold,740,263,2162688,8192,1122,1698,1288,79791411,80110878,0
BT16-rrip-all-long,miniz_long-128-cold,740,264,2170880,8192,336,40,348,80110881,80397216,0
BT16-rrip-all-long,miniz_long-128-cold,740,265,2179072,8192,1580,2601,1822,80397220,80747564,0
BT16-rrip-all-long,miniz_long-128-cold,740,266,2187264,8192,250,71,261,80747579,80955694,0
BT16-rrip-all-long,miniz_long-128-cold,740,267,2195456,8192,1547,2310,1739,80955810,81280207,0
BT16-rrip-all-long,miniz_long-128-cold,740,268,2203648,8192,297,114,314,81280314,81565261,0
BT16-rrip-all-long,miniz_long-128-cold,740,269,2211840,8192,1750,2600,1974,81565264,81926459,0
BT16-rrip-all-long,miniz_long-128-cold,740,270,2220032,8192,305,114,301,81926462,82230846,0
BT16-rrip-all-long,miniz_long-128-cold,740,271,2228224,8192,1338,1961,1536,82230849,82533802,0
BT16-rrip-all-long,miniz_long-128-cold,740,272,2236416,8192,617,647,659,82533818,82844654,0
BT16-rrip-all-long,miniz_long-128-cold,740,273,2244608,8192,887,1018,1009,82844761,83142065,0
BT16-rrip-all-long,miniz_long-128-cold,740,274,2252800,8192,1085,1627,1211,83142069,83458811,0
BT16-rrip-all-long,miniz_long-128-cold,740,275,2260992,8192,385,157,413,83458814,83740880,0
BT16-rrip-all-long,miniz_long-128-cold,740,276,2269184,8192,1582,2456,1818,83740896,84087762,0
BT16-rrip-all-long,miniz_long-128-cold,740,277,2277376,8192,214,31,218,84087869,84310449,0
BT16-rrip-all-long,miniz_long-128-cold,740,278,2285568,8192,1596,2451,1811,84310456,84643600,0
BT16-rrip-all-long,miniz_long-128-cold,740,279,2293760,8192,281,91,285,84643716,84917980,0
BT16-rrip-all-long,miniz_long-128-cold,740,280,2301952,8192,1692,2558,1947,84918085,85280780,0
BT16-rrip-all-long,miniz_long-128-cold,740,281,2310144,8192,321,126,328,85280783,85571184,0
BT16-rrip-all-long,miniz_long-128-cold,740,282,2318336,8192,1415,1977,1598,85571187,85878135,0
BT16-rrip-all-long,miniz_long-128-cold,740,283,2326528,8192,623,737,688,85878146,86176157,0
BT16-rrip-all-long,miniz_long-128-cold,740,284,2334720,8192,815,940,914,86176259,86479920,0
BT16-rrip-all-long,miniz_long-128-cold,740,285,2342912,8192,1078,1571,1209,86479934,86791034,0
BT16-rrip-all-long,miniz_long-128-cold,740,286,2351104,8192,391,130,412,86791037,87085754,0
BT16-rrip-all-long,miniz_long-128-cold,740,287,2359296,8192,1608,2424,1811,87085760,87430715,0
BT16-rrip-all-long,miniz_long-128-cold,740,288,2367488,8192,216,31,220,87430726,87653200,0
BT16-rrip-all-long,miniz_long-128-cold,740,289,2375680,8192,1615,2519,1825,87653206,87989207,0
BT16-rrip-all-long,miniz_long-128-cold,740,290,2383872,8192,271,92,272,87989314,88276715,0
BT16-rrip-all-long,miniz_long-128-cold,740,291,2392064,8192,1614,2350,1807,88276718,88626001,0
BT16-rrip-all-long,miniz_long-128-cold,740,292,2400256,8192,293,91,288,88626004,88930260,0
BT16-rrip-all-long,miniz_long-128-cold,740,293,2408448,8192,1568,2318,1831,88930263,89261937,0
BT16-rrip-all-long,miniz_long-128-cold,740,294,2408740,292,63,90,60,89261944,89282043,1
BT16-rrip-all-long,miniz_long-128-warm,740,0,8192,8192,320,152,329,5018279,5316567,0
BT16-rrip-all-long,miniz_long-128-warm,740,1,16384,8192,1187,1750,1389,5316570,5606051,0
BT16-rrip-all-long,miniz_long-128-warm,740,2,24576,8192,588,648,628,5606067,5890820,0
BT16-rrip-all-long,miniz_long-128-warm,740,3,32768,8192,926,1126,1033,5890927,6188944,0
BT16-rrip-all-long,miniz_long-128-warm,740,4,40960,8192,846,1282,939,6189090,6466292,0
BT16-rrip-all-long,miniz_long-128-warm,740,5,49152,8192,619,621,706,6466295,6786482,0
BT16-rrip-all-long,miniz_long-128-warm,740,6,57344,8192,1174,1835,1352,6786490,7109311,0
BT16-rrip-all-long,miniz_long-128-warm,740,7,65536,8192,311,84,333,7109314,7400569,0
BT16-rrip-all-long,miniz_long-128-warm,740,8,73728,8192,1484,2336,1696,7400575,7755077,0
BT16-rrip-all-long,miniz_long-128-warm,740,9,81920,8192,238,28,241,7755082,7995070,0
BT16-rrip-all-long,miniz_long-128-warm,740,10,90112,8192,1395,2274,1603,7995076,8335411,0
BT16-rrip-all-long,miniz_long-128-warm,740,11,98304,8192,271,116,284,8335418,8540472,0
BT16-rrip-all-long,miniz_long-128-warm,740,12,106496,8192,1498,2330,1782,8540479,8866011,0
BT16-rrip-all-long,miniz_long-128-warm,740,13,114688,8192,288,116,288,8866014,9141949,0
BT16-rrip-all-long,miniz_long-128-warm,740,14,122880,8192,1514,2260,1752,9141952,9480443,0
BT16-rrip-all-long,miniz_long-128-warm,740,15,131072,8192,289,119,300,9480446,9756147,0
BT16-rrip-all-long,miniz_long-128-warm,740,16,139264,8192,1539,2388,1790,9756150,10108352,0
BT16-rrip-all-long,miniz_long-128-warm,740,17,147456,8192,269,101,277,10108355,10398385,0
BT16-rrip-all-long,miniz_long-128-warm,740,18,155648,8192,1238,1849,1452,10398388,10701053,0
BT16-rrip-all-long,miniz_long-128-warm,740,19,163840,8192,571,645,612,10701054,11015849,0
BT16-rrip-all-long,miniz_long-128-warm,740,20,172032,8192,909,1189,1049,11015854,11313855,0
BT16-rrip-all-long,miniz_long-128-warm,740,21,180224,8192,899,1233,970,11313963,11587700,0
BT16-rrip-all-long,miniz_long-128-warm,740,22,188416,8192,651,634,702,11587703,11913391,0
BT16-rrip-all-long,miniz_long-128-warm,740,23,196608,8192,1220,1855,1384,11913499,12225601,0
BT16-rrip-all-long,miniz_long-128-warm,740,24,204800,8192,302,59,315,12225604,12513409,0
BT16-rrip-all-long,miniz_long-128-warm,740,25,212992,8192,1515,2446,1727,12513619,12871380,0
BT16-rrip-all-long,miniz_long-128-warm,740,26,221184,8192,207,28,211,12871482,13110160,0
BT16-rrip-all-long,miniz_long-128-warm,740,27,229376,8192,1427,2329,1660,13110267,13482386,0
BT16-rrip-all-long,miniz_long-128-warm,740,28,237568,8192,246,123,264,13482493,13702914,0
BT16-rrip-all-long,miniz_long-128-warm,740,29,245760,8192,1559,2374,1800,13702921,14044336,0
BT16-rrip-all-long,miniz_long-128-warm,740,30,253952,8192,294,112,290,14044339,14335747,0
BT16-rrip-all-long,miniz_long-128-warm,740,31,262144,8192,1554,2332,1754,14335750,14678516,0
BT16-rrip-all-long,miniz_long-128-warm,740,32,270336,8192,298,114,302,14678519,14969723,0
BT16-rrip-all-long,miniz_long-128-warm,740,33,278528,8192,1475,2284,1704,14969726,15310856,0
BT16-rrip-all-long,miniz_long-128-warm,740,34,286720,8192,286,117,295,15310859,15600462,0
BT16-rrip-all-long,miniz_long-128-warm,740,35,294912,8192,1178,1869,1425,15600465,15895980,0
BT16-rrip-all-long,miniz_long-128-warm,740,36,303104,8192,606,683,662,15895984,16178440,0
BT16-rrip-all-long,miniz_long-128-warm,740,37,311296,8192,883,1045,999,16178547,16477630,0
BT16-rrip-all-long,miniz_long-128-warm,740,38,319488,8192,957,1397,1084,16477631,16759647,0
BT16-rrip-all-long,miniz_long-128-warm,740,39,327680,8192,510,379,548,16759650,17071165,0
BT16-rrip-all-long,miniz_long-128-warm,740,40,335872,8192,1382,2122,1596,17071373,17413506,0
BT16-rrip-all-long,miniz_long-128-warm,740,41,344064,8192,258,25,262,17413509,17654371,0
BT16-rrip-all-long,miniz_long-128-warm,740,42,352256,8192,1540,2408,1719,17654378,18021619,0
BT16-rrip-all-long,miniz_long-128-warm,740,43,360448,8192,230,59,238,18021719,18235427,0
BT16-rrip-all-long,miniz_long-128-warm,740,44,368640,8192,1431,2334,1692,18235437,18593412,0
BT16-rrip-all-long,miniz_long-128-warm,740,45,376832,8192,246,104,261,18593519,18833851,0
BT16-rrip-all-long,miniz_long-128-warm,740,46,385024,8192,1526,2347,1803,18833854,19181002,0
BT16-rrip-all-long,miniz_long-128-warm,740,47,393216,8192,284,113,285,19181005,19470651,0
BT16-rrip-all-long,miniz_long-128-warm,740,48,401408,8192,1508,2397,1772,19470654,19815902,0
BT16-rrip-all-long,miniz_long-128-warm,740,49,409600,8192,290,116,286,19815905,20104594,0
BT16-rrip-all-long,miniz_long-128-warm,740,50,417792,8192,1389,2137,1601,20104597,20418341,0
BT16-rrip-all-long,miniz_long-128-warm,740,51,425984,8192,443,326,439,20418350,20733446,0
BT16-rrip-all-long,miniz_long-128-warm,740,52,434176,8192,1040,1529,1230,20733553,21006103,0
BT16-rrip-all-long,miniz_long-128-warm,740,53,442368,8192,713,976,776,21006109,21287597,0
BT16-rrip-all-long,miniz_long-128-warm,740,54,450560,8192,755,843,842,21287704,21617434,0
BT16-rrip-all-long,miniz_long-128-warm,740,55,458752,8192,1113,1677,1293,21617445,21925266,0
BT16-rrip-all-long,miniz_long-128-warm,740,56,466944,8192,367,117,386,21925269,22218608,0
BT16-rrip-all-long,miniz_long-128-warm,740,57,475136,8192,1525,2455,1777,22218611,22582437,0
BT16-rrip-all-long,miniz_long-128-warm,740,58,483328,8192,225,28,229,22582442,22788590,0
BT16-rrip-all-long,miniz_long-128-warm,740,59,491520,8192,1451,2380,1696,22788697,23143666,0
BT16-rrip-all-long,miniz_long-128-warm,740,60,499712,8192,234,83,245,23143773,23368559,0
BT16-rrip-all-long,miniz_long-128-warm,740,61,507904,8192,1571,2381,1797,23368570,23709880,0
BT16-rrip-all-long,miniz_long-128-warm,740,62,516096,8192,299,125,318,23709883,24015817,0
BT16-rrip-all-long,miniz_long-128-warm,740,63,524288,8192,1633,2470,1844,24015820,24367154,0
BT16-rrip-all-long,miniz_long-128-warm,740,64,532480,8192,289,112,295,24367157,24671823,0
BT16-rrip-all-long,miniz_long-128-warm,740,65,540672,8192,1323,1967,1540,24671826,24977930,0
BT16-rrip-all-long,miniz_long-128-warm,740,66,548864,8192,556,567,605,24977933,25277647,0
BT16-rrip-all-long,miniz_long-128-warm,740,67,557056,8192,904,1107,1014,25277653,25570794,0
BT16-rrip-all-long,miniz_long-128-warm,740,68,565248,8192,953,1324,1079,25570800,25871694,0
BT16-rrip-all-long,miniz_long-128-warm,740,69,573440,8192,496,380,558,25871697,26155781,0
BT16-rrip-all-long,miniz_long-128-warm,740,70,581632,8192,1461,2206,1625,26155787,26503726,0
BT16-rrip-all-long,miniz_long-128-warm,740,71,589824,8192,255,25,259,26503729,26754769,0
BT16-rrip-all-long,miniz_long-128-warm,740,72,598016,8192,1485,2430,1704,26754772,27112578,0
BT16-rrip-all-long,miniz_long-128-warm,740,73,606208,8192,261,106,272,27112685,27327905,0
BT16-rrip-all-long,miniz_long-128-warm,740,74,614400,8192,1606,2354,1812,27328021,27665126,0
BT16-rrip-all-long,miniz_long-128-warm,740,75,622592,8192,292,102,296,27665129,27957953,0
BT16-rrip-all-long,miniz_long-128-warm,740,76,630784,8192,1568,2387,1809,27958058,28302045,0
BT16-rrip-all-long,miniz_long-128-warm,740,77,638976,8192,300,121,312,28302048,28592891,0
BT16-rrip-all-long,miniz_long-128-warm,740,78,647168,8192,1439,2214,1702,28592894,28916841,0
BT16-rrip-all-long,miniz_long-128-warm,740,79,655360,8192,423,245,417,28916846,29235488,0
BT16-rrip-all-long,miniz_long-128-warm,740,80,663552,8192,1075,1408,1211,29235491,29507336,0
BT16-rrip-all-long,miniz_long-128-warm,740,81,671744,8192,783,1068,881,29507338,29777555,0
BT16-rrip-all-long,miniz_long-128-warm,740,82,679936,8192,667,681,764,29777558,30090568,0
BT16-rrip-all-long,miniz_long-128-warm,740,83,688128,8192,1242,1915,1403,30090678,30405448,0
BT16-rrip-all-long,miniz_long-128-warm,740,84,696320,8192,286,25,290,30405451,30680523,0
BT16-rrip-all-long,miniz_long-128-warm,740,85,704512,8192,1545,2481,1791,30680630,31043751,0
BT16-rrip-all-long,miniz_long-128-warm,740,86,712704,8192,202,54,214,31043970,31259429,0
BT16-rrip-all-long,miniz_long-128-warm,740,87,720896,8192,1516,2425,1763,31259539,31605230,0
BT16-rrip-all-long,miniz_long-128-warm,740,88,729088,8192,288,104,294,31605337,31886184,0
BT16-rrip-all-long,miniz_long-128-warm,740,89,737280,8192,1564,2337,1811,31886187,32229794,0
BT16-rrip-all-long,miniz_long-128-warm,740,90,745472,8192,317,134,330,32229797,32521505,0
BT16-rrip-all-long,miniz_long-128-warm,740,91,753664,8192,1579,2368,1814,32521508,32858969,0
BT16-rrip-all-long,miniz_long-128-warm,740,92,761856,8192,335,144,323,32858976,33160039,0
BT16-rrip-all-long,miniz_long-128-warm,740,93,770048,8192,1156,1645,1321,33160042,33444325,0
BT16-rrip-all-long,miniz_long-128-warm,740,94,778240,8192,711,912,772,33444328,33722506,0
BT16-rrip-all-long,miniz_long-128-warm,740,95,786432,8192,759,855,849,33722613,34040560,0
BT16-rrip-all-long,miniz_long-128-warm,740,96,794624,8192,1144,1628,1273,34040695,34356210,0
BT16-rrip-all-long,miniz_long-128-warm,740,97,802816,8192,366,138,387,34356213,34649839,0
BT16-rrip-all-long,miniz_long-128-warm,740,98,811008,8192,1563,2382,1806,34649947,35007510,0
BT16-rrip-all-long,miniz_long-128-warm,740,99,819200,8192,230,28,234,35007515,35230392,0
BT16-rrip-all-long,miniz_long-128-warm,740,100,827392,8192,1563,2481,1790,35230499,35576091,0
BT16-rrip-all-long,miniz_long-128-warm,740,101,835584,8192,278,95,281,35576198,35828038,0
BT16-rrip-all-long,miniz_long-128-warm,740,102,843776,8192,1609,2443,1858,35828041,36180668,0
BT16-rrip-all-long,miniz_long-128-warm,740,103,851968,8192,301,116,298,36180671,36485676,0
BT16-rrip-all-long,miniz_long-128-warm,740,104,860160,8192,1571,2360,1825,36485679,36837541,0
BT16-rrip-all-long,miniz_long-128-warm,740,105,868352,8192,312,122,323,36837998,37145185,0
BT16-rrip-all-long,miniz_long-128-warm,740,106,876544,8192,1172,1587,1328,37145188,37430377,0
BT16-rrip-all-long,miniz_long-128-warm,740,107,884736,8192,723,998,824,37430380,37715432,0
BT16-rrip-all-long,miniz_long-128-warm,740,108,892928,8192,698,730,787,37715443,38039725,0
BT16-rrip-all-long,miniz_long-128-warm,740,109,901120,8192,1201,1822,1368,38039746,38350105,0
BT16-rrip-all-long,miniz_long-128-warm,740,110,909312,8192,297,25,299,38350108,38632156,0
BT16-rrip-all-long,miniz_long-128-warm,740,111,917504,8192,1589,2519,1814,38632162,38988067,0
BT16-rrip-all-long,miniz_long-128-warm,740,112,925696,8192,233,46,240,38988183,39197737,0
BT16-rrip-all-long,miniz_long-128-warm,740,113,933888,8192,1521,2427,1755,39197743,39532318,0
BT16-rrip-all-long,miniz_long-128-warm,740,114,942080,8192,279,101,292,39532425,39825988,0
BT16-rrip-all-long,miniz_long-128-warm,740,115,950272,8192,1633,2493,1892,39825991,40178117,0
BT16-rrip-all-long,miniz_long-128-warm,740,116,958464,8192,302,121,312,40178120,40469042,0
BT16-rrip-all-long,miniz_long-128-warm,740,117,966656,8192,1487,2154,1690,40469045,40786140,0
BT16-rrip-all-long,miniz_long-128-warm,740,118,974848,8192,469,433,500,40786248,41088595,0
BT16-rrip-all-long,miniz_long-128-warm,740,119,983040,8192,975,1247,1124,41088702,41377966,0
BT16-rrip-all-long,miniz_long-128-warm,740,120,991232,8192,875,1260,1022,41378078,41658209,0
BT16-rrip-all-long,miniz_long-128-warm,740,121,999424,8192,608,500,652,41658212,41973413,0
BT16-rrip-all-long,miniz_long-128-warm,740,122,1007616,8192,1266,1972,1480,41973414,42310036,0
BT16-rrip-all-long,miniz_long-128-warm,740,123,1015808,8192,300,25,303,42310039,42556045,0
BT16-rrip-all-long,miniz_long-128-warm,740,124,1024000,8192,1512,2458,1749,42556152,42921551,0
BT16-rrip-all-long,miniz_long-128-warm,740,125,1032192,8192,239,52,248,42921559,43132700,0
BT16-rrip-all-long,miniz_long-128-warm,740,126,1040384,8192,1514,2387,1730,43132708,43472089,0
BT16-rrip-all-long,miniz_long-128-warm,740,127,1048576,8192,307,124,323,43472196,43760487,0
BT16-rrip-all-long,miniz_long-128-warm,740,128,1056768,8192,1687,2481,1924,43760490,44114947,0
BT16-rrip-all-long,miniz_long-128-warm,740,129,1064960,8192,282,108,287,44114950,44391439,0
BT16-rrip-all-long,miniz_long-128-warm,740,130,1073152,8192,1474,2147,1686,44391442,44712544,0
BT16-rrip-all-long,miniz_long-128-warm,740,131,1081344,8192,442,345,452,44712547,44998190,0
BT16-rrip-all-long,miniz_long-128-warm,740,132,1089536,8192,1030,1329,1155,44998297,45276985,0
BT16-rrip-all-long,miniz_long-128-warm,740,133,1097728,8192,898,1310,1018,45277116,45570250,0
BT16-rrip-all-long,miniz_long-128-warm,740,134,1105920,8192,556,467,627,45570253,45882319,0
BT16-rrip-all-long,miniz_long-128-warm,740,135,1114112,8192,1379,2149,1588,45882427,46229686,0
BT16-rrip-all-long,miniz_long-128-warm,740,136,1122304,8192,266,25,270,46229689,46481883,0
BT16-rrip-all-long,miniz_long-128-warm,740,137,1130496,8192,1537,2375,1715,46481889,46832418,0
BT16-rrip-all-long,miniz_long-128-warm,740,138,1138688,8192,264,101,268,46832423,47047793,0
BT16-rrip-all-long,miniz_long-128-warm,740,139,1146880,8192,1593,2391,1852,47047800,47391032,0
BT16-rrip-all-long,miniz_long-128-warm,740,140,1155072,8192,297,134,320,47391035,47683153,0
BT16-rrip-all-long,miniz_long-128-warm,740,141,1163264,8192,1623,2404,1880,47683156,48028420,0
BT16-rrip-all-long,miniz_long-128-warm,740,142,1171456,8192,319,126,338,48028423,48308541,0
BT16-rrip-all-long,miniz_long-128-warm,740,143,1179648,8192,1279,1805,1444,48308544,48592658,0
BT16-rrip-all-long,miniz_long-128-warm,740,144,1187840,8192,627,752,684,48592659,48894970,0
BT16-rrip-all-long,miniz_long-128-warm,740,145,1196032,8192,819,1018,922,48895072,49201034,0
BT16-rrip-all-long,miniz_long-128-warm,740,146,1204224,8192,999,1447,1121,49201144,49508362,0
BT16-rrip-all-long,miniz_long-128-warm,740,147,1212416,8192,431,233,469,49508365,49810407,0
BT16-rrip-all-long,miniz_long-128-warm,740,148,1220608,8192,1520,2335,1720,49810615,50162976,0
BT16-rrip-all-long,miniz_long-128-warm,740,149,1228800,8192,233,28,237,50162981,50400882,0
BT16-rrip-all-long,miniz_long-128-warm,740,150,1236992,8192,1529,2372,1737,50400989,50754347,0
BT16-rrip-all-long,miniz_long-128-warm,740,151,1245184,8192,241,100,257,50754352,50980031,0
BT16-rrip-all-long,miniz_long-128-warm,740,152,1253376,8192,1499,2324,1742,50980042,51324379,0
BT16-rrip-all-long,miniz_long-128-warm,740,153,1261568,8192,285,111,295,51324382,51628381,0
BT16-rrip-all-long,miniz_long-128-warm,740,154,1269760,8192,1638,2410,1863,51628384,51980057,0
BT16-rrip-all-long,miniz_long-128-warm,740,155,1277952,8192,303,125,307,51980060,52271821,0
BT16-rrip-all-long,miniz_long-128-warm,740,156,1286144,8192,1343,1915,1544,52271824,52573356,0
BT16-rrip-all-long,miniz_long-128-warm,740,157,1294336,8192,620,708,667,52573464,52877235,0
BT16-rrip-all-long,miniz_long-128-warm,740,158,1302528,8192,836,920,931,52877342,53177257,0
BT16-rrip-all-long,miniz_long-128-warm,740,159,1310720,8192,1065,1614,1226,53177269,53479056,0
BT16-rrip-all-long,miniz_long-128-warm,740,160,1318912,8192,413,166,437,53479059,53749964,0
BT16-rrip-all-long,miniz_long-128-warm,740,161,1327104,8192,1577,2440,1801,53749969,54110822,0
BT16-rrip-all-long,miniz_long-128-warm,740,162,1335296,8192,222,28,226,54110827,54336749,0
BT16-rrip-all-long,miniz_long-128-warm,740,163,1343488,8192,1502,2454,1765,54336851,54684615,0
BT16-rrip-all-long,miniz_long-128-warm,740,164,1351680,8192,273,114,289,54684722,54945435,0
BT16-rrip-all-long,miniz_long-128-warm,740,165,1359872,8192,1663,2433,1878,54945438,55294882,0
BT16-rrip-all-long,miniz_long-128-warm,740,166,1368064,8192,294,110,302,55294885,55600509,0
BT16-rrip-all-long,miniz_long-128-warm,740,167,1376256,8192,1590,2448,1871,55600512,55939707,0
BT16-rrip-all-long,miniz_long-128-warm,740,168,1384448,8192,368,177,361,55939830,56247115,0
BT16-rrip-all-long,miniz_long-128-warm,740,169,1392640,8192,1091,1541,1295,56247118,56531383,0
BT16-rrip-all-long,miniz_long-128-warm,740,170,1400832,8192,743,986,810,56531387,56801900,0
BT16-rrip-all-long,miniz_long-128-warm,740,171,1409024,8192,719,692,797,56801911,57130028,0
BT16-rrip-all-long,miniz_long-128-warm,740,172,1417216,8192,1296,1949,1481,57130033,57452039,0
BT16-rrip-all-long,miniz_long-128-warm,740,173,1425408,8192,294,25,298,57452042,57709098,0
BT16-rrip-all-long,miniz_long-128-warm,740,174,1433600,8192,1568,2423,1775,57709205,58078227,0
BT16-rrip-all-long,miniz_long-128-warm,740,175,1441792,8192,272,92,291,58078230,58286721,0
BT16-rrip-all-long,miniz_long-128-warm,740,176,1449984,8192,1571,2340,1796,58286828,58620225,0
BT16-rrip-all-long,miniz_long-128-warm,740,177,1458176,8192,288,112,294,58620228,58898450,0
BT16-rrip-all-long,miniz_long-128-warm,740,178,1466368,8192,1685,2605,1926,58898453,59259706,0
BT16-rrip-all-long,miniz_long-128-warm,740,179,1474560,8192,287,115,292,59259811,59562435,0
BT16-rrip-all-long,miniz_long-128-warm,740,180,1482752,8192,1418,2106,1651,59562438,59875214,0
BT16-rrip-all-long,miniz_long-128-warm,740,181,1490944,8192,547,550,587,59875217,60162974,0
BT16-rrip-all-long,miniz_long-128-warm,740,182,1499136,8192,952,1144,1064,60163081,60453084,0
BT16-rrip-all-long,miniz_long-128-warm,740,183,1507328,8192,1002,1397,1118,60453090,60746169,0
BT16-rrip-all-long,miniz_long-128-warm,740,184,1515520,8192,483,272,523,60746172,61048398,0
BT16-rrip-all-long,miniz_long-128-warm,740,185,1523712,8192,1472,2345,1697,61048511,61404394,0
BT16-rrip-all-long,miniz_long-128-warm,740,186,1531904,8192,227,28,230,61404399,61641184,0
BT16-rrip-all-long,miniz_long-128-warm,740,187,1540096,8192,1545,2430,1768,61641300,61991498,0
BT16-rrip-all-long,miniz_long-128-warm,740,188,1548288,8192,272,123,293,61991605,62235981,0
BT16-rrip-all-long,miniz_long-128-warm,740,189,1556480,8192,1613,2390,1857,62236094,62583089,0
BT16-rrip-all-long,miniz_long-128-warm,740,190,1564672,8192,317,121,322,62583194,62889032,0
BT16-rrip-all-long,miniz_long-128-warm,740,191,1572864,8192,1613,2439,1882,62889035,63244810,0
BT16-rrip-all-long,miniz_long-128-warm,740,192,1581056,8192,306,113,304,63244813,63549372,0
BT16-rrip-all-long,miniz_long-128-warm,740,193,1589248,8192,1166,1718,1406,63549375,63843398,0
BT16-rrip-all-long,miniz_long-128-warm,740,194,1597440,8192,622,758,684,63843400,64144941,0
BT16-rrip-all-long,miniz_long-128-warm,740,195,1605632,8192,824,928,925,64145048,64448354,0
BT16-rrip-all-long,miniz_long-128-warm,740,196,1613824,8192,1075,1700,1246,64448370,64753685,0
BT16-rrip-all-long,miniz_long-128-warm,740,197,1622016,8192,378,98,394,64753688,65031553,0
BT16-rrip-all-long,miniz_long-128-warm,740,198,1630208,8192,1557,2500,1808,65031558,65391348,0
BT16-rrip-all-long,miniz_long-128-warm,740,199,1638400,8192,222,31,226,65391455,65613934,0
BT16-rrip-all-long,miniz_long-128-warm,740,200,1646592,8192,1581,2574,1832,65613944,65948604,0
BT16-rrip-all-long,miniz_long-128-warm,740,201,1654784,8192,259,93,268,65948711,66222512,0
BT16-rrip-all-long,miniz_long-128-warm,740,202,1662976,8192,1650,2422,1908,66222515,66573672,0
BT16-rrip-all-long,miniz_long-128-warm,740,203,1671168,8192,295,115,301,66573675,66878687,0
BT16-rrip-all-long,miniz_long-128-warm,740,204,1679360,8192,1543,2311,1803,66878690,67208938,0
BT16-rrip-all-long,miniz_long-128-warm,740,205,1687552,8192,416,276,412,67208944,67539216,0
BT16-rrip-all-long,miniz_long-128-warm,740,206,1695744,8192,1060,1440,1197,67539222,67815055,0
BT16-rrip-all-long,miniz_long-128-warm,740,207,1703936,8192,845,1139,936,67815167,68104440,0
BT16-rrip-all-long,miniz_long-128-warm,740,208,1712128,8192,620,591,696,68104443,68428245,0
BT16-rrip-all-long,miniz_long-128-warm,740,209,1720320,8192,1347,2000,1517,68428250,68766824,0
BT16-rrip-all-long,miniz_long-128-warm,740,210,1728512,8192,291,25,293,68766827,69017732,0
BT16-rrip-all-long,miniz_long-128-warm,740,211,1736704,8192,1500,2427,1712,69017739,69395151,0
BT16-rrip-all-long,miniz_long-128-warm,740,212,1744896,8192,268,95,283,69395453,69606633,0
BT16-rrip-all-long,miniz_long-128-warm,740,213,1753088,8192,1622,2455,1842,69606639,69946070,0
BT16-rrip-all-long,miniz_long-128-warm,740,214,1761280,8192,295,105,299,69946073,70250906,0
BT16-rrip-all-long,miniz_long-128-warm,740,215,1769472,8192,1721,2563,1964,70250909,70609992,0
BT16-rrip-all-long,miniz_long-128-warm,740,216,1777664,8192,282,113,290,70609995,70913016,0
BT16-rrip-all-long,miniz_long-128-warm,740,217,1785856,8192,1359,1846,1526,70913019,71218641,0
BT16-rrip-all-long,miniz_long-128-warm,740,218,1794048,8192,622,625,638,71218757,71510289,0
BT16-rrip-all-long,miniz_long-128-warm,740,219,1802240,8192,856,982,972,71510396,71809188,0
BT16-rrip-all-long,miniz_long-128-warm,740,220,1810432,8192,1055,1503,1167,71809195,72105291,0
BT16-rrip-all-long,miniz_long-128-warm,740,221,1818624,8192,417,160,438,72105294,72400438,0
BT16-rrip-all-long,miniz_long-128-warm,740,222,1826816,8192,1595,2443,1801,72400439,72746614,0
BT16-rrip-all-long,miniz_long-128-warm,740,223,1835008,8192,223,31,227,72746621,72965396,0
BT16-rrip-all-long,miniz_long-128-warm,740,224,1843200,8192,1550,2363,1740,72965503,73295014,0
BT16-rrip-all-long,miniz_long-128-warm,740,225,1851392,8192,271,97,278,73295121,73571247,0
BT16-rrip-all-long,miniz_long-128-warm,740,226,1859584,8192,1618,2417,1843,73571250,73923490,0
BT16-rrip-all-long,miniz_long-128-warm,740,227,1867776,8192,287,107,294,73923595,74214460,0
BT16-rrip-all-long,miniz_long-128-warm,740,228,1875968,8192,1544,2333,1791,74214463,74540667,0
BT16-rrip-all-long,miniz_long-128-warm,740,229,1884160,8192,420,264,421,74540683,74871892,0
BT16-rrip-all-long,miniz_long-128-warm,740,230,1892352,8192,1041,1390,1188,74872000,75146345,0
BT16-rrip-all-long,miniz_long-128-warm,740,231,1900544,8192,869,1147,962,75146457,75428797,0
BT16-rrip-all-long,miniz_long-128-warm,740,232,1908736,8192,579,403,615,75428800,75742202,0
BT16-rrip-all-long,miniz_long-128-warm,740,233,1916928,8192,1509,2226,1672,75742311,76094410,0
BT16-rrip-all-long,miniz_long-128-warm,740,234,1925120,8192,261,25,264,76094413,76345376,0
BT16-rrip-all-long,miniz_long-128-warm,740,235,1933312,8192,1526,2488,1742,76345382,76698441,0
BT16-rrip-all-long,miniz_long-128-warm,740,236,1941504,8192,255,90,255,76698548,76921120,0
BT16-rrip-all-long,miniz_long-128-warm,740,237,1949696,8192,1654,2447,1919,76921131,77272657,0
BT16-rrip-all-long,miniz_long-128-warm,740,238,1957888,8192,304,113,300,77272660,77563847,0
BT16-rrip-all-long,miniz_long-128-warm,740,239,1966080,8192,1639,2439,1863,77563850,77914747,0
BT16-rrip-all-long,miniz_long-128-warm,740,240,1974272,8192,303,113,307,77914852,78222352,0
BT16-rrip-all-long,miniz_long-128-warm,740,241,1982464,8192,1183,1621,1323,78222355,78506926,0
BT16-rrip-all-long,miniz_long-128-warm,740,242,1990656,8192,744,945,796,78507034,78786169,0
BT16-rrip-all-long,miniz_long-128-warm,740,243,1998848,8192,705,671,773,78786180,79107227,0
BT16-rrip-all-long,miniz_long-128-warm,740,244,2007040,8192,1250,1946,1413,79107233,79429332,0
BT16-rrip-all-long,miniz_long-128-warm,740,245,2015232,8192,301,25,305,79429335,79692997,0
BT16-rrip-all-long,miniz_long-128-warm,740,246,2023424,8192,1535,2548,1753,79693005,80070751,0
BT16-rrip-all-long,miniz_long-128-warm,740,247,2031616,8192,282,109,304,80070754,80277496,0
BT16-rrip-all-long,miniz_long-128-warm,740,248,2039808,8192,1633,2549,1884,80277502,80621792,0
BT16-rrip-all-long,miniz_long-128-warm,740,249,2048000,8192,314,129,324,80621795,80914509,0
BT16-rrip-all-long,miniz_long-128-warm,740,250,2056192,8192,1635,2307,1833,80914512,81254226,0
BT16-rrip-all-long,miniz_long-128-warm,740,251,2064384,8192,312,126,325,81254331,81545683,0
BT16-rrip-all-long,miniz_long-128-warm,740,252,2072576,8192,1270,1762,1432,81545686,81839649,0
BT16-rrip-all-long,miniz_long-128-warm,740,253,2080768,8192,731,949,790,81839766,82124921,0
BT16-rrip-all-long,miniz_long-128-warm,740,254,2088960,8192,748,764,826,82125028,82446880,0
BT16-rrip-all-long,miniz_long-128-warm,740,255,2097152,8192,1222,1834,1381,82446896,82777982,0
BT16-rrip-all-long,miniz_long-128-warm,740,256,2105344,8192,315,25,319,82777985,83049329,0
BT16-rrip-all-long,miniz_long-128-warm,740,257,2113536,8192,1571,2571,1805,83049436,83422804,0
BT16-rrip-all-long,miniz_long-128-warm,740,258,2121728,8192,256,87,272,83422911,83621787,0
BT16-rrip-all-long,miniz_long-128-warm,740,259,2129920,8192,1607,2491,1864,83621793,83956422,0
BT16-rrip-all-long,miniz_long-128-warm,740,260,2138112,8192,315,119,319,83956425,84249645,0
BT16-rrip-all-long,miniz_long-128-warm,740,261,2146304,8192,1706,2447,1928,84249648,84607472,0
BT16-rrip-all-long,miniz_long-128-warm,740,262,2154496,8192,299,104,299,84607475,84898504,0
BT16-rrip-all-long,miniz_long-128-warm,740,263,2162688,8192,1293,1886,1507,84898507,85204361,0
BT16-rrip-all-long,miniz_long-128-warm,740,264,2170880,8192,674,795,723,85204365,85481928,0
BT16-rrip-all-long,miniz_long-128-warm,740,265,2179072,8192,757,771,848,85482035,85792509,0
BT16-rrip-all-long,miniz_long-128-warm,740,266,2187264,8192,1293,1933,1447,85792515,86120148,0
BT16-rrip-all-long,miniz_long-128-warm,740,267,2195456,8192,300,25,304,86120151,86384792,0
BT16-rrip-all-long,miniz_long-128-warm,740,268,2203648,8192,1519,2456,1738,86384899,86757021,0
BT16-rrip-all-long,miniz_long-128-warm,740,269,2211840,8192,248,68,261,86757027,86968198,0
BT16-rrip-all-long,miniz_long-128-warm,740,270,2220032,8192,1641,2453,1864,86968204,87300330,0
BT16-rrip-all-long,miniz_long-128-warm,740,271,2228224,8192,298,98,296,87300333,87591791,0
BT16-rrip-all-long,miniz_long-128-warm,740,272,2236416,8192,1735,2516,1953,87591896,87954894,0
BT16-rrip-all-long,miniz_long-128-warm,740,273,2244608,8192,287,104,283,87954897,88257137,0
BT16-rrip-all-long,miniz_long-128-warm,740,274,2252800,8192,1364,1938,1531,88257140,88564483,0
BT16-rrip-all-long,miniz_long-128-warm,740,275,2260992,8192,525,500,547,88564484,88876699,0
BT16-rrip-all-long,miniz_long-128-warm,740,276,2269184,8192,920,1095,1071,88876806,89169989,0
BT16-rrip-all-long,miniz_long-128-warm,740,277,2271454,2270,731,1316,839,89169991,89282043,1
H2E-victim-long,jsmn_long-128-cold,700,0,8192,8192,825,1698,828,1645,281735,0
H2E-victim-long,jsmn_long-128-cold,700,1,16384,8192,659,1398,678,281740,568183,0
H2E-victim-long,jsmn_long-128-cold,700,2,24576,8192,560,1225,595,568278,884921,0
H2E-victim-long,jsmn_long-128-cold,700,3,32768,8192,713,1553,752,885016,1158338,0
H2E-victim-long,jsmn_long-128-cold,700,4,40960,8192,502,1088,526,1158433,1468054,0
H2E-victim-long,jsmn_long-128-cold,700,5,49152,8192,694,1523,740,1468060,1749939,0
H2E-victim-long,jsmn_long-128-cold,700,6,57344,8192,656,1418,689,1749941,2034337,0
H2E-victim-long,jsmn_long-128-cold,700,7,65536,8192,541,1182,574,2034338,2347886,0
H2E-victim-long,jsmn_long-128-cold,700,8,73728,8192,713,1553,752,2347981,2622917,0
H2E-victim-long,jsmn_long-128-cold,700,9,81920,8192,509,1107,536,2623012,2928515,0
H2E-victim-long,jsmn_long-128-cold,700,10,90112,8192,702,1534,745,2928710,3218938,0
H2E-victim-long,jsmn_long-128-cold,700,11,98304,8192,663,1445,699,3219041,3499148,0
H2E-victim-long,jsmn_long-128-cold,700,12,106496,8192,528,1155,561,3499243,3818649,0
H2E-victim-long,jsmn_long-128-cold,700,13,114688,8192,721,1578,762,3818744,4092663,0
H2E-victim-long,jsmn_long-128-cold,700,14,122880,8192,534,1148,560,4092666,4392849,0
H2E-victim-long,jsmn_long-128-cold,700,15,131072,8192,672,1470,714,4392944,4682332,0
H2E-victim-long,jsmn_long-128-cold,700,16,139264,8192,656,1430,692,4682427,4964886,0
H2E-victim-long,jsmn_long-128-cold,700,17,147456,8192,528,1143,557,4964893,5280807,0
H2E-victim-long,jsmn_long-128-cold,700,18,155648,8192,713,1553,752,5280902,5550012,0
H2E-victim-long,jsmn_long-128-cold,700,19,163840,8192,524,1141,552,5550107,5851366,0
H2E-victim-long,jsmn_long-128-cold,700,20,172032,8192,678,1487,721,5851368,6138703,0
H2E-victim-long,jsmn_long-128-cold,700,21,180224,8192,652,1413,684,6138706,6419146,0
H2E-victim-long,jsmn_long-128-cold,700,22,188416,8192,531,1160,566,6419150,6734197,0
H2E-victim-long,jsmn_long-128-cold,700,23,196608,8192,706,1531,743,6734200,7004127,0
H2E-victim-long,jsmn_long-128-cold,700,24,204800,8192,501,1093,528,7004226,7308813,0
H2E-victim-long,jsmn_long-128-cold,700,25,212992,8192,706,1542,749,7308827,7592169,0
H2E-victim-long,jsmn_long-128-cold,700,26,221184,8192,634,1378,667,7592264,7871160,0
H2E-victim-long,jsmn_long-128-cold,700,27,229376,8192,541,1180,573,7871255,8183166,0
H2E-victim-long,jsmn_long-128-cold,700,28,237568,8192,700,1528,740,8183172,8454587,0
H2E-victim-long,jsmn_long-128-cold,700,29,245760,8192,473,1028,497,8454682,8767192,0
H2E-victim-long,jsmn_long-128-cold,700,30,253952,8192,723,1583,769,8767196,9040983,0
H2E-victim-long,jsmn_long-128-cold,700,31,262144,8192,630,1370,663,9040985,9323738,0
H2E-victim-long,jsmn_long-128-cold,700,32,270336,8192,545,1191,579,9323833,9632729,0
H2E-victim-long,jsmn_long-128-cold,700,33,278528,8192,700,1526,739,9632732,9902633,0
H2E-victim-long,jsmn_long-128-cold,700,34,286720,8192,448,979,474,9902828,10222122,0
H2E-victim-long,jsmn_long-128-cold,700,35,294912,8192,784,1690,825,10222125,10493137,0
H2E-victim-long,jsmn_long-128-cold,700,36,303104,8192,622,1338,651,10493232,10774279,0
H2E-victim-long,jsmn_long-128-cold,700,37,311296,8192,572,1240,605,10774280,11081971,0
H2E-victim-long,jsmn_long-128-cold,700,38,319488,8192,697,1518,735,11082066,11355873,0
H2E-victim-long,jsmn_long-128-cold,700,39,327680,8192,452,988,479,11355968,11677035,0
H2E-victim-long,jsmn_long-128-cold,700,40,335872,8192,757,1650,800,11677038,11946307,0
H2E-victim-long,jsmn_long-128-cold,700,41,344064,8192,624,1348,654,11946402,12229663,0
H2E-victim-long,jsmn_long-128-cold,700,42,352256,8192,560,1225,595,12229758,12534635,0
H2E-victim-long,jsmn_long-128-cold,700,43,360448,8192,680,1483,718,12534730,12801102,0
H2E-victim-long,jsmn_long-128-cold,700,44,368640,8192,481,1049,508,12801106,13121702,0
H2E-victim-long,jsmn_long-128-cold,700,45,376832,8192,729,1589,771,13121796,13386290,0
H2E-victim-long,jsmn_long-128-cold,700,46,385024,8192,585,1273,616,13386385,13673262,0
H2E-victim-long,jsmn_long-128-cold,700,47,393216,8192,592,1295,629,13673357,13975218,0
H2E-victim-long,jsmn_long-128-cold,700,48,401408,8192,681,1483,718,13975313,14248730,0
H2E-victim-long,jsmn_long-128-cold,700,49,409600,8192,496,1085,527,14248830,14568149,0
H2E-victim-long,jsmn_long-128-cold,700,50,417792,8192,728,1588,769,14568249,14835990,0
H2E-victim-long,jsmn_long-128-cold,700,51,425984,8192,570,1238,599,14835994,15125545,0
H2E-victim-long,jsmn_long-128-cold,700,52,434176,8192,608,1330,646,15125640,15422152,0
H2E-victim-long,jsmn_long-128-cold,700,53,442368,8192,665,1448,701,15422247,15695792,0
H2E-victim-long,jsmn_long-128-cold,700,54,450560,8192,512,1120,544,15695887,16013587,0
H2E-victim-long,jsmn_long-128-cold,700,55,458752,8192,713,1553,752,16013687,16275970,0
H2E-victim-long,jsmn_long-128-cold,700,56,466944,8192,527,1148,555,16276065,16569543,0
H2E-victim-long,jsmn_long-128-cold,700,57,475136,8192,650,1420,690,16569548,16857518,0
H2E-victim-long,jsmn_long-128-cold,700,58,483328,8192,649,1413,684,16857613,17132277,0
H2E-victim-long,jsmn_long-128-cold,700,59,491520,8192,515,1127,547,17132377,17445378,0
H2E-victim-long,jsmn_long-128-cold,700,60,499712,8192,710,1546,749,17445380,17709484,0
H2E-victim-long,jsmn_long-128-cold,700,61,507904,8192,473,1028,497,17709579,18018210,0
H2E-victim-long,jsmn_long-128-cold,700,62,516096,8192,704,1540,748,18018305,18287804,0
H2E-victim-long,jsmn_long-128-cold,700,63,524288,8192,621,1349,654,18287899,18568492,0
H2E-victim-long,jsmn_long-128-cold,700,64,532480,8192,549,1202,584,18568587,18873425,0
H2E-victim-long,jsmn_long-128-cold,700,65,540672,8192,692,1506,729,18873533,19146336,0
H2E-victim-long,jsmn_long-128-cold,700,66,548864,8192,464,1014,491,19146431,19460912,0
H2E-victim-long,jsmn_long-128-cold,700,67,557056,8192,729,1589,771,19461006,19722242,0
H2E-victim-long,jsmn_long-128-cold,700,68,565248,8192,573,1246,603,19722337,20004521,0
H2E-victim-long,jsmn_long-128-cold,700,69,573440,8192,605,1322,642,20004522,20307712,0
H2E-victim-long,jsmn_long-128-cold,700,70,581632,8192,665,1448,701,20307807,20577406,0
H2E-victim-long,jsmn_long-128-cold,700,71,589824,8192,496,1085,527,20577501,20891033,0
H2E-victim-long,jsmn_long-128-cold,700,72,598016,8192,713,1553,752,20891128,21153205,0
H2E-victim-long,jsmn_long-128-cold,700,73,606208,8192,557,1210,585,21153300,21450988,0
H2E-victim-long,jsmn_long-128-cold,700,74,614400,8192,637,1393,677,21450990,21741464,0
H2E-victim-long,jsmn_long-128-cold,700,75,622592,8192,649,1413,684,21741559,22013427,0
H2E-victim-long,jsmn_long-128-cold,700,76,630784,8192,512,1120,544,22013522,22325263,0
H2E-victim-long,jsmn_long-128-cold,700,77,638976,8192,700,1526,739,22325358,22592697,0
H2E-victim-long,jsmn_long-128-cold,700,78,647168,8192,489,1063,514,22592702,22896190,0
H2E-victim-long,jsmn_long-128-cold,700,79,655360,8192,692,1514,735,22896192,23168203,0
H2E-victim-long,jsmn_long-128-cold,700,80,663552,8192,626,1361,659,23168210,23449272,0
H2E-victim-long,jsmn_long-128-cold,700,81,671744,8192,544,1190,578,23449367,23756005,0
H2E-victim-long,jsmn_long-128-cold,700,82,679936,8192,694,1508,730,23756100,24021486,0
H2E-victim-long,jsmn_long-128-cold,700,83,688128,8192,455,998,484,24021492,24339238,0
H2E-victim-long,jsmn_long-128-cold,700,84,696320,8192,741,1615,783,24339241,24604573,0
H2E-victim-long,jsmn_long-128-cold,700,85,704512,8192,585,1273,616,24604668,24886127,0
H2E-victim-long,jsmn_long-128-cold,700,86,712704,8192,590,1291,627,24886222,25185310,0
H2E-victim-long,jsmn_long-128-cold,700,87,720896,8192,667,1452,703,25185320,25457581,0
H2E-victim-long,jsmn_long-128-cold,700,88,729088,8192,480,1050,510,25457676,25771963,0
H2E-victim-long,jsmn_long-128-cold,700,89,737280,8192,714,1553,752,25772058,26030112,0
H2E-victim-long,jsmn_long-128-cold,700,90,745472,8192,541,1176,569,26030207,26321918,0
H2E-victim-long,jsmn_long-128-cold,700,91,753664,8192,637,1392,676,26321919,26610150,0
H2E-victim-long,jsmn_long-128-cold,700,92,761856,8192,646,1405,680,26610245,26881489,0
H2E-victim-long,jsmn_long-128-cold,700,93,770048,8192,515,1128,548,26881500,27192919,0
H2E-victim-long,jsmn_long-128-cold,700,94,778240,8192,697,1518,735,27193014,27449982,0
H2E-victim-long,jsmn_long-128-cold,700,95,786432,8192,462,1004,486,27450077,27765387,0
H2E-victim-long,jsmn_long-128-cold,700,96,794624,8192,731,1599,776,27765395,28034300,0
H2E-victim-long,jsmn_long-128-cold,700,97,802816,8192,601,1308,633,28034395,28313112,0
H2E-victim-long,jsmn_long-128-cold,700,98,811008,8192,560,1225,595,28313207,28614208,0
H2E-victim-long,jsmn_long-128-cold,700,99,819200,8192,681,1483,718,28614303,28883135,0
H2E-victim-long,jsmn_long-128-cold,700,100,827392,8192,474,1040,504,28883230,29199218,0
H2E-victim-long,jsmn_long-128-cold,700,101,835584,8192,726,1568,762,29199219,29460889,0
H2E-victim-long,jsmn_long-128-cold,700,102,843776,8192,556,1211,586,29460984,29745116,0
H2E-victim-long,jsmn_long-128-cold,700,103,851968,8192,611,1327,647,29745117,30036879,0
H2E-victim-long,jsmn_long-128-cold,700,104,860160,8192,649,1413,684,30036974,30306333,0
H2E-victim-long,jsmn_long-128-cold,700,105,868352,8192,512,1120,544,30306428,30617704,0
H2E-victim-long,jsmn_long-128-cold,700,106,876544,8192,697,1518,735,30617799,30880552,0
H2E-victim-long,jsmn_long-128-cold,700,107,884736,8192,489,1063,514,30880647,31185424,0
H2E-victim-long,jsmn_long-128-cold,700,108,892928,8192,704,1540,748,31185428,31464497,0
H2E-victim-long,jsmn_long-128-cold,700,109,901120,8192,623,1358,657,31464592,31741049,0
H2E-victim-long,jsmn_long-128-cold,700,110,909312,8192,554,1210,588,31741054,32050343,0
H2E-victim-long,jsmn_long-128-cold,700,111,917504,8192,684,1490,721,32050438,32318733,0
H2E-victim-long,jsmn_long-128-cold,700,112,925696,8192,449,981,476,32318735,32635245,0
H2E-victim-long,jsmn_long-128-cold,700,113,933888,8192,763,1655,805,32635248,32904369,0
H2E-victim-long,jsmn_long-128-cold,700,114,942080,8192,585,1273,616,32904464,33181136,0
H2E-victim-long,jsmn_long-128-cold,700,115,950272,8192,573,1250,607,33181236,33476672,0
H2E-victim-long,jsmn_long-128-cold,700,116,958464,8192,661,1446,700,33476678,33745633,0
H2E-victim-long,jsmn_long-128-cold,700,117,966656,8192,487,1062,516,33745641,34060837,0
H2E-victim-long,jsmn_long-128-cold,700,118,974848,8192,713,1553,752,34060932,34319144,0
H2E-victim-long,jsmn_long-128-cold,700,119,983040,8192,537,1168,565,34319239,34613622,0
H2E-victim-long,jsmn_long-128-cold,700,120,991232,8192,640,1400,680,34613722,34900124,0
H2E-victim-long,jsmn_long-128-cold,700,121,999424,8192,638,1390,673,34900219,35176349,0
H2E-victim-long,jsmn_long-128-cold,700,122,1007616,8192,523,1143,555,35176452,35485118,0
H2E-victim-long,jsmn_long-128-cold,700,123,1015808,8192,697,1518,735,35485213,35747756,0
H2E-victim-long,jsmn_long-128-cold,700,124,1024000,8192,444,966,467,35747856,36061949,0
H2E-victim-long,jsmn_long-128-cold,700,125,1032192,8192,743,1627,789,36061950,36327814,0
H2E-victim-long,jsmn_long-128-cold,700,126,1040384,8192,610,1326,643,36327817,36609209,0
H2E-victim-long,jsmn_long-128-cold,700,127,1048576,8192,564,1222,595,36609211,36913177,0
H2E-victim-long,jsmn_long-128-cold,700,128,1056768,8192,681,1483,718,36913272,37180259,0
H2E-victim-long,jsmn_long-128-cold,700,129,1064960,8192,477,1040,505,37180354,37494661,0
H2E-victim-long,jsmn_long-128-cold,700,130,1073152,8192,716,1563,757,37494667,37759329,0
H2E-victim-long,jsmn_long-128-cold,700,131,1081344,8192,586,1273,616,37759424,38047976,0
H2E-victim-long,jsmn_long-128-cold,700,132,1089536,8192,595,1303,633,38048071,38345841,0
H2E-victim-long,jsmn_long-128-cold,700,133,1097728,8192,662,1440,697,38345842,38616988,0
H2E-victim-long,jsmn_long-128-cold,700,134,1105920,8192,496,1085,527,38617083,38929592,0
H2E-victim-long,jsmn_long-128-cold,700,135,1114112,8192,697,1518,735,38929687,39185897,0
H2E-victim-long,jsmn_long-128-cold,700,136,1122304,8192,506,1099,532,39185992,39485384,0
H2E-victim-long,jsmn_long-128-cold,700,137,1130496,8192,674,1477,717,39485387,39765567,0
H2E-victim-long,jsmn_long-128-cold,700,138,1138688,8192,625,1360,657,39765569,40039483,0
H2E-victim-long,jsmn_long-128-cold,700,139,1146880,8192,536,1173,571,40039484,40346186,0
H2E-victim-long,jsmn_long-128-cold,700,140,1155072,8192,694,1510,731,40346191,40610750,0
H2E-victim-long,jsmn_long-128-cold,700,141,1163264,8192,452,988,479,40610845,40929284,0
H2E-victim-long,jsmn_long-128-cold,700,142,1171456,8192,742,1615,783,40929287,41188801,0
H2E-victim-long,jsmn_long-128-cold,700,143,1179648,8192,577,1257,609,41188901,41471226,0
H2E-victim-long,jsmn_long-128-cold,700,144,1187840,8192,584,1276,619,41471231,41770090,0
H2E-victim-long,jsmn_long-128-cold,700,145,1196032,8192,665,1448,701,41770185,42039600,0
H2E-victim-long,jsmn_long-128-cold,700,146,1204224,8192,496,1085,527,42039695,42356781,0
H2E-victim-long,jsmn_long-128-cold,700,147,1212416,8192,710,1543,747,42356876,42612427,0
H2E-victim-long,jsmn_long-128-cold,700,148,1220608,8192,511,1116,540,42612433,42904604,0
H2E-victim-long,jsmn_long-128-cold,700,149,1228800,8192,653,1427,693,42904605,43184183,0
H2E-victim-long,jsmn_long-128-cold,700,150,1236992,8192,633,1378,667,43184278,43460911,0
H2E-victim-long,jsmn_long-128-cold,700,151,1245184,8192,528,1155,561,43461006,43768987,0
H2E-victim-long,jsmn_long-128-cold,700,152,1253376,8192,681,1483,718,43769082,44028853,0
H2E-victim-long,jsmn_long-128-cold,700,153,1261568,8192,449,983,476,44028948,44338935,0
H2E-victim-long,jsmn_long-128-cold,700,154,1269760,8192,736,1593,776,44338938,44601495,0
H2E-victim-long,jsmn_long-128-cold,700,155,1277952,8192,585,1273,616,44601590,44883422,0
H2E-victim-long,jsmn_long-128-cold,700,156,1286144,8192,585,1285,623,44883517,45177833,0
H2E-victim-long,jsmn_long-128-cold,700,157,1294336,8192,656,1423,690,45177834,45448690,0
H2E-victim-long,jsmn_long-128-cold,700,158,1302528,8192,496,1085,527,45448785,45757819,0
H2E-victim-long,jsmn_long-128-cold,700,159,1310720,8192,710,1543,747,45757914,46018806,0
H2E-victim-long,jsmn_long-128-cold,700,160,1318912,8192,508,1108,536,46018812,46317805,0
H2E-victim-long,jsmn_long-128-cold,700,161,1327104,8192,672,1470,714,46317905,46601718,0
H2E-victim-long,jsmn_long-128-cold,700,162,1335296,8192,619,1346,652,46601813,46874551,0
H2E-victim-long,jsmn_long-128-cold,700,163,1343488,8192,549,1192,580,46874654,47185779,0
H2E-victim-long,jsmn_long-128-cold,700,164,1351680,8192,697,1518,735,47185874,47454297,0
H2E-victim-long,jsmn_long-128-cold,700,165,1359872,8192,442,961,467,47454392,47771382,0
H2E-victim-long,jsmn_long-128-cold,700,166,1368064,8192,752,1642,795,47771490,48031365,0
H2E-victim-long,jsmn_long-128-cold,700,167,1376256,8192,601,1308,633,48031460,48313063,0
H2E-victim-long,jsmn_long-128-cold,700,168,1384448,8192,563,1233,599,48313163,48615652,0
H2E-victim-long,jsmn_long-128-cold,700,169,1392640,8192,678,1475,714,48615654,48884441,0
H2E-victim-long,jsmn_long-128-cold,700,170,1400832,8192,484,1056,514,48884536,49196598,0
H2E-victim-long,jsmn_long-128-cold,700,171,1409024,8192,713,1553,752,49196693,49458795,0
H2E-victim-long,jsmn_long-128-cold,700,172,1417216,8192,540,1175,568,49458890,49745511,0
H2E-victim-long,jsmn_long-128-cold,700,173,1425408,8192,629,1379,670,49745513,50033019,0
H2E-victim-long,jsmn_long-128-cold,700,174,1433600,8192,641,1392,674,50033024,50304875,0
H2E-victim-long,jsmn_long-128-cold,700,175,1441792,8192,512,1120,544,50304970,50615114,0
H2E-victim-long,jsmn_long-128-cold,700,176,1449984,8192,697,1518,735,50615209,50870951,0
H2E-victim-long,jsmn_long-128-cold,700,177,1458176,8192,422,921,447,50871051,51184550,0
H2E-victim-long,jsmn_long-128-cold,700,178,1466368,8192,756,1647,798,51184554,51450256,0
H2E-victim-long,jsmn_long-128-cold,700,179,1474560,8192,601,1308,633,51450351,51725328,0
H2E-victim-long,jsmn_long-128-cold,700,180,1482752,8192,565,1236,601,51725423,52029134,0
H2E-victim-long,jsmn_long-128-cold,700,181,1490944,8192,674,1452,709,52029142,52293500,0
H2E-victim-long,jsmn_long-128-cold,700,182,1499136,8192,482,1053,512,52293505,52607329,0
H2E-victim-long,jsmn_long-128-cold,700,183,1507328,8192,710,1545,748,52607337,52868155,0
H2E-victim-long,jsmn_long-128-cold,700,184,1515520,8192,536,1166,564,52868258,53157950,0
H2E-victim-long,jsmn_long-128-cold,700,185,1523712,8192,639,1399,679,53157953,53445282,0
H2E-victim-long,jsmn_long-128-cold,700,186,1531904,8192,635,1381,669,53445377,53719420,0
H2E-victim-long,jsmn_long-128-cold,700,187,1540096,8192,526,1152,559,53719523,54027118,0
H2E-victim-long,jsmn_long-128-cold,700,188,1548288,8192,697,1518,735,54027213,54290693,0
H2E-victim-long,jsmn_long-128-cold,700,189,1556480,8192,443,953,463,54290793,54605018,0
H2E-victim-long,jsmn_long-128-cold,700,190,1564672,8192,741,1620,787,54605019,54867885,0
H2E-victim-long,jsmn_long-128-cold,700,191,1572864,8192,604,1316,637,54867980,55150678,0
H2E-victim-long,jsmn_long-128-cold,700,192,1581056,8192,557,1217,591,55150679,55449727,0
H2E-victim-long,jsmn_long-128-cold,700,193,1589248,8192,692,1488,725,55449822,55715100,0
H2E-victim-long,jsmn_long-128-cold,700,194,1597440,8192,480,1050,511,55715195,56029107,0
H2E-victim-long,jsmn_long-128-cold,700,195,1605632,8192,697,1518,735,56029202,56287622,0
H2E-victim-long,jsmn_long-128-cold,700,196,1613824,8192,544,1185,573,56287717,56578264,0
H2E-victim-long,jsmn_long-128-cold,700,197,1622016,8192,633,1383,672,56578271,56867950,0
H2E-victim-long,jsmn_long-128-cold,700,198,1630208,8192,638,1389,673,56868045,57138765,0
H2E-victim-long,jsmn_long-128-cold,700,199,1638400,8192,510,1117,542,57138773,57441592,0
H2E-victim-long,jsmn_long-128-cold,700,200,1646592,8192,700,1523,738,57441593,57707578,0
H2E-victim-long,jsmn_long-128-cold,700,201,1654784,8192,436,950,460,57707582,58023111,0
H2E-victim-long,jsmn_long-128-cold,700,202,1662976,8192,751,1640,795,58023112,58285087,0
H2E-victim-long,jsmn_long-128-cold,700,203,1671168,8192,585,1273,616,58285182,58564464,0
H2E-victim-long,jsmn_long-128-cold,700,204,1679360,8192,576,1260,612,58564559,58863052,0
H2E-victim-long,jsmn_long-128-cold,700,205,1687552,8192,672,1453,705,58863147,59129999,0
H2E-victim-long,jsmn_long-128-cold,700,206,1695744,8192,480,1050,510,59130094,59445154,0
H2E-victim-long,jsmn_long-128-cold,700,207,1703936,8192,697,1518,735,59445249,59698534,0
H2E-victim-long,jsmn_long-128-cold,700,208,1712128,8192,537,1168,565,59698629,59995691,0
H2E-victim-long,jsmn_long-128-cold,700,209,1720320,8192,656,1435,697,59995695,60281902,0
H2E-victim-long,jsmn_long-128-cold,700,210,1728512,8192,634,1373,666,60281997,60553703,0
H2E-victim-long,jsmn_long-128-cold,700,211,1736704,8192,517,1130,550,60553704,60854053,0
H2E-victim-long,jsmn_long-128-cold,700,212,1744896,8192,681,1483,718,60854148,61111682,0
H2E-victim-long,jsmn_long-128-cold,700,213,1753088,8192,459,993,483,61111777,61424137,0
H2E-victim-long,jsmn_long-128-cold,700,214,1761280,8192,741,1615,783,61424140,61682606,0
H2E-victim-long,jsmn_long-128-cold,700,215,1769472,8192,578,1261,610,61682701,61958698,0
H2E-victim-long,jsmn_long-128-cold,700,216,1777664,8192,583,1272,618,61958706,62252317,0
H2E-victim-long,jsmn_long-128-cold,700,217,1785856,8192,665,1448,701,62252412,62517527,0
H2E-victim-long,jsmn_long-128-cold,700,218,1794048,8192,490,1075,521,62517622,62826472,0
H2E-victim-long,jsmn_long-128-cold,700,219,1802240,8192,697,1506,732,62826475,63077453,0
H2E-victim-long,jsmn_long-128-cold,700,220,1810432,8192,502,1090,527,63077454,63371745,0
H2E-victim-long,jsmn_long-128-cold,700,221,1818624,8192,656,1435,697,63371749,63636225,0
H2E-victim-long,jsmn_long-128-cold,700,222,1826816,8192,624,1360,658,63636320,63913073,0
H2E-victim-long,jsmn_long-128-cold,700,223,1835008,8192,553,1208,587,63913080,64212824,0
H2E-victim-long,jsmn_long-128-cold,700,224,1843200,8192,666,1449,702,64212919,64472902,0
H2E-victim-long,jsmn_long-128-cold,700,225,1851392,8192,479,1048,507,64472905,64787004,0
H2E-victim-long,jsmn_long-128-cold,700,226,1859584,8192,713,1554,754,64787007,65040175,0
H2E-victim-long,jsmn_long-128-cold,700,227,1867776,8192,558,1215,588,65040270,65320882,0
H2E-victim-long,jsmn_long-128-cold,700,228,1875968,8192,606,1326,644,65320990,65609405,0
H2E-victim-long,jsmn_long-128-cold,700,229,1884160,8192,649,1413,684,65609407,65875771,0
H2E-victim-long,jsmn_long-128-cold,700,230,1892352,8192,509,1112,540,65875772,66183637,0
H2E-victim-long,jsmn_long-128-cold,700,231,1894252,1900,69,149,72,66183732,66254312,1
H2E-victim-long,jsmn_long-128-warm,700,0,8192,8192,771,1684,815,3893321,4168031,0
H2E-victim-long,jsmn_long-128-warm,700,1,16384,8192,637,1379,671,4168126,4449537,0
H2E-victim-long,jsmn_long-128-warm,700,2,24576,8192,549,1202,584,4449547,4761694,0
H2E-victim-long,jsmn_long-128-warm,700,3,32768,8192,710,1545,748,4761696,5034267,0
H2E-victim-long,jsmn_long-128-warm,700,4,40960,8192,452,971,472,5034362,5354362,0
H2E-victim-long,jsmn_long-128-warm,700,5,49152,8192,764,1672,811,5354363,5623131,0
H2E-victim-long,jsmn_long-128-warm,700,6,57344,8192,617,1343,650,5623226,5904542,0
H2E-victim-long,jsmn_long-128-warm,700,7,65536,8192,560,1225,595,5904637,6216423,0
H2E-victim-long,jsmn_long-128-warm,700,8,73728,8192,697,1518,735,6216518,6489813,0
H2E-victim-long,jsmn_long-128-warm,700,9,81920,8192,458,993,484,6489908,6806951,0
H2E-victim-long,jsmn_long-128-warm,700,10,90112,8192,757,1650,800,6806954,7077441,0
H2E-victim-long,jsmn_long-128-warm,700,11,98304,8192,613,1333,644,7077536,7360672,0
H2E-victim-long,jsmn_long-128-warm,700,12,106496,8192,564,1235,601,7360676,7670386,0
H2E-victim-long,jsmn_long-128-warm,700,13,114688,8192,698,1518,735,7670481,7940611,0
H2E-victim-long,jsmn_long-128-warm,700,14,122880,8192,464,1014,491,7940706,8259137,0
H2E-victim-long,jsmn_long-128-warm,700,15,131072,8192,745,1624,788,8259140,8528090,0
H2E-victim-long,jsmn_long-128-warm,700,16,139264,8192,601,1308,633,8528185,8812497,0
H2E-victim-long,jsmn_long-128-warm,700,17,147456,8192,576,1260,612,8812592,9116148,0
H2E-victim-long,jsmn_long-128-warm,700,18,155648,8192,682,1484,719,9116243,9391793,0
H2E-victim-long,jsmn_long-128-warm,700,19,163840,8192,483,1058,514,9391796,9710418,0
H2E-victim-long,jsmn_long-128-warm,700,20,172032,8192,735,1604,775,9710613,9975726,0
H2E-victim-long,jsmn_long-128-warm,700,21,180224,8192,591,1283,622,9975727,10264545,0
H2E-victim-long,jsmn_long-128-warm,700,22,188416,8192,609,1313,644,10264549,10570209,0
H2E-victim-long,jsmn_long-128-warm,700,23,196608,8192,685,1475,718,10570213,10839232,0
H2E-victim-long,jsmn_long-128-warm,700,24,204800,8192,503,1090,531,10839327,11159071,0
H2E-victim-long,jsmn_long-128-warm,700,25,212992,8192,729,1588,769,11159166,11431448,0
H2E-victim-long,jsmn_long-128-warm,700,26,221184,8192,585,1273,616,11431543,11720779,0
H2E-victim-long,jsmn_long-128-warm,700,27,229376,8192,608,1330,646,11720879,12021793,0
H2E-victim-long,jsmn_long-128-warm,700,28,237568,8192,672,1453,705,12021888,12295849,0
H2E-victim-long,jsmn_long-128-warm,700,29,245760,8192,496,1085,527,12295944,12613398,0
H2E-victim-long,jsmn_long-128-warm,700,30,253952,8192,713,1553,752,12613493,12872750,0
H2E-victim-long,jsmn_long-128-warm,700,31,262144,8192,547,1193,576,12872845,13167081,0
H2E-victim-long,jsmn_long-128-warm,700,32,270336,8192,646,1410,686,13167082,13462155,0
H2E-victim-long,jsmn_long-128-warm,700,33,278528,8192,652,1420,687,13462250,13737982,0
H2E-victim-long,jsmn_long-128-warm,700,34,286720,8192,517,1132,551,13737984,14053233,0
H2E-victim-long,jsmn_long-128-warm,700,35,294912,8192,715,1559,753,14053238,14320193,0
H2E-victim-long,jsmn_long-128-warm,700,36,303104,8192,527,1143,554,14320196,14620608,0
H2E-victim-long,jsmn_long-128-warm,700,37,311296,8192,672,1470,714,14620612,14910839,0
H2E-victim-long,jsmn_long-128-warm,700,38,319488,8192,649,1413,684,14910934,15187113,0
H2E-victim-long,jsmn_long-128-warm,700,39,327680,8192,515,1128,548,15187208,15499558,0
H2E-victim-long,jsmn_long-128-warm,700,40,335872,8192,710,1545,748,15499560,15769000,0
H2E-victim-long,jsmn_long-128-warm,700,41,344064,8192,493,1072,519,15769095,16072908,0
H2E-victim-long,jsmn_long-128-warm,700,42,352256,8192,700,1531,743,16073011,16352401,0
H2E-victim-long,jsmn_long-128-warm,700,43,360448,8192,622,1354,656,16352496,16626596,0
H2E-victim-long,jsmn_long-128-warm,700,44,368640,8192,548,1204,583,16626604,16934516,0
H2E-victim-long,jsmn_long-128-warm,700,45,376832,8192,688,1493,724,16934517,17200183,0
H2E-victim-long,jsmn_long-128-warm,700,46,385024,8192,452,988,479,17200278,17519065,0
H2E-victim-long,jsmn_long-128-warm,700,47,393216,8192,752,1640,794,17519068,17783847,0
H2E-victim-long,jsmn_long-128-warm,700,48,401408,8192,590,1283,622,17783850,18065759,0
H2E-victim-long,jsmn_long-128-warm,700,49,409600,8192,573,1252,608,18065854,18361169,0
H2E-victim-long,jsmn_long-128-warm,700,50,417792,8192,672,1462,709,18361180,18635805,0
H2E-victim-long,jsmn_long-128-warm,700,51,425984,8192,483,1058,514,18635900,18950291,0
H2E-victim-long,jsmn_long-128-warm,700,52,434176,8192,730,1589,770,18950293,19217829,0
H2E-victim-long,jsmn_long-128-warm,700,53,442368,8192,549,1194,577,19218024,19503185,0
H2E-victim-long,jsmn_long-128-warm,700,54,450560,8192,624,1365,663,19503280,19798198,0
H2E-victim-long,jsmn_long-128-warm,700,55,458752,8192,650,1413,684,19798293,20068296,0
H2E-victim-long,jsmn_long-128-warm,700,56,466944,8192,515,1125,547,20068391,20385198,0
H2E-victim-long,jsmn_long-128-warm,700,57,475136,8192,710,1548,749,20385203,20645838,0
H2E-victim-long,jsmn_long-128-warm,700,58,483328,8192,492,1071,518,20645933,20948002,0
H2E-victim-long,jsmn_long-128-warm,700,59,491520,8192,688,1505,731,20948007,21229285,0
H2E-victim-long,jsmn_long-128-warm,700,60,499712,8192,647,1405,680,21229287,21511122,0
H2E-victim-long,jsmn_long-128-warm,700,61,507904,8192,528,1155,561,21511217,21817988,0
H2E-victim-long,jsmn_long-128-warm,700,62,516096,8192,697,1518,735,21818083,22084487,0
H2E-victim-long,jsmn_long-128-warm,700,63,524288,8192,436,953,462,22084582,22397395,0
H2E-victim-long,jsmn_long-128-warm,700,64,532480,8192,757,1650,800,22397398,22662806,0
H2E-victim-long,jsmn_long-128-warm,700,65,540672,8192,598,1298,628,22662901,22942591,0
H2E-victim-long,jsmn_long-128-warm,700,66,548864,8192,563,1235,600,22942597,23244448,0
H2E-victim-long,jsmn_long-128-warm,700,67,557056,8192,684,1491,722,23244543,23517254,0
H2E-victim-long,jsmn_long-128-warm,700,68,565248,8192,477,1042,506,23517255,23832251,0
H2E-victim-long,jsmn_long-128-warm,700,69,573440,8192,726,1578,764,23832346,24092189,0
H2E-victim-long,jsmn_long-128-warm,700,70,581632,8192,565,1236,598,24092195,24383001,0
H2E-victim-long,jsmn_long-128-warm,700,71,589824,8192,615,1342,652,24383009,24679594,0
H2E-victim-long,jsmn_long-128-warm,700,72,598016,8192,651,1416,686,24679689,24950438,0
H2E-victim-long,jsmn_long-128-warm,700,73,606208,8192,510,1117,542,24950541,25263000,0
H2E-victim-long,jsmn_long-128-warm,700,74,614400,8192,700,1526,739,25263095,25525977,0
H2E-victim-long,jsmn_long-128-warm,700,75,622592,8192,513,1115,538,25525979,25824233,0
H2E-victim-long,jsmn_long-128-warm,700,76,630784,8192,678,1480,720,25824234,26104540,0
H2E-victim-long,jsmn_long-128-warm,700,77,638976,8192,618,1343,650,26104635,26377645,0
H2E-victim-long,jsmn_long-128-warm,700,78,647168,8192,544,1190,578,26377745,26687228,0
H2E-victim-long,jsmn_long-128-warm,700,79,655360,8192,681,1483,718,26687323,26948868,0
H2E-victim-long,jsmn_long-128-warm,700,80,663552,8192,452,988,479,26948963,27265332,0
H2E-victim-long,jsmn_long-128-warm,700,81,671744,8192,741,1615,783,27265335,27523010,0
H2E-victim-long,jsmn_long-128-warm,700,82,679936,8192,588,1281,620,27523110,27810955,0
H2E-victim-long,jsmn_long-128-warm,700,83,688128,8192,589,1287,625,27810956,28109291,0
H2E-victim-long,jsmn_long-128-warm,700,84,696320,8192,665,1448,701,28109386,28379180,0
H2E-victim-long,jsmn_long-128-warm,700,85,704512,8192,480,1050,510,28379275,28691576,0
H2E-victim-long,jsmn_long-128-warm,700,86,712704,8192,713,1553,752,28691671,28952615,0
H2E-victim-long,jsmn_long-128-warm,700,87,720896,8192,540,1176,569,28952710,29245846,0
H2E-victim-long,jsmn_long-128-warm,700,88,729088,8192,644,1397,680,29245847,29536092,0
H2E-victim-long,jsmn_long-128-warm,700,89,737280,8192,646,1400,680,29536187,29806994,0
H2E-victim-long,jsmn_long-128-warm,700,90,745472,8192,521,1138,553,29807001,30111597,0
H2E-victim-long,jsmn_long-128-warm,700,91,753664,8192,684,1491,722,30111692,30376107,0
H2E-victim-long,jsmn_long-128-warm,700,92,761856,8192,433,945,458,30376112,30688549,0
H2E-victim-long,jsmn_long-128-warm,700,93,770048,8192,757,1650,800,30688643,30952660,0
H2E-victim-long,jsmn_long-128-warm,700,94,778240,8192,601,1308,633,30952755,31233895,0
H2E-victim-long,jsmn_long-128-warm,700,95,786432,8192,576,1260,612,31233990,31538381,0
H2E-victim-long,jsmn_long-128-warm,700,96,794624,8192,676,1473,712,31538476,31807907,0
H2E-victim-long,jsmn_long-128-warm,700,97,802816,8192,485,1059,514,31807910,32128212,0
H2E-victim-long,jsmn_long-128-warm,700,98,811008,8192,713,1554,754,32128215,32390243,0
H2E-victim-long,jsmn_long-128-warm,700,99,819200,8192,594,1286,625,32390338,32681597,0
H2E-victim-long,jsmn_long-128-warm,700,100,827392,8192,597,1306,635,32681602,32977244,0
H2E-victim-long,jsmn_long-128-warm,700,101,835584,8192,644,1402,678,32977249,33242962,0
H2E-victim-long,jsmn_long-128-warm,700,102,843776,8192,509,1112,540,33242963,33556460,0
H2E-victim-long,jsmn_long-128-warm,700,103,851968,8192,697,1518,735,33556555,33814725,0
H2E-victim-long,jsmn_long-128-warm,700,104,860160,8192,497,1082,524,33814820,34115701,0
H2E-victim-long,jsmn_long-128-warm,700,105,868352,8192,680,1486,721,34115706,34394827,0
H2E-victim-long,jsmn_long-128-warm,700,106,876544,8192,622,1355,656,34394922,34670971,0
H2E-victim-long,jsmn_long-128-warm,700,107,884736,8192,542,1186,576,34671074,34978359,0
H2E-victim-long,jsmn_long-128-warm,700,108,892928,8192,694,1510,731,34978361,35244811,0
H2E-victim-long,jsmn_long-128-warm,700,109,901120,8192,448,979,474,35244906,35557464,0
H2E-victim-long,jsmn_long-128-warm,700,110,909312,8192,732,1597,775,35557558,35819449,0
H2E-victim-long,jsmn_long-128-warm,700,111,917504,8192,598,1300,629,35819451,36104143,0
H2E-victim-long,jsmn_long-128-warm,700,112,925696,8192,579,1268,616,36104238,36404645,0
H2E-victim-long,jsmn_long-128-warm,700,113,933888,8192,685,1480,717,36404647,36674853,0
H2E-victim-long,jsmn_long-128-warm,700,114,942080,8192,480,1050,511,36674948,36989984,0
H2E-victim-long,jsmn_long-128-warm,700,115,950272,8192,713,1553,752,36990079,37249083,0
H2E-victim-long,jsmn_long-128-warm,700,116,958464,8192,541,1177,570,37249178,37542660,0
H2E-victim-long,jsmn_long-128-warm,700,117,966656,8192,644,1410,685,37542855,37834143,0
H2E-victim-long,jsmn_long-128-warm,700,118,974848,8192,645,1402,678,37834148,38110351,0
H2E-victim-long,jsmn_long-128-warm,700,119,983040,8192,525,1147,557,38110352,38422231,0
H2E-victim-long,jsmn_long-128-warm,700,120,991232,8192,697,1518,735,38422326,38683637,0
H2E-victim-long,jsmn_long-128-warm,700,121,999424,8192,466,1018,491,38683737,38992391,0
H2E-victim-long,jsmn_long-128-warm,700,122,1007616,8192,708,1542,750,38992392,39256714,0
H2E-victim-long,jsmn_long-128-warm,700,123,1015808,8192,604,1316,637,39256725,39536137,0
H2E-victim-long,jsmn_long-128-warm,700,124,1024000,8192,560,1225,595,39536232,39841298,0
H2E-victim-long,jsmn_long-128-warm,700,125,1032192,8192,668,1456,705,39841393,40105891,0
H2E-victim-long,jsmn_long-128-warm,700,126,1040384,8192,477,1042,506,40105892,40423152,0
H2E-victim-long,jsmn_long-128-warm,700,127,1048576,8192,729,1588,769,40423247,40683612,0
H2E-victim-long,jsmn_long-128-warm,700,128,1056768,8192,556,1206,584,40683707,40970801,0
H2E-victim-long,jsmn_long-128-warm,700,129,1064960,8192,617,1352,655,40970904,41263378,0
H2E-victim-long,jsmn_long-128-warm,700,130,1073152,8192,650,1413,684,41263381,41532924,0
H2E-victim-long,jsmn_long-128-warm,700,131,1081344,8192,500,1095,533,41532928,41846705,0
H2E-victim-long,jsmn_long-128-warm,700,132,1089536,8192,713,1553,752,41846800,42109634,0
H2E-victim-long,jsmn_long-128-warm,700,133,1097728,8192,499,1088,525,42109729,42411568,0
H2E-victim-long,jsmn_long-128-warm,700,134,1105920,8192,678,1480,720,42411572,42684439,0
H2E-victim-long,jsmn_long-128-warm,700,135,1114112,8192,615,1337,647,42684534,42959202,0
H2E-victim-long,jsmn_long-128-warm,700,136,1122304,8192,539,1186,575,42959206,43259504,0
H2E-victim-long,jsmn_long-128-warm,700,137,1130496,8192,686,1489,722,43259507,43527240,0
H2E-victim-long,jsmn_long-128-warm,700,138,1138688,8192,466,1018,493,43527250,43844139,0
H2E-victim-long,jsmn_long-128-warm,700,139,1146880,8192,713,1554,754,43844142,44097034,0
H2E-victim-long,jsmn_long-128-warm,700,140,1155072,8192,561,1211,589,44097129,44382328,0
H2E-victim-long,jsmn_long-128-warm,700,141,1163264,8192,611,1338,650,44382423,44677296,0
H2E-victim-long,jsmn_long-128-warm,700,142,1171456,8192,646,1405,680,44677297,44945962,0
H2E-victim-long,jsmn_long-128-warm,700,143,1179648,8192,512,1120,544,44946057,45254442,0
H2E-victim-long,jsmn_long-128-warm,700,144,1187840,8192,697,1518,735,45254537,45517041,0
H2E-victim-long,jsmn_long-128-warm,700,145,1196032,8192,465,1014,490,45517136,45822496,0
H2E-victim-long,jsmn_long-128-warm,700,146,1204224,8192,712,1554,755,45822501,46094361,0
H2E-victim-long,jsmn_long-128-warm,700,147,1212416,8192,617,1343,650,46094456,46372783,0
H2E-victim-long,jsmn_long-128-warm,700,148,1220608,8192,560,1225,595,46372878,46677281,0
H2E-victim-long,jsmn_long-128-warm,700,149,1228800,8192,665,1448,701,46677376,46942600,0
H2E-victim-long,jsmn_long-128-warm,700,150,1236992,8192,487,1054,512,46942695,47260997,0
H2E-victim-long,jsmn_long-128-warm,700,151,1245184,8192,729,1589,771,47261000,47524894,0
H2E-victim-long,jsmn_long-128-warm,700,152,1253376,8192,586,1273,616,47524989,47811747,0
H2E-victim-long,jsmn_long-128-warm,700,153,1261568,8192,586,1285,623,47811842,48106694,0
H2E-victim-long,jsmn_long-128-warm,700,154,1269760,8192,658,1428,693,48106698,48377603,0
H2E-victim-long,jsmn_long-128-warm,700,155,1277952,8192,497,1089,529,48377608,48691706,0
H2E-victim-long,jsmn_long-128-warm,700,156,1286144,8192,709,1544,747,48691901,48954579,0
H2E-victim-long,jsmn_long-128-warm,700,157,1294336,8192,528,1147,556,48954674,49249296,0
H2E-victim-long,jsmn_long-128-warm,700,158,1302528,8192,653,1427,693,49249298,49531385,0
H2E-victim-long,jsmn_long-128-warm,700,159,1310720,8192,633,1378,667,49531480,49804437,0
H2E-victim-long,jsmn_long-128-warm,700,160,1318912,8192,528,1155,561,49804532,50108038,0
H2E-victim-long,jsmn_long-128-warm,700,161,1327104,8192,681,1483,718,50108133,50373600,0
H2E-victim-long,jsmn_long-128-warm,700,162,1335296,8192,452,988,479,50373695,50686960,0
H2E-victim-long,jsmn_long-128-warm,700,163,1343488,8192,728,1588,770,50687054,50943780,0
H2E-victim-long,jsmn_long-128-warm,700,164,1351680,8192,583,1265,612,50943781,51226221,0
H2E-victim-long,jsmn_long-128-warm,700,165,1359872,8192,592,1295,629,51226316,51523589,0
H2E-victim-long,jsmn_long-128-warm,700,166,1368064,8192,655,1428,691,51523684,51790568,0
H2E-victim-long,jsmn_long-128-warm,700,167,1376256,8192,493,1078,524,51790573,52104432,0
H2E-victim-long,jsmn_long-128-warm,700,168,1384448,8192,721,1552,758,52104433,52361900,0
H2E-victim-long,jsmn_long-128-warm,700,169,1392640,8192,508,1105,534,52361995,52660253,0
H2E-victim-long,jsmn_long-128-warm,700,170,1400832,8192,669,1463,711,52660255,52940145,0
H2E-victim-long,jsmn_long-128-warm,700,171,1409024,8192,617,1343,650,52940240,53216069,0
H2E-victim-long,jsmn_long-128-warm,700,172,1417216,8192,544,1190,578,53216164,53521132,0
H2E-victim-long,jsmn_long-128-warm,700,173,1425408,8192,681,1483,718,53521227,53785210,0
H2E-victim-long,jsmn_long-128-warm,700,174,1433600,8192,452,988,479,53785305,54101584,0
H2E-victim-long,jsmn_long-128-warm,700,175,1441792,8192,740,1610,782,54101587,54363353,0
H2E-victim-long,jsmn_long-128-warm,700,176,1449984,8192,580,1256,609,54363356,54646894,0
H2E-victim-long,jsmn_long-128-warm,700,177,1458176,8192,589,1287,625,54646895,54941506,0
H2E-victim-long,jsmn_long-128-warm,700,178,1466368,8192,660,1438,695,54941601,55212621,0
H2E-victim-long,jsmn_long-128-warm,700,179,1474560,8192,490,1072,522,55212622,55526119,0
H2E-victim-long,jsmn_long-128-warm,700,180,1482752,8192,719,1546,754,55526222,55788435,0
H2E-victim-long,jsmn_long-128-warm,700,181,1490944,8192,508,1103,534,55788530,56080011,0
H2E-victim-long,jsmn_long-128-warm,700,182,1499136,8192,669,1465,711,56080016,56360372,0
H2E-victim-long,jsmn_long-128-warm,700,183,1507328,8192,620,1351,654,56360467,56637641,0
H2E-victim-long,jsmn_long-128-warm,700,184,1515520,8192,541,1182,574,56637643,56941734,0
H2E-victim-long,jsmn_long-128-warm,700,185,1523712,8192,681,1483,718,56941829,57206301,0
H2E-victim-long,jsmn_long-128-warm,700,186,1531904,8192,448,979,474,57206396,57515862,0
H2E-victim-long,jsmn_long-128-warm,700,187,1540096,8192,729,1589,771,57515865,57779235,0
H2E-victim-long,jsmn_long-128-warm,700,188,1548288,8192,586,1274,617,57779330,58066016,0
H2E-victim-long,jsmn_long-128-warm,700,189,1556480,8192,591,1294,628,58066019,58359441,0
H2E-victim-long,jsmn_long-128-warm,700,190,1564672,8192,649,1413,684,58359536,58628475,0
H2E-victim-long,jsmn_long-128-warm,700,191,1572864,8192,503,1090,531,58628570,58942267,0
H2E-victim-long,jsmn_long-128-warm,700,192,1581056,8192,706,1543,746,58942362,59201373,0
H2E-victim-long,jsmn_long-128-warm,700,193,1589248,8192,499,1081,524,59201374,59499417,0
H2E-victim-long,jsmn_long-128-warm,700,194,1597440,8192,666,1452,705,59499418,59769906,0
H2E-victim-long,jsmn_long-128-warm,700,195,1605632,8192,623,1361,659,59769912,60053661,0
H2E-victim-long,jsmn_long-128-warm,700,196,1613824,8192,541,1182,574,60053663,60358431,0
H2E-victim-long,jsmn_long-128-warm,700,197,1622016,8192,687,1488,723,60358526,60618558,0
H2E-victim-long,jsmn_long-128-warm,700,198,1630208,8192,464,1014,491,60618653,60928365,0
H2E-victim-long,jsmn_long-128-warm,700,199,1638400,8192,720,1559,758,60928459,61183002,0
H2E-victim-long,jsmn_long-128-warm,700,200,1646592,8192,569,1238,599,61183097,61465049,0
H2E-victim-long,jsmn_long-128-warm,700,201,1654784,8192,608,1330,646,61465144,61754549,0
H2E-victim-long,jsmn_long-128-warm,700,202,1662976,8192,639,1391,674,61754644,62019818,0
H2E-victim-long,jsmn_long-128-warm,700,203,1671168,8192,506,1107,537,62019822,62326147,0
H2E-victim-long,jsmn_long-128-warm,700,204,1679360,8192,707,1543,746,62326242,62586100,0
H2E-victim-long,jsmn_long-128-warm,700,205,1687552,8192,469,1016,493,62586104,62885611,0
H2E-victim-long,jsmn_long-128-warm,700,206,1695744,8192,705,1532,745,62885615,63146810,0
H2E-victim-long,jsmn_long-128-warm,700,207,1703936,8192,588,1281,620,63146905,63419155,0
H2E-victim-long,jsmn_long-128-warm,700,208,1712128,8192,557,1217,591,63419157,63709952,0
H2E-victim-long,jsmn_long-128-warm,700,209,1720320,8192,670,1459,707,63710047,63976823,0
H2E-victim-long,jsmn_long-128-warm,700,210,1728512,8192,491,1074,521,63976831,64288504,0
H2E-victim-long,jsmn_long-128-warm,700,211,1736704,8192,707,1543,746,64288604,64542308,0
H2E-victim-long,jsmn_long-128-warm,700,212,1744896,8192,549,1191,578,64542309,64832250,0
H2E-victim-long,jsmn_long-128-warm,700,213,1753088,8192,618,1352,656,64832254,65113427,0
H2E-victim-long,jsmn_long-128-warm,700,214,1761280,8192,637,1387,672,65113522,65380789,0
H2E-victim-long,jsmn_long-128-warm,700,215,1769472,8192,524,1146,556,65380984,65685535,0
H2E-victim-long,jsmn_long-128-warm,700,216,1777664,8192,686,1495,724,65685630,65943594,0
H2E-victim-long,jsmn_long-128-warm,700,217,1785828,8164,432,942,457,65943697,66254312,1
H2E-victim-long,miniz_long-128-cold,700,0,8192,8192,326,187,337,3277,285565,0
H2E-victim-long,miniz_long-128-cold,700,1,16384,8192,1215,2019,1301,285568,550188,0
H2E-victim-long,miniz_long-128-cold,700,2,24576,8192,483,479,502,550194,827078,0
H2E-victim-long,miniz_long-128-cold,700,3,32768,8192,1019,1512,1081,827179,1080191,0
H2E-victim-long,miniz_long-128-cold,700,4,40960,8192,675,1000,717,1080192,1339264,0
H2E-victim-long,miniz_long-128-cold,700,5,49152,8192,778,1019,849,1339365,1636968,0
H2E-victim-long,miniz_long-128-cold,700,6,57344,8192,909,1493,981,1636973,1897613,0
H2E-victim-long,miniz_long-128-cold,700,7,65536,8192,567,533,595,1897616,2177957,0
H2E-victim-long,miniz_long-128-cold,700,8,73728,8192,1211,2106,1292,2177960,2462418,0
H2E-victim-long,miniz_long-128-cold,700,9,81920,8192,309,42,306,2462421,2707694,0
H2E-victim-long,miniz_long-128-cold,700,10,90112,8192,1475,2561,1589,2707696,3018145,0
H2E-victim-long,miniz_long-128-cold,700,11,98304,8192,257,31,249,3018150,3245855,0
H2E-victim-long,miniz_long-128-cold,700,12,106496,8192,1315,2423,1429,3245959,3566370,0
H2E-victim-long,miniz_long-128-cold,700,13,114688,8192,274,116,285,3566373,3782535,0
H2E-victim-long,miniz_long-128-cold,700,14,122880,8192,1455,2413,1544,3782636,4101321,0
H2E-victim-long,miniz_long-128-cold,700,15,131072,8192,262,135,278,4101422,4336834,0
H2E-victim-long,miniz_long-128-cold,700,16,139264,8192,1481,2439,1576,4336837,4640700,0
H2E-victim-long,miniz_long-128-cold,700,17,147456,8192,293,136,316,4640703,4917161,0
H2E-victim-long,miniz_long-128-cold,700,18,155648,8192,1534,2413,1633,4917164,5220501,0
H2E-victim-long,miniz_long-128-cold,700,19,163840,8192,295,143,319,5220504,5484327,0
H2E-victim-long,miniz_long-128-cold,700,20,172032,8192,1534,2428,1584,5484330,5786234,0
H2E-victim-long,miniz_long-128-cold,700,21,180224,8192,308,164,322,5786578,6063310,0
H2E-victim-long,miniz_long-128-cold,700,22,188416,8192,1253,1988,1331,6063313,6331279,0
H2E-victim-long,miniz_long-128-cold,700,23,196608,8192,556,625,590,6331293,6624161,0
H2E-victim-long,miniz_long-128-cold,700,24,204800,8192,929,1272,996,6624262,6898142,0
H2E-victim-long,miniz_long-128-cold,700,25,212992,8192,851,1318,902,6898345,7164467,0
H2E-victim-long,miniz_long-128-cold,700,26,221184,8192,628,557,671,7164470,7449441,0
H2E-victim-long,miniz_long-128-cold,700,27,229376,8192,1221,1978,1292,7449447,7738628,0
H2E-victim-long,miniz_long-128-cold,700,28,237568,8192,318,28,324,7738631,7974817,0
H2E-victim-long,miniz_long-128-cold,700,29,245760,8192,1482,2608,1624,7974918,8277289,0
H2E-victim-long,miniz_long-128-cold,700,30,253952,8192,214,35,206,8277297,8494034,0
H2E-victim-long,miniz_long-128-cold,700,31,262144,8192,1448,2385,1539,8494135,8815434,0
H2E-victim-long,miniz_long-128-cold,700,32,270336,8192,263,141,292,8815535,9020958,0
H2E-victim-long,miniz_long-128-cold,700,33,278528,8192,1553,2507,1634,9020969,9327292,0
H2E-victim-long,miniz_long-128-cold,700,34,286720,8192,281,127,305,9327295,9603746,0
H2E-victim-long,miniz_long-128-cold,700,35,294912,8192,1565,2530,1651,9603749,9914355,0
H2E-victim-long,miniz_long-128-cold,700,36,303104,8192,302,152,320,9914454,10203483,0
H2E-victim-long,miniz_long-128-cold,700,37,311296,8192,1577,2445,1636,10203486,10509316,0
H2E-victim-long,miniz_long-128-cold,700,38,319488,8192,305,145,317,10509323,10785465,0
H2E-victim-long,miniz_long-128-cold,700,39,327680,8192,1278,1958,1355,10785468,11055418,0
H2E-victim-long,miniz_long-128-cold,700,40,335872,8192,605,693,617,11055525,11334269,0
H2E-victim-long,miniz_long-128-cold,700,41,344064,8192,924,1267,964,11334274,11608813,0
H2E-victim-long,miniz_long-128-cold,700,42,352256,8192,880,1380,930,11608829,11878912,0
H2E-victim-long,miniz_long-128-cold,700,43,360448,8192,607,587,632,11878915,12178629,0
H2E-victim-long,miniz_long-128-cold,700,44,368640,8192,1230,2021,1303,12178632,12474508,0
H2E-victim-long,miniz_long-128-cold,700,45,376832,8192,320,42,313,12474511,12744324,0
H2E-victim-long,miniz_long-128-cold,700,46,385024,8192,1572,2640,1692,12744426,13053813,0
H2E-victim-long,miniz_long-128-cold,700,47,393216,8192,222,31,212,13053818,13268989,0
H2E-victim-long,miniz_long-128-cold,700,48,401408,8192,1478,2469,1566,13269090,13600034,0
H2E-victim-long,miniz_long-128-cold,700,49,409600,8192,269,128,289,13600039,13814443,0
H2E-victim-long,miniz_long-128-cold,700,50,417792,8192,1490,2434,1606,13814454,14119320,0
H2E-victim-long,miniz_long-128-cold,700,51,425984,8192,301,144,326,14119323,14395404,0
H2E-victim-long,miniz_long-128-cold,700,52,434176,8192,1535,2539,1634,14395407,14701794,0
H2E-victim-long,miniz_long-128-cold,700,53,442368,8192,314,169,344,14701797,14966607,0
H2E-victim-long,miniz_long-128-cold,700,54,450560,8192,1523,2414,1628,14966610,15254045,0
H2E-victim-long,miniz_long-128-cold,700,55,458752,8192,375,197,378,15254138,15547378,0
H2E-victim-long,miniz_long-128-cold,700,56,466944,8192,1135,1619,1211,15547381,15804467,0
H2E-victim-long,miniz_long-128-cold,700,57,475136,8192,731,1040,764,15804473,16072036,0
H2E-victim-long,miniz_long-128-cold,700,58,483328,8192,808,855,823,16072142,16361002,0
H2E-victim-long,miniz_long-128-cold,700,59,491520,8192,1098,1769,1152,16361102,16634255,0
H2E-victim-long,miniz_long-128-cold,700,60,499712,8192,427,260,444,16634258,16919163,0
H2E-victim-long,miniz_long-128-cold,700,61,507904,8192,1351,2324,1463,16919361,17210205,0
H2E-victim-long,miniz_long-128-cold,700,62,516096,8192,291,28,277,17210208,17448357,0
H2E-victim-long,miniz_long-128-cold,700,63,524288,8192,1441,2536,1541,17448360,17785451,0
H2E-victim-long,miniz_long-128-cold,700,64,532480,8192,255,86,263,17785561,17989493,0
H2E-victim-long,miniz_long-128-cold,700,65,540672,8192,1488,2525,1567,17989503,18302381,0
H2E-victim-long,miniz_long-128-cold,700,66,548864,8192,272,131,290,18302482,18550490,0
H2E-victim-long,miniz_long-128-cold,700,67,557056,8192,1566,2494,1651,18550493,18860564,0
H2E-victim-long,miniz_long-128-cold,700,68,565248,8192,299,136,311,18860567,19136217,0
H2E-victim-long,miniz_long-128-cold,700,69,573440,8192,1536,2526,1639,19136316,19437289,0
H2E-victim-long,miniz_long-128-cold,700,70,581632,8192,298,136,314,19437292,19724845,0
H2E-victim-long,miniz_long-128-cold,700,71,589824,8192,1389,2160,1472,19724848,20002635,0
H2E-victim-long,miniz_long-128-cold,700,72,598016,8192,507,533,529,20002636,20285218,0
H2E-victim-long,miniz_long-128-cold,700,73,606208,8192,1016,1388,1065,20285319,20557408,0
H2E-victim-long,miniz_long-128-cold,700,74,614400,8192,861,1358,913,20557515,20827742,0
H2E-victim-long,miniz_long-128-cold,700,75,622592,8192,602,517,630,20827745,21099350,0
H2E-victim-long,miniz_long-128-cold,700,76,630784,8192,1265,2117,1344,21099453,21390317,0
H2E-victim-long,miniz_long-128-cold,700,77,638976,8192,291,28,288,21390320,21643618,0
H2E-victim-long,miniz_long-128-cold,700,78,647168,8192,1564,2634,1676,21643719,21985116,0
H2E-victim-long,miniz_long-128-cold,700,79,655360,8192,241,65,250,21985119,22185401,0
H2E-victim-long,miniz_long-128-cold,700,80,663552,8192,1558,2587,1656,22185502,22485355,0
H2E-victim-long,miniz_long-128-cold,700,81,671744,8192,287,136,314,22485456,22765581,0
H2E-victim-long,miniz_long-128-cold,700,82,679936,8192,1622,2593,1720,22765584,23082791,0
H2E-victim-long,miniz_long-128-cold,700,83,688128,8192,311,118,325,23082794,23359391,0
H2E-victim-long,miniz_long-128-cold,700,84,696320,8192,1565,2431,1671,23359394,23657582,0
H2E-victim-long,miniz_long-128-cold,700,85,704512,8192,373,187,370,23657700,23938329,0
H2E-victim-long,miniz_long-128-cold,700,86,712704,8192,1135,1664,1214,23938332,24195298,0
H2E-victim-long,miniz_long-128-cold,700,87,720896,8192,785,1076,839,24195303,24451950,0
H2E-victim-long,miniz_long-128-cold,700,88,729088,8192,724,731,759,24451953,24760128,0
H2E-victim-long,miniz_long-128-cold,700,89,737280,8192,1205,1960,1262,24760134,25041855,0
H2E-victim-long,miniz_long-128-cold,700,90,745472,8192,345,64,337,25041858,25316268,0
H2E-victim-long,miniz_long-128-cold,700,91,753664,8192,1620,2556,1711,25316272,25628265,0
H2E-victim-long,miniz_long-128-cold,700,92,761856,8192,225,31,216,25628270,25840848,0
H2E-victim-long,miniz_long-128-cold,700,93,770048,8192,1489,2501,1574,25840949,26169513,0
H2E-victim-long,miniz_long-128-cold,700,94,778240,8192,277,131,298,26169614,26391087,0
H2E-victim-long,miniz_long-128-cold,700,95,786432,8192,1559,2467,1661,26391098,26702279,0
H2E-victim-long,miniz_long-128-cold,700,96,794624,8192,335,160,348,26702282,26980459,0
H2E-victim-long,miniz_long-128-cold,700,97,802816,8192,1649,2484,1735,26980462,27295190,0
H2E-victim-long,miniz_long-128-cold,700,98,811008,8192,303,142,326,27295193,27558876,0
H2E-victim-long,miniz_long-128-cold,700,99,819200,8192,1291,1982,1377,27558879,27825839,0
H2E-victim-long,miniz_long-128-cold,700,100,827392,8192,622,752,646,27825854,28099421,0
H2E-victim-long,miniz_long-128-cold,700,101,835584,8192,850,998,919,28099522,28378149,0
H2E-victim-long,miniz_long-128-cold,700,102,843776,8192,1032,1666,1091,28378159,28656983,0
H2E-victim-long,miniz_long-128-cold,700,103,851968,8192,472,324,484,28657082,28944083,0
H2E-victim-long,miniz_long-128-cold,700,104,860160,8192,1441,2379,1571,28944194,29266636,0
H2E-victim-long,miniz_long-128-cold,700,105,868352,8192,264,28,254,29266639,29502408,0
H2E-victim-long,miniz_long-128-cold,700,106,876544,8192,1452,2474,1519,29502414,29814758,0
H2E-victim-long,miniz_long-128-cold,700,107,884736,8192,294,165,320,29814859,30022834,0
H2E-victim-long,miniz_long-128-cold,700,108,892928,8192,1635,2529,1692,30022841,30329591,0
H2E-victim-long,miniz_long-128-cold,700,109,901120,8192,296,129,312,30329594,30605680,0
H2E-victim-long,miniz_long-128-cold,700,110,909312,8192,1654,2586,1709,30605683,30922139,0
H2E-victim-long,miniz_long-128-cold,700,111,917504,8192,290,135,322,30922142,31198589,0
H2E-victim-long,miniz_long-128-cold,700,112,925696,8192,1428,2200,1500,31198592,31477794,0
H2E-victim-long,miniz_long-128-cold,700,113,933888,8192,506,467,516,31477806,31773649,0
H2E-victim-long,miniz_long-128-cold,700,114,942080,8192,986,1310,1035,31773750,32043548,0
H2E-victim-long,miniz_long-128-cold,700,115,950272,8192,936,1348,986,32043648,32317122,0
H2E-victim-long,miniz_long-128-cold,700,116,958464,8192,599,441,612,32317125,32608114,0
H2E-victim-long,miniz_long-128-cold,700,117,966656,8192,1434,2291,1502,32608123,32908909,0
H2E-victim-long,miniz_long-128-cold,700,118,974848,8192,289,28,281,32908912,33146755,0
H2E-victim-long,miniz_long-128-cold,700,119,983040,8192,1479,2587,1583,33146858,33476626,0
H2E-victim-long,miniz_long-128-cold,700,120,991232,8192,273,151,291,33476727,33687417,0
H2E-victim-long,miniz_long-128-cold,700,121,999424,8192,1591,2498,1688,33687420,33998771,0
H2E-victim-long,miniz_long-128-cold,700,122,1007616,8192,318,146,338,33998774,34290108,0
H2E-victim-long,miniz_long-128-cold,700,123,1015808,8192,1672,2597,1795,34290111,34608707,0
H2E-victim-long,miniz_long-128-cold,700,124,1024000,8192,328,143,341,34608710,34898154,0
H2E-victim-long,miniz_long-128-cold,700,125,1032192,8192,1315,2021,1403,34898157,35167897,0
H2E-victim-long,miniz_long-128-cold,700,126,1040384,8192,596,680,620,35168009,35443893,0
H2E-victim-long,miniz_long-128-cold,700,127,1048576,8192,866,1151,929,35443898,35720619,0
H2E-victim-long,miniz_long-128-cold,700,128,1056768,8192,1049,1556,1097,35720626,35990102,0
H2E-victim-long,miniz_long-128-cold,700,129,1064960,8192,476,218,490,35990105,36275620,0
H2E-victim-long,miniz_long-128-cold,700,130,1073152,8192,1473,2493,1579,36275719,36596941,0
H2E-victim-long,miniz_long-128-cold,700,131,1081344,8192,277,31,263,36596946,36821750,0
H2E-victim-long,miniz_long-128-cold,700,132,1089536,8192,1500,2612,1592,36821851,37133766,0
H2E-victim-long,miniz_long-128-cold,700,133,1097728,8192,279,133,301,37133867,37360108,0
H2E-victim-long,miniz_long-128-cold,700,134,1105920,8192,1707,2613,1802,37360111,37674669,0
H2E-victim-long,miniz_long-128-cold,700,135,1114112,8192,293,128,312,37674672,37950353,0
H2E-victim-long,miniz_long-128-cold,700,136,1122304,8192,1608,2508,1690,37950356,38260451,0
H2E-victim-long,miniz_long-128-cold,700,137,1130496,8192,329,160,343,38260454,38540919,0
H2E-victim-long,miniz_long-128-cold,700,138,1138688,8192,1211,1810,1276,38540922,38802616,0
H2E-victim-long,miniz_long-128-cold,700,139,1146880,8192,642,803,676,38802628,39073992,0
H2E-victim-long,miniz_long-128-cold,700,140,1155072,8192,855,994,910,39074096,39356021,0
H2E-victim-long,miniz_long-128-cold,700,141,1163264,8192,1050,1661,1125,39356135,39626014,0
H2E-victim-long,miniz_long-128-cold,700,142,1171456,8192,441,242,454,39626017,39908488,0
H2E-victim-long,miniz_long-128-cold,700,143,1179648,8192,1501,2444,1592,39908492,40227129,0
H2E-victim-long,miniz_long-128-cold,700,144,1187840,8192,275,28,263,40227132,40452745,0
H2E-victim-long,miniz_long-128-cold,700,145,1196032,8192,1563,2610,1650,40452751,40764601,0
H2E-victim-long,miniz_long-128-cold,700,146,1204224,8192,256,124,279,40764702,40976443,0
H2E-victim-long,miniz_long-128-cold,700,147,1212416,8192,1659,2531,1754,40976454,41297644,0
H2E-victim-long,miniz_long-128-cold,700,148,1220608,8192,300,136,316,41297647,41549195,0
H2E-victim-long,miniz_long-128-cold,700,149,1228800,8192,1657,2638,1735,41549198,41860407,0
H2E-victim-long,miniz_long-128-cold,700,150,1236992,8192,368,199,384,41860410,42154275,0
H2E-victim-long,miniz_long-128-cold,700,151,1245184,8192,1147,1719,1242,42154374,42413911,0
H2E-victim-long,miniz_long-128-cold,700,152,1253376,8192,749,1030,801,42413917,42675970,0
H2E-victim-long,miniz_long-128-cold,700,153,1261568,8192,727,664,763,42675973,42979196,0
H2E-victim-long,miniz_long-128-cold,700,154,1269760,8192,1300,1962,1334,42979202,43265700,0
H2E-victim-long,miniz_long-128-cold,700,155,1277952,8192,330,28,323,43265703,43524405,0
H2E-victim-long,miniz_long-128-cold,700,156,1286144,8192,1523,2588,1632,43524506,43845365,0
H2E-victim-long,miniz_long-128-cold,700,157,1294336,8192,241,97,259,43845468,44046752,0
H2E-victim-long,miniz_long-128-cold,700,158,1302528,8192,1576,2541,1653,44046853,44348000,0
H2E-victim-long,miniz_long-128-cold,700,159,1310720,8192,319,142,349,44348101,44603152,0
H2E-victim-long,miniz_long-128-cold,700,160,1318912,8192,1643,2554,1761,44603155,44905770,0
H2E-victim-long,miniz_long-128-cold,700,161,1327104,8192,321,169,335,44905773,45195407,0
H2E-victim-long,miniz_long-128-cold,700,162,1335296,8192,1458,2295,1543,45195410,45480260,0
H2E-victim-long,miniz_long-128-cold,700,163,1343488,8192,427,326,436,45480263,45791901,0
H2E-victim-long,miniz_long-128-cold,700,164,1351680,8192,1069,1477,1128,45791908,46045633,0
H2E-victim-long,miniz_long-128-cold,700,165,1359872,8192,860,1240,903,46045639,46310784,0
H2E-victim-long,miniz_long-128-cold,700,166,1368064,8192,652,550,669,46310787,46610687,0
H2E-victim-long,miniz_long-128-cold,700,167,1376256,8192,1308,2082,1378,46610693,46898721,0
H2E-victim-long,miniz_long-128-cold,700,168,1384448,8192,301,28,292,46898724,47153081,0
H2E-victim-long,miniz_long-128-cold,700,169,1392640,8192,1475,2546,1626,47153182,47490560,0
H2E-victim-long,miniz_long-128-cold,700,170,1400832,8192,227,64,235,47490566,47695766,0
H2E-victim-long,miniz_long-128-cold,700,171,1409024,8192,1576,2559,1661,47695870,47996335,0
H2E-victim-long,miniz_long-128-cold,700,172,1417216,8192,292,141,311,47996436,48261534,0
H2E-victim-long,miniz_long-128-cold,700,173,1425408,8192,1720,2634,1831,48261537,48578821,0
H2E-victim-long,miniz_long-128-cold,700,174,1433600,8192,310,142,322,48578824,48867299,0
H2E-victim-long,miniz_long-128-cold,700,175,1441792,8192,1507,2312,1607,48867302,49152285,0
H2E-victim-long,miniz_long-128-cold,700,176,1449984,8192,435,384,461,49152286,49420931,0
H2E-victim-long,miniz_long-128-cold,700,177,1458176,8192,1044,1388,1115,49420936,49681648,0
H2E-victim-long,miniz_long-128-cold,700,178,1466368,8192,937,1370,974,49681650,49957495,0
H2E-victim-long,miniz_long-128-cold,700,179,1474560,8192,586,421,616,49957498,50250572,0
H2E-victim-long,miniz_long-128-cold,700,180,1482752,8192,1376,2293,1472,50250578,50562072,0
H2E-victim-long,miniz_long-128-cold,700,181,1490944,8192,300,28,289,50562075,50799966,0
H2E-victim-long,miniz_long-128-cold,700,182,1499136,8192,1517,2538,1605,50799969,51127916,0
H2E-victim-long,miniz_long-128-cold,700,183,1507328,8192,264,132,292,51128017,51342873,0
H2E-victim-long,miniz_long-128-cold,700,184,1515520,8192,1656,2619,1758,51342876,51654799,0
H2E-victim-long,miniz_long-128-cold,700,185,1523712,8192,327,151,338,51654802,51932333,0
H2E-victim-long,miniz_long-128-cold,700,186,1531904,8192,1618,2549,1721,51932336,52246555,0
H2E-victim-long,miniz_long-128-cold,700,187,1540096,8192,318,135,326,52246558,52523479,0
H2E-victim-long,miniz_long-128-cold,700,188,1548288,8192,1367,1961,1434,52523482,52797159,0
H2E-victim-long,miniz_long-128-cold,700,189,1556480,8192,641,828,665,52797163,53062742,0
H2E-victim-long,miniz_long-128-cold,700,190,1564672,8192,853,959,898,53062843,53349706,0
H2E-victim-long,miniz_long-128-cold,700,191,1572864,8192,1168,1716,1229,53349904,53627473,0
H2E-victim-long,miniz_long-128-cold,700,192,1581056,8192,369,82,364,53627476,53903750,0
H2E-victim-long,miniz_long-128-cold,700,193,1589248,8192,1563,2558,1659,53903755,54215944,0
H2E-victim-long,miniz_long-128-cold,700,194,1597440,8192,218,31,213,54215949,54423740,0
H2E-victim-long,miniz_long-128-cold,700,195,1605632,8192,1592,2783,1690,54423841,54720015,0
H2E-victim-long,miniz_long-128-cold,700,196,1613824,8192,274,131,303,54720116,54981523,0
H2E-victim-long,miniz_long-128-cold,700,197,1622016,8192,1711,2686,1769,54981526,55300567,0
H2E-victim-long,miniz_long-128-cold,700,198,1630208,8192,304,143,323,55300570,55564343,0
H2E-victim-long,miniz_long-128-cold,700,199,1638400,8192,1629,2464,1717,55564346,55859073,0
H2E-victim-long,miniz_long-128-cold,700,200,1646592,8192,410,268,411,55859185,56160630,0
H2E-victim-long,miniz_long-128-cold,700,201,1654784,8192,1069,1472,1150,56160633,56410621,0
H2E-victim-long,miniz_long-128-cold,700,202,1662976,8192,860,1287,900,56410625,56678657,0
H2E-victim-long,miniz_long-128-cold,700,203,1671168,8192,625,543,655,56678660,56977924,0
H2E-victim-long,miniz_long-128-cold,700,204,1679360,8192,1379,2188,1444,56978026,57284366,0
H2E-victim-long,miniz_long-128-cold,700,205,1687552,8192,309,28,304,57284369,57524816,0
H2E-victim-long,miniz_long-128-cold,700,206,1695744,8192,1507,2513,1599,57524823,57869871,0
H2E-victim-long,miniz_long-128-cold,700,207,1703936,8192,279,129,306,57869981,58071419,0
H2E-victim-long,miniz_long-128-cold,700,208,1712128,8192,1585,2575,1691,58071425,58367871,0
H2E-victim-long,miniz_long-128-cold,700,209,1720320,8192,317,138,332,58367874,58658140,0
H2E-victim-long,miniz_long-128-cold,700,210,1728512,8192,1564,2509,1676,58658239,58974077,0
H2E-victim-long,miniz_long-128-cold,700,211,1736704,8192,300,118,309,58974176,59262103,0
H2E-victim-long,miniz_long-128-cold,700,212,1744896,8192,1443,2276,1552,59262106,59542653,0
H2E-victim-long,miniz_long-128-cold,700,213,1753088,8192,490,504,523,59542664,59819228,0
H2E-victim-long,miniz_long-128-cold,700,214,1761280,8192,992,1309,1047,59819329,60086848,0
H2E-victim-long,miniz_long-128-cold,700,215,1769472,8192,941,1455,1015,60086852,60362178,0
H2E-victim-long,miniz_long-128-cold,700,216,1777664,8192,576,384,585,60362181,60652258,0
H2E-victim-long,miniz_long-128-cold,700,217,1785856,8192,1439,2444,1559,60652267,60962237,0
H2E-victim-long,miniz_long-128-cold,700,218,1794048,8192,262,28,248,60962240,61198400,0
H2E-victim-long,miniz_long-128-cold,700,219,1802240,8192,1534,2546,1614,61198501,61512501,0
H2E-victim-long,miniz_long-128-cold,700,220,1810432,8192,266,134,287,61512602,61735777,0
H2E-victim-long,miniz_long-128-cold,700,221,1818624,8192,1687,2617,1781,61735788,62052991,0
H2E-victim-long,miniz_long-128-cold,700,222,1826816,8192,308,127,317,62052994,62341243,0
H2E-victim-long,miniz_long-128-cold,700,223,1835008,8192,1698,2630,1770,62341246,62659422,0
H2E-victim-long,miniz_long-128-cold,700,224,1843200,8192,299,117,309,62659425,62947944,0
H2E-victim-long,miniz_long-128-cold,700,225,1851392,8192,1242,1833,1326,62947947,63215917,0
H2E-victim-long,miniz_long-128-cold,700,226,1859584,8192,710,898,739,63216121,63486321,0
H2E-victim-long,miniz_long-128-cold,700,227,1867776,8192,801,883,840,63486422,63780052,0
H2E-victim-long,miniz_long-128-cold,700,228,1875968,8192,1149,1817,1203,63780055,64066247,0
H2E-victim-long,miniz_long-128-cold,700,229,1884160,8192,384,113,380,64066250,64343880,0
H2E-victim-long,miniz_long-128-cold,700,230,1892352,8192,1604,2635,1687,64343881,64666991,0
H2E-victim-long,miniz_long-128-cold,700,231,1900544,8192,228,35,223,64666997,64880112,0
H2E-victim-long,miniz_long-128-cold,700,232,1908736,8192,1630,2686,1692,64880213,65181382,0
H2E-victim-long,miniz_long-128-cold,700,233,1916928,8192,280,124,302,65181485,65453093,0
H2E-victim-long,miniz_long-128-cold,700,234,1925120,8192,1730,2483,1811,65453096,65770466,0
H2E-victim-long,miniz_long-128-cold,700,235,1933312,8192,320,136,330,65770469,66048178,0
H2E-victim-long,miniz_long-128-cold,700,236,1941504,8192,1492,2294,1597,66048181,66333795,0
H2E-victim-long,miniz_long-128-cold,700,237,1949696,8192,470,354,476,66333799,66626585,0
H2E-victim-long,miniz_long-128-cold,700,238,1957888,8192,1037,1356,1095,66626686,66888072,0
H2E-victim-long,miniz_long-128-cold,700,239,1966080,8192,973,1411,1037,66888080,67152640,0
H2E-victim-long,miniz_long-128-cold,700,240,1974272,8192,512,266,524,67152643,67441324,0
H2E-victim-long,miniz_long-128-cold,700,241,1982464,8192,1483,2369,1568,67441328,67744461,0
H2E-victim-long,miniz_long-128-cold,700,242,1990656,8192,273,28,253,67744464,67974012,0
H2E-victim-long,miniz_long-128-cold,700,243,1998848,8192,1491,2548,1580,67974113,68289272,0
H2E-victim-long,miniz_long-128-cold,700,244,2007040,8192,261,119,286,68289373,68505653,0
H2E-victim-long,miniz_long-128-cold,700,245,2015232,8192,1670,2607,1764,68505664,68817081,0
H2E-victim-long,miniz_long-128-cold,700,246,2023424,8192,326,168,340,68817084,69106674,0
H2E-victim-long,miniz_long-128-cold,700,247,2031616,8192,1677,2569,1769,69106677,69427202,0
H2E-victim-long,miniz_long-128-cold,700,248,2039808,8192,340,144,358,69427215,69707585,0
H2E-victim-long,miniz_long-128-cold,700,249,2048000,8192,1221,1631,1282,69707588,69966270,0
H2E-victim-long,miniz_long-128-cold,700,250,2056192,8192,827,1152,858,69966373,70230321,0
H2E-victim-long,miniz_long-128-cold,700,251,2064384,8192,746,707,744,70230324,70535873,0
H2E-victim-long,miniz_long-128-cold,700,252,2072576,8192,1258,2049,1333,70535972,70828362,0
H2E-victim-long,miniz_long-128-cold,700,253,2080768,8192,312,28,299,70828461,71078744,0
H2E-victim-long,miniz_long-128-cold,700,254,2088960,8192,1505,2577,1627,71078845,71400305,0
H2E-victim-long,miniz_long-128-cold,700,255,2097152,8192,287,142,305,71400886,71604370,0
H2E-victim-long,miniz_long-128-cold,700,256,2105344,8192,1645,2582,1734,71604471,71903838,0
H2E-victim-long,miniz_long-128-cold,700,257,2113536,8192,305,129,316,71903841,72194464,0
H2E-victim-long,miniz_long-128-cold,700,258,2121728,8192,1708,2607,1797,72194467,72510628,0
H2E-victim-long,miniz_long-128-cold,700,259,2129920,8192,328,134,338,72510631,72800535,0
H2E-victim-long,miniz_long-128-cold,700,260,2138112,8192,1305,2008,1408,72800538,73071340,0
H2E-victim-long,miniz_long-128-cold,700,261,2146304,8192,644,773,665,73071444,73341100,0
H2E-victim-long,miniz_long-128-cold,700,262,2154496,8192,874,1003,908,73341201,73621559,0
H2E-victim-long,miniz_long-128-cold,700,263,2162688,8192,1132,1805,1219,73621563,73913892,0
H2E-victim-long,miniz_long-128-cold,700,264,2170880,8192,363,42,356,73913895,74185952,0
H2E-victim-long,miniz_long-128-cold,700,265,2179072,8192,1588,2740,1669,74185956,74500063,0
H2E-victim-long,miniz_long-128-cold,700,266,2187264,8192,261,89,276,74500080,74698065,0
H2E-victim-long,miniz_long-128-cold,700,267,2195456,8192,1564,2432,1656,74698175,74992988,0
H2E-victim-long,miniz_long-128-cold,700,268,2203648,8192,310,150,343,74993089,75264139,0
H2E-victim-long,miniz_long-128-cold,700,269,2211840,8192,1774,2729,1877,75264142,75589506,0
H2E-victim-long,miniz_long-128-cold,700,270,2220032,8192,318,142,329,75589509,75878865,0
H2E-victim-long,miniz_long-128-cold,700,271,2228224,8192,1358,2052,1458,75878868,76154455,0
H2E-victim-long,miniz_long-128-cold,700,272,2236416,8192,630,697,652,76154472,76443531,0
H2E-victim-long,miniz_long-128-cold,700,273,2244608,8192,911,1064,953,76443632,76719620,0
H2E-victim-long,miniz_long-128-cold,700,274,2252800,8192,1094,1732,1167,76719626,77009629,0
H2E-victim-long,miniz_long-128-cold,700,275,2260992,8192,411,163,411,77009632,77277858,0
H2E-victim-long,miniz_long-128-cold,700,276,2269184,8192,1590,2592,1697,77277875,77586456,0
H2E-victim-long,miniz_long-128-cold,700,277,2277376,8192,228,35,222,77586561,77798146,0
H2E-victim-long,miniz_long-128-cold,700,278,2285568,8192,1610,2578,1696,77798153,78093652,0
H2E-victim-long,miniz_long-128-cold,700,279,2293760,8192,293,115,309,78093766,78354497,0
H2E-victim-long,miniz_long-128-cold,700,280,2301952,8192,1713,2704,1839,78354596,78676632,0
H2E-victim-long,miniz_long-128-cold,700,281,2310144,8192,336,161,354,78676635,78953077,0
H2E-victim-long,miniz_long-128-cold,700,282,2318336,8192,1435,2077,1501,78953080,79230582,0
H2E-victim-long,miniz_long-128-cold,700,283,2326528,8192,636,780,669,79230593,79512730,0
H2E-victim-long,miniz_long-128-cold,700,284,2334720,8192,839,989,896,79512826,79796214,0
H2E-victim-long,miniz_long-128-cold,700,285,2342912,8192,1088,1668,1141,79796232,80081690,0
H2E-victim-long,miniz_long-128-cold,700,286,2351104,8192,421,140,416,80081693,80360944,0
H2E-victim-long,miniz_long-128-cold,700,287,2359296,8192,1616,2566,1698,80360946,80672613,0
H2E-victim-long,miniz_long-128-cold,700,288,2367488,8192,233,35,222,80672624,80884097,0
H2E-victim-long,miniz_long-128-cold,700,289,2375680,8192,1626,2658,1711,80884107,81185900,0
H2E-victim-long,miniz_long-128-cold,700,290,2383872,8192,285,116,298,81186001,81459089,0
H2E-victim-long,miniz_long-128-cold,700,291,2392064,8192,1636,2483,1728,81459092,81774279,0
H2E-victim-long,miniz_long-128-cold,700,292,2400256,8192,308,110,315,81774282,82063622,0
H2E-victim-long,miniz_long-128-cold,700,293,2408448,8192,1586,2449,1705,82063625,82361444,0
H2E-victim-long,miniz_long-128-cold,700,294,2408740,292,64,94,58,82361447,82380098,1
H2E-victim-long,miniz_long-128-warm,700,0,8192,8192,331,169,345,4615856,4898501,0
H2E-victim-long,miniz_long-128-warm,700,1,16384,8192,1204,1851,1306,4898504,5158796,0
H2E-victim-long,miniz_long-128-warm,700,2,24576,8192,596,704,619,5158813,5426097,0
H2E-victim-long,miniz_long-128-warm,700,3,32768,8192,948,1195,977,5426198,5700251,0
H2E-victim-long,miniz_long-128-warm,700,4,40960,8192,854,1384,895,5700266,5954845,0
H2E-victim-long,miniz_long-128-warm,700,5,49152,8192,643,662,678,5954848,6255365,0
H2E-victim-long,miniz_long-128-warm,700,6,57344,8192,1183,1954,1258,6255371,6551548,0
H2E-victim-long,miniz_long-128-warm,700,7,65536,8192,339,90,338,6551551,6827838,0
H2E-victim-long,miniz_long-128-warm,700,8,73728,8192,1492,2510,1605,6827844,7144954,0
H2E-victim-long,miniz_long-128-warm,700,9,81920,8192,257,31,245,7144959,7373071,0
H2E-victim-long,miniz_long-128-warm,700,10,90112,8192,1402,2385,1490,7373077,7682172,0
H2E-victim-long,miniz_long-128-warm,700,11,98304,8192,277,147,306,7682179,7877766,0
H2E-victim-long,miniz_long-128-warm,700,12,106496,8192,1508,2494,1640,7877773,8168050,0
H2E-victim-long,miniz_long-128-warm,700,13,114688,8192,297,142,314,8168053,8430610,0
H2E-victim-long,miniz_long-128-warm,700,14,122880,8192,1532,2382,1627,8430613,8736471,0
H2E-victim-long,miniz_long-128-warm,700,15,131072,8192,299,151,325,8736474,8999299,0
H2E-victim-long,miniz_long-128-warm,700,16,139264,8192,1557,2510,1637,8999302,9309373,0
H2E-victim-long,miniz_long-128-warm,700,17,147456,8192,280,125,304,9309376,9585086,0
H2E-victim-long,miniz_long-128-warm,700,18,155648,8192,1256,1975,1349,9585089,9855192,0
H2E-victim-long,miniz_long-128-warm,700,19,163840,8192,586,706,599,9855193,10149927,0
H2E-victim-long,miniz_long-128-warm,700,20,172032,8192,931,1253,980,10149932,10424294,0
H2E-victim-long,miniz_long-128-warm,700,21,180224,8192,906,1324,934,10424396,10676714,0
H2E-victim-long,miniz_long-128-warm,700,22,188416,8192,678,675,699,10676717,10979135,0
H2E-victim-long,miniz_long-128-warm,700,23,196608,8192,1227,1979,1295,10979237,11262513,0
H2E-victim-long,miniz_long-128-warm,700,24,204800,8192,327,62,319,11262516,11535665,0
H2E-victim-long,miniz_long-128-warm,700,25,212992,8192,1523,2595,1613,11535863,11858121,0
H2E-victim-long,miniz_long-128-warm,700,26,221184,8192,225,31,215,11858217,12085188,0
H2E-victim-long,miniz_long-128-warm,700,27,229376,8192,1446,2441,1513,12085289,12418422,0
H2E-victim-long,miniz_long-128-warm,700,28,237568,8192,255,167,287,12418523,12627871,0
H2E-victim-long,miniz_long-128-warm,700,29,245760,8192,1579,2529,1672,12627878,12928479,0
H2E-victim-long,miniz_long-128-warm,700,30,253952,8192,305,146,328,12928482,13205419,0
H2E-victim-long,miniz_long-128-warm,700,31,262144,8192,1576,2466,1666,13205422,13516314,0
H2E-victim-long,miniz_long-128-warm,700,32,270336,8192,311,138,326,13516317,13793361,0
H2E-victim-long,miniz_long-128-warm,700,33,278528,8192,1494,2437,1609,13793364,14101401,0
H2E-victim-long,miniz_long-128-warm,700,34,286720,8192,300,142,325,14101404,14376840,0
H2E-victim-long,miniz_long-128-warm,700,35,294912,8192,1196,1971,1307,14376843,14640412,0
H2E-victim-long,miniz_long-128-warm,700,36,303104,8192,614,736,636,14640420,14904457,0
H2E-victim-long,miniz_long-128-warm,700,37,311296,8192,902,1104,949,14904558,15182088,0
H2E-victim-long,miniz_long-128-warm,700,38,319488,8192,964,1494,1026,15182089,15439029,0
H2E-victim-long,miniz_long-128-warm,700,39,327680,8192,534,406,563,15439032,15732113,0
H2E-victim-long,miniz_long-128-warm,700,40,335872,8192,1391,2256,1469,15732309,16043642,0
H2E-victim-long,miniz_long-128-warm,700,41,344064,8192,280,28,270,16043645,16272772,0
H2E-victim-long,miniz_long-128-warm,700,42,352256,8192,1551,2557,1605,16272779,16603799,0
H2E-victim-long,miniz_long-128-warm,700,43,360448,8192,241,80,253,16603893,16807254,0
H2E-victim-long,miniz_long-128-warm,700,44,368640,8192,1444,2443,1548,16807260,17128907,0
H2E-victim-long,miniz_long-128-warm,700,45,376832,8192,258,131,283,17129008,17357973,0
H2E-victim-long,miniz_long-128-warm,700,46,385024,8192,1547,2486,1642,17357976,17671487,0
H2E-victim-long,miniz_long-128-warm,700,47,393216,8192,295,134,306,17671490,17947050,0
H2E-victim-long,miniz_long-128-warm,700,48,401408,8192,1529,2524,1609,17947053,18256916,0
H2E-victim-long,miniz_long-128-warm,700,49,409600,8192,298,142,313,18256919,18531715,0
H2E-victim-long,miniz_long-128-warm,700,50,417792,8192,1408,2264,1504,18531718,18814386,0
H2E-victim-long,miniz_long-128-warm,700,51,425984,8192,455,365,456,18814391,19111841,0
H2E-victim-long,miniz_long-128-warm,700,52,434176,8192,1055,1608,1144,19111942,19362063,0
H2E-victim-long,miniz_long-128-warm,700,53,442368,8192,723,1054,759,19362069,19623591,0
H2E-victim-long,miniz_long-128-warm,700,54,450560,8192,783,889,816,19623692,19929724,0
H2E-victim-long,miniz_long-128-warm,700,55,458752,8192,1121,1794,1192,19929735,20205574,0
H2E-victim-long,miniz_long-128-warm,700,56,466944,8192,390,130,392,20205577,20483490,0
H2E-victim-long,miniz_long-128-warm,700,57,475136,8192,1535,2626,1629,20483493,20807089,0
H2E-victim-long,miniz_long-128-warm,700,58,483328,8192,242,31,234,20807094,21003579,0
H2E-victim-long,miniz_long-128-warm,700,59,491520,8192,1464,2517,1546,21003680,21326107,0
H2E-victim-long,miniz_long-128-warm,700,60,499712,8192,241,108,266,21326208,21540237,0
H2E-victim-long,miniz_long-128-warm,700,61,507904,8192,1590,2540,1688,21540248,21851062,0
H2E-victim-long,miniz_long-128-warm,700,62,516096,8192,314,158,340,21851065,22141858,0
H2E-victim-long,miniz_long-128-warm,700,63,524288,8192,1657,2585,1762,22141861,22457052,0
H2E-victim-long,miniz_long-128-warm,700,64,532480,8192,302,146,324,22457055,22746806,0
H2E-victim-long,miniz_long-128-warm,700,65,540672,8192,1340,2098,1426,22746809,23023473,0
H2E-victim-long,miniz_long-128-warm,700,66,548864,8192,569,612,595,23023476,23305835,0
H2E-victim-long,miniz_long-128-warm,700,67,557056,8192,927,1177,983,23305841,23577640,0
H2E-victim-long,miniz_long-128-warm,700,68,565248,8192,963,1428,1018,23577646,23854895,0
H2E-victim-long,miniz_long-128-warm,700,69,573440,8192,523,400,548,23854898,24121363,0
H2E-victim-long,miniz_long-128-warm,700,70,581632,8192,1469,2354,1569,24121369,24432914,0
H2E-victim-long,miniz_long-128-warm,700,71,589824,8192,274,28,268,24432917,24671612,0
H2E-victim-long,miniz_long-128-warm,700,72,598016,8192,1495,2558,1566,24671615,24993536,0
H2E-victim-long,miniz_long-128-warm,700,73,606208,8192,272,135,289,24993637,25198675,0
H2E-victim-long,miniz_long-128-warm,700,74,614400,8192,1626,2473,1694,25198785,25502314,0
H2E-victim-long,miniz_long-128-warm,700,75,622592,8192,308,140,324,25502317,25779867,0
H2E-victim-long,miniz_long-128-warm,700,76,630784,8192,1591,2498,1683,25779966,26094692,0
H2E-victim-long,miniz_long-128-warm,700,77,638976,8192,316,141,331,26094695,26371382,0
H2E-victim-long,miniz_long-128-warm,700,78,647168,8192,1461,2352,1577,26371385,26659799,0
H2E-victim-long,miniz_long-128-warm,700,79,655360,8192,437,278,435,26659804,26962614,0
H2E-victim-long,miniz_long-128-warm,700,80,663552,8192,1097,1473,1151,26962617,27213594,0
H2E-victim-long,miniz_long-128-warm,700,81,671744,8192,787,1137,846,27213596,27462866,0
H2E-victim-long,miniz_long-128-warm,700,82,679936,8192,691,715,736,27462869,27756045,0
H2E-victim-long,miniz_long-128-warm,700,83,688128,8192,1250,2022,1317,27756153,28039226,0
H2E-victim-long,miniz_long-128-warm,700,84,696320,8192,312,28,304,28039229,28300527,0
H2E-victim-long,miniz_long-128-warm,700,85,704512,8192,1556,2607,1670,28300628,28629308,0
H2E-victim-long,miniz_long-128-warm,700,86,712704,8192,213,70,224,28629515,28834374,0
H2E-victim-long,miniz_long-128-warm,700,87,720896,8192,1532,2560,1650,28834478,29147313,0
H2E-victim-long,miniz_long-128-warm,700,88,729088,8192,301,133,323,29147414,29414219,0
H2E-victim-long,miniz_long-128-warm,700,89,737280,8192,1585,2471,1657,29414222,29723283,0
H2E-victim-long,miniz_long-128-warm,700,90,745472,8192,335,169,358,29723286,29999879,0
H2E-victim-long,miniz_long-128-warm,700,91,753664,8192,1599,2495,1663,29999882,30300757,0
H2E-victim-long,miniz_long-128-warm,700,92,761856,8192,342,170,346,30300764,30587015,0
H2E-victim-long,miniz_long-128-warm,700,93,770048,8192,1176,1750,1238,30587018,30848371,0
H2E-victim-long,miniz_long-128-warm,700,94,778240,8192,716,970,746,30848374,31106407,0
H2E-victim-long,miniz_long-128-warm,700,95,786432,8192,788,904,827,31106508,31404838,0
H2E-victim-long,miniz_long-128-warm,700,96,794624,8192,1154,1753,1194,31404843,31693090,0
H2E-victim-long,miniz_long-128-warm,700,97,802816,8192,392,141,397,31693093,31970704,0
H2E-victim-long,miniz_long-128-warm,700,98,811008,8192,1572,2527,1664,31970806,32295484,0
H2E-victim-long,miniz_long-128-warm,700,99,819200,8192,249,31,235,32295489,32507594,0
H2E-victim-long,miniz_long-128-warm,700,100,827392,8192,1579,2601,1650,32507695,32817642,0
H2E-victim-long,miniz_long-128-warm,700,101,835584,8192,291,121,308,32817743,33056394,0
H2E-victim-long,miniz_long-128-warm,700,102,843776,8192,1631,2584,1744,33056397,33374169,0
H2E-victim-long,miniz_long-128-warm,700,103,851968,8192,317,155,329,33374172,33664360,0
H2E-victim-long,miniz_long-128-warm,700,104,860160,8192,1592,2502,1684,33664363,33979011,0
H2E-victim-long,miniz_long-128-warm,700,105,868352,8192,326,149,347,33979442,34271448,0
H2E-victim-long,miniz_long-128-warm,700,106,876544,8192,1195,1667,1276,34271451,34531324,0
H2E-victim-long,miniz_long-128-warm,700,107,884736,8192,731,1063,793,34531327,34791907,0
H2E-victim-long,miniz_long-128-warm,700,108,892928,8192,724,755,763,34791918,35096214,0
H2E-victim-long,miniz_long-128-warm,700,109,901120,8192,1209,1945,1281,35096225,35378231,0
H2E-victim-long,miniz_long-128-warm,700,110,909312,8192,324,28,311,35378234,35646215,0
H2E-victim-long,miniz_long-128-warm,700,111,917504,8192,1598,2660,1704,35646221,35963075,0
H2E-victim-long,miniz_long-128-warm,700,112,925696,8192,249,60,253,35963185,36162417,0
H2E-victim-long,miniz_long-128-warm,700,113,933888,8192,1534,2581,1634,36162423,36467115,0
H2E-victim-long,miniz_long-128-warm,700,114,942080,8192,294,123,314,36467216,36746320,0
H2E-victim-long,miniz_long-128-warm,700,115,950272,8192,1657,2609,1749,36746323,37064777,0
H2E-victim-long,miniz_long-128-warm,700,116,958464,8192,316,144,332,37064780,37341544,0
H2E-victim-long,miniz_long-128-warm,700,117,966656,8192,1506,2286,1603,37341547,37623795,0
H2E-victim-long,miniz_long-128-warm,700,118,974848,8192,483,454,501,37623897,37909502,0
H2E-victim-long,miniz_long-128-warm,700,119,983040,8192,995,1312,1053,37909603,38173774,0
H2E-victim-long,miniz_long-128-warm,700,120,991232,8192,883,1343,928,38173880,38432250,0
H2E-victim-long,miniz_long-128-warm,700,121,999424,8192,630,522,639,38432253,38729034,0
H2E-victim-long,miniz_long-128-warm,700,122,1007616,8192,1276,2094,1361,38729035,39034199,0
H2E-victim-long,miniz_long-128-warm,700,123,1015808,8192,321,28,317,39034202,39268019,0
H2E-victim-long,miniz_long-128-warm,700,124,1024000,8192,1523,2598,1636,39268120,39595632,0
H2E-victim-long,miniz_long-128-warm,700,125,1032192,8192,254,70,259,39595640,39796457,0
H2E-victim-long,miniz_long-128-warm,700,126,1040384,8192,1528,2519,1610,39796465,40101134,0
H2E-victim-long,miniz_long-128-warm,700,127,1048576,8192,321,157,350,40101235,40374710,0
H2E-victim-long,miniz_long-128-warm,700,128,1056768,8192,1713,2607,1800,40374713,40693600,0
H2E-victim-long,miniz_long-128-warm,700,129,1064960,8192,295,134,313,40693603,40956810,0
H2E-victim-long,miniz_long-128-warm,700,130,1073152,8192,1497,2289,1597,40956813,41249086,0
H2E-victim-long,miniz_long-128-warm,700,131,1081344,8192,454,378,465,41249089,41519489,0
H2E-victim-long,miniz_long-128-warm,700,132,1089536,8192,1049,1409,1095,41519590,41776127,0
H2E-victim-long,miniz_long-128-warm,700,133,1097728,8192,908,1415,965,41776133,42045685,0
H2E-victim-long,miniz_long-128-warm,700,134,1105920,8192,587,482,613,42045688,42340619,0
H2E-victim-long,miniz_long-128-warm,700,135,1114112,8192,1389,2281,1500,42340721,42657032,0
H2E-victim-long,miniz_long-128-warm,700,136,1122304,8192,288,28,277,42657035,42896468,0
H2E-victim-long,miniz_long-128-warm,700,137,1130496,8192,1549,2505,1606,42896474,43211970,0
H2E-victim-long,miniz_long-128-warm,700,138,1138688,8192,272,120,285,43211975,43417606,0
H2E-victim-long,miniz_long-128-warm,700,139,1146880,8192,1615,2515,1719,43417613,43728065,0
H2E-victim-long,miniz_long-128-warm,700,140,1155072,8192,312,163,335,43728068,44005699,0
H2E-victim-long,miniz_long-128-warm,700,141,1163264,8192,1645,2539,1731,44005702,44317833,0
H2E-victim-long,miniz_long-128-warm,700,142,1171456,8192,334,152,359,44317836,44584588,0
H2E-victim-long,miniz_long-128-warm,700,143,1179648,8192,1294,1896,1404,44584591,44841119,0
H2E-victim-long,miniz_long-128-warm,700,144,1187840,8192,643,826,665,44841120,45122616,0
H2E-victim-long,miniz_long-128-warm,700,145,1196032,8192,841,1065,890,45122712,45408149,0
H2E-victim-long,miniz_long-128-warm,700,146,1204224,8192,1009,1546,1061,45408253,45689316,0
H2E-victim-long,miniz_long-128-warm,700,147,1212416,8192,461,256,466,45689319,45974231,0
H2E-victim-long,miniz_long-128-warm,700,148,1220608,8192,1528,2471,1618,45974431,46290499,0
H2E-victim-long,miniz_long-128-warm,700,149,1228800,8192,252,31,243,46290504,46516658,0
H2E-victim-long,miniz_long-128-warm,700,150,1236992,8192,1541,2498,1599,46516759,46834104,0
H2E-victim-long,miniz_long-128-warm,700,151,1245184,8192,249,125,277,46834109,47049081,0
H2E-victim-long,miniz_long-128-warm,700,152,1253376,8192,1519,2471,1661,47049092,47357990,0
H2E-victim-long,miniz_long-128-warm,700,153,1261568,8192,299,138,313,47357993,47647057,0
H2E-victim-long,miniz_long-128-warm,700,154,1269760,8192,1658,2556,1751,47647060,47965421,0
H2E-victim-long,miniz_long-128-warm,700,155,1277952,8192,315,152,330,47965424,48242968,0
H2E-victim-long,miniz_long-128-warm,700,156,1286144,8192,1363,2013,1459,48242971,48515074,0
H2E-victim-long,miniz_long-128-warm,700,157,1294336,8192,634,762,663,48515176,48798764,0
H2E-victim-long,miniz_long-128-warm,700,158,1302528,8192,859,976,917,48798865,49078758,0
H2E-victim-long,miniz_long-128-warm,700,159,1310720,8192,1070,1710,1141,49078770,49351478,0
H2E-victim-long,miniz_long-128-warm,700,160,1318912,8192,438,178,443,49351481,49608319,0
H2E-victim-long,miniz_long-128-warm,700,161,1327104,8192,1587,2590,1685,49608324,49936084,0
H2E-victim-long,miniz_long-128-warm,700,162,1335296,8192,237,31,231,49936089,50150955,0
H2E-victim-long,miniz_long-128-warm,700,163,1343488,8192,1518,2563,1619,50151051,50462886,0
H2E-victim-long,miniz_long-128-warm,700,164,1351680,8192,287,141,308,50462987,50709701,0
H2E-victim-long,miniz_long-128-warm,700,165,1359872,8192,1688,2535,1783,50709704,51029189,0
H2E-victim-long,miniz_long-128-warm,700,166,1368064,8192,306,136,330,51029192,51319840,0
H2E-victim-long,miniz_long-128-warm,700,167,1376256,8192,1608,2578,1715,51319843,51620972,0
H2E-victim-long,miniz_long-128-warm,700,168,1384448,8192,384,199,386,51621089,51913639,0
H2E-victim-long,miniz_long-128-warm,700,169,1392640,8192,1115,1620,1204,51913642,52169277,0
H2E-victim-long,miniz_long-128-warm,700,170,1400832,8192,751,1054,781,52169283,52417101,0
H2E-victim-long,miniz_long-128-warm,700,171,1409024,8192,747,723,772,52417112,52724397,0
H2E-victim-long,miniz_long-128-warm,700,172,1417216,8192,1306,2065,1369,52724402,53015078,0
H2E-victim-long,miniz_long-128-warm,700,173,1425408,8192,316,28,307,53015081,53259503,0
H2E-victim-long,miniz_long-128-warm,700,174,1433600,8192,1578,2573,1655,53259604,53589881,0
H2E-victim-long,miniz_long-128-warm,700,175,1441792,8192,282,115,307,53589884,53789059,0
H2E-victim-long,miniz_long-128-warm,700,176,1449984,8192,1589,2488,1657,53789160,54089735,0
H2E-victim-long,miniz_long-128-warm,700,177,1458176,8192,293,145,321,54089738,54354575,0
H2E-victim-long,miniz_long-128-warm,700,178,1466368,8192,1704,2780,1803,54354578,54675042,0
H2E-victim-long,miniz_long-128-warm,700,179,1474560,8192,300,142,326,54675141,54962863,0
H2E-victim-long,miniz_long-128-warm,700,180,1482752,8192,1440,2233,1502,54962866,55242118,0
H2E-victim-long,miniz_long-128-warm,700,181,1490944,8192,556,595,571,55242121,55513105,0
H2E-victim-long,miniz_long-128-warm,700,182,1499136,8192,976,1221,1020,55513206,55781621,0
H2E-victim-long,miniz_long-128-warm,700,183,1507328,8192,1012,1498,1067,55781627,56052257,0
H2E-victim-long,miniz_long-128-warm,700,184,1515520,8192,517,287,522,56052260,56338931,0
H2E-victim-long,miniz_long-128-warm,700,185,1523712,8192,1480,2485,1586,56339156,56658126,0
H2E-victim-long,miniz_long-128-warm,700,186,1531904,8192,242,31,236,56658131,56883227,0
H2E-victim-long,miniz_long-128-warm,700,187,1540096,8192,1560,2563,1624,56883337,57200285,0
H2E-victim-long,miniz_long-128-warm,700,188,1548288,8192,283,159,310,57200386,57433011,0
H2E-victim-long,miniz_long-128-warm,700,189,1556480,8192,1634,2487,1737,57433118,57743128,0
H2E-victim-long,miniz_long-128-warm,700,190,1564672,8192,333,152,355,57743227,58034445,0
H2E-victim-long,miniz_long-128-warm,700,191,1572864,8192,1635,2587,1740,58034448,58349947,0
H2E-victim-long,miniz_long-128-warm,700,192,1581056,8192,316,136,331,58349950,58639461,0
H2E-victim-long,miniz_long-128-warm,700,193,1589248,8192,1186,1816,1289,58639464,58904706,0
H2E-victim-long,miniz_long-128-warm,700,194,1597440,8192,630,810,653,58904708,59187226,0
H2E-victim-long,miniz_long-128-warm,700,195,1605632,8192,852,971,905,59187327,59471476,0
H2E-victim-long,miniz_long-128-warm,700,196,1613824,8192,1080,1799,1167,59471488,59747263,0
H2E-victim-long,miniz_long-128-warm,700,197,1622016,8192,405,101,402,59747266,60011231,0
H2E-victim-long,miniz_long-128-warm,700,198,1630208,8192,1566,2669,1694,60011236,60338232,0
H2E-victim-long,miniz_long-128-warm,700,199,1638400,8192,240,35,231,60338333,60549832,0
H2E-victim-long,miniz_long-128-warm,700,200,1646592,8192,1595,2696,1702,60549838,60849355,0
H2E-victim-long,miniz_long-128-warm,700,201,1654784,8192,271,122,295,60849456,61109746,0
H2E-victim-long,miniz_long-128-warm,700,202,1662976,8192,1669,2543,1751,61109749,61424306,0
H2E-victim-long,miniz_long-128-warm,700,203,1671168,8192,310,144,324,61424309,61714340,0
H2E-victim-long,miniz_long-128-warm,700,204,1679360,8192,1564,2441,1670,61714343,62008460,0
H2E-victim-long,miniz_long-128-warm,700,205,1687552,8192,431,303,426,62008466,62320665,0
H2E-victim-long,miniz_long-128-warm,700,206,1695744,8192,1079,1530,1135,62320671,62573685,0
H2E-victim-long,miniz_long-128-warm,700,207,1703936,8192,853,1204,886,62573791,62839475,0
H2E-victim-long,miniz_long-128-warm,700,208,1712128,8192,643,618,678,62839478,63140581,0
H2E-victim-long,miniz_long-128-warm,700,209,1720320,8192,1357,2116,1431,63140586,63449491,0
H2E-victim-long,miniz_long-128-warm,700,210,1728512,8192,314,28,306,63449494,63687890,0
H2E-victim-long,miniz_long-128-warm,700,211,1736704,8192,1513,2584,1581,63687897,64030544,0
H2E-victim-long,miniz_long-128-warm,700,212,1744896,8192,278,129,297,64030779,64231624,0
H2E-victim-long,miniz_long-128-warm,700,213,1753088,8192,1640,2616,1711,64231630,64530851,0
H2E-victim-long,miniz_long-128-warm,700,214,1761280,8192,310,129,324,64530854,64820862,0
H2E-victim-long,miniz_long-128-warm,700,215,1769472,8192,1745,2683,1813,64820865,65147088,0
H2E-victim-long,miniz_long-128-warm,700,216,1777664,8192,296,135,313,65147091,65434433,0
H2E-victim-long,miniz_long-128-warm,700,217,1785856,8192,1381,1949,1462,65434436,65709076,0
H2E-victim-long,miniz_long-128-warm,700,218,1794048,8192,635,669,648,65709182,65982870,0
H2E-victim-long,miniz_long-128-warm,700,219,1802240,8192,879,1045,931,65982971,66261058,0
H2E-victim-long,miniz_long-128-warm,700,220,1810432,8192,1062,1593,1123,66261065,66534178,0
H2E-victim-long,miniz_long-128-warm,700,221,1818624,8192,443,167,447,66534181,66813727,0
H2E-victim-long,miniz_long-128-warm,700,222,1826816,8192,1603,2606,1713,66813728,67128750,0
H2E-victim-long,miniz_long-128-warm,700,223,1835008,8192,240,35,235,67128757,67336672,0
H2E-victim-long,miniz_long-128-warm,700,224,1843200,8192,1566,2501,1649,67336773,67630160,0
H2E-victim-long,miniz_long-128-warm,700,225,1851392,8192,285,124,299,67630261,67891665,0
H2E-victim-long,miniz_long-128-warm,700,226,1859584,8192,1645,2545,1729,67891668,68208085,0
H2E-victim-long,miniz_long-128-warm,700,227,1867776,8192,300,129,319,68208184,68484905,0
H2E-victim-long,miniz_long-128-warm,700,228,1875968,8192,1563,2475,1668,68484908,68773744,0
H2E-victim-long,miniz_long-128-warm,700,229,1884160,8192,436,301,438,68773760,69087822,0
H2E-victim-long,miniz_long-128-warm,700,230,1892352,8192,1063,1467,1133,69088040,69341722,0
H2E-victim-long,miniz_long-128-warm,700,231,1900544,8192,877,1232,923,69341828,69598995,0
H2E-victim-long,miniz_long-128-warm,700,232,1908736,8192,608,430,631,69598998,69892846,0
H2E-victim-long,miniz_long-128-warm,700,233,1916928,8192,1518,2367,1581,69892953,70211383,0
H2E-victim-long,miniz_long-128-warm,700,234,1925120,8192,285,28,266,70211386,70449854,0
H2E-victim-long,miniz_long-128-warm,700,235,1933312,8192,1538,2632,1608,70449860,70766311,0
H2E-victim-long,miniz_long-128-warm,700,236,1941504,8192,264,117,276,70766412,70978804,0
H2E-victim-long,miniz_long-128-warm,700,237,1949696,8192,1676,2572,1796,70978815,71292959,0
H2E-victim-long,miniz_long-128-warm,700,238,1957888,8192,313,144,332,71292962,71570029,0
H2E-victim-long,miniz_long-128-warm,700,239,1966080,8192,1664,2588,1752,71570032,71883891,0
H2E-victim-long,miniz_long-128-warm,700,240,1974272,8192,317,133,327,71883990,72175900,0
H2E-victim-long,miniz_long-128-warm,700,241,1982464,8192,1206,1720,1287,72175903,72435703,0
H2E-victim-long,miniz_long-128-warm,700,242,1990656,8192,754,1011,781,72435805,72694280,0
H2E-victim-long,miniz_long-128-warm,700,243,1998848,8192,735,695,775,72694291,72997133,0
H2E-victim-long,miniz_long-128-warm,700,244,2007040,8192,1257,2085,1336,72997139,73286557,0
H2E-victim-long,miniz_long-128-warm,700,245,2015232,8192,325,28,316,73286560,73537222,0
H2E-victim-long,miniz_long-128-warm,700,246,2023424,8192,1548,2679,1629,73537230,73874969,0
H2E-victim-long,miniz_long-128-warm,700,247,2031616,8192,292,142,328,73874972,74072283,0
H2E-victim-long,miniz_long-128-warm,700,248,2039808,8192,1652,2676,1730,74072289,74380934,0
H2E-victim-long,miniz_long-128-warm,700,249,2048000,8192,326,157,346,74380937,74658687,0
H2E-victim-long,miniz_long-128-warm,700,250,2056192,8192,1657,2430,1754,74658690,74967925,0
H2E-victim-long,miniz_long-128-warm,700,251,2064384,8192,325,160,353,74968024,75245364,0
H2E-victim-long,miniz_long-128-warm,700,252,2072576,8192,1293,1858,1371,75245367,75513865,0
H2E-victim-long,miniz_long-128-warm,700,253,2080768,8192,738,1012,779,75513976,75778421,0
H2E-victim-long,miniz_long-128-warm,700,254,2088960,8192,775,801,799,75778522,76080467,0
H2E-victim-long,miniz_long-128-warm,700,255,2097152,8192,1230,1938,1330,76080479,76380345,0
H2E-victim-long,miniz_long-128-warm,700,256,2105344,8192,341,28,331,76380348,76638150,0
H2E-victim-long,miniz_long-128-warm,700,257,2113536,8192,1583,2695,1672,76638251,76975364,0
H2E-victim-long,miniz_long-128-warm,700,258,2121728,8192,266,114,287,76975465,77164737,0
H2E-victim-long,miniz_long-128-warm,700,259,2129920,8192,1625,2605,1719,77164743,77461286,0
H2E-victim-long,miniz_long-128-warm,700,260,2138112,8192,328,147,341,77461289,77740129,0
H2E-victim-long,miniz_long-128-warm,700,261,2146304,8192,1727,2575,1818,77740132,78058905,0
H2E-victim-long,miniz_long-128-warm,700,262,2154496,8192,311,126,324,78058908,78335933,0
H2E-victim-long,miniz_long-128-warm,700,263,2162688,8192,1312,2002,1432,78335936,78608745,0
H2E-victim-long,miniz_long-128-warm,700,264,2170880,8192,684,862,714,78608749,78868351,0
H2E-victim-long,miniz_long-128-warm,700,265,2179072,8192,784,812,827,78868452,79159808,0
H2E-victim-long,miniz_long-128-warm,700,266,2187264,8192,1303,2035,1357,79159814,79459591,0
H2E-victim-long,miniz_long-128-warm,700,267,2195456,8192,324,28,316,79459594,79711063,0
H2E-victim-long,miniz_long-128-warm,700,268,2203648,8192,1532,2583,1618,79711164,80049290,0
H2E-victim-long,miniz_long-128-warm,700,269,2211840,8192,259,87,277,80049296,80250154,0
H2E-victim-long,miniz_long-128-warm,700,270,2220032,8192,1662,2584,1735,80250160,80548210,0
H2E-victim-long,miniz_long-128-warm,700,271,2228224,8192,310,119,317,80548213,80825515,0
H2E-victim-long,miniz_long-128-warm,700,272,2236416,8192,1757,2656,1844,80825614,81152985,0
H2E-victim-long,miniz_long-128-warm,700,273,2244608,8192,301,126,308,81152988,81440429,0
H2E-victim-long,miniz_long-128-warm,700,274,2252800,8192,1384,2053,1476,81440432,81718986,0
H2E-victim-long,miniz_long-128-warm,700,275,2260992,8192,540,539,548,81718987,82012679,0
H2E-victim-long,miniz_long-128-warm,700,276,2269184,8192,940,1155,1013,82012780,82285624,0
H2E-victim-long,miniz_long-128-warm,700,277,2271454,2270,732,1391,771,82285626,82380098,1
BT32-fold-long,jsmn_long-128-cold,720,0,8192,8192,828,4719,538,1702,288503,0
BT32-fold-long,jsmn_long-128-cold,720,1,16384,8192,659,4732,445,288508,582075,0
BT32-fold-long,jsmn_long-128-cold,720,2,24576,8192,562,4529,385,582173,907071,0
BT32-fold-long,jsmn_long-128-cold,720,3,32768,8192,714,4665,493,907169,1187518,0
BT32-fold-long,jsmn_long-128-cold,720,4,40960,8192,503,4496,347,1187616,1505686,0
BT32-fold-long,jsmn_long-128-cold,720,5,49152,8192,700,4700,478,1505692,1794383,0
BT32-fold-long,jsmn_long-128-cold,720,6,57344,8192,656,4584,453,1794385,2086063,0
BT32-fold-long,jsmn_long-128-cold,720,7,65536,8192,542,4365,372,2086064,2407816,0
BT32-fold-long,jsmn_long-128-cold,720,8,73728,8192,714,4452,493,2407914,2689929,0
BT32-fold-long,jsmn_long-128-cold,720,9,81920,8192,508,4352,353,2690027,3003699,0
BT32-fold-long,jsmn_long-128-cold,720,10,90112,8192,705,4446,483,3003900,3301205,0
BT32-fold-long,jsmn_long-128-cold,720,11,98304,8192,664,4426,458,3301311,3588652,0
BT32-fold-long,jsmn_long-128-cold,720,12,106496,8192,531,4360,363,3588750,3916574,0
BT32-fold-long,jsmn_long-128-cold,720,13,114688,8192,724,4456,499,3916672,4197002,0
BT32-fold-long,jsmn_long-128-cold,720,14,122880,8192,539,4363,372,4197005,4505649,0
BT32-fold-long,jsmn_long-128-cold,720,15,131072,8192,674,4432,462,4505747,4802251,0
BT32-fold-long,jsmn_long-128-cold,720,16,139264,8192,657,4425,455,4802349,5092147,0
BT32-fold-long,jsmn_long-128-cold,720,17,147456,8192,530,4357,361,5092154,5416261,0
BT32-fold-long,jsmn_long-128-cold,720,18,155648,8192,717,4452,493,5416359,5692119,0
BT32-fold-long,jsmn_long-128-cold,720,19,163840,8192,523,4359,363,5692217,6001474,0
BT32-fold-long,jsmn_long-128-cold,720,20,172032,8192,680,4433,467,6001476,6295846,0
BT32-fold-long,jsmn_long-128-cold,720,21,180224,8192,653,4421,449,6295849,6583453,0
BT32-fold-long,jsmn_long-128-cold,720,22,188416,8192,533,4361,367,6583457,6906655,0
BT32-fold-long,jsmn_long-128-cold,720,23,196608,8192,706,4449,488,6906658,7183410,0
BT32-fold-long,jsmn_long-128-cold,720,24,204800,8192,502,4347,346,7183512,7496258,0
BT32-fold-long,jsmn_long-128-cold,720,25,212992,8192,709,4448,486,7496266,7786457,0
BT32-fold-long,jsmn_long-128-cold,720,26,221184,8192,634,4412,438,7786555,8072725,0
BT32-fold-long,jsmn_long-128-cold,720,27,229376,8192,543,4365,371,8072823,8392887,0
BT32-fold-long,jsmn_long-128-cold,720,28,237568,8192,702,4447,485,8392893,8671180,0
BT32-fold-long,jsmn_long-128-cold,720,29,245760,8192,472,4332,328,8671278,8992399,0
BT32-fold-long,jsmn_long-128-cold,720,30,253952,8192,729,4459,497,8992403,9272678,0
BT32-fold-long,jsmn_long-128-cold,720,31,262144,8192,635,4409,436,9272680,9562720,0
BT32-fold-long,jsmn_long-128-cold,720,32,270336,8192,550,4368,375,9562818,9879758,0
BT32-fold-long,jsmn_long-128-cold,720,33,278528,8192,701,4448,484,9879761,10156363,0
BT32-fold-long,jsmn_long-128-cold,720,34,286720,8192,448,4309,309,10156564,10484352,0
BT32-fold-long,jsmn_long-128-cold,720,35,294912,8192,788,4496,540,10484355,10761917,0
BT32-fold-long,jsmn_long-128-cold,720,36,303104,8192,625,4401,429,10762015,11050201,0
BT32-fold-long,jsmn_long-128-cold,720,37,311296,8192,573,4381,393,11050202,11365844,0
BT32-fold-long,jsmn_long-128-cold,720,38,319488,8192,699,4444,482,11365942,11646343,0
BT32-fold-long,jsmn_long-128-cold,720,39,327680,8192,452,4288,312,11646441,11975923,0
BT32-fold-long,jsmn_long-128-cold,720,40,335872,8192,760,4508,522,11975926,12251981,0
BT32-fold-long,jsmn_long-128-cold,720,41,344064,8192,625,4406,431,12252079,12542667,0
BT32-fold-long,jsmn_long-128-cold,720,42,352256,8192,564,4376,385,12542765,12855519,0
BT32-fold-long,jsmn_long-128-cold,720,43,360448,8192,681,4436,470,12855617,13128747,0
BT32-fold-long,jsmn_long-128-cold,720,44,368640,8192,484,4325,331,13128751,13457683,0
BT32-fold-long,jsmn_long-128-cold,720,45,376832,8192,729,4471,504,13457780,13728851,0
BT32-fold-long,jsmn_long-128-cold,720,46,385024,8192,586,4388,405,13728949,14023346,0
BT32-fold-long,jsmn_long-128-cold,720,47,393216,8192,594,4392,407,14023444,14333010,0
BT32-fold-long,jsmn_long-128-cold,720,48,401408,8192,683,4436,471,14333108,14613511,0
BT32-fold-long,jsmn_long-128-cold,720,49,409600,8192,500,4344,341,14613614,14941424,0
BT32-fold-long,jsmn_long-128-cold,720,50,417792,8192,728,4460,503,14941527,15215956,0
BT32-fold-long,jsmn_long-128-cold,720,51,425984,8192,569,4380,395,15215960,15513157,0
BT32-fold-long,jsmn_long-128-cold,720,52,434176,8192,610,4400,418,15513255,15817263,0
BT32-fold-long,jsmn_long-128-cold,720,53,442368,8192,664,4428,460,15817361,16097810,0
BT32-fold-long,jsmn_long-128-cold,720,54,450560,8192,512,4352,352,16097908,16424010,0
BT32-fold-long,jsmn_long-128-cold,720,55,458752,8192,716,4452,493,16424113,16692826,0
BT32-fold-long,jsmn_long-128-cold,720,56,466944,8192,527,4361,366,16692924,16994271,0
BT32-fold-long,jsmn_long-128-cold,720,57,475136,8192,654,4419,446,16994276,17289368,0
BT32-fold-long,jsmn_long-128-cold,720,58,483328,8192,652,4420,449,17289466,17571108,0
BT32-fold-long,jsmn_long-128-cold,720,59,491520,8192,518,4355,354,17571211,17892457,0
BT32-fold-long,jsmn_long-128-cold,720,60,499712,8192,713,4449,491,17892459,18163057,0
BT32-fold-long,jsmn_long-128-cold,720,61,507904,8192,476,4332,328,18163155,18480271,0
BT32-fold-long,jsmn_long-128-cold,720,62,516096,8192,706,4448,484,18480369,18756269,0
BT32-fold-long,jsmn_long-128-cold,720,63,524288,8192,621,4406,430,18756367,19043950,0
BT32-fold-long,jsmn_long-128-cold,720,64,532480,8192,550,4372,378,19044048,19356788,0
BT32-fold-long,jsmn_long-128-cold,720,65,540672,8192,693,4440,478,19356899,19636644,0
BT32-fold-long,jsmn_long-128-cold,720,66,548864,8192,466,4276,319,19636742,19959521,0
BT32-fold-long,jsmn_long-128-cold,720,67,557056,8192,728,4512,504,19959618,20227326,0
BT32-fold-long,jsmn_long-128-cold,720,68,565248,8192,574,4383,396,20227424,20517003,0
BT32-fold-long,jsmn_long-128-cold,720,69,573440,8192,608,4397,416,20517004,20827916,0
BT32-fold-long,jsmn_long-128-cold,720,70,581632,8192,667,4428,460,20828014,21104514,0
BT32-fold-long,jsmn_long-128-cold,720,71,589824,8192,497,4344,341,21104612,21426449,0
BT32-fold-long,jsmn_long-128-cold,720,72,598016,8192,713,4452,493,21426547,21695048,0
BT32-fold-long,jsmn_long-128-cold,720,73,606208,8192,556,4375,385,21695146,22000894,0
BT32-fold-long,jsmn_long-128-cold,720,74,614400,8192,642,4413,438,22000896,22298602,0
BT32-fold-long,jsmn_long-128-cold,720,75,622592,8192,651,4420,449,22298700,22577579,0
BT32-fold-long,jsmn_long-128-cold,720,76,630784,8192,514,4352,352,22577677,22897628,0
BT32-fold-long,jsmn_long-128-cold,720,77,638976,8192,702,4447,484,22897726,23171689,0
BT32-fold-long,jsmn_long-128-cold,720,78,647168,8192,490,4340,339,23171690,23483460,0
BT32-fold-long,jsmn_long-128-cold,720,79,655360,8192,696,4442,477,23483462,23761990,0
BT32-fold-long,jsmn_long-128-cold,720,80,663552,8192,627,4407,432,23761997,24050292,0
BT32-fold-long,jsmn_long-128-cold,720,81,671744,8192,546,4368,374,24050390,24365000,0
BT32-fold-long,jsmn_long-128-cold,720,82,679936,8192,694,4441,479,24365098,24637064,0
BT32-fold-long,jsmn_long-128-cold,720,83,688128,8192,456,4267,315,24637070,24963236,0
BT32-fold-long,jsmn_long-128-cold,720,84,696320,8192,743,4524,511,24963239,25235268,0
BT32-fold-long,jsmn_long-128-cold,720,85,704512,8192,588,4388,405,25235366,25524417,0
BT32-fold-long,jsmn_long-128-cold,720,86,712704,8192,593,4391,405,25524515,25831227,0
BT32-fold-long,jsmn_long-128-cold,720,87,720896,8192,670,4429,462,25831233,26110477,0
BT32-fold-long,jsmn_long-128-cold,720,88,729088,8192,482,4336,330,26110575,26433229,0
BT32-fold-long,jsmn_long-128-cold,720,89,737280,8192,714,4452,493,26433327,26697799,0
BT32-fold-long,jsmn_long-128-cold,720,90,745472,8192,541,4367,374,26697897,26997631,0
BT32-fold-long,jsmn_long-128-cold,720,91,753664,8192,638,4413,438,26997632,27293029,0
BT32-fold-long,jsmn_long-128-cold,720,92,761856,8192,646,4418,446,27293127,27571374,0
BT32-fold-long,jsmn_long-128-cold,720,93,770048,8192,518,4354,355,27571381,27890992,0
BT32-fold-long,jsmn_long-128-cold,720,94,778240,8192,697,4444,482,27891090,28154355,0
BT32-fold-long,jsmn_long-128-cold,720,95,786432,8192,464,4327,321,28154453,28478489,0
BT32-fold-long,jsmn_long-128-cold,720,96,794624,8192,733,4461,502,28478497,28753719,0
BT32-fold-long,jsmn_long-128-cold,720,97,802816,8192,602,4396,416,28753817,29039755,0
BT32-fold-long,jsmn_long-128-cold,720,98,811008,8192,563,4376,385,29039853,29348608,0
BT32-fold-long,jsmn_long-128-cold,720,99,819200,8192,683,4436,471,29348706,29624254,0
BT32-fold-long,jsmn_long-128-cold,720,100,827392,8192,475,4333,326,29624352,29948774,0
BT32-fold-long,jsmn_long-128-cold,720,101,835584,8192,726,4457,501,29948775,30216717,0
BT32-fold-long,jsmn_long-128-cold,720,102,843776,8192,557,4375,385,30216815,30508567,0
BT32-fold-long,jsmn_long-128-cold,720,103,851968,8192,615,4399,420,30508568,30807557,0
BT32-fold-long,jsmn_long-128-cold,720,104,860160,8192,650,4420,449,30807655,31083822,0
BT32-fold-long,jsmn_long-128-cold,720,105,868352,8192,513,4352,352,31083920,31403391,0
BT32-fold-long,jsmn_long-128-cold,720,106,876544,8192,700,4444,482,31403489,31672725,0
BT32-fold-long,jsmn_long-128-cold,720,107,884736,8192,490,4340,339,31672823,31986047,0
BT32-fold-long,jsmn_long-128-cold,720,108,892928,8192,707,4448,484,31986051,32271827,0
BT32-fold-long,jsmn_long-128-cold,720,109,901120,8192,623,4409,432,32271925,32555480,0
BT32-fold-long,jsmn_long-128-cold,720,110,909312,8192,557,4371,380,32555485,32872805,0
BT32-fold-long,jsmn_long-128-cold,720,111,917504,8192,687,4439,473,32872903,33147892,0
BT32-fold-long,jsmn_long-128-cold,720,112,925696,8192,448,4292,310,33147894,33472802,0
BT32-fold-long,jsmn_long-128-cold,720,113,933888,8192,764,4503,526,33472805,33748456,0
BT32-fold-long,jsmn_long-128-cold,720,114,942080,8192,587,4388,405,33748554,34032543,0
BT32-fold-long,jsmn_long-128-cold,720,115,950272,8192,578,4381,393,34032646,34335631,0
BT32-fold-long,jsmn_long-128-cold,720,116,958464,8192,664,4428,459,34335637,34611230,0
BT32-fold-long,jsmn_long-128-cold,720,117,966656,8192,488,4339,334,34611234,34934814,0
BT32-fold-long,jsmn_long-128-cold,720,118,974848,8192,714,4452,493,34934912,35199425,0
BT32-fold-long,jsmn_long-128-cold,720,119,983040,8192,539,4364,372,35199523,35501903,0
BT32-fold-long,jsmn_long-128-cold,720,120,991232,8192,643,4416,440,35502006,35795504,0
BT32-fold-long,jsmn_long-128-cold,720,121,999424,8192,641,4416,442,35795602,36078906,0
BT32-fold-long,jsmn_long-128-cold,720,122,1007616,8192,523,4356,359,36079012,36395764,0
BT32-fold-long,jsmn_long-128-cold,720,123,1015808,8192,700,4444,482,36395862,36664882,0
BT32-fold-long,jsmn_long-128-cold,720,124,1024000,8192,446,4319,308,36664985,36987803,0
BT32-fold-long,jsmn_long-128-cold,720,125,1032192,8192,745,4465,511,36987804,37259861,0
BT32-fold-long,jsmn_long-128-cold,720,126,1040384,8192,612,4403,422,37259864,37548538,0
BT32-fold-long,jsmn_long-128-cold,720,127,1048576,8192,567,4375,387,37548540,37860239,0
BT32-fold-long,jsmn_long-128-cold,720,128,1056768,8192,681,4436,471,37860337,38134227,0
BT32-fold-long,jsmn_long-128-cold,720,129,1064960,8192,479,4332,327,38134325,38457012,0
BT32-fold-long,jsmn_long-128-cold,720,130,1073152,8192,716,4456,496,38457018,38728298,0
BT32-fold-long,jsmn_long-128-cold,720,131,1081344,8192,586,4388,405,38728396,39024522,0
BT32-fold-long,jsmn_long-128-cold,720,132,1089536,8192,597,4395,409,39024620,39329953,0
BT32-fold-long,jsmn_long-128-cold,720,133,1097728,8192,662,4425,458,39329954,39608062,0
BT32-fold-long,jsmn_long-128-cold,720,134,1105920,8192,498,4344,341,39608160,39928941,0
BT32-fold-long,jsmn_long-128-cold,720,135,1114112,8192,696,4444,482,39929039,40191522,0
BT32-fold-long,jsmn_long-128-cold,720,136,1122304,8192,508,4348,351,40191620,40499124,0
BT32-fold-long,jsmn_long-128-cold,720,137,1130496,8192,675,4435,463,40499127,40786116,0
BT32-fold-long,jsmn_long-128-cold,720,138,1138688,8192,627,4406,432,40786118,41067047,0
BT32-fold-long,jsmn_long-128-cold,720,139,1146880,8192,538,4366,369,41067048,41381741,0
BT32-fold-long,jsmn_long-128-cold,720,140,1155072,8192,697,4441,480,41381742,41652854,0
BT32-fold-long,jsmn_long-128-cold,720,141,1163264,8192,455,4272,312,41652952,41979845,0
BT32-fold-long,jsmn_long-128-cold,720,142,1171456,8192,744,4516,511,41979848,42245873,0
BT32-fold-long,jsmn_long-128-cold,720,143,1179648,8192,578,4385,401,42245976,42535818,0
BT32-fold-long,jsmn_long-128-cold,720,144,1187840,8192,587,4387,400,42535823,42842308,0
BT32-fold-long,jsmn_long-128-cold,720,145,1196032,8192,665,4428,460,42842406,43118593,0
BT32-fold-long,jsmn_long-128-cold,720,146,1204224,8192,497,4344,341,43118691,43444196,0
BT32-fold-long,jsmn_long-128-cold,720,147,1212416,8192,712,4449,490,43444294,43706072,0
BT32-fold-long,jsmn_long-128-cold,720,148,1220608,8192,512,4354,355,43706078,44006104,0
BT32-fold-long,jsmn_long-128-cold,720,149,1228800,8192,658,4421,449,44006105,44292532,0
BT32-fold-long,jsmn_long-128-cold,720,150,1236992,8192,633,4412,438,44292630,44576342,0
BT32-fold-long,jsmn_long-128-cold,720,151,1245184,8192,529,4360,363,44576440,44892473,0
BT32-fold-long,jsmn_long-128-cold,720,152,1253376,8192,683,4436,471,44892571,45158767,0
BT32-fold-long,jsmn_long-128-cold,720,153,1261568,8192,449,4256,310,45158865,45476915,0
BT32-fold-long,jsmn_long-128-cold,720,154,1269760,8192,738,4526,506,45476920,45745981,0
BT32-fold-long,jsmn_long-128-cold,720,155,1277952,8192,586,4388,405,45746079,46035394,0
BT32-fold-long,jsmn_long-128-cold,720,156,1286144,8192,587,4389,403,46035492,46337283,0
BT32-fold-long,jsmn_long-128-cold,720,157,1294336,8192,656,4423,453,46337284,46614859,0
BT32-fold-long,jsmn_long-128-cold,720,158,1302528,8192,501,4344,341,46614957,46932152,0
BT32-fold-long,jsmn_long-128-cold,720,159,1310720,8192,712,4449,490,46932250,47199540,0
BT32-fold-long,jsmn_long-128-cold,720,160,1318912,8192,507,4351,353,47199546,47506626,0
BT32-fold-long,jsmn_long-128-cold,720,161,1327104,8192,675,4432,462,47506729,47797478,0
BT32-fold-long,jsmn_long-128-cold,720,162,1335296,8192,620,4406,429,47797576,48077305,0
BT32-fold-long,jsmn_long-128-cold,720,163,1343488,8192,552,4368,376,48077411,48396525,0
BT32-fold-long,jsmn_long-128-cold,720,164,1351680,8192,699,4444,482,48396623,48671836,0
BT32-fold-long,jsmn_long-128-cold,720,165,1359872,8192,442,4317,305,48671934,48997483,0
BT32-fold-long,jsmn_long-128-cold,720,166,1368064,8192,753,4471,518,48997594,49263842,0
BT32-fold-long,jsmn_long-128-cold,720,167,1376256,8192,601,4396,416,49263940,49552854,0
BT32-fold-long,jsmn_long-128-cold,720,168,1384448,8192,566,4379,387,49552957,49863235,0
BT32-fold-long,jsmn_long-128-cold,720,169,1392640,8192,678,4433,469,49863237,50138750,0
BT32-fold-long,jsmn_long-128-cold,720,170,1400832,8192,486,4337,333,50138848,50459075,0
BT32-fold-long,jsmn_long-128-cold,720,171,1409024,8192,716,4452,493,50459173,50727824,0
BT32-fold-long,jsmn_long-128-cold,720,172,1417216,8192,539,4367,374,50727922,51022038,0
BT32-fold-long,jsmn_long-128-cold,720,173,1425408,8192,633,4409,434,51022040,51316701,0
BT32-fold-long,jsmn_long-128-cold,720,174,1433600,8192,645,4416,442,51316704,51595464,0
BT32-fold-long,jsmn_long-128-cold,720,175,1441792,8192,514,4352,352,51595562,51913865,0
BT32-fold-long,jsmn_long-128-cold,720,176,1449984,8192,698,4444,482,51913963,52175963,0
BT32-fold-long,jsmn_long-128-cold,720,177,1458176,8192,423,4306,292,52176066,52498054,0
BT32-fold-long,jsmn_long-128-cold,720,178,1466368,8192,758,4474,520,52498058,52770313,0
BT32-fold-long,jsmn_long-128-cold,720,179,1474560,8192,602,4396,416,52770411,53052612,0
BT32-fold-long,jsmn_long-128-cold,720,180,1482752,8192,565,4379,389,53052710,53364249,0
BT32-fold-long,jsmn_long-128-cold,720,181,1490944,8192,674,4431,463,53364257,53635085,0
BT32-fold-long,jsmn_long-128-cold,720,182,1499136,8192,485,4336,332,53635086,53957262,0
BT32-fold-long,jsmn_long-128-cold,720,183,1507328,8192,711,4451,491,53957270,54224608,0
BT32-fold-long,jsmn_long-128-cold,720,184,1515520,8192,539,4362,371,54224714,54522130,0
BT32-fold-long,jsmn_long-128-cold,720,185,1523712,8192,644,4416,439,54522133,54816588,0
BT32-fold-long,jsmn_long-128-cold,720,186,1531904,8192,638,4414,440,54816686,55097601,0
BT32-fold-long,jsmn_long-128-cold,720,187,1540096,8192,527,4358,361,55097707,55413342,0
BT32-fold-long,jsmn_long-128-cold,720,188,1548288,8192,701,4444,482,55413440,55683427,0
BT32-fold-long,jsmn_long-128-cold,720,189,1556480,8192,444,4315,306,55683530,56006622,0
BT32-fold-long,jsmn_long-128-cold,720,190,1564672,8192,743,4467,510,56006623,56275593,0
BT32-fold-long,jsmn_long-128-cold,720,191,1572864,8192,606,4399,418,56275691,56565726,0
BT32-fold-long,jsmn_long-128-cold,720,192,1581056,8192,559,4373,383,56565727,56872476,0
BT32-fold-long,jsmn_long-128-cold,720,193,1589248,8192,691,4442,479,56872574,57144331,0
BT32-fold-long,jsmn_long-128-cold,720,194,1597440,8192,484,4336,330,57144429,57466692,0
BT32-fold-long,jsmn_long-128-cold,720,195,1605632,8192,700,4444,482,57466790,57731434,0
BT32-fold-long,jsmn_long-128-cold,720,196,1613824,8192,543,4369,378,57731532,58030064,0
BT32-fold-long,jsmn_long-128-cold,720,197,1622016,8192,635,4411,434,58030071,58326964,0
BT32-fold-long,jsmn_long-128-cold,720,198,1630208,8192,640,4415,442,58327062,58604783,0
BT32-fold-long,jsmn_long-128-cold,720,199,1638400,8192,511,4352,350,58604791,58915535,0
BT32-fold-long,jsmn_long-128-cold,720,200,1646592,8192,699,4445,485,58915536,59188106,0
BT32-fold-long,jsmn_long-128-cold,720,201,1654784,8192,436,4314,300,59188110,59512163,0
BT32-fold-long,jsmn_long-128-cold,720,202,1662976,8192,754,4470,518,59512164,59780455,0
BT32-fold-long,jsmn_long-128-cold,720,203,1671168,8192,587,4388,405,59780553,60067235,0
BT32-fold-long,jsmn_long-128-cold,720,204,1679360,8192,577,4384,396,60067333,60373461,0
BT32-fold-long,jsmn_long-128-cold,720,205,1687552,8192,676,4430,464,60373559,60646976,0
BT32-fold-long,jsmn_long-128-cold,720,206,1695744,8192,483,4336,330,60647074,60970525,0
BT32-fold-long,jsmn_long-128-cold,720,207,1703936,8192,697,4444,482,60970623,61229965,0
BT32-fold-long,jsmn_long-128-cold,720,208,1712128,8192,536,4364,372,61230063,61535086,0
BT32-fold-long,jsmn_long-128-cold,720,209,1720320,8192,658,4424,451,61535090,61828349,0
BT32-fold-long,jsmn_long-128-cold,720,210,1728512,8192,637,4411,438,61828447,62106957,0
BT32-fold-long,jsmn_long-128-cold,720,211,1736704,8192,517,4355,356,62106958,62415138,0
BT32-fold-long,jsmn_long-128-cold,720,212,1744896,8192,683,4436,471,62415236,62679244,0
BT32-fold-long,jsmn_long-128-cold,720,213,1753088,8192,458,4270,316,62679342,62999955,0
BT32-fold-long,jsmn_long-128-cold,720,214,1761280,8192,742,4520,511,62999958,63264774,0
BT32-fold-long,jsmn_long-128-cold,720,215,1769472,8192,578,4385,401,63264872,63547929,0
BT32-fold-long,jsmn_long-128-cold,720,216,1777664,8192,584,4387,400,63547933,63849007,0
BT32-fold-long,jsmn_long-128-cold,720,217,1785856,8192,667,4428,460,63849105,64120851,0
BT32-fold-long,jsmn_long-128-cold,720,218,1794048,8192,491,4340,337,64120949,64437964,0
BT32-fold-long,jsmn_long-128-cold,720,219,1802240,8192,698,4445,481,64437967,64694935,0
BT32-fold-long,jsmn_long-128-cold,720,220,1810432,8192,504,4345,348,64694936,64997308,0
BT32-fold-long,jsmn_long-128-cold,720,221,1818624,8192,659,4424,451,64997312,65268138,0
BT32-fold-long,jsmn_long-128-cold,720,222,1826816,8192,624,4409,433,65268236,65551970,0
BT32-fold-long,jsmn_long-128-cold,720,223,1835008,8192,555,4371,379,65551977,65859443,0
BT32-fold-long,jsmn_long-128-cold,720,224,1843200,8192,666,4428,461,65859541,66125990,0
BT32-fold-long,jsmn_long-128-cold,720,225,1851392,8192,482,4311,329,66125993,66448214,0
BT32-fold-long,jsmn_long-128-cold,720,226,1859584,8192,715,4477,493,66448217,66707757,0
BT32-fold-long,jsmn_long-128-cold,720,227,1867776,8192,559,4376,387,66707855,66995846,0
BT32-fold-long,jsmn_long-128-cold,720,228,1875968,8192,607,4399,416,66995957,67291607,0
BT32-fold-long,jsmn_long-128-cold,720,229,1884160,8192,651,4420,449,67291609,67564681,0
BT32-fold-long,jsmn_long-128-cold,720,230,1892352,8192,512,4349,350,67564682,67880641,0
BT32-fold-long,jsmn_long-128-cold,720,231,1894252,1900,69,983,49,67880739,67953176,1
BT32-fold-long,jsmn_long-128-warm,720,0,8192,8192,777,4483,531,3993353,4274374,0
BT32-fold-long,jsmn_long-128-warm,720,1,16384,8192,640,4414,443,4274472,4563497,0
BT32-fold-long,jsmn_long-128-warm,720,2,24576,8192,551,4372,378,4563503,4883784,0
BT32-fold-long,jsmn_long-128-warm,720,3,32768,8192,712,4449,491,4883786,5163252,0
BT32-fold-long,jsmn_long-128-warm,720,4,40960,8192,452,4320,311,5163350,5491883,0
BT32-fold-long,jsmn_long-128-warm,720,5,49152,8192,769,4478,527,5491884,5767145,0
BT32-fold-long,jsmn_long-128-warm,720,6,57344,8192,616,4404,427,5767243,6055700,0
BT32-fold-long,jsmn_long-128-warm,720,7,65536,8192,562,4376,385,6055798,6375683,0
BT32-fold-long,jsmn_long-128-warm,720,8,73728,8192,700,4444,482,6375781,6655898,0
BT32-fold-long,jsmn_long-128-warm,720,9,81920,8192,457,4293,316,6655996,6981445,0
BT32-fold-long,jsmn_long-128-warm,720,10,90112,8192,759,4505,522,6981448,7258637,0
BT32-fold-long,jsmn_long-128-warm,720,11,98304,8192,615,4401,423,7258735,7549085,0
BT32-fold-long,jsmn_long-128-warm,720,12,106496,8192,565,4379,389,7549089,7866819,0
BT32-fold-long,jsmn_long-128-warm,720,13,114688,8192,698,4444,482,7866917,8143890,0
BT32-fold-long,jsmn_long-128-warm,720,14,122880,8192,466,4276,319,8143988,8470720,0
BT32-fold-long,jsmn_long-128-warm,720,15,131072,8192,747,4520,515,8470723,8746602,0
BT32-fold-long,jsmn_long-128-warm,720,16,139264,8192,602,4396,416,8746700,9038413,0
BT32-fold-long,jsmn_long-128-warm,720,17,147456,8192,580,4384,396,9038511,9349864,0
BT32-fold-long,jsmn_long-128-warm,720,18,155648,8192,688,4436,472,9349962,9632444,0
BT32-fold-long,jsmn_long-128-warm,720,19,163840,8192,487,4340,332,9632447,9959564,0
BT32-fold-long,jsmn_long-128-warm,720,20,172032,8192,736,4461,508,9959765,10231348,0
BT32-fold-long,jsmn_long-128-warm,720,21,180224,8192,591,4391,408,10231349,10527856,0
BT32-fold-long,jsmn_long-128-warm,720,22,188416,8192,615,4401,420,10527860,10841085,0
BT32-fold-long,jsmn_long-128-warm,720,23,196608,8192,686,4432,472,10841089,11116711,0
BT32-fold-long,jsmn_long-128-warm,720,24,204800,8192,505,4346,345,11116809,11445053,0
BT32-fold-long,jsmn_long-128-warm,720,25,212992,8192,731,4460,504,11445151,11723903,0
BT32-fold-long,jsmn_long-128-warm,720,26,221184,8192,584,4388,405,11724001,12020833,0
BT32-fold-long,jsmn_long-128-warm,720,27,229376,8192,612,4400,418,12020936,12329487,0
BT32-fold-long,jsmn_long-128-warm,720,28,237568,8192,673,4430,464,12329585,12610462,0
BT32-fold-long,jsmn_long-128-warm,720,29,245760,8192,499,4344,341,12610560,12936445,0
BT32-fold-long,jsmn_long-128-warm,720,30,253952,8192,715,4452,493,12936543,13202258,0
BT32-fold-long,jsmn_long-128-warm,720,31,262144,8192,548,4369,379,13202356,13504312,0
BT32-fold-long,jsmn_long-128-warm,720,32,270336,8192,647,4419,444,13504313,13806748,0
BT32-fold-long,jsmn_long-128-warm,720,33,278528,8192,654,4423,451,13806846,14089585,0
BT32-fold-long,jsmn_long-128-warm,720,34,286720,8192,519,4354,357,14089587,14413147,0
BT32-fold-long,jsmn_long-128-warm,720,35,294912,8192,717,4451,493,14413152,14686802,0
BT32-fold-long,jsmn_long-128-warm,720,36,303104,8192,529,4360,365,14686805,14995434,0
BT32-fold-long,jsmn_long-128-warm,720,37,311296,8192,673,4432,462,14995438,15292808,0
BT32-fold-long,jsmn_long-128-warm,720,38,319488,8192,649,4420,449,15292906,15576111,0
BT32-fold-long,jsmn_long-128-warm,720,39,327680,8192,516,4355,354,15576209,15896777,0
BT32-fold-long,jsmn_long-128-warm,720,40,335872,8192,709,4449,491,15896779,16172890,0
BT32-fold-long,jsmn_long-128-warm,720,41,344064,8192,493,4344,342,16172988,16485082,0
BT32-fold-long,jsmn_long-128-warm,720,42,352256,8192,703,4444,481,16485188,16771307,0
BT32-fold-long,jsmn_long-128-warm,720,43,360448,8192,622,4407,431,16771405,17052528,0
BT32-fold-long,jsmn_long-128-warm,720,44,368640,8192,553,4370,377,17052536,17368447,0
BT32-fold-long,jsmn_long-128-warm,720,45,376832,8192,690,4439,475,17368448,17640715,0
BT32-fold-long,jsmn_long-128-warm,720,46,385024,8192,454,4292,312,17640813,17968066,0
BT32-fold-long,jsmn_long-128-warm,720,47,393216,8192,757,4500,518,17968069,18239379,0
BT32-fold-long,jsmn_long-128-warm,720,48,401408,8192,592,4392,409,18239382,18528639,0
BT32-fold-long,jsmn_long-128-warm,720,49,409600,8192,576,4382,393,18528737,18831598,0
BT32-fold-long,jsmn_long-128-warm,720,50,417792,8192,671,4432,466,18831605,19112908,0
BT32-fold-long,jsmn_long-128-warm,720,51,425984,8192,484,4339,332,19113006,19435757,0
BT32-fold-long,jsmn_long-128-warm,720,52,434176,8192,731,4461,505,19435759,19709980,0
BT32-fold-long,jsmn_long-128-warm,720,53,442368,8192,550,4368,380,19710181,20002894,0
BT32-fold-long,jsmn_long-128-warm,720,54,450560,8192,624,4408,429,20002992,20305317,0
BT32-fold-long,jsmn_long-128-warm,720,55,458752,8192,652,4420,449,20305415,20582246,0
BT32-fold-long,jsmn_long-128-warm,720,56,466944,8192,517,4355,354,20582344,20907523,0
BT32-fold-long,jsmn_long-128-warm,720,57,475136,8192,712,4449,491,20907524,21174665,0
BT32-fold-long,jsmn_long-128-warm,720,58,483328,8192,492,4343,341,21174763,21485060,0
BT32-fold-long,jsmn_long-128-warm,720,59,491520,8192,689,4440,473,21485061,21773156,0
BT32-fold-long,jsmn_long-128-warm,720,60,499712,8192,647,4417,447,21773158,22062335,0
BT32-fold-long,jsmn_long-128-warm,720,61,507904,8192,533,4360,363,22062433,22377217,0
BT32-fold-long,jsmn_long-128-warm,720,62,516096,8192,699,4444,482,22377315,22650442,0
BT32-fold-long,jsmn_long-128-warm,720,63,524288,8192,436,4298,301,22650540,22971665,0
BT32-fold-long,jsmn_long-128-warm,720,64,532480,8192,762,4490,522,22971668,23243615,0
BT32-fold-long,jsmn_long-128-warm,720,65,540672,8192,600,4393,413,23243713,23530667,0
BT32-fold-long,jsmn_long-128-warm,720,66,548864,8192,565,4379,388,23530673,23840292,0
BT32-fold-long,jsmn_long-128-warm,720,67,557056,8192,686,4439,473,23840390,24119930,0
BT32-fold-long,jsmn_long-128-warm,720,68,565248,8192,477,4333,328,24119931,24443328,0
BT32-fold-long,jsmn_long-128-warm,720,69,573440,8192,727,4457,501,24443426,24709596,0
BT32-fold-long,jsmn_long-128-warm,720,70,581632,8192,565,4380,393,24709602,25008219,0
BT32-fold-long,jsmn_long-128-warm,720,71,589824,8192,617,4403,422,25008223,25312294,0
BT32-fold-long,jsmn_long-128-warm,720,72,598016,8192,654,4422,451,25312392,25590239,0
BT32-fold-long,jsmn_long-128-warm,720,73,606208,8192,513,4350,350,25590345,25911038,0
BT32-fold-long,jsmn_long-128-warm,720,74,614400,8192,704,4447,484,25911136,26180617,0
BT32-fold-long,jsmn_long-128-warm,720,75,622592,8192,513,4350,355,26180619,26487057,0
BT32-fold-long,jsmn_long-128-warm,720,76,630784,8192,679,4435,466,26487058,26774176,0
BT32-fold-long,jsmn_long-128-warm,720,77,638976,8192,618,4404,427,26774274,27054530,0
BT32-fold-long,jsmn_long-128-warm,720,78,647168,8192,545,4368,374,27054633,27372178,0
BT32-fold-long,jsmn_long-128-warm,720,79,655360,8192,682,4436,471,27372276,27640426,0
BT32-fold-long,jsmn_long-128-warm,720,80,663552,8192,453,4273,312,27640524,27965281,0
BT32-fold-long,jsmn_long-128-warm,720,81,671744,8192,742,4515,511,27965284,28229287,0
BT32-fold-long,jsmn_long-128-warm,720,82,679936,8192,591,4391,407,28229390,28524775,0
BT32-fold-long,jsmn_long-128-warm,720,83,688128,8192,590,4389,405,28524776,28830715,0
BT32-fold-long,jsmn_long-128-warm,720,84,696320,8192,668,4428,460,28830813,29107391,0
BT32-fold-long,jsmn_long-128-warm,720,85,704512,8192,483,4336,330,29107489,29428094,0
BT32-fold-long,jsmn_long-128-warm,720,86,712704,8192,714,4452,493,29428192,29695524,0
BT32-fold-long,jsmn_long-128-warm,720,87,720896,8192,540,4367,374,29695622,29996580,0
BT32-fold-long,jsmn_long-128-warm,720,88,729088,8192,644,4415,442,29996581,30293931,0
BT32-fold-long,jsmn_long-128-warm,720,89,737280,8192,648,4419,448,30294029,30571711,0
BT32-fold-long,jsmn_long-128-warm,720,90,745472,8192,524,4355,357,30571718,30884271,0
BT32-fold-long,jsmn_long-128-warm,720,91,753664,8192,686,4439,473,30884369,31155351,0
BT32-fold-long,jsmn_long-128-warm,720,92,761856,8192,433,4307,299,31155352,31475976,0
BT32-fold-long,jsmn_long-128-warm,720,93,770048,8192,760,4478,522,31476073,31746707,0
BT32-fold-long,jsmn_long-128-warm,720,94,778240,8192,602,4396,416,31746805,32035367,0
BT32-fold-long,jsmn_long-128-warm,720,95,786432,8192,580,4384,396,32035465,32347680,0
BT32-fold-long,jsmn_long-128-warm,720,96,794624,8192,675,4432,467,32347778,32623956,0
BT32-fold-long,jsmn_long-128-warm,720,97,802816,8192,488,4329,334,32623959,32952571,0
BT32-fold-long,jsmn_long-128-warm,720,98,811008,8192,716,4463,493,32952574,33221262,0
BT32-fold-long,jsmn_long-128-warm,720,99,819200,8192,593,4393,411,33221360,33520145,0
BT32-fold-long,jsmn_long-128-warm,720,100,827392,8192,598,4394,412,33520146,33823288,0
BT32-fold-long,jsmn_long-128-warm,720,101,835584,8192,647,4418,444,33823293,34095827,0
BT32-fold-long,jsmn_long-128-warm,720,102,843776,8192,513,4349,350,34095828,34417602,0
BT32-fold-long,jsmn_long-128-warm,720,103,851968,8192,701,4444,482,34417700,34682083,0
BT32-fold-long,jsmn_long-128-warm,720,104,860160,8192,496,4345,346,34682181,34991243,0
BT32-fold-long,jsmn_long-128-warm,720,105,868352,8192,683,4435,466,34991248,35277134,0
BT32-fold-long,jsmn_long-128-warm,720,106,876544,8192,624,4408,431,35277232,35560490,0
BT32-fold-long,jsmn_long-128-warm,720,107,884736,8192,544,4367,372,35560596,35875874,0
BT32-fold-long,jsmn_long-128-warm,720,108,892928,8192,697,4441,480,35875876,36149062,0
BT32-fold-long,jsmn_long-128-warm,720,109,901120,8192,448,4255,308,36149160,36469868,0
BT32-fold-long,jsmn_long-128-warm,720,110,909312,8192,735,4528,506,36469965,36738462,0
BT32-fold-long,jsmn_long-128-warm,720,111,917504,8192,601,4393,414,36738464,37030579,0
BT32-fold-long,jsmn_long-128-warm,720,112,925696,8192,580,4387,398,37030677,37338769,0
BT32-fold-long,jsmn_long-128-warm,720,113,933888,8192,687,4435,473,37338771,37615625,0
BT32-fold-long,jsmn_long-128-warm,720,114,942080,8192,483,4336,330,37615723,37939146,0
BT32-fold-long,jsmn_long-128-warm,720,115,950272,8192,713,4452,493,37939244,38204820,0
BT32-fold-long,jsmn_long-128-warm,720,116,958464,8192,543,4368,375,38204918,38506357,0
BT32-fold-long,jsmn_long-128-warm,720,117,966656,8192,645,4417,444,38506558,38805094,0
BT32-fold-long,jsmn_long-128-warm,720,118,974848,8192,644,4418,444,38805099,39088335,0
BT32-fold-long,jsmn_long-128-warm,720,119,983040,8192,527,4357,361,39088336,39408403,0
BT32-fold-long,jsmn_long-128-warm,720,120,991232,8192,697,4444,482,39408501,39676373,0
BT32-fold-long,jsmn_long-128-warm,720,121,999424,8192,467,4329,324,39676476,39993628,0
BT32-fold-long,jsmn_long-128-warm,720,122,1007616,8192,710,4449,485,39993629,40264184,0
BT32-fold-long,jsmn_long-128-warm,720,123,1015808,8192,604,4398,419,40264191,40550839,0
BT32-fold-long,jsmn_long-128-warm,720,124,1024000,8192,561,4376,385,40550937,40863886,0
BT32-fold-long,jsmn_long-128-warm,720,125,1032192,8192,671,4431,462,40863984,41135085,0
BT32-fold-long,jsmn_long-128-warm,720,126,1040384,8192,479,4333,328,41135086,41460819,0
BT32-fold-long,jsmn_long-128-warm,720,127,1048576,8192,732,4460,504,41460917,41727614,0
BT32-fold-long,jsmn_long-128-warm,720,128,1056768,8192,560,4374,385,41727712,42022531,0
BT32-fold-long,jsmn_long-128-warm,720,129,1064960,8192,617,4402,423,42022637,42322453,0
BT32-fold-long,jsmn_long-128-warm,720,130,1073152,8192,651,4421,449,42322456,42598935,0
BT32-fold-long,jsmn_long-128-warm,720,131,1081344,8192,503,4347,345,42598939,42921017,0
BT32-fold-long,jsmn_long-128-warm,720,132,1089536,8192,713,4452,493,42921115,43190397,0
BT32-fold-long,jsmn_long-128-warm,720,133,1097728,8192,499,4345,346,43190495,43500537,0
BT32-fold-long,jsmn_long-128-warm,720,134,1105920,8192,681,4435,466,43500541,43779980,0
BT32-fold-long,jsmn_long-128-warm,720,135,1114112,8192,616,4402,425,43780078,44061806,0
BT32-fold-long,jsmn_long-128-warm,720,136,1122304,8192,544,4366,372,44061810,44369880,0
BT32-fold-long,jsmn_long-128-warm,720,137,1130496,8192,686,4439,473,44369883,44644292,0
BT32-fold-long,jsmn_long-128-warm,720,138,1138688,8192,467,4300,321,44644298,44969435,0
BT32-fold-long,jsmn_long-128-warm,720,139,1146880,8192,715,4481,493,44969438,45228696,0
BT32-fold-long,jsmn_long-128-warm,720,140,1155072,8192,561,4374,387,45228794,45521398,0
BT32-fold-long,jsmn_long-128-warm,720,141,1163264,8192,613,4403,420,45521496,45823801,0
BT32-fold-long,jsmn_long-128-warm,720,142,1171456,8192,648,4417,447,45823802,46099388,0
BT32-fold-long,jsmn_long-128-warm,720,143,1179648,8192,513,4352,352,46099486,46415973,0
BT32-fold-long,jsmn_long-128-warm,720,144,1187840,8192,698,4444,482,46416071,46684926,0
BT32-fold-long,jsmn_long-128-warm,720,145,1196032,8192,468,4328,324,46685024,46998783,0
BT32-fold-long,jsmn_long-128-warm,720,146,1204224,8192,715,4452,488,46998786,47277105,0
BT32-fold-long,jsmn_long-128-warm,720,147,1212416,8192,617,4404,427,47277203,47562701,0
BT32-fold-long,jsmn_long-128-warm,720,148,1220608,8192,563,4376,385,47562799,47875064,0
BT32-fold-long,jsmn_long-128-warm,720,149,1228800,8192,667,4428,460,47875162,48147023,0
BT32-fold-long,jsmn_long-128-warm,720,150,1236992,8192,489,4304,334,48147121,48473679,0
BT32-fold-long,jsmn_long-128-warm,720,151,1245184,8192,731,4494,504,48473682,48744259,0
BT32-fold-long,jsmn_long-128-warm,720,152,1253376,8192,585,4388,405,48744357,49038755,0
BT32-fold-long,jsmn_long-128-warm,720,153,1261568,8192,587,4389,403,49038853,49341198,0
BT32-fold-long,jsmn_long-128-warm,720,154,1269760,8192,658,4426,455,49341202,49618949,0
BT32-fold-long,jsmn_long-128-warm,720,155,1277952,8192,500,4345,342,49618950,49941365,0
BT32-fold-long,jsmn_long-128-warm,720,156,1286144,8192,709,4448,490,49941566,50210699,0
BT32-fold-long,jsmn_long-128-warm,720,157,1294336,8192,529,4360,366,50210797,50513322,0
BT32-fold-long,jsmn_long-128-warm,720,158,1302528,8192,657,4421,449,50513324,50802341,0
BT32-fold-long,jsmn_long-128-warm,720,159,1310720,8192,634,4412,438,50802439,51082232,0
BT32-fold-long,jsmn_long-128-warm,720,160,1318912,8192,531,4360,363,51082330,51393744,0
BT32-fold-long,jsmn_long-128-warm,720,161,1327104,8192,684,4436,471,51393842,51665917,0
BT32-fold-long,jsmn_long-128-warm,720,162,1335296,8192,454,4273,312,51666015,51987569,0
BT32-fold-long,jsmn_long-128-warm,720,163,1343488,8192,730,4510,502,51987666,52250715,0
BT32-fold-long,jsmn_long-128-warm,720,164,1351680,8192,584,4385,403,52250716,52540668,0
BT32-fold-long,jsmn_long-128-warm,720,165,1359872,8192,593,4392,407,52540766,52845597,0
BT32-fold-long,jsmn_long-128-warm,720,166,1368064,8192,656,4425,454,52845695,53119418,0
BT32-fold-long,jsmn_long-128-warm,720,167,1376256,8192,494,4342,338,53119423,53441599,0
BT32-fold-long,jsmn_long-128-warm,720,168,1384448,8192,720,4452,496,53441600,53705210,0
BT32-fold-long,jsmn_long-128-warm,720,169,1392640,8192,511,4351,352,53705308,54011760,0
BT32-fold-long,jsmn_long-128-warm,720,170,1400832,8192,671,4429,460,54011762,54298469,0
BT32-fold-long,jsmn_long-128-warm,720,171,1409024,8192,621,4404,427,54298567,54581486,0
BT32-fold-long,jsmn_long-128-warm,720,172,1417216,8192,547,4368,374,54581584,54894470,0
BT32-fold-long,jsmn_long-128-warm,720,173,1425408,8192,684,4436,471,54894568,55164988,0
BT32-fold-long,jsmn_long-128-warm,720,174,1433600,8192,453,4259,312,55165086,55489750,0
BT32-fold-long,jsmn_long-128-warm,720,175,1441792,8192,744,4527,511,55489753,55757863,0
BT32-fold-long,jsmn_long-128-warm,720,176,1449984,8192,581,4387,400,55757866,56049078,0
BT32-fold-long,jsmn_long-128-warm,720,177,1458176,8192,592,4389,405,56049079,56351174,0
BT32-fold-long,jsmn_long-128-warm,720,178,1466368,8192,661,4425,456,56351272,56629128,0
BT32-fold-long,jsmn_long-128-warm,720,179,1474560,8192,492,4343,338,56629129,56950943,0
BT32-fold-long,jsmn_long-128-warm,720,180,1482752,8192,719,4454,497,56951049,57219575,0
BT32-fold-long,jsmn_long-128-warm,720,181,1490944,8192,510,4351,352,57219673,57518890,0
BT32-fold-long,jsmn_long-128-warm,720,182,1499136,8192,673,4429,460,57518891,57806079,0
BT32-fold-long,jsmn_long-128-warm,720,183,1507328,8192,620,4407,429,57806177,58090720,0
BT32-fold-long,jsmn_long-128-warm,720,184,1515520,8192,543,4365,372,58090722,58402714,0
BT32-fold-long,jsmn_long-128-warm,720,185,1523712,8192,682,4436,471,58402812,58673983,0
BT32-fold-long,jsmn_long-128-warm,720,186,1531904,8192,449,4278,308,58674081,58991598,0
BT32-fold-long,jsmn_long-128-warm,720,187,1540096,8192,729,4502,504,58991601,59261635,0
BT32-fold-long,jsmn_long-128-warm,720,188,1548288,8192,587,4388,406,59261733,59555933,0
BT32-fold-long,jsmn_long-128-warm,720,189,1556480,8192,592,4392,406,59555936,59856793,0
BT32-fold-long,jsmn_long-128-warm,720,190,1564672,8192,651,4420,449,59856891,60132748,0
BT32-fold-long,jsmn_long-128-warm,720,191,1572864,8192,504,4346,345,60132846,60454604,0
BT32-fold-long,jsmn_long-128-warm,720,192,1581056,8192,710,4449,489,60454702,60720175,0
BT32-fold-long,jsmn_long-128-warm,720,193,1589248,8192,501,4346,345,60720176,61026178,0
BT32-fold-long,jsmn_long-128-warm,720,194,1597440,8192,667,4426,457,61026179,61303200,0
BT32-fold-long,jsmn_long-128-warm,720,195,1605632,8192,622,4410,432,61303206,61594277,0
BT32-fold-long,jsmn_long-128-warm,720,196,1613824,8192,543,4365,372,61594279,61906969,0
BT32-fold-long,jsmn_long-128-warm,720,197,1622016,8192,690,4438,475,61907067,62173404,0
BT32-fold-long,jsmn_long-128-warm,720,198,1630208,8192,464,4315,319,62173502,62491356,0
BT32-fold-long,jsmn_long-128-warm,720,199,1638400,8192,722,4467,497,62491453,62752408,0
BT32-fold-long,jsmn_long-128-warm,720,200,1646592,8192,568,4380,394,62752506,63041855,0
BT32-fold-long,jsmn_long-128-warm,720,201,1654784,8192,610,4400,418,63041953,63338623,0
BT32-fold-long,jsmn_long-128-warm,720,202,1662976,8192,639,4416,443,63338721,63610466,0
BT32-fold-long,jsmn_long-128-warm,720,203,1671168,8192,507,4348,347,63610470,63924841,0
BT32-fold-long,jsmn_long-128-warm,720,204,1679360,8192,708,4449,489,63924939,64191159,0
BT32-fold-long,jsmn_long-128-warm,720,205,1687552,8192,470,4331,326,64191163,64498873,0
BT32-fold-long,jsmn_long-128-warm,720,206,1695744,8192,706,4446,483,64498877,64766089,0
BT32-fold-long,jsmn_long-128-warm,720,207,1703936,8192,590,4391,407,64766187,65045597,0
BT32-fold-long,jsmn_long-128-warm,720,208,1712128,8192,561,4373,383,65045599,65343828,0
BT32-fold-long,jsmn_long-128-warm,720,209,1720320,8192,669,4431,464,65343926,65617251,0
BT32-fold-long,jsmn_long-128-warm,720,210,1728512,8192,493,4341,337,65617259,65937187,0
BT32-fold-long,jsmn_long-128-warm,720,211,1736704,8192,709,4449,489,65937290,66197158,0
BT32-fold-long,jsmn_long-128-warm,720,212,1744896,8192,550,4371,381,66197159,66494804,0
BT32-fold-long,jsmn_long-128-warm,720,213,1753088,8192,620,4404,424,66494808,66782957,0
BT32-fold-long,jsmn_long-128-warm,720,214,1761280,8192,638,4416,441,66783055,67057085,0
BT32-fold-long,jsmn_long-128-warm,720,215,1769472,8192,525,4356,360,67057286,67369788,0
BT32-fold-long,jsmn_long-128-warm,720,216,1777664,8192,688,4440,475,67369886,67634202,0
BT32-fold-long,jsmn_long-128-warm,720,217,1785828,8164,435,4295,298,67634308,67953176,1
BT32-fold-long,miniz_long-128-cold,720,0,8192,8192,314,291,301,3392,293146,0
BT32-fold-long,miniz_long-128-cold,720,1,16384,8192,1197,1280,1009,293149,556063,0
BT32-fold-long,miniz_long-128-cold,720,2,24576,8192,473,467,419,556069,837898,0
BT32-fold-long,miniz_long-128-cold,720,3,32768,8192,1000,1045,862,838002,1091824,0
BT32-fold-long,miniz_long-128-cold,720,4,40960,8192,669,717,568,1091825,1352765,0
BT32-fold-long,miniz_long-128-cold,720,5,49152,8192,756,821,676,1352869,1653231,0
BT32-fold-long,miniz_long-128-cold,720,6,57344,8192,900,904,766,1653236,1915134,0
BT32-fold-long,miniz_long-128-cold,720,7,65536,8192,544,608,497,1915137,2202356,0
BT32-fold-long,miniz_long-128-cold,720,8,73728,8192,1203,1159,1015,2202359,2482179,0
BT32-fold-long,miniz_long-128-cold,720,9,81920,8192,291,380,298,2482182,2734436,0
BT32-fold-long,miniz_long-128-cold,720,10,90112,8192,1467,1387,1221,2734438,3037838,0
BT32-fold-long,miniz_long-128-cold,720,11,98304,8192,240,210,236,3037843,3271422,0
BT32-fold-long,miniz_long-128-cold,720,12,106496,8192,1310,1418,1069,3271529,3589932,0
BT32-fold-long,miniz_long-128-cold,720,13,114688,8192,260,248,247,3589935,3811954,0
BT32-fold-long,miniz_long-128-cold,720,14,122880,8192,1441,1511,1207,3812058,4129987,0
BT32-fold-long,miniz_long-128-cold,720,15,131072,8192,255,221,237,4130091,4371015,0
BT32-fold-long,miniz_long-128-cold,720,16,139264,8192,1462,1535,1237,4371018,4669753,0
BT32-fold-long,miniz_long-128-cold,720,17,147456,8192,283,254,276,4669756,4953714,0
BT32-fold-long,miniz_long-128-cold,720,18,155648,8192,1517,1543,1268,4953717,5252469,0
BT32-fold-long,miniz_long-128-cold,720,19,163840,8192,284,246,276,5252472,5522028,0
BT32-fold-long,miniz_long-128-cold,720,20,172032,8192,1513,1564,1270,5522031,5823045,0
BT32-fold-long,miniz_long-128-cold,720,21,180224,8192,296,255,279,5823402,6106626,0
BT32-fold-long,miniz_long-128-cold,720,22,188416,8192,1235,1251,1033,6106629,6368393,0
BT32-fold-long,miniz_long-128-cold,720,23,196608,8192,541,533,484,6368407,6665435,0
BT32-fold-long,miniz_long-128-cold,720,24,204800,8192,907,936,761,6665539,6940900,0
BT32-fold-long,miniz_long-128-cold,720,25,212992,8192,843,881,724,6941109,7209034,0
BT32-fold-long,miniz_long-128-cold,720,26,221184,8192,607,644,543,7209037,7499595,0
BT32-fold-long,miniz_long-128-cold,720,27,229376,8192,1215,1158,1006,7499597,7783723,0
BT32-fold-long,miniz_long-128-cold,720,28,237568,8192,305,369,302,7783726,8026542,0
BT32-fold-long,miniz_long-128-cold,720,29,245760,8192,1479,1403,1223,8026646,8322715,0
BT32-fold-long,miniz_long-128-cold,720,30,253952,8192,199,73,194,8322723,8545393,0
BT32-fold-long,miniz_long-128-cold,720,31,262144,8192,1436,1231,1179,8545497,8859975,0
BT32-fold-long,miniz_long-128-cold,720,32,270336,8192,254,218,246,8860079,9069527,0
BT32-fold-long,miniz_long-128-cold,720,33,278528,8192,1535,1568,1253,9069538,9371165,0
BT32-fold-long,miniz_long-128-cold,720,34,286720,8192,270,239,262,9371168,9654398,0
BT32-fold-long,miniz_long-128-cold,720,35,294912,8192,1546,1588,1267,9654401,9961977,0
BT32-fold-long,miniz_long-128-cold,720,36,303104,8192,285,244,277,9962079,10257394,0
BT32-fold-long,miniz_long-128-cold,720,37,311296,8192,1557,1561,1279,10257397,10559169,0
BT32-fold-long,miniz_long-128-cold,720,38,319488,8192,292,255,272,10559176,10841912,0
BT32-fold-long,miniz_long-128-cold,720,39,327680,8192,1258,1240,1038,10841915,11106986,0
BT32-fold-long,miniz_long-128-cold,720,40,335872,8192,593,549,503,11107096,11390182,0
BT32-fold-long,miniz_long-128-cold,720,41,344064,8192,904,947,757,11390187,11664870,0
BT32-fold-long,miniz_long-128-cold,720,42,352256,8192,872,906,742,11664882,11935700,0
BT32-fold-long,miniz_long-128-cold,720,43,360448,8192,579,339,498,11935703,12239792,0
BT32-fold-long,miniz_long-128-cold,720,44,368640,8192,1220,1160,1035,12239795,12535670,0
BT32-fold-long,miniz_long-128-cold,720,45,376832,8192,294,384,299,12535673,12813691,0
BT32-fold-long,miniz_long-128-cold,720,46,385024,8192,1567,1436,1264,12813796,13118246,0
BT32-fold-long,miniz_long-128-cold,720,47,393216,8192,202,189,197,13118251,13339288,0
BT32-fold-long,miniz_long-128-cold,720,48,401408,8192,1465,1468,1178,13339392,13663243,0
BT32-fold-long,miniz_long-128-cold,720,49,409600,8192,259,226,247,13663248,13882138,0
BT32-fold-long,miniz_long-128-cold,720,50,417792,8192,1471,1514,1217,13882149,14181102,0
BT32-fold-long,miniz_long-128-cold,720,51,425984,8192,287,247,279,14181105,14463549,0
BT32-fold-long,miniz_long-128-cold,720,52,434176,8192,1515,1575,1231,14463552,14765853,0
BT32-fold-long,miniz_long-128-cold,720,53,442368,8192,303,264,295,14765856,15036507,0
BT32-fold-long,miniz_long-128-cold,720,54,450560,8192,1509,1501,1259,15036510,15319225,0
BT32-fold-long,miniz_long-128-cold,720,55,458752,8192,364,329,335,15319316,15619392,0
BT32-fold-long,miniz_long-128-cold,720,56,466944,8192,1115,1066,901,15619395,15872129,0
BT32-fold-long,miniz_long-128-cold,720,57,475136,8192,722,725,616,15872135,16140559,0
BT32-fold-long,miniz_long-128-cold,720,58,483328,8192,782,776,664,16140666,16431555,0
BT32-fold-long,miniz_long-128-cold,720,59,491520,8192,1091,998,897,16431658,16701824,0
BT32-fold-long,miniz_long-128-cold,720,60,499712,8192,406,490,382,16701827,16993930,0
BT32-fold-long,miniz_long-128-cold,720,61,507904,8192,1345,1294,1134,16994134,17276454,0
BT32-fold-long,miniz_long-128-cold,720,62,516096,8192,268,289,265,17276457,17520780,0
BT32-fold-long,miniz_long-128-cold,720,63,524288,8192,1432,1391,1154,17520783,17850989,0
BT32-fold-long,miniz_long-128-cold,720,64,532480,8192,242,238,231,17851102,18060459,0
BT32-fold-long,miniz_long-128-cold,720,65,540672,8192,1471,1506,1197,18060465,18368514,0
BT32-fold-long,miniz_long-128-cold,720,66,548864,8192,264,224,246,18368618,18622392,0
BT32-fold-long,miniz_long-128-cold,720,67,557056,8192,1545,1602,1265,18622395,18929403,0
BT32-fold-long,miniz_long-128-cold,720,68,565248,8192,289,243,270,18929406,19211422,0
BT32-fold-long,miniz_long-128-cold,720,69,573440,8192,1519,1538,1261,19211524,19501975,0
BT32-fold-long,miniz_long-128-cold,720,70,581632,8192,282,240,274,19501978,19795914,0
BT32-fold-long,miniz_long-128-cold,720,71,589824,8192,1369,1332,1151,19795917,20069616,0
BT32-fold-long,miniz_long-128-cold,720,72,598016,8192,496,478,440,20069617,20357317,0
BT32-fold-long,miniz_long-128-cold,720,73,606208,8192,996,989,841,20357421,20630916,0
BT32-fold-long,miniz_long-128-cold,720,74,614400,8192,851,858,717,20631026,20900227,0
BT32-fold-long,miniz_long-128-cold,720,75,622592,8192,576,606,520,20900230,21176924,0
BT32-fold-long,miniz_long-128-cold,720,76,630784,8192,1259,1248,1057,21177026,21464239,0
BT32-fold-long,miniz_long-128-cold,720,77,638976,8192,272,359,268,21464242,21724489,0
BT32-fold-long,miniz_long-128-cold,720,78,647168,8192,1551,1461,1265,21724593,22059774,0
BT32-fold-long,miniz_long-128-cold,720,79,655360,8192,227,219,224,22059777,22265400,0
BT32-fold-long,miniz_long-128-cold,720,80,663552,8192,1541,1536,1257,22265504,22561600,0
BT32-fold-long,miniz_long-128-cold,720,81,671744,8192,274,239,270,22561704,22848208,0
BT32-fold-long,miniz_long-128-cold,720,82,679936,8192,1603,1591,1330,22848211,23157243,0
BT32-fold-long,miniz_long-128-cold,720,83,688128,8192,298,254,289,23157246,23440276,0
BT32-fold-long,miniz_long-128-cold,720,84,696320,8192,1544,1491,1268,23440279,23730996,0
BT32-fold-long,miniz_long-128-cold,720,85,704512,8192,356,328,333,23731117,24018112,0
BT32-fold-long,miniz_long-128-cold,720,86,712704,8192,1115,1083,930,24018115,24272384,0
BT32-fold-long,miniz_long-128-cold,720,87,720896,8192,777,720,645,24272389,24532395,0
BT32-fold-long,miniz_long-128-cold,720,88,729088,8192,700,716,614,24532398,24844212,0
BT32-fold-long,miniz_long-128-cold,720,89,737280,8192,1199,1105,978,24844214,25123544,0
BT32-fold-long,miniz_long-128-cold,720,90,745472,8192,317,398,318,25123547,25405674,0
BT32-fold-long,miniz_long-128-cold,720,91,753664,8192,1610,1465,1312,25405678,25711238,0
BT32-fold-long,miniz_long-128-cold,720,92,761856,8192,207,190,203,25711243,25929474,0
BT32-fold-long,miniz_long-128-cold,720,93,770048,8192,1472,1418,1172,25929578,26246673,0
BT32-fold-long,miniz_long-128-cold,720,94,778240,8192,265,226,257,26246777,26473699,0
BT32-fold-long,miniz_long-128-cold,720,95,786432,8192,1535,1594,1293,26473714,26780396,0
BT32-fold-long,miniz_long-128-cold,720,96,794624,8192,323,272,301,26780399,27064860,0
BT32-fold-long,miniz_long-128-cold,720,97,802816,8192,1625,1578,1362,27064863,27374580,0
BT32-fold-long,miniz_long-128-cold,720,98,811008,8192,297,252,276,27374583,27644348,0
BT32-fold-long,miniz_long-128-cold,720,99,819200,8192,1271,1240,1027,27644351,27907840,0
BT32-fold-long,miniz_long-128-cold,720,100,827392,8192,610,616,529,27907855,28185632,0
BT32-fold-long,miniz_long-128-cold,720,101,835584,8192,826,833,706,28185736,28466397,0
BT32-fold-long,miniz_long-128-cold,720,102,843776,8192,1023,995,844,28466405,28744546,0
BT32-fold-long,miniz_long-128-cold,720,103,851968,8192,447,514,405,28744648,29037920,0
BT32-fold-long,miniz_long-128-cold,720,104,860160,8192,1434,1325,1151,29038038,29351580,0
BT32-fold-long,miniz_long-128-cold,720,105,868352,8192,244,210,240,29351583,29593708,0
BT32-fold-long,miniz_long-128-cold,720,106,876544,8192,1438,1447,1199,29593714,29899427,0
BT32-fold-long,miniz_long-128-cold,720,107,884736,8192,280,250,270,29899531,30113388,0
BT32-fold-long,miniz_long-128-cold,720,108,892928,8192,1615,1609,1335,30113395,30415446,0
BT32-fold-long,miniz_long-128-cold,720,109,901120,8192,290,245,271,30415449,30698054,0
BT32-fold-long,miniz_long-128-cold,720,110,909312,8192,1632,1685,1334,30698057,31007358,0
BT32-fold-long,miniz_long-128-cold,720,111,917504,8192,281,251,273,31007361,31290545,0
BT32-fold-long,miniz_long-128-cold,720,112,925696,8192,1405,1375,1172,31290548,31565898,0
BT32-fold-long,miniz_long-128-cold,720,113,933888,8192,494,465,438,31565906,31866775,0
BT32-fold-long,miniz_long-128-cold,720,114,942080,8192,962,937,810,31866879,32135635,0
BT32-fold-long,miniz_long-128-cold,720,115,950272,8192,927,878,787,32135750,32408674,0
BT32-fold-long,miniz_long-128-cold,720,116,958464,8192,568,597,515,32408677,32706910,0
BT32-fold-long,miniz_long-128-cold,720,117,966656,8192,1426,1267,1137,32706915,32999884,0
BT32-fold-long,miniz_long-128-cold,720,118,974848,8192,266,79,262,32999887,33243986,0
BT32-fold-long,miniz_long-128-cold,720,119,983040,8192,1465,1331,1184,33244092,33566085,0
BT32-fold-long,miniz_long-128-cold,720,120,991232,8192,262,254,247,33566189,33781560,0
BT32-fold-long,miniz_long-128-cold,720,121,999424,8192,1571,1573,1312,33781563,34086960,0
BT32-fold-long,miniz_long-128-cold,720,122,1007616,8192,304,258,296,34086963,34384889,0
BT32-fold-long,miniz_long-128-cold,720,123,1015808,8192,1647,1610,1361,34384892,34696524,0
BT32-fold-long,miniz_long-128-cold,720,124,1024000,8192,313,265,292,34696527,34992745,0
BT32-fold-long,miniz_long-128-cold,720,125,1032192,8192,1298,1301,1079,34992748,35259229,0
BT32-fold-long,miniz_long-128-cold,720,126,1040384,8192,583,576,519,35259344,35540564,0
BT32-fold-long,miniz_long-128-cold,720,127,1048576,8192,844,885,719,35540569,35819198,0
BT32-fold-long,miniz_long-128-cold,720,128,1056768,8192,1040,1001,878,35819205,36087656,0
BT32-fold-long,miniz_long-128-cold,720,129,1064960,8192,449,486,434,36087659,36379306,0
BT32-fold-long,miniz_long-128-cold,720,130,1073152,8192,1463,1370,1167,36379408,36693111,0
BT32-fold-long,miniz_long-128-cold,720,131,1081344,8192,256,211,252,36693116,36923350,0
BT32-fold-long,miniz_long-128-cold,720,132,1089536,8192,1487,1525,1198,36923454,37228002,0
BT32-fold-long,miniz_long-128-cold,720,133,1097728,8192,268,233,263,37228106,37459951,0
BT32-fold-long,miniz_long-128-cold,720,134,1105920,8192,1686,1661,1395,37459954,37771653,0
BT32-fold-long,miniz_long-128-cold,720,135,1114112,8192,280,245,273,37771656,38053966,0
BT32-fold-long,miniz_long-128-cold,720,136,1122304,8192,1588,1554,1320,38053969,38357905,0
BT32-fold-long,miniz_long-128-cold,720,137,1130496,8192,315,278,299,38357908,38644887,0
BT32-fold-long,miniz_long-128-cold,720,138,1138688,8192,1196,1189,1016,38644890,38903530,0
BT32-fold-long,miniz_long-128-cold,720,139,1146880,8192,632,629,555,38903538,39177657,0
BT32-fold-long,miniz_long-128-cold,720,140,1155072,8192,831,810,705,39177764,39461104,0
BT32-fold-long,miniz_long-128-cold,720,141,1163264,8192,1042,995,875,39461217,39729410,0
BT32-fold-long,miniz_long-128-cold,720,142,1171456,8192,414,491,392,39729413,40019472,0
BT32-fold-long,miniz_long-128-cold,720,143,1179648,8192,1491,1374,1226,40019474,40332152,0
BT32-fold-long,miniz_long-128-cold,720,144,1187840,8192,255,209,252,40332155,40563572,0
BT32-fold-long,miniz_long-128-cold,720,145,1196032,8192,1547,1520,1245,40563582,40865911,0
BT32-fold-long,miniz_long-128-cold,720,146,1204224,8192,247,219,243,40866015,41082929,0
BT32-fold-long,miniz_long-128-cold,720,147,1212416,8192,1634,1585,1344,41082940,41394221,0
BT32-fold-long,miniz_long-128-cold,720,148,1220608,8192,289,247,274,41394224,41651397,0
BT32-fold-long,miniz_long-128-cold,720,149,1228800,8192,1638,1626,1337,41651400,41955745,0
BT32-fold-long,miniz_long-128-cold,720,150,1236992,8192,350,304,334,41955748,42256698,0
BT32-fold-long,miniz_long-128-cold,720,151,1245184,8192,1125,1133,928,42256800,42513129,0
BT32-fold-long,miniz_long-128-cold,720,152,1253376,8192,739,733,639,42513135,42775480,0
BT32-fold-long,miniz_long-128-cold,720,153,1261568,8192,699,703,613,42775483,43084171,0
BT32-fold-long,miniz_long-128-cold,720,154,1269760,8192,1292,1157,1050,43084175,43364529,0
BT32-fold-long,miniz_long-128-cold,720,155,1277952,8192,306,368,302,43364532,43629968,0
BT32-fold-long,miniz_long-128-cold,720,156,1286144,8192,1511,1446,1255,43630072,43945796,0
BT32-fold-long,miniz_long-128-cold,720,157,1294336,8192,230,240,227,43945902,44152266,0
BT32-fold-long,miniz_long-128-cold,720,158,1302528,8192,1558,1510,1281,44152370,44446694,0
BT32-fold-long,miniz_long-128-cold,720,159,1310720,8192,304,260,300,44446798,44707997,0
BT32-fold-long,miniz_long-128-cold,720,160,1318912,8192,1626,1592,1320,44708000,45005639,0
BT32-fold-long,miniz_long-128-cold,720,161,1327104,8192,306,253,292,45005642,45302063,0
BT32-fold-long,miniz_long-128-cold,720,162,1335296,8192,1437,1450,1198,45302066,45581986,0
BT32-fold-long,miniz_long-128-cold,720,163,1343488,8192,411,402,376,45581989,45900951,0
BT32-fold-long,miniz_long-128-cold,720,164,1351680,8192,1045,999,862,45900958,46152533,0
BT32-fold-long,miniz_long-128-cold,720,165,1359872,8192,852,792,706,46152539,46417401,0
BT32-fold-long,miniz_long-128-cold,720,166,1368064,8192,627,626,560,46417404,46722814,0
BT32-fold-long,miniz_long-128-cold,720,167,1376256,8192,1301,1190,1053,46722820,47007963,0
BT32-fold-long,miniz_long-128-cold,720,168,1384448,8192,278,360,274,47007966,47269196,0
BT32-fold-long,miniz_long-128-cold,720,169,1392640,8192,1464,1410,1200,47269300,47601189,0
BT32-fold-long,miniz_long-128-cold,720,170,1400832,8192,214,215,210,47601195,47812379,0
BT32-fold-long,miniz_long-128-cold,720,171,1409024,8192,1561,1522,1289,47812486,48105636,0
BT32-fold-long,miniz_long-128-cold,720,172,1417216,8192,281,236,268,48105740,48377250,0
BT32-fold-long,miniz_long-128-cold,720,173,1425408,8192,1698,1656,1384,48377253,48688081,0
BT32-fold-long,miniz_long-128-cold,720,174,1433600,8192,295,245,283,48688084,48983330,0
BT32-fold-long,miniz_long-128-cold,720,175,1441792,8192,1487,1436,1239,48983333,49265041,0
BT32-fold-long,miniz_long-128-cold,720,176,1449984,8192,425,431,388,49265042,49539362,0
BT32-fold-long,miniz_long-128-cold,720,177,1458176,8192,1024,724,861,49539367,49797365,0
BT32-fold-long,miniz_long-128-cold,720,178,1466368,8192,927,865,744,49797367,50071019,0
BT32-fold-long,miniz_long-128-cold,720,179,1474560,8192,560,577,510,50071022,50369915,0
BT32-fold-long,miniz_long-128-cold,720,180,1482752,8192,1366,1288,1148,50369917,50677457,0
BT32-fold-long,miniz_long-128-cold,720,181,1490944,8192,274,273,271,50677460,50921841,0
BT32-fold-long,miniz_long-128-cold,720,182,1499136,8192,1504,1453,1170,50921844,51243833,0
BT32-fold-long,miniz_long-128-cold,720,183,1507328,8192,256,241,249,51243937,51463734,0
BT32-fold-long,miniz_long-128-cold,720,184,1515520,8192,1637,1606,1349,51463737,51768671,0
BT32-fold-long,miniz_long-128-cold,720,185,1523712,8192,313,263,289,51768674,52052222,0
BT32-fold-long,miniz_long-128-cold,720,186,1531904,8192,1592,1572,1304,52052225,52360431,0
BT32-fold-long,miniz_long-128-cold,720,187,1540096,8192,304,258,285,52360434,52644009,0
BT32-fold-long,miniz_long-128-cold,720,188,1548288,8192,1347,1261,1101,52644012,52911341,0
BT32-fold-long,miniz_long-128-cold,720,189,1556480,8192,629,631,541,52911345,53179735,0
BT32-fold-long,miniz_long-128-cold,720,190,1564672,8192,830,810,703,53179839,53469580,0
BT32-fold-long,miniz_long-128-cold,720,191,1572864,8192,1161,1003,953,53469788,53744632,0
BT32-fold-long,miniz_long-128-cold,720,192,1581056,8192,343,415,344,53744635,54028185,0
BT32-fold-long,miniz_long-128-cold,720,193,1589248,8192,1559,1445,1282,54028190,54335825,0
BT32-fold-long,miniz_long-128-cold,720,194,1597440,8192,206,194,202,54335830,54548780,0
BT32-fold-long,miniz_long-128-cold,720,195,1605632,8192,1582,1584,1279,54548884,54838994,0
BT32-fold-long,miniz_long-128-cold,720,196,1613824,8192,261,234,256,54839098,55107153,0
BT32-fold-long,miniz_long-128-cold,720,197,1622016,8192,1688,1638,1373,55107156,55421265,0
BT32-fold-long,miniz_long-128-cold,720,198,1630208,8192,295,249,283,55421268,55691039,0
BT32-fold-long,miniz_long-128-cold,720,199,1638400,8192,1606,1510,1344,55691042,55978873,0
BT32-fold-long,miniz_long-128-cold,720,200,1646592,8192,392,377,360,55978988,56287144,0
BT32-fold-long,miniz_long-128-cold,720,201,1654784,8192,1043,1022,870,56287147,56535157,0
BT32-fold-long,miniz_long-128-cold,720,202,1662976,8192,852,816,729,56535161,56803608,0
BT32-fold-long,miniz_long-128-cold,720,203,1671168,8192,601,336,540,56803611,57106347,0
BT32-fold-long,miniz_long-128-cold,720,204,1679360,8192,1369,1281,1130,57106452,57409149,0
BT32-fold-long,miniz_long-128-cold,720,205,1687552,8192,288,340,286,57409152,57656283,0
BT32-fold-long,miniz_long-128-cold,720,206,1695744,8192,1492,1346,1198,57656290,57994786,0
BT32-fold-long,miniz_long-128-cold,720,207,1703936,8192,267,255,261,57994895,58202045,0
BT32-fold-long,miniz_long-128-cold,720,208,1712128,8192,1567,1535,1312,58202051,58490508,0
BT32-fold-long,miniz_long-128-cold,720,209,1720320,8192,307,242,286,58490511,58787587,0
BT32-fold-long,miniz_long-128-cold,720,210,1728512,8192,1543,1282,1291,58787689,59096601,0
BT32-fold-long,miniz_long-128-cold,720,211,1736704,8192,287,246,269,59096703,59391402,0
BT32-fold-long,miniz_long-128-cold,720,212,1744896,8192,1421,1374,1163,59391405,59665701,0
BT32-fold-long,miniz_long-128-cold,720,213,1753088,8192,482,483,431,59665712,59947108,0
BT32-fold-long,miniz_long-128-cold,720,214,1761280,8192,968,980,825,59947212,60212418,0
BT32-fold-long,miniz_long-128-cold,720,215,1769472,8192,932,884,786,60212422,60486083,0
BT32-fold-long,miniz_long-128-cold,720,216,1777664,8192,546,554,494,60486086,60782660,0
BT32-fold-long,miniz_long-128-cold,720,217,1785856,8192,1431,1331,1153,60782671,61081925,0
BT32-fold-long,miniz_long-128-cold,720,218,1794048,8192,244,71,240,61081928,61324361,0
BT32-fold-long,miniz_long-128-cold,720,219,1802240,8192,1522,1308,1225,61324465,61632778,0
BT32-fold-long,miniz_long-128-cold,720,220,1810432,8192,256,219,247,61632882,61861057,0
BT32-fold-long,miniz_long-128-cold,720,221,1818624,8192,1665,1611,1348,61861068,62170408,0
BT32-fold-long,miniz_long-128-cold,720,222,1826816,8192,294,250,275,62170411,62465439,0
BT32-fold-long,miniz_long-128-cold,720,223,1835008,8192,1677,1648,1356,62465442,62776980,0
BT32-fold-long,miniz_long-128-cold,720,224,1843200,8192,288,247,271,62776983,63072666,0
BT32-fold-long,miniz_long-128-cold,720,225,1851392,8192,1224,1166,991,63072669,63334642,0
BT32-fold-long,miniz_long-128-cold,720,226,1859584,8192,698,669,598,63334848,63606789,0
BT32-fold-long,miniz_long-128-cold,720,227,1867776,8192,776,808,685,63606893,63903630,0
BT32-fold-long,miniz_long-128-cold,720,228,1875968,8192,1140,1055,937,63903633,64188955,0
BT32-fold-long,miniz_long-128-cold,720,229,1884160,8192,358,427,352,64188958,64474944,0
BT32-fold-long,miniz_long-128-cold,720,230,1892352,8192,1594,1460,1292,64474945,64791767,0
BT32-fold-long,miniz_long-128-cold,720,231,1900544,8192,212,201,208,64791773,65010697,0
BT32-fold-long,miniz_long-128-cold,720,232,1908736,8192,1615,1503,1287,65010801,65300151,0
BT32-fold-long,miniz_long-128-cold,720,233,1916928,8192,266,231,263,65300257,65579591,0
BT32-fold-long,miniz_long-128-cold,720,234,1925120,8192,1706,1582,1381,65579594,65891298,0
BT32-fold-long,miniz_long-128-cold,720,235,1933312,8192,305,257,291,65891301,66175452,0
BT32-fold-long,miniz_long-128-cold,720,236,1941504,8192,1473,1458,1244,66175455,66457065,0
BT32-fold-long,miniz_long-128-cold,720,237,1949696,8192,459,434,403,66457069,66755349,0
BT32-fold-long,miniz_long-128-cold,720,238,1957888,8192,1015,996,847,66755453,67016175,0
BT32-fold-long,miniz_long-128-cold,720,239,1966080,8192,965,892,792,67016183,67277955,0
BT32-fold-long,miniz_long-128-cold,720,240,1974272,8192,482,512,450,67277958,67573742,0
BT32-fold-long,miniz_long-128-cold,720,241,1982464,8192,1473,1373,1201,67573744,67872416,0
BT32-fold-long,miniz_long-128-cold,720,242,1990656,8192,246,207,243,67872419,68108494,0
BT32-fold-long,miniz_long-128-cold,720,243,1998848,8192,1480,1502,1221,68108598,68419826,0
BT32-fold-long,miniz_long-128-cold,720,244,2007040,8192,252,221,247,68419930,68640668,0
BT32-fold-long,miniz_long-128-cold,720,245,2015232,8192,1650,1593,1358,68640679,68944167,0
BT32-fold-long,miniz_long-128-cold,720,246,2023424,8192,311,256,298,68944170,69240529,0
BT32-fold-long,miniz_long-128-cold,720,247,2031616,8192,1653,1619,1349,69240532,69554212,0
BT32-fold-long,miniz_long-128-cold,720,248,2039808,8192,326,261,305,69554225,69841184,0
BT32-fold-long,miniz_long-128-cold,720,249,2048000,8192,1200,848,989,69841187,70096090,0
BT32-fold-long,miniz_long-128-cold,720,250,2056192,8192,818,775,685,70096196,70359744,0
BT32-fold-long,miniz_long-128-cold,720,251,2064384,8192,717,684,616,70359747,70668694,0
BT32-fold-long,miniz_long-128-cold,720,252,2072576,8192,1250,1180,1031,70668796,70958149,0
BT32-fold-long,miniz_long-128-cold,720,253,2080768,8192,287,363,283,70958251,71215041,0
BT32-fold-long,miniz_long-128-cold,720,254,2088960,8192,1499,1342,1227,71215145,71533029,0
BT32-fold-long,miniz_long-128-cold,720,255,2097152,8192,277,277,257,71533629,71741305,0
BT32-fold-long,miniz_long-128-cold,720,256,2105344,8192,1621,1563,1313,71741409,72033944,0
BT32-fold-long,miniz_long-128-cold,720,257,2113536,8192,292,251,274,72033947,72331784,0
BT32-fold-long,miniz_long-128-cold,720,258,2121728,8192,1683,1606,1340,72331787,72642460,0
BT32-fold-long,miniz_long-128-cold,720,259,2129920,8192,310,258,296,72642463,72938935,0
BT32-fold-long,miniz_long-128-cold,720,260,2138112,8192,1285,1306,1064,72938938,73208021,0
BT32-fold-long,miniz_long-128-cold,720,261,2146304,8192,634,618,544,73208128,73482441,0
BT32-fold-long,miniz_long-128-cold,720,262,2154496,8192,850,825,702,73482545,73764044,0
BT32-fold-long,miniz_long-128-cold,720,263,2162688,8192,1122,1056,944,73764048,74052791,0
BT32-fold-long,miniz_long-128-cold,720,264,2170880,8192,336,401,344,74052794,74332135,0
BT32-fold-long,miniz_long-128-cold,720,265,2179072,8192,1580,1473,1270,74332139,74640175,0
BT32-fold-long,miniz_long-128-cold,720,266,2187264,8192,250,228,246,74640186,74843991,0
BT32-fold-long,miniz_long-128-cold,720,267,2195456,8192,1547,1457,1267,74844104,75133713,0
BT32-fold-long,miniz_long-128-cold,720,268,2203648,8192,297,245,292,75133817,75411142,0
BT32-fold-long,miniz_long-128-cold,720,269,2211840,8192,1750,1434,1425,75411145,75727478,0
BT32-fold-long,miniz_long-128-cold,720,270,2220032,8192,305,258,283,75727481,76023608,0
BT32-fold-long,miniz_long-128-cold,720,271,2228224,8192,1338,1342,1098,76023611,76295759,0
BT32-fold-long,miniz_long-128-cold,720,272,2236416,8192,617,603,537,76295775,76589617,0
BT32-fold-long,miniz_long-128-cold,720,273,2244608,8192,887,842,750,76589721,76867061,0
BT32-fold-long,miniz_long-128-cold,720,274,2252800,8192,1085,1063,895,76867065,77156121,0
BT32-fold-long,miniz_long-128-cold,720,275,2260992,8192,385,464,382,77156124,77430963,0
BT32-fold-long,miniz_long-128-cold,720,276,2269184,8192,1582,1408,1268,77430979,77732371,0
BT32-fold-long,miniz_long-128-cold,720,277,2277376,8192,214,202,210,77732475,77949584,0
BT32-fold-long,miniz_long-128-cold,720,278,2285568,8192,1596,1471,1267,77949591,78237887,0
BT32-fold-long,miniz_long-128-cold,720,279,2293760,8192,281,245,265,78238000,78505000,0
BT32-fold-long,miniz_long-128-cold,720,280,2301952,8192,1692,1662,1376,78505102,78821339,0
BT32-fold-long,miniz_long-128-cold,720,281,2310144,8192,321,265,308,78821342,79104119,0
BT32-fold-long,miniz_long-128-cold,720,282,2318336,8192,1415,1347,1156,79104122,79378170,0
BT32-fold-long,miniz_long-128-cold,720,283,2326528,8192,623,595,544,79378181,79661275,0
BT32-fold-long,miniz_long-128-cold,720,284,2334720,8192,815,813,705,79661374,79946440,0
BT32-fold-long,miniz_long-128-cold,720,285,2342912,8192,1078,1012,896,79946454,80230631,0
BT32-fold-long,miniz_long-128-cold,720,286,2351104,8192,391,448,381,80230634,80517396,0
BT32-fold-long,miniz_long-128-cold,720,287,2359296,8192,1608,1415,1269,80517398,80820906,0
BT32-fold-long,miniz_long-128-cold,720,288,2367488,8192,216,194,211,80820917,81038164,0
BT32-fold-long,miniz_long-128-cold,720,289,2375680,8192,1615,1535,1290,81038170,81331222,0
BT32-fold-long,miniz_long-128-cold,720,290,2383872,8192,271,233,256,81331326,81611086,0
BT32-fold-long,miniz_long-128-cold,720,291,2392064,8192,1614,1578,1300,81611089,81920805,0
BT32-fold-long,miniz_long-128-cold,720,292,2400256,8192,293,250,275,81920808,82216996,0
BT32-fold-long,miniz_long-128-cold,720,293,2408448,8192,1568,1461,1292,82216999,82506085,0
BT32-fold-long,miniz_long-128-cold,720,294,2408740,292,63,83,50,82506092,82525193,1
BT32-fold-long,miniz_long-128-warm,720,0,8192,8192,320,306,308,4644185,4934535,0
BT32-fold-long,miniz_long-128-warm,720,1,16384,8192,1187,1209,990,4934538,5192009,0
BT32-fold-long,miniz_long-128-warm,720,2,24576,8192,588,565,529,5192025,5462468,0
BT32-fold-long,miniz_long-128-warm,720,3,32768,8192,926,921,801,5462572,5739263,0
BT32-fold-long,miniz_long-128-warm,720,4,40960,8192,846,873,711,5739274,5995058,0
BT32-fold-long,miniz_long-128-warm,720,5,49152,8192,619,664,556,5995061,6300231,0
BT32-fold-long,miniz_long-128-warm,720,6,57344,8192,1174,1132,977,6300235,6590799,0
BT32-fold-long,miniz_long-128-warm,720,7,65536,8192,311,415,315,6590802,6874620,0
BT32-fold-long,miniz_long-128-warm,720,8,73728,8192,1484,1429,1216,6874626,7188970,0
BT32-fold-long,miniz_long-128-warm,720,9,81920,8192,238,209,233,7188975,7423236,0
BT32-fold-long,miniz_long-128-warm,720,10,90112,8192,1395,1415,1133,7423242,7726651,0
BT32-fold-long,miniz_long-128-warm,720,11,98304,8192,271,259,262,7726658,7926695,0
BT32-fold-long,miniz_long-128-warm,720,12,106496,8192,1498,1508,1260,7926702,8211756,0
BT32-fold-long,miniz_long-128-warm,720,13,114688,8192,288,227,266,8211759,8480370,0
BT32-fold-long,miniz_long-128-warm,720,14,122880,8192,1514,1236,1258,8480373,8779148,0
BT32-fold-long,miniz_long-128-warm,720,15,131072,8192,289,242,278,8779151,9047415,0
BT32-fold-long,miniz_long-128-warm,720,16,139264,8192,1539,1570,1257,9047418,9352749,0
BT32-fold-long,miniz_long-128-warm,720,17,147456,8192,269,238,261,9352752,9635219,0
BT32-fold-long,miniz_long-128-warm,720,18,155648,8192,1238,1257,1022,9635222,9903462,0
BT32-fold-long,miniz_long-128-warm,720,19,163840,8192,571,562,501,9903463,10202649,0
BT32-fold-long,miniz_long-128-warm,720,20,172032,8192,909,932,762,10202654,10477128,0
BT32-fold-long,miniz_long-128-warm,720,21,180224,8192,899,857,748,10477233,10730055,0
BT32-fold-long,miniz_long-128-warm,720,22,188416,8192,651,699,566,10730058,11037510,0
BT32-fold-long,miniz_long-128-warm,720,23,196608,8192,1220,1103,994,11037615,11316420,0
BT32-fold-long,miniz_long-128-warm,720,24,204800,8192,302,397,305,11316423,11597634,0
BT32-fold-long,miniz_long-128-warm,720,25,212992,8192,1515,1481,1236,11597842,11914320,0
BT32-fold-long,miniz_long-128-warm,720,26,221184,8192,207,66,202,11914419,12147387,0
BT32-fold-long,miniz_long-128-warm,720,27,229376,8192,1427,1276,1168,12147491,12478027,0
BT32-fold-long,miniz_long-128-warm,720,28,237568,8192,246,249,241,12478131,12693659,0
BT32-fold-long,miniz_long-128-warm,720,29,245760,8192,1559,1525,1280,12693666,12990342,0
BT32-fold-long,miniz_long-128-warm,720,30,253952,8192,294,255,274,12990345,13274126,0
BT32-fold-long,miniz_long-128-warm,720,31,262144,8192,1554,1580,1268,13274129,13577390,0
BT32-fold-long,miniz_long-128-warm,720,32,270336,8192,298,252,283,13577393,13860609,0
BT32-fold-long,miniz_long-128-warm,720,33,278528,8192,1475,1516,1221,13860612,14162686,0
BT32-fold-long,miniz_long-128-warm,720,34,286720,8192,286,246,278,14162689,14444469,0
BT32-fold-long,miniz_long-128-warm,720,35,294912,8192,1178,1234,968,14444472,14705616,0
BT32-fold-long,miniz_long-128-warm,720,36,303104,8192,606,586,525,14705620,14972910,0
BT32-fold-long,miniz_long-128-warm,720,37,311296,8192,883,863,757,14973014,15249765,0
BT32-fold-long,miniz_long-128-warm,720,38,319488,8192,957,944,804,15249766,15507952,0
BT32-fold-long,miniz_long-128-warm,720,39,327680,8192,510,558,452,15507955,15806361,0
BT32-fold-long,miniz_long-128-warm,720,40,335872,8192,1382,1264,1119,15806563,16111469,0
BT32-fold-long,miniz_long-128-warm,720,41,344064,8192,258,305,255,16111472,16346359,0
BT32-fold-long,miniz_long-128-warm,720,42,352256,8192,1540,1397,1232,16346366,16670640,0
BT32-fold-long,miniz_long-128-warm,720,43,360448,8192,230,226,226,16670737,16879881,0
BT32-fold-long,miniz_long-128-warm,720,44,368640,8192,1431,1463,1203,16879891,17193910,0
BT32-fold-long,miniz_long-128-warm,720,45,376832,8192,246,224,241,17194014,17428030,0
BT32-fold-long,miniz_long-128-warm,720,46,385024,8192,1526,1544,1257,17428033,17734943,0
BT32-fold-long,miniz_long-128-warm,720,47,393216,8192,284,241,264,17734946,18016882,0
BT32-fold-long,miniz_long-128-warm,720,48,401408,8192,1508,1574,1235,18016885,18322199,0
BT32-fold-long,miniz_long-128-warm,720,49,409600,8192,290,243,269,18322202,18603213,0
BT32-fold-long,miniz_long-128-warm,720,50,417792,8192,1389,1420,1146,18603216,18882945,0
BT32-fold-long,miniz_long-128-warm,720,51,425984,8192,443,422,388,18882950,19186488,0
BT32-fold-long,miniz_long-128-warm,720,52,434176,8192,1040,1056,874,19186592,19429723,0
BT32-fold-long,miniz_long-128-warm,720,53,442368,8192,713,698,613,19429729,19691906,0
BT32-fold-long,miniz_long-128-warm,720,54,450560,8192,755,769,644,19692010,20000653,0
BT32-fold-long,miniz_long-128-warm,720,55,458752,8192,1113,1039,949,20000664,20275440,0
BT32-fold-long,miniz_long-128-warm,720,56,466944,8192,367,437,359,20275443,20561829,0
BT32-fold-long,miniz_long-128-warm,720,57,475136,8192,1525,1437,1245,20561832,20878989,0
BT32-fold-long,miniz_long-128-warm,720,58,483328,8192,225,203,222,20878994,21081003,0
BT32-fold-long,miniz_long-128-warm,720,59,491520,8192,1451,1482,1198,21081107,21399007,0
BT32-fold-long,miniz_long-128-warm,720,60,499712,8192,234,218,229,21399111,21618358,0
BT32-fold-long,miniz_long-128-warm,720,61,507904,8192,1571,1607,1289,21618369,21923035,0
BT32-fold-long,miniz_long-128-warm,720,62,516096,8192,299,260,292,21923038,22220870,0
BT32-fold-long,miniz_long-128-warm,720,63,524288,8192,1633,1650,1351,22220873,22532844,0
BT32-fold-long,miniz_long-128-warm,720,64,532480,8192,289,250,281,22532847,22829029,0
BT32-fold-long,miniz_long-128-warm,720,65,540672,8192,1323,1294,1103,22829032,23099205,0
BT32-fold-long,miniz_long-128-warm,720,66,548864,8192,556,537,495,23099208,23385288,0
BT32-fold-long,miniz_long-128-warm,720,67,557056,8192,904,895,751,23385294,23656804,0
BT32-fold-long,miniz_long-128-warm,720,68,565248,8192,953,896,807,23656810,23932365,0
BT32-fold-long,miniz_long-128-warm,720,69,573440,8192,496,548,452,23932368,24204962,0
BT32-fold-long,miniz_long-128-warm,720,70,581632,8192,1461,1296,1187,24204968,24512947,0
BT32-fold-long,miniz_long-128-warm,720,71,589824,8192,255,245,251,24512950,24757704,0
BT32-fold-long,miniz_long-128-warm,720,72,598016,8192,1485,1426,1192,24757707,25074572,0
BT32-fold-long,miniz_long-128-warm,720,73,606208,8192,261,258,248,25074676,25284594,0
BT32-fold-long,miniz_long-128-warm,720,74,614400,8192,1606,1554,1317,25284707,25582033,0
BT32-fold-long,miniz_long-128-warm,720,75,622592,8192,292,252,285,25582036,25866876,0
BT32-fold-long,miniz_long-128-warm,720,76,630784,8192,1568,1533,1269,25866978,26170108,0
BT32-fold-long,miniz_long-128-warm,720,77,638976,8192,300,250,289,26170111,26453324,0
BT32-fold-long,miniz_long-128-warm,720,78,647168,8192,1439,1469,1217,26453327,26737111,0
BT32-fold-long,miniz_long-128-warm,720,79,655360,8192,423,399,381,26737116,27046649,0
BT32-fold-long,miniz_long-128-warm,720,80,663552,8192,1075,1026,909,27046652,27294104,0
BT32-fold-long,miniz_long-128-warm,720,81,671744,8192,783,763,667,27294106,27545756,0
BT32-fold-long,miniz_long-128-warm,720,82,679936,8192,667,687,579,27545759,27841749,0
BT32-fold-long,miniz_long-128-warm,720,83,688128,8192,1242,1186,1003,27841856,28123784,0
BT32-fold-long,miniz_long-128-warm,720,84,696320,8192,286,365,283,28123787,28391907,0
BT32-fold-long,miniz_long-128-warm,720,85,704512,8192,1545,1433,1249,28392011,28716055,0
BT32-fold-long,miniz_long-128-warm,720,86,712704,8192,202,218,199,28716268,28926622,0
BT32-fold-long,miniz_long-128-warm,720,87,720896,8192,1516,1471,1210,28926729,29229625,0
BT32-fold-long,miniz_long-128-warm,720,88,729088,8192,288,250,270,29229729,29503199,0
BT32-fold-long,miniz_long-128-warm,720,89,737280,8192,1564,1581,1326,29503202,29805591,0
BT32-fold-long,miniz_long-128-warm,720,90,745472,8192,317,265,305,29805594,30089724,0
BT32-fold-long,miniz_long-128-warm,720,91,753664,8192,1579,1563,1306,30089727,30386002,0
BT32-fold-long,miniz_long-128-warm,720,92,761856,8192,335,305,308,30386005,30678870,0
BT32-fold-long,miniz_long-128-warm,720,93,770048,8192,1156,1175,962,30678873,30935441,0
BT32-fold-long,miniz_long-128-warm,720,94,778240,8192,711,736,600,30935444,31195758,0
BT32-fold-long,miniz_long-128-warm,720,95,786432,8192,759,797,661,31195862,31497474,0
BT32-fold-long,miniz_long-128-warm,720,96,794624,8192,1144,1040,952,31497479,31783959,0
BT32-fold-long,miniz_long-128-warm,720,97,802816,8192,366,441,354,31783962,32069515,0
BT32-fold-long,miniz_long-128-warm,720,98,811008,8192,1563,1400,1284,32069620,32386550,0
BT32-fold-long,miniz_long-128-warm,720,99,819200,8192,230,197,226,32386555,32604680,0
BT32-fold-long,miniz_long-128-warm,720,100,827392,8192,1563,1477,1238,32604784,32905951,0
BT32-fold-long,miniz_long-128-warm,720,101,835584,8192,278,221,262,32906055,33151155,0
BT32-fold-long,miniz_long-128-warm,720,102,843776,8192,1609,1352,1330,33151158,33461041,0
BT32-fold-long,miniz_long-128-warm,720,103,851968,8192,301,251,283,33461044,33758025,0
BT32-fold-long,miniz_long-128-warm,720,104,860160,8192,1571,1590,1310,33758028,34066649,0
BT32-fold-long,miniz_long-128-warm,720,105,868352,8192,312,273,305,34067095,34365710,0
BT32-fold-long,miniz_long-128-warm,720,106,876544,8192,1172,1106,979,34365713,34620617,0
BT32-fold-long,miniz_long-128-warm,720,107,884736,8192,723,730,611,34620620,34883611,0
BT32-fold-long,miniz_long-128-warm,720,108,892928,8192,698,725,598,34883622,35191232,0
BT32-fold-long,miniz_long-128-warm,720,109,901120,8192,1201,1163,1017,35191253,35473089,0
BT32-fold-long,miniz_long-128-warm,720,110,909312,8192,297,367,293,35473092,35748117,0
BT32-fold-long,miniz_long-128-warm,720,111,917504,8192,1589,1502,1306,35748123,36059820,0
BT32-fold-long,miniz_long-128-warm,720,112,925696,8192,233,216,229,36059929,36264592,0
BT32-fold-long,miniz_long-128-warm,720,113,933888,8192,1521,1500,1220,36264598,36560655,0
BT32-fold-long,miniz_long-128-warm,720,114,942080,8192,279,236,270,36560759,36845987,0
BT32-fold-long,miniz_long-128-warm,720,115,950272,8192,1633,1662,1345,36845990,37157446,0
BT32-fold-long,miniz_long-128-warm,720,116,958464,8192,302,256,294,37157449,37440871,0
BT32-fold-long,miniz_long-128-warm,720,117,966656,8192,1487,1420,1221,37440874,37720271,0
BT32-fold-long,miniz_long-128-warm,720,118,974848,8192,469,479,438,37720376,38012056,0
BT32-fold-long,miniz_long-128-warm,720,119,983040,8192,975,946,808,38012160,38276223,0
BT32-fold-long,miniz_long-128-warm,720,120,991232,8192,875,853,758,38276332,38533236,0
BT32-fold-long,miniz_long-128-warm,720,121,999424,8192,608,625,536,38533239,38834978,0
BT32-fold-long,miniz_long-128-warm,720,122,1007616,8192,1266,1220,1081,38834979,39136835,0
BT32-fold-long,miniz_long-128-warm,720,123,1015808,8192,300,365,296,39136838,39376865,0
BT32-fold-long,miniz_long-128-warm,720,124,1024000,8192,1512,1377,1223,39376969,39698150,0
BT32-fold-long,miniz_long-128-warm,720,125,1032192,8192,239,224,235,39698158,39904340,0
BT32-fold-long,miniz_long-128-warm,720,126,1040384,8192,1514,1511,1239,39904348,40203497,0
BT32-fold-long,miniz_long-128-warm,720,127,1048576,8192,307,256,297,40203601,40483527,0
BT32-fold-long,miniz_long-128-warm,720,128,1056768,8192,1687,1653,1387,40483530,40793291,0
BT32-fold-long,miniz_long-128-warm,720,129,1064960,8192,282,244,274,40793294,41062625,0
BT32-fold-long,miniz_long-128-warm,720,130,1073152,8192,1474,1401,1213,41062628,41345645,0
BT32-fold-long,miniz_long-128-warm,720,131,1081344,8192,442,425,399,41345648,41621094,0
BT32-fold-long,miniz_long-128-warm,720,132,1089536,8192,1030,1010,854,41621198,41876323,0
BT32-fold-long,miniz_long-128-warm,720,133,1097728,8192,898,884,757,41876329,42145009,0
BT32-fold-long,miniz_long-128-warm,720,134,1105920,8192,556,603,513,42145012,42445708,0
BT32-fold-long,miniz_long-128-warm,720,135,1114112,8192,1379,1305,1123,42445813,42756131,0
BT32-fold-long,miniz_long-128-warm,720,136,1122304,8192,266,222,264,42756134,43002501,0
BT32-fold-long,miniz_long-128-warm,720,137,1130496,8192,1537,1455,1225,43002507,43310222,0
BT32-fold-long,miniz_long-128-warm,720,138,1138688,8192,264,257,248,43310227,43520313,0
BT32-fold-long,miniz_long-128-warm,720,139,1146880,8192,1593,1609,1342,43520320,43826263,0
BT32-fold-long,miniz_long-128-warm,720,140,1155072,8192,297,254,290,43826266,44110285,0
BT32-fold-long,miniz_long-128-warm,720,141,1163264,8192,1623,1617,1348,44110288,44416017,0
BT32-fold-long,miniz_long-128-warm,720,142,1171456,8192,319,271,311,44416020,44688917,0
BT32-fold-long,miniz_long-128-warm,720,143,1179648,8192,1279,1222,1044,44688920,44941859,0
BT32-fold-long,miniz_long-128-warm,720,144,1187840,8192,627,608,543,44941860,45227248,0
BT32-fold-long,miniz_long-128-warm,720,145,1196032,8192,819,889,705,45227347,45513787,0
BT32-fold-long,miniz_long-128-warm,720,146,1204224,8192,999,944,838,45513894,45795436,0
BT32-fold-long,miniz_long-128-warm,720,147,1212416,8192,431,481,404,45795439,46087018,0
BT32-fold-long,miniz_long-128-warm,720,148,1220608,8192,1520,1342,1219,46087220,46396663,0
BT32-fold-long,miniz_long-128-warm,720,149,1228800,8192,233,203,228,46396668,46628651,0
BT32-fold-long,miniz_long-128-warm,720,150,1236992,8192,1529,1441,1222,46628755,46942350,0
BT32-fold-long,miniz_long-128-warm,720,151,1245184,8192,241,221,235,46942355,47162417,0
BT32-fold-long,miniz_long-128-warm,720,152,1253376,8192,1499,1573,1239,47162428,47466161,0
BT32-fold-long,miniz_long-128-warm,720,153,1261568,8192,285,242,277,47466164,47762166,0
BT32-fold-long,miniz_long-128-warm,720,154,1269760,8192,1638,1628,1367,47762169,48074197,0
BT32-fold-long,miniz_long-128-warm,720,155,1277952,8192,303,253,287,48074200,48358170,0
BT32-fold-long,miniz_long-128-warm,720,156,1286144,8192,1343,1291,1109,48358173,48624717,0
BT32-fold-long,miniz_long-128-warm,720,157,1294336,8192,620,593,529,48624822,48912903,0
BT32-fold-long,miniz_long-128-warm,720,158,1302528,8192,836,828,719,48913007,49195183,0
BT32-fold-long,miniz_long-128-warm,720,159,1310720,8192,1065,1043,896,49195191,49468010,0
BT32-fold-long,miniz_long-128-warm,720,160,1318912,8192,413,186,397,49468013,49731618,0
BT32-fold-long,miniz_long-128-warm,720,161,1327104,8192,1577,1414,1248,49731623,50049004,0
BT32-fold-long,miniz_long-128-warm,720,162,1335296,8192,222,198,217,50049009,50269602,0
BT32-fold-long,miniz_long-128-warm,720,163,1343488,8192,1502,1481,1245,50269701,50575251,0
BT32-fold-long,miniz_long-128-warm,720,164,1351680,8192,273,234,265,50575355,50829128,0
BT32-fold-long,miniz_long-128-warm,720,165,1359872,8192,1663,1651,1330,50829131,51142633,0
BT32-fold-long,miniz_long-128-warm,720,166,1368064,8192,294,261,285,51142636,51440102,0
BT32-fold-long,miniz_long-128-warm,720,167,1376256,8192,1590,1538,1310,51440105,51734142,0
BT32-fold-long,miniz_long-128-warm,720,168,1384448,8192,368,340,335,51734262,52033127,0
BT32-fold-long,miniz_long-128-warm,720,169,1392640,8192,1091,1065,904,52033130,52285076,0
BT32-fold-long,miniz_long-128-warm,720,170,1400832,8192,743,727,625,52285080,52534614,0
BT32-fold-long,miniz_long-128-warm,720,171,1409024,8192,719,723,622,52534625,52844301,0
BT32-fold-long,miniz_long-128-warm,720,172,1417216,8192,1296,1190,1057,52844306,53130794,0
BT32-fold-long,miniz_long-128-warm,720,173,1425408,8192,294,363,292,53130797,53382032,0
BT32-fold-long,miniz_long-128-warm,720,174,1433600,8192,1568,1323,1238,53382136,53707071,0
BT32-fold-long,miniz_long-128-warm,720,175,1441792,8192,272,259,266,53707074,53910334,0
BT32-fold-long,miniz_long-128-warm,720,176,1449984,8192,1571,1555,1303,53910438,54207202,0
BT32-fold-long,miniz_long-128-warm,720,177,1458176,8192,288,242,281,54207205,54477846,0
BT32-fold-long,miniz_long-128-warm,720,178,1466368,8192,1685,1707,1383,54477849,54793186,0
BT32-fold-long,miniz_long-128-warm,720,179,1474560,8192,287,253,279,54793288,55087974,0
BT32-fold-long,miniz_long-128-warm,720,180,1482752,8192,1418,1367,1160,55087977,55363340,0
BT32-fold-long,miniz_long-128-warm,720,181,1490944,8192,547,509,479,55363343,55638431,0
BT32-fold-long,miniz_long-128-warm,720,182,1499136,8192,952,944,825,55638535,55908864,0
BT32-fold-long,miniz_long-128-warm,720,183,1507328,8192,1002,915,835,55908870,56175665,0
BT32-fold-long,miniz_long-128-warm,720,184,1515520,8192,483,522,460,56175668,56469297,0
BT32-fold-long,miniz_long-128-warm,720,185,1523712,8192,1472,1353,1199,56469407,56782494,0
BT32-fold-long,miniz_long-128-warm,720,186,1531904,8192,227,71,222,56782499,57013641,0
BT32-fold-long,miniz_long-128-warm,720,187,1540096,8192,1545,1362,1257,57013754,57323543,0
BT32-fold-long,miniz_long-128-warm,720,188,1548288,8192,272,233,263,57323647,57561873,0
BT32-fold-long,miniz_long-128-warm,720,189,1556480,8192,1613,1561,1328,57561983,57865757,0
BT32-fold-long,miniz_long-128-warm,720,190,1564672,8192,317,269,303,57865859,58163743,0
BT32-fold-long,miniz_long-128-warm,720,191,1572864,8192,1613,1600,1356,58163746,58472087,0
BT32-fold-long,miniz_long-128-warm,720,192,1581056,8192,306,241,285,58472090,58768507,0
BT32-fold-long,miniz_long-128-warm,720,193,1589248,8192,1166,899,989,58768510,59030563,0
BT32-fold-long,miniz_long-128-warm,720,194,1597440,8192,622,606,530,59030565,59314448,0
BT32-fold-long,miniz_long-128-warm,720,195,1605632,8192,824,798,704,59314552,59600638,0
BT32-fold-long,miniz_long-128-warm,720,196,1613824,8192,1075,1054,885,59600646,59873156,0
BT32-fold-long,miniz_long-128-warm,720,197,1622016,8192,378,432,376,59873159,60144234,0
BT32-fold-long,miniz_long-128-warm,720,198,1630208,8192,1557,1446,1271,60144239,60461334,0
BT32-fold-long,miniz_long-128-warm,720,199,1638400,8192,222,201,218,60461438,60679177,0
BT32-fold-long,miniz_long-128-warm,720,200,1646592,8192,1581,1517,1258,60679187,60966814,0
BT32-fold-long,miniz_long-128-warm,720,201,1654784,8192,259,209,253,60966918,61233355,0
BT32-fold-long,miniz_long-128-warm,720,202,1662976,8192,1650,1324,1354,61233358,61542312,0
BT32-fold-long,miniz_long-128-warm,720,203,1671168,8192,295,245,283,61542315,61839171,0
BT32-fold-long,miniz_long-128-warm,720,204,1679360,8192,1543,1455,1255,61839174,62125329,0
BT32-fold-long,miniz_long-128-warm,720,205,1687552,8192,416,403,369,62125331,62444416,0
BT32-fold-long,miniz_long-128-warm,720,206,1695744,8192,1060,1055,868,62444422,62694628,0
BT32-fold-long,miniz_long-128-warm,720,207,1703936,8192,845,804,700,62694737,62961104,0
BT32-fold-long,miniz_long-128-warm,720,208,1712128,8192,620,655,543,62961107,63266869,0
BT32-fold-long,miniz_long-128-warm,720,209,1720320,8192,1347,1206,1089,63266874,63569016,0
BT32-fold-long,miniz_long-128-warm,720,210,1728512,8192,291,333,288,63569019,63813799,0
BT32-fold-long,miniz_long-128-warm,720,211,1736704,8192,1500,1413,1212,63813806,64152586,0
BT32-fold-long,miniz_long-128-warm,720,212,1744896,8192,268,249,262,64152828,64359184,0
BT32-fold-long,miniz_long-128-warm,720,213,1753088,8192,1622,1589,1327,64359190,64653272,0
BT32-fold-long,miniz_long-128-warm,720,214,1761280,8192,295,248,283,64653275,64949990,0
BT32-fold-long,miniz_long-128-warm,720,215,1769472,8192,1721,1624,1395,64949993,65265219,0
BT32-fold-long,miniz_long-128-warm,720,216,1777664,8192,282,243,275,65265222,65560412,0
BT32-fold-long,miniz_long-128-warm,720,217,1785856,8192,1359,1252,1122,65560415,65830742,0
BT32-fold-long,miniz_long-128-warm,720,218,1794048,8192,622,570,521,65830855,66108355,0
BT32-fold-long,miniz_long-128-warm,720,219,1802240,8192,856,872,758,66108459,66388320,0
BT32-fold-long,miniz_long-128-warm,720,220,1810432,8192,1055,1006,868,66388327,66660325,0
BT32-fold-long,miniz_long-128-warm,720,221,1818624,8192,417,460,398,66660328,66947698,0
BT32-fold-long,miniz_long-128-warm,720,222,1826816,8192,1595,1436,1273,66947699,67253280,0
BT32-fold-long,miniz_long-128-warm,720,223,1835008,8192,223,207,218,67253287,67466949,0
BT32-fold-long,miniz_long-128-warm,720,224,1843200,8192,1550,1518,1259,67467053,67754728,0
BT32-fold-long,miniz_long-128-warm,720,225,1851392,8192,271,230,261,67754832,68023886,0
BT32-fold-long,miniz_long-128-warm,720,226,1859584,8192,1618,1637,1360,68023889,68336581,0
BT32-fold-long,miniz_long-128-warm,720,227,1867776,8192,287,245,279,68336683,68619474,0
BT32-fold-long,miniz_long-128-warm,720,228,1875968,8192,1544,1455,1270,68619477,68900136,0
BT32-fold-long,miniz_long-128-warm,720,229,1884160,8192,420,394,390,68900148,69221399,0
BT32-fold-long,miniz_long-128-warm,720,230,1892352,8192,1041,1018,863,69221626,69470352,0
BT32-fold-long,miniz_long-128-warm,720,231,1900544,8192,869,840,723,69470461,69729507,0
BT32-fold-long,miniz_long-128-warm,720,232,1908736,8192,579,299,521,69729510,70029407,0
BT32-fold-long,miniz_long-128-warm,720,233,1916928,8192,1509,1346,1220,70029513,70340395,0
BT32-fold-long,miniz_long-128-warm,720,234,1925120,8192,261,214,259,70340398,70585685,0
BT32-fold-long,miniz_long-128-warm,720,235,1933312,8192,1526,1478,1223,70585691,70895383,0
BT32-fold-long,miniz_long-128-warm,720,236,1941504,8192,255,222,239,70895487,71112444,0
BT32-fold-long,miniz_long-128-warm,720,237,1949696,8192,1654,1614,1383,71112455,71422854,0
BT32-fold-long,miniz_long-128-warm,720,238,1957888,8192,304,260,283,71422857,71706175,0
BT32-fold-long,miniz_long-128-warm,720,239,1966080,8192,1639,1606,1328,71706178,72013436,0
BT32-fold-long,miniz_long-128-warm,720,240,1974272,8192,303,267,286,72013538,72312704,0
BT32-fold-long,miniz_long-128-warm,720,241,1982464,8192,1183,1132,954,72312707,72569555,0
BT32-fold-long,miniz_long-128-warm,720,242,1990656,8192,744,693,618,72569660,72829907,0
BT32-fold-long,miniz_long-128-warm,720,243,1998848,8192,705,727,614,72829918,73137261,0
BT32-fold-long,miniz_long-128-warm,720,244,2007040,8192,1250,1216,1029,73137263,73426424,0
BT32-fold-long,miniz_long-128-warm,720,245,2015232,8192,301,365,297,73426427,73683596,0
BT32-fold-long,miniz_long-128-warm,720,246,2023424,8192,1535,1368,1213,73683604,74013799,0
BT32-fold-long,miniz_long-128-warm,720,247,2031616,8192,282,280,278,74013802,74215453,0
BT32-fold-long,miniz_long-128-warm,720,248,2039808,8192,1633,1617,1343,74215459,74518118,0
BT32-fold-long,miniz_long-128-warm,720,249,2048000,8192,314,264,303,74518121,74803256,0
BT32-fold-long,miniz_long-128-warm,720,250,2056192,8192,1635,1555,1357,74803259,75108296,0
BT32-fold-long,miniz_long-128-warm,720,251,2064384,8192,312,256,303,75108398,75391963,0
BT32-fold-long,miniz_long-128-warm,720,252,2072576,8192,1270,946,1047,75391966,75655080,0
BT32-fold-long,miniz_long-128-warm,720,253,2080768,8192,731,717,608,75655194,75920438,0
BT32-fold-long,miniz_long-128-warm,720,254,2088960,8192,748,759,639,75920542,76226242,0
BT32-fold-long,miniz_long-128-warm,720,255,2097152,8192,1222,1190,1011,76226250,76524692,0
BT32-fold-long,miniz_long-128-warm,720,256,2105344,8192,315,370,311,76524695,76789324,0
BT32-fold-long,miniz_long-128-warm,720,257,2113536,8192,1571,1441,1251,76789428,77120977,0
BT32-fold-long,miniz_long-128-warm,720,258,2121728,8192,256,255,249,77121081,77315251,0
BT32-fold-long,miniz_long-128-warm,720,259,2129920,8192,1607,1536,1306,77315257,77605102,0
BT32-fold-long,miniz_long-128-warm,720,260,2138112,8192,315,264,300,77605105,77890148,0
BT32-fold-long,miniz_long-128-warm,720,261,2146304,8192,1706,1594,1378,77890151,78202610,0
BT32-fold-long,miniz_long-128-warm,720,262,2154496,8192,299,260,280,78202613,78485920,0
BT32-fold-long,miniz_long-128-warm,720,263,2162688,8192,1293,1262,1071,78485923,78755439,0
BT32-fold-long,miniz_long-128-warm,720,264,2170880,8192,674,640,568,78755443,79017012,0
BT32-fold-long,miniz_long-128-warm,720,265,2179072,8192,757,763,658,79017116,79312050,0
BT32-fold-long,miniz_long-128-warm,720,266,2187264,8192,1293,1182,1053,79312056,79606703,0
BT32-fold-long,miniz_long-128-warm,720,267,2195456,8192,300,366,297,79606706,79864822,0
BT32-fold-long,miniz_long-128-warm,720,268,2203648,8192,1519,1376,1231,79864926,80197486,0
BT32-fold-long,miniz_long-128-warm,720,269,2211840,8192,248,238,244,80197492,80403414,0
BT32-fold-long,miniz_long-128-warm,720,270,2220032,8192,1641,1534,1310,80403420,80694386,0
BT32-fold-long,miniz_long-128-warm,720,271,2228224,8192,298,253,280,80694389,80978138,0
BT32-fold-long,miniz_long-128-warm,720,272,2236416,8192,1735,1661,1413,80978240,81297713,0
BT32-fold-long,miniz_long-128-warm,720,273,2244608,8192,287,244,267,81297716,81591907,0
BT32-fold-long,miniz_long-128-warm,720,274,2252800,8192,1364,1305,1099,81591910,81865735,0
BT32-fold-long,miniz_long-128-warm,720,275,2260992,8192,525,512,459,81865736,82164695,0
BT32-fold-long,miniz_long-128-warm,720,276,2269184,8192,920,885,777,82164799,82436986,0
BT32-fold-long,miniz_long-128-warm,720,277,2271454,2270,731,672,584,82436988,82525193,1
NSL-BT32-fold,jsmn_long-128-cold,720,0,8192,8192,221,4719,189,1702,287107,0
NSL-BT32-fold,jsmn_long-128-cold,720,1,16384,8192,162,4732,153,287112,579635,0
NSL-BT32-fold,jsmn_long-128-cold,720,2,24576,8192,94,4529,109,579733,903527,0
NSL-BT32-fold,jsmn_long-128-cold,720,3,32768,8192,161,4665,164,903625,1182904,0
NSL-BT32-fold,jsmn_long-128-cold,720,4,40960,8192,117,4496,127,1183002,1500443,0
NSL-BT32-fold,jsmn_long-128-cold,720,5,49152,8192,139,4700,161,1500445,1787991,0
NSL-BT32-fold,jsmn_long-128-cold,720,6,57344,8192,144,4584,162,1787993,2078753,0
NSL-BT32-fold,jsmn_long-128-cold,720,7,65536,8192,98,4365,118,2078754,2399490,0
NSL-BT32-fold,jsmn_long-128-cold,720,8,73728,8192,160,4452,164,2399588,2680534,0
NSL-BT32-fold,jsmn_long-128-cold,720,9,81920,8192,143,4352,150,2680632,2993739,0
NSL-BT32-fold,jsmn_long-128-cold,720,10,90112,8192,126,4446,150,2993940,3290036,0
NSL-BT32-fold,jsmn_long-128-cold,720,11,98304,8192,142,4426,151,3290142,3576502,0
NSL-BT32-fold,jsmn_long-128-cold,720,12,106496,8192,93,4360,111,3576600,3903416,0
NSL-BT32-fold,jsmn_long-128-cold,720,13,114688,8192,155,4456,176,3903514,4183044,0
NSL-BT32-fold,jsmn_long-128-cold,720,14,122880,8192,136,4363,145,4183047,4490908,0
NSL-BT32-fold,jsmn_long-128-cold,720,15,131072,8192,130,4432,152,4491006,4786270,0
NSL-BT32-fold,jsmn_long-128-cold,720,16,139264,8192,145,4425,165,4786368,5075008,0
NSL-BT32-fold,jsmn_long-128-cold,720,17,147456,8192,112,4357,128,5075011,5398063,0
NSL-BT32-fold,jsmn_long-128-cold,720,18,155648,8192,157,4452,177,5398161,5672658,0
NSL-BT32-fold,jsmn_long-128-cold,720,19,163840,8192,132,4359,144,5672756,5980891,0
NSL-BT32-fold,jsmn_long-128-cold,720,20,172032,8192,132,4433,154,5980893,6274134,0
NSL-BT32-fold,jsmn_long-128-cold,720,21,180224,8192,148,4421,162,6274137,6560593,0
NSL-BT32-fold,jsmn_long-128-cold,720,22,188416,8192,104,4361,121,6560597,6882688,0
NSL-BT32-fold,jsmn_long-128-cold,720,23,196608,8192,179,4449,184,6882691,7158104,0
NSL-BT32-fold,jsmn_long-128-cold,720,24,204800,8192,136,4347,141,7158206,7470009,0
NSL-BT32-fold,jsmn_long-128-cold,720,25,212992,8192,146,4448,156,7470017,7759011,0
NSL-BT32-fold,jsmn_long-128-cold,720,26,221184,8192,155,4412,167,7759109,8043952,0
NSL-BT32-fold,jsmn_long-128-cold,720,27,229376,8192,117,4365,130,8044050,8363150,0
NSL-BT32-fold,jsmn_long-128-cold,720,28,237568,8192,157,4447,174,8363156,8639956,0
NSL-BT32-fold,jsmn_long-128-cold,720,29,245760,8192,126,4332,135,8640054,8960160,0
NSL-BT32-fold,jsmn_long-128-cold,720,30,253952,8192,160,4459,184,8960164,9239310,0
NSL-BT32-fold,jsmn_long-128-cold,720,31,262144,8192,158,4409,160,9239312,9528128,0
NSL-BT32-fold,jsmn_long-128-cold,720,32,270336,8192,117,4368,128,9528226,9844178,0
NSL-BT32-fold,jsmn_long-128-cold,720,33,278528,8192,151,4448,170,9844181,10119284,0
NSL-BT32-fold,jsmn_long-128-cold,720,34,286720,8192,96,4309,105,10119485,10446584,0
NSL-BT32-fold,jsmn_long-128-cold,720,35,294912,8192,185,4496,192,10446587,10722510,0
NSL-BT32-fold,jsmn_long-128-cold,720,36,303104,8192,161,4401,178,10722608,11009794,0
NSL-BT32-fold,jsmn_long-128-cold,720,37,311296,8192,127,4381,150,11009795,11324465,0
NSL-BT32-fold,jsmn_long-128-cold,720,38,319488,8192,161,4444,175,11324563,11603738,0
NSL-BT32-fold,jsmn_long-128-cold,720,39,327680,8192,108,4288,102,11603836,11932602,0
NSL-BT32-fold,jsmn_long-128-cold,720,40,335872,8192,194,4508,189,11932605,12207080,0
NSL-BT32-fold,jsmn_long-128-cold,720,41,344064,8192,156,4406,170,12207178,12496475,0
NSL-BT32-fold,jsmn_long-128-cold,720,42,352256,8192,124,4376,142,12496573,12808355,0
NSL-BT32-fold,jsmn_long-128-cold,720,43,360448,8192,168,4436,186,12808453,13080324,0
NSL-BT32-fold,jsmn_long-128-cold,720,44,368640,8192,117,4325,132,13080328,13408464,0
NSL-BT32-fold,jsmn_long-128-cold,720,45,376832,8192,160,4471,173,13408561,13678187,0
NSL-BT32-fold,jsmn_long-128-cold,720,46,385024,8192,125,4388,147,13678285,13971530,0
NSL-BT32-fold,jsmn_long-128-cold,720,47,393216,8192,129,4392,147,13971628,14280154,0
NSL-BT32-fold,jsmn_long-128-cold,720,48,401408,8192,154,4436,168,14280252,14559077,0
NSL-BT32-fold,jsmn_long-128-cold,720,49,409600,8192,111,4344,120,14559180,14886229,0
NSL-BT32-fold,jsmn_long-128-cold,720,50,417792,8192,162,4460,178,14886332,15159218,0
NSL-BT32-fold,jsmn_long-128-cold,720,51,425984,8192,152,4380,158,15159222,15455228,0
NSL-BT32-fold,jsmn_long-128-cold,720,52,434176,8192,137,4400,150,15455326,15758262,0
NSL-BT32-fold,jsmn_long-128-cold,720,53,442368,8192,145,4428,167,15758360,16037271,0
NSL-BT32-fold,jsmn_long-128-cold,720,54,450560,8192,111,4352,119,16037369,16362539,0
NSL-BT32-fold,jsmn_long-128-cold,720,55,458752,8192,157,4452,176,16362642,16629844,0
NSL-BT32-fold,jsmn_long-128-cold,720,56,466944,8192,147,4361,153,16629942,16930437,0
NSL-BT32-fold,jsmn_long-128-cold,720,57,475136,8192,144,4419,159,16930442,17224386,0
NSL-BT32-fold,jsmn_long-128-cold,720,58,483328,8192,149,4420,160,17224484,17504727,0
NSL-BT32-fold,jsmn_long-128-cold,720,59,491520,8192,109,4355,123,17504830,17825275,0
NSL-BT32-fold,jsmn_long-128-cold,720,60,499712,8192,157,4449,175,17825277,18094368,0
NSL-BT32-fold,jsmn_long-128-cold,720,61,507904,8192,121,4332,129,18094466,18410666,0
NSL-BT32-fold,jsmn_long-128-cold,720,62,516096,8192,158,4448,168,18410764,18685400,0
NSL-BT32-fold,jsmn_long-128-cold,720,63,524288,8192,151,4406,159,18685498,18971631,0
NSL-BT32-fold,jsmn_long-128-cold,720,64,532480,8192,128,4372,145,18971729,19283537,0
NSL-BT32-fold,jsmn_long-128-cold,720,65,540672,8192,170,4440,182,19283648,19562084,0
NSL-BT32-fold,jsmn_long-128-cold,720,66,548864,8192,99,4276,112,19562182,19884133,0
NSL-BT32-fold,jsmn_long-128-cold,720,67,557056,8192,176,4512,194,19884230,20150575,0
NSL-BT32-fold,jsmn_long-128-cold,720,68,565248,8192,138,4383,153,20150673,20438914,0
NSL-BT32-fold,jsmn_long-128-cold,720,69,573440,8192,121,4397,130,20438915,20748683,0
NSL-BT32-fold,jsmn_long-128-cold,720,70,581632,8192,163,4428,181,20748781,21024042,0
NSL-BT32-fold,jsmn_long-128-cold,720,71,589824,8192,121,4344,135,21024140,21345153,0
NSL-BT32-fold,jsmn_long-128-cold,720,72,598016,8192,182,4452,206,21345251,21612361,0
NSL-BT32-fold,jsmn_long-128-cold,720,73,606208,8192,126,4375,141,21612459,21916988,0
NSL-BT32-fold,jsmn_long-128-cold,720,74,614400,8192,135,4413,141,21916990,22213631,0
NSL-BT32-fold,jsmn_long-128-cold,720,75,622592,8192,154,4420,170,22213729,22491249,0
NSL-BT32-fold,jsmn_long-128-cold,720,76,630784,8192,124,4352,133,22491347,22810422,0
NSL-BT32-fold,jsmn_long-128-cold,720,77,638976,8192,175,4447,193,22810520,23083319,0
NSL-BT32-fold,jsmn_long-128-cold,720,78,647168,8192,127,4340,134,23083320,23394027,0
NSL-BT32-fold,jsmn_long-128-cold,720,79,655360,8192,144,4442,159,23394029,23671412,0
NSL-BT32-fold,jsmn_long-128-cold,720,80,663552,8192,144,4407,156,23671415,23958363,0
NSL-BT32-fold,jsmn_long-128-cold,720,81,671744,8192,129,4368,147,23958461,24272286,0
NSL-BT32-fold,jsmn_long-128-cold,720,82,679936,8192,167,4441,181,24272384,24543158,0
NSL-BT32-fold,jsmn_long-128-cold,720,83,688128,8192,121,4267,123,24543164,24868566,0
NSL-BT32-fold,jsmn_long-128-cold,720,84,696320,8192,161,4524,177,24868569,25139015,0
NSL-BT32-fold,jsmn_long-128-cold,720,85,704512,8192,161,4388,174,25139113,25426871,0
NSL-BT32-fold,jsmn_long-128-cold,720,86,712704,8192,124,4391,148,25426969,25732776,0
NSL-BT32-fold,jsmn_long-128-cold,720,87,720896,8192,146,4429,171,25732782,26010492,0
NSL-BT32-fold,jsmn_long-128-cold,720,88,729088,8192,122,4336,139,26010590,26332480,0
NSL-BT32-fold,jsmn_long-128-cold,720,89,737280,8192,171,4452,193,26332578,26595481,0
NSL-BT32-fold,jsmn_long-128-cold,720,90,745472,8192,144,4367,158,26595579,26893957,0
NSL-BT32-fold,jsmn_long-128-cold,720,91,753664,8192,139,4413,172,26893958,27188291,0
NSL-BT32-fold,jsmn_long-128-cold,720,92,761856,8192,144,4418,165,27188389,27465023,0
NSL-BT32-fold,jsmn_long-128-cold,720,93,770048,8192,116,4354,131,27465030,27783868,0
NSL-BT32-fold,jsmn_long-128-cold,720,94,778240,8192,168,4444,191,27783966,28046067,0
NSL-BT32-fold,jsmn_long-128-cold,720,95,786432,8192,118,4327,127,28046165,28369429,0
NSL-BT32-fold,jsmn_long-128-cold,720,96,794624,8192,150,4461,180,28369433,28643367,0
NSL-BT32-fold,jsmn_long-128-cold,720,97,802816,8192,147,4396,161,28643465,28928383,0
NSL-BT32-fold,jsmn_long-128-cold,720,98,811008,8192,133,4376,144,28928481,29236272,0
NSL-BT32-fold,jsmn_long-128-cold,720,99,819200,8192,156,4436,169,29236370,29510467,0
NSL-BT32-fold,jsmn_long-128-cold,720,100,827392,8192,115,4333,133,29510565,29834338,0
NSL-BT32-fold,jsmn_long-128-cold,720,101,835584,8192,168,4457,187,29834339,30100782,0
NSL-BT32-fold,jsmn_long-128-cold,720,102,843776,8192,152,4375,162,30100880,30391494,0
NSL-BT32-fold,jsmn_long-128-cold,720,103,851968,8192,133,4399,154,30391495,30689420,0
NSL-BT32-fold,jsmn_long-128-cold,720,104,860160,8192,142,4420,154,30689518,30964262,0
NSL-BT32-fold,jsmn_long-128-cold,720,105,868352,8192,109,4352,133,30964360,31282955,0
NSL-BT32-fold,jsmn_long-128-cold,720,106,876544,8192,181,4444,189,31283053,31550871,0
NSL-BT32-fold,jsmn_long-128-cold,720,107,884736,8192,122,4340,136,31550969,31863138,0
NSL-BT32-fold,jsmn_long-128-cold,720,108,892928,8192,123,4448,145,31863142,32147685,0
NSL-BT32-fold,jsmn_long-128-cold,720,109,901120,8192,147,4409,168,32147783,32430039,0
NSL-BT32-fold,jsmn_long-128-cold,720,110,909312,8192,117,4371,138,32430044,32746519,0
NSL-BT32-fold,jsmn_long-128-cold,720,111,917504,8192,170,4439,189,32746617,33020349,0
NSL-BT32-fold,jsmn_long-128-cold,720,112,925696,8192,116,4292,118,33020351,33344495,0
NSL-BT32-fold,jsmn_long-128-cold,720,113,933888,8192,166,4503,185,33344498,33618538,0
NSL-BT32-fold,jsmn_long-128-cold,720,114,942080,8192,148,4388,167,33618636,33901430,0
NSL-BT32-fold,jsmn_long-128-cold,720,115,950272,8192,151,4381,172,33901533,34203638,0
NSL-BT32-fold,jsmn_long-128-cold,720,116,958464,8192,153,4428,173,34203640,34477969,0
NSL-BT32-fold,jsmn_long-128-cold,720,117,966656,8192,129,4339,133,34477973,34800749,0
NSL-BT32-fold,jsmn_long-128-cold,720,118,974848,8192,165,4452,175,34800847,35063968,0
NSL-BT32-fold,jsmn_long-128-cold,720,119,983040,8192,132,4364,144,35064066,35365168,0
NSL-BT32-fold,jsmn_long-128-cold,720,120,991232,8192,140,4416,150,35365271,35657732,0
NSL-BT32-fold,jsmn_long-128-cold,720,121,999424,8192,157,4416,175,35657830,35939823,0
NSL-BT32-fold,jsmn_long-128-cold,720,122,1007616,8192,124,4356,132,35939929,36255773,0
NSL-BT32-fold,jsmn_long-128-cold,720,123,1015808,8192,164,4444,187,36255871,36523711,0
NSL-BT32-fold,jsmn_long-128-cold,720,124,1024000,8192,122,4319,140,36523814,36845717,0
NSL-BT32-fold,jsmn_long-128-cold,720,125,1032192,8192,165,4465,185,36845718,37116594,0
NSL-BT32-fold,jsmn_long-128-cold,720,126,1040384,8192,150,4403,160,37116597,37404103,0
NSL-BT32-fold,jsmn_long-128-cold,720,127,1048576,8192,114,4375,130,37404105,37714653,0
NSL-BT32-fold,jsmn_long-128-cold,720,128,1056768,8192,162,4436,176,37714751,37987092,0
NSL-BT32-fold,jsmn_long-128-cold,720,129,1064960,8192,108,4332,120,37987190,38309176,0
NSL-BT32-fold,jsmn_long-128-cold,720,130,1073152,8192,175,4456,195,38309178,38579131,0
NSL-BT32-fold,jsmn_long-128-cold,720,131,1081344,8192,141,4388,155,38579229,38874112,0
NSL-BT32-fold,jsmn_long-128-cold,720,132,1089536,8192,134,4395,143,38874210,39178479,0
NSL-BT32-fold,jsmn_long-128-cold,720,133,1097728,8192,161,4425,180,39178480,39455230,0
NSL-BT32-fold,jsmn_long-128-cold,720,134,1105920,8192,124,4344,124,39455328,39775364,0
NSL-BT32-fold,jsmn_long-128-cold,720,135,1114112,8192,192,4444,216,39775462,40036881,0
NSL-BT32-fold,jsmn_long-128-cold,720,136,1122304,8192,133,4348,134,40036979,40343372,0
NSL-BT32-fold,jsmn_long-128-cold,720,137,1130496,8192,129,4435,148,40343375,40629104,0
NSL-BT32-fold,jsmn_long-128-cold,720,138,1138688,8192,151,4406,160,40629106,40908581,0
NSL-BT32-fold,jsmn_long-128-cold,720,139,1146880,8192,121,4366,140,40908582,41222359,0
NSL-BT32-fold,jsmn_long-128-cold,720,140,1155072,8192,182,4441,189,41222360,41492185,0
NSL-BT32-fold,jsmn_long-128-cold,720,141,1163264,8192,117,4272,128,41492283,41818564,0
NSL-BT32-fold,jsmn_long-128-cold,720,142,1171456,8192,165,4516,191,41818567,42083065,0
NSL-BT32-fold,jsmn_long-128-cold,720,143,1179648,8192,145,4385,161,42083168,42371688,0
NSL-BT32-fold,jsmn_long-128-cold,720,144,1187840,8192,134,4387,153,42371689,42677309,0
NSL-BT32-fold,jsmn_long-128-cold,720,145,1196032,8192,162,4428,171,42677407,42952195,0
NSL-BT32-fold,jsmn_long-128-cold,720,146,1204224,8192,105,4344,125,42952293,43277057,0
NSL-BT32-fold,jsmn_long-128-cold,720,147,1212416,8192,192,4449,207,43277155,43537801,0
NSL-BT32-fold,jsmn_long-128-cold,720,148,1220608,8192,145,4354,161,43537807,43837057,0
NSL-BT32-fold,jsmn_long-128-cold,720,149,1228800,8192,139,4421,153,43837058,44122301,0
NSL-BT32-fold,jsmn_long-128-cold,720,150,1236992,8192,146,4412,158,44122399,44404748,0
NSL-BT32-fold,jsmn_long-128-cold,720,151,1245184,8192,119,4360,120,44404846,44720030,0
NSL-BT32-fold,jsmn_long-128-cold,720,152,1253376,8192,158,4436,180,44720128,44985040,0
NSL-BT32-fold,jsmn_long-128-cold,720,153,1261568,8192,115,4256,135,44985138,45302488,0
NSL-BT32-fold,jsmn_long-128-cold,720,154,1269760,8192,170,4526,183,45302587,45570018,0
NSL-BT32-fold,jsmn_long-128-cold,720,155,1277952,8192,155,4388,160,45570116,45858203,0
NSL-BT32-fold,jsmn_long-128-cold,720,156,1286144,8192,128,4389,148,45858301,46159072,0
NSL-BT32-fold,jsmn_long-128-cold,720,157,1294336,8192,157,4423,172,46159073,46435281,0
NSL-BT32-fold,jsmn_long-128-cold,720,158,1302528,8192,121,4344,138,46435379,46751762,0
NSL-BT32-fold,jsmn_long-128-cold,720,159,1310720,8192,156,4449,167,46751860,47017742,0
NSL-BT32-fold,jsmn_long-128-cold,720,160,1318912,8192,128,4351,137,47017744,47323717,0
NSL-BT32-fold,jsmn_long-128-cold,720,161,1327104,8192,143,4432,158,47323820,47613476,0
NSL-BT32-fold,jsmn_long-128-cold,720,162,1335296,8192,163,4406,176,47613574,47892168,0
NSL-BT32-fold,jsmn_long-128-cold,720,163,1343488,8192,119,4368,135,47892274,48210424,0
NSL-BT32-fold,jsmn_long-128-cold,720,164,1351680,8192,156,4444,173,48210522,48484133,0
NSL-BT32-fold,jsmn_long-128-cold,720,165,1359872,8192,97,4317,113,48484231,48809017,0
NSL-BT32-fold,jsmn_long-128-cold,720,166,1368064,8192,166,4471,190,48809128,49073570,0
NSL-BT32-fold,jsmn_long-128-cold,720,167,1376256,8192,141,4396,151,49073668,49361033,0
NSL-BT32-fold,jsmn_long-128-cold,720,168,1384448,8192,132,4379,155,49361136,49670609,0
NSL-BT32-fold,jsmn_long-128-cold,720,169,1392640,8192,159,4433,174,49670611,49944701,0
NSL-BT32-fold,jsmn_long-128-cold,720,170,1400832,8192,122,4337,132,49944799,50264222,0
NSL-BT32-fold,jsmn_long-128-cold,720,171,1409024,8192,161,4452,185,50264320,50531494,0
NSL-BT32-fold,jsmn_long-128-cold,720,172,1417216,8192,140,4367,157,50531592,50824597,0
NSL-BT32-fold,jsmn_long-128-cold,720,173,1425408,8192,143,4409,166,50824599,51118311,0
NSL-BT32-fold,jsmn_long-128-cold,720,174,1433600,8192,170,4416,180,51118314,51396026,0
NSL-BT32-fold,jsmn_long-128-cold,720,175,1441792,8192,118,4352,137,51396124,51713567,0
NSL-BT32-fold,jsmn_long-128-cold,720,176,1449984,8192,173,4444,189,51713665,51974370,0
NSL-BT32-fold,jsmn_long-128-cold,720,177,1458176,8192,122,4306,141,51974473,52295858,0
NSL-BT32-fold,jsmn_long-128-cold,720,178,1466368,8192,182,4474,195,52295862,52566570,0
NSL-BT32-fold,jsmn_long-128-cold,720,179,1474560,8192,140,4396,160,52566668,52847479,0
NSL-BT32-fold,jsmn_long-128-cold,720,180,1482752,8192,126,4379,138,52847577,53158116,0
NSL-BT32-fold,jsmn_long-128-cold,720,181,1490944,8192,165,4431,182,53158120,53427458,0
NSL-BT32-fold,jsmn_long-128-cold,720,182,1499136,8192,116,4336,121,53427459,53748791,0
NSL-BT32-fold,jsmn_long-128-cold,720,183,1507328,8192,165,4451,174,53748799,54014624,0
NSL-BT32-fold,jsmn_long-128-cold,720,184,1515520,8192,140,4362,156,54014730,54311166,0
NSL-BT32-fold,jsmn_long-128-cold,720,185,1523712,8192,124,4416,138,54311169,54604420,0
NSL-BT32-fold,jsmn_long-128-cold,720,186,1531904,8192,147,4414,156,54604518,54884054,0
NSL-BT32-fold,jsmn_long-128-cold,720,187,1540096,8192,109,4358,129,54884160,55198867,0
NSL-BT32-fold,jsmn_long-128-cold,720,188,1548288,8192,160,4444,176,55198965,55467731,0
NSL-BT32-fold,jsmn_long-128-cold,720,189,1556480,8192,103,4315,113,55467834,55789542,0
NSL-BT32-fold,jsmn_long-128-cold,720,190,1564672,8192,178,4467,183,55789543,56057328,0
NSL-BT32-fold,jsmn_long-128-cold,720,191,1572864,8192,133,4399,148,56057426,56346015,0
NSL-BT32-fold,jsmn_long-128-cold,720,192,1581056,8192,124,4373,136,56346016,56651777,0
NSL-BT32-fold,jsmn_long-128-cold,720,193,1589248,8192,169,4442,192,56651875,56922238,0
NSL-BT32-fold,jsmn_long-128-cold,720,194,1597440,8192,99,4336,110,56922336,57243719,0
NSL-BT32-fold,jsmn_long-128-cold,720,195,1605632,8192,175,4444,176,57243817,57507240,0
NSL-BT32-fold,jsmn_long-128-cold,720,196,1613824,8192,131,4369,148,57507338,57804584,0
NSL-BT32-fold,jsmn_long-128-cold,720,197,1622016,8192,128,4411,150,57804587,58100344,0
NSL-BT32-fold,jsmn_long-128-cold,720,198,1630208,8192,168,4415,170,58100442,58376586,0
NSL-BT32-fold,jsmn_long-128-cold,720,199,1638400,8192,119,4352,141,58376590,58686498,0
NSL-BT32-fold,jsmn_long-128-cold,720,200,1646592,8192,168,4445,184,58686499,58957499,0
NSL-BT32-fold,jsmn_long-128-cold,720,201,1654784,8192,111,4314,106,58957503,59281027,0
NSL-BT32-fold,jsmn_long-128-cold,720,202,1662976,8192,182,4470,191,59281028,59547887,0
NSL-BT32-fold,jsmn_long-128-cold,720,203,1671168,8192,136,4388,154,59547985,59833420,0
NSL-BT32-fold,jsmn_long-128-cold,720,204,1679360,8192,125,4384,134,59833518,60138598,0
NSL-BT32-fold,jsmn_long-128-cold,720,205,1687552,8192,153,4430,163,60138696,60410543,0
NSL-BT32-fold,jsmn_long-128-cold,720,206,1695744,8192,105,4336,126,60410641,60733276,0
NSL-BT32-fold,jsmn_long-128-cold,720,207,1703936,8192,163,4444,184,60733374,60991158,0
NSL-BT32-fold,jsmn_long-128-cold,720,208,1712128,8192,154,4364,160,60991256,61295065,0
NSL-BT32-fold,jsmn_long-128-cold,720,209,1720320,8192,137,4424,155,61295069,61587144,0
NSL-BT32-fold,jsmn_long-128-cold,720,210,1728512,8192,164,4411,173,61587242,61864572,0
NSL-BT32-fold,jsmn_long-128-cold,720,211,1736704,8192,124,4355,138,61864573,62171881,0
NSL-BT32-fold,jsmn_long-128-cold,720,212,1744896,8192,167,4436,185,62171979,62434597,0
NSL-BT32-fold,jsmn_long-128-cold,720,213,1753088,8192,120,4270,127,62434695,62754552,0
NSL-BT32-fold,jsmn_long-128-cold,720,214,1761280,8192,166,4520,192,62754555,63017725,0
NSL-BT32-fold,jsmn_long-128-cold,720,215,1769472,8192,150,4385,165,63017823,63299816,0
NSL-BT32-fold,jsmn_long-128-cold,720,216,1777664,8192,133,4387,157,63299820,63599922,0
NSL-BT32-fold,jsmn_long-128-cold,720,217,1785856,8192,161,4428,185,63600020,63870420,0
NSL-BT32-fold,jsmn_long-128-cold,720,218,1794048,8192,129,4340,146,63870518,64186769,0
NSL-BT32-fold,jsmn_long-128-cold,720,219,1802240,8192,183,4445,196,64186772,64442354,0
NSL-BT32-fold,jsmn_long-128-cold,720,220,1810432,8192,131,4345,134,64442355,64743505,0
NSL-BT32-fold,jsmn_long-128-cold,720,221,1818624,8192,141,4424,155,64743509,65013274,0
NSL-BT32-fold,jsmn_long-128-cold,720,222,1826816,8192,156,4409,175,65013372,65296078,0
NSL-BT32-fold,jsmn_long-128-cold,720,223,1835008,8192,120,4371,143,65296081,65602603,0
NSL-BT32-fold,jsmn_long-128-cold,720,224,1843200,8192,163,4428,180,65602701,65867903,0
NSL-BT32-fold,jsmn_long-128-cold,720,225,1851392,8192,112,4311,126,65867906,66189315,0
NSL-BT32-fold,jsmn_long-128-cold,720,226,1859584,8192,157,4477,183,66189318,66447375,0
NSL-BT32-fold,jsmn_long-128-cold,720,227,1867776,8192,149,4376,164,66447473,66734449,0
NSL-BT32-fold,jsmn_long-128-cold,720,228,1875968,8192,131,4399,149,66734560,67029265,0
NSL-BT32-fold,jsmn_long-128-cold,720,229,1884160,8192,154,4420,175,67029267,67301123,0
NSL-BT32-fold,jsmn_long-128-cold,720,230,1892352,8192,120,4349,134,67301124,67616219,0
NSL-BT32-fold,jsmn_long-128-cold,720,231,1894252,1900,27,983,26,67616317,67688908,1
NSL-BT32-fold,jsmn_long-128-warm,720,0,8192,8192,158,4483,186,3980203,4260212,0
NSL-BT32-fold,jsmn_long-128-warm,720,1,16384,8192,149,4414,163,4260310,4548340,0
NSL-BT32-fold,jsmn_long-128-warm,720,2,24576,8192,112,4372,125,4548346,4867615,0
NSL-BT32-fold,jsmn_long-128-warm,720,3,32768,8192,152,4449,176,4867617,5145821,0
NSL-BT32-fold,jsmn_long-128-warm,720,4,40960,8192,111,4320,119,5145919,5473562,0
NSL-BT32-fold,jsmn_long-128-warm,720,5,49152,8192,155,4478,184,5473563,5747452,0
NSL-BT32-fold,jsmn_long-128-warm,720,6,57344,8192,144,4404,161,5747550,6034697,0
NSL-BT32-fold,jsmn_long-128-warm,720,7,65536,8192,118,4376,129,6034795,6353779,0
NSL-BT32-fold,jsmn_long-128-warm,720,8,73728,8192,153,4444,171,6353877,6632750,0
NSL-BT32-fold,jsmn_long-128-warm,720,9,81920,8192,107,4293,121,6632848,6957518,0
NSL-BT32-fold,jsmn_long-128-warm,720,10,90112,8192,178,4505,183,6957521,7233107,0
NSL-BT32-fold,jsmn_long-128-warm,720,11,98304,8192,161,4401,170,7233205,7522543,0
NSL-BT32-fold,jsmn_long-128-warm,720,12,106496,8192,112,4379,122,7522547,7839209,0
NSL-BT32-fold,jsmn_long-128-warm,720,13,114688,8192,170,4444,181,7839307,8114833,0
NSL-BT32-fold,jsmn_long-128-warm,720,14,122880,8192,106,4276,116,8114931,8440851,0
NSL-BT32-fold,jsmn_long-128-warm,720,15,131072,8192,159,4520,181,8440854,8715154,0
NSL-BT32-fold,jsmn_long-128-warm,720,16,139264,8192,153,4396,163,8715252,9005833,0
NSL-BT32-fold,jsmn_long-128-warm,720,17,147456,8192,132,4384,150,9005931,9316300,0
NSL-BT32-fold,jsmn_long-128-warm,720,18,155648,8192,165,4436,170,9316398,9597552,0
NSL-BT32-fold,jsmn_long-128-warm,720,19,163840,8192,104,4340,117,9597555,9923812,0
NSL-BT32-fold,jsmn_long-128-warm,720,20,172032,8192,160,4461,174,9924013,10194017,0
NSL-BT32-fold,jsmn_long-128-warm,720,21,180224,8192,133,4391,145,10194018,10489353,0
NSL-BT32-fold,jsmn_long-128-warm,720,22,188416,8192,144,4401,148,10489357,10801494,0
NSL-BT32-fold,jsmn_long-128-warm,720,23,196608,8192,175,4432,201,10801498,11076040,0
NSL-BT32-fold,jsmn_long-128-warm,720,24,204800,8192,107,4346,122,11076138,11403490,0
NSL-BT32-fold,jsmn_long-128-warm,720,25,212992,8192,169,4460,180,11403588,11681046,0
NSL-BT32-fold,jsmn_long-128-warm,720,26,221184,8192,152,4388,145,11681144,11976689,0
NSL-BT32-fold,jsmn_long-128-warm,720,27,229376,8192,145,4400,144,11976792,12284370,0
NSL-BT32-fold,jsmn_long-128-warm,720,28,237568,8192,166,4430,185,12284468,12563982,0
NSL-BT32-fold,jsmn_long-128-warm,720,29,245760,8192,119,4344,129,12564080,12889117,0
NSL-BT32-fold,jsmn_long-128-warm,720,30,253952,8192,174,4452,196,12889215,13153619,0
NSL-BT32-fold,jsmn_long-128-warm,720,31,262144,8192,138,4369,146,13153717,13454497,0
NSL-BT32-fold,jsmn_long-128-warm,720,32,270336,8192,126,4419,145,13454498,13755860,0
NSL-BT32-fold,jsmn_long-128-warm,720,33,278528,8192,141,4423,171,13755958,14037457,0
NSL-BT32-fold,jsmn_long-128-warm,720,34,286720,8192,114,4354,125,14037459,14360095,0
NSL-BT32-fold,jsmn_long-128-warm,720,35,294912,8192,166,4451,182,14360096,14632259,0
NSL-BT32-fold,jsmn_long-128-warm,720,36,303104,8192,135,4360,137,14632262,14939613,0
NSL-BT32-fold,jsmn_long-128-warm,720,37,311296,8192,132,4432,155,14939617,15235882,0
NSL-BT32-fold,jsmn_long-128-warm,720,38,319488,8192,168,4420,169,15235980,15517822,0
NSL-BT32-fold,jsmn_long-128-warm,720,39,327680,8192,119,4355,136,15517920,15837616,0
NSL-BT32-fold,jsmn_long-128-warm,720,40,335872,8192,139,4449,166,15837618,16112063,0
NSL-BT32-fold,jsmn_long-128-warm,720,41,344064,8192,141,4344,137,16112161,16423192,0
NSL-BT32-fold,jsmn_long-128-warm,720,42,352256,8192,133,4444,160,16423298,16708133,0
NSL-BT32-fold,jsmn_long-128-warm,720,43,360448,8192,159,4407,171,16708231,16988318,0
NSL-BT32-fold,jsmn_long-128-warm,720,44,368640,8192,131,4370,139,16988322,17303281,0
NSL-BT32-fold,jsmn_long-128-warm,720,45,376832,8192,155,4439,166,17303282,17574070,0
NSL-BT32-fold,jsmn_long-128-warm,720,46,385024,8192,104,4292,114,17574168,17900756,0
NSL-BT32-fold,jsmn_long-128-warm,720,47,393216,8192,160,4500,181,17900759,18170474,0
NSL-BT32-fold,jsmn_long-128-warm,720,48,401408,8192,141,4392,153,18170477,18458590,0
NSL-BT32-fold,jsmn_long-128-warm,720,49,409600,8192,138,4382,140,18458688,18760537,0
NSL-BT32-fold,jsmn_long-128-warm,720,50,417792,8192,156,4432,167,18760544,19040285,0
NSL-BT32-fold,jsmn_long-128-warm,720,51,425984,8192,123,4339,139,19040383,19362362,0
NSL-BT32-fold,jsmn_long-128-warm,720,52,434176,8192,166,4461,185,19362364,19635180,0
NSL-BT32-fold,jsmn_long-128-warm,720,53,442368,8192,141,4368,151,19635381,19927055,0
NSL-BT32-fold,jsmn_long-128-warm,720,54,450560,8192,133,4408,148,19927153,20228354,0
NSL-BT32-fold,jsmn_long-128-warm,720,55,458752,8192,151,4420,168,20228452,20503793,0
NSL-BT32-fold,jsmn_long-128-warm,720,56,466944,8192,108,4355,114,20503891,20828110,0
NSL-BT32-fold,jsmn_long-128-warm,720,57,475136,8192,173,4449,195,20828111,21093945,0
NSL-BT32-fold,jsmn_long-128-warm,720,58,483328,8192,142,4343,151,21094043,21403337,0
NSL-BT32-fold,jsmn_long-128-warm,720,59,491520,8192,153,4440,184,21403338,21690277,0
NSL-BT32-fold,jsmn_long-128-warm,720,60,499712,8192,141,4417,155,21690279,21978168,0
NSL-BT32-fold,jsmn_long-128-warm,720,61,507904,8192,120,4360,124,21978266,22292094,0
NSL-BT32-fold,jsmn_long-128-warm,720,62,516096,8192,163,4444,175,22292192,22563848,0
NSL-BT32-fold,jsmn_long-128-warm,720,63,524288,8192,122,4298,130,22563946,22884511,0
NSL-BT32-fold,jsmn_long-128-warm,720,64,532480,8192,175,4490,198,22884514,23155041,0
NSL-BT32-fold,jsmn_long-128-warm,720,65,540672,8192,136,4393,150,23155139,23440798,0
NSL-BT32-fold,jsmn_long-128-warm,720,66,548864,8192,126,4379,133,23440804,23749526,0
NSL-BT32-fold,jsmn_long-128-warm,720,67,557056,8192,167,4439,182,23749624,24027880,0
NSL-BT32-fold,jsmn_long-128-warm,720,68,565248,8192,104,4333,115,24027881,24350426,0
NSL-BT32-fold,jsmn_long-128-warm,720,69,573440,8192,176,4457,198,24350524,24615482,0
NSL-BT32-fold,jsmn_long-128-warm,720,70,581632,8192,154,4380,150,24615488,24912767,0
NSL-BT32-fold,jsmn_long-128-warm,720,71,589824,8192,122,4403,143,24912771,25215849,0
NSL-BT32-fold,jsmn_long-128-warm,720,72,598016,8192,175,4422,191,25215947,25492385,0
NSL-BT32-fold,jsmn_long-128-warm,720,73,606208,8192,105,4350,121,25492491,25812391,0
NSL-BT32-fold,jsmn_long-128-warm,720,74,614400,8192,163,4447,193,25812489,26080436,0
NSL-BT32-fold,jsmn_long-128-warm,720,75,622592,8192,148,4350,162,26080438,26385735,0
NSL-BT32-fold,jsmn_long-128-warm,720,76,630784,8192,138,4435,164,26385736,26671646,0
NSL-BT32-fold,jsmn_long-128-warm,720,77,638976,8192,154,4404,171,26671744,26950484,0
NSL-BT32-fold,jsmn_long-128-warm,720,78,647168,8192,127,4368,155,26950587,27267256,0
NSL-BT32-fold,jsmn_long-128-warm,720,79,655360,8192,154,4436,174,27267354,27533827,0
NSL-BT32-fold,jsmn_long-128-warm,720,80,663552,8192,116,4273,128,27533925,27858193,0
NSL-BT32-fold,jsmn_long-128-warm,720,81,671744,8192,160,4515,187,27858196,28120779,0
NSL-BT32-fold,jsmn_long-128-warm,720,82,679936,8192,141,4391,153,28120882,28415251,0
NSL-BT32-fold,jsmn_long-128-warm,720,83,688128,8192,125,4389,148,28415252,28720163,0
NSL-BT32-fold,jsmn_long-128-warm,720,84,696320,8192,161,4428,179,28720261,28995715,0
NSL-BT32-fold,jsmn_long-128-warm,720,85,704512,8192,115,4336,121,28995813,29315582,0
NSL-BT32-fold,jsmn_long-128-warm,720,86,712704,8192,169,4452,184,29315680,29581656,0
NSL-BT32-fold,jsmn_long-128-warm,720,87,720896,8192,136,4367,154,29581754,29881589,0
NSL-BT32-fold,jsmn_long-128-warm,720,88,729088,8192,139,4415,156,29881590,30177796,0
NSL-BT32-fold,jsmn_long-128-warm,720,89,737280,8192,168,4419,187,30177894,30454290,0
NSL-BT32-fold,jsmn_long-128-warm,720,90,745472,8192,117,4355,131,30454293,30765942,0
NSL-BT32-fold,jsmn_long-128-warm,720,91,753664,8192,143,4439,161,30766040,31035531,0
NSL-BT32-fold,jsmn_long-128-warm,720,92,761856,8192,112,4307,128,31035532,31355596,0
NSL-BT32-fold,jsmn_long-128-warm,720,93,770048,8192,175,4478,187,31355693,31624617,0
NSL-BT32-fold,jsmn_long-128-warm,720,94,778240,8192,133,4396,153,31624715,31911982,0
NSL-BT32-fold,jsmn_long-128-warm,720,95,786432,8192,113,4384,130,31912080,32223354,0
NSL-BT32-fold,jsmn_long-128-warm,720,96,794624,8192,157,4432,179,32223452,32498235,0
NSL-BT32-fold,jsmn_long-128-warm,720,97,802816,8192,106,4329,124,32498238,32826133,0
NSL-BT32-fold,jsmn_long-128-warm,720,98,811008,8192,177,4463,195,32826136,33093511,0
NSL-BT32-fold,jsmn_long-128-warm,720,99,819200,8192,152,4393,157,33093609,33391135,0
NSL-BT32-fold,jsmn_long-128-warm,720,100,827392,8192,123,4394,142,33391136,33693202,0
NSL-BT32-fold,jsmn_long-128-warm,720,101,835584,8192,169,4418,192,33693203,33964486,0
NSL-BT32-fold,jsmn_long-128-warm,720,102,843776,8192,127,4349,140,33964487,34285421,0
NSL-BT32-fold,jsmn_long-128-warm,720,103,851968,8192,169,4444,191,34285519,34548618,0
NSL-BT32-fold,jsmn_long-128-warm,720,104,860160,8192,138,4345,141,34548716,34856719,0
NSL-BT32-fold,jsmn_long-128-warm,720,105,868352,8192,145,4435,154,34856720,35141481,0
NSL-BT32-fold,jsmn_long-128-warm,720,106,876544,8192,148,4408,159,35141579,35423506,0
NSL-BT32-fold,jsmn_long-128-warm,720,107,884736,8192,120,4367,134,35423612,35737938,0
NSL-BT32-fold,jsmn_long-128-warm,720,108,892928,8192,168,4441,183,35737940,36009695,0
NSL-BT32-fold,jsmn_long-128-warm,720,109,901120,8192,114,4255,123,36009793,36329761,0
NSL-BT32-fold,jsmn_long-128-warm,720,110,909312,8192,174,4528,203,36329858,36597143,0
NSL-BT32-fold,jsmn_long-128-warm,720,111,917504,8192,146,4393,164,36597145,36888017,0
NSL-BT32-fold,jsmn_long-128-warm,720,112,925696,8192,129,4387,145,36888115,37195318,0
NSL-BT32-fold,jsmn_long-128-warm,720,113,933888,8192,165,4435,174,37195320,37470735,0
NSL-BT32-fold,jsmn_long-128-warm,720,114,942080,8192,102,4336,118,37470833,37793408,0
NSL-BT32-fold,jsmn_long-128-warm,720,115,950272,8192,167,4452,182,37793506,38057469,0
NSL-BT32-fold,jsmn_long-128-warm,720,116,958464,8192,142,4368,152,38057567,38358114,0
NSL-BT32-fold,jsmn_long-128-warm,720,117,966656,8192,138,4417,160,38358315,38655719,0
NSL-BT32-fold,jsmn_long-128-warm,720,118,974848,8192,154,4418,161,38655720,38937581,0
NSL-BT32-fold,jsmn_long-128-warm,720,119,983040,8192,117,4357,129,38937582,39256721,0
NSL-BT32-fold,jsmn_long-128-warm,720,120,991232,8192,180,4444,197,39256819,39523305,0
NSL-BT32-fold,jsmn_long-128-warm,720,121,999424,8192,130,4329,133,39523408,39839919,0
NSL-BT32-fold,jsmn_long-128-warm,720,122,1007616,8192,176,4449,199,39839920,40109331,0
NSL-BT32-fold,jsmn_long-128-warm,720,123,1015808,8192,136,4398,145,40109338,40394647,0
NSL-BT32-fold,jsmn_long-128-warm,720,124,1024000,8192,117,4376,133,40394745,40706686,0
NSL-BT32-fold,jsmn_long-128-warm,720,125,1032192,8192,161,4431,170,40706784,40976351,0
NSL-BT32-fold,jsmn_long-128-warm,720,126,1040384,8192,109,4333,126,40976352,41301277,0
NSL-BT32-fold,jsmn_long-128-warm,720,127,1048576,8192,192,4460,199,41301375,41566729,0
NSL-BT32-fold,jsmn_long-128-warm,720,128,1056768,8192,152,4374,164,41566827,41860639,0
NSL-BT32-fold,jsmn_long-128-warm,720,129,1064960,8192,128,4402,153,41860745,42159481,0
NSL-BT32-fold,jsmn_long-128-warm,720,130,1073152,8192,157,4421,179,42159484,42434517,0
NSL-BT32-fold,jsmn_long-128-warm,720,131,1081344,8192,117,4347,127,42434521,42755850,0
NSL-BT32-fold,jsmn_long-128-warm,720,132,1089536,8192,165,4452,183,42755948,43023747,0
NSL-BT32-fold,jsmn_long-128-warm,720,133,1097728,8192,145,4345,154,43023845,43333119,0
NSL-BT32-fold,jsmn_long-128-warm,720,134,1105920,8192,154,4435,176,43333123,43611525,0
NSL-BT32-fold,jsmn_long-128-warm,720,135,1114112,8192,159,4402,170,43611623,43892331,0
NSL-BT32-fold,jsmn_long-128-warm,720,136,1122304,8192,114,4366,135,43892335,44199457,0
NSL-BT32-fold,jsmn_long-128-warm,720,137,1130496,8192,159,4439,166,44199460,44472398,0
NSL-BT32-fold,jsmn_long-128-warm,720,138,1138688,8192,118,4300,117,44472404,44796848,0
NSL-BT32-fold,jsmn_long-128-warm,720,139,1146880,8192,161,4481,190,44796851,45054777,0
NSL-BT32-fold,jsmn_long-128-warm,720,140,1155072,8192,145,4374,165,45054875,45346347,0
NSL-BT32-fold,jsmn_long-128-warm,720,141,1163264,8192,131,4403,137,45346445,45647618,0
NSL-BT32-fold,jsmn_long-128-warm,720,142,1171456,8192,160,4417,171,45647619,45921853,0
NSL-BT32-fold,jsmn_long-128-warm,720,143,1179648,8192,118,4352,138,45921951,46237582,0
NSL-BT32-fold,jsmn_long-128-warm,720,144,1187840,8192,173,4444,188,46237680,46505116,0
NSL-BT32-fold,jsmn_long-128-warm,720,145,1196032,8192,123,4328,134,46505214,46817970,0
NSL-BT32-fold,jsmn_long-128-warm,720,146,1204224,8192,141,4452,155,46817973,47095083,0
NSL-BT32-fold,jsmn_long-128-warm,720,147,1212416,8192,149,4404,160,47095181,47379491,0
NSL-BT32-fold,jsmn_long-128-warm,720,148,1220608,8192,129,4376,139,47379589,47690870,0
NSL-BT32-fold,jsmn_long-128-warm,720,149,1228800,8192,167,4428,184,47690968,47961602,0
NSL-BT32-fold,jsmn_long-128-warm,720,150,1236992,8192,112,4304,125,47961700,48287422,0
NSL-BT32-fold,jsmn_long-128-warm,720,151,1245184,8192,158,4494,178,48287425,48556332,0
NSL-BT32-fold,jsmn_long-128-warm,720,152,1253376,8192,127,4388,148,48556430,48849311,0
NSL-BT32-fold,jsmn_long-128-warm,720,153,1261568,8192,129,4389,150,48849409,49150742,0
NSL-BT32-fold,jsmn_long-128-warm,720,154,1269760,8192,148,4426,162,49150746,49426832,0
NSL-BT32-fold,jsmn_long-128-warm,720,155,1277952,8192,128,4345,141,49426833,49748567,0
NSL-BT32-fold,jsmn_long-128-warm,720,156,1286144,8192,167,4448,180,49748768,50016418,0
NSL-BT32-fold,jsmn_long-128-warm,720,157,1294336,8192,142,4360,158,50016516,50317841,0
NSL-BT32-fold,jsmn_long-128-warm,720,158,1302528,8192,137,4421,162,50317843,50605835,0
NSL-BT32-fold,jsmn_long-128-warm,720,159,1310720,8192,149,4412,167,50605933,50884399,0
NSL-BT32-fold,jsmn_long-128-warm,720,160,1318912,8192,130,4360,151,50884497,51195186,0
NSL-BT32-fold,jsmn_long-128-warm,720,161,1327104,8192,178,4436,190,51195284,51466235,0
NSL-BT32-fold,jsmn_long-128-warm,720,162,1335296,8192,123,4273,134,51466333,51787299,0
NSL-BT32-fold,jsmn_long-128-warm,720,163,1343488,8192,169,4510,193,51787396,52048962,0
NSL-BT32-fold,jsmn_long-128-warm,720,164,1351680,8192,158,4385,177,52048963,52337765,0
NSL-BT32-fold,jsmn_long-128-warm,720,165,1359872,8192,137,4392,149,52337863,52641662,0
NSL-BT32-fold,jsmn_long-128-warm,720,166,1368064,8192,150,4425,173,52641760,52913993,0
NSL-BT32-fold,jsmn_long-128-warm,720,167,1376256,8192,116,4342,121,52913998,53235306,0
NSL-BT32-fold,jsmn_long-128-warm,720,168,1384448,8192,174,4452,189,53235307,53497323,0
NSL-BT32-fold,jsmn_long-128-warm,720,169,1392640,8192,133,4351,142,53497421,53802788,0
NSL-BT32-fold,jsmn_long-128-warm,720,170,1400832,8192,143,4429,154,53802790,54088273,0
NSL-BT32-fold,jsmn_long-128-warm,720,171,1409024,8192,150,4404,166,54088371,54370126,0
NSL-BT32-fold,jsmn_long-128-warm,720,172,1417216,8192,108,4368,122,54370224,54682102,0
NSL-BT32-fold,jsmn_long-128-warm,720,173,1425408,8192,153,4436,163,54682200,54951145,0
NSL-BT32-fold,jsmn_long-128-warm,720,174,1433600,8192,112,4259,125,54951243,55275286,0
NSL-BT32-fold,jsmn_long-128-warm,720,175,1441792,8192,158,4527,181,55275289,55541832,0
NSL-BT32-fold,jsmn_long-128-warm,720,176,1449984,8192,141,4387,149,55541835,55831554,0
NSL-BT32-fold,jsmn_long-128-warm,720,177,1458176,8192,135,4389,141,55831555,56132717,0
NSL-BT32-fold,jsmn_long-128-warm,720,178,1466368,8192,140,4425,152,56132815,56409089,0
NSL-BT32-fold,jsmn_long-128-warm,720,179,1474560,8192,117,4343,134,56409090,56730088,0
NSL-BT32-fold,jsmn_long-128-warm,720,180,1482752,8192,173,4454,189,56730194,56997242,0
NSL-BT32-fold,jsmn_long-128-warm,720,181,1490944,8192,127,4351,143,56997340,57295601,0
NSL-BT32-fold,jsmn_long-128-warm,720,182,1499136,8192,146,4429,147,57295602,57581661,0
NSL-BT32-fold,jsmn_long-128-warm,720,183,1507328,8192,139,4407,158,57581759,57864848,0
NSL-BT32-fold,jsmn_long-128-warm,720,184,1515520,8192,126,4365,138,57864850,58175906,0
NSL-BT32-fold,jsmn_long-128-warm,720,185,1523712,8192,165,4436,175,58176004,58445498,0
NSL-BT32-fold,jsmn_long-128-warm,720,186,1531904,8192,118,4278,138,58445596,58762433,0
NSL-BT32-fold,jsmn_long-128-warm,720,187,1540096,8192,170,4502,180,58762436,59030931,0
NSL-BT32-fold,jsmn_long-128-warm,720,188,1548288,8192,143,4388,148,59031029,59324197,0
NSL-BT32-fold,jsmn_long-128-warm,720,189,1556480,8192,144,4392,149,59324200,59624029,0
NSL-BT32-fold,jsmn_long-128-warm,720,190,1564672,8192,149,4420,163,59624127,59898597,0
NSL-BT32-fold,jsmn_long-128-warm,720,191,1572864,8192,111,4346,126,59898695,60219577,0
NSL-BT32-fold,jsmn_long-128-warm,720,192,1581056,8192,162,4449,173,60219675,60483518,0
NSL-BT32-fold,jsmn_long-128-warm,720,193,1589248,8192,126,4346,138,60483519,60788327,0
NSL-BT32-fold,jsmn_long-128-warm,720,194,1597440,8192,147,4426,171,60788328,61064205,0
NSL-BT32-fold,jsmn_long-128-warm,720,195,1605632,8192,156,4410,167,61064211,61353856,0
NSL-BT32-fold,jsmn_long-128-warm,720,196,1613824,8192,119,4365,135,61353858,61665600,0
NSL-BT32-fold,jsmn_long-128-warm,720,197,1622016,8192,181,4438,188,61665698,61930767,0
NSL-BT32-fold,jsmn_long-128-warm,720,198,1630208,8192,116,4315,131,61930865,62247967,0
NSL-BT32-fold,jsmn_long-128-warm,720,199,1638400,8192,168,4467,186,62248064,62507529,0
NSL-BT32-fold,jsmn_long-128-warm,720,200,1646592,8192,150,4380,163,62507627,62795682,0
NSL-BT32-fold,jsmn_long-128-warm,720,201,1654784,8192,135,4400,157,62795780,63091529,0
NSL-BT32-fold,jsmn_long-128-warm,720,202,1662976,8192,155,4416,170,63091627,63362037,0
NSL-BT32-fold,jsmn_long-128-warm,720,203,1671168,8192,122,4348,146,63362041,63675608,0
NSL-BT32-fold,jsmn_long-128-warm,720,204,1679360,8192,169,4449,195,63675706,63940504,0
NSL-BT32-fold,jsmn_long-128-warm,720,205,1687552,8192,144,4331,158,63940508,64247423,0
NSL-BT32-fold,jsmn_long-128-warm,720,206,1695744,8192,168,4446,176,64247427,64513288,0
NSL-BT32-fold,jsmn_long-128-warm,720,207,1703936,8192,136,4391,146,64513386,64791386,0
NSL-BT32-fold,jsmn_long-128-warm,720,208,1712128,8192,130,4373,145,64791388,65088788,0
NSL-BT32-fold,jsmn_long-128-warm,720,209,1720320,8192,161,4431,181,65088886,65361083,0
NSL-BT32-fold,jsmn_long-128-warm,720,210,1728512,8192,112,4341,129,65361087,65680183,0
NSL-BT32-fold,jsmn_long-128-warm,720,211,1736704,8192,169,4449,190,65680286,65938835,0
NSL-BT32-fold,jsmn_long-128-warm,720,212,1744896,8192,131,4371,147,65938836,66235179,0
NSL-BT32-fold,jsmn_long-128-warm,720,213,1753088,8192,135,4404,160,66235183,66522399,0
NSL-BT32-fold,jsmn_long-128-warm,720,214,1761280,8192,156,4416,174,66522497,66795336,0
NSL-BT32-fold,jsmn_long-128-warm,720,215,1769472,8192,122,4356,135,66795537,67107262,0
NSL-BT32-fold,jsmn_long-128-warm,720,216,1777664,8192,166,4440,187,67107360,67370404,0
NSL-BT32-fold,jsmn_long-128-warm,720,217,1785828,8164,110,4295,119,67370510,67688908,1
NSL-BT32-fold,miniz_long-128-cold,720,0,8192,8192,186,291,177,3392,292413,0
NSL-BT32-fold,miniz_long-128-cold,720,1,16384,8192,554,1280,566,292416,553571,0
NSL-BT32-fold,miniz_long-128-cold,720,2,24576,8192,280,467,263,553573,834652,0
NSL-BT32-fold,miniz_long-128-cold,720,3,32768,8192,426,1045,463,834756,1086385,0
NSL-BT32-fold,miniz_long-128-cold,720,4,40960,8192,329,717,331,1086386,1346255,0
NSL-BT32-fold,miniz_long-128-cold,720,5,49152,8192,392,821,397,1346359,1645495,0
NSL-BT32-fold,miniz_long-128-cold,720,6,57344,8192,438,904,447,1645500,1905875,0
NSL-BT32-fold,miniz_long-128-cold,720,7,65536,8192,295,608,305,1905878,2191731,0
NSL-BT32-fold,miniz_long-128-cold,720,8,73728,8192,538,1159,539,2191734,2469527,0
NSL-BT32-fold,miniz_long-128-cold,720,9,81920,8192,170,380,178,2469530,2721304,0
NSL-BT32-fold,miniz_long-128-cold,720,10,90112,8192,567,1387,587,2721306,3022048,0
NSL-BT32-fold,miniz_long-128-cold,720,11,98304,8192,142,210,140,3022053,3255009,0
NSL-BT32-fold,miniz_long-128-cold,720,12,106496,8192,542,1418,564,3255116,3571141,0
NSL-BT32-fold,miniz_long-128-cold,720,13,114688,8192,133,248,133,3571144,3792461,0
NSL-BT32-fold,miniz_long-128-cold,720,14,122880,8192,653,1511,699,3792565,4108344,0
NSL-BT32-fold,miniz_long-128-cold,720,15,131072,8192,141,221,139,4108448,4348744,0
NSL-BT32-fold,miniz_long-128-cold,720,16,139264,8192,658,1535,682,4348747,4645386,0
NSL-BT32-fold,miniz_long-128-cold,720,17,147456,8192,149,254,150,4645389,4928603,0
NSL-BT32-fold,miniz_long-128-cold,720,18,155648,8192,722,1543,744,4928606,5224656,0
NSL-BT32-fold,miniz_long-128-cold,720,19,163840,8192,185,246,181,5224659,5493473,0
NSL-BT32-fold,miniz_long-128-cold,720,20,172032,8192,604,1564,633,5493476,5791955,0
NSL-BT32-fold,miniz_long-128-cold,720,21,180224,8192,178,255,178,5792312,6075017,0
NSL-BT32-fold,miniz_long-128-cold,720,22,188416,8192,531,1251,561,6075020,6335514,0
NSL-BT32-fold,miniz_long-128-cold,720,23,196608,8192,318,533,301,6335528,6631822,0
NSL-BT32-fold,miniz_long-128-cold,720,24,204800,8192,422,936,447,6631926,6905909,0
NSL-BT32-fold,miniz_long-128-cold,720,25,212992,8192,417,881,435,6906118,7172639,0
NSL-BT32-fold,miniz_long-128-cold,720,26,221184,8192,316,644,331,7172642,7462370,0
NSL-BT32-fold,miniz_long-128-cold,720,27,229376,8192,529,1158,542,7462372,7744643,0
NSL-BT32-fold,miniz_long-128-cold,720,28,237568,8192,206,369,206,7744646,7986960,0
NSL-BT32-fold,miniz_long-128-cold,720,29,245760,8192,672,1403,680,7987064,8281091,0
NSL-BT32-fold,miniz_long-128-cold,720,30,253952,8192,126,73,123,8281099,8503122,0
NSL-BT32-fold,miniz_long-128-cold,720,31,262144,8192,602,1231,601,8503226,8815161,0
NSL-BT32-fold,miniz_long-128-cold,720,32,270336,8192,164,218,162,8815265,9024380,0
NSL-BT32-fold,miniz_long-128-cold,720,33,278528,8192,669,1568,698,9024391,9323552,0
NSL-BT32-fold,miniz_long-128-cold,720,34,286720,8192,150,239,149,9323555,9606215,0
NSL-BT32-fold,miniz_long-128-cold,720,35,294912,8192,685,1588,731,9606218,9913248,0
NSL-BT32-fold,miniz_long-128-cold,720,36,303104,8192,164,244,162,9913350,10208213,0
NSL-BT32-fold,miniz_long-128-cold,720,37,311296,8192,663,1561,678,10208216,10507467,0
NSL-BT32-fold,miniz_long-128-cold,720,38,319488,8192,171,255,168,10507474,10789796,0
NSL-BT32-fold,miniz_long-128-cold,720,39,327680,8192,512,1240,543,10789799,11052887,0
NSL-BT32-fold,miniz_long-128-cold,720,40,335872,8192,297,549,282,11052997,11335077,0
NSL-BT32-fold,miniz_long-128-cold,720,41,344064,8192,391,947,406,11335082,11607879,0
NSL-BT32-fold,miniz_long-128-cold,720,42,352256,8192,396,906,425,11607891,11877317,0
NSL-BT32-fold,miniz_long-128-cold,720,43,360448,8192,350,339,337,11877320,12180537,0
NSL-BT32-fold,miniz_long-128-cold,720,44,368640,8192,549,1160,559,12180540,12474265,0
NSL-BT32-fold,miniz_long-128-cold,720,45,376832,8192,204,384,213,12474268,12751711,0
NSL-BT32-fold,miniz_long-128-cold,720,46,385024,8192,642,1436,655,12751816,13053706,0
NSL-BT32-fold,miniz_long-128-cold,720,47,393216,8192,143,189,141,13053711,13274409,0
NSL-BT32-fold,miniz_long-128-cold,720,48,401408,8192,650,1468,663,13274513,13596056,0
NSL-BT32-fold,miniz_long-128-cold,720,49,409600,8192,156,226,154,13596061,13814213,0
NSL-BT32-fold,miniz_long-128-cold,720,50,417792,8192,626,1514,655,13814224,14110811,0
NSL-BT32-fold,miniz_long-128-cold,720,51,425984,8192,178,247,173,14110814,14392833,0
NSL-BT32-fold,miniz_long-128-cold,720,52,434176,8192,684,1575,702,14392836,14692774,0
NSL-BT32-fold,miniz_long-128-cold,720,53,442368,8192,157,264,155,14692777,14962628,0
NSL-BT32-fold,miniz_long-128-cold,720,54,450560,8192,622,1501,675,14962631,15242769,0
NSL-BT32-fold,miniz_long-128-cold,720,55,458752,8192,221,329,204,15242860,15542172,0
NSL-BT32-fold,miniz_long-128-cold,720,56,466944,8192,498,1066,520,15542175,15793267,0
NSL-BT32-fold,miniz_long-128-cold,720,57,475136,8192,361,725,357,15793273,16060415,0
NSL-BT32-fold,miniz_long-128-cold,720,58,483328,8192,357,776,369,16060522,16350737,0
NSL-BT32-fold,miniz_long-128-cold,720,59,491520,8192,500,998,493,16350840,16619390,0
NSL-BT32-fold,miniz_long-128-cold,720,60,499712,8192,245,490,248,16619393,16910734,0
NSL-BT32-fold,miniz_long-128-cold,720,61,507904,8192,557,1294,581,16910938,17191045,0
NSL-BT32-fold,miniz_long-128-cold,720,62,516096,8192,165,289,161,17191048,17434845,0
NSL-BT32-fold,miniz_long-128-cold,720,63,524288,8192,646,1391,673,17434848,17763386,0
NSL-BT32-fold,miniz_long-128-cold,720,64,532480,8192,133,238,132,17763499,17972097,0
NSL-BT32-fold,miniz_long-128-cold,720,65,540672,8192,647,1506,667,17972103,18278039,0
NSL-BT32-fold,miniz_long-128-cold,720,66,548864,8192,126,224,128,18278143,18531329,0
NSL-BT32-fold,miniz_long-128-cold,720,67,557056,8192,681,1602,692,18531332,18835687,0
NSL-BT32-fold,miniz_long-128-cold,720,68,565248,8192,163,243,161,18835690,19117154,0
NSL-BT32-fold,miniz_long-128-cold,720,69,573440,8192,706,1538,702,19117256,19405476,0
NSL-BT32-fold,miniz_long-128-cold,720,70,581632,8192,172,240,164,19405479,19698737,0
NSL-BT32-fold,miniz_long-128-cold,720,71,589824,8192,579,1332,611,19698740,19969917,0
NSL-BT32-fold,miniz_long-128-cold,720,72,598016,8192,296,478,274,19969918,20256831,0
NSL-BT32-fold,miniz_long-128-cold,720,73,606208,8192,429,989,459,20256935,20528781,0
NSL-BT32-fold,miniz_long-128-cold,720,74,614400,8192,432,858,427,20528887,20796804,0
NSL-BT32-fold,miniz_long-128-cold,720,75,622592,8192,316,606,332,20796807,21073117,0
NSL-BT32-fold,miniz_long-128-cold,720,76,630784,8192,542,1248,573,21073219,21358495,0
NSL-BT32-fold,miniz_long-128-cold,720,77,638976,8192,168,359,166,21358498,21618222,0
NSL-BT32-fold,miniz_long-128-cold,720,78,647168,8192,655,1461,687,21618326,21951200,0
NSL-BT32-fold,miniz_long-128-cold,720,79,655360,8192,151,219,149,21951203,22156163,0
NSL-BT32-fold,miniz_long-128-cold,720,80,663552,8192,662,1536,702,22156267,22450025,0
NSL-BT32-fold,miniz_long-128-cold,720,81,671744,8192,142,239,142,22450129,22735641,0
NSL-BT32-fold,miniz_long-128-cold,720,82,679936,8192,717,1591,732,22735644,23041924,0
NSL-BT32-fold,miniz_long-128-cold,720,83,688128,8192,149,254,149,23041927,23324282,0
NSL-BT32-fold,miniz_long-128-cold,720,84,696320,8192,643,1491,670,23324285,23612244,0
NSL-BT32-fold,miniz_long-128-cold,720,85,704512,8192,218,328,206,23612365,23898730,0
NSL-BT32-fold,miniz_long-128-cold,720,86,712704,8192,478,1083,505,23898733,24151053,0
NSL-BT32-fold,miniz_long-128-cold,720,87,720896,8192,364,720,365,24151058,24409697,0
NSL-BT32-fold,miniz_long-128-cold,720,88,729088,8192,332,716,355,24409700,24719865,0
NSL-BT32-fold,miniz_long-128-cold,720,89,737280,8192,487,1105,506,24719867,24997307,0
NSL-BT32-fold,miniz_long-128-cold,720,90,745472,8192,211,398,219,24997310,25279050,0
NSL-BT32-fold,miniz_long-128-cold,720,91,753664,8192,637,1465,670,25279054,25581558,0
NSL-BT32-fold,miniz_long-128-cold,720,92,761856,8192,151,190,149,25581563,25799342,0
NSL-BT32-fold,miniz_long-128-cold,720,93,770048,8192,644,1418,649,25799446,26114331,0
NSL-BT32-fold,miniz_long-128-cold,720,94,778240,8192,133,226,133,26114435,26340506,0
NSL-BT32-fold,miniz_long-128-cold,720,95,786432,8192,726,1594,770,26340517,26646585,0
NSL-BT32-fold,miniz_long-128-cold,720,96,794624,8192,156,272,152,26646588,26930460,0
NSL-BT32-fold,miniz_long-128-cold,720,97,802816,8192,753,1578,777,26930463,27237476,0
NSL-BT32-fold,miniz_long-128-cold,720,98,811008,8192,134,252,132,27237479,27506545,0
NSL-BT32-fold,miniz_long-128-cold,720,99,819200,8192,559,1240,592,27506548,27768541,0
NSL-BT32-fold,miniz_long-128-cold,720,100,827392,8192,338,616,322,27768556,28045259,0
NSL-BT32-fold,miniz_long-128-cold,720,101,835584,8192,406,833,428,28045363,28324666,0
NSL-BT32-fold,miniz_long-128-cold,720,102,843776,8192,456,995,464,28324674,28601171,0
NSL-BT32-fold,miniz_long-128-cold,720,103,851968,8192,281,514,280,28601273,28893817,0
NSL-BT32-fold,miniz_long-128-cold,720,104,860160,8192,621,1325,638,28893935,29205301,0
NSL-BT32-fold,miniz_long-128-cold,720,105,868352,8192,168,210,165,29205304,29447008,0
NSL-BT32-fold,miniz_long-128-cold,720,106,876544,8192,652,1447,669,29447014,29750366,0
NSL-BT32-fold,miniz_long-128-cold,720,107,884736,8192,151,250,151,29750470,29963600,0
NSL-BT32-fold,miniz_long-128-cold,720,108,892928,8192,775,1609,820,29963607,30264083,0
NSL-BT32-fold,miniz_long-128-cold,720,109,901120,8192,146,245,146,30264086,30545951,0
NSL-BT32-fold,miniz_long-128-cold,720,110,909312,8192,738,1685,781,30545954,30852926,0
NSL-BT32-fold,miniz_long-128-cold,720,111,917504,8192,140,251,137,30852929,31135447,0
NSL-BT32-fold,miniz_long-128-cold,720,112,925696,8192,595,1375,642,31135450,31408676,0
NSL-BT32-fold,miniz_long-128-cold,720,113,933888,8192,297,465,281,31408688,31708682,0
NSL-BT32-fold,miniz_long-128-cold,720,114,942080,8192,453,937,460,31708786,31975661,0
NSL-BT32-fold,miniz_long-128-cold,720,115,950272,8192,413,878,421,31975776,32247113,0
NSL-BT32-fold,miniz_long-128-cold,720,116,958464,8192,321,597,328,32247116,32545100,0
NSL-BT32-fold,miniz_long-128-cold,720,117,966656,8192,586,1267,595,32545105,32836275,0
NSL-BT32-fold,miniz_long-128-cold,720,118,974848,8192,183,79,181,32836278,33079934,0
NSL-BT32-fold,miniz_long-128-cold,720,119,983040,8192,623,1331,667,33080040,33401076,0
NSL-BT32-fold,miniz_long-128-cold,720,120,991232,8192,130,254,124,33401180,33615699,0
NSL-BT32-fold,miniz_long-128-cold,720,121,999424,8192,691,1573,731,33615702,33918168,0
NSL-BT32-fold,miniz_long-128-cold,720,122,1007616,8192,166,258,166,33918171,34215464,0
NSL-BT32-fold,miniz_long-128-cold,720,123,1015808,8192,753,1610,772,34215467,34524626,0
NSL-BT32-fold,miniz_long-128-cold,720,124,1024000,8192,159,265,159,34524629,34820074,0
NSL-BT32-fold,miniz_long-128-cold,720,125,1032192,8192,600,1301,635,34820077,35084552,0
NSL-BT32-fold,miniz_long-128-cold,720,126,1040384,8192,310,576,302,35084663,35365015,0
NSL-BT32-fold,miniz_long-128-cold,720,127,1048576,8192,394,885,421,35365020,35641983,0
NSL-BT32-fold,miniz_long-128-cold,720,128,1056768,8192,462,1001,490,35641986,35908885,0
NSL-BT32-fold,miniz_long-128-cold,720,129,1064960,8192,289,486,300,35908888,36199766,0
NSL-BT32-fold,miniz_long-128-cold,720,130,1073152,8192,606,1370,617,36199868,36511372,0
NSL-BT32-fold,miniz_long-128-cold,720,131,1081344,8192,161,211,160,36511377,36741244,0
NSL-BT32-fold,miniz_long-128-cold,720,132,1089536,8192,623,1525,659,36741348,37043494,0
NSL-BT32-fold,miniz_long-128-cold,720,133,1097728,8192,135,233,135,37043598,37274690,0
NSL-BT32-fold,miniz_long-128-cold,720,134,1105920,8192,722,1661,780,37274693,37583938,0
NSL-BT32-fold,miniz_long-128-cold,720,135,1114112,8192,145,245,145,37583941,37865499,0
NSL-BT32-fold,miniz_long-128-cold,720,136,1122304,8192,766,1554,799,37865502,38167852,0
NSL-BT32-fold,miniz_long-128-cold,720,137,1130496,8192,195,278,189,38167855,38454272,0
NSL-BT32-fold,miniz_long-128-cold,720,138,1138688,8192,509,1189,535,38454275,38710744,0
NSL-BT32-fold,miniz_long-128-cold,720,139,1146880,8192,329,629,319,38710752,38983804,0
NSL-BT32-fold,miniz_long-128-cold,720,140,1155072,8192,394,810,396,38983911,39265534,0
NSL-BT32-fold,miniz_long-128-cold,720,141,1163264,8192,465,995,464,39265647,39532196,0
NSL-BT32-fold,miniz_long-128-cold,720,142,1171456,8192,256,491,263,39532199,39822004,0
NSL-BT32-fold,miniz_long-128-cold,720,143,1179648,8192,622,1374,654,39822006,40132273,0
NSL-BT32-fold,miniz_long-128-cold,720,144,1187840,8192,171,209,167,40132276,40363246,0
NSL-BT32-fold,miniz_long-128-cold,720,145,1196032,8192,664,1520,713,40363252,40663089,0
NSL-BT32-fold,miniz_long-128-cold,720,146,1204224,8192,127,219,127,40663193,40879645,0
NSL-BT32-fold,miniz_long-128-cold,720,147,1212416,8192,730,1585,744,40879656,41188659,0
NSL-BT32-fold,miniz_long-128-cold,720,148,1220608,8192,152,247,153,41188662,41445229,0
NSL-BT32-fold,miniz_long-128-cold,720,149,1228800,8192,712,1626,725,41445232,41746881,0
NSL-BT32-fold,miniz_long-128-cold,720,150,1236992,8192,190,304,184,41746884,42046997,0
NSL-BT32-fold,miniz_long-128-cold,720,151,1245184,8192,507,1133,539,42047099,42302365,0
NSL-BT32-fold,miniz_long-128-cold,720,152,1253376,8192,365,733,366,42302367,42563373,0
NSL-BT32-fold,miniz_long-128-cold,720,153,1261568,8192,365,703,379,42563376,42871127,0
NSL-BT32-fold,miniz_long-128-cold,720,154,1269760,8192,490,1157,516,42871131,43149348,0
NSL-BT32-fold,miniz_long-128-cold,720,155,1277952,8192,219,368,216,43149351,43414327,0
NSL-BT32-fold,miniz_long-128-cold,720,156,1286144,8192,649,1446,688,43414431,43727653,0
NSL-BT32-fold,miniz_long-128-cold,720,157,1294336,8192,141,240,138,43727759,43933519,0
NSL-BT32-fold,miniz_long-128-cold,720,158,1302528,8192,699,1510,769,43933627,44226029,0
NSL-BT32-fold,miniz_long-128-cold,720,159,1310720,8192,182,260,171,44226133,44486337,0
NSL-BT32-fold,miniz_long-128-cold,720,160,1318912,8192,764,1592,760,44486340,44781617,0
NSL-BT32-fold,miniz_long-128-cold,720,161,1327104,8192,163,253,164,44781620,45077290,0
NSL-BT32-fold,miniz_long-128-cold,720,162,1335296,8192,585,1450,636,45077293,45355216,0
NSL-BT32-fold,miniz_long-128-cold,720,163,1343488,8192,268,402,251,45355219,45673560,0
NSL-BT32-fold,miniz_long-128-cold,720,164,1351680,8192,432,999,446,45673567,45923120,0
NSL-BT32-fold,miniz_long-128-cold,720,165,1359872,8192,369,792,362,45923126,46186365,0
NSL-BT32-fold,miniz_long-128-cold,720,166,1368064,8192,318,626,338,46186368,46490654,0
NSL-BT32-fold,miniz_long-128-cold,720,167,1376256,8192,534,1190,548,46490656,46773531,0
NSL-BT32-fold,miniz_long-128-cold,720,168,1384448,8192,171,360,169,46773534,47034233,0
NSL-BT32-fold,miniz_long-128-cold,720,169,1392640,8192,614,1410,639,47034337,47363992,0
NSL-BT32-fold,miniz_long-128-cold,720,170,1400832,8192,129,215,128,47363994,47574488,0
NSL-BT32-fold,miniz_long-128-cold,720,171,1409024,8192,668,1522,704,47574595,47865040,0
NSL-BT32-fold,miniz_long-128-cold,720,172,1417216,8192,159,236,156,47865144,48136090,0
NSL-BT32-fold,miniz_long-128-cold,720,173,1425408,8192,786,1656,817,48136093,48444536,0
NSL-BT32-fold,miniz_long-128-cold,720,174,1433600,8192,186,245,183,48444539,48739271,0
NSL-BT32-fold,miniz_long-128-cold,720,175,1441792,8192,607,1436,674,48739274,49018603,0
NSL-BT32-fold,miniz_long-128-cold,720,176,1449984,8192,265,431,248,49018604,49292366,0
NSL-BT32-fold,miniz_long-128-cold,720,177,1458176,8192,512,724,524,49292371,49548778,0
NSL-BT32-fold,miniz_long-128-cold,720,178,1466368,8192,423,865,423,49548780,49821024,0
NSL-BT32-fold,miniz_long-128-cold,720,179,1474560,8192,314,577,328,49821027,50118592,0
NSL-BT32-fold,miniz_long-128-cold,720,180,1482752,8192,567,1288,602,50118594,50423704,0
NSL-BT32-fold,miniz_long-128-cold,720,181,1490944,8192,199,273,197,50423707,50667681,0
NSL-BT32-fold,miniz_long-128-cold,720,182,1499136,8192,690,1453,726,50667684,50987786,0
NSL-BT32-fold,miniz_long-128-cold,720,183,1507328,8192,122,241,120,50987890,51207055,0
NSL-BT32-fold,miniz_long-128-cold,720,184,1515520,8192,781,1606,805,51207058,51509699,0
NSL-BT32-fold,miniz_long-128-cold,720,185,1523712,8192,150,263,144,51509702,51792431,0
NSL-BT32-fold,miniz_long-128-cold,720,186,1531904,8192,755,1572,778,51792434,52098411,0
NSL-BT32-fold,miniz_long-128-cold,720,187,1540096,8192,142,258,141,52098414,52381170,0
NSL-BT32-fold,miniz_long-128-cold,720,188,1548288,8192,608,1261,652,52381173,52647083,0
NSL-BT32-fold,miniz_long-128-cold,720,189,1556480,8192,353,631,346,52647087,52914575,0
NSL-BT32-fold,miniz_long-128-cold,720,190,1564672,8192,407,810,418,52914679,53202919,0
NSL-BT32-fold,miniz_long-128-cold,720,191,1572864,8192,535,1003,540,53203127,53476073,0
NSL-BT32-fold,miniz_long-128-cold,720,192,1581056,8192,232,415,242,53476076,53759223,0
NSL-BT32-fold,miniz_long-128-cold,720,193,1589248,8192,634,1445,670,53759228,54064415,0
NSL-BT32-fold,miniz_long-128-cold,720,194,1597440,8192,128,194,126,54064420,54276827,0
NSL-BT32-fold,miniz_long-128-cold,720,195,1605632,8192,719,1584,745,54276931,54564788,0
NSL-BT32-fold,miniz_long-128-cold,720,196,1613824,8192,140,234,139,54564892,54832238,0
NSL-BT32-fold,miniz_long-128-cold,720,197,1622016,8192,784,1638,810,54832241,55144347,0
NSL-BT32-fold,miniz_long-128-cold,720,198,1630208,8192,150,249,151,55144350,55413475,0
NSL-BT32-fold,miniz_long-128-cold,720,199,1638400,8192,715,1510,772,55413478,55698663,0
NSL-BT32-fold,miniz_long-128-cold,720,200,1646592,8192,252,377,236,55698774,56006319,0
NSL-BT32-fold,miniz_long-128-cold,720,201,1654784,8192,484,1022,507,56006322,56253007,0
NSL-BT32-fold,miniz_long-128-cold,720,202,1662976,8192,403,816,401,56253011,56520022,0
NSL-BT32-fold,miniz_long-128-cold,720,203,1671168,8192,335,336,340,56520025,56821120,0
NSL-BT32-fold,miniz_long-128-cold,720,204,1679360,8192,630,1281,666,56821225,57122067,0
NSL-BT32-fold,miniz_long-128-cold,720,205,1687552,8192,191,340,190,57122070,57368699,0
NSL-BT32-fold,miniz_long-128-cold,720,206,1695744,8192,664,1346,695,57368706,57705439,0
NSL-BT32-fold,miniz_long-128-cold,720,207,1703936,8192,135,255,135,57705548,57912070,0
NSL-BT32-fold,miniz_long-128-cold,720,208,1712128,8192,757,1535,764,57912076,58198219,0
NSL-BT32-fold,miniz_long-128-cold,720,209,1720320,8192,165,242,162,58198222,58494447,0
NSL-BT32-fold,miniz_long-128-cold,720,210,1728512,8192,746,1282,772,58494549,58801393,0
NSL-BT32-fold,miniz_long-128-cold,720,211,1736704,8192,140,246,142,58801495,59095446,0
NSL-BT32-fold,miniz_long-128-cold,720,212,1744896,8192,615,1374,657,59095449,59367363,0
NSL-BT32-fold,miniz_long-128-cold,720,213,1753088,8192,277,483,259,59367374,59647961,0
NSL-BT32-fold,miniz_long-128-cold,720,214,1761280,8192,451,980,490,59648065,59912315,0
NSL-BT32-fold,miniz_long-128-cold,720,215,1769472,8192,447,884,442,59912319,60184605,0
NSL-BT32-fold,miniz_long-128-cold,720,216,1777664,8192,340,554,333,60184608,60480536,0
NSL-BT32-fold,miniz_long-128-cold,720,217,1785856,8192,587,1331,602,60480547,60777473,0
NSL-BT32-fold,miniz_long-128-cold,720,218,1794048,8192,154,71,152,60777476,61019441,0
NSL-BT32-fold,miniz_long-128-cold,720,219,1802240,8192,641,1308,684,61019545,61325327,0
NSL-BT32-fold,miniz_long-128-cold,720,220,1810432,8192,119,219,119,61325431,61552978,0
NSL-BT32-fold,miniz_long-128-cold,720,221,1818624,8192,753,1611,766,61552989,61860621,0
NSL-BT32-fold,miniz_long-128-cold,720,222,1826816,8192,149,250,141,61860624,62154877,0
NSL-BT32-fold,miniz_long-128-cold,720,223,1835008,8192,751,1648,787,62154880,62464400,0
NSL-BT32-fold,miniz_long-128-cold,720,224,1843200,8192,143,247,145,62464403,62759459,0
NSL-BT32-fold,miniz_long-128-cold,720,225,1851392,8192,561,1166,585,62759462,63019939,0
NSL-BT32-fold,miniz_long-128-cold,720,226,1859584,8192,342,669,346,63020145,63291078,0
NSL-BT32-fold,miniz_long-128-cold,720,227,1867776,8192,387,808,429,63291182,63586894,0
NSL-BT32-fold,miniz_long-128-cold,720,228,1875968,8192,496,1055,503,63586897,63870360,0
NSL-BT32-fold,miniz_long-128-cold,720,229,1884160,8192,234,427,243,63870363,64155431,0
NSL-BT32-fold,miniz_long-128-cold,720,230,1892352,8192,638,1460,667,64155432,64469881,0
NSL-BT32-fold,miniz_long-128-cold,720,231,1900544,8192,136,201,136,64469883,64688161,0
NSL-BT32-fold,miniz_long-128-cold,720,232,1908736,8192,653,1503,678,64688265,64974573,0
NSL-BT32-fold,miniz_long-128-cold,720,233,1916928,8192,143,231,143,64974679,65253172,0
NSL-BT32-fold,miniz_long-128-cold,720,234,1925120,8192,730,1582,769,65253175,65562188,0
NSL-BT32-fold,miniz_long-128-cold,720,235,1933312,8192,161,257,162,65562191,65845710,0
NSL-BT32-fold,miniz_long-128-cold,720,236,1941504,8192,666,1458,713,65845713,66124836,0
NSL-BT32-fold,miniz_long-128-cold,720,237,1949696,8192,253,434,230,66124840,66422552,0
NSL-BT32-fold,miniz_long-128-cold,720,238,1957888,8192,453,996,468,66422656,66681511,0
NSL-BT32-fold,miniz_long-128-cold,720,239,1966080,8192,448,892,450,66681515,66941920,0
NSL-BT32-fold,miniz_long-128-cold,720,240,1974272,8192,315,512,300,66941923,67237353,0
NSL-BT32-fold,miniz_long-128-cold,720,241,1982464,8192,617,1373,655,67237355,67533719,0
NSL-BT32-fold,miniz_long-128-cold,720,242,1990656,8192,167,207,164,67533722,67769365,0
NSL-BT32-fold,miniz_long-128-cold,720,243,1998848,8192,664,1502,700,67769469,68078368,0
NSL-BT32-fold,miniz_long-128-cold,720,244,2007040,8192,152,221,148,68078472,68298700,0
NSL-BT32-fold,miniz_long-128-cold,720,245,2015232,8192,741,1593,768,68298711,68599721,0
NSL-BT32-fold,miniz_long-128-cold,720,246,2023424,8192,194,256,193,68599724,68895424,0
NSL-BT32-fold,miniz_long-128-cold,720,247,2031616,8192,736,1619,779,68895427,69206958,0
NSL-BT32-fold,miniz_long-128-cold,720,248,2039808,8192,165,261,164,69206971,69493245,0
NSL-BT32-fold,miniz_long-128-cold,720,249,2048000,8192,514,848,551,69493248,69747021,0
NSL-BT32-fold,miniz_long-128-cold,720,250,2056192,8192,396,775,398,69747127,70009528,0
NSL-BT32-fold,miniz_long-128-cold,720,251,2064384,8192,378,684,379,70009531,70318276,0
NSL-BT32-fold,miniz_long-128-cold,720,252,2072576,8192,551,1180,577,70318378,70605791,0
NSL-BT32-fold,miniz_long-128-cold,720,253,2080768,8192,197,363,196,70605893,70862224,0
NSL-BT32-fold,miniz_long-128-cold,720,254,2088960,8192,589,1342,641,70862328,71177504,0
NSL-BT32-fold,miniz_long-128-cold,720,255,2097152,8192,127,277,125,71178104,71385017,0
NSL-BT32-fold,miniz_long-128-cold,720,256,2105344,8192,733,1563,753,71385121,71675301,0
NSL-BT32-fold,miniz_long-128-cold,720,257,2113536,8192,130,251,131,71675304,71972327,0
NSL-BT32-fold,miniz_long-128-cold,720,258,2121728,8192,730,1606,733,71972330,72281320,0
NSL-BT32-fold,miniz_long-128-cold,720,259,2129920,8192,153,258,150,72281323,72576969,0
NSL-BT32-fold,miniz_long-128-cold,720,260,2138112,8192,592,1306,635,72576972,72843852,0
NSL-BT32-fold,miniz_long-128-cold,720,261,2146304,8192,332,618,316,72843959,73117239,0
NSL-BT32-fold,miniz_long-128-cold,720,262,2154496,8192,395,825,396,73117343,73397383,0
NSL-BT32-fold,miniz_long-128-cold,720,263,2162688,8192,526,1056,524,73397387,73684202,0
NSL-BT32-fold,miniz_long-128-cold,720,264,2170880,8192,219,401,230,73684205,73962737,0
NSL-BT32-fold,miniz_long-128-cold,720,265,2179072,8192,671,1473,683,73962741,74267934,0
NSL-BT32-fold,miniz_long-128-cold,720,266,2187264,8192,151,228,149,74267945,74471126,0
NSL-BT32-fold,miniz_long-128-cold,720,267,2195456,8192,652,1457,695,74471239,74758564,0
NSL-BT32-fold,miniz_long-128-cold,720,268,2203648,8192,187,245,182,74758668,75035193,0
NSL-BT32-fold,miniz_long-128-cold,720,269,2211840,8192,785,1434,806,75035196,75349058,0
NSL-BT32-fold,miniz_long-128-cold,720,270,2220032,8192,160,258,158,75349061,75644448,0
NSL-BT32-fold,miniz_long-128-cold,720,271,2228224,8192,587,1342,606,75644451,75914523,0
NSL-BT32-fold,miniz_long-128-cold,720,272,2236416,8192,319,603,317,75914535,76207373,0
NSL-BT32-fold,miniz_long-128-cold,720,273,2244608,8192,398,842,411,76207477,76483229,0
NSL-BT32-fold,miniz_long-128-cold,720,274,2252800,8192,456,1063,459,76483233,76770297,0
NSL-BT32-fold,miniz_long-128-cold,720,275,2260992,8192,263,464,279,76770300,77044374,0
NSL-BT32-fold,miniz_long-128-cold,720,276,2269184,8192,654,1408,660,77044390,77343596,0
NSL-BT32-fold,miniz_long-128-cold,720,277,2277376,8192,137,202,134,77343700,77560143,0
NSL-BT32-fold,miniz_long-128-cold,720,278,2285568,8192,689,1471,703,77560150,77845827,0
NSL-BT32-fold,miniz_long-128-cold,720,279,2293760,8192,124,245,119,77845940,78112363,0
NSL-BT32-fold,miniz_long-128-cold,720,280,2301952,8192,754,1662,781,78112465,78426698,0
NSL-BT32-fold,miniz_long-128-cold,720,281,2310144,8192,164,265,164,78426701,78708665,0
NSL-BT32-fold,miniz_long-128-cold,720,282,2318336,8192,625,1347,649,78708668,78980456,0
NSL-BT32-fold,miniz_long-128-cold,720,283,2326528,8192,355,595,339,78980467,79262619,0
NSL-BT32-fold,miniz_long-128-cold,720,284,2334720,8192,408,813,428,79262718,79546446,0
NSL-BT32-fold,miniz_long-128-cold,720,285,2342912,8192,453,1012,463,79546460,79828906,0
NSL-BT32-fold,miniz_long-128-cold,720,286,2351104,8192,250,448,260,79828909,80114954,0
NSL-BT32-fold,miniz_long-128-cold,720,287,2359296,8192,669,1415,675,80114956,80416578,0
NSL-BT32-fold,miniz_long-128-cold,720,288,2367488,8192,151,194,149,80416589,80633226,0
NSL-BT32-fold,miniz_long-128-cold,720,289,2375680,8192,708,1535,722,80633232,80923650,0
NSL-BT32-fold,miniz_long-128-cold,720,290,2383872,8192,129,233,130,80923754,81202896,0
NSL-BT32-fold,miniz_long-128-cold,720,291,2392064,8192,748,1578,762,81202899,81510839,0
NSL-BT32-fold,miniz_long-128-cold,720,292,2400256,8192,149,250,146,81510842,81806397,0
NSL-BT32-fold,miniz_long-128-cold,720,293,2408448,8192,627,1461,670,81806400,82092881,0
NSL-BT32-fold,miniz_long-128-cold,720,294,2408740,292,53,83,43,82092888,82111961,1
NSL-BT32-fold,miniz_long-128-warm,720,0,8192,8192,185,306,179,4619830,4909424,0
NSL-BT32-fold,miniz_long-128-warm,720,1,16384,8192,541,1209,574,4909427,5164632,0
NSL-BT32-fold,miniz_long-128-warm,720,2,24576,8192,351,565,338,5164644,5434078,0
NSL-BT32-fold,miniz_long-128-warm,720,3,32768,8192,372,921,401,5434182,5709169,0
NSL-BT32-fold,miniz_long-128-warm,720,4,40960,8192,392,873,390,5709180,5963681,0
NSL-BT32-fold,miniz_long-128-warm,720,5,49152,8192,309,664,311,5963684,6268376,0
NSL-BT32-fold,miniz_long-128-warm,720,6,57344,8192,546,1132,557,6268380,6557264,0
NSL-BT32-fold,miniz_long-128-warm,720,7,65536,8192,206,415,220,6557267,6840706,0
NSL-BT32-fold,miniz_long-128-warm,720,8,73728,8192,660,1429,689,6840712,7152699,0
NSL-BT32-fold,miniz_long-128-warm,720,9,81920,8192,150,209,149,7152704,7386396,0
NSL-BT32-fold,miniz_long-128-warm,720,10,90112,8192,589,1415,617,7386402,7687874,0
NSL-BT32-fold,miniz_long-128-warm,720,11,98304,8192,152,259,153,7687881,7887367,0
NSL-BT32-fold,miniz_long-128-warm,720,12,106496,8192,722,1508,729,7887374,8170185,0
NSL-BT32-fold,miniz_long-128-warm,720,13,114688,8192,153,227,152,8170188,8438227,0
NSL-BT32-fold,miniz_long-128-warm,720,14,122880,8192,661,1236,658,8438230,8734374,0
NSL-BT32-fold,miniz_long-128-warm,720,15,131072,8192,185,242,185,8734377,9002272,0
NSL-BT32-fold,miniz_long-128-warm,720,16,139264,8192,673,1570,701,9002275,9305136,0
NSL-BT32-fold,miniz_long-128-warm,720,17,147456,8192,149,238,148,9305139,9587036,0
NSL-BT32-fold,miniz_long-128-warm,720,18,155648,8192,516,1257,568,9587039,9855061,0
NSL-BT32-fold,miniz_long-128-warm,720,19,163840,8192,321,562,315,9855062,10153629,0
NSL-BT32-fold,miniz_long-128-warm,720,20,172032,8192,412,932,428,10153634,10426542,0
NSL-BT32-fold,miniz_long-128-warm,720,21,180224,8192,403,857,399,10426643,10678070,0
NSL-BT32-fold,miniz_long-128-warm,720,22,188416,8192,316,699,321,10678073,10984547,0
NSL-BT32-fold,miniz_long-128-warm,720,23,196608,8192,505,1103,514,10984648,11261410,0
NSL-BT32-fold,miniz_long-128-warm,720,24,204800,8192,178,397,187,11261413,11541799,0
NSL-BT32-fold,miniz_long-128-warm,720,25,212992,8192,627,1481,662,11542003,11856061,0
NSL-BT32-fold,miniz_long-128-warm,720,26,221184,8192,141,66,139,11856160,12088641,0
NSL-BT32-fold,miniz_long-128-warm,720,27,229376,8192,656,1276,655,12088745,12416989,0
NSL-BT32-fold,miniz_long-128-warm,720,28,237568,8192,155,249,155,12417093,12632040,0
NSL-BT32-fold,miniz_long-128-warm,720,29,245760,8192,672,1525,694,12632047,12926261,0
NSL-BT32-fold,miniz_long-128-warm,720,30,253952,8192,171,255,170,12926264,13209391,0
NSL-BT32-fold,miniz_long-128-warm,720,31,262144,8192,718,1580,729,13209394,13510251,0
NSL-BT32-fold,miniz_long-128-warm,720,32,270336,8192,181,252,180,13510254,13792692,0
NSL-BT32-fold,miniz_long-128-warm,720,33,278528,8192,627,1516,657,13792695,14092395,0
NSL-BT32-fold,miniz_long-128-warm,720,34,286720,8192,178,246,172,14092398,14373753,0
NSL-BT32-fold,miniz_long-128-warm,720,35,294912,8192,494,1234,529,14373756,14632897,0
NSL-BT32-fold,miniz_long-128-warm,720,36,303104,8192,330,586,313,14632901,14899220,0
NSL-BT32-fold,miniz_long-128-warm,720,37,311296,8192,397,863,416,14899324,15174353,0
NSL-BT32-fold,miniz_long-128-warm,720,38,319488,8192,430,944,445,15174354,15430980,0
NSL-BT32-fold,miniz_long-128-warm,720,39,327680,8192,293,558,296,15430983,15728531,0
NSL-BT32-fold,miniz_long-128-warm,720,40,335872,8192,592,1264,607,15728733,16031344,0
NSL-BT32-fold,miniz_long-128-warm,720,41,344064,8192,169,305,167,16031347,16265771,0
NSL-BT32-fold,miniz_long-128-warm,720,42,352256,8192,659,1397,666,16265778,16588529,0
NSL-BT32-fold,miniz_long-128-warm,720,43,360448,8192,131,226,129,16588626,16797150,0
NSL-BT32-fold,miniz_long-128-warm,720,44,368640,8192,603,1463,633,16797156,17108782,0
NSL-BT32-fold,miniz_long-128-warm,720,45,376832,8192,147,224,144,17108886,17342281,0
NSL-BT32-fold,miniz_long-128-warm,720,46,385024,8192,695,1544,720,17342284,17647177,0
NSL-BT32-fold,miniz_long-128-warm,720,47,393216,8192,153,241,153,17647180,17928556,0
NSL-BT32-fold,miniz_long-128-warm,720,48,401408,8192,680,1574,699,17928559,18231736,0
NSL-BT32-fold,miniz_long-128-warm,720,49,409600,8192,146,243,148,18231739,18512150,0
NSL-BT32-fold,miniz_long-128-warm,720,50,417792,8192,570,1420,597,18512153,18789325,0
NSL-BT32-fold,miniz_long-128-warm,720,51,425984,8192,271,422,255,18789330,19092337,0
NSL-BT32-fold,miniz_long-128-warm,720,52,434176,8192,466,1056,479,19092441,19333754,0
NSL-BT32-fold,miniz_long-128-warm,720,53,442368,8192,388,698,363,19333764,19594942,0
NSL-BT32-fold,miniz_long-128-warm,720,54,450560,8192,371,769,374,19595046,19902130,0
NSL-BT32-fold,miniz_long-128-warm,720,55,458752,8192,507,1039,511,19902141,20175041,0
NSL-BT32-fold,miniz_long-128-warm,720,56,466944,8192,210,437,221,20175044,20460754,0
NSL-BT32-fold,miniz_long-128-warm,720,57,475136,8192,673,1437,689,20460757,20775566,0
NSL-BT32-fold,miniz_long-128-warm,720,58,483328,8192,162,203,156,20775571,20977316,0
NSL-BT32-fold,miniz_long-128-warm,720,59,491520,8192,603,1482,661,20977420,21293540,0
NSL-BT32-fold,miniz_long-128-warm,720,60,499712,8192,140,218,133,21293644,21512391,0
NSL-BT32-fold,miniz_long-128-warm,720,61,507904,8192,657,1607,689,21512402,21814550,0
NSL-BT32-fold,miniz_long-128-warm,720,62,516096,8192,191,260,189,21814553,22111733,0
NSL-BT32-fold,miniz_long-128-warm,720,63,524288,8192,732,1650,771,22111736,22421269,0
NSL-BT32-fold,miniz_long-128-warm,720,64,532480,8192,153,250,153,22421272,22716579,0
NSL-BT32-fold,miniz_long-128-warm,720,65,540672,8192,570,1294,604,22716582,22984282,0
NSL-BT32-fold,miniz_long-128-warm,720,66,548864,8192,283,537,265,22984285,23269447,0
NSL-BT32-fold,miniz_long-128-warm,720,67,557056,8192,417,895,421,23269453,23539164,0
NSL-BT32-fold,miniz_long-128-warm,720,68,565248,8192,423,896,433,23539166,23813102,0
NSL-BT32-fold,miniz_long-128-warm,720,69,573440,8192,292,548,300,23813105,24084847,0
NSL-BT32-fold,miniz_long-128-warm,720,70,581632,8192,584,1296,604,24084849,24390249,0
NSL-BT32-fold,miniz_long-128-warm,720,71,589824,8192,164,245,161,24390252,24634647,0
NSL-BT32-fold,miniz_long-128-warm,720,72,598016,8192,582,1426,624,24634650,24948751,0
NSL-BT32-fold,miniz_long-128-warm,720,73,606208,8192,143,258,144,24948855,25158235,0
NSL-BT32-fold,miniz_long-128-warm,720,74,614400,8192,672,1554,713,25158348,25452777,0
NSL-BT32-fold,miniz_long-128-warm,720,75,622592,8192,150,252,151,25452780,25736726,0
NSL-BT32-fold,miniz_long-128-warm,720,76,630784,8192,725,1533,729,25736828,26037802,0
NSL-BT32-fold,miniz_long-128-warm,720,77,638976,8192,158,250,158,26037805,26320252,0
NSL-BT32-fold,miniz_long-128-warm,720,78,647168,8192,626,1469,692,26320255,26603300,0
NSL-BT32-fold,miniz_long-128-warm,720,79,655360,8192,258,399,232,26603305,26912249,0
NSL-BT32-fold,miniz_long-128-warm,720,80,663552,8192,489,1026,517,26912252,27157772,0
NSL-BT32-fold,miniz_long-128-warm,720,81,671744,8192,365,763,361,27157774,27408076,0
NSL-BT32-fold,miniz_long-128-warm,720,82,679936,8192,339,687,351,27408079,27703402,0
NSL-BT32-fold,miniz_long-128-warm,720,83,688128,8192,570,1186,573,27703509,27983470,0
NSL-BT32-fold,miniz_long-128-warm,720,84,696320,8192,183,365,178,27983473,28251174,0
NSL-BT32-fold,miniz_long-128-warm,720,85,704512,8192,680,1433,714,28251278,28573059,0
NSL-BT32-fold,miniz_long-128-warm,720,86,712704,8192,127,218,127,28573272,28782977,0
NSL-BT32-fold,miniz_long-128-warm,720,87,720896,8192,697,1471,712,28783084,29083874,0
NSL-BT32-fold,miniz_long-128-warm,720,88,729088,8192,142,250,142,29083978,29356691,0
NSL-BT32-fold,miniz_long-128-warm,720,89,737280,8192,747,1581,762,29356694,29656586,0
NSL-BT32-fold,miniz_long-128-warm,720,90,745472,8192,175,265,177,29656589,29939956,0
NSL-BT32-fold,miniz_long-128-warm,720,91,753664,8192,730,1563,785,29939959,30234635,0
NSL-BT32-fold,miniz_long-128-warm,720,92,761856,8192,195,305,184,30234638,30526767,0
NSL-BT32-fold,miniz_long-128-warm,720,93,770048,8192,498,1175,536,30526770,30781517,0
NSL-BT32-fold,miniz_long-128-warm,720,94,778240,8192,358,736,361,30781520,31040756,0
NSL-BT32-fold,miniz_long-128-warm,720,95,786432,8192,382,797,400,31040860,31341428,0
NSL-BT32-fold,miniz_long-128-warm,720,96,794624,8192,509,1040,521,31341433,31625941,0
NSL-BT32-fold,miniz_long-128-warm,720,97,802816,8192,244,441,247,31625944,31910589,0
NSL-BT32-fold,miniz_long-128-warm,720,98,811008,8192,643,1400,656,31910694,32225112,0
NSL-BT32-fold,miniz_long-128-warm,720,99,819200,8192,142,197,140,32225117,32442657,0
NSL-BT32-fold,miniz_long-128-warm,720,100,827392,8192,679,1477,694,32442761,32742738,0
NSL-BT32-fold,miniz_long-128-warm,720,101,835584,8192,135,221,136,32742842,32987319,0
NSL-BT32-fold,miniz_long-128-warm,720,102,843776,8192,730,1352,773,32987322,33296088,0
NSL-BT32-fold,miniz_long-128-warm,720,103,851968,8192,155,251,150,33296091,33592175,0
NSL-BT32-fold,miniz_long-128-warm,720,104,860160,8192,687,1590,726,33592178,33897861,0
NSL-BT32-fold,miniz_long-128-warm,720,105,868352,8192,174,273,174,33898307,34196285,0
NSL-BT32-fold,miniz_long-128-warm,720,106,876544,8192,522,1106,545,34196288,34449339,0
NSL-BT32-fold,miniz_long-128-warm,720,107,884736,8192,352,730,349,34449342,34711038,0
NSL-BT32-fold,miniz_long-128-warm,720,108,892928,8192,393,725,406,34711049,35017663,0
NSL-BT32-fold,miniz_long-128-warm,720,109,901120,8192,525,1163,538,35017684,35297604,0
NSL-BT32-fold,miniz_long-128-warm,720,110,909312,8192,200,367,198,35297607,35572135,0
NSL-BT32-fold,miniz_long-128-warm,720,111,917504,8192,668,1502,725,35572141,35881400,0
NSL-BT32-fold,miniz_long-128-warm,720,112,925696,8192,156,216,153,35881509,36085505,0
NSL-BT32-fold,miniz_long-128-warm,720,113,933888,8192,659,1500,681,36085511,36379295,0
NSL-BT32-fold,miniz_long-128-warm,720,114,942080,8192,143,236,146,36379399,36664133,0
NSL-BT32-fold,miniz_long-128-warm,720,115,950272,8192,717,1662,751,36664136,36972970,0
NSL-BT32-fold,miniz_long-128-warm,720,116,958464,8192,157,256,158,36972973,37255610,0
NSL-BT32-fold,miniz_long-128-warm,720,117,966656,8192,603,1420,662,37255613,37532780,0
NSL-BT32-fold,miniz_long-128-warm,720,118,974848,8192,257,479,258,37532885,37823722,0
NSL-BT32-fold,miniz_long-128-warm,720,119,983040,8192,482,946,493,37823826,38087006,0
NSL-BT32-fold,miniz_long-128-warm,720,120,991232,8192,449,853,465,38087119,38342728,0
NSL-BT32-fold,miniz_long-128-warm,720,121,999424,8192,328,625,324,38342731,38643376,0
NSL-BT32-fold,miniz_long-128-warm,720,122,1007616,8192,537,1220,555,38643377,38943005,0
NSL-BT32-fold,miniz_long-128-warm,720,123,1015808,8192,194,365,191,38943008,39182499,0
NSL-BT32-fold,miniz_long-128-warm,720,124,1024000,8192,651,1377,655,39182603,39501395,0
NSL-BT32-fold,miniz_long-128-warm,720,125,1032192,8192,130,224,129,39501403,39706798,0
NSL-BT32-fold,miniz_long-128-warm,720,126,1040384,8192,648,1511,685,39706806,40004117,0
NSL-BT32-fold,miniz_long-128-warm,720,127,1048576,8192,173,256,174,40004221,40283299,0
NSL-BT32-fold,miniz_long-128-warm,720,128,1056768,8192,761,1653,808,40283302,40590505,0
NSL-BT32-fold,miniz_long-128-warm,720,129,1064960,8192,151,244,151,40590508,40859349,0
NSL-BT32-fold,miniz_long-128-warm,720,130,1073152,8192,618,1401,651,40859352,41140243,0
NSL-BT32-fold,miniz_long-128-warm,720,131,1081344,8192,258,425,242,41140246,41414942,0
NSL-BT32-fold,miniz_long-128-warm,720,132,1089536,8192,454,1010,465,41415046,41668371,0
NSL-BT32-fold,miniz_long-128-warm,720,133,1097728,8192,416,884,410,41668373,41935542,0
NSL-BT32-fold,miniz_long-128-warm,720,134,1105920,8192,324,603,345,41935545,42235944,0
NSL-BT32-fold,miniz_long-128-warm,720,135,1114112,8192,588,1305,599,42236049,42544024,0
NSL-BT32-fold,miniz_long-128-warm,720,136,1122304,8192,168,222,166,42544027,42790001,0
NSL-BT32-fold,miniz_long-128-warm,720,137,1130496,8192,605,1455,647,42790007,43095410,0
NSL-BT32-fold,miniz_long-128-warm,720,138,1138688,8192,127,257,125,43095415,43304892,0
NSL-BT32-fold,miniz_long-128-warm,720,139,1146880,8192,720,1609,760,43304899,43608157,0
NSL-BT32-fold,miniz_long-128-warm,720,140,1155072,8192,184,254,181,43608160,43891622,0
NSL-BT32-fold,miniz_long-128-warm,720,141,1163264,8192,747,1617,816,43891625,44195352,0
NSL-BT32-fold,miniz_long-128-warm,720,142,1171456,8192,192,271,182,44195355,44467374,0
NSL-BT32-fold,miniz_long-128-warm,720,143,1179648,8192,580,1222,593,44467377,44718273,0
NSL-BT32-fold,miniz_long-128-warm,720,144,1187840,8192,336,608,320,44718274,45002648,0
NSL-BT32-fold,miniz_long-128-warm,720,145,1196032,8192,404,889,437,45002747,45288249,0
NSL-BT32-fold,miniz_long-128-warm,720,146,1204224,8192,429,944,429,45288356,45568138,0
NSL-BT32-fold,miniz_long-128-warm,720,147,1212416,8192,262,481,264,45568141,45858805,0
NSL-BT32-fold,miniz_long-128-warm,720,148,1220608,8192,570,1342,575,45859007,46165627,0
NSL-BT32-fold,miniz_long-128-warm,720,149,1228800,8192,151,203,149,46165632,46397305,0
NSL-BT32-fold,miniz_long-128-warm,720,150,1236992,8192,612,1441,649,46397409,46708466,0
NSL-BT32-fold,miniz_long-128-warm,720,151,1245184,8192,130,221,128,46708471,46927624,0
NSL-BT32-fold,miniz_long-128-warm,720,152,1253376,8192,648,1573,673,46927635,47228985,0
NSL-BT32-fold,miniz_long-128-warm,720,153,1261568,8192,153,242,152,47228988,47524377,0
NSL-BT32-fold,miniz_long-128-warm,720,154,1269760,8192,722,1628,758,47524380,47833605,0
NSL-BT32-fold,miniz_long-128-warm,720,155,1277952,8192,178,253,174,47833608,48117010,0
NSL-BT32-fold,miniz_long-128-warm,720,156,1286144,8192,595,1291,632,48117013,48381532,0
NSL-BT32-fold,miniz_long-128-warm,720,157,1294336,8192,363,593,354,48381637,48669021,0
NSL-BT32-fold,miniz_long-128-warm,720,158,1302528,8192,379,828,421,48669125,48949873,0
NSL-BT32-fold,miniz_long-128-warm,720,159,1310720,8192,485,1043,492,48949881,49221085,0
NSL-BT32-fold,miniz_long-128-warm,720,160,1318912,8192,275,186,279,49221088,49483979,0
NSL-BT32-fold,miniz_long-128-warm,720,161,1327104,8192,681,1414,690,49483984,49799133,0
NSL-BT32-fold,miniz_long-128-warm,720,162,1335296,8192,146,198,143,49799138,50019195,0
NSL-BT32-fold,miniz_long-128-warm,720,163,1343488,8192,638,1481,690,50019294,50322018,0
NSL-BT32-fold,miniz_long-128-warm,720,164,1351680,8192,136,234,135,50322122,50575018,0
NSL-BT32-fold,miniz_long-128-warm,720,165,1359872,8192,819,1651,853,50575021,50886626,0
NSL-BT32-fold,miniz_long-128-warm,720,166,1368064,8192,150,261,150,50886629,51183439,0
NSL-BT32-fold,miniz_long-128-warm,720,167,1376256,8192,726,1538,762,51183442,51475170,0
NSL-BT32-fold,miniz_long-128-warm,720,168,1384448,8192,209,340,190,51475290,51773453,0
NSL-BT32-fold,miniz_long-128-warm,720,169,1392640,8192,516,1065,548,51773456,52023736,0
NSL-BT32-fold,miniz_long-128-warm,720,170,1400832,8192,352,727,343,52023740,52271898,0
NSL-BT32-fold,miniz_long-128-warm,720,171,1409024,8192,379,723,399,52271909,52581075,0
NSL-BT32-fold,miniz_long-128-warm,720,172,1417216,8192,598,1190,614,52581080,52865673,0
NSL-BT32-fold,miniz_long-128-warm,720,173,1425408,8192,193,363,192,52865676,53116393,0
NSL-BT32-fold,miniz_long-128-warm,720,174,1433600,8192,700,1323,716,53116497,53438979,0
NSL-BT32-fold,miniz_long-128-warm,720,175,1441792,8192,142,259,140,53438982,53641621,0
NSL-BT32-fold,miniz_long-128-warm,720,176,1449984,8192,674,1555,725,53641725,53936176,0
NSL-BT32-fold,miniz_long-128-warm,720,177,1458176,8192,156,242,153,53936179,54206069,0
NSL-BT32-fold,miniz_long-128-warm,720,178,1466368,8192,783,1707,809,54206072,54518996,0
NSL-BT32-fold,miniz_long-128-warm,720,179,1474560,8192,160,253,158,54519098,54813059,0
NSL-BT32-fold,miniz_long-128-warm,720,180,1482752,8192,625,1367,662,54813062,55086682,0
NSL-BT32-fold,miniz_long-128-warm,720,181,1490944,8192,300,509,291,55086685,55361020,0
NSL-BT32-fold,miniz_long-128-warm,720,182,1499136,8192,478,944,511,55361124,55629718,0
NSL-BT32-fold,miniz_long-128-warm,720,183,1507328,8192,466,915,473,55629724,55895072,0
NSL-BT32-fold,miniz_long-128-warm,720,184,1515520,8192,291,522,303,55895075,56188091,0
NSL-BT32-fold,miniz_long-128-warm,720,185,1523712,8192,627,1353,636,56188197,56499032,0
NSL-BT32-fold,miniz_long-128-warm,720,186,1531904,8192,154,71,153,56499037,56729668,0
NSL-BT32-fold,miniz_long-128-warm,720,187,1540096,8192,704,1362,746,56729781,57036796,0
NSL-BT32-fold,miniz_long-128-warm,720,188,1548288,8192,147,233,146,57036900,57274543,0
NSL-BT32-fold,miniz_long-128-warm,720,189,1556480,8192,753,1561,785,57274653,57576502,0
NSL-BT32-fold,miniz_long-128-warm,720,190,1564672,8192,163,269,163,57576604,57873806,0
NSL-BT32-fold,miniz_long-128-warm,720,191,1572864,8192,792,1600,799,57873809,58179798,0
NSL-BT32-fold,miniz_long-128-warm,720,192,1581056,8192,165,241,161,58179801,58475484,0
NSL-BT32-fold,miniz_long-128-warm,720,193,1589248,8192,555,899,594,58475487,58735851,0
NSL-BT32-fold,miniz_long-128-warm,720,194,1597440,8192,310,606,300,58735853,59018693,0
NSL-BT32-fold,miniz_long-128-warm,720,195,1605632,8192,400,798,421,59018797,59303276,0
NSL-BT32-fold,miniz_long-128-warm,720,196,1613824,8192,490,1054,492,59303284,59574098,0
NSL-BT32-fold,miniz_long-128-warm,720,197,1622016,8192,225,432,241,59574101,59844163,0
NSL-BT32-fold,miniz_long-128-warm,720,198,1630208,8192,690,1446,708,59844168,60159995,0
NSL-BT32-fold,miniz_long-128-warm,720,199,1638400,8192,155,201,153,60160099,60377458,0
NSL-BT32-fold,miniz_long-128-warm,720,200,1646592,8192,694,1517,704,60377464,60662874,0
NSL-BT32-fold,miniz_long-128-warm,720,201,1654784,8192,128,209,127,60662978,60928671,0
NSL-BT32-fold,miniz_long-128-warm,720,202,1662976,8192,725,1324,766,60928674,61234909,0
NSL-BT32-fold,miniz_long-128-warm,720,203,1671168,8192,144,245,145,61234912,61531100,0
NSL-BT32-fold,miniz_long-128-warm,720,204,1679360,8192,651,1455,684,61531103,61815594,0
NSL-BT32-fold,miniz_long-128-warm,720,205,1687552,8192,248,403,221,61815596,62133967,0
NSL-BT32-fold,miniz_long-128-warm,720,206,1695744,8192,479,1055,505,62133973,62382746,0
NSL-BT32-fold,miniz_long-128-warm,720,207,1703936,8192,385,804,396,62382855,62648003,0
NSL-BT32-fold,miniz_long-128-warm,720,208,1712128,8192,346,655,352,62648006,62952889,0
NSL-BT32-fold,miniz_long-128-warm,720,209,1720320,8192,577,1206,599,62952894,63253321,0
NSL-BT32-fold,miniz_long-128-warm,720,210,1728512,8192,199,333,196,63253324,63497736,0
NSL-BT32-fold,miniz_long-128-warm,720,211,1736704,8192,618,1413,670,63497743,63834354,0
NSL-BT32-fold,miniz_long-128-warm,720,212,1744896,8192,153,249,152,63834596,64040268,0
NSL-BT32-fold,miniz_long-128-warm,720,213,1753088,8192,696,1589,737,64040274,64331635,0
NSL-BT32-fold,miniz_long-128-warm,720,214,1761280,8192,148,248,147,64331638,64627452,0
NSL-BT32-fold,miniz_long-128-warm,720,215,1769472,8192,730,1624,755,64627455,64939637,0
NSL-BT32-fold,miniz_long-128-warm,720,216,1777664,8192,157,243,156,64939640,65233993,0
NSL-BT32-fold,miniz_long-128-warm,720,217,1785856,8192,555,1252,598,65233996,65501988,0
NSL-BT32-fold,miniz_long-128-warm,720,218,1794048,8192,323,570,321,65502097,65778798,0
NSL-BT32-fold,miniz_long-128-warm,720,219,1802240,8192,438,872,473,65778902,66057143,0
NSL-BT32-fold,miniz_long-128-warm,720,220,1810432,8192,468,1006,456,66057150,66327745,0
NSL-BT32-fold,miniz_long-128-warm,720,221,1818624,8192,267,460,269,66327748,66614126,0
NSL-BT32-fold,miniz_long-128-warm,720,222,1826816,8192,655,1436,669,66614127,66917416,0
NSL-BT32-fold,miniz_long-128-warm,720,223,1835008,8192,143,207,141,66917423,67130655,0
NSL-BT32-fold,miniz_long-128-warm,720,224,1843200,8192,688,1518,714,67130759,67416499,0
NSL-BT32-fold,miniz_long-128-warm,720,225,1851392,8192,146,230,144,67416603,67684949,0
NSL-BT32-fold,miniz_long-128-warm,720,226,1859584,8192,767,1637,801,67684952,67995163,0
NSL-BT32-fold,miniz_long-128-warm,720,227,1867776,8192,175,245,172,67995265,68277514,0
NSL-BT32-fold,miniz_long-128-warm,720,228,1875968,8192,643,1455,689,68277517,68555734,0
NSL-BT32-fold,miniz_long-128-warm,720,229,1884160,8192,294,394,274,68555746,68876294,0
NSL-BT32-fold,miniz_long-128-warm,720,230,1892352,8192,460,1018,493,68876521,69123898,0
NSL-BT32-fold,miniz_long-128-warm,720,231,1900544,8192,400,840,411,69124007,69381805,0
NSL-BT32-fold,miniz_long-128-warm,720,232,1908736,8192,312,299,320,69381808,69681402,0
NSL-BT32-fold,miniz_long-128-warm,720,233,1916928,8192,639,1346,667,69681508,69990179,0
NSL-BT32-fold,miniz_long-128-warm,720,234,1925120,8192,151,214,151,69990182,70234923,0
NSL-BT32-fold,miniz_long-128-warm,720,235,1933312,8192,698,1478,725,70234925,70543489,0
NSL-BT32-fold,miniz_long-128-warm,720,236,1941504,8192,122,222,123,70543593,70759729,0
NSL-BT32-fold,miniz_long-128-warm,720,237,1949696,8192,704,1614,755,70759740,71067385,0
NSL-BT32-fold,miniz_long-128-warm,720,238,1957888,8192,146,260,145,71067388,71349914,0
NSL-BT32-fold,miniz_long-128-warm,720,239,1966080,8192,741,1606,760,71349917,71654793,0
NSL-BT32-fold,miniz_long-128-warm,720,240,1974272,8192,142,267,143,71654895,71953247,0
NSL-BT32-fold,miniz_long-128-warm,720,241,1982464,8192,503,1132,523,71953250,72209123,0
NSL-BT32-fold,miniz_long-128-warm,720,242,1990656,8192,346,693,328,72209224,72468065,0
NSL-BT32-fold,miniz_long-128-warm,720,243,1998848,8192,373,727,386,72468076,72774024,0
NSL-BT32-fold,miniz_long-128-warm,720,244,2007040,8192,565,1216,579,72774026,73061263,0
NSL-BT32-fold,miniz_long-128-warm,720,245,2015232,8192,200,365,196,73061266,73317917,0
NSL-BT32-fold,miniz_long-128-warm,720,246,2023424,8192,649,1368,649,73317925,73645622,0
NSL-BT32-fold,miniz_long-128-warm,720,247,2031616,8192,156,280,156,73645625,73846550,0
NSL-BT32-fold,miniz_long-128-warm,720,248,2039808,8192,727,1617,751,73846556,74145990,0
NSL-BT32-fold,miniz_long-128-warm,720,249,2048000,8192,179,264,178,74145993,74430395,0
NSL-BT32-fold,miniz_long-128-warm,720,250,2056192,8192,712,1555,754,74430398,74733147,0
NSL-BT32-fold,miniz_long-128-warm,720,251,2064384,8192,197,256,193,74733249,75016131,0
NSL-BT32-fold,miniz_long-128-warm,720,252,2072576,8192,570,946,594,75016134,75277324,0
NSL-BT32-fold,miniz_long-128-warm,720,253,2080768,8192,346,717,342,75277438,75541495,0
NSL-BT32-fold,miniz_long-128-warm,720,254,2088960,8192,389,759,395,75541599,75846094,0
NSL-BT32-fold,miniz_long-128-warm,720,255,2097152,8192,524,1190,533,75846102,76142507,0
NSL-BT32-fold,miniz_long-128-warm,720,256,2105344,8192,214,370,212,76142510,76406627,0
NSL-BT32-fold,miniz_long-128-warm,720,257,2113536,8192,620,1441,638,76406731,76735712,0
NSL-BT32-fold,miniz_long-128-warm,720,258,2121728,8192,128,255,125,76735816,76929132,0
NSL-BT32-fold,miniz_long-128-warm,720,259,2129920,8192,720,1536,745,76929138,77216497,0
NSL-BT32-fold,miniz_long-128-warm,720,260,2138112,8192,160,264,158,77216500,77500859,0
NSL-BT32-fold,miniz_long-128-warm,720,261,2146304,8192,763,1594,776,77500862,77810550,0
NSL-BT32-fold,miniz_long-128-warm,720,262,2154496,8192,139,260,134,77810553,78093283,0
NSL-BT32-fold,miniz_long-128-warm,720,263,2162688,8192,565,1262,603,78093286,78361305,0
NSL-BT32-fold,miniz_long-128-warm,720,264,2170880,8192,330,640,320,78361309,78621767,0
NSL-BT32-fold,miniz_long-128-warm,720,265,2179072,8192,394,763,404,78621871,78915440,0
NSL-BT32-fold,miniz_long-128-warm,720,266,2187264,8192,584,1182,582,78915446,79208085,0
NSL-BT32-fold,miniz_long-128-warm,720,267,2195456,8192,218,366,212,79208088,79465754,0
NSL-BT32-fold,miniz_long-128-warm,720,268,2203648,8192,633,1376,667,79465858,79796295,0
NSL-BT32-fold,miniz_long-128-warm,720,269,2211840,8192,132,238,131,79796297,80001405,0
NSL-BT32-fold,miniz_long-128-warm,720,270,2220032,8192,707,1534,727,80001411,80290171,0
NSL-BT32-fold,miniz_long-128-warm,720,271,2228224,8192,170,253,167,80290174,80573356,0
NSL-BT32-fold,miniz_long-128-warm,720,272,2236416,8192,793,1661,806,80573458,80890141,0
NSL-BT32-fold,miniz_long-128-warm,720,273,2244608,8192,140,244,141,80890144,81183717,0
NSL-BT32-fold,miniz_long-128-warm,720,274,2252800,8192,601,1305,627,81183720,81455539,0
NSL-BT32-fold,miniz_long-128-warm,720,275,2260992,8192,286,512,273,81455540,81754249,0
NSL-BT32-fold,miniz_long-128-warm,720,276,2269184,8192,421,885,445,81754353,82024978,0
NSL-BT32-fold,miniz_long-128-warm,720,277,2271454,2270,271,672,278,82024980,82111961,1
NSL-BT64,jsmn_long-128-cold,715,0,8192,8192,215,4409,139,1687,284191,0
NSL-BT64,jsmn_long-128-cold,715,1,16384,8192,159,4467,119,284196,573792,0
NSL-BT64,jsmn_long-128-cold,715,2,24576,8192,93,4306,79,573889,894438,0
NSL-BT64,jsmn_long-128-cold,715,3,32768,8192,138,4361,109,894535,1170943,0
NSL-BT64,jsmn_long-128-cold,715,4,40960,8192,111,4280,94,1171040,1485288,0
NSL-BT64,jsmn_long-128-cold,715,5,49152,8192,116,4359,99,1485290,1769729,0
NSL-BT64,jsmn_long-128-cold,715,6,57344,8192,148,4306,130,1769731,2057714,0
NSL-BT64,jsmn_long-128-cold,715,7,65536,8192,86,4119,74,2057715,2375181,0
NSL-BT64,jsmn_long-128-cold,715,8,73728,8192,147,4157,117,2375278,2653369,0
NSL-BT64,jsmn_long-128-cold,715,9,81920,8192,122,4115,99,2653466,2963356,0
NSL-BT64,jsmn_long-128-cold,715,10,90112,8192,114,4158,96,2963555,3256609,0
NSL-BT64,jsmn_long-128-cold,715,11,98304,8192,135,4137,114,3256714,3540200,0
NSL-BT64,jsmn_long-128-cold,715,12,106496,8192,89,4138,75,3540297,3863811,0
NSL-BT64,jsmn_long-128-cold,715,13,114688,8192,155,4147,131,3863908,4140610,0
NSL-BT64,jsmn_long-128-cold,715,14,122880,8192,127,4116,107,4140613,4445365,0
NSL-BT64,jsmn_long-128-cold,715,15,131072,8192,105,4111,91,4445462,4737662,0
NSL-BT64,jsmn_long-128-cold,715,16,139264,8192,138,4143,122,4737759,5023478,0
NSL-BT64,jsmn_long-128-cold,715,17,147456,8192,96,4114,81,5023481,5343226,0
NSL-BT64,jsmn_long-128-cold,715,18,155648,8192,149,4118,130,5343323,5615153,0
NSL-BT64,jsmn_long-128-cold,715,19,163840,8192,126,4117,109,5615250,5920402,0
NSL-BT64,jsmn_long-128-cold,715,20,172032,8192,108,4112,94,5920404,6210607,0
NSL-BT64,jsmn_long-128-cold,715,21,180224,8192,140,4121,118,6210610,6494159,0
NSL-BT64,jsmn_long-128-cold,715,22,188416,8192,97,4107,85,6494163,6813001,0
NSL-BT64,jsmn_long-128-cold,715,23,196608,8192,168,4120,134,6813004,7085610,0
NSL-BT64,jsmn_long-128-cold,715,24,204800,8192,118,4099,102,7085707,7394349,0
NSL-BT64,jsmn_long-128-cold,715,25,212992,8192,125,4121,102,7394357,7680383,0
NSL-BT64,jsmn_long-128-cold,715,26,221184,8192,141,4100,118,7680480,7962415,0
NSL-BT64,jsmn_long-128-cold,715,27,229376,8192,102,4108,85,7962512,8278355,0
NSL-BT64,jsmn_long-128-cold,715,28,237568,8192,148,4121,127,8278361,8552465,0
NSL-BT64,jsmn_long-128-cold,715,29,245760,8192,105,4102,90,8552562,8869394,0
NSL-BT64,jsmn_long-128-cold,715,30,253952,8192,141,4101,121,8869398,9145645,0
NSL-BT64,jsmn_long-128-cold,715,31,262144,8192,141,4112,115,9145647,9431529,0
NSL-BT64,jsmn_long-128-cold,715,32,270336,8192,94,4094,78,9431626,9744334,0
NSL-BT64,jsmn_long-128-cold,715,33,278528,8192,131,4116,110,9744337,10016593,0
NSL-BT64,jsmn_long-128-cold,715,34,286720,8192,88,4113,75,10016792,10340724,0
NSL-BT64,jsmn_long-128-cold,715,35,294912,8192,168,4138,142,10340727,10613838,0
NSL-BT64,jsmn_long-128-cold,715,36,303104,8192,139,4099,122,10613935,10898038,0
NSL-BT64,jsmn_long-128-cold,715,37,311296,8192,96,4110,88,10898039,11209433,0
NSL-BT64,jsmn_long-128-cold,715,38,319488,8192,156,4131,133,11209530,11486006,0
NSL-BT64,jsmn_long-128-cold,715,39,327680,8192,92,4086,76,11486103,11811459,0
NSL-BT64,jsmn_long-128-cold,715,40,335872,8192,176,4156,139,11811462,12083141,0
NSL-BT64,jsmn_long-128-cold,715,41,344064,8192,142,4108,123,12083238,12369471,0
NSL-BT64,jsmn_long-128-cold,715,42,352256,8192,103,4089,90,12369568,12678143,0
NSL-BT64,jsmn_long-128-cold,715,43,360448,8192,156,4071,139,12678240,12947349,0
NSL-BT64,jsmn_long-128-cold,715,44,368640,8192,94,4090,80,12947353,13272107,0
NSL-BT64,jsmn_long-128-cold,715,45,376832,8192,147,4120,123,13272203,13539083,0
NSL-BT64,jsmn_long-128-cold,715,46,385024,8192,125,4100,115,13539180,13829490,0
NSL-BT64,jsmn_long-128-cold,715,47,393216,8192,103,4102,90,13829587,14135044,0
NSL-BT64,jsmn_long-128-cold,715,48,401408,8192,138,4113,116,14135141,14411233,0
NSL-BT64,jsmn_long-128-cold,715,49,409600,8192,102,4109,86,14411335,14734964,0
NSL-BT64,jsmn_long-128-cold,715,50,417792,8192,148,4124,124,14735066,15005156,0
NSL-BT64,jsmn_long-128-cold,715,51,425984,8192,133,4107,115,15005160,15298163,0
NSL-BT64,jsmn_long-128-cold,715,52,434176,8192,107,4088,93,15298260,15598064,0
NSL-BT64,jsmn_long-128-cold,715,53,442368,8192,151,4104,137,15598161,15874422,0
NSL-BT64,jsmn_long-128-cold,715,54,450560,8192,102,4113,79,15874519,16196387,0
NSL-BT64,jsmn_long-128-cold,715,55,458752,8192,141,4089,122,16196489,16460952,0
NSL-BT64,jsmn_long-128-cold,715,56,466944,8192,129,4082,110,16461049,16758491,0
NSL-BT64,jsmn_long-128-cold,715,57,475136,8192,117,4083,98,16758496,17049388,0
NSL-BT64,jsmn_long-128-cold,715,58,483328,8192,145,4096,120,17049485,17326903,0
NSL-BT64,jsmn_long-128-cold,715,59,491520,8192,97,4092,81,17327005,17644068,0
NSL-BT64,jsmn_long-128-cold,715,60,499712,8192,147,4092,125,17644070,17910298,0
NSL-BT64,jsmn_long-128-cold,715,61,507904,8192,110,4089,96,17910395,18223287,0
NSL-BT64,jsmn_long-128-cold,715,62,516096,8192,143,4046,109,18223384,18495181,0
NSL-BT64,jsmn_long-128-cold,715,63,524288,8192,138,4092,117,18495278,18778518,0
NSL-BT64,jsmn_long-128-cold,715,64,532480,8192,103,4074,89,18778615,19087199,0
NSL-BT64,jsmn_long-128-cold,715,65,540672,8192,147,4124,129,19087309,19362892,0
NSL-BT64,jsmn_long-128-cold,715,66,548864,8192,84,4026,75,19362989,19681680,0
NSL-BT64,jsmn_long-128-cold,715,67,557056,8192,151,4122,131,19681776,19945233,0
NSL-BT64,jsmn_long-128-cold,715,68,565248,8192,127,4060,108,19945330,20230760,0
NSL-BT64,jsmn_long-128-cold,715,69,573440,8192,113,4119,90,20230761,20537393,0
NSL-BT64,jsmn_long-128-cold,715,70,581632,8192,142,4077,127,20537490,20809927,0
NSL-BT64,jsmn_long-128-cold,715,71,589824,8192,93,4078,80,20810024,21127718,0
NSL-BT64,jsmn_long-128-cold,715,72,598016,8192,146,4083,131,21127815,21392224,0
NSL-BT64,jsmn_long-128-cold,715,73,606208,8192,114,4128,101,21392321,21693770,0
NSL-BT64,jsmn_long-128-cold,715,74,614400,8192,114,4085,92,21693772,21987380,0
NSL-BT64,jsmn_long-128-cold,715,75,622592,8192,128,4083,112,21987477,22262132,0
NSL-BT64,jsmn_long-128-cold,715,76,630784,8192,97,4080,80,22262229,22578014,0
NSL-BT64,jsmn_long-128-cold,715,77,638976,8192,149,4094,131,22578111,22847957,0
NSL-BT64,jsmn_long-128-cold,715,78,647168,8192,101,4080,89,22847958,23155370,0
NSL-BT64,jsmn_long-128-cold,715,79,655360,8192,123,4052,105,23155372,23429907,0
NSL-BT64,jsmn_long-128-cold,715,80,663552,8192,140,4111,123,23429910,23714109,0
NSL-BT64,jsmn_long-128-cold,715,81,671744,8192,99,4080,86,23714206,24024766,0
NSL-BT64,jsmn_long-128-cold,715,82,679936,8192,153,4081,133,24024863,24292886,0
NSL-BT64,jsmn_long-128-cold,715,83,688128,8192,99,4036,78,24292888,24614963,0
NSL-BT64,jsmn_long-128-cold,715,84,696320,8192,147,4151,128,24614966,24882785,0
NSL-BT64,jsmn_long-128-cold,715,85,704512,8192,165,4071,148,24882882,25167914,0
NSL-BT64,jsmn_long-128-cold,715,86,712704,8192,110,4084,97,25168011,25470679,0
NSL-BT64,jsmn_long-128-cold,715,87,720896,8192,140,4095,128,25470685,25745710,0
NSL-BT64,jsmn_long-128-cold,715,88,729088,8192,89,4066,78,25745807,26064344,0
NSL-BT64,jsmn_long-128-cold,715,89,737280,8192,156,4061,132,26064441,26324620,0
NSL-BT64,jsmn_long-128-cold,715,90,745472,8192,114,4080,100,26324717,26620003,0
NSL-BT64,jsmn_long-128-cold,715,91,753664,8192,103,4073,97,26620004,26911225,0
NSL-BT64,jsmn_long-128-cold,715,92,761856,8192,126,4073,114,26911322,27185244,0
NSL-BT64,jsmn_long-128-cold,715,93,770048,8192,103,4084,84,27185251,27500826,0
NSL-BT64,jsmn_long-128-cold,715,94,778240,8192,154,4048,134,27500923,27760202,0
NSL-BT64,jsmn_long-128-cold,715,95,786432,8192,109,4105,87,27760299,28080401,0
NSL-BT64,jsmn_long-128-cold,715,96,794624,8192,127,4082,113,28080405,28351478,0
NSL-BT64,jsmn_long-128-cold,715,97,802816,8192,151,4069,132,28351575,28633662,0
NSL-BT64,jsmn_long-128-cold,715,98,811008,8192,119,4062,98,28633759,28938408,0
NSL-BT64,jsmn_long-128-cold,715,99,819200,8192,151,4090,133,28938505,29209979,0
NSL-BT64,jsmn_long-128-cold,715,100,827392,8192,93,4068,82,29210076,29530516,0
NSL-BT64,jsmn_long-128-cold,715,101,835584,8192,150,4089,134,29530517,29794236,0
NSL-BT64,jsmn_long-128-cold,715,102,843776,8192,143,4055,126,29794333,30082026,0
NSL-BT64,jsmn_long-128-cold,715,103,851968,8192,110,4058,95,30082027,30376864,0
NSL-BT64,jsmn_long-128-cold,715,104,860160,8192,145,4064,127,30376961,30648985,0
NSL-BT64,jsmn_long-128-cold,715,105,868352,8192,92,4080,85,30649082,30964412,0
NSL-BT64,jsmn_long-128-cold,715,106,876544,8192,173,4062,144,30964509,31229616,0
NSL-BT64,jsmn_long-128-cold,715,107,884736,8192,106,4087,94,31229713,31538465,0
NSL-BT64,jsmn_long-128-cold,715,108,892928,8192,121,4101,102,31538469,31820134,0
NSL-BT64,jsmn_long-128-cold,715,109,901120,8192,130,4077,117,31820231,32099599,0
NSL-BT64,jsmn_long-128-cold,715,110,909312,8192,100,4110,87,32099604,32412827,0
NSL-BT64,jsmn_long-128-cold,715,111,917504,8192,140,4086,123,32412924,32683680,0
NSL-BT64,jsmn_long-128-cold,715,112,925696,8192,95,4069,80,32683682,33004539,0
NSL-BT64,jsmn_long-128-cold,715,113,933888,8192,158,4132,138,33004542,33275683,0
NSL-BT64,jsmn_long-128-cold,715,114,942080,8192,133,4043,118,33275780,33555687,0
NSL-BT64,jsmn_long-128-cold,715,115,950272,8192,98,4051,83,33555789,33854641,0
NSL-BT64,jsmn_long-128-cold,715,116,958464,8192,130,4066,116,33854643,34126023,0
NSL-BT64,jsmn_long-128-cold,715,117,966656,8192,104,4076,81,34126027,34445477,0
NSL-BT64,jsmn_long-128-cold,715,118,974848,8192,153,4057,126,34445574,34705775,0
NSL-BT64,jsmn_long-128-cold,715,119,983040,8192,126,4094,113,34705872,35004203,0
NSL-BT64,jsmn_long-128-cold,715,120,991232,8192,114,4061,90,35004305,35293733,0
NSL-BT64,jsmn_long-128-cold,715,121,999424,8192,146,4087,129,35293830,35572956,0
NSL-BT64,jsmn_long-128-cold,715,122,1007616,8192,101,4075,80,35573061,35885653,0
NSL-BT64,jsmn_long-128-cold,715,123,1015808,8192,144,4070,130,35885750,36150708,0
NSL-BT64,jsmn_long-128-cold,715,124,1024000,8192,91,4081,82,36150810,36469494,0
NSL-BT64,jsmn_long-128-cold,715,125,1032192,8192,151,4079,128,36469495,36737583,0
NSL-BT64,jsmn_long-128-cold,715,126,1040384,8192,139,4097,124,36737586,37022325,0
NSL-BT64,jsmn_long-128-cold,715,127,1048576,8192,102,4079,89,37022327,37329724,0
NSL-BT64,jsmn_long-128-cold,715,128,1056768,8192,145,4082,126,37329821,37599259,0
NSL-BT64,jsmn_long-128-cold,715,129,1064960,8192,93,4059,77,37599356,37917937,0
NSL-BT64,jsmn_long-128-cold,715,130,1073152,8192,144,4097,123,37917939,38184930,0
NSL-BT64,jsmn_long-128-cold,715,131,1081344,8192,134,4100,118,38185027,38476823,0
NSL-BT64,jsmn_long-128-cold,715,132,1089536,8192,116,4078,93,38476920,38778192,0
NSL-BT64,jsmn_long-128-cold,715,133,1097728,8192,155,4083,142,38778193,39052165,0
NSL-BT64,jsmn_long-128-cold,715,134,1105920,8192,94,4070,73,39052262,39368883,0
NSL-BT64,jsmn_long-128-cold,715,135,1114112,8192,143,4038,126,39368980,39627208,0
NSL-BT64,jsmn_long-128-cold,715,136,1122304,8192,121,4079,98,39627305,39930732,0
NSL-BT64,jsmn_long-128-cold,715,137,1130496,8192,120,4067,100,39930735,40213551,0
NSL-BT64,jsmn_long-128-cold,715,138,1138688,8192,129,4062,106,40213553,40490278,0
NSL-BT64,jsmn_long-128-cold,715,139,1146880,8192,92,4079,79,40490279,40800791,0
NSL-BT64,jsmn_long-128-cold,715,140,1155072,8192,149,4075,129,40800792,41067946,0
NSL-BT64,jsmn_long-128-cold,715,141,1163264,8192,94,4048,78,41068043,41390967,0
NSL-BT64,jsmn_long-128-cold,715,142,1171456,8192,137,4109,125,41390970,41652710,0
NSL-BT64,jsmn_long-128-cold,715,143,1179648,8192,129,4066,114,41652812,41938508,0
NSL-BT64,jsmn_long-128-cold,715,144,1187840,8192,103,4080,89,41938509,42240940,0
NSL-BT64,jsmn_long-128-cold,715,145,1196032,8192,151,4077,127,42241037,42513162,0
NSL-BT64,jsmn_long-128-cold,715,146,1204224,8192,92,4096,79,42513259,42834701,0
NSL-BT64,jsmn_long-128-cold,715,147,1212416,8192,152,4042,130,42834798,43092685,0
NSL-BT64,jsmn_long-128-cold,715,148,1220608,8192,143,4058,131,43092687,43388948,0
NSL-BT64,jsmn_long-128-cold,715,149,1228800,8192,121,4048,96,43388949,43671247,0
NSL-BT64,jsmn_long-128-cold,715,150,1236992,8192,134,4085,115,43671344,43950952,0
NSL-BT64,jsmn_long-128-cold,715,151,1245184,8192,108,4074,88,43951049,44263068,0
NSL-BT64,jsmn_long-128-cold,715,152,1253376,8192,143,4042,126,44263165,44525361,0
NSL-BT64,jsmn_long-128-cold,715,153,1261568,8192,93,3984,89,44525458,44839560,0
NSL-BT64,jsmn_long-128-cold,715,154,1269760,8192,162,4123,145,44839658,45104531,0
NSL-BT64,jsmn_long-128-cold,715,155,1277952,8192,151,4068,128,45104628,45389714,0
NSL-BT64,jsmn_long-128-cold,715,156,1286144,8192,109,4054,92,45389811,45687475,0
NSL-BT64,jsmn_long-128-cold,715,157,1294336,8192,144,4081,125,45687476,45960871,0
NSL-BT64,jsmn_long-128-cold,715,158,1302528,8192,89,4052,79,45960968,46274064,0
NSL-BT64,jsmn_long-128-cold,715,159,1310720,8192,148,4072,127,46274161,46537252,0
NSL-BT64,jsmn_long-128-cold,715,160,1318912,8192,122,4082,105,46537254,46840276,0
NSL-BT64,jsmn_long-128-cold,715,161,1327104,8192,117,4090,97,46840378,47127029,0
NSL-BT64,jsmn_long-128-cold,715,162,1335296,8192,135,4049,117,47127126,47402712,0
NSL-BT64,jsmn_long-128-cold,715,163,1343488,8192,100,4108,84,47402817,47717697,0
NSL-BT64,jsmn_long-128-cold,715,164,1351680,8192,154,4095,137,47717794,47988788,0
NSL-BT64,jsmn_long-128-cold,715,165,1359872,8192,86,4095,76,47988885,48310382,0
NSL-BT64,jsmn_long-128-cold,715,166,1368064,8192,154,4047,137,48310492,48572229,0
NSL-BT64,jsmn_long-128-cold,715,167,1376256,8192,134,4091,111,48572326,48856792,0
NSL-BT64,jsmn_long-128-cold,715,168,1384448,8192,114,4080,102,48856894,49163181,0
NSL-BT64,jsmn_long-128-cold,715,169,1392640,8192,140,4082,117,49163183,49434449,0
NSL-BT64,jsmn_long-128-cold,715,170,1400832,8192,103,4055,84,49434546,49750694,0
NSL-BT64,jsmn_long-128-cold,715,171,1409024,8192,145,4080,127,49750791,50015212,0
NSL-BT64,jsmn_long-128-cold,715,172,1417216,8192,148,4057,139,50015309,50305558,0
NSL-BT64,jsmn_long-128-cold,715,173,1425408,8192,120,4061,105,50305560,50596222,0
NSL-BT64,jsmn_long-128-cold,715,174,1433600,8192,138,4071,117,50596225,50870924,0
NSL-BT64,jsmn_long-128-cold,715,175,1441792,8192,99,4073,85,50871021,51185195,0
NSL-BT64,jsmn_long-128-cold,715,176,1449984,8192,157,4038,134,51185292,51443319,0
NSL-BT64,jsmn_long-128-cold,715,177,1458176,8192,109,4063,104,51443421,51761553,0
NSL-BT64,jsmn_long-128-cold,715,178,1466368,8192,157,4088,130,51761557,52029446,0
NSL-BT64,jsmn_long-128-cold,715,179,1474560,8192,128,4052,117,52029543,52307512,0
NSL-BT64,jsmn_long-128-cold,715,180,1482752,8192,104,4081,87,52307609,52614958,0
NSL-BT64,jsmn_long-128-cold,715,181,1490944,8192,154,4050,134,52614962,52881677,0
NSL-BT64,jsmn_long-128-cold,715,182,1499136,8192,100,4058,77,52881678,53199730,0
NSL-BT64,jsmn_long-128-cold,715,183,1507328,8192,149,4067,123,53199738,53462851,0
NSL-BT64,jsmn_long-128-cold,715,184,1515520,8192,119,4065,103,53462956,53756343,0
NSL-BT64,jsmn_long-128-cold,715,185,1523712,8192,107,4068,89,53756346,54046599,0
NSL-BT64,jsmn_long-128-cold,715,186,1531904,8192,135,4068,114,54046696,54323408,0
NSL-BT64,jsmn_long-128-cold,715,187,1540096,8192,96,4074,85,54323513,54635012,0
NSL-BT64,jsmn_long-128-cold,715,188,1548288,8192,158,4074,138,54635109,54901301,0
NSL-BT64,jsmn_long-128-cold,715,189,1556480,8192,100,4069,79,54901403,55219863,0
NSL-BT64,jsmn_long-128-cold,715,190,1564672,8192,149,4062,123,55219864,55484881,0
NSL-BT64,jsmn_long-128-cold,715,191,1572864,8192,136,4087,119,55484978,55770815,0
NSL-BT64,jsmn_long-128-cold,715,192,1581056,8192,103,4055,83,55770816,56073428,0
NSL-BT64,jsmn_long-128-cold,715,193,1589248,8192,153,4074,132,56073525,56341089,0
NSL-BT64,jsmn_long-128-cold,715,194,1597440,8192,90,4062,75,56341186,56659324,0
NSL-BT64,jsmn_long-128-cold,715,195,1605632,8192,168,4041,132,56659421,56920177,0
NSL-BT64,jsmn_long-128-cold,715,196,1613824,8192,125,4076,111,56920274,57214402,0
NSL-BT64,jsmn_long-128-cold,715,197,1622016,8192,108,4079,92,57214405,57507102,0
NSL-BT64,jsmn_long-128-cold,715,198,1630208,8192,154,4051,126,57507199,57780911,0
NSL-BT64,jsmn_long-128-cold,715,199,1638400,8192,96,4032,86,57780915,58087620,0
NSL-BT64,jsmn_long-128-cold,715,200,1646592,8192,164,4093,145,58087621,58356026,0
NSL-BT64,jsmn_long-128-cold,715,201,1654784,8192,103,4082,84,58356030,58676339,0
NSL-BT64,jsmn_long-128-cold,715,202,1662976,8192,146,4057,122,58676340,58940281,0
NSL-BT64,jsmn_long-128-cold,715,203,1671168,8192,117,4053,104,58940378,59222767,0
NSL-BT64,jsmn_long-128-cold,715,204,1679360,8192,107,4068,85,59222864,59524819,0
NSL-BT64,jsmn_long-128-cold,715,205,1687552,8192,143,4060,119,59524916,59794013,0
NSL-BT64,jsmn_long-128-cold,715,206,1695744,8192,75,4074,69,59794110,60113400,0
NSL-BT64,jsmn_long-128-cold,715,207,1703936,8192,147,4011,129,60113497,60368635,0
NSL-BT64,jsmn_long-128-cold,715,208,1712128,8192,132,4099,113,60368732,60669439,0
NSL-BT64,jsmn_long-128-cold,715,209,1720320,8192,111,4080,93,60669443,60958482,0
NSL-BT64,jsmn_long-128-cold,715,210,1728512,8192,132,4056,114,60958579,61232797,0
NSL-BT64,jsmn_long-128-cold,715,211,1736704,8192,92,4032,77,61232798,61536907,0
NSL-BT64,jsmn_long-128-cold,715,212,1744896,8192,156,4050,134,61537004,61796940,0
NSL-BT64,jsmn_long-128-cold,715,213,1753088,8192,101,4023,85,61797037,62113760,0
NSL-BT64,jsmn_long-128-cold,715,214,1761280,8192,143,4134,126,62113763,62374190,0
NSL-BT64,jsmn_long-128-cold,715,215,1769472,8192,150,4052,133,62374287,62653586,0
NSL-BT64,jsmn_long-128-cold,715,216,1777664,8192,108,4070,87,62653590,62950537,0
NSL-BT64,jsmn_long-128-cold,715,217,1785856,8192,147,4073,127,62950634,63218246,0
NSL-BT64,jsmn_long-128-cold,715,218,1794048,8192,102,4059,89,63218343,63531317,0
NSL-BT64,jsmn_long-128-cold,715,219,1802240,8192,160,4022,130,63531320,63784237,0
NSL-BT64,jsmn_long-128-cold,715,220,1810432,8192,124,4068,106,63784238,64082503,0
NSL-BT64,jsmn_long-128-cold,715,221,1818624,8192,118,3990,97,64082507,64349485,0
NSL-BT64,jsmn_long-128-cold,715,222,1826816,8192,134,4093,117,64349582,64629366,0
NSL-BT64,jsmn_long-128-cold,715,223,1835008,8192,96,4077,85,64629369,64932715,0
NSL-BT64,jsmn_long-128-cold,715,224,1843200,8192,151,4048,133,64932812,65195321,0
NSL-BT64,jsmn_long-128-cold,715,225,1851392,8192,98,4064,82,65195324,65513453,0
NSL-BT64,jsmn_long-128-cold,715,226,1859584,8192,141,4067,125,65513456,65768733,0
NSL-BT64,jsmn_long-128-cold,715,227,1867776,8192,150,4059,132,65768830,66052817,0
NSL-BT64,jsmn_long-128-cold,715,228,1875968,8192,112,4060,91,66052927,66344460,0
NSL-BT64,jsmn_long-128-cold,715,229,1884160,8192,139,4069,124,66344462,66613536,0
NSL-BT64,jsmn_long-128-cold,715,230,1892352,8192,97,4076,84,66613537,66925396,0
NSL-BT64,jsmn_long-128-cold,715,231,1894252,1900,32,950,27,66925493,66997382,1
NSL-BT64,jsmn_long-128-warm,715,0,8192,8192,144,4150,123,3939884,4216988,0
NSL-BT64,jsmn_long-128-warm,715,1,16384,8192,140,4110,117,4217085,4502187,0
NSL-BT64,jsmn_long-128-warm,715,2,24576,8192,89,4116,75,4502193,4818184,0
NSL-BT64,jsmn_long-128-warm,715,3,32768,8192,145,4143,129,4818186,5093565,0
NSL-BT64,jsmn_long-128-warm,715,4,40960,8192,103,4111,88,5093662,5418130,0
NSL-BT64,jsmn_long-128-warm,715,5,49152,8192,140,4115,123,5418131,5689186,0
NSL-BT64,jsmn_long-128-warm,715,6,57344,8192,134,4107,117,5689283,5973636,0
NSL-BT64,jsmn_long-128-warm,715,7,65536,8192,98,4126,82,5973733,6289455,0
NSL-BT64,jsmn_long-128-warm,715,8,73728,8192,146,4124,125,6289552,6565592,0
NSL-BT64,jsmn_long-128-warm,715,9,81920,8192,99,4068,88,6565689,6887087,0
NSL-BT64,jsmn_long-128-warm,715,10,90112,8192,160,4153,127,6887090,7159842,0
NSL-BT64,jsmn_long-128-warm,715,11,98304,8192,144,4096,119,7159939,7446310,0
NSL-BT64,jsmn_long-128-warm,715,12,106496,8192,94,4121,80,7446314,7759758,0
NSL-BT64,jsmn_long-128-warm,715,13,114688,8192,155,4111,128,7759855,8032558,0
NSL-BT64,jsmn_long-128-warm,715,14,122880,8192,95,4046,79,8032655,8355274,0
NSL-BT64,jsmn_long-128-warm,715,15,131072,8192,149,4176,129,8355277,8626890,0
NSL-BT64,jsmn_long-128-warm,715,16,139264,8192,132,4099,112,8626987,8914587,0
NSL-BT64,jsmn_long-128-warm,715,17,147456,8192,112,4096,97,8914684,9221858,0
NSL-BT64,jsmn_long-128-warm,715,18,155648,8192,146,4120,119,9221955,9500234,0
NSL-BT64,jsmn_long-128-warm,715,19,163840,8192,84,4092,71,9500237,9823155,0
NSL-BT64,jsmn_long-128-warm,715,20,172032,8192,140,4119,114,9823354,10090566,0
NSL-BT64,jsmn_long-128-warm,715,21,180224,8192,131,4117,115,10090567,10383075,0
NSL-BT64,jsmn_long-128-warm,715,22,188416,8192,120,4126,100,10383079,10692024,0
NSL-BT64,jsmn_long-128-warm,715,23,196608,8192,144,4096,130,10692028,10963563,0
NSL-BT64,jsmn_long-128-warm,715,24,204800,8192,87,4111,77,10963660,11287667,0
NSL-BT64,jsmn_long-128-warm,715,25,212992,8192,163,4152,137,11287764,11562539,0
NSL-BT64,jsmn_long-128-warm,715,26,221184,8192,144,4113,118,11562636,11855123,0
NSL-BT64,jsmn_long-128-warm,715,27,229376,8192,120,4114,96,11855225,12159659,0
NSL-BT64,jsmn_long-128-warm,715,28,237568,8192,149,4100,130,12159756,12436279,0
NSL-BT64,jsmn_long-128-warm,715,29,245760,8192,97,4098,81,12436376,12758080,0
NSL-BT64,jsmn_long-128-warm,715,30,253952,8192,165,4062,148,12758177,13019895,0
NSL-BT64,jsmn_long-128-warm,715,31,262144,8192,119,4101,101,13019992,13317710,0
NSL-BT64,jsmn_long-128-warm,715,32,270336,8192,109,4120,93,13317711,13615980,0
NSL-BT64,jsmn_long-128-warm,715,33,278528,8192,135,4100,124,13616077,13894708,0
NSL-BT64,jsmn_long-128-warm,715,34,286720,8192,97,4101,82,13894710,14214181,0
NSL-BT64,jsmn_long-128-warm,715,35,294912,8192,146,4111,124,14214182,14483538,0
NSL-BT64,jsmn_long-128-warm,715,36,303104,8192,131,4112,108,14483541,14787824,0
NSL-BT64,jsmn_long-128-warm,715,37,311296,8192,112,4118,98,14787828,15081035,0
NSL-BT64,jsmn_long-128-warm,715,38,319488,8192,144,4107,121,15081132,15360103,0
NSL-BT64,jsmn_long-128-warm,715,39,327680,8192,95,4089,85,15360200,15676608,0
NSL-BT64,jsmn_long-128-warm,715,40,335872,8192,153,4122,137,15676610,15948458,0
NSL-BT64,jsmn_long-128-warm,715,41,344064,8192,129,4088,103,15948555,16256456,0
NSL-BT64,jsmn_long-128-warm,715,42,352256,8192,109,4103,95,16256561,16538427,0
NSL-BT64,jsmn_long-128-warm,715,43,360448,8192,146,4065,127,16538524,16815772,0
NSL-BT64,jsmn_long-128-warm,715,44,368640,8192,107,4094,87,16815776,17127494,0
NSL-BT64,jsmn_long-128-warm,715,45,376832,8192,146,4086,120,17127495,17395535,0
NSL-BT64,jsmn_long-128-warm,715,46,385024,8192,95,4081,80,17395632,17718802,0
NSL-BT64,jsmn_long-128-warm,715,47,393216,8192,145,4114,122,17718805,17985617,0
NSL-BT64,jsmn_long-128-warm,715,48,401408,8192,134,4077,118,17985620,18270718,0
NSL-BT64,jsmn_long-128-warm,715,49,409600,8192,119,4043,87,18270815,18569556,0
NSL-BT64,jsmn_long-128-warm,715,50,417792,8192,145,4106,123,18569563,18846473,0
NSL-BT64,jsmn_long-128-warm,715,51,425984,8192,97,4064,83,18846570,19165215,0
NSL-BT64,jsmn_long-128-warm,715,52,434176,8192,148,4132,134,19165217,19435249,0
NSL-BT64,jsmn_long-128-warm,715,53,442368,8192,125,4058,111,19435448,19724050,0
NSL-BT64,jsmn_long-128-warm,715,54,450560,8192,106,4096,88,19724147,20022223,0
NSL-BT64,jsmn_long-128-warm,715,55,458752,8192,140,4063,119,20022320,20294973,0
NSL-BT64,jsmn_long-128-warm,715,56,466944,8192,98,4111,79,20295070,20616017,0
NSL-BT64,jsmn_long-128-warm,715,57,475136,8192,151,4070,135,20616018,20879105,0
NSL-BT64,jsmn_long-128-warm,715,58,483328,8192,118,4085,102,20879202,21185445,0
NSL-BT64,jsmn_long-128-warm,715,59,491520,8192,115,4090,105,21185446,21469338,0
NSL-BT64,jsmn_long-128-warm,715,60,499712,8192,129,4127,111,21469340,21754312,0
NSL-BT64,jsmn_long-128-warm,715,61,507904,8192,95,4071,78,21754409,22065030,0
NSL-BT64,jsmn_long-128-warm,715,62,516096,8192,142,4095,119,22065127,22333990,0
NSL-BT64,jsmn_long-128-warm,715,63,524288,8192,95,4056,82,22334087,22651361,0
NSL-BT64,jsmn_long-128-warm,715,64,532480,8192,141,4099,126,22651364,22918926,0
NSL-BT64,jsmn_long-128-warm,715,65,540672,8192,115,4073,104,22919023,23201655,0
NSL-BT64,jsmn_long-128-warm,715,66,548864,8192,106,4076,88,23201657,23507232,0
NSL-BT64,jsmn_long-128-warm,715,67,557056,8192,153,4114,131,23507329,23782859,0
NSL-BT64,jsmn_long-128-warm,715,68,565248,8192,90,4066,75,23782860,24102128,0
NSL-BT64,jsmn_long-128-warm,715,69,573440,8192,152,4081,138,24102225,24364447,0
NSL-BT64,jsmn_long-128-warm,715,70,581632,8192,139,4097,112,24364449,24658855,0
NSL-BT64,jsmn_long-128-warm,715,71,589824,8192,111,4099,98,24658859,24958852,0
NSL-BT64,jsmn_long-128-warm,715,72,598016,8192,171,4073,152,24958949,25232731,0
NSL-BT64,jsmn_long-128-warm,715,73,606208,8192,98,4083,86,25232836,25549509,0
NSL-BT64,jsmn_long-128-warm,715,74,614400,8192,147,4074,134,25549606,25814908,0
NSL-BT64,jsmn_long-128-warm,715,75,622592,8192,124,4081,108,25814910,26117057,0
NSL-BT64,jsmn_long-128-warm,715,76,630784,8192,118,4076,101,26117058,26399994,0
NSL-BT64,jsmn_long-128-warm,715,77,638976,8192,124,4053,109,26400091,26675932,0
NSL-BT64,jsmn_long-128-warm,715,78,647168,8192,86,4101,82,26676034,26989361,0
NSL-BT64,jsmn_long-128-warm,715,79,655360,8192,141,4052,123,26989458,27253327,0
NSL-BT64,jsmn_long-128-warm,715,80,663552,8192,104,4040,88,27253424,27574396,0
NSL-BT64,jsmn_long-128-warm,715,81,671744,8192,150,4105,127,27574399,27834146,0
NSL-BT64,jsmn_long-128-warm,715,82,679936,8192,134,4101,110,27834248,28125753,0
NSL-BT64,jsmn_long-128-warm,715,83,688128,8192,97,4081,87,28125754,28427495,0
NSL-BT64,jsmn_long-128-warm,715,84,696320,8192,163,4079,142,28427592,28700286,0
NSL-BT64,jsmn_long-128-warm,715,85,704512,8192,106,4051,88,28700383,29016932,0
NSL-BT64,jsmn_long-128-warm,715,86,712704,8192,159,4076,138,29017029,29280429,0
NSL-BT64,jsmn_long-128-warm,715,87,720896,8192,122,4093,110,29280526,29577314,0
NSL-BT64,jsmn_long-128-warm,715,88,729088,8192,117,4081,103,29577315,29870477,0
NSL-BT64,jsmn_long-128-warm,715,89,737280,8192,159,4059,142,29870574,30144167,0
NSL-BT64,jsmn_long-128-warm,715,90,745472,8192,90,4049,78,30144170,30452606,0
NSL-BT64,jsmn_long-128-warm,715,91,753664,8192,149,4070,131,30452703,30719519,0
NSL-BT64,jsmn_long-128-warm,715,92,761856,8192,93,4070,86,30719520,31036323,0
NSL-BT64,jsmn_long-128-warm,715,93,770048,8192,169,4070,139,31036419,31302612,0
NSL-BT64,jsmn_long-128-warm,715,94,778240,8192,123,4081,111,31302709,31586826,0
NSL-BT64,jsmn_long-128-warm,715,95,786432,8192,106,4101,88,31586923,31895036,0
NSL-BT64,jsmn_long-128-warm,715,96,794624,8192,136,4088,121,31895133,32167081,0
NSL-BT64,jsmn_long-128-warm,715,97,802816,8192,92,4098,82,32167084,32491640,0
NSL-BT64,jsmn_long-128-warm,715,98,811008,8192,141,4086,123,32491643,32756086,0
NSL-BT64,jsmn_long-128-warm,715,99,819200,8192,141,4117,119,32756183,33050591,0
NSL-BT64,jsmn_long-128-warm,715,100,827392,8192,111,4069,98,33050592,33349586,0
NSL-BT64,jsmn_long-128-warm,715,101,835584,8192,138,4040,123,33349587,33618027,0
NSL-BT64,jsmn_long-128-warm,715,102,843776,8192,93,4091,75,33618028,33935605,0
NSL-BT64,jsmn_long-128-warm,715,103,851968,8192,135,4042,121,33935702,34195919,0
NSL-BT64,jsmn_long-128-warm,715,104,860160,8192,123,4074,101,34196016,34500776,0
NSL-BT64,jsmn_long-128-warm,715,105,868352,8192,129,4072,101,34500777,34782616,0
NSL-BT64,jsmn_long-128-warm,715,106,876544,8192,143,4068,124,34782713,35061814,0
NSL-BT64,jsmn_long-128-warm,715,107,884736,8192,93,4086,78,35061919,35373116,0
NSL-BT64,jsmn_long-128-warm,715,108,892928,8192,156,4088,135,35373118,35642108,0
NSL-BT64,jsmn_long-128-warm,715,109,901120,8192,93,3994,76,35642205,35958893,0
NSL-BT64,jsmn_long-128-warm,715,110,909312,8192,147,4131,135,35958989,36223357,0
NSL-BT64,jsmn_long-128-warm,715,111,917504,8192,123,4103,110,36223359,36511484,0
NSL-BT64,jsmn_long-128-warm,715,112,925696,8192,115,4079,94,36511581,36815508,0
NSL-BT64,jsmn_long-128-warm,715,113,933888,8192,152,4098,135,36815510,37088276,0
NSL-BT64,jsmn_long-128-warm,715,114,942080,8192,88,4067,77,37088373,37407667,0
NSL-BT64,jsmn_long-128-warm,715,115,950272,8192,152,4066,132,37407764,37668913,0
NSL-BT64,jsmn_long-128-warm,715,116,958464,8192,126,4087,105,37669010,37966243,0
NSL-BT64,jsmn_long-128-warm,715,117,966656,8192,109,4092,92,37966442,38260730,0
NSL-BT64,jsmn_long-128-warm,715,118,974848,8192,148,4088,123,38260731,38539640,0
NSL-BT64,jsmn_long-128-warm,715,119,983040,8192,98,4093,84,38539641,38855644,0
NSL-BT64,jsmn_long-128-warm,715,120,991232,8192,167,4061,150,38855741,39119522,0
NSL-BT64,jsmn_long-128-warm,715,121,999424,8192,102,4077,85,39119624,39432400,0
NSL-BT64,jsmn_long-128-warm,715,122,1007616,8192,132,4034,111,39432401,39698913,0
NSL-BT64,jsmn_long-128-warm,715,123,1015808,8192,131,4074,110,39698920,39981493,0
NSL-BT64,jsmn_long-128-warm,715,124,1024000,8192,97,4088,82,39981590,40290326,0
NSL-BT64,jsmn_long-128-warm,715,125,1032192,8192,142,4051,115,40290423,40557342,0
NSL-BT64,jsmn_long-128-warm,715,126,1040384,8192,79,4082,69,40557343,40878899,0
NSL-BT64,jsmn_long-128-warm,715,127,1048576,8192,158,4082,135,40878996,41141712,0
NSL-BT64,jsmn_long-128-warm,715,128,1056768,8192,128,4073,113,41141809,41432606,0
NSL-BT64,jsmn_long-128-warm,715,129,1064960,8192,104,4072,92,41432711,41728343,0
NSL-BT64,jsmn_long-128-warm,715,130,1073152,8192,130,4070,117,41728346,42000640,0
NSL-BT64,jsmn_long-128-warm,715,131,1081344,8192,97,4079,81,42000644,42318687,0
NSL-BT64,jsmn_long-128-warm,715,132,1089536,8192,152,4088,132,42318784,42583968,0
NSL-BT64,jsmn_long-128-warm,715,133,1097728,8192,123,4081,105,42584065,42890168,0
NSL-BT64,jsmn_long-128-warm,715,134,1105920,8192,121,4043,102,42890172,43165635,0
NSL-BT64,jsmn_long-128-warm,715,135,1114112,8192,164,4063,142,43165732,43443658,0
NSL-BT64,jsmn_long-128-warm,715,136,1122304,8192,93,4047,80,43443662,43747612,0
NSL-BT64,jsmn_long-128-warm,715,137,1130496,8192,146,4087,123,43747615,44017913,0
NSL-BT64,jsmn_long-128-warm,715,138,1138688,8192,113,4048,92,44017919,44339126,0
NSL-BT64,jsmn_long-128-warm,715,139,1146880,8192,137,4052,124,44339129,44594366,0
NSL-BT64,jsmn_long-128-warm,715,140,1155072,8192,141,4056,135,44594463,44883148,0
NSL-BT64,jsmn_long-128-warm,715,141,1163264,8192,110,4079,93,44883245,45181356,0
NSL-BT64,jsmn_long-128-warm,715,142,1171456,8192,159,4052,133,45181357,45452714,0
NSL-BT64,jsmn_long-128-warm,715,143,1179648,8192,96,4067,85,45452811,45765188,0
NSL-BT64,jsmn_long-128-warm,715,144,1187840,8192,154,4071,132,45765285,46029966,0
NSL-BT64,jsmn_long-128-warm,715,145,1196032,8192,98,4060,87,46030063,46339496,0
NSL-BT64,jsmn_long-128-warm,715,146,1204224,8192,132,4077,111,46339499,46613805,0
NSL-BT64,jsmn_long-128-warm,715,147,1212416,8192,143,4078,121,46613902,46895344,0
NSL-BT64,jsmn_long-128-warm,715,148,1220608,8192,102,4088,85,46895441,47203634,0
NSL-BT64,jsmn_long-128-warm,715,149,1228800,8192,136,4054,119,47203731,47471419,0
NSL-BT64,jsmn_long-128-warm,715,150,1236992,8192,98,4071,85,47471516,47793929,0
NSL-BT64,jsmn_long-128-warm,715,151,1245184,8192,156,4115,137,47793932,48060253,0
NSL-BT64,jsmn_long-128-warm,715,152,1253376,8192,116,4093,106,48060350,48350265,0
NSL-BT64,jsmn_long-128-warm,715,153,1261568,8192,115,4054,102,48350362,48648614,0
NSL-BT64,jsmn_long-128-warm,715,154,1269760,8192,144,4087,120,48648618,48921918,0
NSL-BT64,jsmn_long-128-warm,715,155,1277952,8192,109,4079,93,48921919,49240355,0
NSL-BT64,jsmn_long-128-warm,715,156,1286144,8192,147,4080,120,49240554,49505437,0
NSL-BT64,jsmn_long-128-warm,715,157,1294336,8192,127,4077,112,49505534,49803787,0
NSL-BT64,jsmn_long-128-warm,715,158,1302528,8192,115,4059,101,49803789,50088792,0
NSL-BT64,jsmn_long-128-warm,715,159,1310720,8192,158,4071,145,50088889,50364740,0
NSL-BT64,jsmn_long-128-warm,715,160,1318912,8192,103,4055,91,50364837,50672297,0
NSL-BT64,jsmn_long-128-warm,715,161,1327104,8192,147,4071,125,50672394,50940397,0
NSL-BT64,jsmn_long-128-warm,715,162,1335296,8192,110,4019,92,50940494,51258190,0
NSL-BT64,jsmn_long-128-warm,715,163,1343488,8192,144,4087,126,51258286,51517120,0
NSL-BT64,jsmn_long-128-warm,715,164,1351680,8192,149,4073,141,51517121,51803023,0
NSL-BT64,jsmn_long-128-warm,715,165,1359872,8192,112,4078,90,51803120,52103769,0
NSL-BT64,jsmn_long-128-warm,715,166,1368064,8192,139,4055,125,52103866,52373330,0
NSL-BT64,jsmn_long-128-warm,715,167,1376256,8192,94,4075,75,52373335,52691356,0
NSL-BT64,jsmn_long-128-warm,715,168,1384448,8192,166,4052,142,52691357,52950833,0
NSL-BT64,jsmn_long-128-warm,715,169,1392640,8192,116,4078,97,52950930,53253185,0
NSL-BT64,jsmn_long-128-warm,715,170,1400832,8192,122,4055,99,53253187,53535731,0
NSL-BT64,jsmn_long-128-warm,715,171,1409024,8192,134,4068,113,53535828,53814692,0
NSL-BT64,jsmn_long-128-warm,715,172,1417216,8192,91,4073,79,53814789,54123493,0
NSL-BT64,jsmn_long-128-warm,715,173,1425408,8192,142,4056,120,54123590,54389820,0
NSL-BT64,jsmn_long-128-warm,715,174,1433600,8192,99,4016,86,54389917,54710790,0
NSL-BT64,jsmn_long-128-warm,715,175,1441792,8192,156,4129,136,54710793,54974640,0
NSL-BT64,jsmn_long-128-warm,715,176,1449984,8192,134,4075,109,54974643,55261434,0
NSL-BT64,jsmn_long-128-warm,715,177,1458176,8192,108,4059,89,55261435,55559502,0
NSL-BT64,jsmn_long-128-warm,715,178,1466368,8192,144,4072,121,55559599,55833244,0
NSL-BT64,jsmn_long-128-warm,715,179,1474560,8192,94,4071,81,55833245,56150932,0
NSL-BT64,jsmn_long-128-warm,715,180,1482752,8192,159,4084,132,56151037,56415334,0
NSL-BT64,jsmn_long-128-warm,715,181,1490944,8192,124,4045,110,56415431,56710816,0
NSL-BT64,jsmn_long-128-warm,715,182,1499136,8192,130,4056,96,56710817,56993825,0
NSL-BT64,jsmn_long-128-warm,715,183,1507328,8192,136,4076,120,56993922,57274041,0
NSL-BT64,jsmn_long-128-warm,715,184,1515520,8192,106,4067,85,57274043,57582016,0
NSL-BT64,jsmn_long-128-warm,715,185,1523712,8192,148,4062,126,57582113,57849105,0
NSL-BT64,jsmn_long-128-warm,715,186,1531904,8192,101,3987,95,57849202,58162808,0
NSL-BT64,jsmn_long-128-warm,715,187,1540096,8192,162,4128,136,58162811,58428719,0
NSL-BT64,jsmn_long-128-warm,715,188,1548288,8192,134,4091,116,58428816,58718932,0
NSL-BT64,jsmn_long-128-warm,715,189,1556480,8192,107,4053,85,58718935,59015635,0
NSL-BT64,jsmn_long-128-warm,715,190,1564672,8192,131,4054,113,59015732,59287274,0
NSL-BT64,jsmn_long-128-warm,715,191,1572864,8192,96,4078,81,59287371,59604975,0
NSL-BT64,jsmn_long-128-warm,715,192,1581056,8192,143,4054,120,59605072,59866215,0
NSL-BT64,jsmn_long-128-warm,715,193,1589248,8192,105,4067,92,59866216,60167912,0
NSL-BT64,jsmn_long-128-warm,715,194,1597440,8192,126,4006,110,60167913,60440931,0
NSL-BT64,jsmn_long-128-warm,715,195,1605632,8192,138,4110,117,60440933,60727617,0
NSL-BT64,jsmn_long-128-warm,715,196,1613824,8192,88,4073,77,60727619,61036129,0
NSL-BT64,jsmn_long-128-warm,715,197,1622016,8192,145,4041,122,61036226,61298286,0
NSL-BT64,jsmn_long-128-warm,715,198,1630208,8192,93,4031,81,61298383,61612225,0
NSL-BT64,jsmn_long-128-warm,715,199,1638400,8192,157,4070,132,61612321,61869127,0
NSL-BT64,jsmn_long-128-warm,715,200,1646592,8192,125,4079,110,61869224,62154441,0
NSL-BT64,jsmn_long-128-warm,715,201,1654784,8192,113,4067,98,62154538,62447223,0
NSL-BT64,jsmn_long-128-warm,715,202,1662976,8192,157,4049,137,62447320,62715156,0
NSL-BT64,jsmn_long-128-warm,715,203,1671168,8192,107,4068,86,62715160,63025467,0
NSL-BT64,jsmn_long-128-warm,715,204,1679360,8192,141,4082,125,63025564,63287587,0
NSL-BT64,jsmn_long-128-warm,715,205,1687552,8192,121,4051,106,63287591,63591348,0
NSL-BT64,jsmn_long-128-warm,715,206,1695744,8192,147,4024,113,63591352,63854450,0
NSL-BT64,jsmn_long-128-warm,715,207,1703936,8192,132,4043,115,63854547,64129897,0
NSL-BT64,jsmn_long-128-warm,715,208,1712128,8192,99,4027,84,64129899,64424206,0
NSL-BT64,jsmn_long-128-warm,715,209,1720320,8192,144,4082,125,64424303,64693698,0
NSL-BT64,jsmn_long-128-warm,715,210,1728512,8192,89,4081,77,64693702,65009511,0
NSL-BT64,jsmn_long-128-warm,715,211,1736704,8192,158,4053,138,65009613,65265521,0
NSL-BT64,jsmn_long-128-warm,715,212,1744896,8192,119,4093,103,65265522,65558854,0
NSL-BT64,jsmn_long-128-warm,715,213,1753088,8192,119,4036,108,65558858,65843005,0
NSL-BT64,jsmn_long-128-warm,715,214,1761280,8192,152,4065,132,65843102,66113064,0
NSL-BT64,jsmn_long-128-warm,715,215,1769472,8192,106,4070,86,66113263,66421670,0
NSL-BT64,jsmn_long-128-warm,715,216,1777664,8192,148,4054,131,66421767,66682103,0
NSL-BT64,jsmn_long-128-warm,715,217,1785828,8164,97,4070,83,66682208,66997382,1
NSL-BT64,miniz_long-128-cold,715,0,8192,8192,185,271,177,3363,290310,0
NSL-BT64,miniz_long-128-cold,715,1,16384,8192,540,864,513,290313,548546,0
NSL-BT64,miniz_long-128-cold,715,2,24576,8192,271,417,247,548548,827273,0
NSL-BT64,miniz_long-128-cold,715,3,32768,8192,430,613,425,827376,1075578,0
NSL-BT64,miniz_long-128-cold,715,4,40960,8192,326,580,300,1075579,1333069,0
NSL-BT64,miniz_long-128-cold,715,5,49152,8192,386,466,377,1333172,1629203,0
NSL-BT64,miniz_long-128-cold,715,6,57344,8192,404,793,374,1629208,1887589,0
NSL-BT64,miniz_long-128-cold,715,7,65536,8192,283,307,284,1887592,2170748,0
NSL-BT64,miniz_long-128-cold,715,8,73728,8192,506,1017,479,2170751,2446104,0
NSL-BT64,miniz_long-128-cold,715,9,81920,8192,162,88,167,2446107,2695427,0
NSL-BT64,miniz_long-128-cold,715,10,90112,8192,612,1214,585,2695429,2992767,0
NSL-BT64,miniz_long-128-cold,715,11,98304,8192,141,72,141,2992772,3224571,0
NSL-BT64,miniz_long-128-cold,715,12,106496,8192,561,1091,531,3224677,3537118,0
NSL-BT64,miniz_long-128-cold,715,13,114688,8192,139,164,137,3537121,3757038,0
NSL-BT64,miniz_long-128-cold,715,14,122880,8192,669,997,632,3757141,4068812,0
NSL-BT64,miniz_long-128-cold,715,15,131072,8192,122,188,120,4068915,4307751,0
NSL-BT64,miniz_long-128-cold,715,16,139264,8192,645,1075,611,4307754,4599644,0
NSL-BT64,miniz_long-128-cold,715,17,147456,8192,136,218,134,4599647,4881380,0
NSL-BT64,miniz_long-128-cold,715,18,155648,8192,677,1117,644,4881383,5173136,0
NSL-BT64,miniz_long-128-cold,715,19,163840,8192,159,213,157,5173139,5440452,0
NSL-BT64,miniz_long-128-cold,715,20,172032,8192,641,1100,620,5440455,5733892,0
NSL-BT64,miniz_long-128-cold,715,21,180224,8192,166,222,166,5734368,6014988,0
NSL-BT64,miniz_long-128-cold,715,22,188416,8192,515,840,508,6014991,6271175,0
NSL-BT64,miniz_long-128-cold,715,23,196608,8192,304,476,272,6271189,6564427,0
NSL-BT64,miniz_long-128-cold,715,24,204800,8192,418,557,420,6564530,6835428,0
NSL-BT64,miniz_long-128-cold,715,25,212992,8192,394,737,369,6835635,7099518,0
NSL-BT64,miniz_long-128-cold,715,26,221184,8192,321,327,323,7099521,7386161,0
NSL-BT64,miniz_long-128-cold,715,27,229376,8192,518,1012,491,7386163,7665646,0
NSL-BT64,miniz_long-128-cold,715,28,237568,8192,196,89,196,7665649,7905851,0
NSL-BT64,miniz_long-128-cold,715,29,245760,8192,618,1183,574,7905954,8195817,0
NSL-BT64,miniz_long-128-cold,715,30,253952,8192,121,72,121,8195825,8416537,0
NSL-BT64,miniz_long-128-cold,715,31,262144,8192,604,1044,584,8416640,8724143,0
NSL-BT64,miniz_long-128-cold,715,32,270336,8192,139,193,138,8724246,8932212,0
NSL-BT64,miniz_long-128-cold,715,33,278528,8192,665,1129,641,8932223,9227709,0
NSL-BT64,miniz_long-128-cold,715,34,286720,8192,162,206,159,9227712,9508738,0
NSL-BT64,miniz_long-128-cold,715,35,294912,8192,692,1112,669,9508741,9810525,0
NSL-BT64,miniz_long-128-cold,715,36,303104,8192,179,210,177,9810626,10103758,0
NSL-BT64,miniz_long-128-cold,715,37,311296,8192,717,1091,696,10103761,10399366,0
NSL-BT64,miniz_long-128-cold,715,38,319488,8192,158,219,157,10399373,10679509,0
NSL-BT64,miniz_long-128-cold,715,39,327680,8192,487,820,474,10679512,10939290,0
NSL-BT64,miniz_long-128-cold,715,40,335872,8192,317,490,293,10939399,11219247,0
NSL-BT64,miniz_long-128-cold,715,41,344064,8192,384,568,378,11219252,11489094,0
NSL-BT64,miniz_long-128-cold,715,42,352256,8192,384,766,362,11489106,11755806,0
NSL-BT64,miniz_long-128-cold,715,43,360448,8192,330,295,323,11755809,12055602,0
NSL-BT64,miniz_long-128-cold,715,44,368640,8192,528,1004,499,12055605,12346454,0
NSL-BT64,miniz_long-128-cold,715,45,376832,8192,201,90,206,12346457,12621317,0
NSL-BT64,miniz_long-128-cold,715,46,385024,8192,683,1149,639,12621417,12919966,0
NSL-BT64,miniz_long-128-cold,715,47,393216,8192,139,64,138,12919971,13139365,0
NSL-BT64,miniz_long-128-cold,715,48,401408,8192,625,1042,584,13139468,13456492,0
NSL-BT64,miniz_long-128-cold,715,49,409600,8192,124,198,123,13456497,13673500,0
NSL-BT64,miniz_long-128-cold,715,50,417792,8192,630,1086,599,13673511,13965912,0
NSL-BT64,miniz_long-128-cold,715,51,425984,8192,171,215,166,13965915,14245881,0
NSL-BT64,miniz_long-128-cold,715,52,434176,8192,677,1093,660,14245884,14542381,0
NSL-BT64,miniz_long-128-cold,715,53,442368,8192,163,231,161,14542384,14810715,0
NSL-BT64,miniz_long-128-cold,715,54,450560,8192,614,1043,604,14810718,15086987,0
NSL-BT64,miniz_long-128-cold,715,55,458752,8192,236,292,218,15087078,15384419,0
NSL-BT64,miniz_long-128-cold,715,56,466944,8192,476,677,471,15384422,15632439,0
NSL-BT64,miniz_long-128-cold,715,57,475136,8192,354,621,333,15632445,15897270,0
NSL-BT64,miniz_long-128-cold,715,58,483328,8192,350,436,349,15897376,16184183,0
NSL-BT64,miniz_long-128-cold,715,59,491520,8192,485,880,451,16184281,16450102,0
NSL-BT64,miniz_long-128-cold,715,60,499712,8192,217,194,220,16450105,16737734,0
NSL-BT64,miniz_long-128-cold,715,61,507904,8192,533,1116,505,16737932,17014880,0
NSL-BT64,miniz_long-128-cold,715,62,516096,8192,168,77,167,17014883,17257073,0
NSL-BT64,miniz_long-128-cold,715,63,524288,8192,614,1131,587,17257076,17580765,0
NSL-BT64,miniz_long-128-cold,715,64,532480,8192,133,140,134,17580877,17788189,0
NSL-BT64,miniz_long-128-cold,715,65,540672,8192,621,1118,600,17788195,18089412,0
NSL-BT64,miniz_long-128-cold,715,66,548864,8192,134,190,136,18089515,18341234,0
NSL-BT64,miniz_long-128-cold,715,67,557056,8192,651,1129,635,18341237,18641181,0
NSL-BT64,miniz_long-128-cold,715,68,565248,8192,159,206,158,18641184,18920623,0
NSL-BT64,miniz_long-128-cold,715,69,573440,8192,672,1103,639,18920724,19204997,0
NSL-BT64,miniz_long-128-cold,715,70,581632,8192,151,212,145,19205000,19496534,0
NSL-BT64,miniz_long-128-cold,715,71,589824,8192,577,905,568,19496537,19764304,0
NSL-BT64,miniz_long-128-cold,715,72,598016,8192,311,429,284,19764305,20048947,0
NSL-BT64,miniz_long-128-cold,715,73,606208,8192,428,604,423,20049050,20316987,0
NSL-BT64,miniz_long-128-cold,715,74,614400,8192,432,751,403,20317096,20582425,0
NSL-BT64,miniz_long-128-cold,715,75,622592,8192,295,281,296,20582428,20854540,0
NSL-BT64,miniz_long-128-cold,715,76,630784,8192,505,1054,487,20854641,21136955,0
NSL-BT64,miniz_long-128-cold,715,77,638976,8192,164,80,164,21136958,21394898,0
NSL-BT64,miniz_long-128-cold,715,78,647168,8192,615,1241,589,21395001,21723423,0
NSL-BT64,miniz_long-128-cold,715,79,655360,8192,134,101,134,21723426,21926961,0
NSL-BT64,miniz_long-128-cold,715,80,663552,8192,638,1146,599,21927064,22216793,0
NSL-BT64,miniz_long-128-cold,715,81,671744,8192,148,209,146,22216896,22500955,0
NSL-BT64,miniz_long-128-cold,715,82,679936,8192,675,1138,651,22500958,22802549,0
NSL-BT64,miniz_long-128-cold,715,83,688128,8192,157,225,156,22802552,23083023,0
NSL-BT64,miniz_long-128-cold,715,84,696320,8192,641,1022,634,23083026,23367118,0
NSL-BT64,miniz_long-128-cold,715,85,704512,8192,229,292,212,23367238,23651729,0
NSL-BT64,miniz_long-128-cold,715,86,712704,8192,468,707,465,23651732,23900271,0
NSL-BT64,miniz_long-128-cold,715,87,720896,8192,365,637,343,23900276,24156531,0
NSL-BT64,miniz_long-128-cold,715,88,729088,8192,355,375,338,24156534,24463733,0
NSL-BT64,miniz_long-128-cold,715,89,737280,8192,485,964,468,24463735,24738377,0
NSL-BT64,miniz_long-128-cold,715,90,745472,8192,212,104,217,24738380,25017643,0
NSL-BT64,miniz_long-128-cold,715,91,753664,8192,667,1248,636,25017647,25316727,0
NSL-BT64,miniz_long-128-cold,715,92,761856,8192,145,65,145,25316732,25533359,0
NSL-BT64,miniz_long-128-cold,715,93,770048,8192,652,1080,618,25533462,25844236,0
NSL-BT64,miniz_long-128-cold,715,94,778240,8192,132,202,132,25844339,26069048,0
NSL-BT64,miniz_long-128-cold,715,95,786432,8192,710,1063,692,26069059,26368464,0
NSL-BT64,miniz_long-128-cold,715,96,794624,8192,161,232,156,26368467,26650314,0
NSL-BT64,miniz_long-128-cold,715,97,802816,8192,744,1131,710,26650317,26953373,0
NSL-BT64,miniz_long-128-cold,715,98,811008,8192,168,215,165,26953376,27221163,0
NSL-BT64,miniz_long-128-cold,715,99,819200,8192,545,836,543,27221166,27479555,0
NSL-BT64,miniz_long-128-cold,715,100,827392,8192,349,541,325,27479570,27754149,0
NSL-BT64,miniz_long-128-cold,715,101,835584,8192,401,462,397,27754252,28030334,0
NSL-BT64,miniz_long-128-cold,715,102,843776,8192,487,865,454,28030342,28304661,0
NSL-BT64,miniz_long-128-cold,715,103,851968,8192,270,208,267,28304762,28593902,0
NSL-BT64,miniz_long-128-cold,715,104,860160,8192,597,1147,582,28594019,28902044,0
NSL-BT64,miniz_long-128-cold,715,105,868352,8192,168,71,167,28902047,29142274,0
NSL-BT64,miniz_long-128-cold,715,106,876544,8192,601,1004,575,29142280,29441327,0
NSL-BT64,miniz_long-128-cold,715,107,884736,8192,145,211,144,29441430,29653350,0
NSL-BT64,miniz_long-128-cold,715,108,892928,8192,749,1044,729,29653357,29948998,0
NSL-BT64,miniz_long-128-cold,715,109,901120,8192,144,210,145,29949001,30229316,0
NSL-BT64,miniz_long-128-cold,715,110,909312,8192,691,1170,670,30229319,30531873,0
NSL-BT64,miniz_long-128-cold,715,111,917504,8192,157,217,154,30531876,30812806,0
NSL-BT64,miniz_long-128-cold,715,112,925696,8192,601,936,588,30812809,31082615,0
NSL-BT64,miniz_long-128-cold,715,113,933888,8192,275,412,250,31082623,31379670,0
NSL-BT64,miniz_long-128-cold,715,114,942080,8192,448,575,432,31379773,31644337,0
NSL-BT64,miniz_long-128-cold,715,115,950272,8192,425,753,407,31644439,31913540,0
NSL-BT64,miniz_long-128-cold,715,116,958464,8192,299,275,293,31913543,32207595,0
NSL-BT64,miniz_long-128-cold,715,117,966656,8192,622,1105,600,32207600,32495634,0
NSL-BT64,miniz_long-128-cold,715,118,974848,8192,191,78,190,32495637,32737945,0
NSL-BT64,miniz_long-128-cold,715,119,983040,8192,613,1013,588,32738050,33053731,0
NSL-BT64,miniz_long-128-cold,715,120,991232,8192,140,193,135,33053834,33267058,0
NSL-BT64,miniz_long-128-cold,715,121,999424,8192,700,1128,665,33267061,33565290,0
NSL-BT64,miniz_long-128-cold,715,122,1007616,8192,189,229,177,33565293,33860808,0
NSL-BT64,miniz_long-128-cold,715,123,1015808,8192,743,1163,711,33860811,34167046,0
NSL-BT64,miniz_long-128-cold,715,124,1024000,8192,162,228,159,34167049,34460824,0
NSL-BT64,miniz_long-128-cold,715,125,1032192,8192,562,821,554,34460827,34721649,0
NSL-BT64,miniz_long-128-cold,715,126,1040384,8192,292,479,270,34721759,34999430,0
NSL-BT64,miniz_long-128-cold,715,127,1048576,8192,404,517,403,34999435,35274709,0
NSL-BT64,miniz_long-128-cold,715,128,1056768,8192,461,803,436,35274712,35538622,0
NSL-BT64,miniz_long-128-cold,715,129,1064960,8192,283,172,287,35538625,35826717,0
NSL-BT64,miniz_long-128-cold,715,130,1073152,8192,608,1175,582,35826818,36134863,0
NSL-BT64,miniz_long-128-cold,715,131,1081344,8192,168,76,168,36134868,36363393,0
NSL-BT64,miniz_long-128-cold,715,132,1089536,8192,642,1159,617,36363496,36662845,0
NSL-BT64,miniz_long-128-cold,715,133,1097728,8192,135,205,135,36662948,36892512,0
NSL-BT64,miniz_long-128-cold,715,134,1105920,8192,734,1173,716,36892515,37196528,0
NSL-BT64,miniz_long-128-cold,715,135,1114112,8192,150,213,145,37196531,37476186,0
NSL-BT64,miniz_long-128-cold,715,136,1122304,8192,769,1081,749,37476189,37773262,0
NSL-BT64,miniz_long-128-cold,715,137,1130496,8192,216,249,202,37773265,38057920,0
NSL-BT64,miniz_long-128-cold,715,138,1138688,8192,504,775,499,38057923,38311592,0
NSL-BT64,miniz_long-128-cold,715,139,1146880,8192,328,550,303,38311600,38582203,0
NSL-BT64,miniz_long-128-cold,715,140,1155072,8192,417,486,396,38582309,38860837,0
NSL-BT64,miniz_long-128-cold,715,141,1163264,8192,464,870,425,38860949,39124389,0
NSL-BT64,miniz_long-128-cold,715,142,1171456,8192,258,187,254,39124392,39411203,0
NSL-BT64,miniz_long-128-cold,715,143,1179648,8192,641,1181,587,39411205,39718314,0
NSL-BT64,miniz_long-128-cold,715,144,1187840,8192,159,74,159,39718317,39947742,0
NSL-BT64,miniz_long-128-cold,715,145,1196032,8192,688,1124,670,39947748,40244590,0
NSL-BT64,miniz_long-128-cold,715,146,1204224,8192,128,193,128,40244693,40459540,0
NSL-BT64,miniz_long-128-cold,715,147,1212416,8192,681,1127,664,40459551,40763957,0
NSL-BT64,miniz_long-128-cold,715,148,1220608,8192,161,211,161,40763960,41018801,0
NSL-BT64,miniz_long-128-cold,715,149,1228800,8192,695,1150,673,41018804,41316932,0
NSL-BT64,miniz_long-128-cold,715,150,1236992,8192,212,273,201,41316935,41615152,0
NSL-BT64,miniz_long-128-cold,715,151,1245184,8192,530,696,512,41615253,41866423,0
NSL-BT64,miniz_long-128-cold,715,152,1253376,8192,361,594,328,41866425,42124985,0
NSL-BT64,miniz_long-128-cold,715,153,1261568,8192,370,358,359,42124988,42429338,0
NSL-BT64,miniz_long-128-cold,715,154,1269760,8192,511,990,490,42429342,42704943,0
NSL-BT64,miniz_long-128-cold,715,155,1277952,8192,213,89,213,42704946,42968207,0
NSL-BT64,miniz_long-128-cold,715,156,1286144,8192,641,1215,603,42968310,43277044,0
NSL-BT64,miniz_long-128-cold,715,157,1294336,8192,146,121,146,43277149,43481696,0
NSL-BT64,miniz_long-128-cold,715,158,1302528,8192,685,1113,644,43481799,43769106,0
NSL-BT64,miniz_long-128-cold,715,159,1310720,8192,162,233,160,43769209,44027913,0
NSL-BT64,miniz_long-128-cold,715,160,1318912,8192,737,1133,701,44027916,44318669,0
NSL-BT64,miniz_long-128-cold,715,161,1327104,8192,167,224,166,44318672,44612424,0
NSL-BT64,miniz_long-128-cold,715,162,1335296,8192,603,1001,599,44612427,44886368,0
NSL-BT64,miniz_long-128-cold,715,163,1343488,8192,265,358,238,44886371,45202059,0
NSL-BT64,miniz_long-128-cold,715,164,1351680,8192,448,636,432,45202066,45449138,0
NSL-BT64,miniz_long-128-cold,715,165,1359872,8192,379,702,352,45449144,45710169,0
NSL-BT64,miniz_long-128-cold,715,166,1368064,8192,337,293,337,45710172,46011876,0
NSL-BT64,miniz_long-128-cold,715,167,1376256,8192,563,1023,544,46011878,46292127,0
NSL-BT64,miniz_long-128-cold,715,168,1384448,8192,180,81,179,46292130,46551077,0
NSL-BT64,miniz_long-128-cold,715,169,1392640,8192,602,1194,565,46551180,46876539,0
NSL-BT64,miniz_long-128-cold,715,170,1400832,8192,126,98,126,46876541,47085362,0
NSL-BT64,miniz_long-128-cold,715,171,1409024,8192,680,1128,636,47085468,47372216,0
NSL-BT64,miniz_long-128-cold,715,172,1417216,8192,140,206,139,47372319,47641154,0
NSL-BT64,miniz_long-128-cold,715,173,1425408,8192,767,1186,737,47641157,47945453,0
NSL-BT64,miniz_long-128-cold,715,174,1433600,8192,159,215,157,47945456,48238161,0
NSL-BT64,miniz_long-128-cold,715,175,1441792,8192,584,976,582,48238164,48513421,0
NSL-BT64,miniz_long-128-cold,715,176,1449984,8192,272,398,249,48513422,48785260,0
NSL-BT64,miniz_long-128-cold,715,177,1458176,8192,472,612,466,48785265,49038388,0
NSL-BT64,miniz_long-128-cold,715,178,1466368,8192,423,772,400,49038390,49308348,0
NSL-BT64,miniz_long-128-cold,715,179,1474560,8192,324,265,319,49308351,49603055,0
NSL-BT64,miniz_long-128-cold,715,180,1482752,8192,561,1114,535,49603057,49904879,0
NSL-BT64,miniz_long-128-cold,715,181,1490944,8192,173,80,173,49904882,50147130,0
NSL-BT64,miniz_long-128-cold,715,182,1499136,8192,634,1122,603,50147133,50462367,0
NSL-BT64,miniz_long-128-cold,715,183,1507328,8192,121,202,119,50462470,50680483,0
NSL-BT64,miniz_long-128-cold,715,184,1515520,8192,730,1155,701,50680486,50978807,0
NSL-BT64,miniz_long-128-cold,715,185,1523712,8192,168,223,163,50978810,51259947,0
NSL-BT64,miniz_long-128-cold,715,186,1531904,8192,693,1126,670,51259950,51562316,0
NSL-BT64,miniz_long-128-cold,715,187,1540096,8192,165,221,163,51562319,51843629,0
NSL-BT64,miniz_long-128-cold,715,188,1548288,8192,580,864,576,51843632,52105539,0
NSL-BT64,miniz_long-128-cold,715,189,1556480,8192,331,553,310,52105543,52370553,0
NSL-BT64,miniz_long-128-cold,715,190,1564672,8192,393,462,383,52370656,52655930,0
NSL-BT64,miniz_long-128-cold,715,191,1572864,8192,498,873,474,52656136,52926190,0
NSL-BT64,miniz_long-128-cold,715,192,1581056,8192,233,116,236,52926193,53206807,0
NSL-BT64,miniz_long-128-cold,715,193,1589248,8192,659,1218,628,53206812,53508691,0
NSL-BT64,miniz_long-128-cold,715,194,1597440,8192,132,64,130,53508696,53720035,0
NSL-BT64,miniz_long-128-cold,715,195,1605632,8192,678,1223,647,53720138,54004258,0
NSL-BT64,miniz_long-128-cold,715,196,1613824,8192,128,202,128,54004361,54270149,0
NSL-BT64,miniz_long-128-cold,715,197,1622016,8192,744,1059,725,54270152,54577050,0
NSL-BT64,miniz_long-128-cold,715,198,1630208,8192,174,221,172,54577053,54844480,0
NSL-BT64,miniz_long-128-cold,715,199,1638400,8192,647,1027,642,54844483,55125202,0
NSL-BT64,miniz_long-128-cold,715,200,1646592,8192,270,340,246,55125312,55430170,0
NSL-BT64,miniz_long-128-cold,715,201,1654784,8192,463,647,457,55430173,55673677,0
NSL-BT64,miniz_long-128-cold,715,202,1662976,8192,391,720,366,55673681,55938292,0
NSL-BT64,miniz_long-128-cold,715,203,1671168,8192,318,298,314,55938295,56236537,0
NSL-BT64,miniz_long-128-cold,715,204,1679360,8192,627,1088,598,56236641,56534249,0
NSL-BT64,miniz_long-128-cold,715,205,1687552,8192,196,84,195,56534252,56778893,0
NSL-BT64,miniz_long-128-cold,715,206,1695744,8192,654,1115,612,56778900,57111567,0
NSL-BT64,miniz_long-128-cold,715,207,1703936,8192,129,180,129,57111675,57316193,0
NSL-BT64,miniz_long-128-cold,715,208,1712128,8192,706,1146,681,57316199,57598581,0
NSL-BT64,miniz_long-128-cold,715,209,1720320,8192,162,226,158,57598584,57893226,0
NSL-BT64,miniz_long-128-cold,715,210,1728512,8192,721,979,696,57893327,58196375,0
NSL-BT64,miniz_long-128-cold,715,211,1736704,8192,148,213,150,58196476,58488804,0
NSL-BT64,miniz_long-128-cold,715,212,1744896,8192,577,952,575,58488807,58756729,0
NSL-BT64,miniz_long-128-cold,715,213,1753088,8192,275,437,251,58756740,59034559,0
NSL-BT64,miniz_long-128-cold,715,214,1761280,8192,439,595,433,59034662,59296056,0
NSL-BT64,miniz_long-128-cold,715,215,1769472,8192,443,789,420,59296060,59565821,0
NSL-BT64,miniz_long-128-cold,715,216,1777664,8192,333,240,318,59565824,59858567,0
NSL-BT64,miniz_long-128-cold,715,217,1785856,8192,599,1161,571,59858574,60152449,0
NSL-BT64,miniz_long-128-cold,715,218,1794048,8192,148,70,147,60152452,60392906,0
NSL-BT64,miniz_long-128-cold,715,219,1802240,8192,628,1120,601,60393009,60694171,0
NSL-BT64,miniz_long-128-cold,715,220,1810432,8192,145,193,145,60694274,60920321,0
NSL-BT64,miniz_long-128-cold,715,221,1818624,8192,745,1138,714,60920332,61223637,0
NSL-BT64,miniz_long-128-cold,715,222,1826816,8192,149,215,145,61223640,61516241,0
NSL-BT64,miniz_long-128-cold,715,223,1835008,8192,710,1189,679,61516244,61820543,0
NSL-BT64,miniz_long-128-cold,715,224,1843200,8192,147,215,144,61820546,62113810,0
NSL-BT64,miniz_long-128-cold,715,225,1851392,8192,541,770,522,62113813,62370935,0
NSL-BT64,miniz_long-128-cold,715,226,1859584,8192,364,587,338,62371139,62639438,0
NSL-BT64,miniz_long-128-cold,715,227,1867776,8192,388,428,383,62639541,62932234,0
NSL-BT64,miniz_long-128-cold,715,228,1875968,8192,499,912,469,62932237,63212932,0
NSL-BT64,miniz_long-128-cold,715,229,1884160,8192,231,127,236,63212935,63494612,0
NSL-BT64,miniz_long-128-cold,715,230,1892352,8192,659,1241,616,63494613,63805638,0
NSL-BT64,miniz_long-128-cold,715,231,1900544,8192,141,79,142,63805640,64022313,0
NSL-BT64,miniz_long-128-cold,715,232,1908736,8192,626,1155,607,64022416,64305249,0
NSL-BT64,miniz_long-128-cold,715,233,1916928,8192,153,202,147,64305354,64582242,0
NSL-BT64,miniz_long-128-cold,715,234,1925120,8192,716,1109,682,64582245,64886566,0
NSL-BT64,miniz_long-128-cold,715,235,1933312,8192,167,227,165,64886569,65168055,0
NSL-BT64,miniz_long-128-cold,715,236,1941504,8192,647,971,630,65168058,65444265,0
NSL-BT64,miniz_long-128-cold,715,237,1949696,8192,261,387,232,65444269,65739580,0
NSL-BT64,miniz_long-128-cold,715,238,1957888,8192,488,639,475,65739683,65997027,0
NSL-BT64,miniz_long-128-cold,715,239,1966080,8192,433,775,399,65997031,66254669,0
NSL-BT64,miniz_long-128-cold,715,240,1974272,8192,301,212,300,66254672,66546495,0
NSL-BT64,miniz_long-128-cold,715,241,1982464,8192,605,1149,559,66546497,66839011,0
NSL-BT64,miniz_long-128-cold,715,242,1990656,8192,163,72,161,66839014,67072969,0
NSL-BT64,miniz_long-128-cold,715,243,1998848,8192,626,1138,604,67073072,67377330,0
NSL-BT64,miniz_long-128-cold,715,244,2007040,8192,125,194,126,67377433,67596396,0
NSL-BT64,miniz_long-128-cold,715,245,2015232,8192,793,1048,756,67596407,67894475,0
NSL-BT64,miniz_long-128-cold,715,246,2023424,8192,194,226,192,67894478,68188259,0
NSL-BT64,miniz_long-128-cold,715,247,2031616,8192,776,1143,742,68188262,68494907,0
NSL-BT64,miniz_long-128-cold,715,248,2039808,8192,159,244,157,68494920,68779466,0
NSL-BT64,miniz_long-128-cold,715,249,2048000,8192,558,683,548,68779469,69030063,0
NSL-BT64,miniz_long-128-cold,715,250,2056192,8192,387,631,367,69030168,69289921,0
NSL-BT64,miniz_long-128-cold,715,251,2064384,8192,379,352,372,69289924,69594364,0
NSL-BT64,miniz_long-128-cold,715,252,2072576,8192,579,1013,537,69594465,69878866,0
NSL-BT64,miniz_long-128-cold,715,253,2080768,8192,191,83,191,69878967,70133532,0
NSL-BT64,miniz_long-128-cold,715,254,2088960,8192,610,1113,575,70133635,70444858,0
NSL-BT64,miniz_long-128-cold,715,255,2097152,8192,135,193,134,70445453,70651619,0
NSL-BT64,miniz_long-128-cold,715,256,2105344,8192,728,1146,682,70651722,70937270,0
NSL-BT64,miniz_long-128-cold,715,257,2113536,8192,143,216,142,70937273,71232659,0
NSL-BT64,miniz_long-128-cold,715,258,2121728,8192,726,1158,685,71232662,71536575,0
NSL-BT64,miniz_long-128-cold,715,259,2129920,8192,171,228,170,71536578,71830502,0
NSL-BT64,miniz_long-128-cold,715,260,2138112,8192,557,839,547,71830505,72094092,0
NSL-BT64,miniz_long-128-cold,715,261,2146304,8192,317,517,290,72094198,72365147,0
NSL-BT64,miniz_long-128-cold,715,262,2154496,8192,414,479,403,72365250,72642982,0
NSL-BT64,miniz_long-128-cold,715,263,2162688,8192,516,915,491,72642986,72926762,0
NSL-BT64,miniz_long-128-cold,715,264,2170880,8192,232,100,238,72926765,73203363,0
NSL-BT64,miniz_long-128-cold,715,265,2179072,8192,674,1191,639,73203367,73505058,0
NSL-BT64,miniz_long-128-cold,715,266,2187264,8192,144,125,144,73505069,73706630,0
NSL-BT64,miniz_long-128-cold,715,267,2195456,8192,675,1085,645,73706742,73989935,0
NSL-BT64,miniz_long-128-cold,715,268,2203648,8192,156,229,155,73990038,74265094,0
NSL-BT64,miniz_long-128-cold,715,269,2211840,8192,766,1128,738,74265097,74574521,0
NSL-BT64,miniz_long-128-cold,715,270,2220032,8192,148,221,146,74574524,74868190,0
NSL-BT64,miniz_long-128-cold,715,271,2228224,8192,573,883,568,74868193,75134936,0
NSL-BT64,miniz_long-128-cold,715,272,2236416,8192,301,522,279,75134948,75425108,0
NSL-BT64,miniz_long-128-cold,715,273,2244608,8192,385,489,389,75425211,75698029,0
NSL-BT64,miniz_long-128-cold,715,274,2252800,8192,454,922,424,75698033,75982023,0
NSL-BT64,miniz_long-128-cold,715,275,2260992,8192,271,157,277,75982026,76253529,0
NSL-BT64,miniz_long-128-cold,715,276,2269184,8192,657,1212,613,76253545,76549791,0
NSL-BT64,miniz_long-128-cold,715,277,2277376,8192,128,76,127,76549894,76765061,0
NSL-BT64,miniz_long-128-cold,715,278,2285568,8192,668,1119,638,76765068,77047225,0
NSL-BT64,miniz_long-128-cold,715,279,2293760,8192,127,214,124,77047337,77312153,0
NSL-BT64,miniz_long-128-cold,715,280,2301952,8192,776,1203,742,77312254,77621798,0
NSL-BT64,miniz_long-128-cold,715,281,2310144,8192,158,236,156,77621801,77901947,0
NSL-BT64,miniz_long-128-cold,715,282,2318336,8192,554,843,549,77901950,78169384,0
NSL-BT64,miniz_long-128-cold,715,283,2326528,8192,308,501,282,78169395,78448806,0
NSL-BT64,miniz_long-128-cold,715,284,2334720,8192,404,466,398,78448904,78729706,0
NSL-BT64,miniz_long-128-cold,715,285,2342912,8192,470,807,448,78729720,79009338,0
NSL-BT64,miniz_long-128-cold,715,286,2351104,8192,255,144,254,79009341,79292835,0
NSL-BT64,miniz_long-128-cold,715,287,2359296,8192,657,1217,613,79292837,79590934,0
NSL-BT64,miniz_long-128-cold,715,288,2367488,8192,140,70,140,79590945,79806182,0
NSL-BT64,miniz_long-128-cold,715,289,2375680,8192,662,1161,627,79806188,80092671,0
NSL-BT64,miniz_long-128-cold,715,290,2383872,8192,123,202,124,80092774,80370248,0
NSL-BT64,miniz_long-128-cold,715,291,2392064,8192,732,1104,706,80370251,80673067,0
NSL-BT64,miniz_long-128-cold,715,292,2400256,8192,151,218,148,80673070,80966831,0
NSL-BT64,miniz_long-128-cold,715,293,2408448,8192,656,975,650,80966834,81249537,0
NSL-BT64,miniz_long-128-cold,715,294,2408740,292,51,72,40,81249544,81268310,1
NSL-BT64,miniz_long-128-warm,715,0,8192,8192,170,269,161,4574278,4862338,0
NSL-BT64,miniz_long-128-warm,715,1,16384,8192,512,823,502,4862341,5113922,0
NSL-BT64,miniz_long-128-warm,715,2,24576,8192,308,500,283,5113934,5381088,0
NSL-BT64,miniz_long-128-warm,715,3,32768,8192,407,550,408,5381191,5652732,0
NSL-BT64,miniz_long-128-warm,715,4,40960,8192,386,759,364,5652739,5904332,0
NSL-BT64,miniz_long-128-warm,715,5,49152,8192,317,342,314,5904335,6205020,0
NSL-BT64,miniz_long-128-warm,715,6,57344,8192,507,980,471,6205024,6490544,0
NSL-BT64,miniz_long-128-warm,715,7,65536,8192,198,118,208,6490547,6771194,0
NSL-BT64,miniz_long-128-warm,715,8,73728,8192,639,1189,606,6771196,7079598,0
NSL-BT64,miniz_long-128-warm,715,9,81920,8192,154,71,154,7079603,7311893,0
NSL-BT64,miniz_long-128-warm,715,10,90112,8192,594,1094,569,7311899,7609176,0
NSL-BT64,miniz_long-128-warm,715,11,98304,8192,135,204,135,7609183,7807418,0
NSL-BT64,miniz_long-128-warm,715,12,106496,8192,680,1077,639,7807425,8085651,0
NSL-BT64,miniz_long-128-warm,715,13,114688,8192,133,208,131,8085654,8352086,0
NSL-BT64,miniz_long-128-warm,715,14,122880,8192,658,1052,637,8352089,8643978,0
NSL-BT64,miniz_long-128-warm,715,15,131072,8192,162,214,161,8643981,8910258,0
NSL-BT64,miniz_long-128-warm,715,16,139264,8192,666,1131,643,8910261,9209419,0
NSL-BT64,miniz_long-128-warm,715,17,147456,8192,162,205,158,9209422,9489696,0
NSL-BT64,miniz_long-128-warm,715,18,155648,8192,530,827,527,9489699,9753207,0
NSL-BT64,miniz_long-128-warm,715,19,163840,8192,330,489,308,9753208,10049165,0
NSL-BT64,miniz_long-128-warm,715,20,172032,8192,455,560,452,10049170,10319561,0
NSL-BT64,miniz_long-128-warm,715,21,180224,8192,397,736,378,10319665,10568547,0
NSL-BT64,miniz_long-128-warm,715,22,188416,8192,305,351,298,10568550,10871924,0
NSL-BT64,miniz_long-128-warm,715,23,196608,8192,513,966,482,10872024,11146231,0
NSL-BT64,miniz_long-128-warm,715,24,204800,8192,189,102,195,11146234,11424306,0
NSL-BT64,miniz_long-128-warm,715,25,212992,8192,598,1243,565,11424508,11734585,0
NSL-BT64,miniz_long-128-warm,715,26,221184,8192,140,65,139,11734683,11965754,0
NSL-BT64,miniz_long-128-warm,715,27,229376,8192,617,1082,583,11965857,12289421,0
NSL-BT64,miniz_long-128-warm,715,28,237568,8192,155,183,154,12289524,12503008,0
NSL-BT64,miniz_long-128-warm,715,29,245760,8192,713,1022,677,12503015,12793233,0
NSL-BT64,miniz_long-128-warm,715,30,253952,8192,166,218,163,12793236,13074782,0
NSL-BT64,miniz_long-128-warm,715,31,262144,8192,689,1052,647,13074785,13371356,0
NSL-BT64,miniz_long-128-warm,715,32,270336,8192,150,221,149,13371359,13652127,0
NSL-BT64,miniz_long-128-warm,715,33,278528,8192,631,1088,601,13652130,13947622,0
NSL-BT64,miniz_long-128-warm,715,34,286720,8192,171,214,165,13947625,14226937,0
NSL-BT64,miniz_long-128-warm,715,35,294912,8192,482,821,488,14226940,14483291,0
NSL-BT64,miniz_long-128-warm,715,36,303104,8192,341,494,316,14483295,14747381,0
NSL-BT64,miniz_long-128-warm,715,37,311296,8192,388,514,383,14747484,15019799,0
NSL-BT64,miniz_long-128-warm,715,38,319488,8192,444,809,421,15019800,15273874,0
NSL-BT64,miniz_long-128-warm,715,39,327680,8192,289,240,285,15273877,15568574,0
NSL-BT64,miniz_long-128-warm,715,40,335872,8192,570,1074,547,15568774,15868420,0
NSL-BT64,miniz_long-128-warm,715,41,344064,8192,167,75,167,15868423,16101430,0
NSL-BT64,miniz_long-128-warm,715,42,352256,8192,639,1163,605,16101437,16419490,0
NSL-BT64,miniz_long-128-warm,715,43,360448,8192,122,128,121,16419586,16626298,0
NSL-BT64,miniz_long-128-warm,715,44,368640,8192,570,1101,546,16626304,16933255,0
NSL-BT64,miniz_long-128-warm,715,45,376832,8192,134,190,134,16933358,17165290,0
NSL-BT64,miniz_long-128-warm,715,46,385024,8192,667,1101,641,17165293,17465274,0
NSL-BT64,miniz_long-128-warm,715,47,393216,8192,163,205,163,17465277,17745030,0
NSL-BT64,miniz_long-128-warm,715,48,401408,8192,647,1120,625,17745033,18043395,0
NSL-BT64,miniz_long-128-warm,715,49,409600,8192,152,204,154,18043398,18322192,0
NSL-BT64,miniz_long-128-warm,715,50,417792,8192,543,965,547,18322195,18595451,0
NSL-BT64,miniz_long-128-warm,715,51,425984,8192,265,369,244,18595456,18895629,0
NSL-BT64,miniz_long-128-warm,715,52,434176,8192,461,677,453,18895732,19134758,0
NSL-BT64,miniz_long-128-warm,715,53,442368,8192,335,626,304,19134768,19393202,0
NSL-BT64,miniz_long-128-warm,715,54,450560,8192,378,424,371,19393305,19697508,0
NSL-BT64,miniz_long-128-warm,715,55,458752,8192,512,909,483,19697519,19967885,0
NSL-BT64,miniz_long-128-warm,715,56,466944,8192,207,134,211,19967888,20249843,0
NSL-BT64,miniz_long-128-warm,715,57,475136,8192,678,1233,641,20249846,20561341,0
NSL-BT64,miniz_long-128-warm,715,58,483328,8192,141,70,139,20561346,20761221,0
NSL-BT64,miniz_long-128-warm,715,59,491520,8192,588,1105,572,20761324,21072383,0
NSL-BT64,miniz_long-128-warm,715,60,499712,8192,115,189,116,21072486,21289896,0
NSL-BT64,miniz_long-128-warm,715,61,507904,8192,640,1140,614,21289907,21587774,0
NSL-BT64,miniz_long-128-warm,715,62,516096,8192,160,227,160,21587777,21882793,0
NSL-BT64,miniz_long-128-warm,715,63,524288,8192,696,1167,658,21882796,22188262,0
NSL-BT64,miniz_long-128-warm,715,64,532480,8192,161,216,157,22188265,22481913,0
NSL-BT64,miniz_long-128-warm,715,65,540672,8192,528,874,528,22481916,22745824,0
NSL-BT64,miniz_long-128-warm,715,66,548864,8192,291,482,266,22745827,23028306,0
NSL-BT64,miniz_long-128-warm,715,67,557056,8192,427,530,426,23028312,23295375,0
NSL-BT64,miniz_long-128-warm,715,68,565248,8192,421,770,397,23295377,23566615,0
NSL-BT64,miniz_long-128-warm,715,69,573440,8192,275,237,278,23566618,23834886,0
NSL-BT64,miniz_long-128-warm,715,70,581632,8192,593,1127,566,23834888,24137218,0
NSL-BT64,miniz_long-128-warm,715,71,589824,8192,180,75,179,24137221,24380183,0
NSL-BT64,miniz_long-128-warm,715,72,598016,8192,578,1121,544,24380186,24690077,0
NSL-BT64,miniz_long-128-warm,715,73,606208,8192,150,179,151,24690180,24898306,0
NSL-BT64,miniz_long-128-warm,715,74,614400,8192,701,1127,678,24898418,25188767,0
NSL-BT64,miniz_long-128-warm,715,75,622592,8192,153,220,151,25188770,25471281,0
NSL-BT64,miniz_long-128-warm,715,76,630784,8192,729,1093,695,25471382,25768293,0
NSL-BT64,miniz_long-128-warm,715,77,638976,8192,156,223,155,25768296,26048939,0
NSL-BT64,miniz_long-128-warm,715,78,647168,8192,621,949,622,26048942,26326043,0
NSL-BT64,miniz_long-128-warm,715,79,655360,8192,252,348,228,26326048,26632227,0
NSL-BT64,miniz_long-128-warm,715,80,663552,8192,493,659,481,26632230,26875051,0
NSL-BT64,miniz_long-128-warm,715,81,671744,8192,383,666,359,26875053,27123090,0
NSL-BT64,miniz_long-128-warm,715,82,679936,8192,352,357,349,27123093,27415345,0
NSL-BT64,miniz_long-128-warm,715,83,688128,8192,559,1029,535,27415451,27692665,0
NSL-BT64,miniz_long-128-warm,715,84,696320,8192,185,84,184,27692668,27958425,0
NSL-BT64,miniz_long-128-warm,715,85,704512,8192,699,1201,662,27958528,28276880,0
NSL-BT64,miniz_long-128-warm,715,86,712704,8192,124,101,125,28277091,28485235,0
NSL-BT64,miniz_long-128-warm,715,87,720896,8192,665,1117,646,28485341,28781487,0
NSL-BT64,miniz_long-128-warm,715,88,729088,8192,145,217,146,28781590,29052624,0
NSL-BT64,miniz_long-128-warm,715,89,737280,8192,691,1024,666,29052627,29348165,0
NSL-BT64,miniz_long-128-warm,715,90,745472,8192,175,233,173,29348168,29629983,0
NSL-BT64,miniz_long-128-warm,715,91,753664,8192,702,988,692,29629986,29919766,0
NSL-BT64,miniz_long-128-warm,715,92,761856,8192,194,268,184,29919769,30210269,0
NSL-BT64,miniz_long-128-warm,715,93,770048,8192,474,753,473,30210272,30461711,0
NSL-BT64,miniz_long-128-warm,715,94,778240,8192,349,622,326,30461714,30718602,0
NSL-BT64,miniz_long-128-warm,715,95,786432,8192,382,451,370,30718705,31016206,0
NSL-BT64,miniz_long-128-warm,715,96,794624,8192,494,896,467,31016211,31297663,0
NSL-BT64,miniz_long-128-warm,715,97,802816,8192,244,142,242,31297666,31580136,0
NSL-BT64,miniz_long-128-warm,715,98,811008,8192,653,1197,622,31580240,31891581,0
NSL-BT64,miniz_long-128-warm,715,99,819200,8192,137,70,137,31891586,32107381,0
NSL-BT64,miniz_long-128-warm,715,100,827392,8192,682,1132,654,32107484,32402508,0
NSL-BT64,miniz_long-128-warm,715,101,835584,8192,150,208,150,32402611,32645983,0
NSL-BT64,miniz_long-128-warm,715,102,843776,8192,732,1039,707,32645986,32949620,0
NSL-BT64,miniz_long-128-warm,715,103,851968,8192,161,215,156,32949623,33243696,0
NSL-BT64,miniz_long-128-warm,715,104,860160,8192,694,1115,658,33243699,33545120,0
NSL-BT64,miniz_long-128-warm,715,105,868352,8192,198,244,187,33545562,33841766,0
NSL-BT64,miniz_long-128-warm,715,106,876544,8192,518,731,508,33841769,34092823,0
NSL-BT64,miniz_long-128-warm,715,107,884736,8192,348,642,322,34092826,34352298,0
NSL-BT64,miniz_long-128-warm,715,108,892928,8192,368,376,368,34352309,34655816,0
NSL-BT64,miniz_long-128-warm,715,109,901120,8192,498,928,467,34655829,34932621,0
NSL-BT64,miniz_long-128-warm,715,110,909312,8192,204,85,204,34932624,35205254,0
NSL-BT64,miniz_long-128-warm,715,111,917504,8192,670,1204,645,35205260,35511464,0
NSL-BT64,miniz_long-128-warm,715,112,925696,8192,155,103,153,35511572,35714088,0
NSL-BT64,miniz_long-128-warm,715,113,933888,8192,644,1110,621,35714094,36003715,0
NSL-BT64,miniz_long-128-warm,715,114,942080,8192,156,209,160,36003818,36286911,0
NSL-BT64,miniz_long-128-warm,715,115,950272,8192,741,1185,717,36286914,36592840,0
NSL-BT64,miniz_long-128-warm,715,116,958464,8192,159,225,157,36592843,36873568,0
NSL-BT64,miniz_long-128-warm,715,117,966656,8192,611,966,610,36873571,37146211,0
NSL-BT64,miniz_long-128-warm,715,118,974848,8192,268,417,246,37146315,37434402,0
NSL-BT64,miniz_long-128-warm,715,119,983040,8192,494,578,489,37434505,37693788,0
NSL-BT64,miniz_long-128-warm,715,120,991232,8192,457,735,429,37693900,37947023,0
NSL-BT64,miniz_long-128-warm,715,121,999424,8192,326,291,320,37947026,38245159,0
NSL-BT64,miniz_long-128-warm,715,122,1007616,8192,536,1048,511,38245160,38541742,0
NSL-BT64,miniz_long-128-warm,715,123,1015808,8192,195,87,194,38541745,38779799,0
NSL-BT64,miniz_long-128-warm,715,124,1024000,8192,672,1199,613,38779902,39093957,0
NSL-BT64,miniz_long-128-warm,715,125,1032192,8192,122,126,121,39093965,39297827,0
NSL-BT64,miniz_long-128-warm,715,126,1040384,8192,675,1118,620,39297835,39590988,0
NSL-BT64,miniz_long-128-warm,715,127,1048576,8192,173,229,172,39591091,39868641,0
NSL-BT64,miniz_long-128-warm,715,128,1056768,8192,774,1146,756,39868644,40172549,0
NSL-BT64,miniz_long-128-warm,715,129,1064960,8192,152,215,151,40172552,40439505,0
NSL-BT64,miniz_long-128-warm,715,130,1073152,8192,584,960,585,40439508,40716255,0
NSL-BT64,miniz_long-128-warm,715,131,1081344,8192,255,376,237,40716258,40988512,0
NSL-BT64,miniz_long-128-warm,715,132,1089536,8192,455,627,449,40988615,41239549,0
NSL-BT64,miniz_long-128-warm,715,133,1097728,8192,418,777,390,41239551,41504367,0
NSL-BT64,miniz_long-128-warm,715,134,1105920,8192,324,275,321,41504370,41800829,0
NSL-BT64,miniz_long-128-warm,715,135,1114112,8192,606,1036,558,41800933,42105770,0
NSL-BT64,miniz_long-128-warm,715,136,1122304,8192,176,77,176,42105773,42349659,0
NSL-BT64,miniz_long-128-warm,715,137,1130496,8192,621,1098,590,42349665,42651089,0
NSL-BT64,miniz_long-128-warm,715,138,1138688,8192,128,202,128,42651094,42859776,0
NSL-BT64,miniz_long-128-warm,715,139,1146880,8192,710,1154,679,42859783,43158201,0
NSL-BT64,miniz_long-128-warm,715,140,1155072,8192,185,222,179,43158204,43439992,0
NSL-BT64,miniz_long-128-warm,715,141,1163264,8192,732,1126,693,43439995,43738679,0
NSL-BT64,miniz_long-128-warm,715,142,1171456,8192,175,241,170,43738682,44008969,0
NSL-BT64,miniz_long-128-warm,715,143,1179648,8192,546,838,540,44008972,44256324,0
NSL-BT64,miniz_long-128-warm,715,144,1187840,8192,346,512,315,44256325,44538099,0
NSL-BT64,miniz_long-128-warm,715,145,1196032,8192,409,530,405,44538197,44820286,0
NSL-BT64,miniz_long-128-warm,715,146,1204224,8192,440,820,414,44820392,45097369,0
NSL-BT64,miniz_long-128-warm,715,147,1212416,8192,268,185,257,45097372,45385564,0
NSL-BT64,miniz_long-128-warm,715,148,1220608,8192,589,1167,556,45385764,45689462,0
NSL-BT64,miniz_long-128-warm,715,149,1228800,8192,162,72,162,45689467,45919915,0
NSL-BT64,miniz_long-128-warm,715,150,1236992,8192,645,1084,628,45920018,46227250,0
NSL-BT64,miniz_long-128-warm,715,151,1245184,8192,137,189,135,46227255,46445519,0
NSL-BT64,miniz_long-128-warm,715,152,1253376,8192,643,1106,609,46445530,46742562,0
NSL-BT64,miniz_long-128-warm,715,153,1261568,8192,148,214,145,46742565,47035880,0
NSL-BT64,miniz_long-128-warm,715,154,1269760,8192,735,1140,692,47035883,47340914,0
NSL-BT64,miniz_long-128-warm,715,155,1277952,8192,159,220,156,47340917,47622210,0
NSL-BT64,miniz_long-128-warm,715,156,1286144,8192,583,870,576,47622213,47883494,0
NSL-BT64,miniz_long-128-warm,715,157,1294336,8192,325,523,301,47883598,48168172,0
NSL-BT64,miniz_long-128-warm,715,158,1302528,8192,374,462,372,48168275,48445683,0
NSL-BT64,miniz_long-128-warm,715,159,1310720,8192,477,907,452,48445691,48714357,0
NSL-BT64,miniz_long-128-warm,715,160,1318912,8192,266,163,265,48714360,48974535,0
NSL-BT64,miniz_long-128-warm,715,161,1327104,8192,651,1232,624,48974540,49286497,0
NSL-BT64,miniz_long-128-warm,715,162,1335296,8192,149,69,148,49286502,49505422,0
NSL-BT64,miniz_long-128-warm,715,163,1343488,8192,636,1129,606,49505520,49803851,0
NSL-BT64,miniz_long-128-warm,715,164,1351680,8192,139,209,140,49803954,50055374,0
NSL-BT64,miniz_long-128-warm,715,165,1359872,8192,739,1152,707,50055377,50362038,0
NSL-BT64,miniz_long-128-warm,715,166,1368064,8192,147,224,146,50362041,50657026,0
NSL-BT64,miniz_long-128-warm,715,167,1376256,8192,670,1082,655,50657029,50944773,0
NSL-BT64,miniz_long-128-warm,715,168,1384448,8192,232,298,212,50944892,51240988,0
NSL-BT64,miniz_long-128-warm,715,169,1392640,8192,481,688,477,51240991,51488573,0
NSL-BT64,miniz_long-128-warm,715,170,1400832,8192,343,642,322,51488577,51734848,0
NSL-BT64,miniz_long-128-warm,715,171,1409024,8192,378,397,374,51734859,52040480,0
NSL-BT64,miniz_long-128-warm,715,172,1417216,8192,554,1029,532,52040485,52322063,0
NSL-BT64,miniz_long-128-warm,715,173,1425408,8192,196,85,196,52322066,52570753,0
NSL-BT64,miniz_long-128-warm,715,174,1433600,8192,644,1118,610,52570856,52889503,0
NSL-BT64,miniz_long-128-warm,715,175,1441792,8192,143,180,143,52889506,53090684,0
NSL-BT64,miniz_long-128-warm,715,176,1449984,8192,687,1114,664,53090787,53381224,0
NSL-BT64,miniz_long-128-warm,715,177,1458176,8192,170,211,165,53381227,53649741,0
NSL-BT64,miniz_long-128-warm,715,178,1466368,8192,746,1242,717,53649744,53958747,0
NSL-BT64,miniz_long-128-warm,715,179,1474560,8192,148,216,145,53958848,54251107,0
NSL-BT64,miniz_long-128-warm,715,180,1482752,8192,594,836,595,54251110,54520203,0
NSL-BT64,miniz_long-128-warm,715,181,1490944,8192,315,439,293,54520206,54792123,0
NSL-BT64,miniz_long-128-warm,715,182,1499136,8192,440,559,438,54792226,55057285,0
NSL-BT64,miniz_long-128-warm,715,183,1507328,8192,451,794,424,55057291,55319692,0
NSL-BT64,miniz_long-128-warm,715,184,1515520,8192,288,209,283,55319695,55609631,0
NSL-BT64,miniz_long-128-warm,715,185,1523712,8192,600,1175,574,55609736,55917331,0
NSL-BT64,miniz_long-128-warm,715,186,1531904,8192,155,70,154,55917336,56146586,0
NSL-BT64,miniz_long-128-warm,715,187,1540096,8192,692,1137,661,56146698,56449653,0
NSL-BT64,miniz_long-128-warm,715,188,1548288,8192,141,208,140,56449756,56685669,0
NSL-BT64,miniz_long-128-warm,715,189,1556480,8192,749,1100,709,56685778,56983251,0
NSL-BT64,miniz_long-128-warm,715,190,1564672,8192,148,240,146,56983352,57278438,0
NSL-BT64,miniz_long-128-warm,715,191,1572864,8192,746,1159,721,57278441,57580286,0
NSL-BT64,miniz_long-128-warm,715,192,1581056,8192,162,225,157,57580289,57874282,0
NSL-BT64,miniz_long-128-warm,715,193,1589248,8192,521,676,522,57874285,58131682,0
NSL-BT64,miniz_long-128-warm,715,194,1597440,8192,327,505,303,58131684,58412496,0
NSL-BT64,miniz_long-128-warm,715,195,1605632,8192,382,458,380,58412599,58693594,0
NSL-BT64,miniz_long-128-warm,715,196,1613824,8192,466,928,441,58693602,58961342,0
NSL-BT64,miniz_long-128-warm,715,197,1622016,8192,229,136,227,58961345,59229336,0
NSL-BT64,miniz_long-128-warm,715,198,1630208,8192,673,1248,647,59229341,59541527,0
NSL-BT64,miniz_long-128-warm,715,199,1638400,8192,150,78,150,59541630,59756881,0
NSL-BT64,miniz_long-128-warm,715,200,1646592,8192,693,1168,651,59756887,60038497,0
NSL-BT64,miniz_long-128-warm,715,201,1654784,8192,137,196,136,60038600,60302829,0
NSL-BT64,miniz_long-128-warm,715,202,1662976,8192,704,1139,678,60302832,60604468,0
NSL-BT64,miniz_long-128-warm,715,203,1671168,8192,173,216,171,60604471,60898592,0
NSL-BT64,miniz_long-128-warm,715,204,1679360,8192,643,995,635,60898595,61179217,0
NSL-BT64,miniz_long-128-warm,715,205,1687552,8192,248,357,221,61179219,61494997,0
NSL-BT64,miniz_long-128-warm,715,206,1695744,8192,452,686,444,61495003,61740408,0
NSL-BT64,miniz_long-128-warm,715,207,1703936,8192,376,700,349,61740516,62003013,0
NSL-BT64,miniz_long-128-warm,715,208,1712128,8192,327,326,320,62003016,62304982,0
NSL-BT64,miniz_long-128-warm,715,209,1720320,8192,597,1044,560,62304987,62601990,0
NSL-BT64,miniz_long-128-warm,715,210,1728512,8192,197,84,196,62601993,62844662,0
NSL-BT64,miniz_long-128-warm,715,211,1736704,8192,640,1134,606,62844669,63177405,0
NSL-BT64,miniz_long-128-warm,715,212,1744896,8192,142,169,141,63177641,63381525,0
NSL-BT64,miniz_long-128-warm,715,213,1753088,8192,707,1158,673,63381531,63668306,0
NSL-BT64,miniz_long-128-warm,715,214,1761280,8192,154,217,153,63668309,63962223,0
NSL-BT64,miniz_long-128-warm,715,215,1769472,8192,705,1179,686,63962226,64270603,0
NSL-BT64,miniz_long-128-warm,715,216,1777664,8192,166,210,159,64270606,64563200,0
NSL-BT64,miniz_long-128-warm,715,217,1785856,8192,544,822,531,64563203,64827649,0
NSL-BT64,miniz_long-128-warm,715,218,1794048,8192,324,506,301,64827757,65101368,0
NSL-BT64,miniz_long-128-warm,715,219,1802240,8192,440,484,429,65101471,65377578,0
NSL-BT64,miniz_long-128-warm,715,220,1810432,8192,455,867,420,65377581,65645509,0
NSL-BT64,miniz_long-128-warm,715,221,1818624,8192,273,161,270,65645512,65929837,0
NSL-BT64,miniz_long-128-warm,715,222,1826816,8192,671,1245,626,65929838,66230474,0
NSL-BT64,miniz_long-128-warm,715,223,1835008,8192,140,86,141,66230481,66442143,0
NSL-BT64,miniz_long-128-warm,715,224,1843200,8192,666,1122,620,66442246,66722863,0
NSL-BT64,miniz_long-128-warm,715,225,1851392,8192,146,203,144,66722966,66989302,0
NSL-BT64,miniz_long-128-warm,715,226,1859584,8192,726,1161,703,66989305,67294783,0
NSL-BT64,miniz_long-128-warm,715,227,1867776,8192,146,215,147,67294884,67575358,0
NSL-BT64,miniz_long-128-warm,715,228,1875968,8192,696,923,679,67575361,67851207,0
NSL-BT64,miniz_long-128-warm,715,229,1884160,8192,293,351,271,67851219,68169014,0
NSL-BT64,miniz_long-128-warm,715,230,1892352,8192,501,638,486,68169365,68413372,0
NSL-BT64,miniz_long-128-warm,715,231,1900544,8192,395,728,373,68413480,68668561,0
NSL-BT64,miniz_long-128-warm,715,232,1908736,8192,329,266,328,68668564,68965231,0
NSL-BT64,miniz_long-128-warm,715,233,1916928,8192,655,1069,626,68965336,69270706,0
NSL-BT64,miniz_long-128-warm,715,234,1925120,8192,163,74,163,69270709,69513375,0
NSL-BT64,miniz_long-128-warm,715,235,1933312,8192,716,1130,669,69513381,69816737,0
NSL-BT64,miniz_long-128-warm,715,236,1941504,8192,121,190,121,69816840,70032092,0
NSL-BT64,miniz_long-128-warm,715,237,1949696,8192,720,1131,684,70032103,70335646,0
NSL-BT64,miniz_long-128-warm,715,238,1957888,8192,151,222,151,70335649,70616660,0
NSL-BT64,miniz_long-128-warm,715,239,1966080,8192,738,1138,691,70616663,70916909,0
NSL-BT64,miniz_long-128-warm,715,240,1974272,8192,155,232,154,70917010,71213715,0
NSL-BT64,miniz_long-128-warm,715,241,1982464,8192,499,740,483,71213718,71465367,0
NSL-BT64,miniz_long-128-warm,715,242,1990656,8192,363,628,337,71465467,71722108,0
NSL-BT64,miniz_long-128-warm,715,243,1998848,8192,370,401,360,71722119,72025331,0
NSL-BT64,miniz_long-128-warm,715,244,2007040,8192,518,963,493,72025333,72309655,0
NSL-BT64,miniz_long-128-warm,715,245,2015232,8192,208,87,205,72309658,72564715,0
NSL-BT64,miniz_long-128-warm,715,246,2023424,8192,655,1162,621,72564723,72888638,0
NSL-BT64,miniz_long-128-warm,715,247,2031616,8192,161,193,160,72888641,73088124,0
NSL-BT64,miniz_long-128-warm,715,248,2039808,8192,739,1118,712,73088130,73383776,0
NSL-BT64,miniz_long-128-warm,715,249,2048000,8192,167,234,166,73383779,73666563,0
NSL-BT64,miniz_long-128-warm,715,250,2056192,8192,733,1103,705,73666566,73964716,0
NSL-BT64,miniz_long-128-warm,715,251,2064384,8192,169,237,165,73964817,74246052,0
NSL-BT64,miniz_long-128-warm,715,252,2072576,8192,549,746,538,74246055,74503558,0
NSL-BT64,miniz_long-128-warm,715,253,2080768,8192,334,589,315,74503671,74765693,0
NSL-BT64,miniz_long-128-warm,715,254,2088960,8192,385,400,382,74765796,75067418,0
NSL-BT64,miniz_long-128-warm,715,255,2097152,8192,499,1007,474,75067426,75360818,0
NSL-BT64,miniz_long-128-warm,715,256,2105344,8192,204,91,204,75360821,75623212,0
NSL-BT64,miniz_long-128-warm,715,257,2113536,8192,614,1216,589,75623315,75947959,0
NSL-BT64,miniz_long-128-warm,715,258,2121728,8192,125,158,125,75948062,76139993,0
NSL-BT64,miniz_long-128-warm,715,259,2129920,8192,735,1138,700,76140003,76423518,0
NSL-BT64,miniz_long-128-warm,715,260,2138112,8192,158,232,155,76423521,76706179,0
NSL-BT64,miniz_long-128-warm,715,261,2146304,8192,732,1140,703,76706182,77012124,0
NSL-BT64,miniz_long-128-warm,715,262,2154496,8192,143,226,138,77012127,77293209,0
NSL-BT64,miniz_long-128-warm,715,263,2162688,8192,580,851,570,77293212,77557431,0
NSL-BT64,miniz_long-128-warm,715,264,2170880,8192,333,576,307,77557435,77815489,0
NSL-BT64,miniz_long-128-warm,715,265,2179072,8192,353,422,349,77815592,78105306,0
NSL-BT64,miniz_long-128-warm,715,266,2187264,8192,508,923,481,78105312,78394752,0
NSL-BT64,miniz_long-128-warm,715,267,2195456,8192,204,87,203,78394755,78650624,0
NSL-BT64,miniz_long-128-warm,715,268,2203648,8192,661,1092,633,78650727,78976995,0
NSL-BT64,miniz_long-128-warm,715,269,2211840,8192,128,149,128,78976997,79180964,0
NSL-BT64,miniz_long-128-warm,715,270,2220032,8192,712,1134,673,79180970,79465389,0
NSL-BT64,miniz_long-128-warm,715,271,2228224,8192,148,219,144,79465392,79746808,0
NSL-BT64,miniz_long-128-warm,715,272,2236416,8192,745,1187,711,79746909,80059440,0
NSL-BT64,miniz_long-128-warm,715,273,2244608,8192,135,210,134,80059443,80351206,0
NSL-BT64,miniz_long-128-warm,715,274,2252800,8192,584,864,578,80351209,80619152,0
NSL-BT64,miniz_long-128-warm,715,275,2260992,8192,289,453,266,80619153,80914647,0
NSL-BT64,miniz_long-128-warm,715,276,2269184,8192,437,535,431,80914750,81182401,0
NSL-BT64,miniz_long-128-warm,715,277,2271454,2270,282,519,271,81182403,81268310,1
