Generate the report at 2026-09-19T12:57:50, GitVersion: aa25008b3778a76ae1975c839d4cc459f7f7b3b7.
+-------------------------------------------------------------------------------------------------+--------------------------+------------+------------+---------------+-------+-------+-----------+
| Endpoint                                                                                        | Clock Group              | Delay Type | Path Delay | Path Required | CPPR  | Slack | Freq(MHz) |
+-------------------------------------------------------------------------------------------------+--------------------------+------------+------------+---------------+-------+-------+-----------+
| u_core.next_pc_predictor_prediction_2__reg_p:D                                                  | core_clock               | max        | 1.339r     | 1.387         | 0.000 | 0.048 | 724.577   |
| u_core.next_pc_predictor_prediction_2__reg_p:D                                                  | core_clock               | max        | 1.339r     | 1.387         | 0.000 | 0.048 | 724.577   |
| u_core.next_pc_predictor_prediction_14__reg_p:D                                                 | core_clock               | max        | 1.338r     | 1.387         | 0.000 | 0.049 | 724.934   |
| u_core.next_pc_predictor_prediction_14__reg_p:D                                                 | core_clock               | max        | 1.338r     | 1.387         | 0.000 | 0.049 | 724.934   |
| u_core.next_pc_predictor_prediction_6__reg_p:D                                                  | core_clock               | max        | 1.333r     | 1.396         | 0.000 | 0.063 | 732.430   |
| u_core.u_fetch_buffer.entry_count_q_0__reg_p_CK_CLKGATE_X1_GCK:E                                | **clock_gating_default** | max        | 1.180f     | 1.381         | 0.000 | 0.201 | NA        |
| u_core.execute_packet_valid_reg_p_CK_CLKGATE_X1_GCK_E_INV_X1_ZN_A_AOI211_X1_A_ZN_CLKGATE_X1_E:E | **clock_gating_default** | max        | 1.167r     | 1.373         | 0.000 | 0.206 | NA        |
| u_core.u_fetch_buffer.entry_count_q_0__reg_p_CK_CLKGATE_X1_GCK:E                                | **clock_gating_default** | max        | 1.155r     | 1.376         | 0.000 | 0.221 | NA        |
| u_core.execute_blocking_producer_present_reg_p_CK_CLKGATE_X1_GCK:E                              | **clock_gating_default** | max        | 1.155r     | 1.376         | 0.000 | 0.221 | NA        |
| u_core.u_id_ex_reg.skid_execute_packet_valid_q_reg_p_CK_CLKGATE_X1_GCK:E                        | **clock_gating_default** | max        | 1.155r     | 1.376         | 0.000 | 0.221 | NA        |
| u_core.u_branch_predictor.u_ras.return_pc_q_2__reg_p:D                                          | core_clock               | min        | 0.063r     | 0.006         | 0.000 | 0.057 | NA        |
| u_core.u_branch_predictor.u_ras.return_pc_q_2__reg_p:D                                          | core_clock               | min        | 0.063r     | 0.006         | 0.000 | 0.057 | NA        |
| u_core.u_lsu.active_lsu_req_66__reg_p:D                                                         | core_clock               | min        | 0.066r     | 0.007         | 0.000 | 0.059 | NA        |
| u_core.u_lsu.active_lsu_req_66__reg_p:D                                                         | core_clock               | min        | 0.066r     | 0.007         | 0.000 | 0.059 | NA        |
| u_core.next_pc_predictor_lookup_request_epoch_0__reg_p:D                                        | core_clock               | min        | 0.066r     | 0.006         | 0.000 | 0.060 | NA        |
| u_core.u_data_mem.gen_dcache.u_dcache.refill_req_ready_reg_p_QN_AOI211_X1_C1_ZN_CLKGATE_X1_E:E  | **clock_gating_default** | min        | 0.082f     | -0.015        | 0.000 | 0.097 | NA        |
| u_core.u_fetch_buffer.write_index_q_reg_p_CK_CLKGATE_X1_GCK:E                                   | **clock_gating_default** | min        | 0.098r     | -0.001        | 0.000 | 0.100 | NA        |
| u_core.u_data_mem.gen_dcache.u_dcache.refill_req_ready_reg_p_QN_AOI211_X1_C1_ZN_CLKGATE_X1_E:E  | **clock_gating_default** | min        | 0.102r     | 0.001         | 0.000 | 0.100 | NA        |
| u_core.next_pc_predictor_lookup_request_epoch_0__reg_p_CK_CLKGATE_X1_GCK:E                      | **clock_gating_default** | min        | 0.089f     | -0.015        | 0.000 | 0.104 | NA        |
| u_core.u_icache.u_riscv32_icache_miss_unit.state_q_0__reg_p_CK_CLKGATE_X1_GCK:E                 | **clock_gating_default** | min        | 0.089f     | -0.015        | 0.000 | 0.105 | NA        |
+-------------------------------------------------------------------------------------------------+--------------------------+------------+------------+---------------+-------+-------+-----------+
+------------+------------+-------+
| Clock      | Delay Type | TNS   |
+------------+------------+-------+
| core_clock | max        | 0.000 |
| core_clock | min        | 0.000 |
+------------+------------+-------+
+------------------------------------------------------------------------------------------------------------+--------+-------------+------------+------------+-------------+--------+-----------------+
| Point                                                                                                      | Fanout | Capacitance | Resistance | Transition | Delta Delay | Incr   | Path            |
+------------------------------------------------------------------------------------------------------------+--------+-------------+------------+------------+-------------+--------+-----------------+
| clk_i (port)                                                                                               |        | 1.028       | 0.000      | 0.100      |             | 0.000  | 0.000r          |
| clk_i (clock net)                                                                                          | 632    |             |            |            | NA          |        |                 |
| u_core.next_pc_predictor_lookup_request_pc_2__reg_p_CK_CLKGATE_X1_GCK:CK (CLKGATE_X1)                      |        | 0.002       | 0.000      | 0.000      |             | 0.000  | 0.000r          |
| u_core.next_pc_predictor_lookup_request_pc_2__reg_p_CK_CLKGATE_X1_GCK:GCK (CLKGATE_X1)                     |        | 0.029       | 0.000      | 0.000      |             | 0.000  | 0.000r          |
| u_core.next_pc_predictor_lookup_request_pc_2__reg_p_CK (clock net)                                         | 30     |             |            |            | NA          |        |                 |
| u_core.next_pc_predictor_lookup_request_pc_2__reg_p:CK (DFFR_X1)                                           |        | 0.001       | 0.000      | 0.000      |             | 0.000  | 0.000r          |
| clock core_clock (rise edge)                                                                               |        |             |            |            |             | 0      | 0               |
| clock network delay (ideal)                                                                                |        |             |            |            |             | 0.000  | 0.000           |
| u_core.next_pc_predictor_lookup_request_pc_2__reg_p:CK (DFFR_X1)                                           |        | 0.001       | 0.000      | 0.000      |             | 0.000  | 0.000r          |
| u_core.next_pc_predictor_lookup_request_pc_2__reg_p:Q (DFFR_X1)                                            |        | 0.028       | 0.000      | 0.069      |             | 0.163  | 0.163r          |
| u_core.next_pc_predictor_lookup_request_pc_2_ (net)                                                        | 18     |             |            |            | 0.000       |        |                 |
| u_core.next_pc_predictor_lookup_request_pc_2__BUF_X1_A_1:A (BUF_X1)                                        |        | 0.001       | 0.000      | 0.069      |             | 0.000  | 0.163r          |
| u_core.next_pc_predictor_lookup_request_pc_2__BUF_X1_A_1:Z (BUF_X1)                                        |        | 0.038       | 0.000      | 0.090      |             | 0.120  | 0.283r          |
| u_core.next_pc_predictor_lookup_request_pc_2__BUF_X1_A_1_Z (net)                                           | 24     |             |            |            | 0.000       |        |                 |
| u_core.next_pc_predictor_lookup_request_pc_2__BUF_X1_A_1_Z_BUF_X1_A_2:A (BUF_X1)                           |        | 0.001       | 0.000      | 0.090      |             | 0.000  | 0.283r          |
| u_core.next_pc_predictor_lookup_request_pc_2__BUF_X1_A_1_Z_BUF_X1_A_2:Z (BUF_X1)                           |        | 0.038       | 0.000      | 0.092      |             | 0.124  | 0.407r          |
| u_core.u_branch_predictor.u_btb.entry_array_q[0]_55__MUX2_X1_A_S (net)                                     | 24     |             |            |            | 0.000       |        |                 |
| u_core.u_branch_predictor.u_btb.entry_array_q[0]_55__MUX2_X1_A_S_BUF_X1_A_1:A (BUF_X1)                     |        | 0.001       | 0.000      | 0.092      |             | 0.000  | 0.407r          |
| u_core.u_branch_predictor.u_btb.entry_array_q[0]_55__MUX2_X1_A_S_BUF_X1_A_1:Z (BUF_X1)                     |        | 0.039       | 0.000      | 0.092      |             | 0.124  | 0.530r          |
| u_core.u_branch_predictor.u_btb.entry_array_q[4]_50__MUX2_X1_A_S (net)                                     | 24     |             |            |            | 0.000       |        |                 |
| u_core.u_branch_predictor.u_btb.entry_array_q[4]_50__MUX2_X1_A_S_BUF_X1_A:A (BUF_X1)                       |        | 0.001       | 0.000      | 0.092      |             | 0.000  | 0.530r          |
| u_core.u_branch_predictor.u_btb.entry_array_q[4]_50__MUX2_X1_A_S_BUF_X1_A:Z (BUF_X1)                       |        | 0.039       | 0.000      | 0.092      |             | 0.124  | 0.654r          |
| u_core.u_branch_predictor.u_btb.entry_array_q[7]_58__NAND2_X1_A2_A1 (net)                                  | 24     |             |            |            | 0.000       |        |                 |
| u_core.u_branch_predictor.u_btb.entry_array_q[0]_63__MUX2_X1_A_S_BUF_X1_Z:A (BUF_X1)                       |        | 0.001       | 0.000      | 0.092      |             | 0.000  | 0.654r          |
| u_core.u_branch_predictor.u_btb.entry_array_q[0]_63__MUX2_X1_A_S_BUF_X1_Z:Z (BUF_X1)                       |        | 0.041       | 0.000      | 0.096      |             | 0.129  | 0.783r          |
| u_core.u_branch_predictor.u_btb.entry_array_q[0]_63__MUX2_X1_A_S (net)                                     | 24     |             |            |            | 0.000       |        |                 |
| u_core.u_branch_predictor.u_btb.entry_array_q[0]_63__MUX2_X1_A_S_BUF_X2_A:A (BUF_X2)                       |        | 0.002       | 0.000      | 0.096      |             | 0.000  | 0.783r          |
| u_core.u_branch_predictor.u_btb.entry_array_q[0]_63__MUX2_X1_A_S_BUF_X2_A:Z (BUF_X2)                       |        | 0.033       | 0.000      | 0.042      |             | 0.070  | 0.853r          |
| u_core.u_branch_predictor.u_btb.entry_array_q[6]_3__OAI21_X1_B1_B2 (net)                                   | 24     |             |            |            | 0.000       |        |                 |
| u_core.u_branch_predictor.u_btb.entry_array_q[6]_3__OAI21_X1_B1_B2_BUF_X1_A_5:A (BUF_X1)                   |        | 0.001       | 0.000      | 0.042      |             | 0.000  | 0.853r          |
| u_core.u_branch_predictor.u_btb.entry_array_q[6]_3__OAI21_X1_B1_B2_BUF_X1_A_5:Z (BUF_X1)                   |        | 0.040       | 0.000      | 0.094      |             | 0.122  | 0.975r          |
| u_core.u_branch_predictor.u_btb.entry_array_q[5]_66__reg_p_QN_AOI21_X1_B1_B2 (net)                         | 24     |             |            |            | 0.000       |        |                 |
| u_core.u_branch_predictor.u_btb.entry_array_q[0]_4__NOR2_X1_A2_A1_BUF_X1_Z:A (BUF_X1)                      |        | 0.001       | 0.000      | 0.094      |             | 0.000  | 0.975r          |
| u_core.u_branch_predictor.u_btb.entry_array_q[0]_4__NOR2_X1_A2_A1_BUF_X1_Z:Z (BUF_X1)                      |        | 0.041       | 0.000      | 0.096      |             | 0.129  | 1.104r          |
| u_core.u_branch_predictor.u_btb.entry_array_q[0]_4__NOR2_X1_A2_A1 (net)                                    | 24     |             |            |            | 0.000       |        |                 |
| u_core.u_branch_predictor.u_btb.entry_array_q[2]_4__OAI21_X1_B1:B2 (OAI21_X1)                              |        | 0.002       | 0.000      | 0.096      |             | 0.000  | 1.104r          |
| u_core.u_branch_predictor.u_btb.entry_array_q[2]_4__OAI21_X1_B1:ZN (OAI21_X1)                              |        | 0.002       | 0.000      | 0.026      |             | 0.029  | 1.132f          |
| u_core.u_branch_predictor.u_btb.entry_array_q[2]_4__OAI21_X1_B1_ZN (net)                                   | 1      |             |            |            | 0.000       |        |                 |
| u_core.u_branch_predictor.u_btb.entry_array_q[0]_4__NOR2_X1_A2_ZN_OAI22_X1_A2:B2 (OAI22_X1)                |        | 0.002       | 0.000      | 0.026      |             | 0.000  | 1.132f          |
| u_core.u_branch_predictor.u_btb.entry_array_q[0]_4__NOR2_X1_A2_ZN_OAI22_X1_A2:ZN (OAI22_X1)                |        | 0.002       | 0.000      | 0.031      |             | 0.049  | 1.182r          |
| u_core.u_branch_predictor.u_btb.entry_array_q[0]_4__NOR2_X1_A2_ZN_OAI22_X1_A2_ZN (net)                     | 1      |             |            |            | 0.000       |        |                 |
| u_core.u_branch_predictor.u_btb.entry_array_q[7]_4__NOR2_X1_A2_ZN_OAI221_X1_B1_ZN_OAI21_X1_A:B1 (OAI21_X1) |        | 0.002       | 0.000      | 0.031      |             | 0.000  | 1.182r          |
| u_core.u_branch_predictor.u_btb.entry_array_q[7]_4__NOR2_X1_A2_ZN_OAI221_X1_B1_ZN_OAI21_X1_A:ZN (OAI21_X1) |        | 0.001       | 0.000      | 0.026      |             | 0.019  | 1.201f          |
| u_core.u_branch_predictor.u_btb.entry_array_q[7]_4__NOR2_X1_A2_ZN_OAI221_X1_B1_ZN_OAI21_X1_A_ZN (net)      | 1      |             |            |            | 0.000       |        |                 |
| u_core.next_pc_predictor_prediction_2__reg_p_D_NOR4_X1_ZN_A2_OAI21_X1_ZN_A_OAI221_X1_ZN:C1 (OAI221_X1)     |        | 0.002       | 0.000      | 0.026      |             | 0.000  | 1.201f          |
| u_core.next_pc_predictor_prediction_2__reg_p_D_NOR4_X1_ZN_A2_OAI21_X1_ZN_A_OAI221_X1_ZN:ZN (OAI221_X1)     |        | 0.002       | 0.000      | 0.037      |             | 0.039  | 1.240r          |
| u_core.next_pc_predictor_prediction_2__reg_p_D_NOR4_X1_ZN_A2_OAI21_X1_ZN_A (net)                           | 1      |             |            |            | 0.000       |        |                 |
| u_core.next_pc_predictor_prediction_2__reg_p_D_NOR4_X1_ZN_A2_OAI21_X1_ZN:A (OAI21_X1)                      |        | 0.002       | 0.000      | 0.037      |             | 0.000  | 1.240r          |
| u_core.next_pc_predictor_prediction_2__reg_p_D_NOR4_X1_ZN_A2_OAI21_X1_ZN:ZN (OAI21_X1)                     |        | 0.001       | 0.000      | 0.027      |             | 0.025  | 1.265f          |
| u_core.next_pc_predictor_prediction_2__reg_p_D_NOR4_X1_ZN_A2 (net)                                         | 1      |             |            |            | 0.000       |        |                 |
| u_core.next_pc_predictor_prediction_2__reg_p_D_NOR4_X1_ZN:A2 (NOR4_X1)                                     |        | 0.002       | 0.000      | 0.027      |             | 0.000  | 1.265f          |
| u_core.next_pc_predictor_prediction_2__reg_p_D_NOR4_X1_ZN:ZN (NOR4_X1)                                     |        | 0.001       | 0.000      | 0.045      |             | 0.073  | 1.339r          |
| u_core.next_pc_predictor_prediction_2__reg_p_D (net)                                                       | 1      |             |            |            | 0.000       |        |                 |
| u_core.next_pc_predictor_prediction_2__reg_p:D (DFF_X1)                                                    |        | 0.001       | 0.000      | 0.045      |             | 0.000  | 1.339r          |
|                                                                                                            |        |             |            |            |             |        |                 |
| clk_i (port)                                                                                               |        | 1.028       | 0.000      | 0.100      |             | 0.000  | 0.000r          |
| clk_i (clock net)                                                                                          | 632    |             |            |            | NA          |        |                 |
| u_core.u_branch_predictor.request_handshake_CLKGATE_X1_E:CK (CLKGATE_X1)                                   |        | 0.002       | 0.000      | 0.000      |             | 0.000  | 0.000r          |
| u_core.u_branch_predictor.request_handshake_CLKGATE_X1_E:GCK (CLKGATE_X1)                                  |        | 0.064       | 0.000      | 0.000      |             | 0.000  | 0.000r          |
| u_core.next_pc_predictor_prediction_0__reg_p_CK (clock net)                                                | 67     |             |            |            | NA          |        |                 |
| u_core.next_pc_predictor_prediction_2__reg_p:CK (DFF_X1)                                                   |        | 0.001       | 0.000      | 0.000      |             | 0.000  | 0.000r          |
| clock core_clock (rise edge)                                                                               |        |             |            |            |             | 1.428  | 1.428           |
| clock network delay (ideal)                                                                                |        |             |            |            |             | 0.000  | 1.428           |
| u_core.next_pc_predictor_prediction_2__reg_p:CK (DFF_X1)                                                   |        |             |            |            |             |        | 1.428r          |
| library setup time                                                                                         |        |             |            |            |             | -0.041 | 1.387           |
| clock reconvergence pessimism                                                                              |        |             |            |            |             | 0.000  | 1.387           |
|                                                                                                            |        |             |            |            |             |        |                 |
| path cell delay                                                                                            |        |             |            |            |             |        | 1.339(100.000%) |
| path net delay                                                                                             |        |             |            |            |             |        | 0.000(0.000%)   |
|                                                                                                            |        |             |            |            |             |        |                 |
| data require time                                                                                          |        |             |            |            |             |        | 1.387           |
| data arrival time                                                                                          |        |             |            |            |             |        | 1.339           |
| slack (MET)                                                                                                |        |             |            |            |             |        | 0.048           |
+------------------------------------------------------------------------------------------------------------+--------+-------------+------------+------------+-------------+--------+-----------------+
+------------------------------------------------------------------------------------------------------------+--------+-------------+------------+------------+-------------+--------+-----------------+
| Point                                                                                                      | Fanout | Capacitance | Resistance | Transition | Delta Delay | Incr   | Path            |
+------------------------------------------------------------------------------------------------------------+--------+-------------+------------+------------+-------------+--------+-----------------+
| clk_i (port)                                                                                               |        | 1.028       | 0.000      | 0.100      |             | 0.000  | 0.000r          |
| clk_i (clock net)                                                                                          | 632    |             |            |            | NA          |        |                 |
| u_core.next_pc_predictor_lookup_request_pc_2__reg_p_CK_CLKGATE_X1_GCK:CK (CLKGATE_X1)                      |        | 0.002       | 0.000      | 0.000      |             | 0.000  | 0.000r          |
| u_core.next_pc_predictor_lookup_request_pc_2__reg_p_CK_CLKGATE_X1_GCK:GCK (CLKGATE_X1)                     |        | 0.029       | 0.000      | 0.000      |             | 0.000  | 0.000r          |
| u_core.next_pc_predictor_lookup_request_pc_2__reg_p_CK (clock net)                                         | 30     |             |            |            | NA          |        |                 |
| u_core.next_pc_predictor_lookup_request_pc_2__reg_p:CK (DFFR_X1)                                           |        | 0.001       | 0.000      | 0.000      |             | 0.000  | 0.000r          |
| clock core_clock (rise edge)                                                                               |        |             |            |            |             | 0      | 0               |
| clock network delay (ideal)                                                                                |        |             |            |            |             | 0.000  | 0.000           |
| u_core.next_pc_predictor_lookup_request_pc_2__reg_p:CK (DFFR_X1)                                           |        | 0.001       | 0.000      | 0.000      |             | 0.000  | 0.000r          |
| u_core.next_pc_predictor_lookup_request_pc_2__reg_p:Q (DFFR_X1)                                            |        | 0.028       | 0.000      | 0.069      |             | 0.163  | 0.163r          |
| u_core.next_pc_predictor_lookup_request_pc_2_ (net)                                                        | 18     |             |            |            | 0.000       |        |                 |
| u_core.next_pc_predictor_lookup_request_pc_2__BUF_X1_A_1:A (BUF_X1)                                        |        | 0.001       | 0.000      | 0.069      |             | 0.000  | 0.163r          |
| u_core.next_pc_predictor_lookup_request_pc_2__BUF_X1_A_1:Z (BUF_X1)                                        |        | 0.038       | 0.000      | 0.090      |             | 0.120  | 0.283r          |
| u_core.next_pc_predictor_lookup_request_pc_2__BUF_X1_A_1_Z (net)                                           | 24     |             |            |            | 0.000       |        |                 |
| u_core.next_pc_predictor_lookup_request_pc_2__BUF_X1_A_1_Z_BUF_X1_A_2:A (BUF_X1)                           |        | 0.001       | 0.000      | 0.090      |             | 0.000  | 0.283r          |
| u_core.next_pc_predictor_lookup_request_pc_2__BUF_X1_A_1_Z_BUF_X1_A_2:Z (BUF_X1)                           |        | 0.038       | 0.000      | 0.092      |             | 0.124  | 0.407r          |
| u_core.u_branch_predictor.u_btb.entry_array_q[0]_55__MUX2_X1_A_S (net)                                     | 24     |             |            |            | 0.000       |        |                 |
| u_core.u_branch_predictor.u_btb.entry_array_q[0]_55__MUX2_X1_A_S_BUF_X1_A_1:A (BUF_X1)                     |        | 0.001       | 0.000      | 0.092      |             | 0.000  | 0.407r          |
| u_core.u_branch_predictor.u_btb.entry_array_q[0]_55__MUX2_X1_A_S_BUF_X1_A_1:Z (BUF_X1)                     |        | 0.039       | 0.000      | 0.092      |             | 0.124  | 0.530r          |
| u_core.u_branch_predictor.u_btb.entry_array_q[4]_50__MUX2_X1_A_S (net)                                     | 24     |             |            |            | 0.000       |        |                 |
| u_core.u_branch_predictor.u_btb.entry_array_q[4]_50__MUX2_X1_A_S_BUF_X1_A:A (BUF_X1)                       |        | 0.001       | 0.000      | 0.092      |             | 0.000  | 0.530r          |
| u_core.u_branch_predictor.u_btb.entry_array_q[4]_50__MUX2_X1_A_S_BUF_X1_A:Z (BUF_X1)                       |        | 0.039       | 0.000      | 0.092      |             | 0.124  | 0.654r          |
| u_core.u_branch_predictor.u_btb.entry_array_q[7]_58__NAND2_X1_A2_A1 (net)                                  | 24     |             |            |            | 0.000       |        |                 |
| u_core.u_branch_predictor.u_btb.entry_array_q[0]_63__MUX2_X1_A_S_BUF_X1_Z:A (BUF_X1)                       |        | 0.001       | 0.000      | 0.092      |             | 0.000  | 0.654r          |
| u_core.u_branch_predictor.u_btb.entry_array_q[0]_63__MUX2_X1_A_S_BUF_X1_Z:Z (BUF_X1)                       |        | 0.041       | 0.000      | 0.096      |             | 0.129  | 0.783r          |
| u_core.u_branch_predictor.u_btb.entry_array_q[0]_63__MUX2_X1_A_S (net)                                     | 24     |             |            |            | 0.000       |        |                 |
| u_core.u_branch_predictor.u_btb.entry_array_q[0]_63__MUX2_X1_A_S_BUF_X2_A:A (BUF_X2)                       |        | 0.002       | 0.000      | 0.096      |             | 0.000  | 0.783r          |
| u_core.u_branch_predictor.u_btb.entry_array_q[0]_63__MUX2_X1_A_S_BUF_X2_A:Z (BUF_X2)                       |        | 0.033       | 0.000      | 0.042      |             | 0.070  | 0.853r          |
| u_core.u_branch_predictor.u_btb.entry_array_q[6]_3__OAI21_X1_B1_B2 (net)                                   | 24     |             |            |            | 0.000       |        |                 |
| u_core.u_branch_predictor.u_btb.entry_array_q[6]_3__OAI21_X1_B1_B2_BUF_X1_A_5:A (BUF_X1)                   |        | 0.001       | 0.000      | 0.042      |             | 0.000  | 0.853r          |
| u_core.u_branch_predictor.u_btb.entry_array_q[6]_3__OAI21_X1_B1_B2_BUF_X1_A_5:Z (BUF_X1)                   |        | 0.040       | 0.000      | 0.094      |             | 0.122  | 0.975r          |
| u_core.u_branch_predictor.u_btb.entry_array_q[5]_66__reg_p_QN_AOI21_X1_B1_B2 (net)                         | 24     |             |            |            | 0.000       |        |                 |
| u_core.u_branch_predictor.u_btb.entry_array_q[0]_4__NOR2_X1_A2_A1_BUF_X1_Z:A (BUF_X1)                      |        | 0.001       | 0.000      | 0.094      |             | 0.000  | 0.975r          |
| u_core.u_branch_predictor.u_btb.entry_array_q[0]_4__NOR2_X1_A2_A1_BUF_X1_Z:Z (BUF_X1)                      |        | 0.041       | 0.000      | 0.096      |             | 0.129  | 1.104r          |
| u_core.u_branch_predictor.u_btb.entry_array_q[0]_4__NOR2_X1_A2_A1 (net)                                    | 24     |             |            |            | 0.000       |        |                 |
| u_core.u_branch_predictor.u_btb.entry_array_q[2]_4__OAI21_X1_B1:B2 (OAI21_X1)                              |        | 0.002       | 0.000      | 0.096      |             | 0.000  | 1.104r          |
| u_core.u_branch_predictor.u_btb.entry_array_q[2]_4__OAI21_X1_B1:ZN (OAI21_X1)                              |        | 0.002       | 0.000      | 0.026      |             | 0.029  | 1.132f          |
| u_core.u_branch_predictor.u_btb.entry_array_q[2]_4__OAI21_X1_B1_ZN (net)                                   | 1      |             |            |            | 0.000       |        |                 |
| u_core.u_branch_predictor.u_btb.entry_array_q[0]_4__NOR2_X1_A2_ZN_OAI22_X1_A2:B2 (OAI22_X1)                |        | 0.002       | 0.000      | 0.026      |             | 0.000  | 1.132f          |
| u_core.u_branch_predictor.u_btb.entry_array_q[0]_4__NOR2_X1_A2_ZN_OAI22_X1_A2:ZN (OAI22_X1)                |        | 0.002       | 0.000      | 0.031      |             | 0.049  | 1.182r          |
| u_core.u_branch_predictor.u_btb.entry_array_q[0]_4__NOR2_X1_A2_ZN_OAI22_X1_A2_ZN (net)                     | 1      |             |            |            | 0.000       |        |                 |
| u_core.u_branch_predictor.u_btb.entry_array_q[7]_4__NOR2_X1_A2_ZN_OAI221_X1_B1_ZN_OAI21_X1_A:B1 (OAI21_X1) |        | 0.002       | 0.000      | 0.031      |             | 0.000  | 1.182r          |
| u_core.u_branch_predictor.u_btb.entry_array_q[7]_4__NOR2_X1_A2_ZN_OAI221_X1_B1_ZN_OAI21_X1_A:ZN (OAI21_X1) |        | 0.001       | 0.000      | 0.026      |             | 0.019  | 1.201f          |
| u_core.u_branch_predictor.u_btb.entry_array_q[7]_4__NOR2_X1_A2_ZN_OAI221_X1_B1_ZN_OAI21_X1_A_ZN (net)      | 1      |             |            |            | 0.000       |        |                 |
| u_core.next_pc_predictor_prediction_2__reg_p_D_NOR4_X1_ZN_A2_OAI21_X1_ZN_A_OAI221_X1_ZN:C1 (OAI221_X1)     |        | 0.002       | 0.000      | 0.026      |             | 0.000  | 1.201f          |
| u_core.next_pc_predictor_prediction_2__reg_p_D_NOR4_X1_ZN_A2_OAI21_X1_ZN_A_OAI221_X1_ZN:ZN (OAI221_X1)     |        | 0.002       | 0.000      | 0.037      |             | 0.039  | 1.240r          |
| u_core.next_pc_predictor_prediction_2__reg_p_D_NOR4_X1_ZN_A2_OAI21_X1_ZN_A (net)                           | 1      |             |            |            | 0.000       |        |                 |
| u_core.next_pc_predictor_prediction_2__reg_p_D_NOR4_X1_ZN_A2_OAI21_X1_ZN:A (OAI21_X1)                      |        | 0.002       | 0.000      | 0.037      |             | 0.000  | 1.240r          |
| u_core.next_pc_predictor_prediction_2__reg_p_D_NOR4_X1_ZN_A2_OAI21_X1_ZN:ZN (OAI21_X1)                     |        | 0.001       | 0.000      | 0.027      |             | 0.025  | 1.265f          |
| u_core.next_pc_predictor_prediction_2__reg_p_D_NOR4_X1_ZN_A2 (net)                                         | 1      |             |            |            | 0.000       |        |                 |
| u_core.next_pc_predictor_prediction_2__reg_p_D_NOR4_X1_ZN:A2 (NOR4_X1)                                     |        | 0.002       | 0.000      | 0.027      |             | 0.000  | 1.265f          |
| u_core.next_pc_predictor_prediction_2__reg_p_D_NOR4_X1_ZN:ZN (NOR4_X1)                                     |        | 0.001       | 0.000      | 0.045      |             | 0.073  | 1.339r          |
| u_core.next_pc_predictor_prediction_2__reg_p_D (net)                                                       | 1      |             |            |            | 0.000       |        |                 |
| u_core.next_pc_predictor_prediction_2__reg_p:D (DFF_X1)                                                    |        | 0.001       | 0.000      | 0.045      |             | 0.000  | 1.339r          |
|                                                                                                            |        |             |            |            |             |        |                 |
| clk_i (port)                                                                                               |        | 1.028       | 0.000      | 0.100      |             | 0.000  | 0.000r          |
| clk_i (clock net)                                                                                          | 632    |             |            |            | NA          |        |                 |
| u_core.u_branch_predictor.request_handshake_CLKGATE_X1_E:CK (CLKGATE_X1)                                   |        | 0.002       | 0.000      | 0.000      |             | 0.000  | 0.000r          |
| u_core.u_branch_predictor.request_handshake_CLKGATE_X1_E:GCK (CLKGATE_X1)                                  |        | 0.064       | 0.000      | 0.000      |             | 0.000  | 0.000r          |
| u_core.next_pc_predictor_prediction_0__reg_p_CK (clock net)                                                | 67     |             |            |            | NA          |        |                 |
| u_core.next_pc_predictor_prediction_2__reg_p:CK (DFF_X1)                                                   |        | 0.001       | 0.000      | 0.000      |             | 0.000  | 0.000r          |
| clock core_clock (rise edge)                                                                               |        |             |            |            |             | 1.428  | 1.428           |
| clock network delay (ideal)                                                                                |        |             |            |            |             | 0.000  | 1.428           |
| u_core.next_pc_predictor_prediction_2__reg_p:CK (DFF_X1)                                                   |        |             |            |            |             |        | 1.428r          |
| library setup time                                                                                         |        |             |            |            |             | -0.041 | 1.387           |
| clock reconvergence pessimism                                                                              |        |             |            |            |             | 0.000  | 1.387           |
|                                                                                                            |        |             |            |            |             |        |                 |
| path cell delay                                                                                            |        |             |            |            |             |        | 1.339(100.000%) |
| path net delay                                                                                             |        |             |            |            |             |        | 0.000(0.000%)   |
|                                                                                                            |        |             |            |            |             |        |                 |
| data require time                                                                                          |        |             |            |            |             |        | 1.387           |
| data arrival time                                                                                          |        |             |            |            |             |        | 1.339           |
| slack (MET)                                                                                                |        |             |            |            |             |        | 0.048           |
+------------------------------------------------------------------------------------------------------------+--------+-------------+------------+------------+-------------+--------+-----------------+
+-------------------------------------------------------------------------------------------------------------+--------+-------------+------------+------------+-------------+--------+-----------------+
| Point                                                                                                       | Fanout | Capacitance | Resistance | Transition | Delta Delay | Incr   | Path            |
+-------------------------------------------------------------------------------------------------------------+--------+-------------+------------+------------+-------------+--------+-----------------+
| clk_i (port)                                                                                                |        | 1.028       | 0.000      | 0.100      |             | 0.000  | 0.000r          |
| clk_i (clock net)                                                                                           | 632    |             |            |            | NA          |        |                 |
| u_core.next_pc_predictor_lookup_request_pc_2__reg_p_CK_CLKGATE_X1_GCK:CK (CLKGATE_X1)                       |        | 0.002       | 0.000      | 0.000      |             | 0.000  | 0.000r          |
| u_core.next_pc_predictor_lookup_request_pc_2__reg_p_CK_CLKGATE_X1_GCK:GCK (CLKGATE_X1)                      |        | 0.029       | 0.000      | 0.000      |             | 0.000  | 0.000r          |
| u_core.next_pc_predictor_lookup_request_pc_2__reg_p_CK (clock net)                                          | 30     |             |            |            | NA          |        |                 |
| u_core.next_pc_predictor_lookup_request_pc_2__reg_p:CK (DFFR_X1)                                            |        | 0.001       | 0.000      | 0.000      |             | 0.000  | 0.000r          |
| clock core_clock (rise edge)                                                                                |        |             |            |            |             | 0      | 0               |
| clock network delay (ideal)                                                                                 |        |             |            |            |             | 0.000  | 0.000           |
| u_core.next_pc_predictor_lookup_request_pc_2__reg_p:CK (DFFR_X1)                                            |        | 0.001       | 0.000      | 0.000      |             | 0.000  | 0.000r          |
| u_core.next_pc_predictor_lookup_request_pc_2__reg_p:Q (DFFR_X1)                                             |        | 0.028       | 0.000      | 0.069      |             | 0.163  | 0.163r          |
| u_core.next_pc_predictor_lookup_request_pc_2_ (net)                                                         | 18     |             |            |            | 0.000       |        |                 |
| u_core.next_pc_predictor_lookup_request_pc_2__BUF_X1_A_1:A (BUF_X1)                                         |        | 0.001       | 0.000      | 0.069      |             | 0.000  | 0.163r          |
| u_core.next_pc_predictor_lookup_request_pc_2__BUF_X1_A_1:Z (BUF_X1)                                         |        | 0.038       | 0.000      | 0.090      |             | 0.120  | 0.283r          |
| u_core.next_pc_predictor_lookup_request_pc_2__BUF_X1_A_1_Z (net)                                            | 24     |             |            |            | 0.000       |        |                 |
| u_core.next_pc_predictor_lookup_request_pc_2__BUF_X1_A_1_Z_BUF_X1_A_2:A (BUF_X1)                            |        | 0.001       | 0.000      | 0.090      |             | 0.000  | 0.283r          |
| u_core.next_pc_predictor_lookup_request_pc_2__BUF_X1_A_1_Z_BUF_X1_A_2:Z (BUF_X1)                            |        | 0.038       | 0.000      | 0.092      |             | 0.124  | 0.407r          |
| u_core.u_branch_predictor.u_btb.entry_array_q[0]_55__MUX2_X1_A_S (net)                                      | 24     |             |            |            | 0.000       |        |                 |
| u_core.u_branch_predictor.u_btb.entry_array_q[0]_55__MUX2_X1_A_S_BUF_X1_A_1:A (BUF_X1)                      |        | 0.001       | 0.000      | 0.092      |             | 0.000  | 0.407r          |
| u_core.u_branch_predictor.u_btb.entry_array_q[0]_55__MUX2_X1_A_S_BUF_X1_A_1:Z (BUF_X1)                      |        | 0.039       | 0.000      | 0.092      |             | 0.124  | 0.530r          |
| u_core.u_branch_predictor.u_btb.entry_array_q[4]_50__MUX2_X1_A_S (net)                                      | 24     |             |            |            | 0.000       |        |                 |
| u_core.u_branch_predictor.u_btb.entry_array_q[4]_50__MUX2_X1_A_S_BUF_X1_A:A (BUF_X1)                        |        | 0.001       | 0.000      | 0.092      |             | 0.000  | 0.530r          |
| u_core.u_branch_predictor.u_btb.entry_array_q[4]_50__MUX2_X1_A_S_BUF_X1_A:Z (BUF_X1)                        |        | 0.039       | 0.000      | 0.092      |             | 0.124  | 0.654r          |
| u_core.u_branch_predictor.u_btb.entry_array_q[7]_58__NAND2_X1_A2_A1 (net)                                   | 24     |             |            |            | 0.000       |        |                 |
| u_core.u_branch_predictor.u_btb.entry_array_q[0]_63__MUX2_X1_A_S_BUF_X1_Z:A (BUF_X1)                        |        | 0.001       | 0.000      | 0.092      |             | 0.000  | 0.654r          |
| u_core.u_branch_predictor.u_btb.entry_array_q[0]_63__MUX2_X1_A_S_BUF_X1_Z:Z (BUF_X1)                        |        | 0.041       | 0.000      | 0.096      |             | 0.129  | 0.783r          |
| u_core.u_branch_predictor.u_btb.entry_array_q[0]_63__MUX2_X1_A_S (net)                                      | 24     |             |            |            | 0.000       |        |                 |
| u_core.u_branch_predictor.u_btb.entry_array_q[0]_63__MUX2_X1_A_S_BUF_X2_A:A (BUF_X2)                        |        | 0.002       | 0.000      | 0.096      |             | 0.000  | 0.783r          |
| u_core.u_branch_predictor.u_btb.entry_array_q[0]_63__MUX2_X1_A_S_BUF_X2_A:Z (BUF_X2)                        |        | 0.033       | 0.000      | 0.042      |             | 0.070  | 0.853r          |
| u_core.u_branch_predictor.u_btb.entry_array_q[6]_3__OAI21_X1_B1_B2 (net)                                    | 24     |             |            |            | 0.000       |        |                 |
| u_core.u_branch_predictor.u_btb.entry_array_q[6]_3__OAI21_X1_B1_B2_BUF_X1_A_5:A (BUF_X1)                    |        | 0.001       | 0.000      | 0.042      |             | 0.000  | 0.853r          |
| u_core.u_branch_predictor.u_btb.entry_array_q[6]_3__OAI21_X1_B1_B2_BUF_X1_A_5:Z (BUF_X1)                    |        | 0.040       | 0.000      | 0.094      |             | 0.122  | 0.975r          |
| u_core.u_branch_predictor.u_btb.entry_array_q[5]_66__reg_p_QN_AOI21_X1_B1_B2 (net)                          | 24     |             |            |            | 0.000       |        |                 |
| u_core.u_branch_predictor.u_btb.entry_array_q[0]_4__NOR2_X1_A2_A1_BUF_X1_Z:A (BUF_X1)                       |        | 0.001       | 0.000      | 0.094      |             | 0.000  | 0.975r          |
| u_core.u_branch_predictor.u_btb.entry_array_q[0]_4__NOR2_X1_A2_A1_BUF_X1_Z:Z (BUF_X1)                       |        | 0.041       | 0.000      | 0.096      |             | 0.129  | 1.104r          |
| u_core.u_branch_predictor.u_btb.entry_array_q[0]_4__NOR2_X1_A2_A1 (net)                                     | 24     |             |            |            | 0.000       |        |                 |
| u_core.u_branch_predictor.u_btb.entry_array_q[6]_16__OAI21_X1_B1:B2 (OAI21_X1)                              |        | 0.002       | 0.000      | 0.096      |             | 0.000  | 1.104r          |
| u_core.u_branch_predictor.u_btb.entry_array_q[6]_16__OAI21_X1_B1:ZN (OAI21_X1)                              |        | 0.002       | 0.000      | 0.026      |             | 0.029  | 1.132f          |
| u_core.u_branch_predictor.u_btb.entry_array_q[6]_16__OAI21_X1_B1_ZN (net)                                   | 1      |             |            |            | 0.000       |        |                 |
| u_core.u_branch_predictor.u_btb.entry_array_q[5]_16__NOR2_X1_A2_ZN_OAI22_X1_A2:B2 (OAI22_X1)                |        | 0.002       | 0.000      | 0.026      |             | 0.000  | 1.132f          |
| u_core.u_branch_predictor.u_btb.entry_array_q[5]_16__NOR2_X1_A2_ZN_OAI22_X1_A2:ZN (OAI22_X1)                |        | 0.002       | 0.000      | 0.031      |             | 0.049  | 1.182r          |
| u_core.u_branch_predictor.u_btb.entry_array_q[5]_16__NOR2_X1_A2_ZN_OAI22_X1_A2_ZN (net)                     | 1      |             |            |            | 0.000       |        |                 |
| u_core.u_branch_predictor.u_btb.entry_array_q[3]_16__NOR2_X1_A2_ZN_OAI221_X1_B1_ZN_OAI21_X1_A:B1 (OAI21_X1) |        | 0.002       | 0.000      | 0.031      |             | 0.000  | 1.182r          |
| u_core.u_branch_predictor.u_btb.entry_array_q[3]_16__NOR2_X1_A2_ZN_OAI221_X1_B1_ZN_OAI21_X1_A:ZN (OAI21_X1) |        | 0.001       | 0.000      | 0.024      |             | 0.019  | 1.201f          |
| u_core.u_branch_predictor.u_btb.entry_array_q[3]_16__NOR2_X1_A2_ZN_OAI221_X1_B1_ZN_OAI21_X1_A_ZN (net)      | 1      |             |            |            | 0.000       |        |                 |
| u_core.next_pc_predictor_prediction_14__reg_p_D_NOR4_X1_ZN_A2_OAI21_X1_ZN_A_OAI221_X1_ZN:C1 (OAI221_X1)     |        | 0.002       | 0.000      | 0.024      |             | 0.000  | 1.201f          |
| u_core.next_pc_predictor_prediction_14__reg_p_D_NOR4_X1_ZN_A2_OAI21_X1_ZN_A_OAI221_X1_ZN:ZN (OAI221_X1)     |        | 0.002       | 0.000      | 0.037      |             | 0.038  | 1.239r          |
| u_core.next_pc_predictor_prediction_14__reg_p_D_NOR4_X1_ZN_A2_OAI21_X1_ZN_A (net)                           | 1      |             |            |            | 0.000       |        |                 |
| u_core.next_pc_predictor_prediction_14__reg_p_D_NOR4_X1_ZN_A2_OAI21_X1_ZN:A (OAI21_X1)                      |        | 0.002       | 0.000      | 0.037      |             | 0.000  | 1.239r          |
| u_core.next_pc_predictor_prediction_14__reg_p_D_NOR4_X1_ZN_A2_OAI21_X1_ZN:ZN (OAI21_X1)                     |        | 0.001       | 0.000      | 0.027      |             | 0.025  | 1.265f          |
| u_core.next_pc_predictor_prediction_14__reg_p_D_NOR4_X1_ZN_A2 (net)                                         | 1      |             |            |            | 0.000       |        |                 |
| u_core.next_pc_predictor_prediction_14__reg_p_D_NOR4_X1_ZN:A2 (NOR4_X1)                                     |        | 0.002       | 0.000      | 0.027      |             | 0.000  | 1.265f          |
| u_core.next_pc_predictor_prediction_14__reg_p_D_NOR4_X1_ZN:ZN (NOR4_X1)                                     |        | 0.001       | 0.000      | 0.045      |             | 0.073  | 1.338r          |
| u_core.next_pc_predictor_prediction_14__reg_p_D (net)                                                       | 1      |             |            |            | 0.000       |        |                 |
| u_core.next_pc_predictor_prediction_14__reg_p:D (DFF_X1)                                                    |        | 0.001       | 0.000      | 0.045      |             | 0.000  | 1.338r          |
|                                                                                                             |        |             |            |            |             |        |                 |
| clk_i (port)                                                                                                |        | 1.028       | 0.000      | 0.100      |             | 0.000  | 0.000r          |
| clk_i (clock net)                                                                                           | 632    |             |            |            | NA          |        |                 |
| u_core.u_branch_predictor.request_handshake_CLKGATE_X1_E:CK (CLKGATE_X1)                                    |        | 0.002       | 0.000      | 0.000      |             | 0.000  | 0.000r          |
| u_core.u_branch_predictor.request_handshake_CLKGATE_X1_E:GCK (CLKGATE_X1)                                   |        | 0.064       | 0.000      | 0.000      |             | 0.000  | 0.000r          |
| u_core.next_pc_predictor_prediction_0__reg_p_CK (clock net)                                                 | 67     |             |            |            | NA          |        |                 |
| u_core.next_pc_predictor_prediction_14__reg_p:CK (DFF_X1)                                                   |        | 0.001       | 0.000      | 0.000      |             | 0.000  | 0.000r          |
| clock core_clock (rise edge)                                                                                |        |             |            |            |             | 1.428  | 1.428           |
| clock network delay (ideal)                                                                                 |        |             |            |            |             | 0.000  | 1.428           |
| u_core.next_pc_predictor_prediction_14__reg_p:CK (DFF_X1)                                                   |        |             |            |            |             |        | 1.428r          |
| library setup time                                                                                          |        |             |            |            |             | -0.041 | 1.387           |
| clock reconvergence pessimism                                                                               |        |             |            |            |             | 0.000  | 1.387           |
|                                                                                                             |        |             |            |            |             |        |                 |
| path cell delay                                                                                             |        |             |            |            |             |        | 1.338(100.000%) |
| path net delay                                                                                              |        |             |            |            |             |        | 0.000(0.000%)   |
|                                                                                                             |        |             |            |            |             |        |                 |
| data require time                                                                                           |        |             |            |            |             |        | 1.387           |
| data arrival time                                                                                           |        |             |            |            |             |        | 1.338           |
| slack (MET)                                                                                                 |        |             |            |            |             |        | 0.049           |
+-------------------------------------------------------------------------------------------------------------+--------+-------------+------------+------------+-------------+--------+-----------------+
+-------------------------------------------------------------------------------------------------------------+--------+-------------+------------+------------+-------------+--------+-----------------+
| Point                                                                                                       | Fanout | Capacitance | Resistance | Transition | Delta Delay | Incr   | Path            |
+-------------------------------------------------------------------------------------------------------------+--------+-------------+------------+------------+-------------+--------+-----------------+
| clk_i (port)                                                                                                |        | 1.028       | 0.000      | 0.100      |             | 0.000  | 0.000r          |
| clk_i (clock net)                                                                                           | 632    |             |            |            | NA          |        |                 |
| u_core.next_pc_predictor_lookup_request_pc_2__reg_p_CK_CLKGATE_X1_GCK:CK (CLKGATE_X1)                       |        | 0.002       | 0.000      | 0.000      |             | 0.000  | 0.000r          |
| u_core.next_pc_predictor_lookup_request_pc_2__reg_p_CK_CLKGATE_X1_GCK:GCK (CLKGATE_X1)                      |        | 0.029       | 0.000      | 0.000      |             | 0.000  | 0.000r          |
| u_core.next_pc_predictor_lookup_request_pc_2__reg_p_CK (clock net)                                          | 30     |             |            |            | NA          |        |                 |
| u_core.next_pc_predictor_lookup_request_pc_2__reg_p:CK (DFFR_X1)                                            |        | 0.001       | 0.000      | 0.000      |             | 0.000  | 0.000r          |
| clock core_clock (rise edge)                                                                                |        |             |            |            |             | 0      | 0               |
| clock network delay (ideal)                                                                                 |        |             |            |            |             | 0.000  | 0.000           |
| u_core.next_pc_predictor_lookup_request_pc_2__reg_p:CK (DFFR_X1)                                            |        | 0.001       | 0.000      | 0.000      |             | 0.000  | 0.000r          |
| u_core.next_pc_predictor_lookup_request_pc_2__reg_p:Q (DFFR_X1)                                             |        | 0.028       | 0.000      | 0.069      |             | 0.163  | 0.163r          |
| u_core.next_pc_predictor_lookup_request_pc_2_ (net)                                                         | 18     |             |            |            | 0.000       |        |                 |
| u_core.next_pc_predictor_lookup_request_pc_2__BUF_X1_A_1:A (BUF_X1)                                         |        | 0.001       | 0.000      | 0.069      |             | 0.000  | 0.163r          |
| u_core.next_pc_predictor_lookup_request_pc_2__BUF_X1_A_1:Z (BUF_X1)                                         |        | 0.038       | 0.000      | 0.090      |             | 0.120  | 0.283r          |
| u_core.next_pc_predictor_lookup_request_pc_2__BUF_X1_A_1_Z (net)                                            | 24     |             |            |            | 0.000       |        |                 |
| u_core.next_pc_predictor_lookup_request_pc_2__BUF_X1_A_1_Z_BUF_X1_A_2:A (BUF_X1)                            |        | 0.001       | 0.000      | 0.090      |             | 0.000  | 0.283r          |
| u_core.next_pc_predictor_lookup_request_pc_2__BUF_X1_A_1_Z_BUF_X1_A_2:Z (BUF_X1)                            |        | 0.038       | 0.000      | 0.092      |             | 0.124  | 0.407r          |
| u_core.u_branch_predictor.u_btb.entry_array_q[0]_55__MUX2_X1_A_S (net)                                      | 24     |             |            |            | 0.000       |        |                 |
| u_core.u_branch_predictor.u_btb.entry_array_q[0]_55__MUX2_X1_A_S_BUF_X1_A_1:A (BUF_X1)                      |        | 0.001       | 0.000      | 0.092      |             | 0.000  | 0.407r          |
| u_core.u_branch_predictor.u_btb.entry_array_q[0]_55__MUX2_X1_A_S_BUF_X1_A_1:Z (BUF_X1)                      |        | 0.039       | 0.000      | 0.092      |             | 0.124  | 0.530r          |
| u_core.u_branch_predictor.u_btb.entry_array_q[4]_50__MUX2_X1_A_S (net)                                      | 24     |             |            |            | 0.000       |        |                 |
| u_core.u_branch_predictor.u_btb.entry_array_q[4]_50__MUX2_X1_A_S_BUF_X1_A:A (BUF_X1)                        |        | 0.001       | 0.000      | 0.092      |             | 0.000  | 0.530r          |
| u_core.u_branch_predictor.u_btb.entry_array_q[4]_50__MUX2_X1_A_S_BUF_X1_A:Z (BUF_X1)                        |        | 0.039       | 0.000      | 0.092      |             | 0.124  | 0.654r          |
| u_core.u_branch_predictor.u_btb.entry_array_q[7]_58__NAND2_X1_A2_A1 (net)                                   | 24     |             |            |            | 0.000       |        |                 |
| u_core.u_branch_predictor.u_btb.entry_array_q[0]_63__MUX2_X1_A_S_BUF_X1_Z:A (BUF_X1)                        |        | 0.001       | 0.000      | 0.092      |             | 0.000  | 0.654r          |
| u_core.u_branch_predictor.u_btb.entry_array_q[0]_63__MUX2_X1_A_S_BUF_X1_Z:Z (BUF_X1)                        |        | 0.041       | 0.000      | 0.096      |             | 0.129  | 0.783r          |
| u_core.u_branch_predictor.u_btb.entry_array_q[0]_63__MUX2_X1_A_S (net)                                      | 24     |             |            |            | 0.000       |        |                 |
| u_core.u_branch_predictor.u_btb.entry_array_q[0]_63__MUX2_X1_A_S_BUF_X2_A:A (BUF_X2)                        |        | 0.002       | 0.000      | 0.096      |             | 0.000  | 0.783r          |
| u_core.u_branch_predictor.u_btb.entry_array_q[0]_63__MUX2_X1_A_S_BUF_X2_A:Z (BUF_X2)                        |        | 0.033       | 0.000      | 0.042      |             | 0.070  | 0.853r          |
| u_core.u_branch_predictor.u_btb.entry_array_q[6]_3__OAI21_X1_B1_B2 (net)                                    | 24     |             |            |            | 0.000       |        |                 |
| u_core.u_branch_predictor.u_btb.entry_array_q[6]_3__OAI21_X1_B1_B2_BUF_X1_A_5:A (BUF_X1)                    |        | 0.001       | 0.000      | 0.042      |             | 0.000  | 0.853r          |
| u_core.u_branch_predictor.u_btb.entry_array_q[6]_3__OAI21_X1_B1_B2_BUF_X1_A_5:Z (BUF_X1)                    |        | 0.040       | 0.000      | 0.094      |             | 0.122  | 0.975r          |
| u_core.u_branch_predictor.u_btb.entry_array_q[5]_66__reg_p_QN_AOI21_X1_B1_B2 (net)                          | 24     |             |            |            | 0.000       |        |                 |
| u_core.u_branch_predictor.u_btb.entry_array_q[0]_4__NOR2_X1_A2_A1_BUF_X1_Z:A (BUF_X1)                       |        | 0.001       | 0.000      | 0.094      |             | 0.000  | 0.975r          |
| u_core.u_branch_predictor.u_btb.entry_array_q[0]_4__NOR2_X1_A2_A1_BUF_X1_Z:Z (BUF_X1)                       |        | 0.041       | 0.000      | 0.096      |             | 0.129  | 1.104r          |
| u_core.u_branch_predictor.u_btb.entry_array_q[0]_4__NOR2_X1_A2_A1 (net)                                     | 24     |             |            |            | 0.000       |        |                 |
| u_core.u_branch_predictor.u_btb.entry_array_q[6]_16__OAI21_X1_B1:B2 (OAI21_X1)                              |        | 0.002       | 0.000      | 0.096      |             | 0.000  | 1.104r          |
| u_core.u_branch_predictor.u_btb.entry_array_q[6]_16__OAI21_X1_B1:ZN (OAI21_X1)                              |        | 0.002       | 0.000      | 0.026      |             | 0.029  | 1.132f          |
| u_core.u_branch_predictor.u_btb.entry_array_q[6]_16__OAI21_X1_B1_ZN (net)                                   | 1      |             |            |            | 0.000       |        |                 |
| u_core.u_branch_predictor.u_btb.entry_array_q[5]_16__NOR2_X1_A2_ZN_OAI22_X1_A2:B2 (OAI22_X1)                |        | 0.002       | 0.000      | 0.026      |             | 0.000  | 1.132f          |
| u_core.u_branch_predictor.u_btb.entry_array_q[5]_16__NOR2_X1_A2_ZN_OAI22_X1_A2:ZN (OAI22_X1)                |        | 0.002       | 0.000      | 0.031      |             | 0.049  | 1.182r          |
| u_core.u_branch_predictor.u_btb.entry_array_q[5]_16__NOR2_X1_A2_ZN_OAI22_X1_A2_ZN (net)                     | 1      |             |            |            | 0.000       |        |                 |
| u_core.u_branch_predictor.u_btb.entry_array_q[3]_16__NOR2_X1_A2_ZN_OAI221_X1_B1_ZN_OAI21_X1_A:B1 (OAI21_X1) |        | 0.002       | 0.000      | 0.031      |             | 0.000  | 1.182r          |
| u_core.u_branch_predictor.u_btb.entry_array_q[3]_16__NOR2_X1_A2_ZN_OAI221_X1_B1_ZN_OAI21_X1_A:ZN (OAI21_X1) |        | 0.001       | 0.000      | 0.024      |             | 0.019  | 1.201f          |
| u_core.u_branch_predictor.u_btb.entry_array_q[3]_16__NOR2_X1_A2_ZN_OAI221_X1_B1_ZN_OAI21_X1_A_ZN (net)      | 1      |             |            |            | 0.000       |        |                 |
| u_core.next_pc_predictor_prediction_14__reg_p_D_NOR4_X1_ZN_A2_OAI21_X1_ZN_A_OAI221_X1_ZN:C1 (OAI221_X1)     |        | 0.002       | 0.000      | 0.024      |             | 0.000  | 1.201f          |
| u_core.next_pc_predictor_prediction_14__reg_p_D_NOR4_X1_ZN_A2_OAI21_X1_ZN_A_OAI221_X1_ZN:ZN (OAI221_X1)     |        | 0.002       | 0.000      | 0.037      |             | 0.038  | 1.239r          |
| u_core.next_pc_predictor_prediction_14__reg_p_D_NOR4_X1_ZN_A2_OAI21_X1_ZN_A (net)                           | 1      |             |            |            | 0.000       |        |                 |
| u_core.next_pc_predictor_prediction_14__reg_p_D_NOR4_X1_ZN_A2_OAI21_X1_ZN:A (OAI21_X1)                      |        | 0.002       | 0.000      | 0.037      |             | 0.000  | 1.239r          |
| u_core.next_pc_predictor_prediction_14__reg_p_D_NOR4_X1_ZN_A2_OAI21_X1_ZN:ZN (OAI21_X1)                     |        | 0.001       | 0.000      | 0.027      |             | 0.025  | 1.265f          |
| u_core.next_pc_predictor_prediction_14__reg_p_D_NOR4_X1_ZN_A2 (net)                                         | 1      |             |            |            | 0.000       |        |                 |
| u_core.next_pc_predictor_prediction_14__reg_p_D_NOR4_X1_ZN:A2 (NOR4_X1)                                     |        | 0.002       | 0.000      | 0.027      |             | 0.000  | 1.265f          |
| u_core.next_pc_predictor_prediction_14__reg_p_D_NOR4_X1_ZN:ZN (NOR4_X1)                                     |        | 0.001       | 0.000      | 0.045      |             | 0.073  | 1.338r          |
| u_core.next_pc_predictor_prediction_14__reg_p_D (net)                                                       | 1      |             |            |            | 0.000       |        |                 |
| u_core.next_pc_predictor_prediction_14__reg_p:D (DFF_X1)                                                    |        | 0.001       | 0.000      | 0.045      |             | 0.000  | 1.338r          |
|                                                                                                             |        |             |            |            |             |        |                 |
| clk_i (port)                                                                                                |        | 1.028       | 0.000      | 0.100      |             | 0.000  | 0.000r          |
| clk_i (clock net)                                                                                           | 632    |             |            |            | NA          |        |                 |
| u_core.u_branch_predictor.request_handshake_CLKGATE_X1_E:CK (CLKGATE_X1)                                    |        | 0.002       | 0.000      | 0.000      |             | 0.000  | 0.000r          |
| u_core.u_branch_predictor.request_handshake_CLKGATE_X1_E:GCK (CLKGATE_X1)                                   |        | 0.064       | 0.000      | 0.000      |             | 0.000  | 0.000r          |
| u_core.next_pc_predictor_prediction_0__reg_p_CK (clock net)                                                 | 67     |             |            |            | NA          |        |                 |
| u_core.next_pc_predictor_prediction_14__reg_p:CK (DFF_X1)                                                   |        | 0.001       | 0.000      | 0.000      |             | 0.000  | 0.000r          |
| clock core_clock (rise edge)                                                                                |        |             |            |            |             | 1.428  | 1.428           |
| clock network delay (ideal)                                                                                 |        |             |            |            |             | 0.000  | 1.428           |
| u_core.next_pc_predictor_prediction_14__reg_p:CK (DFF_X1)                                                   |        |             |            |            |             |        | 1.428r          |
| library setup time                                                                                          |        |             |            |            |             | -0.041 | 1.387           |
| clock reconvergence pessimism                                                                               |        |             |            |            |             | 0.000  | 1.387           |
|                                                                                                             |        |             |            |            |             |        |                 |
| path cell delay                                                                                             |        |             |            |            |             |        | 1.338(100.000%) |
| path net delay                                                                                              |        |             |            |            |             |        | 0.000(0.000%)   |
|                                                                                                             |        |             |            |            |             |        |                 |
| data require time                                                                                           |        |             |            |            |             |        | 1.387           |
| data arrival time                                                                                           |        |             |            |            |             |        | 1.338           |
| slack (MET)                                                                                                 |        |             |            |            |             |        | 0.049           |
+-------------------------------------------------------------------------------------------------------------+--------+-------------+------------+------------+-------------+--------+-----------------+
+------------------------------------------------------------------------------------------------------------------------------------------------+--------+-------------+------------+------------+-------------+--------+-----------------+
| Point                                                                                                                                          | Fanout | Capacitance | Resistance | Transition | Delta Delay | Incr   | Path            |
+------------------------------------------------------------------------------------------------------------------------------------------------+--------+-------------+------------+------------+-------------+--------+-----------------+
| clk_i (port)                                                                                                                                   |        | 1.028       | 0.000      | 0.100      |             | 0.000  | 0.000r          |
| clk_i (clock net)                                                                                                                              | 632    |             |            |            | NA          |        |                 |
| u_core.next_pc_predictor_lookup_request_pc_2__reg_p_CK_CLKGATE_X1_GCK:CK (CLKGATE_X1)                                                          |        | 0.002       | 0.000      | 0.000      |             | 0.000  | 0.000r          |
| u_core.next_pc_predictor_lookup_request_pc_2__reg_p_CK_CLKGATE_X1_GCK:GCK (CLKGATE_X1)                                                         |        | 0.029       | 0.000      | 0.000      |             | 0.000  | 0.000r          |
| u_core.next_pc_predictor_lookup_request_pc_2__reg_p_CK (clock net)                                                                             | 30     |             |            |            | NA          |        |                 |
| u_core.next_pc_predictor_lookup_request_pc_2__reg_p:CK (DFFR_X1)                                                                               |        | 0.001       | 0.000      | 0.000      |             | 0.000  | 0.000r          |
| clock core_clock (rise edge)                                                                                                                   |        |             |            |            |             | 0      | 0               |
| clock network delay (ideal)                                                                                                                    |        |             |            |            |             | 0.000  | 0.000           |
| u_core.next_pc_predictor_lookup_request_pc_2__reg_p:CK (DFFR_X1)                                                                               |        | 0.001       | 0.000      | 0.000      |             | 0.000  | 0.000r          |
| u_core.next_pc_predictor_lookup_request_pc_2__reg_p:Q (DFFR_X1)                                                                                |        | 0.028       | 0.000      | 0.069      |             | 0.163  | 0.163r          |
| u_core.next_pc_predictor_lookup_request_pc_2_ (net)                                                                                            | 18     |             |            |            | 0.000       |        |                 |
| u_core.next_pc_predictor_lookup_request_pc_2__BUF_X1_A_1:A (BUF_X1)                                                                            |        | 0.001       | 0.000      | 0.069      |             | 0.000  | 0.163r          |
| u_core.next_pc_predictor_lookup_request_pc_2__BUF_X1_A_1:Z (BUF_X1)                                                                            |        | 0.038       | 0.000      | 0.090      |             | 0.120  | 0.283r          |
| u_core.next_pc_predictor_lookup_request_pc_2__BUF_X1_A_1_Z (net)                                                                               | 24     |             |            |            | 0.000       |        |                 |
| u_core.next_pc_predictor_lookup_request_pc_2__BUF_X1_A_1_Z_BUF_X1_A_2:A (BUF_X1)                                                               |        | 0.001       | 0.000      | 0.090      |             | 0.000  | 0.283r          |
| u_core.next_pc_predictor_lookup_request_pc_2__BUF_X1_A_1_Z_BUF_X1_A_2:Z (BUF_X1)                                                               |        | 0.038       | 0.000      | 0.092      |             | 0.124  | 0.407r          |
| u_core.u_branch_predictor.u_btb.entry_array_q[0]_55__MUX2_X1_A_S (net)                                                                         | 24     |             |            |            | 0.000       |        |                 |
| u_core.u_branch_predictor.u_btb.entry_array_q[0]_55__MUX2_X1_A_S_BUF_X1_A_1:A (BUF_X1)                                                         |        | 0.001       | 0.000      | 0.092      |             | 0.000  | 0.407r          |
| u_core.u_branch_predictor.u_btb.entry_array_q[0]_55__MUX2_X1_A_S_BUF_X1_A_1:Z (BUF_X1)                                                         |        | 0.039       | 0.000      | 0.092      |             | 0.124  | 0.530r          |
| u_core.u_branch_predictor.u_btb.entry_array_q[4]_50__MUX2_X1_A_S (net)                                                                         | 24     |             |            |            | 0.000       |        |                 |
| u_core.u_branch_predictor.u_btb.entry_array_q[4]_50__MUX2_X1_A_S_BUF_X1_A:A (BUF_X1)                                                           |        | 0.001       | 0.000      | 0.092      |             | 0.000  | 0.530r          |
| u_core.u_branch_predictor.u_btb.entry_array_q[4]_50__MUX2_X1_A_S_BUF_X1_A:Z (BUF_X1)                                                           |        | 0.039       | 0.000      | 0.092      |             | 0.124  | 0.654r          |
| u_core.u_branch_predictor.u_btb.entry_array_q[7]_58__NAND2_X1_A2_A1 (net)                                                                      | 24     |             |            |            | 0.000       |        |                 |
| u_core.u_branch_predictor.u_btb.entry_array_q[6]_50__INV_X1_A_ZN_OAI21_X1_B1:B2 (OAI21_X1)                                                     |        | 0.002       | 0.000      | 0.092      |             | 0.000  | 0.654r          |
| u_core.u_branch_predictor.u_btb.entry_array_q[6]_50__INV_X1_A_ZN_OAI21_X1_B1:ZN (OAI21_X1)                                                     |        | 0.002       | 0.000      | 0.025      |             | 0.029  | 0.683f          |
| u_core.u_branch_predictor.u_btb.entry_array_q[6]_50__INV_X1_A_ZN_OAI21_X1_B1_ZN (net)                                                          | 1      |             |            |            | 0.000       |        |                 |
| u_core.u_branch_predictor.u_btb.entry_array_q[4]_50__MUX2_X1_A_Z_OAI211_X1_C2:A (OAI211_X1)                                                    |        | 0.002       | 0.000      | 0.025      |             | 0.000  | 0.683f          |
| u_core.u_branch_predictor.u_btb.entry_array_q[4]_50__MUX2_X1_A_Z_OAI211_X1_C2:ZN (OAI211_X1)                                                   |        | 0.002       | 0.000      | 0.025      |             | 0.029  | 0.712r          |
| u_core.u_branch_predictor.u_btb.entry_array_q[4]_50__MUX2_X1_A_Z_OAI211_X1_C2_ZN (net)                                                         | 1      |             |            |            | 0.000       |        |                 |
| u_core.u_branch_predictor.u_btb.entry_array_q[4]_50__MUX2_X1_A_Z_OAI211_X1_C2_ZN_OAI21_X1_A:A (OAI21_X1)                                       |        | 0.002       | 0.000      | 0.025      |             | 0.000  | 0.712r          |
| u_core.u_branch_predictor.u_btb.entry_array_q[4]_50__MUX2_X1_A_Z_OAI211_X1_C2_ZN_OAI21_X1_A:ZN (OAI21_X1)                                      |        | 0.002       | 0.000      | 0.027      |             | 0.026  | 0.737f          |
| u_core.u_branch_predictor.u_btb.entry_array_q[4]_50__MUX2_X1_A_Z_OAI211_X1_C2_ZN_OAI21_X1_A_ZN (net)                                           | 1      |             |            |            | 0.000       |        |                 |
| u_core.u_branch_predictor.u_btb.entry_array_q[4]_50__MUX2_X1_A_Z_OAI211_X1_C2_ZN_OAI21_X1_A_ZN_XNOR2_X1_B:B (XNOR2_X1)                         |        | 0.003       | 0.000      | 0.027      |             | 0.000  | 0.737f          |
| u_core.u_branch_predictor.u_btb.entry_array_q[4]_50__MUX2_X1_A_Z_OAI211_X1_C2_ZN_OAI21_X1_A_ZN_XNOR2_X1_B:ZN (XNOR2_X1)                        |        | 0.002       | 0.000      | 0.021      |             | 0.040  | 0.778r          |
| u_core.u_branch_predictor.u_btb.entry_array_q[4]_50__MUX2_X1_A_Z_OAI211_X1_C2_ZN_OAI21_X1_A_ZN_XNOR2_X1_B_ZN (net)                             | 1      |             |            |            | 0.000       |        |                 |
| u_core.u_branch_predictor.u_btb.entry_array_q[4]_58__MUX2_X1_A_Z_OAI211_X1_C2_ZN_OAI21_X1_A_ZN_XNOR2_X1_B_ZN_NAND4_X1_A1:A4 (NAND4_X1)         |        | 0.002       | 0.000      | 0.021      |             | 0.000  | 0.778r          |
| u_core.u_branch_predictor.u_btb.entry_array_q[4]_58__MUX2_X1_A_Z_OAI211_X1_C2_ZN_OAI21_X1_A_ZN_XNOR2_X1_B_ZN_NAND4_X1_A1:ZN (NAND4_X1)         |        | 0.001       | 0.000      | 0.014      |             | 0.029  | 0.807f          |
| u_core.u_branch_predictor.u_btb.entry_present_array_q_7__reg_p_QN_MUX2_X1_A_Z_OAI211_X1_C1_ZN_NAND4_X1_A2_ZN_OR4_X1_A4_A1 (net)                | 1      |             |            |            | 0.000       |        |                 |
| u_core.u_branch_predictor.u_btb.entry_present_array_q_7__reg_p_QN_MUX2_X1_A_Z_OAI211_X1_C1_ZN_NAND4_X1_A2_ZN_OR4_X1_A4:A1 (OR4_X1)             |        | 0.001       | 0.000      | 0.014      |             | 0.000  | 0.807f          |
| u_core.u_branch_predictor.u_btb.entry_present_array_q_7__reg_p_QN_MUX2_X1_A_Z_OAI211_X1_C1_ZN_NAND4_X1_A2_ZN_OR4_X1_A4:ZN (OR4_X1)             |        | 0.001       | 0.000      | 0.016      |             | 0.082  | 0.889f          |
| u_core.u_branch_predictor.u_btb.entry_present_array_q_7__reg_p_QN_MUX2_X1_A_Z_OAI211_X1_C1_ZN_NAND4_X1_A2_ZN_OR4_X1_A4_ZN (net)                | 1      |             |            |            | 0.000       |        |                 |
| u_core.u_branch_predictor.u_btb.entry_present_array_q_7__reg_p_QN_MUX2_X1_A_Z_OAI211_X1_C1_ZN_NAND4_X1_A2_ZN_OR4_X1_A4_ZN_BUF_X1_A:A (BUF_X1)  |        | 0.001       | 0.000      | 0.016      |             | 0.000  | 0.889f          |
| u_core.u_branch_predictor.u_btb.entry_present_array_q_7__reg_p_QN_MUX2_X1_A_Z_OAI211_X1_C1_ZN_NAND4_X1_A2_ZN_OR4_X1_A4_ZN_BUF_X1_A:Z (BUF_X1)  |        | 0.016       | 0.000      | 0.021      |             | 0.052  | 0.942f          |
| u_core.u_branch_predictor.u_ras.address_array_q[3]_3__NOR3_X1_A2_ZN_AOI221_X1_A_C2 (net)                                                       | 12     |             |            |            | 0.000       |        |                 |
| u_core.u_branch_predictor.u_btb.entry_array_q[3]_0__NOR2_X1_A2_ZN_OAI221_X1_B1_ZN_OAI21_X1_A_ZN_OAI22_X1_B1:B2 (OAI22_X1)                      |        | 0.002       | 0.000      | 0.021      |             | 0.000  | 0.942f          |
| u_core.u_branch_predictor.u_btb.entry_array_q[3]_0__NOR2_X1_A2_ZN_OAI221_X1_B1_ZN_OAI21_X1_A_ZN_OAI22_X1_B1:ZN (OAI22_X1)                      |        | 0.003       | 0.000      | 0.041      |             | 0.058  | 0.999r          |
| u_core.u_branch_predictor.u_ras.write_index_q_0__reg_p_QN_MUX2_X1_A_B_XNOR2_X1_ZN_B_NAND3_X1_A1_A2 (net)                                       | 2      |             |            |            | 0.000       |        |                 |
| u_core.u_branch_predictor.u_ras.write_index_q_0__reg_p_QN_MUX2_X1_A_B_XNOR2_X1_ZN_B_NAND3_X1_A1:A2 (NAND3_X1)                                  |        | 0.002       | 0.000      | 0.041      |             | 0.000  | 0.999r          |
| u_core.u_branch_predictor.u_ras.write_index_q_0__reg_p_QN_MUX2_X1_A_B_XNOR2_X1_ZN_B_NAND3_X1_A1:ZN (NAND3_X1)                                  |        | 0.001       | 0.000      | 0.013      |             | 0.025  | 1.024f          |
| u_core.u_branch_predictor.u_ras.write_index_q_0__reg_p_QN_MUX2_X1_A_B_XNOR2_X1_ZN_B_NAND3_X1_A1_ZN (net)                                       | 1      |             |            |            | 0.000       |        |                 |
| u_core.u_branch_predictor.u_ras.write_index_q_0__reg_p_QN_MUX2_X1_A_B_XNOR2_X1_ZN_B_NAND3_X1_A1_ZN_BUF_X1_A:A (BUF_X1)                         |        | 0.001       | 0.000      | 0.013      |             | 0.000  | 1.024f          |
| u_core.u_branch_predictor.u_ras.write_index_q_0__reg_p_QN_MUX2_X1_A_B_XNOR2_X1_ZN_B_NAND3_X1_A1_ZN_BUF_X1_A:Z (BUF_X1)                         |        | 0.023       | 0.000      | 0.028      |             | 0.059  | 1.083f          |
| u_core.next_pc_predictor_prediction_23__reg_p_D_AND2_X1_ZN_A2_MUX2_X1_Z_S (net)                                                                | 14     |             |            |            | 0.000       |        |                 |
| u_core.u_branch_predictor.u_btb.entry_array_q[0]_63__MUX2_X1_A_Z_AOI21_X1_B1_ZN_MUX2_X1_A_Z_AOI21_X1_B1_ZN_OAI21_X1_B1:A (OAI21_X1)            |        | 0.002       | 0.000      | 0.028      |             | 0.000  | 1.083f          |
| u_core.u_branch_predictor.u_btb.entry_array_q[0]_63__MUX2_X1_A_Z_AOI21_X1_B1_ZN_MUX2_X1_A_Z_AOI21_X1_B1_ZN_OAI21_X1_B1:ZN (OAI21_X1)           |        | 0.002       | 0.000      | 0.020      |             | 0.029  | 1.112r          |
| u_core.u_branch_predictor.u_btb.entry_array_q[0]_63__MUX2_X1_A_Z_AOI21_X1_B1_ZN_MUX2_X1_A_Z_AOI21_X1_B1_ZN_OAI21_X1_B1_ZN (net)                | 1      |             |            |            | 0.000       |        |                 |
| u_core.u_branch_predictor.u_btb.entry_array_q[0]_63__MUX2_X1_A_Z_AOI21_X1_B1_ZN_MUX2_X1_A_Z_AOI21_X1_B1_ZN_OAI21_X1_B1_ZN_INV_X1_A:A (INV_X1)  |        | 0.002       | 0.000      | 0.020      |             | 0.000  | 1.112r          |
| u_core.u_branch_predictor.u_btb.entry_array_q[0]_63__MUX2_X1_A_Z_AOI21_X1_B1_ZN_MUX2_X1_A_Z_AOI21_X1_B1_ZN_OAI21_X1_B1_ZN_INV_X1_A:ZN (INV_X1) |        | 0.004       | 0.000      | 0.009      |             | 0.016  | 1.127f          |
| u_core.next_pc_predictor_prediction_2__reg_p_D_NOR4_X1_ZN_A3 (net)                                                                             | 3      |             |            |            | 0.000       |        |                 |
| u_core.next_pc_predictor_prediction_2__reg_p_D_NOR4_X1_ZN_A4_NOR3_X1_A1:A2 (NOR3_X1)                                                           |        | 0.002       | 0.000      | 0.009      |             | 0.000  | 1.127f          |
| u_core.next_pc_predictor_prediction_2__reg_p_D_NOR4_X1_ZN_A4_NOR3_X1_A1:ZN (NOR3_X1)                                                           |        | 0.006       | 0.000      | 0.057      |             | 0.079  | 1.206r          |
| u_core.next_pc_predictor_prediction_27__reg_p_D_AND2_X1_ZN_A1 (net)                                                                            | 6      |             |            |            | 0.000       |        |                 |
| u_core.next_pc_predictor_prediction_27__reg_p_D_AND2_X1_ZN_A1_BUF_X1_A:A (BUF_X1)                                                              |        | 0.001       | 0.000      | 0.057      |             | 0.000  | 1.206r          |
| u_core.next_pc_predictor_prediction_27__reg_p_D_AND2_X1_ZN_A1_BUF_X1_A:Z (BUF_X1)                                                              |        | 0.022       | 0.000      | 0.055      |             | 0.083  | 1.289r          |
| u_core.u_branch_predictor.selected_taken (net)                                                                                                 | 24     |             |            |            | 0.000       |        |                 |
| u_core.next_pc_predictor_prediction_6__reg_p_D_AND2_X1_ZN:A1 (AND2_X1)                                                                         |        | 0.001       | 0.000      | 0.055      |             | 0.000  | 1.289r          |
| u_core.next_pc_predictor_prediction_6__reg_p_D_AND2_X1_ZN:ZN (AND2_X1)                                                                         |        | 0.001       | 0.000      | 0.010      |             | 0.044  | 1.333r          |
| u_core.next_pc_predictor_prediction_6__reg_p_D (net)                                                                                           | 1      |             |            |            | 0.000       |        |                 |
| u_core.next_pc_predictor_prediction_6__reg_p:D (DFF_X1)                                                                                        |        | 0.001       | 0.000      | 0.010      |             | 0.000  | 1.333r          |
|                                                                                                                                                |        |             |            |            |             |        |                 |
| clk_i (port)                                                                                                                                   |        | 1.028       | 0.000      | 0.100      |             | 0.000  | 0.000r          |
| clk_i (clock net)                                                                                                                              | 632    |             |            |            | NA          |        |                 |
| u_core.u_branch_predictor.request_handshake_CLKGATE_X1_E:CK (CLKGATE_X1)                                                                       |        | 0.002       | 0.000      | 0.000      |             | 0.000  | 0.000r          |
| u_core.u_branch_predictor.request_handshake_CLKGATE_X1_E:GCK (CLKGATE_X1)                                                                      |        | 0.064       | 0.000      | 0.000      |             | 0.000  | 0.000r          |
| u_core.next_pc_predictor_prediction_0__reg_p_CK (clock net)                                                                                    | 67     |             |            |            | NA          |        |                 |
| u_core.next_pc_predictor_prediction_6__reg_p:CK (DFF_X1)                                                                                       |        | 0.001       | 0.000      | 0.000      |             | 0.000  | 0.000r          |
| clock core_clock (rise edge)                                                                                                                   |        |             |            |            |             | 1.428  | 1.428           |
| clock network delay (ideal)                                                                                                                    |        |             |            |            |             | 0.000  | 1.428           |
| u_core.next_pc_predictor_prediction_6__reg_p:CK (DFF_X1)                                                                                       |        |             |            |            |             |        | 1.428r          |
| library setup time                                                                                                                             |        |             |            |            |             | -0.032 | 1.396           |
| clock reconvergence pessimism                                                                                                                  |        |             |            |            |             | 0.000  | 1.396           |
|                                                                                                                                                |        |             |            |            |             |        |                 |
| path cell delay                                                                                                                                |        |             |            |            |             |        | 1.333(100.000%) |
| path net delay                                                                                                                                 |        |             |            |            |             |        | 0.000(0.000%)   |
|                                                                                                                                                |        |             |            |            |             |        |                 |
| data require time                                                                                                                              |        |             |            |            |             |        | 1.396           |
| data arrival time                                                                                                                              |        |             |            |            |             |        | 1.333           |
| slack (MET)                                                                                                                                    |        |             |            |            |             |        | 0.063           |
+------------------------------------------------------------------------------------------------------------------------------------------------+--------+-------------+------------+------------+-------------+--------+-----------------+
+----------------------------------------------------------------------------------------------------------------------------------------------+--------+-------------+------------+------------+-------------+--------+-----------------+
| Point                                                                                                                                        | Fanout | Capacitance | Resistance | Transition | Delta Delay | Incr   | Path            |
+----------------------------------------------------------------------------------------------------------------------------------------------+--------+-------------+------------+------------+-------------+--------+-----------------+
| clk_i (port)                                                                                                                                 |        | 1.028       | 0.000      | 0.100      |             | 0.000  | 0.000r          |
| clk_i (clock net)                                                                                                                            | 632    |             |            |            | NA          |        |                 |
| u_core.u_fetch_buffer.read_index_q_reg_p_CK_CLKGATE_X1_GCK:CK (CLKGATE_X1)                                                                   |        | 0.002       | 0.000      | 0.000      |             | 0.000  | 0.000r          |
| u_core.u_fetch_buffer.read_index_q_reg_p_CK_CLKGATE_X1_GCK:GCK (CLKGATE_X1)                                                                  |        | 0.001       | 0.000      | 0.000      |             | 0.000  | 0.000r          |
| u_core.u_fetch_buffer.read_index_q_reg_p_CK (clock net)                                                                                      | 1      |             |            |            | NA          |        |                 |
| u_core.u_fetch_buffer.read_index_q_reg_p:CK (DFFR_X1)                                                                                        |        | 0.001       | 0.000      | 0.000      |             | 0.000  | 0.000r          |
| clock core_clock (rise edge)                                                                                                                 |        |             |            |            |             | 0      | 0               |
| clock network delay (ideal)                                                                                                                  |        |             |            |            |             | 0.000  | 0.000           |
| u_core.u_fetch_buffer.read_index_q_reg_p:CK (DFFR_X1)                                                                                        |        | 0.001       | 0.000      | 0.000      |             | 0.000  | 0.000r          |
| u_core.u_fetch_buffer.read_index_q_reg_p:Q (DFFR_X1)                                                                                         |        | 0.023       | 0.000      | 0.058      |             | 0.151  | 0.151r          |
| u_core.u_fetch_buffer.read_index_q (net)                                                                                                     | 15     |             |            |            | 0.000       |        |                 |
| u_core.u_fetch_buffer.read_index_q_BUF_X1_A:A (BUF_X1)                                                                                       |        | 0.001       | 0.000      | 0.058      |             | 0.000  | 0.151r          |
| u_core.u_fetch_buffer.read_index_q_BUF_X1_A:Z (BUF_X1)                                                                                       |        | 0.039       | 0.000      | 0.092      |             | 0.121  | 0.273r          |
| u_core.u_fetch_buffer.read_index_q_BUF_X1_A_Z (net)                                                                                          | 24     |             |            |            | 0.000       |        |                 |
| u_core.u_fetch_buffer.read_index_q_BUF_X1_A_Z_BUF_X1_A:A (BUF_X1)                                                                            |        | 0.001       | 0.000      | 0.092      |             | 0.000  | 0.273r          |
| u_core.u_fetch_buffer.read_index_q_BUF_X1_A_Z_BUF_X1_A:Z (BUF_X1)                                                                            |        | 0.038       | 0.000      | 0.090      |             | 0.121  | 0.394r          |
| u_core.u_fetch_buffer.entry_array_q[0]_85__MUX2_X1_A_S (net)                                                                                 | 24     |             |            |            | 0.000       |        |                 |
| u_core.u_fetch_buffer.entry_array_q[1]_86__MUX2_X1_B:S (MUX2_X1)                                                                             |        | 0.002       | 0.000      | 0.090      |             | 0.000  | 0.394r          |
| u_core.u_fetch_buffer.entry_array_q[1]_86__MUX2_X1_B:Z (MUX2_X1)                                                                             |        | 0.001       | 0.000      | 0.010      |             | 0.046  | 0.440r          |
| u_core.u_fetch_buffer.entry_array_q[1]_86__MUX2_X1_B_Z (net)                                                                                 | 1      |             |            |            | 0.000       |        |                 |
| u_core.u_fetch_buffer.entry_array_q[1]_86__MUX2_X1_B_Z_BUF_X1_A:A (BUF_X1)                                                                   |        | 0.001       | 0.000      | 0.010      |             | 0.000  | 0.440r          |
| u_core.u_fetch_buffer.entry_array_q[1]_86__MUX2_X1_B_Z_BUF_X1_A:Z (BUF_X1)                                                                   |        | 0.042       | 0.000      | 0.099      |             | 0.120  | 0.560r          |
| u_core.execute_packet_215__XNOR2_X1_A_B (net)                                                                                                | 24     |             |            |            | 0.000       |        |                 |
| u_core.u_fetch_buffer.entry_array_q[0]_85__MUX2_X1_A_Z_NOR2_X1_A1:A2 (NOR2_X1)                                                               |        | 0.002       | 0.000      | 0.099      |             | 0.000  | 0.560r          |
| u_core.u_fetch_buffer.entry_array_q[0]_85__MUX2_X1_A_Z_NOR2_X1_A1:ZN (NOR2_X1)                                                               |        | 0.013       | 0.000      | 0.036      |             | 0.049  | 0.609f          |
| u_core.u_fetch_buffer.entry_array_q[0]_85__MUX2_X1_A_Z_NOR2_X1_A1_ZN (net)                                                                   | 10     |             |            |            | 0.000       |        |                 |
| u_core.csr_mepc_11__AOI221_X1_B2_A_OR4_X1_A4_ZN_AOI22_X1_A2_B2_OAI221_X1_ZN_B1_NAND4_X1_ZN:A1 (NAND4_X1)                                     |        | 0.002       | 0.000      | 0.036      |             | 0.000  | 0.609f          |
| u_core.csr_mepc_11__AOI221_X1_B2_A_OR4_X1_A4_ZN_AOI22_X1_A2_B2_OAI221_X1_ZN_B1_NAND4_X1_ZN:ZN (NAND4_X1)                                     |        | 0.005       | 0.000      | 0.028      |             | 0.041  | 0.650r          |
| u_core.csr_mepc_11__AOI221_X1_B2_A_OR4_X1_A4_ZN_AOI22_X1_A2_B2_OAI221_X1_ZN_B1 (net)                                                         | 3      |             |            |            | 0.000       |        |                 |
| u_core.u_id_ex_reg.skid_execute_packet_q_207__MUX2_X1_A_B_AOI21_X1_ZN_B2_AND3_X1_A3_A2_OAI211_X1_ZN:B (OAI211_X1)                            |        | 0.002       | 0.000      | 0.028      |             | 0.000  | 0.650r          |
| u_core.u_id_ex_reg.skid_execute_packet_q_207__MUX2_X1_A_B_AOI21_X1_ZN_B2_AND3_X1_A3_A2_OAI211_X1_ZN:ZN (OAI211_X1)                           |        | 0.002       | 0.000      | 0.030      |             | 0.035  | 0.685f          |
| u_core.u_id_ex_reg.skid_execute_packet_q_207__MUX2_X1_A_B_AOI21_X1_ZN_B2_AND3_X1_A3_A2 (net)                                                 | 2      |             |            |            | 0.000       |        |                 |
| u_core.u_id_ex_reg.skid_execute_packet_q_207__MUX2_X1_A_B_AOI21_X1_ZN_B2_AND3_X1_A3:A2 (AND3_X1)                                             |        | 0.001       | 0.000      | 0.030      |             | 0.000  | 0.685f          |
| u_core.u_id_ex_reg.skid_execute_packet_q_207__MUX2_X1_A_B_AOI21_X1_ZN_B2_AND3_X1_A3:ZN (AND3_X1)                                             |        | 0.006       | 0.000      | 0.012      |             | 0.053  | 0.738f          |
| u_core.execute_blocking_producer_present_OAI22_X1_A1_ZN_NOR4_X1_A4_A1 (net)                                                                  | 5      |             |            |            | 0.000       |        |                 |
| u_core.execute_blocking_producer_present_OAI22_X1_A1_ZN_NOR4_X1_A4:A1 (NOR4_X1)                                                              |        | 0.002       | 0.000      | 0.012      |             | 0.000  | 0.738f          |
| u_core.execute_blocking_producer_present_OAI22_X1_A1_ZN_NOR4_X1_A4:ZN (NOR4_X1)                                                              |        | 0.009       | 0.000      | 0.112      |             | 0.126  | 0.864r          |
| u_core.execute_blocking_producer_present_OAI22_X1_A1_ZN_NOR4_X1_A4_ZN (net)                                                                  | 6      |             |            |            | 0.000       |        |                 |
| u_core.execute_packet_91__reg_p_D_OAI22_X1_ZN_A2_NAND2_X1_ZN_A1_OAI22_X1_ZN_A1_AOI221_X1_ZN_B2_NAND3_X1_A2_A1_INV_X1_ZN:A (INV_X1)           |        | 0.002       | 0.000      | 0.112      |             | 0.000  | 0.864r          |
| u_core.execute_packet_91__reg_p_D_OAI22_X1_ZN_A2_NAND2_X1_ZN_A1_OAI22_X1_ZN_A1_AOI221_X1_ZN_B2_NAND3_X1_A2_A1_INV_X1_ZN:ZN (INV_X1)          |        | 0.003       | 0.000      | 0.025      |             | 0.017  | 0.880f          |
| u_core.execute_packet_91__reg_p_D_OAI22_X1_ZN_A2_NAND2_X1_ZN_A1_OAI22_X1_ZN_A1_AOI221_X1_ZN_B2_NAND3_X1_A2_A1 (net)                          | 2      |             |            |            | 0.000       |        |                 |
| u_core.execute_packet_91__reg_p_D_OAI22_X1_ZN_A2_NAND2_X1_ZN_A1_OAI22_X1_ZN_A1_AOI221_X1_ZN_B2_NAND3_X1_A2_A1_NAND2_X1_A1:A1 (NAND2_X1)      |        | 0.002       | 0.000      | 0.025      |             | 0.000  | 0.880f          |
| u_core.execute_packet_91__reg_p_D_OAI22_X1_ZN_A2_NAND2_X1_ZN_A1_OAI22_X1_ZN_A1_AOI221_X1_ZN_B2_NAND3_X1_A2_A1_NAND2_X1_A1:ZN (NAND2_X1)      |        | 0.010       | 0.000      | 0.030      |             | 0.045  | 0.925r          |
| u_core.resolved_execute_result_168__NOR3_X1_A2_A1 (net)                                                                                      | 6      |             |            |            | 0.000       |        |                 |
| u_core.u_commit.writeback_result_i_234__AOI22_X1_B1_ZN_NAND3_X1_A3_ZN_AOI211_X1_A_ZN_OAI211_X1_A_ZN_AOI211_X1_B_C2_OAI21_X1_ZN:A (OAI21_X1)  |        | 0.002       | 0.000      | 0.030      |             | 0.000  | 0.925r          |
| u_core.u_commit.writeback_result_i_234__AOI22_X1_B1_ZN_NAND3_X1_A3_ZN_AOI211_X1_A_ZN_OAI211_X1_A_ZN_AOI211_X1_B_C2_OAI21_X1_ZN:ZN (OAI21_X1) |        | 0.001       | 0.000      | 0.015      |             | 0.024  | 0.949f          |
| u_core.u_commit.writeback_result_i_234__AOI22_X1_B1_ZN_NAND3_X1_A3_ZN_AOI211_X1_A_ZN_OAI211_X1_A_ZN_AOI211_X1_B_C2 (net)                     | 1      |             |            |            | 0.000       |        |                 |
| u_core.u_commit.writeback_result_i_234__AOI22_X1_B1_ZN_NAND3_X1_A3_ZN_AOI211_X1_A_ZN_OAI211_X1_A_ZN_AOI211_X1_B:C2 (AOI211_X1)               |        | 0.002       | 0.000      | 0.015      |             | 0.000  | 0.949f          |
| u_core.u_commit.writeback_result_i_234__AOI22_X1_B1_ZN_NAND3_X1_A3_ZN_AOI211_X1_A_ZN_OAI211_X1_A_ZN_AOI211_X1_B:ZN (AOI211_X1)               |        | 0.009       | 0.000      | 0.096      |             | 0.113  | 1.062r          |
| u_core.execute_packet_209__reg_p_D_MUX2_X1_Z_B_NAND2_X1_A2_A1 (net)                                                                          | 6      |             |            |            | 0.000       |        |                 |
| u_core.execute_packet_209__reg_p_D_MUX2_X1_Z_B_NAND2_X1_A2_A1_NAND2_X1_A1:A1 (NAND2_X1)                                                      |        | 0.002       | 0.000      | 0.096      |             | 0.000  | 1.062r          |
| u_core.execute_packet_209__reg_p_D_MUX2_X1_Z_B_NAND2_X1_A2_A1_NAND2_X1_A1:ZN (NAND2_X1)                                                      |        | 0.010       | 0.000      | 0.039      |             | 0.057  | 1.119f          |
| u_core.u_fetch_buffer.entry_count_d_1__AOI21_X1_ZN_B2_NOR2_X1_ZN_A1 (net)                                                                    | 7      |             |            |            | 0.000       |        |                 |
| u_core.u_fetch_buffer.entry_count_q_0__reg_p_CK_CLKGATE_X1_GCK_E_OAI21_X1_ZN_A_AOI21_X1_ZN:B1 (AOI21_X1)                                     |        | 0.002       | 0.000      | 0.039      |             | 0.000  | 1.119f          |
| u_core.u_fetch_buffer.entry_count_q_0__reg_p_CK_CLKGATE_X1_GCK_E_OAI21_X1_ZN_A_AOI21_X1_ZN:ZN (AOI21_X1)                                     |        | 0.002       | 0.000      | 0.024      |             | 0.041  | 1.160r          |
| u_core.u_fetch_buffer.entry_count_q_0__reg_p_CK_CLKGATE_X1_GCK_E_OAI21_X1_ZN_A (net)                                                         | 1      |             |            |            | 0.000       |        |                 |
| u_core.u_fetch_buffer.entry_count_q_0__reg_p_CK_CLKGATE_X1_GCK_E_OAI21_X1_ZN:A (OAI21_X1)                                                    |        | 0.002       | 0.000      | 0.024      |             | 0.000  | 1.160r          |
| u_core.u_fetch_buffer.entry_count_q_0__reg_p_CK_CLKGATE_X1_GCK_E_OAI21_X1_ZN:ZN (OAI21_X1)                                                   |        | 0.001       | 0.000      | 0.012      |             | 0.020  | 1.180f          |
| u_core.u_fetch_buffer.entry_count_q_0__reg_p_CK_CLKGATE_X1_GCK_E (net)                                                                       | 1      |             |            |            | 0.000       |        |                 |
| u_core.u_fetch_buffer.entry_count_q_0__reg_p_CK_CLKGATE_X1_GCK:E (CLKGATE_X1)                                                                |        | 0.001       | 0.000      | 0.012      |             | 0.000  | 1.180f          |
|                                                                                                                                              |        |             |            |            |             |        |                 |
| clk_i (port)                                                                                                                                 |        | 1.028       | 0.000      | 0.100      |             | 0.000  | 0.000r          |
| clk_i (clock net)                                                                                                                            | 632    |             |            |            | NA          |        |                 |
| u_core.u_fetch_buffer.entry_count_q_0__reg_p_CK_CLKGATE_X1_GCK:CK (CLKGATE_X1)                                                               |        | 0.002       | 0.000      | 0.000      |             | 0.000  | 0.000r          |
| clock core_clock (rise edge)                                                                                                                 |        |             |            |            |             | 1.428  | 1.428           |
| clock network delay (ideal)                                                                                                                  |        |             |            |            |             | 0.000  | 1.428           |
| u_core.u_fetch_buffer.entry_count_q_0__reg_p_CK_CLKGATE_X1_GCK:CK (CLKGATE_X1)                                                               |        |             |            |            |             |        | 1.428r          |
| library setup time                                                                                                                           |        |             |            |            |             | -0.047 | 1.381           |
| clock reconvergence pessimism                                                                                                                |        |             |            |            |             | 0.000  | 1.381           |
|                                                                                                                                              |        |             |            |            |             |        |                 |
| path cell delay                                                                                                                              |        |             |            |            |             |        | 1.180(100.000%) |
| path net delay                                                                                                                               |        |             |            |            |             |        | 0.000(0.000%)   |
|                                                                                                                                              |        |             |            |            |             |        |                 |
| data require time                                                                                                                            |        |             |            |            |             |        | 1.381           |
| data arrival time                                                                                                                            |        |             |            |            |             |        | 1.180           |
| slack (MET)                                                                                                                                  |        |             |            |            |             |        | 0.201           |
+----------------------------------------------------------------------------------------------------------------------------------------------+--------+-------------+------------+------------+-------------+--------+-----------------+
+----------------------------------------------------------------------------------------------------------------------------------------------+--------+-------------+------------+------------+-------------+--------+-----------------+
| Point                                                                                                                                        | Fanout | Capacitance | Resistance | Transition | Delta Delay | Incr   | Path            |
+----------------------------------------------------------------------------------------------------------------------------------------------+--------+-------------+------------+------------+-------------+--------+-----------------+
| clk_i (port)                                                                                                                                 |        | 1.028       | 0.000      | 0.100      |             | 0.000  | 0.000r          |
| clk_i (clock net)                                                                                                                            | 632    |             |            |            | NA          |        |                 |
| u_core.u_fetch_buffer.read_index_q_reg_p_CK_CLKGATE_X1_GCK:CK (CLKGATE_X1)                                                                   |        | 0.002       | 0.000      | 0.000      |             | 0.000  | 0.000r          |
| u_core.u_fetch_buffer.read_index_q_reg_p_CK_CLKGATE_X1_GCK:GCK (CLKGATE_X1)                                                                  |        | 0.001       | 0.000      | 0.000      |             | 0.000  | 0.000r          |
| u_core.u_fetch_buffer.read_index_q_reg_p_CK (clock net)                                                                                      | 1      |             |            |            | NA          |        |                 |
| u_core.u_fetch_buffer.read_index_q_reg_p:CK (DFFR_X1)                                                                                        |        | 0.001       | 0.000      | 0.000      |             | 0.000  | 0.000r          |
| clock core_clock (rise edge)                                                                                                                 |        |             |            |            |             | 0      | 0               |
| clock network delay (ideal)                                                                                                                  |        |             |            |            |             | 0.000  | 0.000           |
| u_core.u_fetch_buffer.read_index_q_reg_p:CK (DFFR_X1)                                                                                        |        | 0.001       | 0.000      | 0.000      |             | 0.000  | 0.000r          |
| u_core.u_fetch_buffer.read_index_q_reg_p:Q (DFFR_X1)                                                                                         |        | 0.023       | 0.000      | 0.058      |             | 0.151  | 0.151r          |
| u_core.u_fetch_buffer.read_index_q (net)                                                                                                     | 15     |             |            |            | 0.000       |        |                 |
| u_core.u_fetch_buffer.read_index_q_BUF_X1_A:A (BUF_X1)                                                                                       |        | 0.001       | 0.000      | 0.058      |             | 0.000  | 0.151r          |
| u_core.u_fetch_buffer.read_index_q_BUF_X1_A:Z (BUF_X1)                                                                                       |        | 0.039       | 0.000      | 0.092      |             | 0.121  | 0.273r          |
| u_core.u_fetch_buffer.read_index_q_BUF_X1_A_Z (net)                                                                                          | 24     |             |            |            | 0.000       |        |                 |
| u_core.u_fetch_buffer.read_index_q_BUF_X1_A_Z_BUF_X1_A:A (BUF_X1)                                                                            |        | 0.001       | 0.000      | 0.092      |             | 0.000  | 0.273r          |
| u_core.u_fetch_buffer.read_index_q_BUF_X1_A_Z_BUF_X1_A:Z (BUF_X1)                                                                            |        | 0.038       | 0.000      | 0.090      |             | 0.121  | 0.394r          |
| u_core.u_fetch_buffer.entry_array_q[0]_85__MUX2_X1_A_S (net)                                                                                 | 24     |             |            |            | 0.000       |        |                 |
| u_core.u_fetch_buffer.entry_array_q[1]_86__MUX2_X1_B:S (MUX2_X1)                                                                             |        | 0.002       | 0.000      | 0.090      |             | 0.000  | 0.394r          |
| u_core.u_fetch_buffer.entry_array_q[1]_86__MUX2_X1_B:Z (MUX2_X1)                                                                             |        | 0.001       | 0.000      | 0.010      |             | 0.046  | 0.440r          |
| u_core.u_fetch_buffer.entry_array_q[1]_86__MUX2_X1_B_Z (net)                                                                                 | 1      |             |            |            | 0.000       |        |                 |
| u_core.u_fetch_buffer.entry_array_q[1]_86__MUX2_X1_B_Z_BUF_X1_A:A (BUF_X1)                                                                   |        | 0.001       | 0.000      | 0.010      |             | 0.000  | 0.440r          |
| u_core.u_fetch_buffer.entry_array_q[1]_86__MUX2_X1_B_Z_BUF_X1_A:Z (BUF_X1)                                                                   |        | 0.042       | 0.000      | 0.099      |             | 0.120  | 0.560r          |
| u_core.execute_packet_215__XNOR2_X1_A_B (net)                                                                                                | 24     |             |            |            | 0.000       |        |                 |
| u_core.u_fetch_buffer.entry_array_q[0]_85__MUX2_X1_A_Z_NOR2_X1_A1:A2 (NOR2_X1)                                                               |        | 0.002       | 0.000      | 0.099      |             | 0.000  | 0.560r          |
| u_core.u_fetch_buffer.entry_array_q[0]_85__MUX2_X1_A_Z_NOR2_X1_A1:ZN (NOR2_X1)                                                               |        | 0.013       | 0.000      | 0.036      |             | 0.049  | 0.609f          |
| u_core.u_fetch_buffer.entry_array_q[0]_85__MUX2_X1_A_Z_NOR2_X1_A1_ZN (net)                                                                   | 10     |             |            |            | 0.000       |        |                 |
| u_core.csr_mepc_11__AOI221_X1_B2_A_OR4_X1_A4_ZN_AOI22_X1_A2_B2_OAI221_X1_ZN_B1_NAND4_X1_ZN:A1 (NAND4_X1)                                     |        | 0.002       | 0.000      | 0.036      |             | 0.000  | 0.609f          |
| u_core.csr_mepc_11__AOI221_X1_B2_A_OR4_X1_A4_ZN_AOI22_X1_A2_B2_OAI221_X1_ZN_B1_NAND4_X1_ZN:ZN (NAND4_X1)                                     |        | 0.005       | 0.000      | 0.028      |             | 0.041  | 0.650r          |
| u_core.csr_mepc_11__AOI221_X1_B2_A_OR4_X1_A4_ZN_AOI22_X1_A2_B2_OAI221_X1_ZN_B1 (net)                                                         | 3      |             |            |            | 0.000       |        |                 |
| u_core.u_id_ex_reg.skid_execute_packet_q_207__MUX2_X1_A_B_AOI21_X1_ZN_B2_AND3_X1_A3_A2_OAI211_X1_ZN:B (OAI211_X1)                            |        | 0.002       | 0.000      | 0.028      |             | 0.000  | 0.650r          |
| u_core.u_id_ex_reg.skid_execute_packet_q_207__MUX2_X1_A_B_AOI21_X1_ZN_B2_AND3_X1_A3_A2_OAI211_X1_ZN:ZN (OAI211_X1)                           |        | 0.002       | 0.000      | 0.030      |             | 0.035  | 0.685f          |
| u_core.u_id_ex_reg.skid_execute_packet_q_207__MUX2_X1_A_B_AOI21_X1_ZN_B2_AND3_X1_A3_A2 (net)                                                 | 2      |             |            |            | 0.000       |        |                 |
| u_core.u_id_ex_reg.skid_execute_packet_q_207__MUX2_X1_A_B_AOI21_X1_ZN_B2_AND3_X1_A3:A2 (AND3_X1)                                             |        | 0.001       | 0.000      | 0.030      |             | 0.000  | 0.685f          |
| u_core.u_id_ex_reg.skid_execute_packet_q_207__MUX2_X1_A_B_AOI21_X1_ZN_B2_AND3_X1_A3:ZN (AND3_X1)                                             |        | 0.006       | 0.000      | 0.012      |             | 0.053  | 0.738f          |
| u_core.execute_blocking_producer_present_OAI22_X1_A1_ZN_NOR4_X1_A4_A1 (net)                                                                  | 5      |             |            |            | 0.000       |        |                 |
| u_core.execute_blocking_producer_present_OAI22_X1_A1_ZN_NOR4_X1_A4:A1 (NOR4_X1)                                                              |        | 0.002       | 0.000      | 0.012      |             | 0.000  | 0.738f          |
| u_core.execute_blocking_producer_present_OAI22_X1_A1_ZN_NOR4_X1_A4:ZN (NOR4_X1)                                                              |        | 0.009       | 0.000      | 0.112      |             | 0.126  | 0.864r          |
| u_core.execute_blocking_producer_present_OAI22_X1_A1_ZN_NOR4_X1_A4_ZN (net)                                                                  | 6      |             |            |            | 0.000       |        |                 |
| u_core.execute_packet_91__reg_p_D_OAI22_X1_ZN_A2_NAND2_X1_ZN_A1_OAI22_X1_ZN_A1_AOI221_X1_ZN_B2_NAND3_X1_A2_A1_INV_X1_ZN:A (INV_X1)           |        | 0.002       | 0.000      | 0.112      |             | 0.000  | 0.864r          |
| u_core.execute_packet_91__reg_p_D_OAI22_X1_ZN_A2_NAND2_X1_ZN_A1_OAI22_X1_ZN_A1_AOI221_X1_ZN_B2_NAND3_X1_A2_A1_INV_X1_ZN:ZN (INV_X1)          |        | 0.003       | 0.000      | 0.025      |             | 0.017  | 0.880f          |
| u_core.execute_packet_91__reg_p_D_OAI22_X1_ZN_A2_NAND2_X1_ZN_A1_OAI22_X1_ZN_A1_AOI221_X1_ZN_B2_NAND3_X1_A2_A1 (net)                          | 2      |             |            |            | 0.000       |        |                 |
| u_core.execute_packet_91__reg_p_D_OAI22_X1_ZN_A2_NAND2_X1_ZN_A1_OAI22_X1_ZN_A1_AOI221_X1_ZN_B2_NAND3_X1_A2_A1_NAND2_X1_A1:A1 (NAND2_X1)      |        | 0.002       | 0.000      | 0.025      |             | 0.000  | 0.880f          |
| u_core.execute_packet_91__reg_p_D_OAI22_X1_ZN_A2_NAND2_X1_ZN_A1_OAI22_X1_ZN_A1_AOI221_X1_ZN_B2_NAND3_X1_A2_A1_NAND2_X1_A1:ZN (NAND2_X1)      |        | 0.010       | 0.000      | 0.030      |             | 0.045  | 0.925r          |
| u_core.resolved_execute_result_168__NOR3_X1_A2_A1 (net)                                                                                      | 6      |             |            |            | 0.000       |        |                 |
| u_core.u_commit.writeback_result_i_234__AOI22_X1_B1_ZN_NAND3_X1_A3_ZN_AOI211_X1_A_ZN_OAI211_X1_A_ZN_AOI211_X1_B_C2_OAI21_X1_ZN:A (OAI21_X1)  |        | 0.002       | 0.000      | 0.030      |             | 0.000  | 0.925r          |
| u_core.u_commit.writeback_result_i_234__AOI22_X1_B1_ZN_NAND3_X1_A3_ZN_AOI211_X1_A_ZN_OAI211_X1_A_ZN_AOI211_X1_B_C2_OAI21_X1_ZN:ZN (OAI21_X1) |        | 0.001       | 0.000      | 0.015      |             | 0.024  | 0.949f          |
| u_core.u_commit.writeback_result_i_234__AOI22_X1_B1_ZN_NAND3_X1_A3_ZN_AOI211_X1_A_ZN_OAI211_X1_A_ZN_AOI211_X1_B_C2 (net)                     | 1      |             |            |            | 0.000       |        |                 |
| u_core.u_commit.writeback_result_i_234__AOI22_X1_B1_ZN_NAND3_X1_A3_ZN_AOI211_X1_A_ZN_OAI211_X1_A_ZN_AOI211_X1_B:C2 (AOI211_X1)               |        | 0.002       | 0.000      | 0.015      |             | 0.000  | 0.949f          |
| u_core.u_commit.writeback_result_i_234__AOI22_X1_B1_ZN_NAND3_X1_A3_ZN_AOI211_X1_A_ZN_OAI211_X1_A_ZN_AOI211_X1_B:ZN (AOI211_X1)               |        | 0.009       | 0.000      | 0.096      |             | 0.113  | 1.062r          |
| u_core.execute_packet_209__reg_p_D_MUX2_X1_Z_B_NAND2_X1_A2_A1 (net)                                                                          | 6      |             |            |            | 0.000       |        |                 |
| u_core.execute_packet_valid_reg_p_CK_CLKGATE_X1_GCK_E_INV_X1_ZN_A_AOI221_X1_ZN:B2 (AOI221_X1)                                                |        | 0.002       | 0.000      | 0.096      |             | 0.000  | 1.062r          |
| u_core.execute_packet_valid_reg_p_CK_CLKGATE_X1_GCK_E_INV_X1_ZN_A_AOI221_X1_ZN:ZN (AOI221_X1)                                                |        | 0.003       | 0.000      | 0.034      |             | 0.046  | 1.109f          |
| u_core.execute_packet_valid_reg_p_CK_CLKGATE_X1_GCK_E_INV_X1_ZN_A (net)                                                                      | 2      |             |            |            | 0.000       |        |                 |
| u_core.execute_packet_valid_reg_p_CK_CLKGATE_X1_GCK_E_INV_X1_ZN_A_AOI211_X1_A:A (AOI211_X1)                                                  |        | 0.002       | 0.000      | 0.034      |             | 0.000  | 1.109f          |
| u_core.execute_packet_valid_reg_p_CK_CLKGATE_X1_GCK_E_INV_X1_ZN_A_AOI211_X1_A:ZN (AOI211_X1)                                                 |        | 0.001       | 0.000      | 0.032      |             | 0.058  | 1.167r          |
| u_core.execute_packet_valid_reg_p_CK_CLKGATE_X1_GCK_E_INV_X1_ZN_A_AOI211_X1_A_ZN (net)                                                       | 1      |             |            |            | 0.000       |        |                 |
| u_core.execute_packet_valid_reg_p_CK_CLKGATE_X1_GCK_E_INV_X1_ZN_A_AOI211_X1_A_ZN_CLKGATE_X1_E:E (CLKGATE_X1)                                 |        | 0.001       | 0.000      | 0.032      |             | 0.000  | 1.167r          |
|                                                                                                                                              |        |             |            |            |             |        |                 |
| clk_i (port)                                                                                                                                 |        | 1.028       | 0.000      | 0.100      |             | 0.000  | 0.000r          |
| clk_i (clock net)                                                                                                                            | 632    |             |            |            | NA          |        |                 |
| u_core.execute_packet_valid_reg_p_CK_CLKGATE_X1_GCK_E_INV_X1_ZN_A_AOI211_X1_A_ZN_CLKGATE_X1_E:CK (CLKGATE_X1)                                |        | 0.002       | 0.000      | 0.000      |             | 0.000  | 0.000r          |
| clock core_clock (rise edge)                                                                                                                 |        |             |            |            |             | 1.428  | 1.428           |
| clock network delay (ideal)                                                                                                                  |        |             |            |            |             | 0.000  | 1.428           |
| u_core.execute_packet_valid_reg_p_CK_CLKGATE_X1_GCK_E_INV_X1_ZN_A_AOI211_X1_A_ZN_CLKGATE_X1_E:CK (CLKGATE_X1)                                |        |             |            |            |             |        | 1.428r          |
| library setup time                                                                                                                           |        |             |            |            |             | -0.055 | 1.373           |
| clock reconvergence pessimism                                                                                                                |        |             |            |            |             | 0.000  | 1.373           |
|                                                                                                                                              |        |             |            |            |             |        |                 |
| path cell delay                                                                                                                              |        |             |            |            |             |        | 1.167(100.000%) |
| path net delay                                                                                                                               |        |             |            |            |             |        | 0.000(0.000%)   |
|                                                                                                                                              |        |             |            |            |             |        |                 |
| data require time                                                                                                                            |        |             |            |            |             |        | 1.373           |
| data arrival time                                                                                                                            |        |             |            |            |             |        | 1.167           |
| slack (MET)                                                                                                                                  |        |             |            |            |             |        | 0.206           |
+----------------------------------------------------------------------------------------------------------------------------------------------+--------+-------------+------------+------------+-------------+--------+-----------------+
+----------------------------------------------------------------------------------------------------------------------------------------------+--------+-------------+------------+------------+-------------+--------+-----------------+
| Point                                                                                                                                        | Fanout | Capacitance | Resistance | Transition | Delta Delay | Incr   | Path            |
+----------------------------------------------------------------------------------------------------------------------------------------------+--------+-------------+------------+------------+-------------+--------+-----------------+
| clk_i (port)                                                                                                                                 |        | 1.028       | 0.000      | 0.100      |             | 0.000  | 0.000r          |
| clk_i (clock net)                                                                                                                            | 632    |             |            |            | NA          |        |                 |
| u_core.u_fetch_buffer.read_index_q_reg_p_CK_CLKGATE_X1_GCK:CK (CLKGATE_X1)                                                                   |        | 0.002       | 0.000      | 0.000      |             | 0.000  | 0.000r          |
| u_core.u_fetch_buffer.read_index_q_reg_p_CK_CLKGATE_X1_GCK:GCK (CLKGATE_X1)                                                                  |        | 0.001       | 0.000      | 0.000      |             | 0.000  | 0.000r          |
| u_core.u_fetch_buffer.read_index_q_reg_p_CK (clock net)                                                                                      | 1      |             |            |            | NA          |        |                 |
| u_core.u_fetch_buffer.read_index_q_reg_p:CK (DFFR_X1)                                                                                        |        | 0.001       | 0.000      | 0.000      |             | 0.000  | 0.000r          |
| clock core_clock (rise edge)                                                                                                                 |        |             |            |            |             | 0      | 0               |
| clock network delay (ideal)                                                                                                                  |        |             |            |            |             | 0.000  | 0.000           |
| u_core.u_fetch_buffer.read_index_q_reg_p:CK (DFFR_X1)                                                                                        |        | 0.001       | 0.000      | 0.000      |             | 0.000  | 0.000r          |
| u_core.u_fetch_buffer.read_index_q_reg_p:Q (DFFR_X1)                                                                                         |        | 0.023       | 0.000      | 0.058      |             | 0.151  | 0.151r          |
| u_core.u_fetch_buffer.read_index_q (net)                                                                                                     | 15     |             |            |            | 0.000       |        |                 |
| u_core.u_fetch_buffer.read_index_q_BUF_X1_A:A (BUF_X1)                                                                                       |        | 0.001       | 0.000      | 0.058      |             | 0.000  | 0.151r          |
| u_core.u_fetch_buffer.read_index_q_BUF_X1_A:Z (BUF_X1)                                                                                       |        | 0.039       | 0.000      | 0.092      |             | 0.121  | 0.273r          |
| u_core.u_fetch_buffer.read_index_q_BUF_X1_A_Z (net)                                                                                          | 24     |             |            |            | 0.000       |        |                 |
| u_core.u_fetch_buffer.read_index_q_BUF_X1_A_Z_BUF_X1_A:A (BUF_X1)                                                                            |        | 0.001       | 0.000      | 0.092      |             | 0.000  | 0.273r          |
| u_core.u_fetch_buffer.read_index_q_BUF_X1_A_Z_BUF_X1_A:Z (BUF_X1)                                                                            |        | 0.038       | 0.000      | 0.090      |             | 0.121  | 0.394r          |
| u_core.u_fetch_buffer.entry_array_q[0]_85__MUX2_X1_A_S (net)                                                                                 | 24     |             |            |            | 0.000       |        |                 |
| u_core.u_fetch_buffer.entry_array_q[1]_86__MUX2_X1_B:S (MUX2_X1)                                                                             |        | 0.002       | 0.000      | 0.090      |             | 0.000  | 0.394r          |
| u_core.u_fetch_buffer.entry_array_q[1]_86__MUX2_X1_B:Z (MUX2_X1)                                                                             |        | 0.001       | 0.000      | 0.010      |             | 0.046  | 0.440r          |
| u_core.u_fetch_buffer.entry_array_q[1]_86__MUX2_X1_B_Z (net)                                                                                 | 1      |             |            |            | 0.000       |        |                 |
| u_core.u_fetch_buffer.entry_array_q[1]_86__MUX2_X1_B_Z_BUF_X1_A:A (BUF_X1)                                                                   |        | 0.001       | 0.000      | 0.010      |             | 0.000  | 0.440r          |
| u_core.u_fetch_buffer.entry_array_q[1]_86__MUX2_X1_B_Z_BUF_X1_A:Z (BUF_X1)                                                                   |        | 0.042       | 0.000      | 0.099      |             | 0.120  | 0.560r          |
| u_core.execute_packet_215__XNOR2_X1_A_B (net)                                                                                                | 24     |             |            |            | 0.000       |        |                 |
| u_core.u_fetch_buffer.entry_array_q[0]_85__MUX2_X1_A_Z_NOR2_X1_A1:A2 (NOR2_X1)                                                               |        | 0.002       | 0.000      | 0.099      |             | 0.000  | 0.560r          |
| u_core.u_fetch_buffer.entry_array_q[0]_85__MUX2_X1_A_Z_NOR2_X1_A1:ZN (NOR2_X1)                                                               |        | 0.013       | 0.000      | 0.036      |             | 0.049  | 0.609f          |
| u_core.u_fetch_buffer.entry_array_q[0]_85__MUX2_X1_A_Z_NOR2_X1_A1_ZN (net)                                                                   | 10     |             |            |            | 0.000       |        |                 |
| u_core.csr_mepc_11__AOI221_X1_B2_A_OR4_X1_A4_ZN_AOI22_X1_A2_B2_OAI221_X1_ZN_B1_NAND4_X1_ZN:A1 (NAND4_X1)                                     |        | 0.002       | 0.000      | 0.036      |             | 0.000  | 0.609f          |
| u_core.csr_mepc_11__AOI221_X1_B2_A_OR4_X1_A4_ZN_AOI22_X1_A2_B2_OAI221_X1_ZN_B1_NAND4_X1_ZN:ZN (NAND4_X1)                                     |        | 0.005       | 0.000      | 0.028      |             | 0.041  | 0.650r          |
| u_core.csr_mepc_11__AOI221_X1_B2_A_OR4_X1_A4_ZN_AOI22_X1_A2_B2_OAI221_X1_ZN_B1 (net)                                                         | 3      |             |            |            | 0.000       |        |                 |
| u_core.u_id_ex_reg.skid_execute_packet_q_207__MUX2_X1_A_B_AOI21_X1_ZN_B2_AND3_X1_A3_A2_OAI211_X1_ZN:B (OAI211_X1)                            |        | 0.002       | 0.000      | 0.028      |             | 0.000  | 0.650r          |
| u_core.u_id_ex_reg.skid_execute_packet_q_207__MUX2_X1_A_B_AOI21_X1_ZN_B2_AND3_X1_A3_A2_OAI211_X1_ZN:ZN (OAI211_X1)                           |        | 0.002       | 0.000      | 0.030      |             | 0.035  | 0.685f          |
| u_core.u_id_ex_reg.skid_execute_packet_q_207__MUX2_X1_A_B_AOI21_X1_ZN_B2_AND3_X1_A3_A2 (net)                                                 | 2      |             |            |            | 0.000       |        |                 |
| u_core.u_id_ex_reg.skid_execute_packet_q_207__MUX2_X1_A_B_AOI21_X1_ZN_B2_AND3_X1_A3:A2 (AND3_X1)                                             |        | 0.001       | 0.000      | 0.030      |             | 0.000  | 0.685f          |
| u_core.u_id_ex_reg.skid_execute_packet_q_207__MUX2_X1_A_B_AOI21_X1_ZN_B2_AND3_X1_A3:ZN (AND3_X1)                                             |        | 0.006       | 0.000      | 0.012      |             | 0.053  | 0.738f          |
| u_core.execute_blocking_producer_present_OAI22_X1_A1_ZN_NOR4_X1_A4_A1 (net)                                                                  | 5      |             |            |            | 0.000       |        |                 |
| u_core.execute_blocking_producer_present_OAI22_X1_A1_ZN_NOR4_X1_A4:A1 (NOR4_X1)                                                              |        | 0.002       | 0.000      | 0.012      |             | 0.000  | 0.738f          |
| u_core.execute_blocking_producer_present_OAI22_X1_A1_ZN_NOR4_X1_A4:ZN (NOR4_X1)                                                              |        | 0.009       | 0.000      | 0.112      |             | 0.126  | 0.864r          |
| u_core.execute_blocking_producer_present_OAI22_X1_A1_ZN_NOR4_X1_A4_ZN (net)                                                                  | 6      |             |            |            | 0.000       |        |                 |
| u_core.execute_packet_91__reg_p_D_OAI22_X1_ZN_A2_NAND2_X1_ZN_A1_OAI22_X1_ZN_A1_AOI221_X1_ZN_B2_NAND3_X1_A2_A1_INV_X1_ZN:A (INV_X1)           |        | 0.002       | 0.000      | 0.112      |             | 0.000  | 0.864r          |
| u_core.execute_packet_91__reg_p_D_OAI22_X1_ZN_A2_NAND2_X1_ZN_A1_OAI22_X1_ZN_A1_AOI221_X1_ZN_B2_NAND3_X1_A2_A1_INV_X1_ZN:ZN (INV_X1)          |        | 0.003       | 0.000      | 0.025      |             | 0.017  | 0.880f          |
| u_core.execute_packet_91__reg_p_D_OAI22_X1_ZN_A2_NAND2_X1_ZN_A1_OAI22_X1_ZN_A1_AOI221_X1_ZN_B2_NAND3_X1_A2_A1 (net)                          | 2      |             |            |            | 0.000       |        |                 |
| u_core.execute_packet_91__reg_p_D_OAI22_X1_ZN_A2_NAND2_X1_ZN_A1_OAI22_X1_ZN_A1_AOI221_X1_ZN_B2_NAND3_X1_A2_A1_NAND2_X1_A1:A1 (NAND2_X1)      |        | 0.002       | 0.000      | 0.025      |             | 0.000  | 0.880f          |
| u_core.execute_packet_91__reg_p_D_OAI22_X1_ZN_A2_NAND2_X1_ZN_A1_OAI22_X1_ZN_A1_AOI221_X1_ZN_B2_NAND3_X1_A2_A1_NAND2_X1_A1:ZN (NAND2_X1)      |        | 0.010       | 0.000      | 0.030      |             | 0.045  | 0.925r          |
| u_core.resolved_execute_result_168__NOR3_X1_A2_A1 (net)                                                                                      | 6      |             |            |            | 0.000       |        |                 |
| u_core.u_commit.writeback_result_i_234__AOI22_X1_B1_ZN_NAND3_X1_A3_ZN_AOI211_X1_A_ZN_OAI211_X1_A_ZN_AOI211_X1_B_C2_OAI21_X1_ZN:A (OAI21_X1)  |        | 0.002       | 0.000      | 0.030      |             | 0.000  | 0.925r          |
| u_core.u_commit.writeback_result_i_234__AOI22_X1_B1_ZN_NAND3_X1_A3_ZN_AOI211_X1_A_ZN_OAI211_X1_A_ZN_AOI211_X1_B_C2_OAI21_X1_ZN:ZN (OAI21_X1) |        | 0.001       | 0.000      | 0.015      |             | 0.024  | 0.949f          |
| u_core.u_commit.writeback_result_i_234__AOI22_X1_B1_ZN_NAND3_X1_A3_ZN_AOI211_X1_A_ZN_OAI211_X1_A_ZN_AOI211_X1_B_C2 (net)                     | 1      |             |            |            | 0.000       |        |                 |
| u_core.u_commit.writeback_result_i_234__AOI22_X1_B1_ZN_NAND3_X1_A3_ZN_AOI211_X1_A_ZN_OAI211_X1_A_ZN_AOI211_X1_B:C2 (AOI211_X1)               |        | 0.002       | 0.000      | 0.015      |             | 0.000  | 0.949f          |
| u_core.u_commit.writeback_result_i_234__AOI22_X1_B1_ZN_NAND3_X1_A3_ZN_AOI211_X1_A_ZN_OAI211_X1_A_ZN_AOI211_X1_B:ZN (AOI211_X1)               |        | 0.009       | 0.000      | 0.096      |             | 0.113  | 1.062r          |
| u_core.execute_packet_209__reg_p_D_MUX2_X1_Z_B_NAND2_X1_A2_A1 (net)                                                                          | 6      |             |            |            | 0.000       |        |                 |
| u_core.execute_packet_209__reg_p_D_MUX2_X1_Z_B_NAND2_X1_A2_A1_NAND2_X1_A1:A1 (NAND2_X1)                                                      |        | 0.002       | 0.000      | 0.096      |             | 0.000  | 1.062r          |
| u_core.execute_packet_209__reg_p_D_MUX2_X1_Z_B_NAND2_X1_A2_A1_NAND2_X1_A1:ZN (NAND2_X1)                                                      |        | 0.010       | 0.000      | 0.039      |             | 0.057  | 1.119f          |
| u_core.u_fetch_buffer.entry_count_d_1__AOI21_X1_ZN_B2_NOR2_X1_ZN_A1 (net)                                                                    | 7      |             |            |            | 0.000       |        |                 |
| u_core.u_fetch_buffer.entry_count_q_0__reg_p_CK_CLKGATE_X1_GCK_E_OAI21_X1_ZN:B1 (OAI21_X1)                                                   |        | 0.002       | 0.000      | 0.039      |             | 0.000  | 1.119f          |
| u_core.u_fetch_buffer.entry_count_q_0__reg_p_CK_CLKGATE_X1_GCK_E_OAI21_X1_ZN:ZN (OAI21_X1)                                                   |        | 0.001       | 0.000      | 0.020      |             | 0.036  | 1.155r          |
| u_core.u_fetch_buffer.entry_count_q_0__reg_p_CK_CLKGATE_X1_GCK_E (net)                                                                       | 1      |             |            |            | 0.000       |        |                 |
| u_core.u_fetch_buffer.entry_count_q_0__reg_p_CK_CLKGATE_X1_GCK:E (CLKGATE_X1)                                                                |        | 0.001       | 0.000      | 0.020      |             | 0.000  | 1.155r          |
|                                                                                                                                              |        |             |            |            |             |        |                 |
| clk_i (port)                                                                                                                                 |        | 1.028       | 0.000      | 0.100      |             | 0.000  | 0.000r          |
| clk_i (clock net)                                                                                                                            | 632    |             |            |            | NA          |        |                 |
| u_core.u_fetch_buffer.entry_count_q_0__reg_p_CK_CLKGATE_X1_GCK:CK (CLKGATE_X1)                                                               |        | 0.002       | 0.000      | 0.000      |             | 0.000  | 0.000r          |
| clock core_clock (rise edge)                                                                                                                 |        |             |            |            |             | 1.428  | 1.428           |
| clock network delay (ideal)                                                                                                                  |        |             |            |            |             | 0.000  | 1.428           |
| u_core.u_fetch_buffer.entry_count_q_0__reg_p_CK_CLKGATE_X1_GCK:CK (CLKGATE_X1)                                                               |        |             |            |            |             |        | 1.428r          |
| library setup time                                                                                                                           |        |             |            |            |             | -0.052 | 1.376           |
| clock reconvergence pessimism                                                                                                                |        |             |            |            |             | 0.000  | 1.376           |
|                                                                                                                                              |        |             |            |            |             |        |                 |
| path cell delay                                                                                                                              |        |             |            |            |             |        | 1.155(100.000%) |
| path net delay                                                                                                                               |        |             |            |            |             |        | 0.000(0.000%)   |
|                                                                                                                                              |        |             |            |            |             |        |                 |
| data require time                                                                                                                            |        |             |            |            |             |        | 1.376           |
| data arrival time                                                                                                                            |        |             |            |            |             |        | 1.155           |
| slack (MET)                                                                                                                                  |        |             |            |            |             |        | 0.221           |
+----------------------------------------------------------------------------------------------------------------------------------------------+--------+-------------+------------+------------+-------------+--------+-----------------+
+----------------------------------------------------------------------------------------------------------------------------------------------+--------+-------------+------------+------------+-------------+--------+-----------------+
| Point                                                                                                                                        | Fanout | Capacitance | Resistance | Transition | Delta Delay | Incr   | Path            |
+----------------------------------------------------------------------------------------------------------------------------------------------+--------+-------------+------------+------------+-------------+--------+-----------------+
| clk_i (port)                                                                                                                                 |        | 1.028       | 0.000      | 0.100      |             | 0.000  | 0.000r          |
| clk_i (clock net)                                                                                                                            | 632    |             |            |            | NA          |        |                 |
| u_core.u_fetch_buffer.read_index_q_reg_p_CK_CLKGATE_X1_GCK:CK (CLKGATE_X1)                                                                   |        | 0.002       | 0.000      | 0.000      |             | 0.000  | 0.000r          |
| u_core.u_fetch_buffer.read_index_q_reg_p_CK_CLKGATE_X1_GCK:GCK (CLKGATE_X1)                                                                  |        | 0.001       | 0.000      | 0.000      |             | 0.000  | 0.000r          |
| u_core.u_fetch_buffer.read_index_q_reg_p_CK (clock net)                                                                                      | 1      |             |            |            | NA          |        |                 |
| u_core.u_fetch_buffer.read_index_q_reg_p:CK (DFFR_X1)                                                                                        |        | 0.001       | 0.000      | 0.000      |             | 0.000  | 0.000r          |
| clock core_clock (rise edge)                                                                                                                 |        |             |            |            |             | 0      | 0               |
| clock network delay (ideal)                                                                                                                  |        |             |            |            |             | 0.000  | 0.000           |
| u_core.u_fetch_buffer.read_index_q_reg_p:CK (DFFR_X1)                                                                                        |        | 0.001       | 0.000      | 0.000      |             | 0.000  | 0.000r          |
| u_core.u_fetch_buffer.read_index_q_reg_p:Q (DFFR_X1)                                                                                         |        | 0.023       | 0.000      | 0.058      |             | 0.151  | 0.151r          |
| u_core.u_fetch_buffer.read_index_q (net)                                                                                                     | 15     |             |            |            | 0.000       |        |                 |
| u_core.u_fetch_buffer.read_index_q_BUF_X1_A:A (BUF_X1)                                                                                       |        | 0.001       | 0.000      | 0.058      |             | 0.000  | 0.151r          |
| u_core.u_fetch_buffer.read_index_q_BUF_X1_A:Z (BUF_X1)                                                                                       |        | 0.039       | 0.000      | 0.092      |             | 0.121  | 0.273r          |
| u_core.u_fetch_buffer.read_index_q_BUF_X1_A_Z (net)                                                                                          | 24     |             |            |            | 0.000       |        |                 |
| u_core.u_fetch_buffer.read_index_q_BUF_X1_A_Z_BUF_X1_A:A (BUF_X1)                                                                            |        | 0.001       | 0.000      | 0.092      |             | 0.000  | 0.273r          |
| u_core.u_fetch_buffer.read_index_q_BUF_X1_A_Z_BUF_X1_A:Z (BUF_X1)                                                                            |        | 0.038       | 0.000      | 0.090      |             | 0.121  | 0.394r          |
| u_core.u_fetch_buffer.entry_array_q[0]_85__MUX2_X1_A_S (net)                                                                                 | 24     |             |            |            | 0.000       |        |                 |
| u_core.u_fetch_buffer.entry_array_q[1]_86__MUX2_X1_B:S (MUX2_X1)                                                                             |        | 0.002       | 0.000      | 0.090      |             | 0.000  | 0.394r          |
| u_core.u_fetch_buffer.entry_array_q[1]_86__MUX2_X1_B:Z (MUX2_X1)                                                                             |        | 0.001       | 0.000      | 0.010      |             | 0.046  | 0.440r          |
| u_core.u_fetch_buffer.entry_array_q[1]_86__MUX2_X1_B_Z (net)                                                                                 | 1      |             |            |            | 0.000       |        |                 |
| u_core.u_fetch_buffer.entry_array_q[1]_86__MUX2_X1_B_Z_BUF_X1_A:A (BUF_X1)                                                                   |        | 0.001       | 0.000      | 0.010      |             | 0.000  | 0.440r          |
| u_core.u_fetch_buffer.entry_array_q[1]_86__MUX2_X1_B_Z_BUF_X1_A:Z (BUF_X1)                                                                   |        | 0.042       | 0.000      | 0.099      |             | 0.120  | 0.560r          |
| u_core.execute_packet_215__XNOR2_X1_A_B (net)                                                                                                | 24     |             |            |            | 0.000       |        |                 |
| u_core.u_fetch_buffer.entry_array_q[0]_85__MUX2_X1_A_Z_NOR2_X1_A1:A2 (NOR2_X1)                                                               |        | 0.002       | 0.000      | 0.099      |             | 0.000  | 0.560r          |
| u_core.u_fetch_buffer.entry_array_q[0]_85__MUX2_X1_A_Z_NOR2_X1_A1:ZN (NOR2_X1)                                                               |        | 0.013       | 0.000      | 0.036      |             | 0.049  | 0.609f          |
| u_core.u_fetch_buffer.entry_array_q[0]_85__MUX2_X1_A_Z_NOR2_X1_A1_ZN (net)                                                                   | 10     |             |            |            | 0.000       |        |                 |
| u_core.csr_mepc_11__AOI221_X1_B2_A_OR4_X1_A4_ZN_AOI22_X1_A2_B2_OAI221_X1_ZN_B1_NAND4_X1_ZN:A1 (NAND4_X1)                                     |        | 0.002       | 0.000      | 0.036      |             | 0.000  | 0.609f          |
| u_core.csr_mepc_11__AOI221_X1_B2_A_OR4_X1_A4_ZN_AOI22_X1_A2_B2_OAI221_X1_ZN_B1_NAND4_X1_ZN:ZN (NAND4_X1)                                     |        | 0.005       | 0.000      | 0.028      |             | 0.041  | 0.650r          |
| u_core.csr_mepc_11__AOI221_X1_B2_A_OR4_X1_A4_ZN_AOI22_X1_A2_B2_OAI221_X1_ZN_B1 (net)                                                         | 3      |             |            |            | 0.000       |        |                 |
| u_core.u_id_ex_reg.skid_execute_packet_q_207__MUX2_X1_A_B_AOI21_X1_ZN_B2_AND3_X1_A3_A2_OAI211_X1_ZN:B (OAI211_X1)                            |        | 0.002       | 0.000      | 0.028      |             | 0.000  | 0.650r          |
| u_core.u_id_ex_reg.skid_execute_packet_q_207__MUX2_X1_A_B_AOI21_X1_ZN_B2_AND3_X1_A3_A2_OAI211_X1_ZN:ZN (OAI211_X1)                           |        | 0.002       | 0.000      | 0.030      |             | 0.035  | 0.685f          |
| u_core.u_id_ex_reg.skid_execute_packet_q_207__MUX2_X1_A_B_AOI21_X1_ZN_B2_AND3_X1_A3_A2 (net)                                                 | 2      |             |            |            | 0.000       |        |                 |
| u_core.u_id_ex_reg.skid_execute_packet_q_207__MUX2_X1_A_B_AOI21_X1_ZN_B2_AND3_X1_A3:A2 (AND3_X1)                                             |        | 0.001       | 0.000      | 0.030      |             | 0.000  | 0.685f          |
| u_core.u_id_ex_reg.skid_execute_packet_q_207__MUX2_X1_A_B_AOI21_X1_ZN_B2_AND3_X1_A3:ZN (AND3_X1)                                             |        | 0.006       | 0.000      | 0.012      |             | 0.053  | 0.738f          |
| u_core.execute_blocking_producer_present_OAI22_X1_A1_ZN_NOR4_X1_A4_A1 (net)                                                                  | 5      |             |            |            | 0.000       |        |                 |
| u_core.execute_blocking_producer_present_OAI22_X1_A1_ZN_NOR4_X1_A4:A1 (NOR4_X1)                                                              |        | 0.002       | 0.000      | 0.012      |             | 0.000  | 0.738f          |
| u_core.execute_blocking_producer_present_OAI22_X1_A1_ZN_NOR4_X1_A4:ZN (NOR4_X1)                                                              |        | 0.009       | 0.000      | 0.112      |             | 0.126  | 0.864r          |
| u_core.execute_blocking_producer_present_OAI22_X1_A1_ZN_NOR4_X1_A4_ZN (net)                                                                  | 6      |             |            |            | 0.000       |        |                 |
| u_core.execute_packet_91__reg_p_D_OAI22_X1_ZN_A2_NAND2_X1_ZN_A1_OAI22_X1_ZN_A1_AOI221_X1_ZN_B2_NAND3_X1_A2_A1_INV_X1_ZN:A (INV_X1)           |        | 0.002       | 0.000      | 0.112      |             | 0.000  | 0.864r          |
| u_core.execute_packet_91__reg_p_D_OAI22_X1_ZN_A2_NAND2_X1_ZN_A1_OAI22_X1_ZN_A1_AOI221_X1_ZN_B2_NAND3_X1_A2_A1_INV_X1_ZN:ZN (INV_X1)          |        | 0.003       | 0.000      | 0.025      |             | 0.017  | 0.880f          |
| u_core.execute_packet_91__reg_p_D_OAI22_X1_ZN_A2_NAND2_X1_ZN_A1_OAI22_X1_ZN_A1_AOI221_X1_ZN_B2_NAND3_X1_A2_A1 (net)                          | 2      |             |            |            | 0.000       |        |                 |
| u_core.execute_packet_91__reg_p_D_OAI22_X1_ZN_A2_NAND2_X1_ZN_A1_OAI22_X1_ZN_A1_AOI221_X1_ZN_B2_NAND3_X1_A2_A1_NAND2_X1_A1:A1 (NAND2_X1)      |        | 0.002       | 0.000      | 0.025      |             | 0.000  | 0.880f          |
| u_core.execute_packet_91__reg_p_D_OAI22_X1_ZN_A2_NAND2_X1_ZN_A1_OAI22_X1_ZN_A1_AOI221_X1_ZN_B2_NAND3_X1_A2_A1_NAND2_X1_A1:ZN (NAND2_X1)      |        | 0.010       | 0.000      | 0.030      |             | 0.045  | 0.925r          |
| u_core.resolved_execute_result_168__NOR3_X1_A2_A1 (net)                                                                                      | 6      |             |            |            | 0.000       |        |                 |
| u_core.u_commit.writeback_result_i_234__AOI22_X1_B1_ZN_NAND3_X1_A3_ZN_AOI211_X1_A_ZN_OAI211_X1_A_ZN_AOI211_X1_B_C2_OAI21_X1_ZN:A (OAI21_X1)  |        | 0.002       | 0.000      | 0.030      |             | 0.000  | 0.925r          |
| u_core.u_commit.writeback_result_i_234__AOI22_X1_B1_ZN_NAND3_X1_A3_ZN_AOI211_X1_A_ZN_OAI211_X1_A_ZN_AOI211_X1_B_C2_OAI21_X1_ZN:ZN (OAI21_X1) |        | 0.001       | 0.000      | 0.015      |             | 0.024  | 0.949f          |
| u_core.u_commit.writeback_result_i_234__AOI22_X1_B1_ZN_NAND3_X1_A3_ZN_AOI211_X1_A_ZN_OAI211_X1_A_ZN_AOI211_X1_B_C2 (net)                     | 1      |             |            |            | 0.000       |        |                 |
| u_core.u_commit.writeback_result_i_234__AOI22_X1_B1_ZN_NAND3_X1_A3_ZN_AOI211_X1_A_ZN_OAI211_X1_A_ZN_AOI211_X1_B:C2 (AOI211_X1)               |        | 0.002       | 0.000      | 0.015      |             | 0.000  | 0.949f          |
| u_core.u_commit.writeback_result_i_234__AOI22_X1_B1_ZN_NAND3_X1_A3_ZN_AOI211_X1_A_ZN_OAI211_X1_A_ZN_AOI211_X1_B:ZN (AOI211_X1)               |        | 0.009       | 0.000      | 0.096      |             | 0.113  | 1.062r          |
| u_core.execute_packet_209__reg_p_D_MUX2_X1_Z_B_NAND2_X1_A2_A1 (net)                                                                          | 6      |             |            |            | 0.000       |        |                 |
| u_core.execute_packet_209__reg_p_D_MUX2_X1_Z_B_NAND2_X1_A2_A1_NAND2_X1_A1:A1 (NAND2_X1)                                                      |        | 0.002       | 0.000      | 0.096      |             | 0.000  | 1.062r          |
| u_core.execute_packet_209__reg_p_D_MUX2_X1_Z_B_NAND2_X1_A2_A1_NAND2_X1_A1:ZN (NAND2_X1)                                                      |        | 0.010       | 0.000      | 0.039      |             | 0.057  | 1.119f          |
| u_core.u_fetch_buffer.entry_count_d_1__AOI21_X1_ZN_B2_NOR2_X1_ZN_A1 (net)                                                                    | 7      |             |            |            | 0.000       |        |                 |
| u_core.execute_blocking_producer_present_reg_p_CK_CLKGATE_X1_GCK_E_OAI21_X1_ZN:B1 (OAI21_X1)                                                 |        | 0.002       | 0.000      | 0.039      |             | 0.000  | 1.119f          |
| u_core.execute_blocking_producer_present_reg_p_CK_CLKGATE_X1_GCK_E_OAI21_X1_ZN:ZN (OAI21_X1)                                                 |        | 0.001       | 0.000      | 0.020      |             | 0.036  | 1.155r          |
| u_core.execute_blocking_producer_present_reg_p_CK_CLKGATE_X1_GCK_E (net)                                                                     | 1      |             |            |            | 0.000       |        |                 |
| u_core.execute_blocking_producer_present_reg_p_CK_CLKGATE_X1_GCK:E (CLKGATE_X1)                                                              |        | 0.001       | 0.000      | 0.020      |             | 0.000  | 1.155r          |
|                                                                                                                                              |        |             |            |            |             |        |                 |
| clk_i (port)                                                                                                                                 |        | 1.028       | 0.000      | 0.100      |             | 0.000  | 0.000r          |
| clk_i (clock net)                                                                                                                            | 632    |             |            |            | NA          |        |                 |
| u_core.execute_blocking_producer_present_reg_p_CK_CLKGATE_X1_GCK:CK (CLKGATE_X1)                                                             |        | 0.002       | 0.000      | 0.000      |             | 0.000  | 0.000r          |
| clock core_clock (rise edge)                                                                                                                 |        |             |            |            |             | 1.428  | 1.428           |
| clock network delay (ideal)                                                                                                                  |        |             |            |            |             | 0.000  | 1.428           |
| u_core.execute_blocking_producer_present_reg_p_CK_CLKGATE_X1_GCK:CK (CLKGATE_X1)                                                             |        |             |            |            |             |        | 1.428r          |
| library setup time                                                                                                                           |        |             |            |            |             | -0.052 | 1.376           |
| clock reconvergence pessimism                                                                                                                |        |             |            |            |             | 0.000  | 1.376           |
|                                                                                                                                              |        |             |            |            |             |        |                 |
| path cell delay                                                                                                                              |        |             |            |            |             |        | 1.155(100.000%) |
| path net delay                                                                                                                               |        |             |            |            |             |        | 0.000(0.000%)   |
|                                                                                                                                              |        |             |            |            |             |        |                 |
| data require time                                                                                                                            |        |             |            |            |             |        | 1.376           |
| data arrival time                                                                                                                            |        |             |            |            |             |        | 1.155           |
| slack (MET)                                                                                                                                  |        |             |            |            |             |        | 0.221           |
+----------------------------------------------------------------------------------------------------------------------------------------------+--------+-------------+------------+------------+-------------+--------+-----------------+
+----------------------------------------------------------------------------------------------------------------------------------------------+--------+-------------+------------+------------+-------------+--------+-----------------+
| Point                                                                                                                                        | Fanout | Capacitance | Resistance | Transition | Delta Delay | Incr   | Path            |
+----------------------------------------------------------------------------------------------------------------------------------------------+--------+-------------+------------+------------+-------------+--------+-----------------+
| clk_i (port)                                                                                                                                 |        | 1.028       | 0.000      | 0.100      |             | 0.000  | 0.000r          |
| clk_i (clock net)                                                                                                                            | 632    |             |            |            | NA          |        |                 |
| u_core.u_fetch_buffer.read_index_q_reg_p_CK_CLKGATE_X1_GCK:CK (CLKGATE_X1)                                                                   |        | 0.002       | 0.000      | 0.000      |             | 0.000  | 0.000r          |
| u_core.u_fetch_buffer.read_index_q_reg_p_CK_CLKGATE_X1_GCK:GCK (CLKGATE_X1)                                                                  |        | 0.001       | 0.000      | 0.000      |             | 0.000  | 0.000r          |
| u_core.u_fetch_buffer.read_index_q_reg_p_CK (clock net)                                                                                      | 1      |             |            |            | NA          |        |                 |
| u_core.u_fetch_buffer.read_index_q_reg_p:CK (DFFR_X1)                                                                                        |        | 0.001       | 0.000      | 0.000      |             | 0.000  | 0.000r          |
| clock core_clock (rise edge)                                                                                                                 |        |             |            |            |             | 0      | 0               |
| clock network delay (ideal)                                                                                                                  |        |             |            |            |             | 0.000  | 0.000           |
| u_core.u_fetch_buffer.read_index_q_reg_p:CK (DFFR_X1)                                                                                        |        | 0.001       | 0.000      | 0.000      |             | 0.000  | 0.000r          |
| u_core.u_fetch_buffer.read_index_q_reg_p:Q (DFFR_X1)                                                                                         |        | 0.023       | 0.000      | 0.058      |             | 0.151  | 0.151r          |
| u_core.u_fetch_buffer.read_index_q (net)                                                                                                     | 15     |             |            |            | 0.000       |        |                 |
| u_core.u_fetch_buffer.read_index_q_BUF_X1_A:A (BUF_X1)                                                                                       |        | 0.001       | 0.000      | 0.058      |             | 0.000  | 0.151r          |
| u_core.u_fetch_buffer.read_index_q_BUF_X1_A:Z (BUF_X1)                                                                                       |        | 0.039       | 0.000      | 0.092      |             | 0.121  | 0.273r          |
| u_core.u_fetch_buffer.read_index_q_BUF_X1_A_Z (net)                                                                                          | 24     |             |            |            | 0.000       |        |                 |
| u_core.u_fetch_buffer.read_index_q_BUF_X1_A_Z_BUF_X1_A:A (BUF_X1)                                                                            |        | 0.001       | 0.000      | 0.092      |             | 0.000  | 0.273r          |
| u_core.u_fetch_buffer.read_index_q_BUF_X1_A_Z_BUF_X1_A:Z (BUF_X1)                                                                            |        | 0.038       | 0.000      | 0.090      |             | 0.121  | 0.394r          |
| u_core.u_fetch_buffer.entry_array_q[0]_85__MUX2_X1_A_S (net)                                                                                 | 24     |             |            |            | 0.000       |        |                 |
| u_core.u_fetch_buffer.entry_array_q[1]_86__MUX2_X1_B:S (MUX2_X1)                                                                             |        | 0.002       | 0.000      | 0.090      |             | 0.000  | 0.394r          |
| u_core.u_fetch_buffer.entry_array_q[1]_86__MUX2_X1_B:Z (MUX2_X1)                                                                             |        | 0.001       | 0.000      | 0.010      |             | 0.046  | 0.440r          |
| u_core.u_fetch_buffer.entry_array_q[1]_86__MUX2_X1_B_Z (net)                                                                                 | 1      |             |            |            | 0.000       |        |                 |
| u_core.u_fetch_buffer.entry_array_q[1]_86__MUX2_X1_B_Z_BUF_X1_A:A (BUF_X1)                                                                   |        | 0.001       | 0.000      | 0.010      |             | 0.000  | 0.440r          |
| u_core.u_fetch_buffer.entry_array_q[1]_86__MUX2_X1_B_Z_BUF_X1_A:Z (BUF_X1)                                                                   |        | 0.042       | 0.000      | 0.099      |             | 0.120  | 0.560r          |
| u_core.execute_packet_215__XNOR2_X1_A_B (net)                                                                                                | 24     |             |            |            | 0.000       |        |                 |
| u_core.u_fetch_buffer.entry_array_q[0]_85__MUX2_X1_A_Z_NOR2_X1_A1:A2 (NOR2_X1)                                                               |        | 0.002       | 0.000      | 0.099      |             | 0.000  | 0.560r          |
| u_core.u_fetch_buffer.entry_array_q[0]_85__MUX2_X1_A_Z_NOR2_X1_A1:ZN (NOR2_X1)                                                               |        | 0.013       | 0.000      | 0.036      |             | 0.049  | 0.609f          |
| u_core.u_fetch_buffer.entry_array_q[0]_85__MUX2_X1_A_Z_NOR2_X1_A1_ZN (net)                                                                   | 10     |             |            |            | 0.000       |        |                 |
| u_core.csr_mepc_11__AOI221_X1_B2_A_OR4_X1_A4_ZN_AOI22_X1_A2_B2_OAI221_X1_ZN_B1_NAND4_X1_ZN:A1 (NAND4_X1)                                     |        | 0.002       | 0.000      | 0.036      |             | 0.000  | 0.609f          |
| u_core.csr_mepc_11__AOI221_X1_B2_A_OR4_X1_A4_ZN_AOI22_X1_A2_B2_OAI221_X1_ZN_B1_NAND4_X1_ZN:ZN (NAND4_X1)                                     |        | 0.005       | 0.000      | 0.028      |             | 0.041  | 0.650r          |
| u_core.csr_mepc_11__AOI221_X1_B2_A_OR4_X1_A4_ZN_AOI22_X1_A2_B2_OAI221_X1_ZN_B1 (net)                                                         | 3      |             |            |            | 0.000       |        |                 |
| u_core.u_id_ex_reg.skid_execute_packet_q_207__MUX2_X1_A_B_AOI21_X1_ZN_B2_AND3_X1_A3_A2_OAI211_X1_ZN:B (OAI211_X1)                            |        | 0.002       | 0.000      | 0.028      |             | 0.000  | 0.650r          |
| u_core.u_id_ex_reg.skid_execute_packet_q_207__MUX2_X1_A_B_AOI21_X1_ZN_B2_AND3_X1_A3_A2_OAI211_X1_ZN:ZN (OAI211_X1)                           |        | 0.002       | 0.000      | 0.030      |             | 0.035  | 0.685f          |
| u_core.u_id_ex_reg.skid_execute_packet_q_207__MUX2_X1_A_B_AOI21_X1_ZN_B2_AND3_X1_A3_A2 (net)                                                 | 2      |             |            |            | 0.000       |        |                 |
| u_core.u_id_ex_reg.skid_execute_packet_q_207__MUX2_X1_A_B_AOI21_X1_ZN_B2_AND3_X1_A3:A2 (AND3_X1)                                             |        | 0.001       | 0.000      | 0.030      |             | 0.000  | 0.685f          |
| u_core.u_id_ex_reg.skid_execute_packet_q_207__MUX2_X1_A_B_AOI21_X1_ZN_B2_AND3_X1_A3:ZN (AND3_X1)                                             |        | 0.006       | 0.000      | 0.012      |             | 0.053  | 0.738f          |
| u_core.execute_blocking_producer_present_OAI22_X1_A1_ZN_NOR4_X1_A4_A1 (net)                                                                  | 5      |             |            |            | 0.000       |        |                 |
| u_core.execute_blocking_producer_present_OAI22_X1_A1_ZN_NOR4_X1_A4:A1 (NOR4_X1)                                                              |        | 0.002       | 0.000      | 0.012      |             | 0.000  | 0.738f          |
| u_core.execute_blocking_producer_present_OAI22_X1_A1_ZN_NOR4_X1_A4:ZN (NOR4_X1)                                                              |        | 0.009       | 0.000      | 0.112      |             | 0.126  | 0.864r          |
| u_core.execute_blocking_producer_present_OAI22_X1_A1_ZN_NOR4_X1_A4_ZN (net)                                                                  | 6      |             |            |            | 0.000       |        |                 |
| u_core.execute_packet_91__reg_p_D_OAI22_X1_ZN_A2_NAND2_X1_ZN_A1_OAI22_X1_ZN_A1_AOI221_X1_ZN_B2_NAND3_X1_A2_A1_INV_X1_ZN:A (INV_X1)           |        | 0.002       | 0.000      | 0.112      |             | 0.000  | 0.864r          |
| u_core.execute_packet_91__reg_p_D_OAI22_X1_ZN_A2_NAND2_X1_ZN_A1_OAI22_X1_ZN_A1_AOI221_X1_ZN_B2_NAND3_X1_A2_A1_INV_X1_ZN:ZN (INV_X1)          |        | 0.003       | 0.000      | 0.025      |             | 0.017  | 0.880f          |
| u_core.execute_packet_91__reg_p_D_OAI22_X1_ZN_A2_NAND2_X1_ZN_A1_OAI22_X1_ZN_A1_AOI221_X1_ZN_B2_NAND3_X1_A2_A1 (net)                          | 2      |             |            |            | 0.000       |        |                 |
| u_core.execute_packet_91__reg_p_D_OAI22_X1_ZN_A2_NAND2_X1_ZN_A1_OAI22_X1_ZN_A1_AOI221_X1_ZN_B2_NAND3_X1_A2_A1_NAND2_X1_A1:A1 (NAND2_X1)      |        | 0.002       | 0.000      | 0.025      |             | 0.000  | 0.880f          |
| u_core.execute_packet_91__reg_p_D_OAI22_X1_ZN_A2_NAND2_X1_ZN_A1_OAI22_X1_ZN_A1_AOI221_X1_ZN_B2_NAND3_X1_A2_A1_NAND2_X1_A1:ZN (NAND2_X1)      |        | 0.010       | 0.000      | 0.030      |             | 0.045  | 0.925r          |
| u_core.resolved_execute_result_168__NOR3_X1_A2_A1 (net)                                                                                      | 6      |             |            |            | 0.000       |        |                 |
| u_core.u_commit.writeback_result_i_234__AOI22_X1_B1_ZN_NAND3_X1_A3_ZN_AOI211_X1_A_ZN_OAI211_X1_A_ZN_AOI211_X1_B_C2_OAI21_X1_ZN:A (OAI21_X1)  |        | 0.002       | 0.000      | 0.030      |             | 0.000  | 0.925r          |
| u_core.u_commit.writeback_result_i_234__AOI22_X1_B1_ZN_NAND3_X1_A3_ZN_AOI211_X1_A_ZN_OAI211_X1_A_ZN_AOI211_X1_B_C2_OAI21_X1_ZN:ZN (OAI21_X1) |        | 0.001       | 0.000      | 0.015      |             | 0.024  | 0.949f          |
| u_core.u_commit.writeback_result_i_234__AOI22_X1_B1_ZN_NAND3_X1_A3_ZN_AOI211_X1_A_ZN_OAI211_X1_A_ZN_AOI211_X1_B_C2 (net)                     | 1      |             |            |            | 0.000       |        |                 |
| u_core.u_commit.writeback_result_i_234__AOI22_X1_B1_ZN_NAND3_X1_A3_ZN_AOI211_X1_A_ZN_OAI211_X1_A_ZN_AOI211_X1_B:C2 (AOI211_X1)               |        | 0.002       | 0.000      | 0.015      |             | 0.000  | 0.949f          |
| u_core.u_commit.writeback_result_i_234__AOI22_X1_B1_ZN_NAND3_X1_A3_ZN_AOI211_X1_A_ZN_OAI211_X1_A_ZN_AOI211_X1_B:ZN (AOI211_X1)               |        | 0.009       | 0.000      | 0.096      |             | 0.113  | 1.062r          |
| u_core.execute_packet_209__reg_p_D_MUX2_X1_Z_B_NAND2_X1_A2_A1 (net)                                                                          | 6      |             |            |            | 0.000       |        |                 |
| u_core.execute_packet_209__reg_p_D_MUX2_X1_Z_B_NAND2_X1_A2_A1_NAND2_X1_A1:A1 (NAND2_X1)                                                      |        | 0.002       | 0.000      | 0.096      |             | 0.000  | 1.062r          |
| u_core.execute_packet_209__reg_p_D_MUX2_X1_Z_B_NAND2_X1_A2_A1_NAND2_X1_A1:ZN (NAND2_X1)                                                      |        | 0.010       | 0.000      | 0.039      |             | 0.057  | 1.119f          |
| u_core.u_fetch_buffer.entry_count_d_1__AOI21_X1_ZN_B2_NOR2_X1_ZN_A1 (net)                                                                    | 7      |             |            |            | 0.000       |        |                 |
| u_core.u_id_ex_reg.skid_execute_packet_valid_q_reg_p_CK_CLKGATE_X1_GCK_E_OAI21_X1_ZN:B1 (OAI21_X1)                                           |        | 0.002       | 0.000      | 0.039      |             | 0.000  | 1.119f          |
| u_core.u_id_ex_reg.skid_execute_packet_valid_q_reg_p_CK_CLKGATE_X1_GCK_E_OAI21_X1_ZN:ZN (OAI21_X1)                                           |        | 0.001       | 0.000      | 0.020      |             | 0.036  | 1.155r          |
| u_core.u_id_ex_reg.skid_execute_packet_valid_q_reg_p_CK_CLKGATE_X1_GCK_E (net)                                                               | 1      |             |            |            | 0.000       |        |                 |
| u_core.u_id_ex_reg.skid_execute_packet_valid_q_reg_p_CK_CLKGATE_X1_GCK:E (CLKGATE_X1)                                                        |        | 0.001       | 0.000      | 0.020      |             | 0.000  | 1.155r          |
|                                                                                                                                              |        |             |            |            |             |        |                 |
| clk_i (port)                                                                                                                                 |        | 1.028       | 0.000      | 0.100      |             | 0.000  | 0.000r          |
| clk_i (clock net)                                                                                                                            | 632    |             |            |            | NA          |        |                 |
| u_core.u_id_ex_reg.skid_execute_packet_valid_q_reg_p_CK_CLKGATE_X1_GCK:CK (CLKGATE_X1)                                                       |        | 0.002       | 0.000      | 0.000      |             | 0.000  | 0.000r          |
| clock core_clock (rise edge)                                                                                                                 |        |             |            |            |             | 1.428  | 1.428           |
| clock network delay (ideal)                                                                                                                  |        |             |            |            |             | 0.000  | 1.428           |
| u_core.u_id_ex_reg.skid_execute_packet_valid_q_reg_p_CK_CLKGATE_X1_GCK:CK (CLKGATE_X1)                                                       |        |             |            |            |             |        | 1.428r          |
| library setup time                                                                                                                           |        |             |            |            |             | -0.052 | 1.376           |
| clock reconvergence pessimism                                                                                                                |        |             |            |            |             | 0.000  | 1.376           |
|                                                                                                                                              |        |             |            |            |             |        |                 |
| path cell delay                                                                                                                              |        |             |            |            |             |        | 1.155(100.000%) |
| path net delay                                                                                                                               |        |             |            |            |             |        | 0.000(0.000%)   |
|                                                                                                                                              |        |             |            |            |             |        |                 |
| data require time                                                                                                                            |        |             |            |            |             |        | 1.376           |
| data arrival time                                                                                                                            |        |             |            |            |             |        | 1.155           |
| slack (MET)                                                                                                                                  |        |             |            |            |             |        | 0.221           |
+----------------------------------------------------------------------------------------------------------------------------------------------+--------+-------------+------------+------------+-------------+--------+-----------------+
+---------------------------------------------------------------------------------------------------------+--------+-------------+------------+------------+-------------+--------+-----------------+
| Point                                                                                                   | Fanout | Capacitance | Resistance | Transition | Delta Delay | Incr   | Path            |
+---------------------------------------------------------------------------------------------------------+--------+-------------+------------+------------+-------------+--------+-----------------+
| clk_i (port)                                                                                            |        | 1.028       | 0.000      | 0.100      |             | 0.000  | 0.000r          |
| clk_i (clock net)                                                                                       | 632    |             |            |            | NA          |        |                 |
| u_core.u_lsu.lsu_req_handshake_NOR4_X1_ZN_A1_NAND3_X1_ZN_A3_AND4_X1_A4_ZN_CLKGATE_X1_E:CK (CLKGATE_X1)  |        | 0.002       | 0.000      | 0.000      |             | 0.000  | 0.000r          |
| u_core.u_lsu.lsu_req_handshake_NOR4_X1_ZN_A1_NAND3_X1_ZN_A3_AND4_X1_A4_ZN_CLKGATE_X1_E:GCK (CLKGATE_X1) |        | 0.249       | 0.000      | 0.000      |             | 0.000  | 0.000r          |
| u_core.resolved_execute_result_75__reg_p_CK (clock net)                                                 | 262    |             |            |            | NA          |        |                 |
| u_core.execute_redirect_req_at_resolution_12__reg_p:CK (DFF_X1)                                         |        | 0.001       | 0.000      | 0.000      |             | 0.000  | 0.000r          |
| clock core_clock (rise edge)                                                                            |        |             |            |            |             | 0      | 0               |
| clock network delay (ideal)                                                                             |        |             |            |            |             | 0.000  | 0.000           |
| u_core.execute_redirect_req_at_resolution_12__reg_p:CK (DFF_X1)                                         |        | 0.001       | 0.000      | 0.000      |             | 0.000  | 0.000r          |
| u_core.execute_redirect_req_at_resolution_12__reg_p:QN (DFF_X1)                                         |        | 0.001       | 0.000      | 0.011      |             | 0.063  | 0.063r          |
| u_core.execute_redirect_req_at_resolution_12__reg_p_QN (net)                                            | 1      |             |            |            | 0.000       |        |                 |
| u_core.u_branch_predictor.u_ras.return_pc_q_2__reg_p:D (DFF_X1)                                         |        | 0.001       | 0.000      | 0.011      |             | 0.000  | 0.063r          |
|                                                                                                         |        |             |            |            |             |        |                 |
| clk_i (port)                                                                                            |        | 1.028       | 0.000      | 0.100      |             | 0.000  | 0.000r          |
| clk_i (clock net)                                                                                       | 632    |             |            |            | NA          |        |                 |
| u_core.u_branch_predictor.u_ras.push_requested_CLKGATE_X1_E:CK (CLKGATE_X1)                             |        | 0.002       | 0.000      | 0.000      |             | 0.000  | 0.000r          |
| u_core.u_branch_predictor.u_ras.push_requested_CLKGATE_X1_E:GCK (CLKGATE_X1)                            |        | 0.030       | 0.000      | 0.000      |             | 0.000  | 0.000r          |
| u_core.u_branch_predictor.u_ras.return_pc_q_0__reg_p_CK (clock net)                                     | 32     |             |            |            | NA          |        |                 |
| u_core.u_branch_predictor.u_ras.return_pc_q_2__reg_p:CK (DFF_X1)                                        |        | 0.001       | 0.000      | 0.000      |             | 0.000  | 0.000r          |
| clock core_clock (rise edge)                                                                            |        |             |            |            |             | 0      | 0               |
| clock network delay (ideal)                                                                             |        |             |            |            |             | 0.000  | 0.000           |
| u_core.u_branch_predictor.u_ras.return_pc_q_2__reg_p:CK (DFF_X1)                                        |        |             |            |            |             |        | 0.000r          |
| library hold time                                                                                       |        |             |            |            |             | 0.006  | 0.006           |
| clock reconvergence pessimism                                                                           |        |             |            |            |             | -0.000 | 0.006           |
|                                                                                                         |        |             |            |            |             |        |                 |
| path cell delay                                                                                         |        |             |            |            |             |        | 0.063(100.000%) |
| path net delay                                                                                          |        |             |            |            |             |        | 0.000(0.000%)   |
|                                                                                                         |        |             |            |            |             |        |                 |
| data require time                                                                                       |        |             |            |            |             |        | 0.006           |
| data arrival time                                                                                       |        |             |            |            |             |        | 0.063           |
| slack (MET)                                                                                             |        |             |            |            |             |        | 0.057           |
+---------------------------------------------------------------------------------------------------------+--------+-------------+------------+------------+-------------+--------+-----------------+
+---------------------------------------------------------------------------------------------------------+--------+-------------+------------+------------+-------------+--------+-----------------+
| Point                                                                                                   | Fanout | Capacitance | Resistance | Transition | Delta Delay | Incr   | Path            |
+---------------------------------------------------------------------------------------------------------+--------+-------------+------------+------------+-------------+--------+-----------------+
| clk_i (port)                                                                                            |        | 1.028       | 0.000      | 0.100      |             | 0.000  | 0.000r          |
| clk_i (clock net)                                                                                       | 632    |             |            |            | NA          |        |                 |
| u_core.u_lsu.lsu_req_handshake_NOR4_X1_ZN_A1_NAND3_X1_ZN_A3_AND4_X1_A4_ZN_CLKGATE_X1_E:CK (CLKGATE_X1)  |        | 0.002       | 0.000      | 0.000      |             | 0.000  | 0.000r          |
| u_core.u_lsu.lsu_req_handshake_NOR4_X1_ZN_A1_NAND3_X1_ZN_A3_AND4_X1_A4_ZN_CLKGATE_X1_E:GCK (CLKGATE_X1) |        | 0.249       | 0.000      | 0.000      |             | 0.000  | 0.000r          |
| u_core.resolved_execute_result_75__reg_p_CK (clock net)                                                 | 262    |             |            |            | NA          |        |                 |
| u_core.execute_redirect_req_at_resolution_12__reg_p:CK (DFF_X1)                                         |        | 0.001       | 0.000      | 0.000      |             | 0.000  | 0.000r          |
| clock core_clock (rise edge)                                                                            |        |             |            |            |             | 0      | 0               |
| clock network delay (ideal)                                                                             |        |             |            |            |             | 0.000  | 0.000           |
| u_core.execute_redirect_req_at_resolution_12__reg_p:CK (DFF_X1)                                         |        | 0.001       | 0.000      | 0.000      |             | 0.000  | 0.000r          |
| u_core.execute_redirect_req_at_resolution_12__reg_p:QN (DFF_X1)                                         |        | 0.001       | 0.000      | 0.011      |             | 0.063  | 0.063r          |
| u_core.execute_redirect_req_at_resolution_12__reg_p_QN (net)                                            | 1      |             |            |            | 0.000       |        |                 |
| u_core.u_branch_predictor.u_ras.return_pc_q_2__reg_p:D (DFF_X1)                                         |        | 0.001       | 0.000      | 0.011      |             | 0.000  | 0.063r          |
|                                                                                                         |        |             |            |            |             |        |                 |
| clk_i (port)                                                                                            |        | 1.028       | 0.000      | 0.100      |             | 0.000  | 0.000r          |
| clk_i (clock net)                                                                                       | 632    |             |            |            | NA          |        |                 |
| u_core.u_branch_predictor.u_ras.push_requested_CLKGATE_X1_E:CK (CLKGATE_X1)                             |        | 0.002       | 0.000      | 0.000      |             | 0.000  | 0.000r          |
| u_core.u_branch_predictor.u_ras.push_requested_CLKGATE_X1_E:GCK (CLKGATE_X1)                            |        | 0.030       | 0.000      | 0.000      |             | 0.000  | 0.000r          |
| u_core.u_branch_predictor.u_ras.return_pc_q_0__reg_p_CK (clock net)                                     | 32     |             |            |            | NA          |        |                 |
| u_core.u_branch_predictor.u_ras.return_pc_q_2__reg_p:CK (DFF_X1)                                        |        | 0.001       | 0.000      | 0.000      |             | 0.000  | 0.000r          |
| clock core_clock (rise edge)                                                                            |        |             |            |            |             | 0      | 0               |
| clock network delay (ideal)                                                                             |        |             |            |            |             | 0.000  | 0.000           |
| u_core.u_branch_predictor.u_ras.return_pc_q_2__reg_p:CK (DFF_X1)                                        |        |             |            |            |             |        | 0.000r          |
| library hold time                                                                                       |        |             |            |            |             | 0.006  | 0.006           |
| clock reconvergence pessimism                                                                           |        |             |            |            |             | -0.000 | 0.006           |
|                                                                                                         |        |             |            |            |             |        |                 |
| path cell delay                                                                                         |        |             |            |            |             |        | 0.063(100.000%) |
| path net delay                                                                                          |        |             |            |            |             |        | 0.000(0.000%)   |
|                                                                                                         |        |             |            |            |             |        |                 |
| data require time                                                                                       |        |             |            |            |             |        | 0.006           |
| data arrival time                                                                                       |        |             |            |            |             |        | 0.063           |
| slack (MET)                                                                                             |        |             |            |            |             |        | 0.057           |
+---------------------------------------------------------------------------------------------------------+--------+-------------+------------+------------+-------------+--------+-----------------+
+---------------------------------------------------------------------------------+--------+-------------+------------+------------+-------------+--------+-----------------+
| Point                                                                           | Fanout | Capacitance | Resistance | Transition | Delta Delay | Incr   | Path            |
+---------------------------------------------------------------------------------+--------+-------------+------------+------------+-------------+--------+-----------------+
| clk_i (port)                                                                    |        | 1.028       | 0.000      | 0.100      |             | 0.000  | 0.000r          |
| clk_i (clock net)                                                               | 632    |             |            |            | NA          |        |                 |
| u_core.execute_packet_valid_reg_p_QN_OR2_X1_A1_ZN_CLKGATE_X1_E:CK (CLKGATE_X1)  |        | 0.002       | 0.000      | 0.000      |             | 0.000  | 0.000r          |
| u_core.execute_packet_valid_reg_p_QN_OR2_X1_A1_ZN_CLKGATE_X1_E:GCK (CLKGATE_X1) |        | 0.295       | 0.000      | 0.000      |             | 0.000  | 0.000r          |
| u_core.execute_packet_0__reg_p_CK (clock net)                                   | 311    |             |            |            | NA          |        |                 |
| u_core.execute_packet_296__reg_p:CK (DFF_X1)                                    |        | 0.001       | 0.000      | 0.000      |             | 0.000  | 0.000r          |
| clock core_clock (rise edge)                                                    |        |             |            |            |             | 0      | 0               |
| clock network delay (ideal)                                                     |        |             |            |            |             | 0.000  | 0.000           |
| u_core.execute_packet_296__reg_p:CK (DFF_X1)                                    |        | 0.001       | 0.000      | 0.000      |             | 0.000  | 0.000r          |
| u_core.execute_packet_296__reg_p:QN (DFF_X1)                                    |        | 0.003       | 0.000      | 0.013      |             | 0.066  | 0.066r          |
| u_core.lsu_req_66_ (net)                                                        | 3      |             |            |            | 0.000       |        |                 |
| u_core.u_lsu.active_lsu_req_66__reg_p:D (DFF_X1)                                |        | 0.001       | 0.000      | 0.013      |             | 0.000  | 0.066r          |
|                                                                                 |        |             |            |            |             |        |                 |
| clk_i (port)                                                                    |        | 1.028       | 0.000      | 0.100      |             | 0.000  | 0.000r          |
| clk_i (clock net)                                                               | 632    |             |            |            | NA          |        |                 |
| u_core.u_lsu.lsu_req_handshake_CLKGATE_X1_E:CK (CLKGATE_X1)                     |        | 0.002       | 0.000      | 0.000      |             | 0.000  | 0.000r          |
| u_core.u_lsu.lsu_req_handshake_CLKGATE_X1_E:GCK (CLKGATE_X1)                    |        | 0.165       | 0.000      | 0.000      |             | 0.000  | 0.000r          |
| u_core.lsu_pending_rd_0__reg_p_CK (clock net)                                   | 174    |             |            |            | NA          |        |                 |
| u_core.u_lsu.active_lsu_req_66__reg_p:CK (DFF_X1)                               |        | 0.001       | 0.000      | 0.000      |             | 0.000  | 0.000r          |
| clock core_clock (rise edge)                                                    |        |             |            |            |             | 0      | 0               |
| clock network delay (ideal)                                                     |        |             |            |            |             | 0.000  | 0.000           |
| u_core.u_lsu.active_lsu_req_66__reg_p:CK (DFF_X1)                               |        |             |            |            |             |        | 0.000r          |
| library hold time                                                               |        |             |            |            |             | 0.007  | 0.007           |
| clock reconvergence pessimism                                                   |        |             |            |            |             | -0.000 | 0.007           |
|                                                                                 |        |             |            |            |             |        |                 |
| path cell delay                                                                 |        |             |            |            |             |        | 0.066(100.000%) |
| path net delay                                                                  |        |             |            |            |             |        | 0.000(0.000%)   |
|                                                                                 |        |             |            |            |             |        |                 |
| data require time                                                               |        |             |            |            |             |        | 0.007           |
| data arrival time                                                               |        |             |            |            |             |        | 0.066           |
| slack (MET)                                                                     |        |             |            |            |             |        | 0.059           |
+---------------------------------------------------------------------------------+--------+-------------+------------+------------+-------------+--------+-----------------+
+---------------------------------------------------------------------------------+--------+-------------+------------+------------+-------------+--------+-----------------+
| Point                                                                           | Fanout | Capacitance | Resistance | Transition | Delta Delay | Incr   | Path            |
+---------------------------------------------------------------------------------+--------+-------------+------------+------------+-------------+--------+-----------------+
| clk_i (port)                                                                    |        | 1.028       | 0.000      | 0.100      |             | 0.000  | 0.000r          |
| clk_i (clock net)                                                               | 632    |             |            |            | NA          |        |                 |
| u_core.execute_packet_valid_reg_p_QN_OR2_X1_A1_ZN_CLKGATE_X1_E:CK (CLKGATE_X1)  |        | 0.002       | 0.000      | 0.000      |             | 0.000  | 0.000r          |
| u_core.execute_packet_valid_reg_p_QN_OR2_X1_A1_ZN_CLKGATE_X1_E:GCK (CLKGATE_X1) |        | 0.295       | 0.000      | 0.000      |             | 0.000  | 0.000r          |
| u_core.execute_packet_0__reg_p_CK (clock net)                                   | 311    |             |            |            | NA          |        |                 |
| u_core.execute_packet_296__reg_p:CK (DFF_X1)                                    |        | 0.001       | 0.000      | 0.000      |             | 0.000  | 0.000r          |
| clock core_clock (rise edge)                                                    |        |             |            |            |             | 0      | 0               |
| clock network delay (ideal)                                                     |        |             |            |            |             | 0.000  | 0.000           |
| u_core.execute_packet_296__reg_p:CK (DFF_X1)                                    |        | 0.001       | 0.000      | 0.000      |             | 0.000  | 0.000r          |
| u_core.execute_packet_296__reg_p:QN (DFF_X1)                                    |        | 0.003       | 0.000      | 0.013      |             | 0.066  | 0.066r          |
| u_core.lsu_req_66_ (net)                                                        | 3      |             |            |            | 0.000       |        |                 |
| u_core.u_lsu.active_lsu_req_66__reg_p:D (DFF_X1)                                |        | 0.001       | 0.000      | 0.013      |             | 0.000  | 0.066r          |
|                                                                                 |        |             |            |            |             |        |                 |
| clk_i (port)                                                                    |        | 1.028       | 0.000      | 0.100      |             | 0.000  | 0.000r          |
| clk_i (clock net)                                                               | 632    |             |            |            | NA          |        |                 |
| u_core.u_lsu.lsu_req_handshake_CLKGATE_X1_E:CK (CLKGATE_X1)                     |        | 0.002       | 0.000      | 0.000      |             | 0.000  | 0.000r          |
| u_core.u_lsu.lsu_req_handshake_CLKGATE_X1_E:GCK (CLKGATE_X1)                    |        | 0.165       | 0.000      | 0.000      |             | 0.000  | 0.000r          |
| u_core.lsu_pending_rd_0__reg_p_CK (clock net)                                   | 174    |             |            |            | NA          |        |                 |
| u_core.u_lsu.active_lsu_req_66__reg_p:CK (DFF_X1)                               |        | 0.001       | 0.000      | 0.000      |             | 0.000  | 0.000r          |
| clock core_clock (rise edge)                                                    |        |             |            |            |             | 0      | 0               |
| clock network delay (ideal)                                                     |        |             |            |            |             | 0.000  | 0.000           |
| u_core.u_lsu.active_lsu_req_66__reg_p:CK (DFF_X1)                               |        |             |            |            |             |        | 0.000r          |
| library hold time                                                               |        |             |            |            |             | 0.007  | 0.007           |
| clock reconvergence pessimism                                                   |        |             |            |            |             | -0.000 | 0.007           |
|                                                                                 |        |             |            |            |             |        |                 |
| path cell delay                                                                 |        |             |            |            |             |        | 0.066(100.000%) |
| path net delay                                                                  |        |             |            |            |             |        | 0.000(0.000%)   |
|                                                                                 |        |             |            |            |             |        |                 |
| data require time                                                               |        |             |            |            |             |        | 0.007           |
| data arrival time                                                               |        |             |            |            |             |        | 0.066           |
| slack (MET)                                                                     |        |             |            |            |             |        | 0.059           |
+---------------------------------------------------------------------------------+--------+-------------+------------+------------+-------------+--------+-----------------+
+-------------------------------------------------------------------------------------------+--------+-------------+------------+------------+-------------+--------+-----------------+
| Point                                                                                     | Fanout | Capacitance | Resistance | Transition | Delta Delay | Incr   | Path            |
+-------------------------------------------------------------------------------------------+--------+-------------+------------+------------+-------------+--------+-----------------+
| clk_i (port)                                                                              |        | 1.028       | 0.000      | 0.100      |             | 0.000  | 0.000r          |
| clk_i (clock net)                                                                         | 632    |             |            |            | NA          |        |                 |
| u_core.next_pc_predictor_lookup_request_epoch_0__reg_p_CK_CLKGATE_X1_GCK:CK (CLKGATE_X1)  |        | 0.002       | 0.000      | 0.000      |             | 0.000  | 0.000r          |
| u_core.next_pc_predictor_lookup_request_epoch_0__reg_p_CK_CLKGATE_X1_GCK:GCK (CLKGATE_X1) |        | 0.002       | 0.000      | 0.000      |             | 0.000  | 0.000r          |
| u_core.next_pc_predictor_lookup_request_epoch_0__reg_p_CK (clock net)                     | 2      |             |            |            | NA          |        |                 |
| u_core.next_pc_predictor_lookup_request_epoch_0__reg_p:CK (DFFR_X1)                       |        | 0.001       | 0.000      | 0.000      |             | 0.000  | 0.000r          |
| clock core_clock (rise edge)                                                              |        |             |            |            |             | 0      | 0               |
| clock network delay (ideal)                                                               |        |             |            |            |             | 0.000  | 0.000           |
| u_core.next_pc_predictor_lookup_request_epoch_0__reg_p:CK (DFFR_X1)                       |        | 0.001       | 0.000      | 0.000      |             | 0.000  | 0.000r          |
| u_core.next_pc_predictor_lookup_request_epoch_0__reg_p:QN (DFFR_X1)                       |        | 0.001       | 0.000      | 0.011      |             | 0.066  | 0.066r          |
| u_core.next_pc_predictor_lookup_request_epoch_0__reg_p_D (net)                            | 1      |             |            |            | 0.000       |        |                 |
| u_core.next_pc_predictor_lookup_request_epoch_0__reg_p:D (DFFR_X1)                        |        | 0.001       | 0.000      | 0.011      |             | 0.000  | 0.066r          |
|                                                                                           |        |             |            |            |             |        |                 |
| clk_i (port)                                                                              |        | 1.028       | 0.000      | 0.100      |             | 0.000  | 0.000r          |
| clk_i (clock net)                                                                         | 632    |             |            |            | NA          |        |                 |
| u_core.next_pc_predictor_lookup_request_epoch_0__reg_p_CK_CLKGATE_X1_GCK:CK (CLKGATE_X1)  |        | 0.002       | 0.000      | 0.000      |             | 0.000  | 0.000r          |
| u_core.next_pc_predictor_lookup_request_epoch_0__reg_p_CK_CLKGATE_X1_GCK:GCK (CLKGATE_X1) |        | 0.002       | 0.000      | 0.000      |             | 0.000  | 0.000r          |
| u_core.next_pc_predictor_lookup_request_epoch_0__reg_p_CK (clock net)                     | 2      |             |            |            | NA          |        |                 |
| u_core.next_pc_predictor_lookup_request_epoch_0__reg_p:CK (DFFR_X1)                       |        | 0.001       | 0.000      | 0.000      |             | 0.000  | 0.000r          |
| clock core_clock (rise edge)                                                              |        |             |            |            |             | 0      | 0               |
| clock network delay (ideal)                                                               |        |             |            |            |             | 0.000  | 0.000           |
| u_core.next_pc_predictor_lookup_request_epoch_0__reg_p:CK (DFFR_X1)                       |        |             |            |            |             |        | 0.000r          |
| library hold time                                                                         |        |             |            |            |             | 0.006  | 0.006           |
| clock reconvergence pessimism                                                             |        |             |            |            |             | -0.000 | 0.006           |
|                                                                                           |        |             |            |            |             |        |                 |
| path cell delay                                                                           |        |             |            |            |             |        | 0.066(100.000%) |
| path net delay                                                                            |        |             |            |            |             |        | 0.000(0.000%)   |
|                                                                                           |        |             |            |            |             |        |                 |
| data require time                                                                         |        |             |            |            |             |        | 0.006           |
| data arrival time                                                                         |        |             |            |            |             |        | 0.066           |
| slack (MET)                                                                               |        |             |            |            |             |        | 0.060           |
+-------------------------------------------------------------------------------------------+--------+-------------+------------+------------+-------------+--------+-----------------+
+--------------------------------------------------------------------------------------------------------------+--------+-------------+------------+------------+-------------+--------+-----------------+
| Point                                                                                                        | Fanout | Capacitance | Resistance | Transition | Delta Delay | Incr   | Path            |
+--------------------------------------------------------------------------------------------------------------+--------+-------------+------------+------------+-------------+--------+-----------------+
| clk_i (port)                                                                                                 |        | 1.028       | 0.000      | 0.100      |             | 0.000  | 0.000r          |
| clk_i (clock net)                                                                                            | 632    |             |            |            | NA          |        |                 |
| u_core.u_data_mem.gen_dcache.u_dcache.refill_req_ready_reg_p:CK (DFFS_X1)                                    |        | 0.001       | 0.000      | 0.000      |             | 0.000  | 0.000r          |
| clock core_clock (rise edge)                                                                                 |        |             |            |            |             | 0      | 0               |
| clock network delay (ideal)                                                                                  |        |             |            |            |             | 0.000  | 0.000           |
| u_core.u_data_mem.gen_dcache.u_dcache.refill_req_ready_reg_p:CK (DFFS_X1)                                    |        | 0.001       | 0.000      | 0.000      |             | 0.000  | 0.000r          |
| u_core.u_data_mem.gen_dcache.u_dcache.refill_req_ready_reg_p:QN (DFFS_X1)                                    |        | 0.003       | 0.000      | 0.013      |             | 0.068  | 0.068r          |
| u_core.u_data_mem.gen_dcache.u_dcache.refill_req_ready_reg_p_QN (net)                                        | 2      |             |            |            | 0.000       |        |                 |
| u_core.u_data_mem.gen_dcache.u_dcache.refill_req_ready_reg_p_QN_AOI211_X1_C1:C1 (AOI211_X1)                  |        | 0.002       | 0.000      | 0.013      |             | 0.000  | 0.068r          |
| u_core.u_data_mem.gen_dcache.u_dcache.refill_req_ready_reg_p_QN_AOI211_X1_C1:ZN (AOI211_X1)                  |        | 0.001       | 0.000      | 0.008      |             | 0.014  | 0.082f          |
| u_core.u_data_mem.gen_dcache.u_dcache.refill_req_ready_reg_p_QN_AOI211_X1_C1_ZN (net)                        | 1      |             |            |            | 0.000       |        |                 |
| u_core.u_data_mem.gen_dcache.u_dcache.refill_req_ready_reg_p_QN_AOI211_X1_C1_ZN_CLKGATE_X1_E:E (CLKGATE_X1)  |        | 0.001       | 0.000      | 0.008      |             | 0.000  | 0.082f          |
|                                                                                                              |        |             |            |            |             |        |                 |
| clk_i (port)                                                                                                 |        | 1.028       | 0.000      | 0.100      |             | 0.000  | 0.000r          |
| clk_i (clock net)                                                                                            | 632    |             |            |            | NA          |        |                 |
| u_core.u_data_mem.gen_dcache.u_dcache.refill_req_ready_reg_p_QN_AOI211_X1_C1_ZN_CLKGATE_X1_E:CK (CLKGATE_X1) |        | 0.002       | 0.000      | 0.000      |             | 0.000  | 0.000r          |
| clock core_clock (rise edge)                                                                                 |        |             |            |            |             | 0      | 0               |
| clock network delay (ideal)                                                                                  |        |             |            |            |             | 0.000  | 0.000           |
| u_core.u_data_mem.gen_dcache.u_dcache.refill_req_ready_reg_p_QN_AOI211_X1_C1_ZN_CLKGATE_X1_E:CK (CLKGATE_X1) |        |             |            |            |             |        | 0.000r          |
| library hold time                                                                                            |        |             |            |            |             | -0.015 | -0.015          |
| clock reconvergence pessimism                                                                                |        |             |            |            |             | -0.000 | -0.015          |
|                                                                                                              |        |             |            |            |             |        |                 |
| path cell delay                                                                                              |        |             |            |            |             |        | 0.082(100.000%) |
| path net delay                                                                                               |        |             |            |            |             |        | 0.000(0.000%)   |
|                                                                                                              |        |             |            |            |             |        |                 |
| data require time                                                                                            |        |             |            |            |             |        | -0.015          |
| data arrival time                                                                                            |        |             |            |            |             |        | 0.082           |
| slack (MET)                                                                                                  |        |             |            |            |             |        | 0.097           |
+--------------------------------------------------------------------------------------------------------------+--------+-------------+------------+------------+-------------+--------+-----------------+
+-----------------------------------------------------------------------------------------+--------+-------------+------------+------------+-------------+--------+-----------------+
| Point                                                                                   | Fanout | Capacitance | Resistance | Transition | Delta Delay | Incr   | Path            |
+-----------------------------------------------------------------------------------------+--------+-------------+------------+------------+-------------+--------+-----------------+
| clk_i (port)                                                                            |        | 1.028       | 0.000      | 0.100      |             | 0.000  | 0.000r          |
| clk_i (clock net)                                                                       | 632    |             |            |            | NA          |        |                 |
| u_core.frontend_recovery_event_reg_p:CK (DFFR_X1)                                       |        | 0.001       | 0.000      | 0.000      |             | 0.000  | 0.000r          |
| clock core_clock (rise edge)                                                            |        |             |            |            |             | 0      | 0               |
| clock network delay (ideal)                                                             |        |             |            |            |             | 0.000  | 0.000           |
| u_core.frontend_recovery_event_reg_p:CK (DFFR_X1)                                       |        | 0.001       | 0.000      | 0.000      |             | 0.000  | 0.000r          |
| u_core.frontend_recovery_event_reg_p:QN (DFFR_X1)                                       |        | 0.008       | 0.000      | 0.019      |             | 0.079  | 0.079f          |
| u_core.frontend_recovery_event_reg_p_QN (net)                                           | 5      |             |            |            | 0.000       |        |                 |
| u_core.u_fetch_buffer.write_index_q_reg_p_CK_CLKGATE_X1_GCK_E_NAND2_X1_ZN:A2 (NAND2_X1) |        | 0.002       | 0.000      | 0.019      |             | 0.000  | 0.079f          |
| u_core.u_fetch_buffer.write_index_q_reg_p_CK_CLKGATE_X1_GCK_E_NAND2_X1_ZN:ZN (NAND2_X1) |        | 0.001       | 0.000      | 0.010      |             | 0.020  | 0.098r          |
| u_core.u_fetch_buffer.write_index_q_reg_p_CK_CLKGATE_X1_GCK_E (net)                     | 1      |             |            |            | 0.000       |        |                 |
| u_core.u_fetch_buffer.write_index_q_reg_p_CK_CLKGATE_X1_GCK:E (CLKGATE_X1)              |        | 0.001       | 0.000      | 0.010      |             | 0.000  | 0.098r          |
|                                                                                         |        |             |            |            |             |        |                 |
| clk_i (port)                                                                            |        | 1.028       | 0.000      | 0.100      |             | 0.000  | 0.000r          |
| clk_i (clock net)                                                                       | 632    |             |            |            | NA          |        |                 |
| u_core.u_fetch_buffer.write_index_q_reg_p_CK_CLKGATE_X1_GCK:CK (CLKGATE_X1)             |        | 0.002       | 0.000      | 0.000      |             | 0.000  | 0.000r          |
| clock core_clock (rise edge)                                                            |        |             |            |            |             | 0      | 0               |
| clock network delay (ideal)                                                             |        |             |            |            |             | 0.000  | 0.000           |
| u_core.u_fetch_buffer.write_index_q_reg_p_CK_CLKGATE_X1_GCK:CK (CLKGATE_X1)             |        |             |            |            |             |        | 0.000r          |
| library hold time                                                                       |        |             |            |            |             | -0.001 | -0.001          |
| clock reconvergence pessimism                                                           |        |             |            |            |             | -0.000 | -0.001          |
|                                                                                         |        |             |            |            |             |        |                 |
| path cell delay                                                                         |        |             |            |            |             |        | 0.098(100.000%) |
| path net delay                                                                          |        |             |            |            |             |        | 0.000(0.000%)   |
|                                                                                         |        |             |            |            |             |        |                 |
| data require time                                                                       |        |             |            |            |             |        | -0.001          |
| data arrival time                                                                       |        |             |            |            |             |        | 0.098           |
| slack (MET)                                                                             |        |             |            |            |             |        | 0.100           |
+-----------------------------------------------------------------------------------------+--------+-------------+------------+------------+-------------+--------+-----------------+
+--------------------------------------------------------------------------------------------------------------+--------+-------------+------------+------------+-------------+--------+-----------------+
| Point                                                                                                        | Fanout | Capacitance | Resistance | Transition | Delta Delay | Incr   | Path            |
+--------------------------------------------------------------------------------------------------------------+--------+-------------+------------+------------+-------------+--------+-----------------+
| clk_i (port)                                                                                                 |        | 1.028       | 0.000      | 0.100      |             | 0.000  | 0.000r          |
| clk_i (clock net)                                                                                            | 632    |             |            |            | NA          |        |                 |
| u_core.u_data_mem.gen_dcache.u_dcache.refill_req_ready_reg_p:CK (DFFS_X1)                                    |        | 0.001       | 0.000      | 0.000      |             | 0.000  | 0.000r          |
| clock core_clock (rise edge)                                                                                 |        |             |            |            |             | 0      | 0               |
| clock network delay (ideal)                                                                                  |        |             |            |            |             | 0.000  | 0.000           |
| u_core.u_data_mem.gen_dcache.u_dcache.refill_req_ready_reg_p:CK (DFFS_X1)                                    |        | 0.001       | 0.000      | 0.000      |             | 0.000  | 0.000r          |
| u_core.u_data_mem.gen_dcache.u_dcache.refill_req_ready_reg_p:QN (DFFS_X1)                                    |        | 0.003       | 0.000      | 0.013      |             | 0.068  | 0.068f          |
| u_core.u_data_mem.gen_dcache.u_dcache.refill_req_ready_reg_p_QN (net)                                        | 2      |             |            |            | 0.000       |        |                 |
| u_core.u_data_mem.gen_dcache.u_dcache.refill_req_ready_reg_p_QN_AOI211_X1_C1:C1 (AOI211_X1)                  |        | 0.002       | 0.000      | 0.013      |             | 0.000  | 0.068f          |
| u_core.u_data_mem.gen_dcache.u_dcache.refill_req_ready_reg_p_QN_AOI211_X1_C1:ZN (AOI211_X1)                  |        | 0.001       | 0.000      | 0.026      |             | 0.033  | 0.102r          |
| u_core.u_data_mem.gen_dcache.u_dcache.refill_req_ready_reg_p_QN_AOI211_X1_C1_ZN (net)                        | 1      |             |            |            | 0.000       |        |                 |
| u_core.u_data_mem.gen_dcache.u_dcache.refill_req_ready_reg_p_QN_AOI211_X1_C1_ZN_CLKGATE_X1_E:E (CLKGATE_X1)  |        | 0.001       | 0.000      | 0.026      |             | 0.000  | 0.102r          |
|                                                                                                              |        |             |            |            |             |        |                 |
| clk_i (port)                                                                                                 |        | 1.028       | 0.000      | 0.100      |             | 0.000  | 0.000r          |
| clk_i (clock net)                                                                                            | 632    |             |            |            | NA          |        |                 |
| u_core.u_data_mem.gen_dcache.u_dcache.refill_req_ready_reg_p_QN_AOI211_X1_C1_ZN_CLKGATE_X1_E:CK (CLKGATE_X1) |        | 0.002       | 0.000      | 0.000      |             | 0.000  | 0.000r          |
| clock core_clock (rise edge)                                                                                 |        |             |            |            |             | 0      | 0               |
| clock network delay (ideal)                                                                                  |        |             |            |            |             | 0.000  | 0.000           |
| u_core.u_data_mem.gen_dcache.u_dcache.refill_req_ready_reg_p_QN_AOI211_X1_C1_ZN_CLKGATE_X1_E:CK (CLKGATE_X1) |        |             |            |            |             |        | 0.000r          |
| library hold time                                                                                            |        |             |            |            |             | 0.001  | 0.001           |
| clock reconvergence pessimism                                                                                |        |             |            |            |             | -0.000 | 0.001           |
|                                                                                                              |        |             |            |            |             |        |                 |
| path cell delay                                                                                              |        |             |            |            |             |        | 0.102(100.000%) |
| path net delay                                                                                               |        |             |            |            |             |        | 0.000(0.000%)   |
|                                                                                                              |        |             |            |            |             |        |                 |
| data require time                                                                                            |        |             |            |            |             |        | 0.001           |
| data arrival time                                                                                            |        |             |            |            |             |        | 0.102           |
| slack (MET)                                                                                                  |        |             |            |            |             |        | 0.100           |
+--------------------------------------------------------------------------------------------------------------+--------+-------------+------------+------------+-------------+--------+-----------------+
+------------------------------------------------------------------------------------------+--------+-------------+------------+------------+-------------+--------+-----------------+
| Point                                                                                    | Fanout | Capacitance | Resistance | Transition | Delta Delay | Incr   | Path            |
+------------------------------------------------------------------------------------------+--------+-------------+------------+------------+-------------+--------+-----------------+
| clk_i (port)                                                                             |        | 1.028       | 0.000      | 0.100      |             | 0.000  | 0.000r          |
| clk_i (clock net)                                                                        | 632    |             |            |            | NA          |        |                 |
| u_core.frontend_recovery_event_reg_p:CK (DFFR_X1)                                        |        | 0.001       | 0.000      | 0.000      |             | 0.000  | 0.000r          |
| clock core_clock (rise edge)                                                             |        |             |            |            |             | 0      | 0               |
| clock network delay (ideal)                                                              |        |             |            |            |             | 0.000  | 0.000           |
| u_core.frontend_recovery_event_reg_p:CK (DFFR_X1)                                        |        | 0.001       | 0.000      | 0.000      |             | 0.000  | 0.000r          |
| u_core.frontend_recovery_event_reg_p:Q (DFFR_X1)                                         |        | 0.003       | 0.000      | 0.009      |             | 0.089  | 0.089f          |
| u_core.frontend_recovery_event (net)                                                     | 3      |             |            |            | 0.000       |        |                 |
| u_core.next_pc_predictor_lookup_request_epoch_0__reg_p_CK_CLKGATE_X1_GCK:E (CLKGATE_X1)  |        | 0.001       | 0.000      | 0.009      |             | 0.000  | 0.089f          |
|                                                                                          |        |             |            |            |             |        |                 |
| clk_i (port)                                                                             |        | 1.028       | 0.000      | 0.100      |             | 0.000  | 0.000r          |
| clk_i (clock net)                                                                        | 632    |             |            |            | NA          |        |                 |
| u_core.next_pc_predictor_lookup_request_epoch_0__reg_p_CK_CLKGATE_X1_GCK:CK (CLKGATE_X1) |        | 0.002       | 0.000      | 0.000      |             | 0.000  | 0.000r          |
| clock core_clock (rise edge)                                                             |        |             |            |            |             | 0      | 0               |
| clock network delay (ideal)                                                              |        |             |            |            |             | 0.000  | 0.000           |
| u_core.next_pc_predictor_lookup_request_epoch_0__reg_p_CK_CLKGATE_X1_GCK:CK (CLKGATE_X1) |        |             |            |            |             |        | 0.000r          |
| library hold time                                                                        |        |             |            |            |             | -0.015 | -0.015          |
| clock reconvergence pessimism                                                            |        |             |            |            |             | -0.000 | -0.015          |
|                                                                                          |        |             |            |            |             |        |                 |
| path cell delay                                                                          |        |             |            |            |             |        | 0.089(100.000%) |
| path net delay                                                                           |        |             |            |            |             |        | 0.000(0.000%)   |
|                                                                                          |        |             |            |            |             |        |                 |
| data require time                                                                        |        |             |            |            |             |        | -0.015          |
| data arrival time                                                                        |        |             |            |            |             |        | 0.089           |
| slack (MET)                                                                              |        |             |            |            |             |        | 0.104           |
+------------------------------------------------------------------------------------------+--------+-------------+------------+------------+-------------+--------+-----------------+
+-------------------------------------------------------------------------------------------------------------+--------+-------------+------------+------------+-------------+--------+-----------------+
| Point                                                                                                       | Fanout | Capacitance | Resistance | Transition | Delta Delay | Incr   | Path            |
+-------------------------------------------------------------------------------------------------------------+--------+-------------+------------+------------+-------------+--------+-----------------+
| clk_i (port)                                                                                                |        | 1.028       | 0.000      | 0.100      |             | 0.000  | 0.000r          |
| clk_i (clock net)                                                                                           | 632    |             |            |            | NA          |        |                 |
| u_core.icache_refill_req_ready_reg_p:CK (DFFS_X1)                                                           |        | 0.001       | 0.000      | 0.000      |             | 0.000  | 0.000r          |
| clock core_clock (rise edge)                                                                                |        |             |            |            |             | 0      | 0               |
| clock network delay (ideal)                                                                                 |        |             |            |            |             | 0.000  | 0.000           |
| u_core.icache_refill_req_ready_reg_p:CK (DFFS_X1)                                                           |        | 0.001       | 0.000      | 0.000      |             | 0.000  | 0.000r          |
| u_core.icache_refill_req_ready_reg_p:QN (DFFS_X1)                                                           |        | 0.005       | 0.000      | 0.017      |             | 0.073  | 0.073r          |
| u_core.icache_refill_req_ready_reg_p_QN (net)                                                               | 3      |             |            |            | 0.000       |        |                 |
| u_core.u_icache.u_riscv32_icache_miss_unit.state_q_0__reg_p_CK_CLKGATE_X1_GCK_E_AOI221_X1_ZN:C2 (AOI221_X1) |        | 0.002       | 0.000      | 0.017      |             | 0.000  | 0.073r          |
| u_core.u_icache.u_riscv32_icache_miss_unit.state_q_0__reg_p_CK_CLKGATE_X1_GCK_E_AOI221_X1_ZN:ZN (AOI221_X1) |        | 0.001       | 0.000      | 0.007      |             | 0.016  | 0.089f          |
| u_core.u_icache.u_riscv32_icache_miss_unit.state_q_0__reg_p_CK_CLKGATE_X1_GCK_E (net)                       | 1      |             |            |            | 0.000       |        |                 |
| u_core.u_icache.u_riscv32_icache_miss_unit.state_q_0__reg_p_CK_CLKGATE_X1_GCK:E (CLKGATE_X1)                |        | 0.001       | 0.000      | 0.007      |             | 0.000  | 0.089f          |
|                                                                                                             |        |             |            |            |             |        |                 |
| clk_i (port)                                                                                                |        | 1.028       | 0.000      | 0.100      |             | 0.000  | 0.000r          |
| clk_i (clock net)                                                                                           | 632    |             |            |            | NA          |        |                 |
| u_core.u_icache.u_riscv32_icache_miss_unit.state_q_0__reg_p_CK_CLKGATE_X1_GCK:CK (CLKGATE_X1)               |        | 0.002       | 0.000      | 0.000      |             | 0.000  | 0.000r          |
| clock core_clock (rise edge)                                                                                |        |             |            |            |             | 0      | 0               |
| clock network delay (ideal)                                                                                 |        |             |            |            |             | 0.000  | 0.000           |
| u_core.u_icache.u_riscv32_icache_miss_unit.state_q_0__reg_p_CK_CLKGATE_X1_GCK:CK (CLKGATE_X1)               |        |             |            |            |             |        | 0.000r          |
| library hold time                                                                                           |        |             |            |            |             | -0.015 | -0.015          |
| clock reconvergence pessimism                                                                               |        |             |            |            |             | -0.000 | -0.015          |
|                                                                                                             |        |             |            |            |             |        |                 |
| path cell delay                                                                                             |        |             |            |            |             |        | 0.089(100.000%) |
| path net delay                                                                                              |        |             |            |            |             |        | 0.000(0.000%)   |
|                                                                                                             |        |             |            |            |             |        |                 |
| data require time                                                                                           |        |             |            |            |             |        | -0.015          |
| data arrival time                                                                                           |        |             |            |            |             |        | 0.089           |
| slack (MET)                                                                                                 |        |             |            |            |             |        | 0.105           |
+-------------------------------------------------------------------------------------------------------------+--------+-------------+------------+------------+-------------+--------+-----------------+
