Generate the report at 2026-09-15T15:08:00, GitVersion: aa25008b3778a76ae1975c839d4cc459f7f7b3b7.
+-------------------------------------------------------------------------------------------------------------------------------------------------+--------------------------+------------+------------+---------------+-------+--------+-----------+
| Endpoint                                                                                                                                        | Clock Group              | Delay Type | Path Delay | Path Required | CPPR  | Slack  | Freq(MHz) |
+-------------------------------------------------------------------------------------------------------------------------------------------------+--------------------------+------------+------------+---------------+-------+--------+-----------+
| u_core.u_icache.u_riscv32_icache_tag_array.line_present_array_q[0]_15__reg_p:D                                                                  | core_clock               | max        | 7.000r     | 1.292         | 0.000 | -5.708 | 142.018   |
| u_core.u_icache.u_riscv32_icache_tag_array.line_present_array_q[0]_15__reg_p:D                                                                  | core_clock               | max        | 7.000r     | 1.292         | 0.000 | -5.708 | 142.018   |
| u_core.u_icache.invalidate_set_index_q_2__reg_p:D                                                                                               | core_clock               | max        | 7.000r     | 1.292         | 0.000 | -5.708 | 142.018   |
| u_core.u_icache.invalidate_set_index_q_2__reg_p:D                                                                                               | core_clock               | max        | 7.000r     | 1.292         | 0.000 | -5.708 | 142.018   |
| u_core.u_icache.invalidate_set_index_q_0__reg_p:D                                                                                               | core_clock               | max        | 7.000r     | 1.292         | 0.000 | -5.708 | 142.018   |
| u_core.u_fetch_control_flow_predictor.u_return_address_stack.return_stack_write_index_q_0__reg_p_QN_MUX2_X1_B_Z_AOI211_X1_B_ZN_CLKGATE_X1_E:E   | **clock_gating_default** | max        | 6.514r     | 1.271         | 0.000 | -5.243 | NA        |
| u_core.u_fetch_control_flow_predictor.u_return_address_stack.return_stack_write_index_q_0__reg_p_QN_MUX2_X1_B_Z_AOI211_X1_B_1_ZN_CLKGATE_X1_E:E | **clock_gating_default** | max        | 6.514r     | 1.271         | 0.000 | -5.243 | NA        |
| u_core.u_fetch_control_flow_predictor.u_return_address_stack.return_stack_write_index_q_1__reg_p_QN_AOI211_X1_C1_ZN_CLKGATE_X1_E:E              | **clock_gating_default** | max        | 6.510r     | 1.278         | 0.000 | -5.232 | NA        |
| u_core.u_fetch_control_flow_predictor.u_return_address_stack.return_stack_write_index_q_1__reg_p_QN_AOI211_X1_C1_B_NOR2_X1_A1_ZN_CLKGATE_X1_E:E | **clock_gating_default** | max        | 6.485r     | 1.282         | 0.000 | -5.203 | NA        |
| u_core.u_icache.u_riscv32_icache_tag_array.line_present_array_q[0]_15__reg_p_CK_CLKGATE_X1_GCK:E                                                | **clock_gating_default** | max        | 6.224r     | 1.279         | 0.000 | -4.945 | NA        |
| u_core.u_ifu.lookup_queue_entry_count_q_1__reg_p:RN                                                                                             | core_clock               | min        | 5.721r     | 6.117         | 0.000 | -0.396 | NA        |
| u_core.u_ifu.lookup_queue_entry_count_q_1__reg_p:RN                                                                                             | core_clock               | min        | 5.721r     | 6.117         | 0.000 | -0.396 | NA        |
| u_core.u_ifu.lookup_queue_entry_count_q_0__reg_p:RN                                                                                             | core_clock               | min        | 5.721r     | 6.117         | 0.000 | -0.396 | NA        |
| u_core.u_ifu.lookup_queue_entry_count_q_0__reg_p:RN                                                                                             | core_clock               | min        | 5.721r     | 6.117         | 0.000 | -0.396 | NA        |
| u_core.u_fetch_control_flow_predictor.u_branch_target_buffer.branch_target_update_q_18__reg_p:RN                                                | core_clock               | min        | 5.721r     | 6.117         | 0.000 | -0.396 | NA        |
| u_core.u_data_memory_subsystem.gen_dcache.u_dcache.refill_req_ready_reg_p_QN_AOI211_X1_C1_ZN_CLKGATE_X1_E:E                                     | **clock_gating_default** | min        | 0.082f     | -0.015        | 0.000 | 0.097  | NA        |
| u_core.u_fetch_control_flow_predictor.u_return_address_stack.return_stack_write_index_q_1__reg_p_QN_AOI211_X1_C1_ZN_CLKGATE_X1_E:E              | **clock_gating_default** | min        | 0.083f     | -0.016        | 0.000 | 0.099  | NA        |
| u_core.u_fetch_control_flow_predictor.u_return_address_stack.return_stack_write_index_q_1__reg_p_QN_AOI211_X1_C1_ZN_CLKGATE_X1_E:E              | **clock_gating_default** | min        | 0.101r     | 0.001         | 0.000 | 0.100  | NA        |
| u_core.u_data_memory_subsystem.gen_dcache.u_dcache.refill_req_ready_reg_p_QN_AOI211_X1_C1_ZN_CLKGATE_X1_E:E                                     | **clock_gating_default** | min        | 0.102r     | 0.001         | 0.000 | 0.100  | NA        |
| u_core.resolved_execute_result_valid_reg_p_QN_NAND3_X1_A2_ZN_CLKGATE_X1_E:E                                                                     | **clock_gating_default** | min        | 0.100r     | -0.001        | 0.000 | 0.101  | NA        |
+-------------------------------------------------------------------------------------------------------------------------------------------------+--------------------------+------------+------------+---------------+-------+--------+-----------+
+------------+------------+------------+
| Clock      | Delay Type | TNS        |
+------------+------------+------------+
| core_clock | max        | -17089.864 |
| core_clock | min        | -842.411   |
+------------+------------+------------+
+-----------------------------------------------------------------------------------------------------------------+--------+-------------+------------+------------+-------------+--------+----------------+
| Point                                                                                                           | Fanout | Capacitance | Resistance | Transition | Delta Delay | Incr   | Path           |
+-----------------------------------------------------------------------------------------------------------------+--------+-------------+------------+------------+-------------+--------+----------------+
| clk_i (port)                                                                                                    |        | 1.161       | 0.000      | 0.100      |             | 0.000  | 0.000f         |
| clk_i (clock net)                                                                                               | 857    |             |            |            | NA          |        |                |
| core_rst_n_reg_n_CK_INV_X1_ZN:A (INV_X1)                                                                        |        | 0.002       | 0.000      | 0.000      |             | 0.000  | 0.000f         |
| core_rst_n_reg_n_CK_INV_X1_ZN:ZN (INV_X1)                                                                       |        | 0.002       | 0.000      | 0.000      |             | 0.000  | 0.000r         |
| core_rst_n_reg_n_CK (clock net)                                                                                 | 2      |             |            |            | NA          |        |                |
| core_rst_n_reg_n:CK (DFFR_X1)                                                                                   |        | 0.001       | 0.000      | 0.000      |             | 0.000  | 0.000r         |
| clock core_clock (fall edge)                                                                                    |        |             |            |            |             | 0.666  | 0.666          |
| clock network delay (ideal)                                                                                     |        |             |            |            |             | 0.000  | 0.666          |
| core_rst_n_reg_n:CK (DFFR_X1)                                                                                   |        | 0.001       | 0.000      | 0.000      |             | 0.000  | 0.666r         |
| core_rst_n_reg_n:Q (DFFR_X1)                                                                                    |        | 2.119       | 0.000      | 4.837      |             | 5.155  | 5.821r         |
| core_rst_n (net)                                                                                                | 1200   |             |            |            | 0.000       |        |                |
| u_core.u_icache.local_lookup_resp_3__reg_p_D_AOI211_X1_ZN_A_INV_X1_ZN:A (INV_X1)                                |        | 0.002       | 0.000      | 4.837      |             | 0.000  | 5.821r         |
| u_core.u_icache.local_lookup_resp_3__reg_p_D_AOI211_X1_ZN_A_INV_X1_ZN:ZN (INV_X1)                               |        | 0.031       | 0.000      | 1.082      |             | 0.756  | 6.577f         |
| u_core.u_icache.local_lookup_resp_3__reg_p_D_AOI211_X1_ZN_A (net)                                               | 20     |             |            |            | 0.000       |        |                |
| u_core.u_icache.local_lookup_resp_3__reg_p_D_AOI211_X1_ZN_A_BUF_X1_A:A (BUF_X1)                                 |        | 0.001       | 0.000      | 1.082      |             | 0.000  | 6.577f         |
| u_core.u_icache.local_lookup_resp_3__reg_p_D_AOI211_X1_ZN_A_BUF_X1_A:Z (BUF_X1)                                 |        | 0.036       | 0.000      | 0.058      |             | 0.351  | 6.928f         |
| u_core.u_icache.invalidate_state_q_0__reg_p_D_NOR2_X1_ZN_A1 (net)                                               | 24     |             |            |            | 0.000       |        |                |
| u_core.u_icache.u_riscv32_icache_tag_array.line_present_array_q[0]_15__reg_p_D_NOR4_X1_ZN:A1 (NOR4_X1)          |        | 0.002       | 0.000      | 0.058      |             | 0.000  | 6.928f         |
| u_core.u_icache.u_riscv32_icache_tag_array.line_present_array_q[0]_15__reg_p_D_NOR4_X1_ZN:ZN (NOR4_X1)          |        | 0.001       | 0.000      | 0.046      |             | 0.072  | 7.000r         |
| u_core.u_icache.u_riscv32_icache_tag_array.line_present_array_q[0]_15__reg_p_D (net)                            | 1      |             |            |            | 0.000       |        |                |
| u_core.u_icache.u_riscv32_icache_tag_array.line_present_array_q[0]_15__reg_p:D (DFF_X1)                         |        | 0.001       | 0.000      | 0.046      |             | 0.000  | 7.000r         |
|                                                                                                                 |        |             |            |            |             |        |                |
| clk_i (port)                                                                                                    |        | 1.265       | 0.000      | 0.100      |             | 0.000  | 0.000r         |
| clk_i (clock net)                                                                                               | 857    |             |            |            | NA          |        |                |
| u_core.u_icache.u_riscv32_icache_tag_array.line_present_array_q[0]_15__reg_p_CK_CLKGATE_X1_GCK:CK (CLKGATE_X1)  |        | 0.002       | 0.000      | 0.000      |             | 0.000  | 0.000r         |
| u_core.u_icache.u_riscv32_icache_tag_array.line_present_array_q[0]_15__reg_p_CK_CLKGATE_X1_GCK:GCK (CLKGATE_X1) |        | 0.001       | 0.000      | 0.000      |             | 0.000  | 0.000r         |
| u_core.u_icache.u_riscv32_icache_tag_array.line_present_array_q[0]_15__reg_p_CK (clock net)                     | 1      |             |            |            | NA          |        |                |
| u_core.u_icache.u_riscv32_icache_tag_array.line_present_array_q[0]_15__reg_p:CK (DFF_X1)                        |        | 0.001       | 0.000      | 0.000      |             | 0.000  | 0.000r         |
| clock core_clock (rise edge)                                                                                    |        |             |            |            |             | 1.333  | 1.333          |
| clock network delay (ideal)                                                                                     |        |             |            |            |             | 0.000  | 1.333          |
| u_core.u_icache.u_riscv32_icache_tag_array.line_present_array_q[0]_15__reg_p:CK (DFF_X1)                        |        |             |            |            |             |        | 1.333r         |
| library setup time                                                                                              |        |             |            |            |             | -0.041 | 1.292          |
| clock reconvergence pessimism                                                                                   |        |             |            |            |             | 0.000  | 1.292          |
|                                                                                                                 |        |             |            |            |             |        |                |
| path cell delay                                                                                                 |        |             |            |            |             |        | 6.334(90.486%) |
| path net delay                                                                                                  |        |             |            |            |             |        | 0.000(0.000%)  |
|                                                                                                                 |        |             |            |            |             |        |                |
| data require time                                                                                               |        |             |            |            |             |        | 1.292          |
| data arrival time                                                                                               |        |             |            |            |             |        | 7.000          |
| slack (VIOLATED)                                                                                                |        |             |            |            |             |        | -5.708         |
+-----------------------------------------------------------------------------------------------------------------+--------+-------------+------------+------------+-------------+--------+----------------+
+-----------------------------------------------------------------------------------------------------------------+--------+-------------+------------+------------+-------------+--------+----------------+
| Point                                                                                                           | Fanout | Capacitance | Resistance | Transition | Delta Delay | Incr   | Path           |
+-----------------------------------------------------------------------------------------------------------------+--------+-------------+------------+------------+-------------+--------+----------------+
| clk_i (port)                                                                                                    |        | 1.161       | 0.000      | 0.100      |             | 0.000  | 0.000f         |
| clk_i (clock net)                                                                                               | 857    |             |            |            | NA          |        |                |
| core_rst_n_reg_n_CK_INV_X1_ZN:A (INV_X1)                                                                        |        | 0.002       | 0.000      | 0.000      |             | 0.000  | 0.000f         |
| core_rst_n_reg_n_CK_INV_X1_ZN:ZN (INV_X1)                                                                       |        | 0.002       | 0.000      | 0.000      |             | 0.000  | 0.000r         |
| core_rst_n_reg_n_CK (clock net)                                                                                 | 2      |             |            |            | NA          |        |                |
| core_rst_n_reg_n:CK (DFFR_X1)                                                                                   |        | 0.001       | 0.000      | 0.000      |             | 0.000  | 0.000r         |
| clock core_clock (fall edge)                                                                                    |        |             |            |            |             | 0.666  | 0.666          |
| clock network delay (ideal)                                                                                     |        |             |            |            |             | 0.000  | 0.666          |
| core_rst_n_reg_n:CK (DFFR_X1)                                                                                   |        | 0.001       | 0.000      | 0.000      |             | 0.000  | 0.666r         |
| core_rst_n_reg_n:Q (DFFR_X1)                                                                                    |        | 2.119       | 0.000      | 4.837      |             | 5.155  | 5.821r         |
| core_rst_n (net)                                                                                                | 1200   |             |            |            | 0.000       |        |                |
| u_core.u_icache.local_lookup_resp_3__reg_p_D_AOI211_X1_ZN_A_INV_X1_ZN:A (INV_X1)                                |        | 0.002       | 0.000      | 4.837      |             | 0.000  | 5.821r         |
| u_core.u_icache.local_lookup_resp_3__reg_p_D_AOI211_X1_ZN_A_INV_X1_ZN:ZN (INV_X1)                               |        | 0.031       | 0.000      | 1.082      |             | 0.756  | 6.577f         |
| u_core.u_icache.local_lookup_resp_3__reg_p_D_AOI211_X1_ZN_A (net)                                               | 20     |             |            |            | 0.000       |        |                |
| u_core.u_icache.local_lookup_resp_3__reg_p_D_AOI211_X1_ZN_A_BUF_X1_A:A (BUF_X1)                                 |        | 0.001       | 0.000      | 1.082      |             | 0.000  | 6.577f         |
| u_core.u_icache.local_lookup_resp_3__reg_p_D_AOI211_X1_ZN_A_BUF_X1_A:Z (BUF_X1)                                 |        | 0.036       | 0.000      | 0.058      |             | 0.351  | 6.928f         |
| u_core.u_icache.invalidate_state_q_0__reg_p_D_NOR2_X1_ZN_A1 (net)                                               | 24     |             |            |            | 0.000       |        |                |
| u_core.u_icache.u_riscv32_icache_tag_array.line_present_array_q[0]_15__reg_p_D_NOR4_X1_ZN:A1 (NOR4_X1)          |        | 0.002       | 0.000      | 0.058      |             | 0.000  | 6.928f         |
| u_core.u_icache.u_riscv32_icache_tag_array.line_present_array_q[0]_15__reg_p_D_NOR4_X1_ZN:ZN (NOR4_X1)          |        | 0.001       | 0.000      | 0.046      |             | 0.072  | 7.000r         |
| u_core.u_icache.u_riscv32_icache_tag_array.line_present_array_q[0]_15__reg_p_D (net)                            | 1      |             |            |            | 0.000       |        |                |
| u_core.u_icache.u_riscv32_icache_tag_array.line_present_array_q[0]_15__reg_p:D (DFF_X1)                         |        | 0.001       | 0.000      | 0.046      |             | 0.000  | 7.000r         |
|                                                                                                                 |        |             |            |            |             |        |                |
| clk_i (port)                                                                                                    |        | 1.265       | 0.000      | 0.100      |             | 0.000  | 0.000r         |
| clk_i (clock net)                                                                                               | 857    |             |            |            | NA          |        |                |
| u_core.u_icache.u_riscv32_icache_tag_array.line_present_array_q[0]_15__reg_p_CK_CLKGATE_X1_GCK:CK (CLKGATE_X1)  |        | 0.002       | 0.000      | 0.000      |             | 0.000  | 0.000r         |
| u_core.u_icache.u_riscv32_icache_tag_array.line_present_array_q[0]_15__reg_p_CK_CLKGATE_X1_GCK:GCK (CLKGATE_X1) |        | 0.001       | 0.000      | 0.000      |             | 0.000  | 0.000r         |
| u_core.u_icache.u_riscv32_icache_tag_array.line_present_array_q[0]_15__reg_p_CK (clock net)                     | 1      |             |            |            | NA          |        |                |
| u_core.u_icache.u_riscv32_icache_tag_array.line_present_array_q[0]_15__reg_p:CK (DFF_X1)                        |        | 0.001       | 0.000      | 0.000      |             | 0.000  | 0.000r         |
| clock core_clock (rise edge)                                                                                    |        |             |            |            |             | 1.333  | 1.333          |
| clock network delay (ideal)                                                                                     |        |             |            |            |             | 0.000  | 1.333          |
| u_core.u_icache.u_riscv32_icache_tag_array.line_present_array_q[0]_15__reg_p:CK (DFF_X1)                        |        |             |            |            |             |        | 1.333r         |
| library setup time                                                                                              |        |             |            |            |             | -0.041 | 1.292          |
| clock reconvergence pessimism                                                                                   |        |             |            |            |             | 0.000  | 1.292          |
|                                                                                                                 |        |             |            |            |             |        |                |
| path cell delay                                                                                                 |        |             |            |            |             |        | 6.334(90.486%) |
| path net delay                                                                                                  |        |             |            |            |             |        | 0.000(0.000%)  |
|                                                                                                                 |        |             |            |            |             |        |                |
| data require time                                                                                               |        |             |            |            |             |        | 1.292          |
| data arrival time                                                                                               |        |             |            |            |             |        | 7.000          |
| slack (VIOLATED)                                                                                                |        |             |            |            |             |        | -5.708         |
+-----------------------------------------------------------------------------------------------------------------+--------+-------------+------------+------------+-------------+--------+----------------+
+--------------------------------------------------------------------------------------------------------+--------+-------------+------------+------------+-------------+--------+----------------+
| Point                                                                                                  | Fanout | Capacitance | Resistance | Transition | Delta Delay | Incr   | Path           |
+--------------------------------------------------------------------------------------------------------+--------+-------------+------------+------------+-------------+--------+----------------+
| clk_i (port)                                                                                           |        | 1.161       | 0.000      | 0.100      |             | 0.000  | 0.000f         |
| clk_i (clock net)                                                                                      | 857    |             |            |            | NA          |        |                |
| core_rst_n_reg_n_CK_INV_X1_ZN:A (INV_X1)                                                               |        | 0.002       | 0.000      | 0.000      |             | 0.000  | 0.000f         |
| core_rst_n_reg_n_CK_INV_X1_ZN:ZN (INV_X1)                                                              |        | 0.002       | 0.000      | 0.000      |             | 0.000  | 0.000r         |
| core_rst_n_reg_n_CK (clock net)                                                                        | 2      |             |            |            | NA          |        |                |
| core_rst_n_reg_n:CK (DFFR_X1)                                                                          |        | 0.001       | 0.000      | 0.000      |             | 0.000  | 0.000r         |
| clock core_clock (fall edge)                                                                           |        |             |            |            |             | 0.666  | 0.666          |
| clock network delay (ideal)                                                                            |        |             |            |            |             | 0.000  | 0.666          |
| core_rst_n_reg_n:CK (DFFR_X1)                                                                          |        | 0.001       | 0.000      | 0.000      |             | 0.000  | 0.666r         |
| core_rst_n_reg_n:Q (DFFR_X1)                                                                           |        | 2.119       | 0.000      | 4.837      |             | 5.155  | 5.821r         |
| core_rst_n (net)                                                                                       | 1200   |             |            |            | 0.000       |        |                |
| u_core.u_icache.local_lookup_resp_3__reg_p_D_AOI211_X1_ZN_A_INV_X1_ZN:A (INV_X1)                       |        | 0.002       | 0.000      | 4.837      |             | 0.000  | 5.821r         |
| u_core.u_icache.local_lookup_resp_3__reg_p_D_AOI211_X1_ZN_A_INV_X1_ZN:ZN (INV_X1)                      |        | 0.031       | 0.000      | 1.082      |             | 0.756  | 6.577f         |
| u_core.u_icache.local_lookup_resp_3__reg_p_D_AOI211_X1_ZN_A (net)                                      | 20     |             |            |            | 0.000       |        |                |
| u_core.u_icache.local_lookup_resp_3__reg_p_D_AOI211_X1_ZN_A_BUF_X1_A:A (BUF_X1)                        |        | 0.001       | 0.000      | 1.082      |             | 0.000  | 6.577f         |
| u_core.u_icache.local_lookup_resp_3__reg_p_D_AOI211_X1_ZN_A_BUF_X1_A:Z (BUF_X1)                        |        | 0.036       | 0.000      | 0.058      |             | 0.351  | 6.928f         |
| u_core.u_icache.invalidate_state_q_0__reg_p_D_NOR2_X1_ZN_A1 (net)                                      | 24     |             |            |            | 0.000       |        |                |
| u_core.u_icache.invalidate_set_index_q_2__reg_p_D_NOR4_X1_ZN:A1 (NOR4_X1)                              |        | 0.002       | 0.000      | 0.058      |             | 0.000  | 6.928f         |
| u_core.u_icache.invalidate_set_index_q_2__reg_p_D_NOR4_X1_ZN:ZN (NOR4_X1)                              |        | 0.001       | 0.000      | 0.046      |             | 0.072  | 7.000r         |
| u_core.u_icache.invalidate_set_index_q_2__reg_p_D (net)                                                | 1      |             |            |            | 0.000       |        |                |
| u_core.u_icache.invalidate_set_index_q_2__reg_p:D (DFF_X1)                                             |        | 0.001       | 0.000      | 0.046      |             | 0.000  | 7.000r         |
|                                                                                                        |        |             |            |            |             |        |                |
| clk_i (port)                                                                                           |        | 1.265       | 0.000      | 0.100      |             | 0.000  | 0.000r         |
| clk_i (clock net)                                                                                      | 857    |             |            |            | NA          |        |                |
| u_core.u_icache.invalidate_state_q_1__reg_p_D_AOI21_X1_ZN_B1_MUX2_X1_S_Z_CLKGATE_X1_E:CK (CLKGATE_X1)  |        | 0.002       | 0.000      | 0.000      |             | 0.000  | 0.000r         |
| u_core.u_icache.invalidate_state_q_1__reg_p_D_AOI21_X1_ZN_B1_MUX2_X1_S_Z_CLKGATE_X1_E:GCK (CLKGATE_X1) |        | 0.004       | 0.000      | 0.000      |             | 0.000  | 0.000r         |
| u_core.u_icache.invalidate_set_index_q_0__reg_p_CK (clock net)                                         | 4      |             |            |            | NA          |        |                |
| u_core.u_icache.invalidate_set_index_q_2__reg_p:CK (DFF_X1)                                            |        | 0.001       | 0.000      | 0.000      |             | 0.000  | 0.000r         |
| clock core_clock (rise edge)                                                                           |        |             |            |            |             | 1.333  | 1.333          |
| clock network delay (ideal)                                                                            |        |             |            |            |             | 0.000  | 1.333          |
| u_core.u_icache.invalidate_set_index_q_2__reg_p:CK (DFF_X1)                                            |        |             |            |            |             |        | 1.333r         |
| library setup time                                                                                     |        |             |            |            |             | -0.041 | 1.292          |
| clock reconvergence pessimism                                                                          |        |             |            |            |             | 0.000  | 1.292          |
|                                                                                                        |        |             |            |            |             |        |                |
| path cell delay                                                                                        |        |             |            |            |             |        | 6.334(90.486%) |
| path net delay                                                                                         |        |             |            |            |             |        | 0.000(0.000%)  |
|                                                                                                        |        |             |            |            |             |        |                |
| data require time                                                                                      |        |             |            |            |             |        | 1.292          |
| data arrival time                                                                                      |        |             |            |            |             |        | 7.000          |
| slack (VIOLATED)                                                                                       |        |             |            |            |             |        | -5.708         |
+--------------------------------------------------------------------------------------------------------+--------+-------------+------------+------------+-------------+--------+----------------+
+--------------------------------------------------------------------------------------------------------+--------+-------------+------------+------------+-------------+--------+----------------+
| Point                                                                                                  | Fanout | Capacitance | Resistance | Transition | Delta Delay | Incr   | Path           |
+--------------------------------------------------------------------------------------------------------+--------+-------------+------------+------------+-------------+--------+----------------+
| clk_i (port)                                                                                           |        | 1.161       | 0.000      | 0.100      |             | 0.000  | 0.000f         |
| clk_i (clock net)                                                                                      | 857    |             |            |            | NA          |        |                |
| core_rst_n_reg_n_CK_INV_X1_ZN:A (INV_X1)                                                               |        | 0.002       | 0.000      | 0.000      |             | 0.000  | 0.000f         |
| core_rst_n_reg_n_CK_INV_X1_ZN:ZN (INV_X1)                                                              |        | 0.002       | 0.000      | 0.000      |             | 0.000  | 0.000r         |
| core_rst_n_reg_n_CK (clock net)                                                                        | 2      |             |            |            | NA          |        |                |
| core_rst_n_reg_n:CK (DFFR_X1)                                                                          |        | 0.001       | 0.000      | 0.000      |             | 0.000  | 0.000r         |
| clock core_clock (fall edge)                                                                           |        |             |            |            |             | 0.666  | 0.666          |
| clock network delay (ideal)                                                                            |        |             |            |            |             | 0.000  | 0.666          |
| core_rst_n_reg_n:CK (DFFR_X1)                                                                          |        | 0.001       | 0.000      | 0.000      |             | 0.000  | 0.666r         |
| core_rst_n_reg_n:Q (DFFR_X1)                                                                           |        | 2.119       | 0.000      | 4.837      |             | 5.155  | 5.821r         |
| core_rst_n (net)                                                                                       | 1200   |             |            |            | 0.000       |        |                |
| u_core.u_icache.local_lookup_resp_3__reg_p_D_AOI211_X1_ZN_A_INV_X1_ZN:A (INV_X1)                       |        | 0.002       | 0.000      | 4.837      |             | 0.000  | 5.821r         |
| u_core.u_icache.local_lookup_resp_3__reg_p_D_AOI211_X1_ZN_A_INV_X1_ZN:ZN (INV_X1)                      |        | 0.031       | 0.000      | 1.082      |             | 0.756  | 6.577f         |
| u_core.u_icache.local_lookup_resp_3__reg_p_D_AOI211_X1_ZN_A (net)                                      | 20     |             |            |            | 0.000       |        |                |
| u_core.u_icache.local_lookup_resp_3__reg_p_D_AOI211_X1_ZN_A_BUF_X1_A:A (BUF_X1)                        |        | 0.001       | 0.000      | 1.082      |             | 0.000  | 6.577f         |
| u_core.u_icache.local_lookup_resp_3__reg_p_D_AOI211_X1_ZN_A_BUF_X1_A:Z (BUF_X1)                        |        | 0.036       | 0.000      | 0.058      |             | 0.351  | 6.928f         |
| u_core.u_icache.invalidate_state_q_0__reg_p_D_NOR2_X1_ZN_A1 (net)                                      | 24     |             |            |            | 0.000       |        |                |
| u_core.u_icache.invalidate_set_index_q_2__reg_p_D_NOR4_X1_ZN:A1 (NOR4_X1)                              |        | 0.002       | 0.000      | 0.058      |             | 0.000  | 6.928f         |
| u_core.u_icache.invalidate_set_index_q_2__reg_p_D_NOR4_X1_ZN:ZN (NOR4_X1)                              |        | 0.001       | 0.000      | 0.046      |             | 0.072  | 7.000r         |
| u_core.u_icache.invalidate_set_index_q_2__reg_p_D (net)                                                | 1      |             |            |            | 0.000       |        |                |
| u_core.u_icache.invalidate_set_index_q_2__reg_p:D (DFF_X1)                                             |        | 0.001       | 0.000      | 0.046      |             | 0.000  | 7.000r         |
|                                                                                                        |        |             |            |            |             |        |                |
| clk_i (port)                                                                                           |        | 1.265       | 0.000      | 0.100      |             | 0.000  | 0.000r         |
| clk_i (clock net)                                                                                      | 857    |             |            |            | NA          |        |                |
| u_core.u_icache.invalidate_state_q_1__reg_p_D_AOI21_X1_ZN_B1_MUX2_X1_S_Z_CLKGATE_X1_E:CK (CLKGATE_X1)  |        | 0.002       | 0.000      | 0.000      |             | 0.000  | 0.000r         |
| u_core.u_icache.invalidate_state_q_1__reg_p_D_AOI21_X1_ZN_B1_MUX2_X1_S_Z_CLKGATE_X1_E:GCK (CLKGATE_X1) |        | 0.004       | 0.000      | 0.000      |             | 0.000  | 0.000r         |
| u_core.u_icache.invalidate_set_index_q_0__reg_p_CK (clock net)                                         | 4      |             |            |            | NA          |        |                |
| u_core.u_icache.invalidate_set_index_q_2__reg_p:CK (DFF_X1)                                            |        | 0.001       | 0.000      | 0.000      |             | 0.000  | 0.000r         |
| clock core_clock (rise edge)                                                                           |        |             |            |            |             | 1.333  | 1.333          |
| clock network delay (ideal)                                                                            |        |             |            |            |             | 0.000  | 1.333          |
| u_core.u_icache.invalidate_set_index_q_2__reg_p:CK (DFF_X1)                                            |        |             |            |            |             |        | 1.333r         |
| library setup time                                                                                     |        |             |            |            |             | -0.041 | 1.292          |
| clock reconvergence pessimism                                                                          |        |             |            |            |             | 0.000  | 1.292          |
|                                                                                                        |        |             |            |            |             |        |                |
| path cell delay                                                                                        |        |             |            |            |             |        | 6.334(90.486%) |
| path net delay                                                                                         |        |             |            |            |             |        | 0.000(0.000%)  |
|                                                                                                        |        |             |            |            |             |        |                |
| data require time                                                                                      |        |             |            |            |             |        | 1.292          |
| data arrival time                                                                                      |        |             |            |            |             |        | 7.000          |
| slack (VIOLATED)                                                                                       |        |             |            |            |             |        | -5.708         |
+--------------------------------------------------------------------------------------------------------+--------+-------------+------------+------------+-------------+--------+----------------+
+--------------------------------------------------------------------------------------------------------+--------+-------------+------------+------------+-------------+--------+----------------+
| Point                                                                                                  | Fanout | Capacitance | Resistance | Transition | Delta Delay | Incr   | Path           |
+--------------------------------------------------------------------------------------------------------+--------+-------------+------------+------------+-------------+--------+----------------+
| clk_i (port)                                                                                           |        | 1.161       | 0.000      | 0.100      |             | 0.000  | 0.000f         |
| clk_i (clock net)                                                                                      | 857    |             |            |            | NA          |        |                |
| core_rst_n_reg_n_CK_INV_X1_ZN:A (INV_X1)                                                               |        | 0.002       | 0.000      | 0.000      |             | 0.000  | 0.000f         |
| core_rst_n_reg_n_CK_INV_X1_ZN:ZN (INV_X1)                                                              |        | 0.002       | 0.000      | 0.000      |             | 0.000  | 0.000r         |
| core_rst_n_reg_n_CK (clock net)                                                                        | 2      |             |            |            | NA          |        |                |
| core_rst_n_reg_n:CK (DFFR_X1)                                                                          |        | 0.001       | 0.000      | 0.000      |             | 0.000  | 0.000r         |
| clock core_clock (fall edge)                                                                           |        |             |            |            |             | 0.666  | 0.666          |
| clock network delay (ideal)                                                                            |        |             |            |            |             | 0.000  | 0.666          |
| core_rst_n_reg_n:CK (DFFR_X1)                                                                          |        | 0.001       | 0.000      | 0.000      |             | 0.000  | 0.666r         |
| core_rst_n_reg_n:Q (DFFR_X1)                                                                           |        | 2.119       | 0.000      | 4.837      |             | 5.155  | 5.821r         |
| core_rst_n (net)                                                                                       | 1200   |             |            |            | 0.000       |        |                |
| u_core.u_icache.local_lookup_resp_3__reg_p_D_AOI211_X1_ZN_A_INV_X1_ZN:A (INV_X1)                       |        | 0.002       | 0.000      | 4.837      |             | 0.000  | 5.821r         |
| u_core.u_icache.local_lookup_resp_3__reg_p_D_AOI211_X1_ZN_A_INV_X1_ZN:ZN (INV_X1)                      |        | 0.031       | 0.000      | 1.082      |             | 0.756  | 6.577f         |
| u_core.u_icache.local_lookup_resp_3__reg_p_D_AOI211_X1_ZN_A (net)                                      | 20     |             |            |            | 0.000       |        |                |
| u_core.u_icache.local_lookup_resp_3__reg_p_D_AOI211_X1_ZN_A_BUF_X1_A:A (BUF_X1)                        |        | 0.001       | 0.000      | 1.082      |             | 0.000  | 6.577f         |
| u_core.u_icache.local_lookup_resp_3__reg_p_D_AOI211_X1_ZN_A_BUF_X1_A:Z (BUF_X1)                        |        | 0.036       | 0.000      | 0.058      |             | 0.351  | 6.928f         |
| u_core.u_icache.invalidate_state_q_0__reg_p_D_NOR2_X1_ZN_A1 (net)                                      | 24     |             |            |            | 0.000       |        |                |
| u_core.u_icache.invalidate_set_index_q_0__reg_p_D_NOR4_X1_ZN:A1 (NOR4_X1)                              |        | 0.002       | 0.000      | 0.058      |             | 0.000  | 6.928f         |
| u_core.u_icache.invalidate_set_index_q_0__reg_p_D_NOR4_X1_ZN:ZN (NOR4_X1)                              |        | 0.001       | 0.000      | 0.046      |             | 0.072  | 7.000r         |
| u_core.u_icache.invalidate_set_index_q_0__reg_p_D (net)                                                | 1      |             |            |            | 0.000       |        |                |
| u_core.u_icache.invalidate_set_index_q_0__reg_p:D (DFF_X1)                                             |        | 0.001       | 0.000      | 0.046      |             | 0.000  | 7.000r         |
|                                                                                                        |        |             |            |            |             |        |                |
| clk_i (port)                                                                                           |        | 1.265       | 0.000      | 0.100      |             | 0.000  | 0.000r         |
| clk_i (clock net)                                                                                      | 857    |             |            |            | NA          |        |                |
| u_core.u_icache.invalidate_state_q_1__reg_p_D_AOI21_X1_ZN_B1_MUX2_X1_S_Z_CLKGATE_X1_E:CK (CLKGATE_X1)  |        | 0.002       | 0.000      | 0.000      |             | 0.000  | 0.000r         |
| u_core.u_icache.invalidate_state_q_1__reg_p_D_AOI21_X1_ZN_B1_MUX2_X1_S_Z_CLKGATE_X1_E:GCK (CLKGATE_X1) |        | 0.004       | 0.000      | 0.000      |             | 0.000  | 0.000r         |
| u_core.u_icache.invalidate_set_index_q_0__reg_p_CK (clock net)                                         | 4      |             |            |            | NA          |        |                |
| u_core.u_icache.invalidate_set_index_q_0__reg_p:CK (DFF_X1)                                            |        | 0.001       | 0.000      | 0.000      |             | 0.000  | 0.000r         |
| clock core_clock (rise edge)                                                                           |        |             |            |            |             | 1.333  | 1.333          |
| clock network delay (ideal)                                                                            |        |             |            |            |             | 0.000  | 1.333          |
| u_core.u_icache.invalidate_set_index_q_0__reg_p:CK (DFF_X1)                                            |        |             |            |            |             |        | 1.333r         |
| library setup time                                                                                     |        |             |            |            |             | -0.041 | 1.292          |
| clock reconvergence pessimism                                                                          |        |             |            |            |             | 0.000  | 1.292          |
|                                                                                                        |        |             |            |            |             |        |                |
| path cell delay                                                                                        |        |             |            |            |             |        | 6.334(90.486%) |
| path net delay                                                                                         |        |             |            |            |             |        | 0.000(0.000%)  |
|                                                                                                        |        |             |            |            |             |        |                |
| data require time                                                                                      |        |             |            |            |             |        | 1.292          |
| data arrival time                                                                                      |        |             |            |            |             |        | 7.000          |
| slack (VIOLATED)                                                                                       |        |             |            |            |             |        | -5.708         |
+--------------------------------------------------------------------------------------------------------+--------+-------------+------------+------------+-------------+--------+----------------+
+-------------------------------------------------------------------------------------------------------------------------------------------------------------+--------+-------------+------------+------------+-------------+--------+----------------+
| Point                                                                                                                                                       | Fanout | Capacitance | Resistance | Transition | Delta Delay | Incr   | Path           |
+-------------------------------------------------------------------------------------------------------------------------------------------------------------+--------+-------------+------------+------------+-------------+--------+----------------+
| clk_i (port)                                                                                                                                                |        | 1.161       | 0.000      | 0.100      |             | 0.000  | 0.000f         |
| clk_i (clock net)                                                                                                                                           | 857    |             |            |            | NA          |        |                |
| core_rst_n_reg_n_CK_INV_X1_ZN:A (INV_X1)                                                                                                                    |        | 0.002       | 0.000      | 0.000      |             | 0.000  | 0.000f         |
| core_rst_n_reg_n_CK_INV_X1_ZN:ZN (INV_X1)                                                                                                                   |        | 0.002       | 0.000      | 0.000      |             | 0.000  | 0.000r         |
| core_rst_n_reg_n_CK (clock net)                                                                                                                             | 2      |             |            |            | NA          |        |                |
| core_rst_n_reg_n:CK (DFFR_X1)                                                                                                                               |        | 0.001       | 0.000      | 0.000      |             | 0.000  | 0.000r         |
| clock core_clock (fall edge)                                                                                                                                |        |             |            |            |             | 0.666  | 0.666          |
| clock network delay (ideal)                                                                                                                                 |        |             |            |            |             | 0.000  | 0.666          |
| core_rst_n_reg_n:CK (DFFR_X1)                                                                                                                               |        | 0.001       | 0.000      | 0.000      |             | 0.000  | 0.666r         |
| core_rst_n_reg_n:Q (DFFR_X1)                                                                                                                                |        | 2.119       | 0.000      | 4.837      |             | 5.155  | 5.821r         |
| core_rst_n (net)                                                                                                                                            | 1200   |             |            |            | 0.000       |        |                |
| u_core.u_fetch_control_flow_predictor.u_return_address_stack.return_stack_write_index_q_0__reg_p_QN_MUX2_X1_B_Z_AOI211_X1_B_C1_NAND4_X1_ZN:A3 (NAND4_X1)    |        | 0.002       | 0.000      | 4.837      |             | 0.000  | 5.821r         |
| u_core.u_fetch_control_flow_predictor.u_return_address_stack.return_stack_write_index_q_0__reg_p_QN_MUX2_X1_B_Z_AOI211_X1_B_C1_NAND4_X1_ZN:ZN (NAND4_X1)    |        | 0.004       | 0.000      | 0.649      |             | 0.468  | 6.289f         |
| u_core.u_fetch_control_flow_predictor.u_return_address_stack.return_stack_write_index_q_0__reg_p_QN_MUX2_X1_B_Z_AOI211_X1_B_C1 (net)                        | 3      |             |            |            | 0.000       |        |                |
| u_core.u_fetch_control_flow_predictor.u_return_address_stack.return_stack_write_index_q_0__reg_p_QN_MUX2_X1_B_Z_AOI211_X1_B:C1 (AOI211_X1)                  |        | 0.002       | 0.000      | 0.649      |             | 0.000  | 6.289f         |
| u_core.u_fetch_control_flow_predictor.u_return_address_stack.return_stack_write_index_q_0__reg_p_QN_MUX2_X1_B_Z_AOI211_X1_B:ZN (AOI211_X1)                  |        | 0.001       | 0.000      | 0.109      |             | 0.225  | 6.514r         |
| u_core.u_fetch_control_flow_predictor.u_return_address_stack.return_stack_write_index_q_0__reg_p_QN_MUX2_X1_B_Z_AOI211_X1_B_ZN (net)                        | 1      |             |            |            | 0.000       |        |                |
| u_core.u_fetch_control_flow_predictor.u_return_address_stack.return_stack_write_index_q_0__reg_p_QN_MUX2_X1_B_Z_AOI211_X1_B_ZN_CLKGATE_X1_E:E (CLKGATE_X1)  |        | 0.001       | 0.000      | 0.109      |             | 0.000  | 6.514r         |
|                                                                                                                                                             |        |             |            |            |             |        |                |
| clk_i (port)                                                                                                                                                |        | 1.265       | 0.000      | 0.100      |             | 0.000  | 0.000r         |
| clk_i (clock net)                                                                                                                                           | 857    |             |            |            | NA          |        |                |
| u_core.u_fetch_control_flow_predictor.u_return_address_stack.return_stack_write_index_q_0__reg_p_QN_MUX2_X1_B_Z_AOI211_X1_B_ZN_CLKGATE_X1_E:CK (CLKGATE_X1) |        | 0.002       | 0.000      | 0.000      |             | 0.000  | 0.000r         |
| clock core_clock (rise edge)                                                                                                                                |        |             |            |            |             | 1.333  | 1.333          |
| clock network delay (ideal)                                                                                                                                 |        |             |            |            |             | 0.000  | 1.333          |
| u_core.u_fetch_control_flow_predictor.u_return_address_stack.return_stack_write_index_q_0__reg_p_QN_MUX2_X1_B_Z_AOI211_X1_B_ZN_CLKGATE_X1_E:CK (CLKGATE_X1) |        |             |            |            |             |        | 1.333r         |
| library setup time                                                                                                                                          |        |             |            |            |             | -0.062 | 1.271          |
| clock reconvergence pessimism                                                                                                                               |        |             |            |            |             | 0.000  | 1.271          |
|                                                                                                                                                             |        |             |            |            |             |        |                |
| path cell delay                                                                                                                                             |        |             |            |            |             |        | 5.848(89.776%) |
| path net delay                                                                                                                                              |        |             |            |            |             |        | 0.000(0.000%)  |
|                                                                                                                                                             |        |             |            |            |             |        |                |
| data require time                                                                                                                                           |        |             |            |            |             |        | 1.271          |
| data arrival time                                                                                                                                           |        |             |            |            |             |        | 6.514          |
| slack (VIOLATED)                                                                                                                                            |        |             |            |            |             |        | -5.243         |
+-------------------------------------------------------------------------------------------------------------------------------------------------------------+--------+-------------+------------+------------+-------------+--------+----------------+
+---------------------------------------------------------------------------------------------------------------------------------------------------------------+--------+-------------+------------+------------+-------------+--------+----------------+
| Point                                                                                                                                                         | Fanout | Capacitance | Resistance | Transition | Delta Delay | Incr   | Path           |
+---------------------------------------------------------------------------------------------------------------------------------------------------------------+--------+-------------+------------+------------+-------------+--------+----------------+
| clk_i (port)                                                                                                                                                  |        | 1.161       | 0.000      | 0.100      |             | 0.000  | 0.000f         |
| clk_i (clock net)                                                                                                                                             | 857    |             |            |            | NA          |        |                |
| core_rst_n_reg_n_CK_INV_X1_ZN:A (INV_X1)                                                                                                                      |        | 0.002       | 0.000      | 0.000      |             | 0.000  | 0.000f         |
| core_rst_n_reg_n_CK_INV_X1_ZN:ZN (INV_X1)                                                                                                                     |        | 0.002       | 0.000      | 0.000      |             | 0.000  | 0.000r         |
| core_rst_n_reg_n_CK (clock net)                                                                                                                               | 2      |             |            |            | NA          |        |                |
| core_rst_n_reg_n:CK (DFFR_X1)                                                                                                                                 |        | 0.001       | 0.000      | 0.000      |             | 0.000  | 0.000r         |
| clock core_clock (fall edge)                                                                                                                                  |        |             |            |            |             | 0.666  | 0.666          |
| clock network delay (ideal)                                                                                                                                   |        |             |            |            |             | 0.000  | 0.666          |
| core_rst_n_reg_n:CK (DFFR_X1)                                                                                                                                 |        | 0.001       | 0.000      | 0.000      |             | 0.000  | 0.666r         |
| core_rst_n_reg_n:Q (DFFR_X1)                                                                                                                                  |        | 2.119       | 0.000      | 4.837      |             | 5.155  | 5.821r         |
| core_rst_n (net)                                                                                                                                              | 1200   |             |            |            | 0.000       |        |                |
| u_core.u_fetch_control_flow_predictor.u_return_address_stack.return_stack_write_index_q_0__reg_p_QN_MUX2_X1_B_Z_AOI211_X1_B_C1_NAND4_X1_ZN:A3 (NAND4_X1)      |        | 0.002       | 0.000      | 4.837      |             | 0.000  | 5.821r         |
| u_core.u_fetch_control_flow_predictor.u_return_address_stack.return_stack_write_index_q_0__reg_p_QN_MUX2_X1_B_Z_AOI211_X1_B_C1_NAND4_X1_ZN:ZN (NAND4_X1)      |        | 0.004       | 0.000      | 0.649      |             | 0.468  | 6.289f         |
| u_core.u_fetch_control_flow_predictor.u_return_address_stack.return_stack_write_index_q_0__reg_p_QN_MUX2_X1_B_Z_AOI211_X1_B_C1 (net)                          | 3      |             |            |            | 0.000       |        |                |
| u_core.u_fetch_control_flow_predictor.u_return_address_stack.return_stack_write_index_q_0__reg_p_QN_MUX2_X1_B_Z_AOI211_X1_B_1:C1 (AOI211_X1)                  |        | 0.002       | 0.000      | 0.649      |             | 0.000  | 6.289f         |
| u_core.u_fetch_control_flow_predictor.u_return_address_stack.return_stack_write_index_q_0__reg_p_QN_MUX2_X1_B_Z_AOI211_X1_B_1:ZN (AOI211_X1)                  |        | 0.001       | 0.000      | 0.109      |             | 0.225  | 6.514r         |
| u_core.u_fetch_control_flow_predictor.u_return_address_stack.return_stack_write_index_q_0__reg_p_QN_MUX2_X1_B_Z_AOI211_X1_B_1_ZN (net)                        | 1      |             |            |            | 0.000       |        |                |
| u_core.u_fetch_control_flow_predictor.u_return_address_stack.return_stack_write_index_q_0__reg_p_QN_MUX2_X1_B_Z_AOI211_X1_B_1_ZN_CLKGATE_X1_E:E (CLKGATE_X1)  |        | 0.001       | 0.000      | 0.109      |             | 0.000  | 6.514r         |
|                                                                                                                                                               |        |             |            |            |             |        |                |
| clk_i (port)                                                                                                                                                  |        | 1.265       | 0.000      | 0.100      |             | 0.000  | 0.000r         |
| clk_i (clock net)                                                                                                                                             | 857    |             |            |            | NA          |        |                |
| u_core.u_fetch_control_flow_predictor.u_return_address_stack.return_stack_write_index_q_0__reg_p_QN_MUX2_X1_B_Z_AOI211_X1_B_1_ZN_CLKGATE_X1_E:CK (CLKGATE_X1) |        | 0.002       | 0.000      | 0.000      |             | 0.000  | 0.000r         |
| clock core_clock (rise edge)                                                                                                                                  |        |             |            |            |             | 1.333  | 1.333          |
| clock network delay (ideal)                                                                                                                                   |        |             |            |            |             | 0.000  | 1.333          |
| u_core.u_fetch_control_flow_predictor.u_return_address_stack.return_stack_write_index_q_0__reg_p_QN_MUX2_X1_B_Z_AOI211_X1_B_1_ZN_CLKGATE_X1_E:CK (CLKGATE_X1) |        |             |            |            |             |        | 1.333r         |
| library setup time                                                                                                                                            |        |             |            |            |             | -0.062 | 1.271          |
| clock reconvergence pessimism                                                                                                                                 |        |             |            |            |             | 0.000  | 1.271          |
|                                                                                                                                                               |        |             |            |            |             |        |                |
| path cell delay                                                                                                                                               |        |             |            |            |             |        | 5.848(89.776%) |
| path net delay                                                                                                                                                |        |             |            |            |             |        | 0.000(0.000%)  |
|                                                                                                                                                               |        |             |            |            |             |        |                |
| data require time                                                                                                                                             |        |             |            |            |             |        | 1.271          |
| data arrival time                                                                                                                                             |        |             |            |            |             |        | 6.514          |
| slack (VIOLATED)                                                                                                                                              |        |             |            |            |             |        | -5.243         |
+---------------------------------------------------------------------------------------------------------------------------------------------------------------+--------+-------------+------------+------------+-------------+--------+----------------+
+-------------------------------------------------------------------------------------------------------------------------------------------------------------+--------+-------------+------------+------------+-------------+--------+----------------+
| Point                                                                                                                                                       | Fanout | Capacitance | Resistance | Transition | Delta Delay | Incr   | Path           |
+-------------------------------------------------------------------------------------------------------------------------------------------------------------+--------+-------------+------------+------------+-------------+--------+----------------+
| clk_i (port)                                                                                                                                                |        | 1.161       | 0.000      | 0.100      |             | 0.000  | 0.000f         |
| clk_i (clock net)                                                                                                                                           | 857    |             |            |            | NA          |        |                |
| core_rst_n_reg_n_CK_INV_X1_ZN:A (INV_X1)                                                                                                                    |        | 0.002       | 0.000      | 0.000      |             | 0.000  | 0.000f         |
| core_rst_n_reg_n_CK_INV_X1_ZN:ZN (INV_X1)                                                                                                                   |        | 0.002       | 0.000      | 0.000      |             | 0.000  | 0.000r         |
| core_rst_n_reg_n_CK (clock net)                                                                                                                             | 2      |             |            |            | NA          |        |                |
| core_rst_n_reg_n:CK (DFFR_X1)                                                                                                                               |        | 0.001       | 0.000      | 0.000      |             | 0.000  | 0.000r         |
| clock core_clock (fall edge)                                                                                                                                |        |             |            |            |             | 0.666  | 0.666          |
| clock network delay (ideal)                                                                                                                                 |        |             |            |            |             | 0.000  | 0.666          |
| core_rst_n_reg_n:CK (DFFR_X1)                                                                                                                               |        | 0.001       | 0.000      | 0.000      |             | 0.000  | 0.666r         |
| core_rst_n_reg_n:Q (DFFR_X1)                                                                                                                                |        | 2.119       | 0.000      | 4.837      |             | 5.155  | 5.821r         |
| core_rst_n (net)                                                                                                                                            | 1200   |             |            |            | 0.000       |        |                |
| u_core.u_fetch_control_flow_predictor.u_return_address_stack.return_stack_write_index_q_0__reg_p_QN_MUX2_X1_B_Z_AOI211_X1_B_C1_NAND4_X1_ZN:A3 (NAND4_X1)    |        | 0.002       | 0.000      | 4.837      |             | 0.000  | 5.821r         |
| u_core.u_fetch_control_flow_predictor.u_return_address_stack.return_stack_write_index_q_0__reg_p_QN_MUX2_X1_B_Z_AOI211_X1_B_C1_NAND4_X1_ZN:ZN (NAND4_X1)    |        | 0.004       | 0.000      | 0.649      |             | 0.468  | 6.289f         |
| u_core.u_fetch_control_flow_predictor.u_return_address_stack.return_stack_write_index_q_0__reg_p_QN_MUX2_X1_B_Z_AOI211_X1_B_C1 (net)                        | 3      |             |            |            | 0.000       |        |                |
| u_core.u_fetch_control_flow_predictor.u_return_address_stack.return_stack_write_index_q_1__reg_p_QN_AOI211_X1_C1_B_NAND2_X1_ZN_A1_NAND2_X1_ZN:A2 (NAND2_X1) |        | 0.002       | 0.000      | 0.649      |             | 0.000  | 6.289f         |
| u_core.u_fetch_control_flow_predictor.u_return_address_stack.return_stack_write_index_q_1__reg_p_QN_AOI211_X1_C1_B_NAND2_X1_ZN_A1_NAND2_X1_ZN:ZN (NAND2_X1) |        | 0.002       | 0.000      | 0.090      |             | 0.144  | 6.433r         |
| u_core.u_fetch_control_flow_predictor.u_return_address_stack.return_stack_write_index_q_1__reg_p_QN_AOI211_X1_C1_B_NAND2_X1_ZN_A1 (net)                     | 1      |             |            |            | 0.000       |        |                |
| u_core.u_fetch_control_flow_predictor.u_return_address_stack.return_stack_write_index_q_1__reg_p_QN_AOI211_X1_C1_B_NAND2_X1_ZN:A1 (NAND2_X1)                |        | 0.002       | 0.000      | 0.090      |             | 0.000  | 6.433r         |
| u_core.u_fetch_control_flow_predictor.u_return_address_stack.return_stack_write_index_q_1__reg_p_QN_AOI211_X1_C1_B_NAND2_X1_ZN:ZN (NAND2_X1)                |        | 0.003       | 0.000      | 0.024      |             | 0.026  | 6.459f         |
| u_core.u_fetch_control_flow_predictor.u_return_address_stack.return_stack_write_index_q_1__reg_p_QN_AOI211_X1_C1_B (net)                                    | 2      |             |            |            | 0.000       |        |                |
| u_core.u_fetch_control_flow_predictor.u_return_address_stack.return_stack_write_index_q_1__reg_p_QN_AOI211_X1_C1:B (AOI211_X1)                              |        | 0.002       | 0.000      | 0.024      |             | 0.000  | 6.459f         |
| u_core.u_fetch_control_flow_predictor.u_return_address_stack.return_stack_write_index_q_1__reg_p_QN_AOI211_X1_C1:ZN (AOI211_X1)                             |        | 0.001       | 0.000      | 0.032      |             | 0.051  | 6.510r         |
| u_core.u_fetch_control_flow_predictor.u_return_address_stack.return_stack_write_index_q_1__reg_p_QN_AOI211_X1_C1_ZN (net)                                   | 1      |             |            |            | 0.000       |        |                |
| u_core.u_fetch_control_flow_predictor.u_return_address_stack.return_stack_write_index_q_1__reg_p_QN_AOI211_X1_C1_ZN_CLKGATE_X1_E:E (CLKGATE_X1)             |        | 0.001       | 0.000      | 0.032      |             | 0.000  | 6.510r         |
|                                                                                                                                                             |        |             |            |            |             |        |                |
| clk_i (port)                                                                                                                                                |        | 1.265       | 0.000      | 0.100      |             | 0.000  | 0.000r         |
| clk_i (clock net)                                                                                                                                           | 857    |             |            |            | NA          |        |                |
| u_core.u_fetch_control_flow_predictor.u_return_address_stack.return_stack_write_index_q_1__reg_p_QN_AOI211_X1_C1_ZN_CLKGATE_X1_E:CK (CLKGATE_X1)            |        | 0.002       | 0.000      | 0.000      |             | 0.000  | 0.000r         |
| clock core_clock (rise edge)                                                                                                                                |        |             |            |            |             | 1.333  | 1.333          |
| clock network delay (ideal)                                                                                                                                 |        |             |            |            |             | 0.000  | 1.333          |
| u_core.u_fetch_control_flow_predictor.u_return_address_stack.return_stack_write_index_q_1__reg_p_QN_AOI211_X1_C1_ZN_CLKGATE_X1_E:CK (CLKGATE_X1)            |        |             |            |            |             |        | 1.333r         |
| library setup time                                                                                                                                          |        |             |            |            |             | -0.055 | 1.278          |
| clock reconvergence pessimism                                                                                                                               |        |             |            |            |             | 0.000  | 1.278          |
|                                                                                                                                                             |        |             |            |            |             |        |                |
| path cell delay                                                                                                                                             |        |             |            |            |             |        | 5.844(89.770%) |
| path net delay                                                                                                                                              |        |             |            |            |             |        | 0.000(0.000%)  |
|                                                                                                                                                             |        |             |            |            |             |        |                |
| data require time                                                                                                                                           |        |             |            |            |             |        | 1.278          |
| data arrival time                                                                                                                                           |        |             |            |            |             |        | 6.510          |
| slack (VIOLATED)                                                                                                                                            |        |             |            |            |             |        | -5.232         |
+-------------------------------------------------------------------------------------------------------------------------------------------------------------+--------+-------------+------------+------------+-------------+--------+----------------+
+---------------------------------------------------------------------------------------------------------------------------------------------------------------+--------+-------------+------------+------------+-------------+--------+----------------+
| Point                                                                                                                                                         | Fanout | Capacitance | Resistance | Transition | Delta Delay | Incr   | Path           |
+---------------------------------------------------------------------------------------------------------------------------------------------------------------+--------+-------------+------------+------------+-------------+--------+----------------+
| clk_i (port)                                                                                                                                                  |        | 1.161       | 0.000      | 0.100      |             | 0.000  | 0.000f         |
| clk_i (clock net)                                                                                                                                             | 857    |             |            |            | NA          |        |                |
| core_rst_n_reg_n_CK_INV_X1_ZN:A (INV_X1)                                                                                                                      |        | 0.002       | 0.000      | 0.000      |             | 0.000  | 0.000f         |
| core_rst_n_reg_n_CK_INV_X1_ZN:ZN (INV_X1)                                                                                                                     |        | 0.002       | 0.000      | 0.000      |             | 0.000  | 0.000r         |
| core_rst_n_reg_n_CK (clock net)                                                                                                                               | 2      |             |            |            | NA          |        |                |
| core_rst_n_reg_n:CK (DFFR_X1)                                                                                                                                 |        | 0.001       | 0.000      | 0.000      |             | 0.000  | 0.000r         |
| clock core_clock (fall edge)                                                                                                                                  |        |             |            |            |             | 0.666  | 0.666          |
| clock network delay (ideal)                                                                                                                                   |        |             |            |            |             | 0.000  | 0.666          |
| core_rst_n_reg_n:CK (DFFR_X1)                                                                                                                                 |        | 0.001       | 0.000      | 0.000      |             | 0.000  | 0.666r         |
| core_rst_n_reg_n:Q (DFFR_X1)                                                                                                                                  |        | 2.119       | 0.000      | 4.837      |             | 5.155  | 5.821r         |
| core_rst_n (net)                                                                                                                                              | 1200   |             |            |            | 0.000       |        |                |
| u_core.u_fetch_control_flow_predictor.u_return_address_stack.return_stack_write_index_q_0__reg_p_QN_MUX2_X1_B_Z_AOI211_X1_B_C1_NAND4_X1_ZN:A3 (NAND4_X1)      |        | 0.002       | 0.000      | 4.837      |             | 0.000  | 5.821r         |
| u_core.u_fetch_control_flow_predictor.u_return_address_stack.return_stack_write_index_q_0__reg_p_QN_MUX2_X1_B_Z_AOI211_X1_B_C1_NAND4_X1_ZN:ZN (NAND4_X1)      |        | 0.004       | 0.000      | 0.649      |             | 0.468  | 6.289f         |
| u_core.u_fetch_control_flow_predictor.u_return_address_stack.return_stack_write_index_q_0__reg_p_QN_MUX2_X1_B_Z_AOI211_X1_B_C1 (net)                          | 3      |             |            |            | 0.000       |        |                |
| u_core.u_fetch_control_flow_predictor.u_return_address_stack.return_stack_write_index_q_1__reg_p_QN_AOI211_X1_C1_B_NAND2_X1_ZN_A1_NAND2_X1_ZN:A2 (NAND2_X1)   |        | 0.002       | 0.000      | 0.649      |             | 0.000  | 6.289f         |
| u_core.u_fetch_control_flow_predictor.u_return_address_stack.return_stack_write_index_q_1__reg_p_QN_AOI211_X1_C1_B_NAND2_X1_ZN_A1_NAND2_X1_ZN:ZN (NAND2_X1)   |        | 0.002       | 0.000      | 0.090      |             | 0.144  | 6.433r         |
| u_core.u_fetch_control_flow_predictor.u_return_address_stack.return_stack_write_index_q_1__reg_p_QN_AOI211_X1_C1_B_NAND2_X1_ZN_A1 (net)                       | 1      |             |            |            | 0.000       |        |                |
| u_core.u_fetch_control_flow_predictor.u_return_address_stack.return_stack_write_index_q_1__reg_p_QN_AOI211_X1_C1_B_NAND2_X1_ZN:A1 (NAND2_X1)                  |        | 0.002       | 0.000      | 0.090      |             | 0.000  | 6.433r         |
| u_core.u_fetch_control_flow_predictor.u_return_address_stack.return_stack_write_index_q_1__reg_p_QN_AOI211_X1_C1_B_NAND2_X1_ZN:ZN (NAND2_X1)                  |        | 0.003       | 0.000      | 0.024      |             | 0.026  | 6.459f         |
| u_core.u_fetch_control_flow_predictor.u_return_address_stack.return_stack_write_index_q_1__reg_p_QN_AOI211_X1_C1_B (net)                                      | 2      |             |            |            | 0.000       |        |                |
| u_core.u_fetch_control_flow_predictor.u_return_address_stack.return_stack_write_index_q_1__reg_p_QN_AOI211_X1_C1_B_NOR2_X1_A1:A1 (NOR2_X1)                    |        | 0.002       | 0.000      | 0.024      |             | 0.000  | 6.459f         |
| u_core.u_fetch_control_flow_predictor.u_return_address_stack.return_stack_write_index_q_1__reg_p_QN_AOI211_X1_C1_B_NOR2_X1_A1:ZN (NOR2_X1)                    |        | 0.001       | 0.000      | 0.014      |             | 0.026  | 6.485r         |
| u_core.u_fetch_control_flow_predictor.u_return_address_stack.return_stack_write_index_q_1__reg_p_QN_AOI211_X1_C1_B_NOR2_X1_A1_ZN (net)                        | 1      |             |            |            | 0.000       |        |                |
| u_core.u_fetch_control_flow_predictor.u_return_address_stack.return_stack_write_index_q_1__reg_p_QN_AOI211_X1_C1_B_NOR2_X1_A1_ZN_CLKGATE_X1_E:E (CLKGATE_X1)  |        | 0.001       | 0.000      | 0.014      |             | 0.000  | 6.485r         |
|                                                                                                                                                               |        |             |            |            |             |        |                |
| clk_i (port)                                                                                                                                                  |        | 1.265       | 0.000      | 0.100      |             | 0.000  | 0.000r         |
| clk_i (clock net)                                                                                                                                             | 857    |             |            |            | NA          |        |                |
| u_core.u_fetch_control_flow_predictor.u_return_address_stack.return_stack_write_index_q_1__reg_p_QN_AOI211_X1_C1_B_NOR2_X1_A1_ZN_CLKGATE_X1_E:CK (CLKGATE_X1) |        | 0.002       | 0.000      | 0.000      |             | 0.000  | 0.000r         |
| clock core_clock (rise edge)                                                                                                                                  |        |             |            |            |             | 1.333  | 1.333          |
| clock network delay (ideal)                                                                                                                                   |        |             |            |            |             | 0.000  | 1.333          |
| u_core.u_fetch_control_flow_predictor.u_return_address_stack.return_stack_write_index_q_1__reg_p_QN_AOI211_X1_C1_B_NOR2_X1_A1_ZN_CLKGATE_X1_E:CK (CLKGATE_X1) |        |             |            |            |             |        | 1.333r         |
| library setup time                                                                                                                                            |        |             |            |            |             | -0.051 | 1.282          |
| clock reconvergence pessimism                                                                                                                                 |        |             |            |            |             | 0.000  | 1.282          |
|                                                                                                                                                               |        |             |            |            |             |        |                |
| path cell delay                                                                                                                                               |        |             |            |            |             |        | 5.819(89.731%) |
| path net delay                                                                                                                                                |        |             |            |            |             |        | 0.000(0.000%)  |
|                                                                                                                                                               |        |             |            |            |             |        |                |
| data require time                                                                                                                                             |        |             |            |            |             |        | 1.282          |
| data arrival time                                                                                                                                             |        |             |            |            |             |        | 6.485          |
| slack (VIOLATED)                                                                                                                                              |        |             |            |            |             |        | -5.203         |
+---------------------------------------------------------------------------------------------------------------------------------------------------------------+--------+-------------+------------+------------+-------------+--------+----------------+
+------------------------------------------------------------------------------------------------------------------------------------------+--------+-------------+------------+------------+-------------+--------+----------------+
| Point                                                                                                                                    | Fanout | Capacitance | Resistance | Transition | Delta Delay | Incr   | Path           |
+------------------------------------------------------------------------------------------------------------------------------------------+--------+-------------+------------+------------+-------------+--------+----------------+
| clk_i (port)                                                                                                                             |        | 1.161       | 0.000      | 0.100      |             | 0.000  | 0.000f         |
| clk_i (clock net)                                                                                                                        | 857    |             |            |            | NA          |        |                |
| core_rst_n_reg_n_CK_INV_X1_ZN:A (INV_X1)                                                                                                 |        | 0.002       | 0.000      | 0.000      |             | 0.000  | 0.000f         |
| core_rst_n_reg_n_CK_INV_X1_ZN:ZN (INV_X1)                                                                                                |        | 0.002       | 0.000      | 0.000      |             | 0.000  | 0.000r         |
| core_rst_n_reg_n_CK (clock net)                                                                                                          | 2      |             |            |            | NA          |        |                |
| core_rst_n_reg_n:CK (DFFR_X1)                                                                                                            |        | 0.001       | 0.000      | 0.000      |             | 0.000  | 0.000r         |
| clock core_clock (fall edge)                                                                                                             |        |             |            |            |             | 0.666  | 0.666          |
| clock network delay (ideal)                                                                                                              |        |             |            |            |             | 0.000  | 0.666          |
| core_rst_n_reg_n:CK (DFFR_X1)                                                                                                            |        | 0.001       | 0.000      | 0.000      |             | 0.000  | 0.666r         |
| core_rst_n_reg_n:Q (DFFR_X1)                                                                                                             |        | 2.119       | 0.000      | 4.837      |             | 5.155  | 5.821r         |
| core_rst_n (net)                                                                                                                         | 1200   |             |            |            | 0.000       |        |                |
| u_core.u_icache.u_riscv32_icache_tag_array.line_present_array_q[0]_2__reg_p_D_AND3_X1_ZN_A2_NAND4_X1_ZN_A1_AND2_X1_ZN:A2 (AND2_X1)       |        | 0.001       | 0.000      | 4.837      |             | 0.000  | 5.821r         |
| u_core.u_icache.u_riscv32_icache_tag_array.line_present_array_q[0]_2__reg_p_D_AND3_X1_ZN_A2_NAND4_X1_ZN_A1_AND2_X1_ZN:ZN (AND2_X1)       |        | 0.010       | 0.000      | 0.109      |             | 0.330  | 6.151r         |
| u_core.u_icache.u_riscv32_icache_tag_array.line_present_array_q[0]_2__reg_p_D_AND3_X1_ZN_A2_NAND4_X1_ZN_A1 (net)                         | 9      |             |            |            | 0.000       |        |                |
| u_core.u_icache.u_riscv32_icache_tag_array.line_present_array_q[0]_15__reg_p_CK_CLKGATE_X1_GCK_E_OAI21_X1_ZN_A_NAND4_X1_ZN:A1 (NAND4_X1) |        | 0.002       | 0.000      | 0.109      |             | 0.000  | 6.151r         |
| u_core.u_icache.u_riscv32_icache_tag_array.line_present_array_q[0]_15__reg_p_CK_CLKGATE_X1_GCK_E_OAI21_X1_ZN_A_NAND4_X1_ZN:ZN (NAND4_X1) |        | 0.002       | 0.000      | 0.034      |             | 0.045  | 6.196f         |
| u_core.u_icache.u_riscv32_icache_tag_array.line_present_array_q[0]_15__reg_p_CK_CLKGATE_X1_GCK_E_OAI21_X1_ZN_A (net)                     | 1      |             |            |            | 0.000       |        |                |
| u_core.u_icache.u_riscv32_icache_tag_array.line_present_array_q[0]_15__reg_p_CK_CLKGATE_X1_GCK_E_OAI21_X1_ZN:A (OAI21_X1)                |        | 0.002       | 0.000      | 0.034      |             | 0.000  | 6.196f         |
| u_core.u_icache.u_riscv32_icache_tag_array.line_present_array_q[0]_15__reg_p_CK_CLKGATE_X1_GCK_E_OAI21_X1_ZN:ZN (OAI21_X1)               |        | 0.001       | 0.000      | 0.027      |             | 0.029  | 6.224r         |
| u_core.u_icache.u_riscv32_icache_tag_array.line_present_array_q[0]_15__reg_p_CK_CLKGATE_X1_GCK_E (net)                                   | 1      |             |            |            | 0.000       |        |                |
| u_core.u_icache.u_riscv32_icache_tag_array.line_present_array_q[0]_15__reg_p_CK_CLKGATE_X1_GCK:E (CLKGATE_X1)                            |        | 0.001       | 0.000      | 0.027      |             | 0.000  | 6.224r         |
|                                                                                                                                          |        |             |            |            |             |        |                |
| clk_i (port)                                                                                                                             |        | 1.265       | 0.000      | 0.100      |             | 0.000  | 0.000r         |
| clk_i (clock net)                                                                                                                        | 857    |             |            |            | NA          |        |                |
| u_core.u_icache.u_riscv32_icache_tag_array.line_present_array_q[0]_15__reg_p_CK_CLKGATE_X1_GCK:CK (CLKGATE_X1)                           |        | 0.002       | 0.000      | 0.000      |             | 0.000  | 0.000r         |
| clock core_clock (rise edge)                                                                                                             |        |             |            |            |             | 1.333  | 1.333          |
| clock network delay (ideal)                                                                                                              |        |             |            |            |             | 0.000  | 1.333          |
| u_core.u_icache.u_riscv32_icache_tag_array.line_present_array_q[0]_15__reg_p_CK_CLKGATE_X1_GCK:CK (CLKGATE_X1)                           |        |             |            |            |             |        | 1.333r         |
| library setup time                                                                                                                       |        |             |            |            |             | -0.054 | 1.279          |
| clock reconvergence pessimism                                                                                                            |        |             |            |            |             | 0.000  | 1.279          |
|                                                                                                                                          |        |             |            |            |             |        |                |
| path cell delay                                                                                                                          |        |             |            |            |             |        | 5.558(89.300%) |
| path net delay                                                                                                                           |        |             |            |            |             |        | 0.000(0.000%)  |
|                                                                                                                                          |        |             |            |            |             |        |                |
| data require time                                                                                                                        |        |             |            |            |             |        | 1.279          |
| data arrival time                                                                                                                        |        |             |            |            |             |        | 6.224          |
| slack (VIOLATED)                                                                                                                         |        |             |            |            |             |        | -4.945         |
+------------------------------------------------------------------------------------------------------------------------------------------+--------+-------------+------------+------------+-------------+--------+----------------+
+-------------------------------------------------------------------------------------+--------+-------------+------------+------------+-------------+--------+----------------+
| Point                                                                               | Fanout | Capacitance | Resistance | Transition | Delta Delay | Incr   | Path           |
+-------------------------------------------------------------------------------------+--------+-------------+------------+------------+-------------+--------+----------------+
| clk_i (port)                                                                        |        | 1.161       | 0.000      | 0.100      |             | 0.000  | 0.000f         |
| clk_i (clock net)                                                                   | 857    |             |            |            | NA          |        |                |
| core_rst_n_reg_n_CK_INV_X1_ZN:A (INV_X1)                                            |        | 0.002       | 0.000      | 0.000      |             | 0.000  | 0.000f         |
| core_rst_n_reg_n_CK_INV_X1_ZN:ZN (INV_X1)                                           |        | 0.002       | 0.000      | 0.000      |             | 0.000  | 0.000r         |
| core_rst_n_reg_n_CK (clock net)                                                     | 2      |             |            |            | NA          |        |                |
| core_rst_n_reg_n:CK (DFFR_X1)                                                       |        | 0.001       | 0.000      | 0.000      |             | 0.000  | 0.000r         |
| clock core_clock (fall edge)                                                        |        |             |            |            |             | 0.666  | 0.666          |
| clock network delay (ideal)                                                         |        |             |            |            |             | 0.000  | 0.666          |
| core_rst_n_reg_n:CK (DFFR_X1)                                                       |        | 0.001       | 0.000      | 0.000      |             | 0.000  | 0.666r         |
| core_rst_n_reg_n:Q (DFFR_X1)                                                        |        | 2.119       | 0.000      | 4.741      |             | 5.055  | 5.721r         |
| core_rst_n (net)                                                                    | 1200   |             |            |            | 0.000       |        |                |
| u_core.u_ifu.lookup_queue_entry_count_q_1__reg_p:RN (DFFR_X1)                       |        | 0.002       | 0.000      | 4.741      |             | 0.000  | 5.721r         |
|                                                                                     |        |             |            |            |             |        |                |
| clk_i (port)                                                                        |        | 1.265       | 0.000      | 0.100      |             | 0.000  | 0.000r         |
| clk_i (clock net)                                                                   | 857    |             |            |            | NA          |        |                |
| u_core.u_ifu.lookup_queue_entry_count_q_0__reg_p_CK_CLKGATE_X1_GCK:CK (CLKGATE_X1)  |        | 0.002       | 0.000      | 0.000      |             | 0.000  | 0.000r         |
| u_core.u_ifu.lookup_queue_entry_count_q_0__reg_p_CK_CLKGATE_X1_GCK:GCK (CLKGATE_X1) |        | 0.002       | 0.000      | 0.000      |             | 0.000  | 0.000r         |
| u_core.u_ifu.lookup_queue_entry_count_q_0__reg_p_CK (clock net)                     | 2      |             |            |            | NA          |        |                |
| u_core.u_ifu.lookup_queue_entry_count_q_1__reg_p:CK (DFFR_X1)                       |        | 0.001       | 0.000      | 0.000      |             | 0.000  | 0.000r         |
| clock core_clock (rise edge)                                                        |        |             |            |            |             | 0      | 0              |
| clock network delay (ideal)                                                         |        |             |            |            |             | 0.000  | 0.000          |
| u_core.u_ifu.lookup_queue_entry_count_q_1__reg_p:CK (DFFR_X1)                       |        |             |            |            |             |        | 0.000r         |
| library removal time                                                                |        |             |            |            |             | 6.117  | 6.117          |
| clock reconvergence pessimism                                                       |        |             |            |            |             | -0.000 | 6.117          |
|                                                                                     |        |             |            |            |             |        |                |
| path cell delay                                                                     |        |             |            |            |             |        | 5.055(88.358%) |
| path net delay                                                                      |        |             |            |            |             |        | 0.000(0.000%)  |
|                                                                                     |        |             |            |            |             |        |                |
| data require time                                                                   |        |             |            |            |             |        | 6.117          |
| data arrival time                                                                   |        |             |            |            |             |        | 5.721          |
| slack (VIOLATED)                                                                    |        |             |            |            |             |        | -0.396         |
+-------------------------------------------------------------------------------------+--------+-------------+------------+------------+-------------+--------+----------------+
+-------------------------------------------------------------------------------------+--------+-------------+------------+------------+-------------+--------+----------------+
| Point                                                                               | Fanout | Capacitance | Resistance | Transition | Delta Delay | Incr   | Path           |
+-------------------------------------------------------------------------------------+--------+-------------+------------+------------+-------------+--------+----------------+
| clk_i (port)                                                                        |        | 1.161       | 0.000      | 0.100      |             | 0.000  | 0.000f         |
| clk_i (clock net)                                                                   | 857    |             |            |            | NA          |        |                |
| core_rst_n_reg_n_CK_INV_X1_ZN:A (INV_X1)                                            |        | 0.002       | 0.000      | 0.000      |             | 0.000  | 0.000f         |
| core_rst_n_reg_n_CK_INV_X1_ZN:ZN (INV_X1)                                           |        | 0.002       | 0.000      | 0.000      |             | 0.000  | 0.000r         |
| core_rst_n_reg_n_CK (clock net)                                                     | 2      |             |            |            | NA          |        |                |
| core_rst_n_reg_n:CK (DFFR_X1)                                                       |        | 0.001       | 0.000      | 0.000      |             | 0.000  | 0.000r         |
| clock core_clock (fall edge)                                                        |        |             |            |            |             | 0.666  | 0.666          |
| clock network delay (ideal)                                                         |        |             |            |            |             | 0.000  | 0.666          |
| core_rst_n_reg_n:CK (DFFR_X1)                                                       |        | 0.001       | 0.000      | 0.000      |             | 0.000  | 0.666r         |
| core_rst_n_reg_n:Q (DFFR_X1)                                                        |        | 2.119       | 0.000      | 4.741      |             | 5.055  | 5.721r         |
| core_rst_n (net)                                                                    | 1200   |             |            |            | 0.000       |        |                |
| u_core.u_ifu.lookup_queue_entry_count_q_1__reg_p:RN (DFFR_X1)                       |        | 0.002       | 0.000      | 4.741      |             | 0.000  | 5.721r         |
|                                                                                     |        |             |            |            |             |        |                |
| clk_i (port)                                                                        |        | 1.265       | 0.000      | 0.100      |             | 0.000  | 0.000r         |
| clk_i (clock net)                                                                   | 857    |             |            |            | NA          |        |                |
| u_core.u_ifu.lookup_queue_entry_count_q_0__reg_p_CK_CLKGATE_X1_GCK:CK (CLKGATE_X1)  |        | 0.002       | 0.000      | 0.000      |             | 0.000  | 0.000r         |
| u_core.u_ifu.lookup_queue_entry_count_q_0__reg_p_CK_CLKGATE_X1_GCK:GCK (CLKGATE_X1) |        | 0.002       | 0.000      | 0.000      |             | 0.000  | 0.000r         |
| u_core.u_ifu.lookup_queue_entry_count_q_0__reg_p_CK (clock net)                     | 2      |             |            |            | NA          |        |                |
| u_core.u_ifu.lookup_queue_entry_count_q_1__reg_p:CK (DFFR_X1)                       |        | 0.001       | 0.000      | 0.000      |             | 0.000  | 0.000r         |
| clock core_clock (rise edge)                                                        |        |             |            |            |             | 0      | 0              |
| clock network delay (ideal)                                                         |        |             |            |            |             | 0.000  | 0.000          |
| u_core.u_ifu.lookup_queue_entry_count_q_1__reg_p:CK (DFFR_X1)                       |        |             |            |            |             |        | 0.000r         |
| library removal time                                                                |        |             |            |            |             | 6.117  | 6.117          |
| clock reconvergence pessimism                                                       |        |             |            |            |             | -0.000 | 6.117          |
|                                                                                     |        |             |            |            |             |        |                |
| path cell delay                                                                     |        |             |            |            |             |        | 5.055(88.358%) |
| path net delay                                                                      |        |             |            |            |             |        | 0.000(0.000%)  |
|                                                                                     |        |             |            |            |             |        |                |
| data require time                                                                   |        |             |            |            |             |        | 6.117          |
| data arrival time                                                                   |        |             |            |            |             |        | 5.721          |
| slack (VIOLATED)                                                                    |        |             |            |            |             |        | -0.396         |
+-------------------------------------------------------------------------------------+--------+-------------+------------+------------+-------------+--------+----------------+
+-------------------------------------------------------------------------------------+--------+-------------+------------+------------+-------------+--------+----------------+
| Point                                                                               | Fanout | Capacitance | Resistance | Transition | Delta Delay | Incr   | Path           |
+-------------------------------------------------------------------------------------+--------+-------------+------------+------------+-------------+--------+----------------+
| clk_i (port)                                                                        |        | 1.161       | 0.000      | 0.100      |             | 0.000  | 0.000f         |
| clk_i (clock net)                                                                   | 857    |             |            |            | NA          |        |                |
| core_rst_n_reg_n_CK_INV_X1_ZN:A (INV_X1)                                            |        | 0.002       | 0.000      | 0.000      |             | 0.000  | 0.000f         |
| core_rst_n_reg_n_CK_INV_X1_ZN:ZN (INV_X1)                                           |        | 0.002       | 0.000      | 0.000      |             | 0.000  | 0.000r         |
| core_rst_n_reg_n_CK (clock net)                                                     | 2      |             |            |            | NA          |        |                |
| core_rst_n_reg_n:CK (DFFR_X1)                                                       |        | 0.001       | 0.000      | 0.000      |             | 0.000  | 0.000r         |
| clock core_clock (fall edge)                                                        |        |             |            |            |             | 0.666  | 0.666          |
| clock network delay (ideal)                                                         |        |             |            |            |             | 0.000  | 0.666          |
| core_rst_n_reg_n:CK (DFFR_X1)                                                       |        | 0.001       | 0.000      | 0.000      |             | 0.000  | 0.666r         |
| core_rst_n_reg_n:Q (DFFR_X1)                                                        |        | 2.119       | 0.000      | 4.741      |             | 5.055  | 5.721r         |
| core_rst_n (net)                                                                    | 1200   |             |            |            | 0.000       |        |                |
| u_core.u_ifu.lookup_queue_entry_count_q_0__reg_p:RN (DFFR_X1)                       |        | 0.002       | 0.000      | 4.741      |             | 0.000  | 5.721r         |
|                                                                                     |        |             |            |            |             |        |                |
| clk_i (port)                                                                        |        | 1.265       | 0.000      | 0.100      |             | 0.000  | 0.000r         |
| clk_i (clock net)                                                                   | 857    |             |            |            | NA          |        |                |
| u_core.u_ifu.lookup_queue_entry_count_q_0__reg_p_CK_CLKGATE_X1_GCK:CK (CLKGATE_X1)  |        | 0.002       | 0.000      | 0.000      |             | 0.000  | 0.000r         |
| u_core.u_ifu.lookup_queue_entry_count_q_0__reg_p_CK_CLKGATE_X1_GCK:GCK (CLKGATE_X1) |        | 0.002       | 0.000      | 0.000      |             | 0.000  | 0.000r         |
| u_core.u_ifu.lookup_queue_entry_count_q_0__reg_p_CK (clock net)                     | 2      |             |            |            | NA          |        |                |
| u_core.u_ifu.lookup_queue_entry_count_q_0__reg_p:CK (DFFR_X1)                       |        | 0.001       | 0.000      | 0.000      |             | 0.000  | 0.000r         |
| clock core_clock (rise edge)                                                        |        |             |            |            |             | 0      | 0              |
| clock network delay (ideal)                                                         |        |             |            |            |             | 0.000  | 0.000          |
| u_core.u_ifu.lookup_queue_entry_count_q_0__reg_p:CK (DFFR_X1)                       |        |             |            |            |             |        | 0.000r         |
| library removal time                                                                |        |             |            |            |             | 6.117  | 6.117          |
| clock reconvergence pessimism                                                       |        |             |            |            |             | -0.000 | 6.117          |
|                                                                                     |        |             |            |            |             |        |                |
| path cell delay                                                                     |        |             |            |            |             |        | 5.055(88.358%) |
| path net delay                                                                      |        |             |            |            |             |        | 0.000(0.000%)  |
|                                                                                     |        |             |            |            |             |        |                |
| data require time                                                                   |        |             |            |            |             |        | 6.117          |
| data arrival time                                                                   |        |             |            |            |             |        | 5.721          |
| slack (VIOLATED)                                                                    |        |             |            |            |             |        | -0.396         |
+-------------------------------------------------------------------------------------+--------+-------------+------------+------------+-------------+--------+----------------+
+-------------------------------------------------------------------------------------+--------+-------------+------------+------------+-------------+--------+----------------+
| Point                                                                               | Fanout | Capacitance | Resistance | Transition | Delta Delay | Incr   | Path           |
+-------------------------------------------------------------------------------------+--------+-------------+------------+------------+-------------+--------+----------------+
| clk_i (port)                                                                        |        | 1.161       | 0.000      | 0.100      |             | 0.000  | 0.000f         |
| clk_i (clock net)                                                                   | 857    |             |            |            | NA          |        |                |
| core_rst_n_reg_n_CK_INV_X1_ZN:A (INV_X1)                                            |        | 0.002       | 0.000      | 0.000      |             | 0.000  | 0.000f         |
| core_rst_n_reg_n_CK_INV_X1_ZN:ZN (INV_X1)                                           |        | 0.002       | 0.000      | 0.000      |             | 0.000  | 0.000r         |
| core_rst_n_reg_n_CK (clock net)                                                     | 2      |             |            |            | NA          |        |                |
| core_rst_n_reg_n:CK (DFFR_X1)                                                       |        | 0.001       | 0.000      | 0.000      |             | 0.000  | 0.000r         |
| clock core_clock (fall edge)                                                        |        |             |            |            |             | 0.666  | 0.666          |
| clock network delay (ideal)                                                         |        |             |            |            |             | 0.000  | 0.666          |
| core_rst_n_reg_n:CK (DFFR_X1)                                                       |        | 0.001       | 0.000      | 0.000      |             | 0.000  | 0.666r         |
| core_rst_n_reg_n:Q (DFFR_X1)                                                        |        | 2.119       | 0.000      | 4.741      |             | 5.055  | 5.721r         |
| core_rst_n (net)                                                                    | 1200   |             |            |            | 0.000       |        |                |
| u_core.u_ifu.lookup_queue_entry_count_q_0__reg_p:RN (DFFR_X1)                       |        | 0.002       | 0.000      | 4.741      |             | 0.000  | 5.721r         |
|                                                                                     |        |             |            |            |             |        |                |
| clk_i (port)                                                                        |        | 1.265       | 0.000      | 0.100      |             | 0.000  | 0.000r         |
| clk_i (clock net)                                                                   | 857    |             |            |            | NA          |        |                |
| u_core.u_ifu.lookup_queue_entry_count_q_0__reg_p_CK_CLKGATE_X1_GCK:CK (CLKGATE_X1)  |        | 0.002       | 0.000      | 0.000      |             | 0.000  | 0.000r         |
| u_core.u_ifu.lookup_queue_entry_count_q_0__reg_p_CK_CLKGATE_X1_GCK:GCK (CLKGATE_X1) |        | 0.002       | 0.000      | 0.000      |             | 0.000  | 0.000r         |
| u_core.u_ifu.lookup_queue_entry_count_q_0__reg_p_CK (clock net)                     | 2      |             |            |            | NA          |        |                |
| u_core.u_ifu.lookup_queue_entry_count_q_0__reg_p:CK (DFFR_X1)                       |        | 0.001       | 0.000      | 0.000      |             | 0.000  | 0.000r         |
| clock core_clock (rise edge)                                                        |        |             |            |            |             | 0      | 0              |
| clock network delay (ideal)                                                         |        |             |            |            |             | 0.000  | 0.000          |
| u_core.u_ifu.lookup_queue_entry_count_q_0__reg_p:CK (DFFR_X1)                       |        |             |            |            |             |        | 0.000r         |
| library removal time                                                                |        |             |            |            |             | 6.117  | 6.117          |
| clock reconvergence pessimism                                                       |        |             |            |            |             | -0.000 | 6.117          |
|                                                                                     |        |             |            |            |             |        |                |
| path cell delay                                                                     |        |             |            |            |             |        | 5.055(88.358%) |
| path net delay                                                                      |        |             |            |            |             |        | 0.000(0.000%)  |
|                                                                                     |        |             |            |            |             |        |                |
| data require time                                                                   |        |             |            |            |             |        | 6.117          |
| data arrival time                                                                   |        |             |            |            |             |        | 5.721          |
| slack (VIOLATED)                                                                    |        |             |            |            |             |        | -0.396         |
+-------------------------------------------------------------------------------------+--------+-------------+------------+------------+-------------+--------+----------------+
+------------------------------------------------------------------------------------------------------------+--------+-------------+------------+------------+-------------+--------+----------------+
| Point                                                                                                      | Fanout | Capacitance | Resistance | Transition | Delta Delay | Incr   | Path           |
+------------------------------------------------------------------------------------------------------------+--------+-------------+------------+------------+-------------+--------+----------------+
| clk_i (port)                                                                                               |        | 1.161       | 0.000      | 0.100      |             | 0.000  | 0.000f         |
| clk_i (clock net)                                                                                          | 857    |             |            |            | NA          |        |                |
| core_rst_n_reg_n_CK_INV_X1_ZN:A (INV_X1)                                                                   |        | 0.002       | 0.000      | 0.000      |             | 0.000  | 0.000f         |
| core_rst_n_reg_n_CK_INV_X1_ZN:ZN (INV_X1)                                                                  |        | 0.002       | 0.000      | 0.000      |             | 0.000  | 0.000r         |
| core_rst_n_reg_n_CK (clock net)                                                                            | 2      |             |            |            | NA          |        |                |
| core_rst_n_reg_n:CK (DFFR_X1)                                                                              |        | 0.001       | 0.000      | 0.000      |             | 0.000  | 0.000r         |
| clock core_clock (fall edge)                                                                               |        |             |            |            |             | 0.666  | 0.666          |
| clock network delay (ideal)                                                                                |        |             |            |            |             | 0.000  | 0.666          |
| core_rst_n_reg_n:CK (DFFR_X1)                                                                              |        | 0.001       | 0.000      | 0.000      |             | 0.000  | 0.666r         |
| core_rst_n_reg_n:Q (DFFR_X1)                                                                               |        | 2.119       | 0.000      | 4.741      |             | 5.055  | 5.721r         |
| core_rst_n (net)                                                                                           | 1200   |             |            |            | 0.000       |        |                |
| u_core.u_fetch_control_flow_predictor.u_branch_target_buffer.branch_target_update_q_18__reg_p:RN (DFFR_X1) |        | 0.002       | 0.000      | 4.741      |             | 0.000  | 5.721r         |
|                                                                                                            |        |             |            |            |             |        |                |
| clk_i (port)                                                                                               |        | 1.265       | 0.000      | 0.100      |             | 0.000  | 0.000r         |
| clk_i (clock net)                                                                                          | 857    |             |            |            | NA          |        |                |
| u_core.u_fetch_control_flow_predictor.u_branch_target_buffer.branch_target_update_q_18__reg_p:CK (DFFR_X1) |        | 0.001       | 0.000      | 0.000      |             | 0.000  | 0.000r         |
| clock core_clock (rise edge)                                                                               |        |             |            |            |             | 0      | 0              |
| clock network delay (ideal)                                                                                |        |             |            |            |             | 0.000  | 0.000          |
| u_core.u_fetch_control_flow_predictor.u_branch_target_buffer.branch_target_update_q_18__reg_p:CK (DFFR_X1) |        |             |            |            |             |        | 0.000r         |
| library removal time                                                                                       |        |             |            |            |             | 6.117  | 6.117          |
| clock reconvergence pessimism                                                                              |        |             |            |            |             | -0.000 | 6.117          |
|                                                                                                            |        |             |            |            |             |        |                |
| path cell delay                                                                                            |        |             |            |            |             |        | 5.055(88.358%) |
| path net delay                                                                                             |        |             |            |            |             |        | 0.000(0.000%)  |
|                                                                                                            |        |             |            |            |             |        |                |
| data require time                                                                                          |        |             |            |            |             |        | 6.117          |
| data arrival time                                                                                          |        |             |            |            |             |        | 5.721          |
| slack (VIOLATED)                                                                                           |        |             |            |            |             |        | -0.396         |
+------------------------------------------------------------------------------------------------------------+--------+-------------+------------+------------+-------------+--------+----------------+
+---------------------------------------------------------------------------------------------------------------------------+--------+-------------+------------+------------+-------------+--------+-----------------+
| Point                                                                                                                     | Fanout | Capacitance | Resistance | Transition | Delta Delay | Incr   | Path            |
+---------------------------------------------------------------------------------------------------------------------------+--------+-------------+------------+------------+-------------+--------+-----------------+
| clk_i (port)                                                                                                              |        | 1.265       | 0.000      | 0.100      |             | 0.000  | 0.000r          |
| clk_i (clock net)                                                                                                         | 857    |             |            |            | NA          |        |                 |
| u_core.u_data_memory_subsystem.gen_dcache.u_dcache.refill_req_ready_reg_p:CK (DFFS_X1)                                    |        | 0.001       | 0.000      | 0.000      |             | 0.000  | 0.000r          |
| clock core_clock (rise edge)                                                                                              |        |             |            |            |             | 0      | 0               |
| clock network delay (ideal)                                                                                               |        |             |            |            |             | 0.000  | 0.000           |
| u_core.u_data_memory_subsystem.gen_dcache.u_dcache.refill_req_ready_reg_p:CK (DFFS_X1)                                    |        | 0.001       | 0.000      | 0.000      |             | 0.000  | 0.000r          |
| u_core.u_data_memory_subsystem.gen_dcache.u_dcache.refill_req_ready_reg_p:QN (DFFS_X1)                                    |        | 0.003       | 0.000      | 0.013      |             | 0.068  | 0.068r          |
| u_core.u_data_memory_subsystem.gen_dcache.u_dcache.refill_req_ready_reg_p_QN (net)                                        | 2      |             |            |            | 0.000       |        |                 |
| u_core.u_data_memory_subsystem.gen_dcache.u_dcache.refill_req_ready_reg_p_QN_AOI211_X1_C1:C1 (AOI211_X1)                  |        | 0.002       | 0.000      | 0.013      |             | 0.000  | 0.068r          |
| u_core.u_data_memory_subsystem.gen_dcache.u_dcache.refill_req_ready_reg_p_QN_AOI211_X1_C1:ZN (AOI211_X1)                  |        | 0.001       | 0.000      | 0.008      |             | 0.014  | 0.082f          |
| u_core.u_data_memory_subsystem.gen_dcache.u_dcache.refill_req_ready_reg_p_QN_AOI211_X1_C1_ZN (net)                        | 1      |             |            |            | 0.000       |        |                 |
| u_core.u_data_memory_subsystem.gen_dcache.u_dcache.refill_req_ready_reg_p_QN_AOI211_X1_C1_ZN_CLKGATE_X1_E:E (CLKGATE_X1)  |        | 0.001       | 0.000      | 0.008      |             | 0.000  | 0.082f          |
|                                                                                                                           |        |             |            |            |             |        |                 |
| clk_i (port)                                                                                                              |        | 1.265       | 0.000      | 0.100      |             | 0.000  | 0.000r          |
| clk_i (clock net)                                                                                                         | 857    |             |            |            | NA          |        |                 |
| u_core.u_data_memory_subsystem.gen_dcache.u_dcache.refill_req_ready_reg_p_QN_AOI211_X1_C1_ZN_CLKGATE_X1_E:CK (CLKGATE_X1) |        | 0.002       | 0.000      | 0.000      |             | 0.000  | 0.000r          |
| clock core_clock (rise edge)                                                                                              |        |             |            |            |             | 0      | 0               |
| clock network delay (ideal)                                                                                               |        |             |            |            |             | 0.000  | 0.000           |
| u_core.u_data_memory_subsystem.gen_dcache.u_dcache.refill_req_ready_reg_p_QN_AOI211_X1_C1_ZN_CLKGATE_X1_E:CK (CLKGATE_X1) |        |             |            |            |             |        | 0.000r          |
| library hold time                                                                                                         |        |             |            |            |             | -0.015 | -0.015          |
| clock reconvergence pessimism                                                                                             |        |             |            |            |             | -0.000 | -0.015          |
|                                                                                                                           |        |             |            |            |             |        |                 |
| path cell delay                                                                                                           |        |             |            |            |             |        | 0.082(100.000%) |
| path net delay                                                                                                            |        |             |            |            |             |        | 0.000(0.000%)   |
|                                                                                                                           |        |             |            |            |             |        |                 |
| data require time                                                                                                         |        |             |            |            |             |        | -0.015          |
| data arrival time                                                                                                         |        |             |            |            |             |        | 0.082           |
| slack (MET)                                                                                                               |        |             |            |            |             |        | 0.097           |
+---------------------------------------------------------------------------------------------------------------------------+--------+-------------+------------+------------+-------------+--------+-----------------+
+--------------------------------------------------------------------------------------------------------------------------------------------------+--------+-------------+------------+------------+-------------+--------+-----------------+
| Point                                                                                                                                            | Fanout | Capacitance | Resistance | Transition | Delta Delay | Incr   | Path            |
+--------------------------------------------------------------------------------------------------------------------------------------------------+--------+-------------+------------+------------+-------------+--------+-----------------+
| clk_i (port)                                                                                                                                     |        | 1.265       | 0.000      | 0.100      |             | 0.000  | 0.000r          |
| clk_i (clock net)                                                                                                                                | 857    |             |            |            | NA          |        |                 |
| u_core.u_fetch_control_flow_predictor.u_return_address_stack.return_stack_write_index_q_0__reg_p_CK_CLKGATE_X1_GCK:CK (CLKGATE_X1)               |        | 0.002       | 0.000      | 0.000      |             | 0.000  | 0.000r          |
| u_core.u_fetch_control_flow_predictor.u_return_address_stack.return_stack_write_index_q_0__reg_p_CK_CLKGATE_X1_GCK:GCK (CLKGATE_X1)              |        | 0.002       | 0.000      | 0.000      |             | 0.000  | 0.000r          |
| u_core.u_fetch_control_flow_predictor.u_return_address_stack.return_stack_write_index_q_0__reg_p_CK (clock net)                                  | 2      |             |            |            | NA          |        |                 |
| u_core.u_fetch_control_flow_predictor.u_return_address_stack.return_stack_write_index_q_1__reg_p:CK (DFFR_X1)                                    |        | 0.001       | 0.000      | 0.000      |             | 0.000  | 0.000r          |
| clock core_clock (rise edge)                                                                                                                     |        |             |            |            |             | 0      | 0               |
| clock network delay (ideal)                                                                                                                      |        |             |            |            |             | 0.000  | 0.000           |
| u_core.u_fetch_control_flow_predictor.u_return_address_stack.return_stack_write_index_q_1__reg_p:CK (DFFR_X1)                                    |        | 0.001       | 0.000      | 0.000      |             | 0.000  | 0.000r          |
| u_core.u_fetch_control_flow_predictor.u_return_address_stack.return_stack_write_index_q_1__reg_p:QN (DFFR_X1)                                    |        | 0.003       | 0.000      | 0.013      |             | 0.069  | 0.069r          |
| u_core.u_fetch_control_flow_predictor.u_return_address_stack.return_stack_write_index_q_1__reg_p_QN (net)                                        | 2      |             |            |            | 0.000       |        |                 |
| u_core.u_fetch_control_flow_predictor.u_return_address_stack.return_stack_write_index_q_1__reg_p_QN_AOI211_X1_C1:C1 (AOI211_X1)                  |        | 0.002       | 0.000      | 0.013      |             | 0.000  | 0.069r          |
| u_core.u_fetch_control_flow_predictor.u_return_address_stack.return_stack_write_index_q_1__reg_p_QN_AOI211_X1_C1:ZN (AOI211_X1)                  |        | 0.001       | 0.000      | 0.007      |             | 0.014  | 0.083f          |
| u_core.u_fetch_control_flow_predictor.u_return_address_stack.return_stack_write_index_q_1__reg_p_QN_AOI211_X1_C1_ZN (net)                        | 1      |             |            |            | 0.000       |        |                 |
| u_core.u_fetch_control_flow_predictor.u_return_address_stack.return_stack_write_index_q_1__reg_p_QN_AOI211_X1_C1_ZN_CLKGATE_X1_E:E (CLKGATE_X1)  |        | 0.001       | 0.000      | 0.007      |             | 0.000  | 0.083f          |
|                                                                                                                                                  |        |             |            |            |             |        |                 |
| clk_i (port)                                                                                                                                     |        | 1.265       | 0.000      | 0.100      |             | 0.000  | 0.000r          |
| clk_i (clock net)                                                                                                                                | 857    |             |            |            | NA          |        |                 |
| u_core.u_fetch_control_flow_predictor.u_return_address_stack.return_stack_write_index_q_1__reg_p_QN_AOI211_X1_C1_ZN_CLKGATE_X1_E:CK (CLKGATE_X1) |        | 0.002       | 0.000      | 0.000      |             | 0.000  | 0.000r          |
| clock core_clock (rise edge)                                                                                                                     |        |             |            |            |             | 0      | 0               |
| clock network delay (ideal)                                                                                                                      |        |             |            |            |             | 0.000  | 0.000           |
| u_core.u_fetch_control_flow_predictor.u_return_address_stack.return_stack_write_index_q_1__reg_p_QN_AOI211_X1_C1_ZN_CLKGATE_X1_E:CK (CLKGATE_X1) |        |             |            |            |             |        | 0.000r          |
| library hold time                                                                                                                                |        |             |            |            |             | -0.016 | -0.016          |
| clock reconvergence pessimism                                                                                                                    |        |             |            |            |             | -0.000 | -0.016          |
|                                                                                                                                                  |        |             |            |            |             |        |                 |
| path cell delay                                                                                                                                  |        |             |            |            |             |        | 0.083(100.000%) |
| path net delay                                                                                                                                   |        |             |            |            |             |        | 0.000(0.000%)   |
|                                                                                                                                                  |        |             |            |            |             |        |                 |
| data require time                                                                                                                                |        |             |            |            |             |        | -0.016          |
| data arrival time                                                                                                                                |        |             |            |            |             |        | 0.083           |
| slack (MET)                                                                                                                                      |        |             |            |            |             |        | 0.099           |
+--------------------------------------------------------------------------------------------------------------------------------------------------+--------+-------------+------------+------------+-------------+--------+-----------------+
+--------------------------------------------------------------------------------------------------------------------------------------------------+--------+-------------+------------+------------+-------------+--------+-----------------+
| Point                                                                                                                                            | Fanout | Capacitance | Resistance | Transition | Delta Delay | Incr   | Path            |
+--------------------------------------------------------------------------------------------------------------------------------------------------+--------+-------------+------------+------------+-------------+--------+-----------------+
| clk_i (port)                                                                                                                                     |        | 1.265       | 0.000      | 0.100      |             | 0.000  | 0.000r          |
| clk_i (clock net)                                                                                                                                | 857    |             |            |            | NA          |        |                 |
| u_core.u_fetch_control_flow_predictor.u_return_address_stack.return_stack_write_index_q_0__reg_p_CK_CLKGATE_X1_GCK:CK (CLKGATE_X1)               |        | 0.002       | 0.000      | 0.000      |             | 0.000  | 0.000r          |
| u_core.u_fetch_control_flow_predictor.u_return_address_stack.return_stack_write_index_q_0__reg_p_CK_CLKGATE_X1_GCK:GCK (CLKGATE_X1)              |        | 0.002       | 0.000      | 0.000      |             | 0.000  | 0.000r          |
| u_core.u_fetch_control_flow_predictor.u_return_address_stack.return_stack_write_index_q_0__reg_p_CK (clock net)                                  | 2      |             |            |            | NA          |        |                 |
| u_core.u_fetch_control_flow_predictor.u_return_address_stack.return_stack_write_index_q_1__reg_p:CK (DFFR_X1)                                    |        | 0.001       | 0.000      | 0.000      |             | 0.000  | 0.000r          |
| clock core_clock (rise edge)                                                                                                                     |        |             |            |            |             | 0      | 0               |
| clock network delay (ideal)                                                                                                                      |        |             |            |            |             | 0.000  | 0.000           |
| u_core.u_fetch_control_flow_predictor.u_return_address_stack.return_stack_write_index_q_1__reg_p:CK (DFFR_X1)                                    |        | 0.001       | 0.000      | 0.000      |             | 0.000  | 0.000r          |
| u_core.u_fetch_control_flow_predictor.u_return_address_stack.return_stack_write_index_q_1__reg_p:QN (DFFR_X1)                                    |        | 0.003       | 0.000      | 0.013      |             | 0.068  | 0.068f          |
| u_core.u_fetch_control_flow_predictor.u_return_address_stack.return_stack_write_index_q_1__reg_p_QN (net)                                        | 2      |             |            |            | 0.000       |        |                 |
| u_core.u_fetch_control_flow_predictor.u_return_address_stack.return_stack_write_index_q_1__reg_p_QN_AOI211_X1_C1:C1 (AOI211_X1)                  |        | 0.002       | 0.000      | 0.013      |             | 0.000  | 0.068f          |
| u_core.u_fetch_control_flow_predictor.u_return_address_stack.return_stack_write_index_q_1__reg_p_QN_AOI211_X1_C1:ZN (AOI211_X1)                  |        | 0.001       | 0.000      | 0.026      |             | 0.033  | 0.101r          |
| u_core.u_fetch_control_flow_predictor.u_return_address_stack.return_stack_write_index_q_1__reg_p_QN_AOI211_X1_C1_ZN (net)                        | 1      |             |            |            | 0.000       |        |                 |
| u_core.u_fetch_control_flow_predictor.u_return_address_stack.return_stack_write_index_q_1__reg_p_QN_AOI211_X1_C1_ZN_CLKGATE_X1_E:E (CLKGATE_X1)  |        | 0.001       | 0.000      | 0.026      |             | 0.000  | 0.101r          |
|                                                                                                                                                  |        |             |            |            |             |        |                 |
| clk_i (port)                                                                                                                                     |        | 1.265       | 0.000      | 0.100      |             | 0.000  | 0.000r          |
| clk_i (clock net)                                                                                                                                | 857    |             |            |            | NA          |        |                 |
| u_core.u_fetch_control_flow_predictor.u_return_address_stack.return_stack_write_index_q_1__reg_p_QN_AOI211_X1_C1_ZN_CLKGATE_X1_E:CK (CLKGATE_X1) |        | 0.002       | 0.000      | 0.000      |             | 0.000  | 0.000r          |
| clock core_clock (rise edge)                                                                                                                     |        |             |            |            |             | 0      | 0               |
| clock network delay (ideal)                                                                                                                      |        |             |            |            |             | 0.000  | 0.000           |
| u_core.u_fetch_control_flow_predictor.u_return_address_stack.return_stack_write_index_q_1__reg_p_QN_AOI211_X1_C1_ZN_CLKGATE_X1_E:CK (CLKGATE_X1) |        |             |            |            |             |        | 0.000r          |
| library hold time                                                                                                                                |        |             |            |            |             | 0.001  | 0.001           |
| clock reconvergence pessimism                                                                                                                    |        |             |            |            |             | -0.000 | 0.001           |
|                                                                                                                                                  |        |             |            |            |             |        |                 |
| path cell delay                                                                                                                                  |        |             |            |            |             |        | 0.101(100.000%) |
| path net delay                                                                                                                                   |        |             |            |            |             |        | 0.000(0.000%)   |
|                                                                                                                                                  |        |             |            |            |             |        |                 |
| data require time                                                                                                                                |        |             |            |            |             |        | 0.001           |
| data arrival time                                                                                                                                |        |             |            |            |             |        | 0.101           |
| slack (MET)                                                                                                                                      |        |             |            |            |             |        | 0.100           |
+--------------------------------------------------------------------------------------------------------------------------------------------------+--------+-------------+------------+------------+-------------+--------+-----------------+
+---------------------------------------------------------------------------------------------------------------------------+--------+-------------+------------+------------+-------------+--------+-----------------+
| Point                                                                                                                     | Fanout | Capacitance | Resistance | Transition | Delta Delay | Incr   | Path            |
+---------------------------------------------------------------------------------------------------------------------------+--------+-------------+------------+------------+-------------+--------+-----------------+
| clk_i (port)                                                                                                              |        | 1.265       | 0.000      | 0.100      |             | 0.000  | 0.000r          |
| clk_i (clock net)                                                                                                         | 857    |             |            |            | NA          |        |                 |
| u_core.u_data_memory_subsystem.gen_dcache.u_dcache.refill_req_ready_reg_p:CK (DFFS_X1)                                    |        | 0.001       | 0.000      | 0.000      |             | 0.000  | 0.000r          |
| clock core_clock (rise edge)                                                                                              |        |             |            |            |             | 0      | 0               |
| clock network delay (ideal)                                                                                               |        |             |            |            |             | 0.000  | 0.000           |
| u_core.u_data_memory_subsystem.gen_dcache.u_dcache.refill_req_ready_reg_p:CK (DFFS_X1)                                    |        | 0.001       | 0.000      | 0.000      |             | 0.000  | 0.000r          |
| u_core.u_data_memory_subsystem.gen_dcache.u_dcache.refill_req_ready_reg_p:QN (DFFS_X1)                                    |        | 0.003       | 0.000      | 0.013      |             | 0.068  | 0.068f          |
| u_core.u_data_memory_subsystem.gen_dcache.u_dcache.refill_req_ready_reg_p_QN (net)                                        | 2      |             |            |            | 0.000       |        |                 |
| u_core.u_data_memory_subsystem.gen_dcache.u_dcache.refill_req_ready_reg_p_QN_AOI211_X1_C1:C1 (AOI211_X1)                  |        | 0.002       | 0.000      | 0.013      |             | 0.000  | 0.068f          |
| u_core.u_data_memory_subsystem.gen_dcache.u_dcache.refill_req_ready_reg_p_QN_AOI211_X1_C1:ZN (AOI211_X1)                  |        | 0.001       | 0.000      | 0.026      |             | 0.033  | 0.102r          |
| u_core.u_data_memory_subsystem.gen_dcache.u_dcache.refill_req_ready_reg_p_QN_AOI211_X1_C1_ZN (net)                        | 1      |             |            |            | 0.000       |        |                 |
| u_core.u_data_memory_subsystem.gen_dcache.u_dcache.refill_req_ready_reg_p_QN_AOI211_X1_C1_ZN_CLKGATE_X1_E:E (CLKGATE_X1)  |        | 0.001       | 0.000      | 0.026      |             | 0.000  | 0.102r          |
|                                                                                                                           |        |             |            |            |             |        |                 |
| clk_i (port)                                                                                                              |        | 1.265       | 0.000      | 0.100      |             | 0.000  | 0.000r          |
| clk_i (clock net)                                                                                                         | 857    |             |            |            | NA          |        |                 |
| u_core.u_data_memory_subsystem.gen_dcache.u_dcache.refill_req_ready_reg_p_QN_AOI211_X1_C1_ZN_CLKGATE_X1_E:CK (CLKGATE_X1) |        | 0.002       | 0.000      | 0.000      |             | 0.000  | 0.000r          |
| clock core_clock (rise edge)                                                                                              |        |             |            |            |             | 0      | 0               |
| clock network delay (ideal)                                                                                               |        |             |            |            |             | 0.000  | 0.000           |
| u_core.u_data_memory_subsystem.gen_dcache.u_dcache.refill_req_ready_reg_p_QN_AOI211_X1_C1_ZN_CLKGATE_X1_E:CK (CLKGATE_X1) |        |             |            |            |             |        | 0.000r          |
| library hold time                                                                                                         |        |             |            |            |             | 0.001  | 0.001           |
| clock reconvergence pessimism                                                                                             |        |             |            |            |             | -0.000 | 0.001           |
|                                                                                                                           |        |             |            |            |             |        |                 |
| path cell delay                                                                                                           |        |             |            |            |             |        | 0.102(100.000%) |
| path net delay                                                                                                            |        |             |            |            |             |        | 0.000(0.000%)   |
|                                                                                                                           |        |             |            |            |             |        |                 |
| data require time                                                                                                         |        |             |            |            |             |        | 0.001           |
| data arrival time                                                                                                         |        |             |            |            |             |        | 0.102           |
| slack (MET)                                                                                                               |        |             |            |            |             |        | 0.100           |
+---------------------------------------------------------------------------------------------------------------------------+--------+-------------+------------+------------+-------------+--------+-----------------+
+-------------------------------------------------------------------------------------------+--------+-------------+------------+------------+-------------+--------+-----------------+
| Point                                                                                     | Fanout | Capacitance | Resistance | Transition | Delta Delay | Incr   | Path            |
+-------------------------------------------------------------------------------------------+--------+-------------+------------+------------+-------------+--------+-----------------+
| clk_i (port)                                                                              |        | 1.265       | 0.000      | 0.100      |             | 0.000  | 0.000r          |
| clk_i (clock net)                                                                         | 857    |             |            |            | NA          |        |                 |
| u_core.resolved_execute_result_valid_reg_p_CK_CLKGATE_X1_GCK:CK (CLKGATE_X1)              |        | 0.002       | 0.000      | 0.000      |             | 0.000  | 0.000r          |
| u_core.resolved_execute_result_valid_reg_p_CK_CLKGATE_X1_GCK:GCK (CLKGATE_X1)             |        | 0.001       | 0.000      | 0.000      |             | 0.000  | 0.000r          |
| u_core.resolved_execute_result_valid_reg_p_CK (clock net)                                 | 1      |             |            |            | NA          |        |                 |
| u_core.resolved_execute_result_valid_reg_p:CK (DFFR_X1)                                   |        | 0.001       | 0.000      | 0.000      |             | 0.000  | 0.000r          |
| clock core_clock (rise edge)                                                              |        |             |            |            |             | 0      | 0               |
| clock network delay (ideal)                                                               |        |             |            |            |             | 0.000  | 0.000           |
| u_core.resolved_execute_result_valid_reg_p:CK (DFFR_X1)                                   |        | 0.001       | 0.000      | 0.000      |             | 0.000  | 0.000r          |
| u_core.resolved_execute_result_valid_reg_p:QN (DFFR_X1)                                   |        | 0.007       | 0.000      | 0.019      |             | 0.079  | 0.079f          |
| u_core.resolved_execute_result_valid_reg_p_QN (net)                                       | 5      |             |            |            | 0.000       |        |                 |
| u_core.resolved_execute_result_valid_reg_p_QN_NAND3_X1_A2:A2 (NAND3_X1)                   |        | 0.002       | 0.000      | 0.019      |             | 0.000  | 0.079f          |
| u_core.resolved_execute_result_valid_reg_p_QN_NAND3_X1_A2:ZN (NAND3_X1)                   |        | 0.001       | 0.000      | 0.010      |             | 0.021  | 0.100r          |
| u_core.resolved_execute_result_valid_reg_p_QN_NAND3_X1_A2_ZN (net)                        | 1      |             |            |            | 0.000       |        |                 |
| u_core.resolved_execute_result_valid_reg_p_QN_NAND3_X1_A2_ZN_CLKGATE_X1_E:E (CLKGATE_X1)  |        | 0.001       | 0.000      | 0.010      |             | 0.000  | 0.100r          |
|                                                                                           |        |             |            |            |             |        |                 |
| clk_i (port)                                                                              |        | 1.265       | 0.000      | 0.100      |             | 0.000  | 0.000r          |
| clk_i (clock net)                                                                         | 857    |             |            |            | NA          |        |                 |
| u_core.resolved_execute_result_valid_reg_p_QN_NAND3_X1_A2_ZN_CLKGATE_X1_E:CK (CLKGATE_X1) |        | 0.002       | 0.000      | 0.000      |             | 0.000  | 0.000r          |
| clock core_clock (rise edge)                                                              |        |             |            |            |             | 0      | 0               |
| clock network delay (ideal)                                                               |        |             |            |            |             | 0.000  | 0.000           |
| u_core.resolved_execute_result_valid_reg_p_QN_NAND3_X1_A2_ZN_CLKGATE_X1_E:CK (CLKGATE_X1) |        |             |            |            |             |        | 0.000r          |
| library hold time                                                                         |        |             |            |            |             | -0.001 | -0.001          |
| clock reconvergence pessimism                                                             |        |             |            |            |             | -0.000 | -0.001          |
|                                                                                           |        |             |            |            |             |        |                 |
| path cell delay                                                                           |        |             |            |            |             |        | 0.100(100.000%) |
| path net delay                                                                            |        |             |            |            |             |        | 0.000(0.000%)   |
|                                                                                           |        |             |            |            |             |        |                 |
| data require time                                                                         |        |             |            |            |             |        | -0.001          |
| data arrival time                                                                         |        |             |            |            |             |        | 0.100           |
| slack (MET)                                                                               |        |             |            |            |             |        | 0.101           |
+-------------------------------------------------------------------------------------------+--------+-------------+------------+------------+-------------+--------+-----------------+
