make: Entering directory '/home/yong/ysyx/ysyx-workbench-rv32-interview/npc'
# DO NOT REMOVE THIS LINE!!!
verilator -MMD --build -cc -Wall -Wno-fatal -O3 --x-assign fast --x-initial fast -I/home/yong/ysyx/ysyx-workbench-rv32-interview/npc/vsrc/riscv32/sim --trace --autoflush --timescale 1ns/1ns --no-timing -j 1 -MAKEFLAGS "OPT_FAST=-O3 OPT_GLOBAL=-O3 OPT_SLOW=-O1" \
	+define+YSYX_RV32_BASELINE +define+YSYX_SIM_CPU_FREQ_MHZ=820 +define+YSYX_ICACHE_CAPACITY_BYTES=256 +define+YSYX_ICACHE_WAY_COUNT=1 +define+YSYX_ICACHE_LINE_BYTES=16 +define+YSYX_DCACHE_ENABLE=1 +define+YSYX_DCACHE_CAPACITY_BYTES=256 +define+YSYX_DCACHE_WAY_COUNT=2 +define+YSYX_DCACHE_LINE_BYTES=16 +define+YSYX_BRANCH_HISTORY_ENTRY_COUNT=16 +define+YSYX_BRANCH_TARGET_ENTRY_COUNT=16 +define+YSYX_BRANCH_TARGET_WAY_COUNT=2 +define+YSYX_RETURN_STACK_ENTRY_COUNT=4 +define+YSYX_SDRAM_NATIVE_READ_BURST=1 \
	-I/home/yong/ysyx/ysyx-workbench-rv32-interview/ysyxSoC/perip/uart16550/rtl -I/home/yong/ysyx/ysyx-workbench-rv32-interview/ysyxSoC/perip/spi/rtl \
	--top-module ysyxSoCFull \
	-f /home/yong/ysyx/ysyx-workbench-rv32-interview/npc/vsrc/riscv32/filelist/filelist.f \
	/home/yong/ysyx/ysyx-workbench-rv32-interview/ysyxSoC/perip/amba/apb_delayer.v /home/yong/ysyx/ysyx-workbench-rv32-interview/ysyxSoC/perip/amba/axi4_delayer.v /home/yong/ysyx/ysyx-workbench-rv32-interview/ysyxSoC/perip/bitrev/bitrev.v /home/yong/ysyx/ysyx-workbench-rv32-interview/ysyxSoC/perip/flash/flash.v /home/yong/ysyx/ysyx-workbench-rv32-interview/ysyxSoC/perip/gpio/gpio_top_apb.v /home/yong/ysyx/ysyx-workbench-rv32-interview/ysyxSoC/perip/ps2/ps2_top_apb.v /home/yong/ysyx/ysyx-workbench-rv32-interview/ysyxSoC/perip/psram/efabless/EF_PSRAM_CTRL.v /home/yong/ysyx/ysyx-workbench-rv32-interview/ysyxSoC/perip/psram/efabless/EF_PSRAM_CTRL_wb.v /home/yong/ysyx/ysyx-workbench-rv32-interview/ysyxSoC/perip/psram/psram.v /home/yong/ysyx/ysyx-workbench-rv32-interview/ysyxSoC/perip/psram/psram_top_apb.v /home/yong/ysyx/ysyx-workbench-rv32-interview/ysyxSoC/perip/sdram/core_sdram_axi4/sdram_axi.v /home/yong/ysyx/ysyx-workbench-rv32-interview/ysyxSoC/perip/sdram/core_sdram_axi4/sdram_axi_core.v /home/yong/ysyx/ysyx-workbench-rv32-interview/ysyxSoC/perip/sdram/core_sdram_axi4/sdram_axi_pmem.v /home/yong/ysyx/ysyx-workbench-rv32-interview/ysyxSoC/perip/sdram/sdram.v /home/yong/ysyx/ysyx-workbench-rv32-interview/ysyxSoC/perip/sdram/sdram_top_apb.v /home/yong/ysyx/ysyx-workbench-rv32-interview/ysyxSoC/perip/sdram/sdram_top_axi.v /home/yong/ysyx/ysyx-workbench-rv32-interview/ysyxSoC/perip/spi/rtl/spi_clgen.v /home/yong/ysyx/ysyx-workbench-rv32-interview/ysyxSoC/perip/spi/rtl/spi_defines.v /home/yong/ysyx/ysyx-workbench-rv32-interview/ysyxSoC/perip/spi/rtl/spi_shift.v /home/yong/ysyx/ysyx-workbench-rv32-interview/ysyxSoC/perip/spi/rtl/spi_top.v /home/yong/ysyx/ysyx-workbench-rv32-interview/ysyxSoC/perip/spi/rtl/spi_top_apb.v /home/yong/ysyx/ysyx-workbench-rv32-interview/ysyxSoC/perip/uart16550/rtl/raminfr.v /home/yong/ysyx/ysyx-workbench-rv32-interview/ysyxSoC/perip/uart16550/rtl/uart_defines.v /home/yong/ysyx/ysyx-workbench-rv32-interview/ysyxSoC/perip/uart16550/rtl/uart_receiver.v /home/yong/ysyx/ysyx-workbench-rv32-interview/ysyxSoC/perip/uart16550/rtl/uart_regs.v /home/yong/ysyx/ysyx-workbench-rv32-interview/ysyxSoC/perip/uart16550/rtl/uart_rfifo.v /home/yong/ysyx/ysyx-workbench-rv32-interview/ysyxSoC/perip/uart16550/rtl/uart_sync_flops.v /home/yong/ysyx/ysyx-workbench-rv32-interview/ysyxSoC/perip/uart16550/rtl/uart_tfifo.v /home/yong/ysyx/ysyx-workbench-rv32-interview/ysyxSoC/perip/uart16550/rtl/uart_top_apb.v /home/yong/ysyx/ysyx-workbench-rv32-interview/ysyxSoC/perip/uart16550/rtl/uart_transmitter.v /home/yong/ysyx/ysyx-workbench-rv32-interview/ysyxSoC/perip/vga/vga_top_apb.v /home/yong/ysyx/ysyx-workbench-rv32-interview/ysyxSoC/build/ysyxSoCFull.v \
	/home/yong/ysyx/ysyx-workbench-rv32-interview/npc/csrc/trace.cpp /home/yong/ysyx/ysyx-workbench-rv32-interview/npc/csrc/perf_observer.cpp /home/yong/ysyx/ysyx-workbench-rv32-interview/npc/csrc/ftrace.cpp /home/yong/ysyx/ysyx-workbench-rv32-interview/npc/csrc/cpu.cpp /home/yong/ysyx/ysyx-workbench-rv32-interview/npc/csrc/sdb.cpp /home/yong/ysyx/ysyx-workbench-rv32-interview/npc/csrc/difftest.cpp /home/yong/ysyx/ysyx-workbench-rv32-interview/npc/csrc/watchpoint.cpp /home/yong/ysyx/ysyx-workbench-rv32-interview/npc/csrc/expr.cpp /home/yong/ysyx/ysyx-workbench-rv32-interview/npc/csrc/mem.cpp /home/yong/ysyx/ysyx-workbench-rv32-interview/npc/csrc/sim_main.cpp \
	-CFLAGS -I/home/yong/ysyx/ysyx-workbench-rv32-interview/npc/include -CFLAGS -I/home/yong/ysyx/ysyx-workbench/nemu/tools/capstone/repo/include -CFLAGS -DNPC_XLEN=32 -CFLAGS -DNPC_YSYXSOC_SIM -CFLAGS -DTOP_CLASS=VysyxSoCFull -CFLAGS -DTOP_DPI_CLASS=VysyxSoCFull__Dpi -CFLAGS -DTOP_CLOCK=clock -CFLAGS -DTOP_RESET=reset -CFLAGS -DTOP_RESET_ACTIVE_LEVEL=1 \
	-LDFLAGS -L/home/yong/ysyx/ysyx-workbench/nemu/tools/capstone/repo -LDFLAGS -Wl,-rpath=/home/yong/ysyx/ysyx-workbench/nemu/tools/capstone/repo -LDFLAGS -lcapstone -LDFLAGS -ldl \
	--Mdir /home/yong/ysyx/ysyx-workbench-rv32-interview/npc/build/passive-perf/cpu-820mhz/obj_dir_soc \
	--exe \
	-o /home/yong/ysyx/ysyx-workbench-rv32-interview/npc/build/passive-perf/cpu-820mhz/ysyxSoCFull_sim
%Warning-PINCONNECTEMPTY: /home/yong/ysyx/ysyx-workbench-rv32-interview/npc/vsrc/riscv32/core/riscv32_core.sv:340:8: Instance pin connected by name with empty reference: 'lookup_next_pc_o'
  340 |       .lookup_next_pc_o(),
      |        ^~~~~~~~~~~~~~~~
                          ... For warning description see https://verilator.org/warn/PINCONNECTEMPTY?v=5.043
                          ... Use "/* verilator lint_off PINCONNECTEMPTY */" and lint_on around source to disable this message.
%Warning-PINCONNECTEMPTY: /home/yong/ysyx/ysyx-workbench-rv32-interview/npc/vsrc/riscv32/sim/top.sv:54:8: Instance pin connected by name with empty reference: 'system_rst_no'
   54 |       .system_rst_no          (),
      |        ^~~~~~~~~~~~~
%Warning-DECLFILENAME: /home/yong/ysyx/ysyx-workbench-rv32-interview/ysyxSoC/perip/flash/flash.v:86:8: Filename 'flash' does not match MODULE name: 'flash_cmd'
   86 | module flash_cmd(
      |        ^~~~~~~~~
                       ... For warning description see https://verilator.org/warn/DECLFILENAME?v=5.043
                       ... Use "/* verilator lint_off DECLFILENAME */" and lint_on around source to disable this message.
%Warning-DECLFILENAME: /home/yong/ysyx/ysyx-workbench-rv32-interview/ysyxSoC/perip/psram/efabless/EF_PSRAM_CTRL.v:46:8: Filename 'EF_PSRAM_CTRL' does not match MODULE name: 'PSRAM_QPI_INITIALIZER'
   46 | module PSRAM_QPI_INITIALIZER (
      |        ^~~~~~~~~~~~~~~~~~~~~
%Warning-DECLFILENAME: /home/yong/ysyx/ysyx-workbench-rv32-interview/ysyxSoC/perip/sdram/core_sdram_axi4/sdram_axi_pmem.v:550:8: Filename 'sdram_axi_pmem' does not match MODULE name: 'sdram_axi_pmem_fifo2'
  550 | module sdram_axi_pmem_fifo2
      |        ^~~~~~~~~~~~~~~~~~~~
%Warning-DECLFILENAME: /home/yong/ysyx/ysyx-workbench-rv32-interview/ysyxSoC/build/ysyxSoCFull.v:60:8: Filename 'ysyxSoCFull' does not match MODULE name: 'ram_2x2'
   60 | module ram_2x2(  
      |        ^~~~~~~
%Warning-PINCONNECTEMPTY: /home/yong/ysyx/ysyx-workbench-rv32-interview/ysyxSoC/build/ysyxSoCFull.v:2633:6: Instance pin connected by name with empty reference: 'io_slave_awready'
 2633 |     .io_slave_awready       ( ),
      |      ^~~~~~~~~~~~~~~~
%Warning-PINCONNECTEMPTY: /home/yong/ysyx/ysyx-workbench-rv32-interview/ysyxSoC/build/ysyxSoCFull.v:2640:6: Instance pin connected by name with empty reference: 'io_slave_wready'
 2640 |     .io_slave_wready        ( ),
      |      ^~~~~~~~~~~~~~~
%Warning-PINCONNECTEMPTY: /home/yong/ysyx/ysyx-workbench-rv32-interview/ysyxSoC/build/ysyxSoCFull.v:2646:6: Instance pin connected by name with empty reference: 'io_slave_bvalid'
 2646 |     .io_slave_bvalid        ( ),
      |      ^~~~~~~~~~~~~~~
%Warning-PINCONNECTEMPTY: /home/yong/ysyx/ysyx-workbench-rv32-interview/ysyxSoC/build/ysyxSoCFull.v:2647:6: Instance pin connected by name with empty reference: 'io_slave_bid'
 2647 |     .io_slave_bid      ( ),
      |      ^~~~~~~~~~~~
%Warning-PINCONNECTEMPTY: /home/yong/ysyx/ysyx-workbench-rv32-interview/ysyxSoC/build/ysyxSoCFull.v:2648:6: Instance pin connected by name with empty reference: 'io_slave_bresp'
 2648 |     .io_slave_bresp    ( ),
      |      ^~~~~~~~~~~~~~
%Warning-PINCONNECTEMPTY: /home/yong/ysyx/ysyx-workbench-rv32-interview/ysyxSoC/build/ysyxSoCFull.v:2649:6: Instance pin connected by name with empty reference: 'io_slave_arready'
 2649 |     .io_slave_arready       ( ),
      |      ^~~~~~~~~~~~~~~~
%Warning-PINCONNECTEMPTY: /home/yong/ysyx/ysyx-workbench-rv32-interview/ysyxSoC/build/ysyxSoCFull.v:2657:6: Instance pin connected by name with empty reference: 'io_slave_rvalid'
 2657 |     .io_slave_rvalid        ( ),
      |      ^~~~~~~~~~~~~~~
%Warning-PINCONNECTEMPTY: /home/yong/ysyx/ysyx-workbench-rv32-interview/ysyxSoC/build/ysyxSoCFull.v:2658:6: Instance pin connected by name with empty reference: 'io_slave_rid'
 2658 |     .io_slave_rid      ( ),
      |      ^~~~~~~~~~~~
%Warning-PINCONNECTEMPTY: /home/yong/ysyx/ysyx-workbench-rv32-interview/ysyxSoC/build/ysyxSoCFull.v:2659:6: Instance pin connected by name with empty reference: 'io_slave_rdata'
 2659 |     .io_slave_rdata    ( ),
      |      ^~~~~~~~~~~~~~
%Warning-PINCONNECTEMPTY: /home/yong/ysyx/ysyx-workbench-rv32-interview/ysyxSoC/build/ysyxSoCFull.v:2660:6: Instance pin connected by name with empty reference: 'io_slave_rresp'
 2660 |     .io_slave_rresp    ( ),
      |      ^~~~~~~~~~~~~~
%Warning-PINCONNECTEMPTY: /home/yong/ysyx/ysyx-workbench-rv32-interview/ysyxSoC/build/ysyxSoCFull.v:2661:6: Instance pin connected by name with empty reference: 'io_slave_rlast'
 2661 |     .io_slave_rlast    ( )
      |      ^~~~~~~~~~~~~~
%Warning-PINCONNECTEMPTY: /home/yong/ysyx/ysyx-workbench-rv32-interview/ysyxSoC/build/ysyxSoCFull.v:2865:6: Instance pin connected by name with empty reference: 'spi_irq_out'
 2865 |     .spi_irq_out ( )
      |      ^~~~~~~~~~~
%Warning-DEFPARAM: /home/yong/ysyx/ysyx-workbench-rv32-interview/ysyxSoC/perip/uart16550/rtl/uart_regs.v:396:41: defparam is deprecated (IEEE 1800-2023 C.4.1)
                                                                                                               : ... Suggest use instantiation with #(.width(...etc...))
  396 |   defparam i_uart_sync_flops.width      = 1;
      |                                         ^
                   ... For warning description see https://verilator.org/warn/DEFPARAM?v=5.043
                   ... Use "/* verilator lint_off DEFPARAM */" and lint_on around source to disable this message.
%Warning-DEFPARAM: /home/yong/ysyx/ysyx-workbench-rv32-interview/ysyxSoC/perip/uart16550/rtl/uart_regs.v:397:41: defparam is deprecated (IEEE 1800-2023 C.4.1)
                                                                                                               : ... Suggest use instantiation with #(.init_value(...etc...))
  397 |   defparam i_uart_sync_flops.init_value = 1'b1;
      |                                         ^
%Warning-ASSIGNDLY: /home/yong/ysyx/ysyx-workbench-rv32-interview/ysyxSoC/perip/uart16550/rtl/uart_rfifo.v:213:11: Ignoring timing control on this assignment/primitive due to --no-timing
                                                                                                                 : ... note: In instance 'ysyxSoCFull.asic.luart.muart.Uregs.receiver.fifo_rx'
  213 |   top  <= #1 'b0;
      |           ^
                    ... For warning description see https://verilator.org/warn/ASSIGNDLY?v=5.043
                    ... Use "/* verilator lint_off ASSIGNDLY */" and lint_on around source to disable this message.
%Warning-ASSIGNDLY: /home/yong/ysyx/ysyx-workbench-rv32-interview/ysyxSoC/perip/uart16550/rtl/uart_rfifo.v:214:14: Ignoring timing control on this assignment/primitive due to --no-timing
                                                                                                                 : ... note: In instance 'ysyxSoCFull.asic.luart.muart.Uregs.receiver.fifo_rx'
  214 |   bottom  <= #1 'b0;
      |              ^
%Warning-ASSIGNDLY: /home/yong/ysyx/ysyx-workbench-rv32-interview/ysyxSoC/perip/uart16550/rtl/uart_rfifo.v:215:13: Ignoring timing control on this assignment/primitive due to --no-timing
                                                                                                                 : ... note: In instance 'ysyxSoCFull.asic.luart.muart.Uregs.receiver.fifo_rx'
  215 |   count  <= #1 'b0;
      |             ^
%Warning-ASSIGNDLY: /home/yong/ysyx/ysyx-workbench-rv32-interview/ysyxSoC/perip/uart16550/rtl/uart_rfifo.v:216:14: Ignoring timing control on this assignment/primitive due to --no-timing
                                                                                                                 : ... note: In instance 'ysyxSoCFull.asic.luart.muart.Uregs.receiver.fifo_rx'
  216 |   fifo[0] <= #1 0;
      |              ^
%Warning-ASSIGNDLY: /home/yong/ysyx/ysyx-workbench-rv32-interview/ysyxSoC/perip/uart16550/rtl/uart_rfifo.v:217:14: Ignoring timing control on this assignment/primitive due to --no-timing
                                                                                                                 : ... note: In instance 'ysyxSoCFull.asic.luart.muart.Uregs.receiver.fifo_rx'
  217 |   fifo[1] <= #1 0;
      |              ^
%Warning-ASSIGNDLY: /home/yong/ysyx/ysyx-workbench-rv32-interview/ysyxSoC/perip/uart16550/rtl/uart_rfifo.v:218:14: Ignoring timing control on this assignment/primitive due to --no-timing
                                                                                                                 : ... note: In instance 'ysyxSoCFull.asic.luart.muart.Uregs.receiver.fifo_rx'
  218 |   fifo[2] <= #1 0;
      |              ^
%Warning-ASSIGNDLY: /home/yong/ysyx/ysyx-workbench-rv32-interview/ysyxSoC/perip/uart16550/rtl/uart_rfifo.v:219:14: Ignoring timing control on this assignment/primitive due to --no-timing
                                                                                                                 : ... note: In instance 'ysyxSoCFull.asic.luart.muart.Uregs.receiver.fifo_rx'
  219 |   fifo[3] <= #1 0;
      |              ^
%Warning-ASSIGNDLY: /home/yong/ysyx/ysyx-workbench-rv32-interview/ysyxSoC/perip/uart16550/rtl/uart_rfifo.v:220:14: Ignoring timing control on this assignment/primitive due to --no-timing
                                                                                                                 : ... note: In instance 'ysyxSoCFull.asic.luart.muart.Uregs.receiver.fifo_rx'
  220 |   fifo[4] <= #1 0;
      |              ^
%Warning-ASSIGNDLY: /home/yong/ysyx/ysyx-workbench-rv32-interview/ysyxSoC/perip/uart16550/rtl/uart_rfifo.v:221:14: Ignoring timing control on this assignment/primitive due to --no-timing
                                                                                                                 : ... note: In instance 'ysyxSoCFull.asic.luart.muart.Uregs.receiver.fifo_rx'
  221 |   fifo[5] <= #1 0;
      |              ^
%Warning-ASSIGNDLY: /home/yong/ysyx/ysyx-workbench-rv32-interview/ysyxSoC/perip/uart16550/rtl/uart_rfifo.v:222:14: Ignoring timing control on this assignment/primitive due to --no-timing
                                                                                                                 : ... note: In instance 'ysyxSoCFull.asic.luart.muart.Uregs.receiver.fifo_rx'
  222 |   fifo[6] <= #1 0;
      |              ^
%Warning-ASSIGNDLY: /home/yong/ysyx/ysyx-workbench-rv32-interview/ysyxSoC/perip/uart16550/rtl/uart_rfifo.v:223:14: Ignoring timing control on this assignment/primitive due to --no-timing
                                                                                                                 : ... note: In instance 'ysyxSoCFull.asic.luart.muart.Uregs.receiver.fifo_rx'
  223 |   fifo[7] <= #1 0;
      |              ^
%Warning-ASSIGNDLY: /home/yong/ysyx/ysyx-workbench-rv32-interview/ysyxSoC/perip/uart16550/rtl/uart_rfifo.v:224:14: Ignoring timing control on this assignment/primitive due to --no-timing
                                                                                                                 : ... note: In instance 'ysyxSoCFull.asic.luart.muart.Uregs.receiver.fifo_rx'
  224 |   fifo[8] <= #1 0;
      |              ^
%Warning-ASSIGNDLY: /home/yong/ysyx/ysyx-workbench-rv32-interview/ysyxSoC/perip/uart16550/rtl/uart_rfifo.v:225:14: Ignoring timing control on this assignment/primitive due to --no-timing
                                                                                                                 : ... note: In instance 'ysyxSoCFull.asic.luart.muart.Uregs.receiver.fifo_rx'
  225 |   fifo[9] <= #1 0;
      |              ^
%Warning-ASSIGNDLY: /home/yong/ysyx/ysyx-workbench-rv32-interview/ysyxSoC/perip/uart16550/rtl/uart_rfifo.v:226:15: Ignoring timing control on this assignment/primitive due to --no-timing
                                                                                                                 : ... note: In instance 'ysyxSoCFull.asic.luart.muart.Uregs.receiver.fifo_rx'
  226 |   fifo[10] <= #1 0;
      |               ^
%Warning-ASSIGNDLY: /home/yong/ysyx/ysyx-workbench-rv32-interview/ysyxSoC/perip/uart16550/rtl/uart_rfifo.v:227:15: Ignoring timing control on this assignment/primitive due to --no-timing
                                                                                                                 : ... note: In instance 'ysyxSoCFull.asic.luart.muart.Uregs.receiver.fifo_rx'
  227 |   fifo[11] <= #1 0;
      |               ^
%Warning-ASSIGNDLY: /home/yong/ysyx/ysyx-workbench-rv32-interview/ysyxSoC/perip/uart16550/rtl/uart_rfifo.v:228:15: Ignoring timing control on this assignment/primitive due to --no-timing
                                                                                                                 : ... note: In instance 'ysyxSoCFull.asic.luart.muart.Uregs.receiver.fifo_rx'
  228 |   fifo[12] <= #1 0;
      |               ^
%Warning-ASSIGNDLY: /home/yong/ysyx/ysyx-workbench-rv32-interview/ysyxSoC/perip/uart16550/rtl/uart_rfifo.v:229:15: Ignoring timing control on this assignment/primitive due to --no-timing
                                                                                                                 : ... note: In instance 'ysyxSoCFull.asic.luart.muart.Uregs.receiver.fifo_rx'
  229 |   fifo[13] <= #1 0;
      |               ^
%Warning-ASSIGNDLY: /home/yong/ysyx/ysyx-workbench-rv32-interview/ysyxSoC/perip/uart16550/rtl/uart_rfifo.v:230:15: Ignoring timing control on this assignment/primitive due to --no-timing
                                                                                                                 : ... note: In instance 'ysyxSoCFull.asic.luart.muart.Uregs.receiver.fifo_rx'
  230 |   fifo[14] <= #1 0;
      |               ^
%Warning-ASSIGNDLY: /home/yong/ysyx/ysyx-workbench-rv32-interview/ysyxSoC/perip/uart16550/rtl/uart_rfifo.v:231:15: Ignoring timing control on this assignment/primitive due to --no-timing
                                                                                                                 : ... note: In instance 'ysyxSoCFull.asic.luart.muart.Uregs.receiver.fifo_rx'
  231 |   fifo[15] <= #1 0;
      |               ^
%Warning-ASSIGNDLY: /home/yong/ysyx/ysyx-workbench-rv32-interview/ysyxSoC/perip/uart16550/rtl/uart_rfifo.v:235:11: Ignoring timing control on this assignment/primitive due to --no-timing
                                                                                                                 : ... note: In instance 'ysyxSoCFull.asic.luart.muart.Uregs.receiver.fifo_rx'
  235 |   top  <= #1 'b0;
      |           ^
%Warning-ASSIGNDLY: /home/yong/ysyx/ysyx-workbench-rv32-interview/ysyxSoC/perip/uart16550/rtl/uart_rfifo.v:236:14: Ignoring timing control on this assignment/primitive due to --no-timing
                                                                                                                 : ... note: In instance 'ysyxSoCFull.asic.luart.muart.Uregs.receiver.fifo_rx'
  236 |   bottom  <= #1 'b0;
      |              ^
%Warning-ASSIGNDLY: /home/yong/ysyx/ysyx-workbench-rv32-interview/ysyxSoC/perip/uart16550/rtl/uart_rfifo.v:237:13: Ignoring timing control on this assignment/primitive due to --no-timing
                                                                                                                 : ... note: In instance 'ysyxSoCFull.asic.luart.muart.Uregs.receiver.fifo_rx'
  237 |   count  <= #1 'b0;
      |             ^
%Warning-ASSIGNDLY: /home/yong/ysyx/ysyx-workbench-rv32-interview/ysyxSoC/perip/uart16550/rtl/uart_rfifo.v:238:14: Ignoring timing control on this assignment/primitive due to --no-timing
                                                                                                                 : ... note: In instance 'ysyxSoCFull.asic.luart.muart.Uregs.receiver.fifo_rx'
  238 |   fifo[0] <= #1 0;
      |              ^
%Warning-ASSIGNDLY: /home/yong/ysyx/ysyx-workbench-rv32-interview/ysyxSoC/perip/uart16550/rtl/uart_rfifo.v:239:14: Ignoring timing control on this assignment/primitive due to --no-timing
                                                                                                                 : ... note: In instance 'ysyxSoCFull.asic.luart.muart.Uregs.receiver.fifo_rx'
  239 |   fifo[1] <= #1 0;
      |              ^
%Warning-ASSIGNDLY: /home/yong/ysyx/ysyx-workbench-rv32-interview/ysyxSoC/perip/uart16550/rtl/uart_rfifo.v:240:14: Ignoring timing control on this assignment/primitive due to --no-timing
                                                                                                                 : ... note: In instance 'ysyxSoCFull.asic.luart.muart.Uregs.receiver.fifo_rx'
  240 |   fifo[2] <= #1 0;
      |              ^
%Warning-ASSIGNDLY: /home/yong/ysyx/ysyx-workbench-rv32-interview/ysyxSoC/perip/uart16550/rtl/uart_rfifo.v:241:14: Ignoring timing control on this assignment/primitive due to --no-timing
                                                                                                                 : ... note: In instance 'ysyxSoCFull.asic.luart.muart.Uregs.receiver.fifo_rx'
  241 |   fifo[3] <= #1 0;
      |              ^
%Warning-ASSIGNDLY: /home/yong/ysyx/ysyx-workbench-rv32-interview/ysyxSoC/perip/uart16550/rtl/uart_rfifo.v:242:14: Ignoring timing control on this assignment/primitive due to --no-timing
                                                                                                                 : ... note: In instance 'ysyxSoCFull.asic.luart.muart.Uregs.receiver.fifo_rx'
  242 |   fifo[4] <= #1 0;
      |              ^
%Warning-ASSIGNDLY: /home/yong/ysyx/ysyx-workbench-rv32-interview/ysyxSoC/perip/uart16550/rtl/uart_rfifo.v:243:14: Ignoring timing control on this assignment/primitive due to --no-timing
                                                                                                                 : ... note: In instance 'ysyxSoCFull.asic.luart.muart.Uregs.receiver.fifo_rx'
  243 |   fifo[5] <= #1 0;
      |              ^
%Warning-ASSIGNDLY: /home/yong/ysyx/ysyx-workbench-rv32-interview/ysyxSoC/perip/uart16550/rtl/uart_rfifo.v:244:14: Ignoring timing control on this assignment/primitive due to --no-timing
                                                                                                                 : ... note: In instance 'ysyxSoCFull.asic.luart.muart.Uregs.receiver.fifo_rx'
  244 |   fifo[6] <= #1 0;
      |              ^
%Warning-ASSIGNDLY: /home/yong/ysyx/ysyx-workbench-rv32-interview/ysyxSoC/perip/uart16550/rtl/uart_rfifo.v:245:14: Ignoring timing control on this assignment/primitive due to --no-timing
                                                                                                                 : ... note: In instance 'ysyxSoCFull.asic.luart.muart.Uregs.receiver.fifo_rx'
  245 |   fifo[7] <= #1 0;
      |              ^
%Warning-ASSIGNDLY: /home/yong/ysyx/ysyx-workbench-rv32-interview/ysyxSoC/perip/uart16550/rtl/uart_rfifo.v:246:14: Ignoring timing control on this assignment/primitive due to --no-timing
                                                                                                                 : ... note: In instance 'ysyxSoCFull.asic.luart.muart.Uregs.receiver.fifo_rx'
  246 |   fifo[8] <= #1 0;
      |              ^
%Warning-ASSIGNDLY: /home/yong/ysyx/ysyx-workbench-rv32-interview/ysyxSoC/perip/uart16550/rtl/uart_rfifo.v:247:14: Ignoring timing control on this assignment/primitive due to --no-timing
                                                                                                                 : ... note: In instance 'ysyxSoCFull.asic.luart.muart.Uregs.receiver.fifo_rx'
  247 |   fifo[9] <= #1 0;
      |              ^
%Warning-ASSIGNDLY: /home/yong/ysyx/ysyx-workbench-rv32-interview/ysyxSoC/perip/uart16550/rtl/uart_rfifo.v:248:15: Ignoring timing control on this assignment/primitive due to --no-timing
                                                                                                                 : ... note: In instance 'ysyxSoCFull.asic.luart.muart.Uregs.receiver.fifo_rx'
  248 |   fifo[10] <= #1 0;
      |               ^
%Warning-ASSIGNDLY: /home/yong/ysyx/ysyx-workbench-rv32-interview/ysyxSoC/perip/uart16550/rtl/uart_rfifo.v:249:15: Ignoring timing control on this assignment/primitive due to --no-timing
                                                                                                                 : ... note: In instance 'ysyxSoCFull.asic.luart.muart.Uregs.receiver.fifo_rx'
  249 |   fifo[11] <= #1 0;
      |               ^
%Warning-ASSIGNDLY: /home/yong/ysyx/ysyx-workbench-rv32-interview/ysyxSoC/perip/uart16550/rtl/uart_rfifo.v:250:15: Ignoring timing control on this assignment/primitive due to --no-timing
                                                                                                                 : ... note: In instance 'ysyxSoCFull.asic.luart.muart.Uregs.receiver.fifo_rx'
  250 |   fifo[12] <= #1 0;
      |               ^
%Warning-ASSIGNDLY: /home/yong/ysyx/ysyx-workbench-rv32-interview/ysyxSoC/perip/uart16550/rtl/uart_rfifo.v:251:15: Ignoring timing control on this assignment/primitive due to --no-timing
                                                                                                                 : ... note: In instance 'ysyxSoCFull.asic.luart.muart.Uregs.receiver.fifo_rx'
  251 |   fifo[13] <= #1 0;
      |               ^
%Warning-ASSIGNDLY: /home/yong/ysyx/ysyx-workbench-rv32-interview/ysyxSoC/perip/uart16550/rtl/uart_rfifo.v:252:15: Ignoring timing control on this assignment/primitive due to --no-timing
                                                                                                                 : ... note: In instance 'ysyxSoCFull.asic.luart.muart.Uregs.receiver.fifo_rx'
  252 |   fifo[14] <= #1 0;
      |               ^
%Warning-ASSIGNDLY: /home/yong/ysyx/ysyx-workbench-rv32-interview/ysyxSoC/perip/uart16550/rtl/uart_rfifo.v:253:15: Ignoring timing control on this assignment/primitive due to --no-timing
                                                                                                                 : ... note: In instance 'ysyxSoCFull.asic.luart.muart.Uregs.receiver.fifo_rx'
  253 |   fifo[15] <= #1 0;
      |               ^
%Warning-ASSIGNDLY: /home/yong/ysyx/ysyx-workbench-rv32-interview/ysyxSoC/perip/uart16550/rtl/uart_rfifo.v:260:18: Ignoring timing control on this assignment/primitive due to --no-timing
                                                                                                                 : ... note: In instance 'ysyxSoCFull.asic.luart.muart.Uregs.receiver.fifo_rx'
  260 |     top       <= #1 top_plus_1;
      |                  ^
%Warning-ASSIGNDLY: /home/yong/ysyx/ysyx-workbench-rv32-interview/ysyxSoC/perip/uart16550/rtl/uart_rfifo.v:261:18: Ignoring timing control on this assignment/primitive due to --no-timing
                                                                                                                 : ... note: In instance 'ysyxSoCFull.asic.luart.muart.Uregs.receiver.fifo_rx'
  261 |     fifo[top] <= #1 data_in[2:0];
      |                  ^
%Warning-ASSIGNDLY: /home/yong/ysyx/ysyx-workbench-rv32-interview/ysyxSoC/perip/uart16550/rtl/uart_rfifo.v:262:18: Ignoring timing control on this assignment/primitive due to --no-timing
                                                                                                                 : ... note: In instance 'ysyxSoCFull.asic.luart.muart.Uregs.receiver.fifo_rx'
  262 |     count     <= #1 count + 1'b1;
      |                  ^
%Warning-ASSIGNDLY: /home/yong/ysyx/ysyx-workbench-rv32-interview/ysyxSoC/perip/uart16550/rtl/uart_rfifo.v:266:25: Ignoring timing control on this assignment/primitive due to --no-timing
                                                                                                                 : ... note: In instance 'ysyxSoCFull.asic.luart.muart.Uregs.receiver.fifo_rx'
  266 |         fifo[bottom] <= #1 0;
      |                         ^
%Warning-ASSIGNDLY: /home/yong/ysyx/ysyx-workbench-rv32-interview/ysyxSoC/perip/uart16550/rtl/uart_rfifo.v:267:17: Ignoring timing control on this assignment/primitive due to --no-timing
                                                                                                                 : ... note: In instance 'ysyxSoCFull.asic.luart.muart.Uregs.receiver.fifo_rx'
  267 |     bottom   <= #1 bottom + 1'b1;
      |                 ^
%Warning-ASSIGNDLY: /home/yong/ysyx/ysyx-workbench-rv32-interview/ysyxSoC/perip/uart16550/rtl/uart_rfifo.v:268:15: Ignoring timing control on this assignment/primitive due to --no-timing
                                                                                                                 : ... note: In instance 'ysyxSoCFull.asic.luart.muart.Uregs.receiver.fifo_rx'
  268 |     count  <= #1 count - 1'b1;
      |               ^
%Warning-ASSIGNDLY: /home/yong/ysyx/ysyx-workbench-rv32-interview/ysyxSoC/perip/uart16550/rtl/uart_rfifo.v:271:17: Ignoring timing control on this assignment/primitive due to --no-timing
                                                                                                                 : ... note: In instance 'ysyxSoCFull.asic.luart.muart.Uregs.receiver.fifo_rx'
  271 |     bottom   <= #1 bottom + 1'b1;
      |                 ^
%Warning-ASSIGNDLY: /home/yong/ysyx/ysyx-workbench-rv32-interview/ysyxSoC/perip/uart16550/rtl/uart_rfifo.v:272:18: Ignoring timing control on this assignment/primitive due to --no-timing
                                                                                                                 : ... note: In instance 'ysyxSoCFull.asic.luart.muart.Uregs.receiver.fifo_rx'
  272 |     top       <= #1 top_plus_1;
      |                  ^
%Warning-ASSIGNDLY: /home/yong/ysyx/ysyx-workbench-rv32-interview/ysyxSoC/perip/uart16550/rtl/uart_rfifo.v:273:18: Ignoring timing control on this assignment/primitive due to --no-timing
                                                                                                                 : ... note: In instance 'ysyxSoCFull.asic.luart.muart.Uregs.receiver.fifo_rx'
  273 |     fifo[top] <= #1 data_in[2:0];
      |                  ^
%Warning-ASSIGNDLY: /home/yong/ysyx/ysyx-workbench-rv32-interview/ysyxSoC/perip/uart16550/rtl/uart_rfifo.v:283:18: Ignoring timing control on this assignment/primitive due to --no-timing
                                                                                                                 : ... note: In instance 'ysyxSoCFull.asic.luart.muart.Uregs.receiver.fifo_rx'
  283 |     overrun   <= #1 1'b0;
      |                  ^
%Warning-ASSIGNDLY: /home/yong/ysyx/ysyx-workbench-rv32-interview/ysyxSoC/perip/uart16550/rtl/uart_rfifo.v:286:18: Ignoring timing control on this assignment/primitive due to --no-timing
                                                                                                                 : ... note: In instance 'ysyxSoCFull.asic.luart.muart.Uregs.receiver.fifo_rx'
  286 |     overrun   <= #1 1'b0;
      |                  ^
%Warning-ASSIGNDLY: /home/yong/ysyx/ysyx-workbench-rv32-interview/ysyxSoC/perip/uart16550/rtl/uart_rfifo.v:289:18: Ignoring timing control on this assignment/primitive due to --no-timing
                                                                                                                 : ... note: In instance 'ysyxSoCFull.asic.luart.muart.Uregs.receiver.fifo_rx'
  289 |     overrun   <= #1 1'b1;
      |                  ^
%Warning-ASSIGNDLY: /home/yong/ysyx/ysyx-workbench-rv32-interview/ysyxSoC/perip/uart16550/rtl/uart_tfifo.v:201:19: Ignoring timing control on this assignment/primitive due to --no-timing
                                                                                                                 : ... note: In instance 'ysyxSoCFull.asic.luart.muart.Uregs.transmitter.fifo_tx'
  201 |         top    <= #1 'b0;
      |                   ^
%Warning-ASSIGNDLY: /home/yong/ysyx/ysyx-workbench-rv32-interview/ysyxSoC/perip/uart16550/rtl/uart_tfifo.v:202:19: Ignoring timing control on this assignment/primitive due to --no-timing
                                                                                                                 : ... note: In instance 'ysyxSoCFull.asic.luart.muart.Uregs.transmitter.fifo_tx'
  202 |         bottom <= #1 'b0;
      |                   ^
%Warning-ASSIGNDLY: /home/yong/ysyx/ysyx-workbench-rv32-interview/ysyxSoC/perip/uart16550/rtl/uart_tfifo.v:203:19: Ignoring timing control on this assignment/primitive due to --no-timing
                                                                                                                 : ... note: In instance 'ysyxSoCFull.asic.luart.muart.Uregs.transmitter.fifo_tx'
  203 |         count  <= #1 'b0;
      |                   ^
%Warning-ASSIGNDLY: /home/yong/ysyx/ysyx-workbench-rv32-interview/ysyxSoC/perip/uart16550/rtl/uart_tfifo.v:205:19: Ignoring timing control on this assignment/primitive due to --no-timing
                                                                                                                 : ... note: In instance 'ysyxSoCFull.asic.luart.muart.Uregs.transmitter.fifo_tx'
  205 |         top    <= #1 'b0;
      |                   ^
%Warning-ASSIGNDLY: /home/yong/ysyx/ysyx-workbench-rv32-interview/ysyxSoC/perip/uart16550/rtl/uart_tfifo.v:206:19: Ignoring timing control on this assignment/primitive due to --no-timing
                                                                                                                 : ... note: In instance 'ysyxSoCFull.asic.luart.muart.Uregs.transmitter.fifo_tx'
  206 |         bottom <= #1 'b0;
      |                   ^
%Warning-ASSIGNDLY: /home/yong/ysyx/ysyx-workbench-rv32-interview/ysyxSoC/perip/uart16550/rtl/uart_tfifo.v:207:19: Ignoring timing control on this assignment/primitive due to --no-timing
                                                                                                                 : ... note: In instance 'ysyxSoCFull.asic.luart.muart.Uregs.transmitter.fifo_tx'
  207 |         count  <= #1 'b0;
      |                   ^
%Warning-ASSIGNDLY: /home/yong/ysyx/ysyx-workbench-rv32-interview/ysyxSoC/perip/uart16550/rtl/uart_tfifo.v:212:26: Ignoring timing control on this assignment/primitive due to --no-timing
                                                                                                                 : ... note: In instance 'ysyxSoCFull.asic.luart.muart.Uregs.transmitter.fifo_tx'
  212 |                 top   <= #1 top_plus_1;
      |                          ^
%Warning-ASSIGNDLY: /home/yong/ysyx/ysyx-workbench-rv32-interview/ysyxSoC/perip/uart16550/rtl/uart_tfifo.v:213:26: Ignoring timing control on this assignment/primitive due to --no-timing
                                                                                                                 : ... note: In instance 'ysyxSoCFull.asic.luart.muart.Uregs.transmitter.fifo_tx'
  213 |                 count <= #1 count + 1'b1;
      |                          ^
%Warning-ASSIGNDLY: /home/yong/ysyx/ysyx-workbench-rv32-interview/ysyxSoC/perip/uart16550/rtl/uart_tfifo.v:218:27: Ignoring timing control on this assignment/primitive due to --no-timing
                                                                                                                 : ... note: In instance 'ysyxSoCFull.asic.luart.muart.Uregs.transmitter.fifo_tx'
  218 |                 bottom <= #1 bottom + 1'b1;
      |                           ^
%Warning-ASSIGNDLY: /home/yong/ysyx/ysyx-workbench-rv32-interview/ysyxSoC/perip/uart16550/rtl/uart_tfifo.v:219:27: Ignoring timing control on this assignment/primitive due to --no-timing
                                                                                                                 : ... note: In instance 'ysyxSoCFull.asic.luart.muart.Uregs.transmitter.fifo_tx'
  219 |                 count  <= #1 count - 1'b1;
      |                           ^
%Warning-ASSIGNDLY: /home/yong/ysyx/ysyx-workbench-rv32-interview/ysyxSoC/perip/uart16550/rtl/uart_tfifo.v:222:27: Ignoring timing control on this assignment/primitive due to --no-timing
                                                                                                                 : ... note: In instance 'ysyxSoCFull.asic.luart.muart.Uregs.transmitter.fifo_tx'
  222 |                 bottom <= #1 bottom + 1'b1;
      |                           ^
%Warning-ASSIGNDLY: /home/yong/ysyx/ysyx-workbench-rv32-interview/ysyxSoC/perip/uart16550/rtl/uart_tfifo.v:223:27: Ignoring timing control on this assignment/primitive due to --no-timing
                                                                                                                 : ... note: In instance 'ysyxSoCFull.asic.luart.muart.Uregs.transmitter.fifo_tx'
  223 |                 top    <= #1 top_plus_1;
      |                           ^
%Warning-ASSIGNDLY: /home/yong/ysyx/ysyx-workbench-rv32-interview/ysyxSoC/perip/uart16550/rtl/uart_tfifo.v:234:18: Ignoring timing control on this assignment/primitive due to --no-timing
                                                                                                                 : ... note: In instance 'ysyxSoCFull.asic.luart.muart.Uregs.transmitter.fifo_tx'
  234 |     overrun   <= #1 1'b0;
      |                  ^
%Warning-ASSIGNDLY: /home/yong/ysyx/ysyx-workbench-rv32-interview/ysyxSoC/perip/uart16550/rtl/uart_tfifo.v:237:18: Ignoring timing control on this assignment/primitive due to --no-timing
                                                                                                                 : ... note: In instance 'ysyxSoCFull.asic.luart.muart.Uregs.transmitter.fifo_tx'
  237 |     overrun   <= #1 1'b0;
      |                  ^
%Warning-ASSIGNDLY: /home/yong/ysyx/ysyx-workbench-rv32-interview/ysyxSoC/perip/uart16550/rtl/uart_tfifo.v:240:18: Ignoring timing control on this assignment/primitive due to --no-timing
                                                                                                                 : ... note: In instance 'ysyxSoCFull.asic.luart.muart.Uregs.transmitter.fifo_tx'
  240 |     overrun   <= #1 1'b1;
      |                  ^
%Warning-ASSIGNDLY: /home/yong/ysyx/ysyx-workbench-rv32-interview/ysyxSoC/perip/uart16550/rtl/uart_sync_flops.v:108:19: Ignoring timing control on this assignment/primitive due to --no-timing
                                                                                                                      : ... note: In instance 'ysyxSoCFull.asic.luart.muart.Uregs.i_uart_sync_flops'
  108 |         flop_0 <= #Tp {width{init_value}};
      |                   ^
%Warning-ASSIGNDLY: /home/yong/ysyx/ysyx-workbench-rv32-interview/ysyxSoC/perip/uart16550/rtl/uart_sync_flops.v:110:19: Ignoring timing control on this assignment/primitive due to --no-timing
                                                                                                                      : ... note: In instance 'ysyxSoCFull.asic.luart.muart.Uregs.i_uart_sync_flops'
  110 |         flop_0 <= #Tp async_dat_i;
      |                   ^
%Warning-ASSIGNDLY: /home/yong/ysyx/ysyx-workbench-rv32-interview/ysyxSoC/perip/uart16550/rtl/uart_sync_flops.v:117:23: Ignoring timing control on this assignment/primitive due to --no-timing
                                                                                                                      : ... note: In instance 'ysyxSoCFull.asic.luart.muart.Uregs.i_uart_sync_flops'
  117 |         sync_dat_o <= #Tp {width{init_value}};
      |                       ^
%Warning-ASSIGNDLY: /home/yong/ysyx/ysyx-workbench-rv32-interview/ysyxSoC/perip/uart16550/rtl/uart_sync_flops.v:119:23: Ignoring timing control on this assignment/primitive due to --no-timing
                                                                                                                      : ... note: In instance 'ysyxSoCFull.asic.luart.muart.Uregs.i_uart_sync_flops'
  119 |         sync_dat_o <= #Tp {width{init_value}};
      |                       ^
%Warning-ASSIGNDLY: /home/yong/ysyx/ysyx-workbench-rv32-interview/ysyxSoC/perip/uart16550/rtl/uart_sync_flops.v:121:23: Ignoring timing control on this assignment/primitive due to --no-timing
                                                                                                                      : ... note: In instance 'ysyxSoCFull.asic.luart.muart.Uregs.i_uart_sync_flops'
  121 |         sync_dat_o <= #Tp flop_0;
      |                       ^
%Warning-ASSIGNDLY: /home/yong/ysyx/ysyx-workbench-rv32-interview/ysyxSoC/perip/uart16550/rtl/uart_transmitter.v:216:20: Ignoring timing control on this assignment/primitive due to --no-timing
                                                                                                                       : ... note: In instance 'ysyxSoCFull.asic.luart.muart.Uregs.transmitter'
  216 |     tstate      <= #1 s_idle;
      |                    ^
%Warning-ASSIGNDLY: /home/yong/ysyx/ysyx-workbench-rv32-interview/ysyxSoC/perip/uart16550/rtl/uart_transmitter.v:217:20: Ignoring timing control on this assignment/primitive due to --no-timing
                                                                                                                       : ... note: In instance 'ysyxSoCFull.asic.luart.muart.Uregs.transmitter'
  217 |     stx_o_tmp   <= #1 1'b1;
      |                    ^
%Warning-ASSIGNDLY: /home/yong/ysyx/ysyx-workbench-rv32-interview/ysyxSoC/perip/uart16550/rtl/uart_transmitter.v:218:20: Ignoring timing control on this assignment/primitive due to --no-timing
                                                                                                                       : ... note: In instance 'ysyxSoCFull.asic.luart.muart.Uregs.transmitter'
  218 |     counter     <= #1 5'b0;
      |                    ^
%Warning-ASSIGNDLY: /home/yong/ysyx/ysyx-workbench-rv32-interview/ysyxSoC/perip/uart16550/rtl/uart_transmitter.v:219:20: Ignoring timing control on this assignment/primitive due to --no-timing
                                                                                                                       : ... note: In instance 'ysyxSoCFull.asic.luart.muart.Uregs.transmitter'
  219 |     shift_out   <= #1 7'b0;
      |                    ^
%Warning-ASSIGNDLY: /home/yong/ysyx/ysyx-workbench-rv32-interview/ysyxSoC/perip/uart16550/rtl/uart_transmitter.v:220:20: Ignoring timing control on this assignment/primitive due to --no-timing
                                                                                                                       : ... note: In instance 'ysyxSoCFull.asic.luart.muart.Uregs.transmitter'
  220 |     bit_out     <= #1 1'b0;
      |                    ^
%Warning-ASSIGNDLY: /home/yong/ysyx/ysyx-workbench-rv32-interview/ysyxSoC/perip/uart16550/rtl/uart_transmitter.v:221:20: Ignoring timing control on this assignment/primitive due to --no-timing
                                                                                                                       : ... note: In instance 'ysyxSoCFull.asic.luart.muart.Uregs.transmitter'
  221 |     parity_xor  <= #1 1'b0;
      |                    ^
%Warning-ASSIGNDLY: /home/yong/ysyx/ysyx-workbench-rv32-interview/ysyxSoC/perip/uart16550/rtl/uart_transmitter.v:222:20: Ignoring timing control on this assignment/primitive due to --no-timing
                                                                                                                       : ... note: In instance 'ysyxSoCFull.asic.luart.muart.Uregs.transmitter'
  222 |     tf_pop      <= #1 1'b0;
      |                    ^
%Warning-ASSIGNDLY: /home/yong/ysyx/ysyx-workbench-rv32-interview/ysyxSoC/perip/uart16550/rtl/uart_transmitter.v:223:20: Ignoring timing control on this assignment/primitive due to --no-timing
                                                                                                                       : ... note: In instance 'ysyxSoCFull.asic.luart.muart.Uregs.transmitter'
  223 |     bit_counter <= #1 3'b0;
      |                    ^
%Warning-ASSIGNDLY: /home/yong/ysyx/ysyx-workbench-rv32-interview/ysyxSoC/perip/uart16550/rtl/uart_transmitter.v:229:30: Ignoring timing control on this assignment/primitive due to --no-timing
                                                                                                                       : ... note: In instance 'ysyxSoCFull.asic.luart.muart.Uregs.transmitter'
  229 |                 tstate    <= #1 s_idle;
      |                              ^
%Warning-ASSIGNDLY: /home/yong/ysyx/ysyx-workbench-rv32-interview/ysyxSoC/perip/uart16550/rtl/uart_transmitter.v:230:30: Ignoring timing control on this assignment/primitive due to --no-timing
                                                                                                                       : ... note: In instance 'ysyxSoCFull.asic.luart.muart.Uregs.transmitter'
  230 |                 stx_o_tmp <= #1 1'b1;
      |                              ^
%Warning-ASSIGNDLY: /home/yong/ysyx/ysyx-workbench-rv32-interview/ysyxSoC/perip/uart16550/rtl/uart_transmitter.v:234:30: Ignoring timing control on this assignment/primitive due to --no-timing
                                                                                                                       : ... note: In instance 'ysyxSoCFull.asic.luart.muart.Uregs.transmitter'
  234 |                 tf_pop    <= #1 1'b0;
      |                              ^
%Warning-ASSIGNDLY: /home/yong/ysyx/ysyx-workbench-rv32-interview/ysyxSoC/perip/uart16550/rtl/uart_transmitter.v:235:30: Ignoring timing control on this assignment/primitive due to --no-timing
                                                                                                                       : ... note: In instance 'ysyxSoCFull.asic.luart.muart.Uregs.transmitter'
  235 |                 stx_o_tmp <= #1 1'b1;
      |                              ^
%Warning-ASSIGNDLY: /home/yong/ysyx/ysyx-workbench-rv32-interview/ysyxSoC/perip/uart16550/rtl/uart_transmitter.v:236:30: Ignoring timing control on this assignment/primitive due to --no-timing
                                                                                                                       : ... note: In instance 'ysyxSoCFull.asic.luart.muart.Uregs.transmitter'
  236 |                 tstate    <= #1 s_pop_byte;
      |                              ^
%Warning-ASSIGNDLY: /home/yong/ysyx/ysyx-workbench-rv32-interview/ysyxSoC/perip/uart16550/rtl/uart_transmitter.v:239:27: Ignoring timing control on this assignment/primitive due to --no-timing
                                                                                                                       : ... note: In instance 'ysyxSoCFull.asic.luart.muart.Uregs.transmitter'
  239 |                 tf_pop <= #1 1'b1;
      |                           ^
%Warning-ASSIGNDLY: /home/yong/ysyx/ysyx-workbench-rv32-interview/ysyxSoC/perip/uart16550/rtl/uart_transmitter.v:242:36: Ignoring timing control on this assignment/primitive due to --no-timing
                                                                                                                       : ... note: In instance 'ysyxSoCFull.asic.luart.muart.Uregs.transmitter'
  242 |                     bit_counter <= #1 3'b100;
      |                                    ^
%Warning-ASSIGNDLY: /home/yong/ysyx/ysyx-workbench-rv32-interview/ysyxSoC/perip/uart16550/rtl/uart_transmitter.v:243:36: Ignoring timing control on this assignment/primitive due to --no-timing
                                                                                                                       : ... note: In instance 'ysyxSoCFull.asic.luart.muart.Uregs.transmitter'
  243 |                     parity_xor  <= #1 ^tf_data_out[4:0];
      |                                    ^
%Warning-ASSIGNDLY: /home/yong/ysyx/ysyx-workbench-rv32-interview/ysyxSoC/perip/uart16550/rtl/uart_transmitter.v:246:36: Ignoring timing control on this assignment/primitive due to --no-timing
                                                                                                                       : ... note: In instance 'ysyxSoCFull.asic.luart.muart.Uregs.transmitter'
  246 |                     bit_counter <= #1 3'b101;
      |                                    ^
%Warning-ASSIGNDLY: /home/yong/ysyx/ysyx-workbench-rv32-interview/ysyxSoC/perip/uart16550/rtl/uart_transmitter.v:247:36: Ignoring timing control on this assignment/primitive due to --no-timing
                                                                                                                       : ... note: In instance 'ysyxSoCFull.asic.luart.muart.Uregs.transmitter'
  247 |                     parity_xor  <= #1 ^tf_data_out[5:0];
      |                                    ^
%Warning-ASSIGNDLY: /home/yong/ysyx/ysyx-workbench-rv32-interview/ysyxSoC/perip/uart16550/rtl/uart_transmitter.v:250:36: Ignoring timing control on this assignment/primitive due to --no-timing
                                                                                                                       : ... note: In instance 'ysyxSoCFull.asic.luart.muart.Uregs.transmitter'
  250 |                     bit_counter <= #1 3'b110;
      |                                    ^
%Warning-ASSIGNDLY: /home/yong/ysyx/ysyx-workbench-rv32-interview/ysyxSoC/perip/uart16550/rtl/uart_transmitter.v:251:36: Ignoring timing control on this assignment/primitive due to --no-timing
                                                                                                                       : ... note: In instance 'ysyxSoCFull.asic.luart.muart.Uregs.transmitter'
  251 |                     parity_xor  <= #1 ^tf_data_out[6:0];
      |                                    ^
%Warning-ASSIGNDLY: /home/yong/ysyx/ysyx-workbench-rv32-interview/ysyxSoC/perip/uart16550/rtl/uart_transmitter.v:254:36: Ignoring timing control on this assignment/primitive due to --no-timing
                                                                                                                       : ... note: In instance 'ysyxSoCFull.asic.luart.muart.Uregs.transmitter'
  254 |                     bit_counter <= #1 3'b111;
      |                                    ^
%Warning-ASSIGNDLY: /home/yong/ysyx/ysyx-workbench-rv32-interview/ysyxSoC/perip/uart16550/rtl/uart_transmitter.v:255:36: Ignoring timing control on this assignment/primitive due to --no-timing
                                                                                                                       : ... note: In instance 'ysyxSoCFull.asic.luart.muart.Uregs.transmitter'
  255 |                     parity_xor  <= #1 ^tf_data_out[7:0];
      |                                    ^
%Warning-ASSIGNDLY: /home/yong/ysyx/ysyx-workbench-rv32-interview/ysyxSoC/perip/uart16550/rtl/uart_transmitter.v:258:46: Ignoring timing control on this assignment/primitive due to --no-timing
                                                                                                                       : ... note: In instance 'ysyxSoCFull.asic.luart.muart.Uregs.transmitter'
  258 |                 {shift_out[6:0], bit_out} <= #1 tf_data_out;
      |                                              ^
%Warning-ASSIGNDLY: /home/yong/ysyx/ysyx-workbench-rv32-interview/ysyxSoC/perip/uart16550/rtl/uart_transmitter.v:259:27: Ignoring timing control on this assignment/primitive due to --no-timing
                                                                                                                       : ... note: In instance 'ysyxSoCFull.asic.luart.muart.Uregs.transmitter'
  259 |                 tstate <= #1 s_send_start;
      |                           ^
%Warning-ASSIGNDLY: /home/yong/ysyx/ysyx-workbench-rv32-interview/ysyxSoC/perip/uart16550/rtl/uart_transmitter.v:262:27: Ignoring timing control on this assignment/primitive due to --no-timing
                                                                                                                       : ... note: In instance 'ysyxSoCFull.asic.luart.muart.Uregs.transmitter'
  262 |                 tf_pop <= #1 1'b0;
      |                           ^
%Warning-ASSIGNDLY: /home/yong/ysyx/ysyx-workbench-rv32-interview/ysyxSoC/perip/uart16550/rtl/uart_transmitter.v:264:32: Ignoring timing control on this assignment/primitive due to --no-timing
                                                                                                                       : ... note: In instance 'ysyxSoCFull.asic.luart.muart.Uregs.transmitter'
  264 |                     counter <= #1 5'b01111;
      |                                ^
%Warning-ASSIGNDLY: /home/yong/ysyx/ysyx-workbench-rv32-interview/ysyxSoC/perip/uart16550/rtl/uart_transmitter.v:268:32: Ignoring timing control on this assignment/primitive due to --no-timing
                                                                                                                       : ... note: In instance 'ysyxSoCFull.asic.luart.muart.Uregs.transmitter'
  268 |                     counter <= #1 0;
      |                                ^
%Warning-ASSIGNDLY: /home/yong/ysyx/ysyx-workbench-rv32-interview/ysyxSoC/perip/uart16550/rtl/uart_transmitter.v:269:31: Ignoring timing control on this assignment/primitive due to --no-timing
                                                                                                                       : ... note: In instance 'ysyxSoCFull.asic.luart.muart.Uregs.transmitter'
  269 |                     tstate <= #1 s_send_byte;
      |                               ^
%Warning-ASSIGNDLY: /home/yong/ysyx/ysyx-workbench-rv32-interview/ysyxSoC/perip/uart16550/rtl/uart_transmitter.v:272:32: Ignoring timing control on this assignment/primitive due to --no-timing
                                                                                                                       : ... note: In instance 'ysyxSoCFull.asic.luart.muart.Uregs.transmitter'
  272 |                     counter <= #1 counter - 1'b1;
      |                                ^
%Warning-ASSIGNDLY: /home/yong/ysyx/ysyx-workbench-rv32-interview/ysyxSoC/perip/uart16550/rtl/uart_transmitter.v:273:30: Ignoring timing control on this assignment/primitive due to --no-timing
                                                                                                                       : ... note: In instance 'ysyxSoCFull.asic.luart.muart.Uregs.transmitter'
  273 |                 stx_o_tmp <= #1 1'b0;
      |                              ^
%Warning-ASSIGNDLY: /home/yong/ysyx/ysyx-workbench-rv32-interview/ysyxSoC/perip/uart16550/rtl/uart_transmitter.v:277:32: Ignoring timing control on this assignment/primitive due to --no-timing
                                                                                                                       : ... note: In instance 'ysyxSoCFull.asic.luart.muart.Uregs.transmitter'
  277 |                     counter <= #1 5'b01111;
      |                                ^
%Warning-ASSIGNDLY: /home/yong/ysyx/ysyx-workbench-rv32-interview/ysyxSoC/perip/uart16550/rtl/uart_transmitter.v:283:40: Ignoring timing control on this assignment/primitive due to --no-timing
                                                                                                                       : ... note: In instance 'ysyxSoCFull.asic.luart.muart.Uregs.transmitter'
  283 |                         bit_counter <= #1 bit_counter - 1'b1;
      |                                        ^
%Warning-ASSIGNDLY: /home/yong/ysyx/ysyx-workbench-rv32-interview/ysyxSoC/perip/uart16550/rtl/uart_transmitter.v:284:55: Ignoring timing control on this assignment/primitive due to --no-timing
                                                                                                                       : ... note: In instance 'ysyxSoCFull.asic.luart.muart.Uregs.transmitter'
  284 |                         {shift_out[5:0],bit_out  } <= #1 {shift_out[6:1], shift_out[0]};
      |                                                       ^
%Warning-ASSIGNDLY: /home/yong/ysyx/ysyx-workbench-rv32-interview/ysyxSoC/perip/uart16550/rtl/uart_transmitter.v:285:35: Ignoring timing control on this assignment/primitive due to --no-timing
                                                                                                                       : ... note: In instance 'ysyxSoCFull.asic.luart.muart.Uregs.transmitter'
  285 |                         tstate <= #1 s_send_byte;
      |                                   ^
%Warning-ASSIGNDLY: /home/yong/ysyx/ysyx-workbench-rv32-interview/ysyxSoC/perip/uart16550/rtl/uart_transmitter.v:290:35: Ignoring timing control on this assignment/primitive due to --no-timing
                                                                                                                       : ... note: In instance 'ysyxSoCFull.asic.luart.muart.Uregs.transmitter'
  290 |                         tstate <= #1 s_send_stop;
      |                                   ^
%Warning-ASSIGNDLY: /home/yong/ysyx/ysyx-workbench-rv32-interview/ysyxSoC/perip/uart16550/rtl/uart_transmitter.v:295:46: Ignoring timing control on this assignment/primitive due to --no-timing
                                                                                                                       : ... note: In instance 'ysyxSoCFull.asic.luart.muart.Uregs.transmitter'
  295 |                         2'b00:    bit_out <= #1 ~parity_xor;
      |                                              ^
%Warning-ASSIGNDLY: /home/yong/ysyx/ysyx-workbench-rv32-interview/ysyxSoC/perip/uart16550/rtl/uart_transmitter.v:296:46: Ignoring timing control on this assignment/primitive due to --no-timing
                                                                                                                       : ... note: In instance 'ysyxSoCFull.asic.luart.muart.Uregs.transmitter'
  296 |                         2'b01:    bit_out <= #1 1'b1;
      |                                              ^
%Warning-ASSIGNDLY: /home/yong/ysyx/ysyx-workbench-rv32-interview/ysyxSoC/perip/uart16550/rtl/uart_transmitter.v:297:46: Ignoring timing control on this assignment/primitive due to --no-timing
                                                                                                                       : ... note: In instance 'ysyxSoCFull.asic.luart.muart.Uregs.transmitter'
  297 |                         2'b10:    bit_out <= #1 parity_xor;
      |                                              ^
%Warning-ASSIGNDLY: /home/yong/ysyx/ysyx-workbench-rv32-interview/ysyxSoC/perip/uart16550/rtl/uart_transmitter.v:298:46: Ignoring timing control on this assignment/primitive due to --no-timing
                                                                                                                       : ... note: In instance 'ysyxSoCFull.asic.luart.muart.Uregs.transmitter'
  298 |                         2'b11:    bit_out <= #1 1'b0;
      |                                              ^
%Warning-ASSIGNDLY: /home/yong/ysyx/ysyx-workbench-rv32-interview/ysyxSoC/perip/uart16550/rtl/uart_transmitter.v:300:35: Ignoring timing control on this assignment/primitive due to --no-timing
                                                                                                                       : ... note: In instance 'ysyxSoCFull.asic.luart.muart.Uregs.transmitter'
  300 |                         tstate <= #1 s_send_parity;
      |                                   ^
%Warning-ASSIGNDLY: /home/yong/ysyx/ysyx-workbench-rv32-interview/ysyxSoC/perip/uart16550/rtl/uart_transmitter.v:302:32: Ignoring timing control on this assignment/primitive due to --no-timing
                                                                                                                       : ... note: In instance 'ysyxSoCFull.asic.luart.muart.Uregs.transmitter'
  302 |                     counter <= #1 0;
      |                                ^
%Warning-ASSIGNDLY: /home/yong/ysyx/ysyx-workbench-rv32-interview/ysyxSoC/perip/uart16550/rtl/uart_transmitter.v:305:32: Ignoring timing control on this assignment/primitive due to --no-timing
                                                                                                                       : ... note: In instance 'ysyxSoCFull.asic.luart.muart.Uregs.transmitter'
  305 |                     counter <= #1 counter - 1'b1;
      |                                ^
%Warning-ASSIGNDLY: /home/yong/ysyx/ysyx-workbench-rv32-interview/ysyxSoC/perip/uart16550/rtl/uart_transmitter.v:306:30: Ignoring timing control on this assignment/primitive due to --no-timing
                                                                                                                       : ... note: In instance 'ysyxSoCFull.asic.luart.muart.Uregs.transmitter'
  306 |                 stx_o_tmp <= #1 bit_out;  
      |                              ^
%Warning-ASSIGNDLY: /home/yong/ysyx/ysyx-workbench-rv32-interview/ysyxSoC/perip/uart16550/rtl/uart_transmitter.v:310:32: Ignoring timing control on this assignment/primitive due to --no-timing
                                                                                                                       : ... note: In instance 'ysyxSoCFull.asic.luart.muart.Uregs.transmitter'
  310 |                     counter <= #1 5'b01111;
      |                                ^
%Warning-ASSIGNDLY: /home/yong/ysyx/ysyx-workbench-rv32-interview/ysyxSoC/perip/uart16550/rtl/uart_transmitter.v:314:32: Ignoring timing control on this assignment/primitive due to --no-timing
                                                                                                                       : ... note: In instance 'ysyxSoCFull.asic.luart.muart.Uregs.transmitter'
  314 |                     counter <= #1 5'b0;
      |                                ^
%Warning-ASSIGNDLY: /home/yong/ysyx/ysyx-workbench-rv32-interview/ysyxSoC/perip/uart16550/rtl/uart_transmitter.v:315:31: Ignoring timing control on this assignment/primitive due to --no-timing
                                                                                                                       : ... note: In instance 'ysyxSoCFull.asic.luart.muart.Uregs.transmitter'
  315 |                     tstate <= #1 s_send_stop;
      |                               ^
%Warning-ASSIGNDLY: /home/yong/ysyx/ysyx-workbench-rv32-interview/ysyxSoC/perip/uart16550/rtl/uart_transmitter.v:318:32: Ignoring timing control on this assignment/primitive due to --no-timing
                                                                                                                       : ... note: In instance 'ysyxSoCFull.asic.luart.muart.Uregs.transmitter'
  318 |                     counter <= #1 counter - 1'b1;
      |                                ^
%Warning-ASSIGNDLY: /home/yong/ysyx/ysyx-workbench-rv32-interview/ysyxSoC/perip/uart16550/rtl/uart_transmitter.v:319:30: Ignoring timing control on this assignment/primitive due to --no-timing
                                                                                                                       : ... note: In instance 'ysyxSoCFull.asic.luart.muart.Uregs.transmitter'
  319 |                 stx_o_tmp <= #1 bit_out;
      |                              ^
%Warning-ASSIGNDLY: /home/yong/ysyx/ysyx-workbench-rv32-interview/ysyxSoC/perip/uart16550/rtl/uart_transmitter.v:325:51: Ignoring timing control on this assignment/primitive due to --no-timing
                                                                                                                       : ... note: In instance 'ysyxSoCFull.asic.luart.muart.Uregs.transmitter'
  325 |                           3'b0zz:      counter <= #1 5'b01101;      
      |                                                   ^
%Warning-ASSIGNDLY: /home/yong/ysyx/ysyx-workbench-rv32-interview/ysyxSoC/perip/uart16550/rtl/uart_transmitter.v:326:51: Ignoring timing control on this assignment/primitive due to --no-timing
                                                                                                                       : ... note: In instance 'ysyxSoCFull.asic.luart.muart.Uregs.transmitter'
  326 |                           3'b100:      counter <= #1 5'b10101;      
      |                                                   ^
%Warning-ASSIGNDLY: /home/yong/ysyx/ysyx-workbench-rv32-interview/ysyxSoC/perip/uart16550/rtl/uart_transmitter.v:327:52: Ignoring timing control on this assignment/primitive due to --no-timing
                                                                                                                       : ... note: In instance 'ysyxSoCFull.asic.luart.muart.Uregs.transmitter'
  327 |                           default:      counter <= #1 5'b11101;      
      |                                                    ^
%Warning-ASSIGNDLY: /home/yong/ysyx/ysyx-workbench-rv32-interview/ysyxSoC/perip/uart16550/rtl/uart_transmitter.v:333:32: Ignoring timing control on this assignment/primitive due to --no-timing
                                                                                                                       : ... note: In instance 'ysyxSoCFull.asic.luart.muart.Uregs.transmitter'
  333 |                     counter <= #1 0;
      |                                ^
%Warning-ASSIGNDLY: /home/yong/ysyx/ysyx-workbench-rv32-interview/ysyxSoC/perip/uart16550/rtl/uart_transmitter.v:334:31: Ignoring timing control on this assignment/primitive due to --no-timing
                                                                                                                       : ... note: In instance 'ysyxSoCFull.asic.luart.muart.Uregs.transmitter'
  334 |                     tstate <= #1 s_idle;
      |                               ^
%Warning-ASSIGNDLY: /home/yong/ysyx/ysyx-workbench-rv32-interview/ysyxSoC/perip/uart16550/rtl/uart_transmitter.v:337:32: Ignoring timing control on this assignment/primitive due to --no-timing
                                                                                                                       : ... note: In instance 'ysyxSoCFull.asic.luart.muart.Uregs.transmitter'
  337 |                     counter <= #1 counter - 1'b1;
      |                                ^
%Warning-ASSIGNDLY: /home/yong/ysyx/ysyx-workbench-rv32-interview/ysyxSoC/perip/uart16550/rtl/uart_transmitter.v:338:30: Ignoring timing control on this assignment/primitive due to --no-timing
                                                                                                                       : ... note: In instance 'ysyxSoCFull.asic.luart.muart.Uregs.transmitter'
  338 |                 stx_o_tmp <= #1 1'b1;
      |                              ^
%Warning-ASSIGNDLY: /home/yong/ysyx/ysyx-workbench-rv32-interview/ysyxSoC/perip/uart16550/rtl/uart_transmitter.v:342:23: Ignoring timing control on this assignment/primitive due to --no-timing
                                                                                                                       : ... note: In instance 'ysyxSoCFull.asic.luart.muart.Uregs.transmitter'
  342 |             tstate <= #1 s_idle;
      |                       ^
%Warning-ASSIGNDLY: /home/yong/ysyx/ysyx-workbench-rv32-interview/ysyxSoC/perip/uart16550/rtl/uart_transmitter.v:346:15: Ignoring timing control on this assignment/primitive due to --no-timing
                                                                                                                       : ... note: In instance 'ysyxSoCFull.asic.luart.muart.Uregs.transmitter'
  346 |     tf_pop <= #1 1'b0;   
      |               ^
%Warning-ASSIGNDLY: /home/yong/ysyx/ysyx-workbench-rv32-interview/ysyxSoC/perip/uart16550/rtl/uart_receiver.v:282:19: Ignoring timing control on this assignment/primitive due to --no-timing
                                                                                                                    : ... note: In instance 'ysyxSoCFull.asic.luart.muart.Uregs.receiver'
  282 |      rstate    <= #1 sr_idle;
      |                   ^
%Warning-ASSIGNDLY: /home/yong/ysyx/ysyx-workbench-rv32-interview/ysyxSoC/perip/uart16550/rtl/uart_receiver.v:283:19: Ignoring timing control on this assignment/primitive due to --no-timing
                                                                                                                    : ... note: In instance 'ysyxSoCFull.asic.luart.muart.Uregs.receiver'
  283 |    rbit_in     <= #1 1'b0;
      |                   ^
%Warning-ASSIGNDLY: /home/yong/ysyx/ysyx-workbench-rv32-interview/ysyxSoC/perip/uart16550/rtl/uart_receiver.v:284:21: Ignoring timing control on this assignment/primitive due to --no-timing
                                                                                                                    : ... note: In instance 'ysyxSoCFull.asic.luart.muart.Uregs.receiver'
  284 |    rcounter16    <= #1 0;
      |                     ^
%Warning-ASSIGNDLY: /home/yong/ysyx/ysyx-workbench-rv32-interview/ysyxSoC/perip/uart16550/rtl/uart_receiver.v:285:22: Ignoring timing control on this assignment/primitive due to --no-timing
                                                                                                                    : ... note: In instance 'ysyxSoCFull.asic.luart.muart.Uregs.receiver'
  285 |    rbit_counter   <= #1 0;
      |                      ^
%Warning-ASSIGNDLY: /home/yong/ysyx/ysyx-workbench-rv32-interview/ysyxSoC/perip/uart16550/rtl/uart_receiver.v:286:21: Ignoring timing control on this assignment/primitive due to --no-timing
                                                                                                                    : ... note: In instance 'ysyxSoCFull.asic.luart.muart.Uregs.receiver'
  286 |    rparity_xor   <= #1 1'b0;
      |                     ^
%Warning-ASSIGNDLY: /home/yong/ysyx/ysyx-workbench-rv32-interview/ysyxSoC/perip/uart16550/rtl/uart_receiver.v:287:23: Ignoring timing control on this assignment/primitive due to --no-timing
                                                                                                                    : ... note: In instance 'ysyxSoCFull.asic.luart.muart.Uregs.receiver'
  287 |    rframing_error  <= #1 1'b0;
      |                       ^
%Warning-ASSIGNDLY: /home/yong/ysyx/ysyx-workbench-rv32-interview/ysyxSoC/perip/uart16550/rtl/uart_receiver.v:288:23: Ignoring timing control on this assignment/primitive due to --no-timing
                                                                                                                    : ... note: In instance 'ysyxSoCFull.asic.luart.muart.Uregs.receiver'
  288 |    rparity_error   <= #1 1'b0;
      |                       ^
%Warning-ASSIGNDLY: /home/yong/ysyx/ysyx-workbench-rv32-interview/ysyxSoC/perip/uart16550/rtl/uart_receiver.v:289:19: Ignoring timing control on this assignment/primitive due to --no-timing
                                                                                                                    : ... note: In instance 'ysyxSoCFull.asic.luart.muart.Uregs.receiver'
  289 |    rparity     <= #1 1'b0;
      |                   ^
%Warning-ASSIGNDLY: /home/yong/ysyx/ysyx-workbench-rv32-interview/ysyxSoC/perip/uart16550/rtl/uart_receiver.v:290:18: Ignoring timing control on this assignment/primitive due to --no-timing
                                                                                                                    : ... note: In instance 'ysyxSoCFull.asic.luart.muart.Uregs.receiver'
  290 |    rshift     <= #1 0;
      |                  ^
%Warning-ASSIGNDLY: /home/yong/ysyx/ysyx-workbench-rv32-interview/ysyxSoC/perip/uart16550/rtl/uart_receiver.v:291:19: Ignoring timing control on this assignment/primitive due to --no-timing
                                                                                                                    : ... note: In instance 'ysyxSoCFull.asic.luart.muart.Uregs.receiver'
  291 |    rf_push     <= #1 1'b0;
      |                   ^
%Warning-ASSIGNDLY: /home/yong/ysyx/ysyx-workbench-rv32-interview/ysyxSoC/perip/uart16550/rtl/uart_receiver.v:292:21: Ignoring timing control on this assignment/primitive due to --no-timing
                                                                                                                    : ... note: In instance 'ysyxSoCFull.asic.luart.muart.Uregs.receiver'
  292 |    rf_data_in    <= #1 0;
      |                     ^
%Warning-ASSIGNDLY: /home/yong/ysyx/ysyx-workbench-rv32-interview/ysyxSoC/perip/uart16550/rtl/uart_receiver.v:299:20: Ignoring timing control on this assignment/primitive due to --no-timing
                                                                                                                    : ... note: In instance 'ysyxSoCFull.asic.luart.muart.Uregs.receiver'
  299 |    rf_push      <= #1 1'b0;
      |                    ^
%Warning-ASSIGNDLY: /home/yong/ysyx/ysyx-workbench-rv32-interview/ysyxSoC/perip/uart16550/rtl/uart_receiver.v:300:21: Ignoring timing control on this assignment/primitive due to --no-timing
                                                                                                                    : ... note: In instance 'ysyxSoCFull.asic.luart.muart.Uregs.receiver'
  300 |    rf_data_in    <= #1 0;
      |                     ^
%Warning-ASSIGNDLY: /home/yong/ysyx/ysyx-workbench-rv32-interview/ysyxSoC/perip/uart16550/rtl/uart_receiver.v:301:21: Ignoring timing control on this assignment/primitive due to --no-timing
                                                                                                                    : ... note: In instance 'ysyxSoCFull.asic.luart.muart.Uregs.receiver'
  301 |    rcounter16    <= #1 4'b1110;
      |                     ^
%Warning-ASSIGNDLY: /home/yong/ysyx/ysyx-workbench-rv32-interview/ysyxSoC/perip/uart16550/rtl/uart_receiver.v:304:19: Ignoring timing control on this assignment/primitive due to --no-timing
                                                                                                                    : ... note: In instance 'ysyxSoCFull.asic.luart.muart.Uregs.receiver'
  304 |     rstate     <= #1 sr_rec_start;
      |                   ^
%Warning-ASSIGNDLY: /home/yong/ysyx/ysyx-workbench-rv32-interview/ysyxSoC/perip/uart16550/rtl/uart_receiver.v:308:22: Ignoring timing control on this assignment/primitive due to --no-timing
                                                                                                                    : ... note: In instance 'ysyxSoCFull.asic.luart.muart.Uregs.receiver'
  308 |      rf_push      <= #1 1'b0;
      |                      ^
%Warning-ASSIGNDLY: /home/yong/ysyx/ysyx-workbench-rv32-interview/ysyxSoC/perip/uart16550/rtl/uart_receiver.v:311:17: Ignoring timing control on this assignment/primitive due to --no-timing
                                                                                                                    : ... note: In instance 'ysyxSoCFull.asic.luart.muart.Uregs.receiver'
  311 |       rstate <= #1 sr_idle;
      |                 ^
%Warning-ASSIGNDLY: /home/yong/ysyx/ysyx-workbench-rv32-interview/ysyxSoC/perip/uart16550/rtl/uart_receiver.v:313:17: Ignoring timing control on this assignment/primitive due to --no-timing
                                                                                                                    : ... note: In instance 'ysyxSoCFull.asic.luart.muart.Uregs.receiver'
  313 |       rstate <= #1 sr_rec_prepare;
      |                 ^
%Warning-ASSIGNDLY: /home/yong/ysyx/ysyx-workbench-rv32-interview/ysyxSoC/perip/uart16550/rtl/uart_receiver.v:314:19: Ignoring timing control on this assignment/primitive due to --no-timing
                                                                                                                    : ... note: In instance 'ysyxSoCFull.asic.luart.muart.Uregs.receiver'
  314 |     rcounter16 <= #1 rcounter16_minus_1;
      |                   ^
%Warning-ASSIGNDLY: /home/yong/ysyx/ysyx-workbench-rv32-interview/ysyxSoC/perip/uart16550/rtl/uart_receiver.v:318:29: Ignoring timing control on this assignment/primitive due to --no-timing
                                                                                                                    : ... note: In instance 'ysyxSoCFull.asic.luart.muart.Uregs.receiver'
  318 |     2'b00 : rbit_counter <= #1 3'b100;
      |                             ^
%Warning-ASSIGNDLY: /home/yong/ysyx/ysyx-workbench-rv32-interview/ysyxSoC/perip/uart16550/rtl/uart_receiver.v:319:29: Ignoring timing control on this assignment/primitive due to --no-timing
                                                                                                                    : ... note: In instance 'ysyxSoCFull.asic.luart.muart.Uregs.receiver'
  319 |     2'b01 : rbit_counter <= #1 3'b101;
      |                             ^
%Warning-ASSIGNDLY: /home/yong/ysyx/ysyx-workbench-rv32-interview/ysyxSoC/perip/uart16550/rtl/uart_receiver.v:320:29: Ignoring timing control on this assignment/primitive due to --no-timing
                                                                                                                    : ... note: In instance 'ysyxSoCFull.asic.luart.muart.Uregs.receiver'
  320 |     2'b10 : rbit_counter <= #1 3'b110;
      |                             ^
%Warning-ASSIGNDLY: /home/yong/ysyx/ysyx-workbench-rv32-interview/ysyxSoC/perip/uart16550/rtl/uart_receiver.v:321:29: Ignoring timing control on this assignment/primitive due to --no-timing
                                                                                                                    : ... note: In instance 'ysyxSoCFull.asic.luart.muart.Uregs.receiver'
  321 |     2'b11 : rbit_counter <= #1 3'b111;
      |                             ^
%Warning-ASSIGNDLY: /home/yong/ysyx/ysyx-workbench-rv32-interview/ysyxSoC/perip/uart16550/rtl/uart_receiver.v:325:17: Ignoring timing control on this assignment/primitive due to --no-timing
                                                                                                                    : ... note: In instance 'ysyxSoCFull.asic.luart.muart.Uregs.receiver'
  325 |      rstate  <= #1 sr_rec_bit;
      |                 ^
%Warning-ASSIGNDLY: /home/yong/ysyx/ysyx-workbench-rv32-interview/ysyxSoC/perip/uart16550/rtl/uart_receiver.v:326:20: Ignoring timing control on this assignment/primitive due to --no-timing
                                                                                                                    : ... note: In instance 'ysyxSoCFull.asic.luart.muart.Uregs.receiver'
  326 |      rcounter16 <= #1 4'b1110;
      |                    ^
%Warning-ASSIGNDLY: /home/yong/ysyx/ysyx-workbench-rv32-interview/ysyxSoC/perip/uart16550/rtl/uart_receiver.v:327:17: Ignoring timing control on this assignment/primitive due to --no-timing
                                                                                                                    : ... note: In instance 'ysyxSoCFull.asic.luart.muart.Uregs.receiver'
  327 |      rshift  <= #1 0;
      |                 ^
%Warning-ASSIGNDLY: /home/yong/ysyx/ysyx-workbench-rv32-interview/ysyxSoC/perip/uart16550/rtl/uart_receiver.v:330:16: Ignoring timing control on this assignment/primitive due to --no-timing
                                                                                                                    : ... note: In instance 'ysyxSoCFull.asic.luart.muart.Uregs.receiver'
  330 |      rstate <= #1 sr_rec_prepare;
      |                ^
%Warning-ASSIGNDLY: /home/yong/ysyx/ysyx-workbench-rv32-interview/ysyxSoC/perip/uart16550/rtl/uart_receiver.v:331:19: Ignoring timing control on this assignment/primitive due to --no-timing
                                                                                                                    : ... note: In instance 'ysyxSoCFull.asic.luart.muart.Uregs.receiver'
  331 |     rcounter16 <= #1 rcounter16_minus_1;
      |                   ^
%Warning-ASSIGNDLY: /home/yong/ysyx/ysyx-workbench-rv32-interview/ysyxSoC/perip/uart16550/rtl/uart_receiver.v:335:16: Ignoring timing control on this assignment/primitive due to --no-timing
                                                                                                                    : ... note: In instance 'ysyxSoCFull.asic.luart.muart.Uregs.receiver'
  335 |      rstate <= #1 sr_end_bit;
      |                ^
%Warning-ASSIGNDLY: /home/yong/ysyx/ysyx-workbench-rv32-interview/ysyxSoC/perip/uart16550/rtl/uart_receiver.v:338:30: Ignoring timing control on this assignment/primitive due to --no-timing
                                                                                                                    : ... note: In instance 'ysyxSoCFull.asic.luart.muart.Uregs.receiver'
  338 |      2'b00 : rshift[4:0]  <= #1 {srx_pad_i, rshift[4:1]};
      |                              ^
%Warning-ASSIGNDLY: /home/yong/ysyx/ysyx-workbench-rv32-interview/ysyxSoC/perip/uart16550/rtl/uart_receiver.v:339:30: Ignoring timing control on this assignment/primitive due to --no-timing
                                                                                                                    : ... note: In instance 'ysyxSoCFull.asic.luart.muart.Uregs.receiver'
  339 |      2'b01 : rshift[5:0]  <= #1 {srx_pad_i, rshift[5:1]};
      |                              ^
%Warning-ASSIGNDLY: /home/yong/ysyx/ysyx-workbench-rv32-interview/ysyxSoC/perip/uart16550/rtl/uart_receiver.v:340:30: Ignoring timing control on this assignment/primitive due to --no-timing
                                                                                                                    : ... note: In instance 'ysyxSoCFull.asic.luart.muart.Uregs.receiver'
  340 |      2'b10 : rshift[6:0]  <= #1 {srx_pad_i, rshift[6:1]};
      |                              ^
%Warning-ASSIGNDLY: /home/yong/ysyx/ysyx-workbench-rv32-interview/ysyxSoC/perip/uart16550/rtl/uart_receiver.v:341:30: Ignoring timing control on this assignment/primitive due to --no-timing
                                                                                                                    : ... note: In instance 'ysyxSoCFull.asic.luart.muart.Uregs.receiver'
  341 |      2'b11 : rshift[7:0]  <= #1 {srx_pad_i, rshift[7:1]};
      |                              ^
%Warning-ASSIGNDLY: /home/yong/ysyx/ysyx-workbench-rv32-interview/ysyxSoC/perip/uart16550/rtl/uart_receiver.v:343:19: Ignoring timing control on this assignment/primitive due to --no-timing
                                                                                                                    : ... note: In instance 'ysyxSoCFull.asic.luart.muart.Uregs.receiver'
  343 |     rcounter16 <= #1 rcounter16_minus_1;
      |                   ^
%Warning-ASSIGNDLY: /home/yong/ysyx/ysyx-workbench-rv32-interview/ysyxSoC/perip/uart16550/rtl/uart_receiver.v:348:17: Ignoring timing control on this assignment/primitive due to --no-timing
                                                                                                                    : ... note: In instance 'ysyxSoCFull.asic.luart.muart.Uregs.receiver'
  348 |       rstate <= #1 sr_rec_parity;
      |                 ^
%Warning-ASSIGNDLY: /home/yong/ysyx/ysyx-workbench-rv32-interview/ysyxSoC/perip/uart16550/rtl/uart_receiver.v:351:17: Ignoring timing control on this assignment/primitive due to --no-timing
                                                                                                                    : ... note: In instance 'ysyxSoCFull.asic.luart.muart.Uregs.receiver'
  351 |       rstate <= #1 sr_rec_stop;
      |                 ^
%Warning-ASSIGNDLY: /home/yong/ysyx/ysyx-workbench-rv32-interview/ysyxSoC/perip/uart16550/rtl/uart_receiver.v:352:24: Ignoring timing control on this assignment/primitive due to --no-timing
                                                                                                                    : ... note: In instance 'ysyxSoCFull.asic.luart.muart.Uregs.receiver'
  352 |       rparity_error <= #1 1'b0;   
      |                        ^
%Warning-ASSIGNDLY: /home/yong/ysyx/ysyx-workbench-rv32-interview/ysyxSoC/perip/uart16550/rtl/uart_receiver.v:356:16: Ignoring timing control on this assignment/primitive due to --no-timing
                                                                                                                    : ... note: In instance 'ysyxSoCFull.asic.luart.muart.Uregs.receiver'
  356 |      rstate <= #1 sr_rec_bit;
      |                ^
%Warning-ASSIGNDLY: /home/yong/ysyx/ysyx-workbench-rv32-interview/ysyxSoC/perip/uart16550/rtl/uart_receiver.v:357:22: Ignoring timing control on this assignment/primitive due to --no-timing
                                                                                                                    : ... note: In instance 'ysyxSoCFull.asic.luart.muart.Uregs.receiver'
  357 |      rbit_counter <= #1 rbit_counter - 1'b1;
      |                      ^
%Warning-ASSIGNDLY: /home/yong/ysyx/ysyx-workbench-rv32-interview/ysyxSoC/perip/uart16550/rtl/uart_receiver.v:359:19: Ignoring timing control on this assignment/primitive due to --no-timing
                                                                                                                    : ... note: In instance 'ysyxSoCFull.asic.luart.muart.Uregs.receiver'
  359 |     rcounter16 <= #1 4'b1110;
      |                   ^
%Warning-ASSIGNDLY: /home/yong/ysyx/ysyx-workbench-rv32-interview/ysyxSoC/perip/uart16550/rtl/uart_receiver.v:364:17: Ignoring timing control on this assignment/primitive due to --no-timing
                                                                                                                    : ... note: In instance 'ysyxSoCFull.asic.luart.muart.Uregs.receiver'
  364 |      rparity <= #1 srx_pad_i;
      |                 ^
%Warning-ASSIGNDLY: /home/yong/ysyx/ysyx-workbench-rv32-interview/ysyxSoC/perip/uart16550/rtl/uart_receiver.v:365:16: Ignoring timing control on this assignment/primitive due to --no-timing
                                                                                                                    : ... note: In instance 'ysyxSoCFull.asic.luart.muart.Uregs.receiver'
  365 |      rstate <= #1 sr_ca_lc_parity;
      |                ^
%Warning-ASSIGNDLY: /home/yong/ysyx/ysyx-workbench-rv32-interview/ysyxSoC/perip/uart16550/rtl/uart_receiver.v:367:19: Ignoring timing control on this assignment/primitive due to --no-timing
                                                                                                                    : ... note: In instance 'ysyxSoCFull.asic.luart.muart.Uregs.receiver'
  367 |     rcounter16 <= #1 rcounter16_minus_1;
      |                   ^
%Warning-ASSIGNDLY: /home/yong/ysyx/ysyx-workbench-rv32-interview/ysyxSoC/perip/uart16550/rtl/uart_receiver.v:370:20: Ignoring timing control on this assignment/primitive due to --no-timing
                                                                                                                    : ... note: In instance 'ysyxSoCFull.asic.luart.muart.Uregs.receiver'
  370 |     rcounter16  <= #1 rcounter16_minus_1;
      |                    ^
%Warning-ASSIGNDLY: /home/yong/ysyx/ysyx-workbench-rv32-interview/ysyxSoC/perip/uart16550/rtl/uart_receiver.v:371:20: Ignoring timing control on this assignment/primitive due to --no-timing
                                                                                                                    : ... note: In instance 'ysyxSoCFull.asic.luart.muart.Uregs.receiver'
  371 |     rparity_xor <= #1 ^{rshift,rparity};  
      |                    ^
%Warning-ASSIGNDLY: /home/yong/ysyx/ysyx-workbench-rv32-interview/ysyxSoC/perip/uart16550/rtl/uart_receiver.v:372:20: Ignoring timing control on this assignment/primitive due to --no-timing
                                                                                                                    : ... note: In instance 'ysyxSoCFull.asic.luart.muart.Uregs.receiver'
  372 |     rstate      <= #1 sr_check_parity;
      |                    ^
%Warning-ASSIGNDLY: /home/yong/ysyx/ysyx-workbench-rv32-interview/ysyxSoC/perip/uart16550/rtl/uart_receiver.v:376:30: Ignoring timing control on this assignment/primitive due to --no-timing
                                                                                                                    : ... note: In instance 'ysyxSoCFull.asic.luart.muart.Uregs.receiver'
  376 |      2'b00: rparity_error <= #1  rparity_xor == 0;   
      |                              ^
%Warning-ASSIGNDLY: /home/yong/ysyx/ysyx-workbench-rv32-interview/ysyxSoC/perip/uart16550/rtl/uart_receiver.v:377:30: Ignoring timing control on this assignment/primitive due to --no-timing
                                                                                                                    : ... note: In instance 'ysyxSoCFull.asic.luart.muart.Uregs.receiver'
  377 |      2'b01: rparity_error <= #1 ~rparity;       
      |                              ^
%Warning-ASSIGNDLY: /home/yong/ysyx/ysyx-workbench-rv32-interview/ysyxSoC/perip/uart16550/rtl/uart_receiver.v:378:30: Ignoring timing control on this assignment/primitive due to --no-timing
                                                                                                                    : ... note: In instance 'ysyxSoCFull.asic.luart.muart.Uregs.receiver'
  378 |      2'b10: rparity_error <= #1  rparity_xor == 1;    
      |                              ^
%Warning-ASSIGNDLY: /home/yong/ysyx/ysyx-workbench-rv32-interview/ysyxSoC/perip/uart16550/rtl/uart_receiver.v:379:30: Ignoring timing control on this assignment/primitive due to --no-timing
                                                                                                                    : ... note: In instance 'ysyxSoCFull.asic.luart.muart.Uregs.receiver'
  379 |      2'b11: rparity_error <= #1  rparity;    
      |                              ^
%Warning-ASSIGNDLY: /home/yong/ysyx/ysyx-workbench-rv32-interview/ysyxSoC/perip/uart16550/rtl/uart_receiver.v:381:19: Ignoring timing control on this assignment/primitive due to --no-timing
                                                                                                                    : ... note: In instance 'ysyxSoCFull.asic.luart.muart.Uregs.receiver'
  381 |     rcounter16 <= #1 rcounter16_minus_1;
      |                   ^
%Warning-ASSIGNDLY: /home/yong/ysyx/ysyx-workbench-rv32-interview/ysyxSoC/perip/uart16550/rtl/uart_receiver.v:382:15: Ignoring timing control on this assignment/primitive due to --no-timing
                                                                                                                    : ... note: In instance 'ysyxSoCFull.asic.luart.muart.Uregs.receiver'
  382 |     rstate <= #1 sr_wait1;
      |               ^
%Warning-ASSIGNDLY: /home/yong/ysyx/ysyx-workbench-rv32-interview/ysyxSoC/perip/uart16550/rtl/uart_receiver.v:386:15: Ignoring timing control on this assignment/primitive due to --no-timing
                                                                                                                    : ... note: In instance 'ysyxSoCFull.asic.luart.muart.Uregs.receiver'
  386 |     rstate <= #1 sr_rec_stop;
      |               ^
%Warning-ASSIGNDLY: /home/yong/ysyx/ysyx-workbench-rv32-interview/ysyxSoC/perip/uart16550/rtl/uart_receiver.v:387:19: Ignoring timing control on this assignment/primitive due to --no-timing
                                                                                                                    : ... note: In instance 'ysyxSoCFull.asic.luart.muart.Uregs.receiver'
  387 |     rcounter16 <= #1 4'b1110;
      |                   ^
%Warning-ASSIGNDLY: /home/yong/ysyx/ysyx-workbench-rv32-interview/ysyxSoC/perip/uart16550/rtl/uart_receiver.v:390:19: Ignoring timing control on this assignment/primitive due to --no-timing
                                                                                                                    : ... note: In instance 'ysyxSoCFull.asic.luart.muart.Uregs.receiver'
  390 |     rcounter16 <= #1 rcounter16_minus_1;
      |                   ^
%Warning-ASSIGNDLY: /home/yong/ysyx/ysyx-workbench-rv32-interview/ysyxSoC/perip/uart16550/rtl/uart_receiver.v:394:24: Ignoring timing control on this assignment/primitive due to --no-timing
                                                                                                                    : ... note: In instance 'ysyxSoCFull.asic.luart.muart.Uregs.receiver'
  394 |      rframing_error <= #1 !srx_pad_i;  
      |                        ^
%Warning-ASSIGNDLY: /home/yong/ysyx/ysyx-workbench-rv32-interview/ysyxSoC/perip/uart16550/rtl/uart_receiver.v:395:16: Ignoring timing control on this assignment/primitive due to --no-timing
                                                                                                                    : ... note: In instance 'ysyxSoCFull.asic.luart.muart.Uregs.receiver'
  395 |      rstate <= #1 sr_push;
      |                ^
%Warning-ASSIGNDLY: /home/yong/ysyx/ysyx-workbench-rv32-interview/ysyxSoC/perip/uart16550/rtl/uart_receiver.v:397:19: Ignoring timing control on this assignment/primitive due to --no-timing
                                                                                                                    : ... note: In instance 'ysyxSoCFull.asic.luart.muart.Uregs.receiver'
  397 |     rcounter16 <= #1 rcounter16_minus_1;
      |                   ^
%Warning-ASSIGNDLY: /home/yong/ysyx/ysyx-workbench-rv32-interview/ysyxSoC/perip/uart16550/rtl/uart_receiver.v:405:28: Ignoring timing control on this assignment/primitive due to --no-timing
                                                                                                                    : ... note: In instance 'ysyxSoCFull.asic.luart.muart.Uregs.receiver'
  405 |             rf_data_in  <= #1 {8'b0, 3'b100};  
      |                            ^
%Warning-ASSIGNDLY: /home/yong/ysyx/ysyx-workbench-rv32-interview/ysyxSoC/perip/uart16550/rtl/uart_receiver.v:407:27: Ignoring timing control on this assignment/primitive due to --no-timing
                                                                                                                    : ... note: In instance 'ysyxSoCFull.asic.luart.muart.Uregs.receiver'
  407 |            rf_data_in  <= #1 {rshift, 1'b0, rparity_error, rframing_error};
      |                           ^
%Warning-ASSIGNDLY: /home/yong/ysyx/ysyx-workbench-rv32-interview/ysyxSoC/perip/uart16550/rtl/uart_receiver.v:408:26: Ignoring timing control on this assignment/primitive due to --no-timing
                                                                                                                    : ... note: In instance 'ysyxSoCFull.asic.luart.muart.Uregs.receiver'
  408 |           rf_push     <= #1 1'b1;
      |                          ^
%Warning-ASSIGNDLY: /home/yong/ysyx/ysyx-workbench-rv32-interview/ysyxSoC/perip/uart16550/rtl/uart_receiver.v:409:26: Ignoring timing control on this assignment/primitive due to --no-timing
                                                                                                                    : ... note: In instance 'ysyxSoCFull.asic.luart.muart.Uregs.receiver'
  409 |         rstate        <= #1 sr_idle;
      |                          ^
%Warning-ASSIGNDLY: /home/yong/ysyx/ysyx-workbench-rv32-interview/ysyxSoC/perip/uart16550/rtl/uart_receiver.v:413:26: Ignoring timing control on this assignment/primitive due to --no-timing
                                                                                                                    : ... note: In instance 'ysyxSoCFull.asic.luart.muart.Uregs.receiver'
  413 |           rf_data_in  <= #1 {rshift, 1'b0, rparity_error, rframing_error};
      |                          ^
%Warning-ASSIGNDLY: /home/yong/ysyx/ysyx-workbench-rv32-interview/ysyxSoC/perip/uart16550/rtl/uart_receiver.v:414:26: Ignoring timing control on this assignment/primitive due to --no-timing
                                                                                                                    : ... note: In instance 'ysyxSoCFull.asic.luart.muart.Uregs.receiver'
  414 |           rf_push     <= #1 1'b1;
      |                          ^
%Warning-ASSIGNDLY: /home/yong/ysyx/ysyx-workbench-rv32-interview/ysyxSoC/perip/uart16550/rtl/uart_receiver.v:415:27: Ignoring timing control on this assignment/primitive due to --no-timing
                                                                                                                    : ... note: In instance 'ysyxSoCFull.asic.luart.muart.Uregs.receiver'
  415 |          rcounter16    <= #1 4'b1110;
      |                           ^
%Warning-ASSIGNDLY: /home/yong/ysyx/ysyx-workbench-rv32-interview/ysyxSoC/perip/uart16550/rtl/uart_receiver.v:416:23: Ignoring timing control on this assignment/primitive due to --no-timing
                                                                                                                    : ... note: In instance 'ysyxSoCFull.asic.luart.muart.Uregs.receiver'
  416 |         rstate     <= #1 sr_rec_start;
      |                       ^
%Warning-ASSIGNDLY: /home/yong/ysyx/ysyx-workbench-rv32-interview/ysyxSoC/perip/uart16550/rtl/uart_receiver.v:420:22: Ignoring timing control on this assignment/primitive due to --no-timing
                                                                                                                    : ... note: In instance 'ysyxSoCFull.asic.luart.muart.Uregs.receiver'
  420 |  default : rstate <= #1 sr_idle;
      |                      ^
%Warning-ASSIGNDLY: /home/yong/ysyx/ysyx-workbench-rv32-interview/ysyxSoC/perip/uart16550/rtl/uart_receiver.v:430:18: Ignoring timing control on this assignment/primitive due to --no-timing
                                                                                                                    : ... note: In instance 'ysyxSoCFull.asic.luart.muart.Uregs.receiver'
  430 |     rf_push_q <= #1 rf_push;
      |                  ^
%Warning-ASSIGNDLY: /home/yong/ysyx/ysyx-workbench-rv32-interview/ysyxSoC/perip/uart16550/rtl/uart_receiver.v:460:16: Ignoring timing control on this assignment/primitive due to --no-timing
                                                                                                                    : ... note: In instance 'ysyxSoCFull.asic.luart.muart.Uregs.receiver'
  460 |   counter_b <= #1 8'd159;
      |                ^
%Warning-ASSIGNDLY: /home/yong/ysyx/ysyx-workbench-rv32-interview/ysyxSoC/perip/uart16550/rtl/uart_receiver.v:463:16: Ignoring timing control on this assignment/primitive due to --no-timing
                                                                                                                    : ... note: In instance 'ysyxSoCFull.asic.luart.muart.Uregs.receiver'
  463 |   counter_b <= #1 brc_value;  
      |                ^
%Warning-ASSIGNDLY: /home/yong/ysyx/ysyx-workbench-rv32-interview/ysyxSoC/perip/uart16550/rtl/uart_receiver.v:466:16: Ignoring timing control on this assignment/primitive due to --no-timing
                                                                                                                    : ... note: In instance 'ysyxSoCFull.asic.luart.muart.Uregs.receiver'
  466 |   counter_b <= #1 counter_b - 1;   
      |                ^
%Warning-ASSIGNDLY: /home/yong/ysyx/ysyx-workbench-rv32-interview/ysyxSoC/perip/uart16550/rtl/uart_receiver.v:476:16: Ignoring timing control on this assignment/primitive due to --no-timing
                                                                                                                    : ... note: In instance 'ysyxSoCFull.asic.luart.muart.Uregs.receiver'
  476 |   counter_t <= #1 10'd639;  
      |                ^
%Warning-ASSIGNDLY: /home/yong/ysyx/ysyx-workbench-rv32-interview/ysyxSoC/perip/uart16550/rtl/uart_receiver.v:479:17: Ignoring timing control on this assignment/primitive due to --no-timing
                                                                                                                    : ... note: In instance 'ysyxSoCFull.asic.luart.muart.Uregs.receiver'
  479 |    counter_t <= #1 toc_value;
      |                 ^
%Warning-ASSIGNDLY: /home/yong/ysyx/ysyx-workbench-rv32-interview/ysyxSoC/perip/uart16550/rtl/uart_receiver.v:482:17: Ignoring timing control on this assignment/primitive due to --no-timing
                                                                                                                    : ... note: In instance 'ysyxSoCFull.asic.luart.muart.Uregs.receiver'
  482 |    counter_t <= #1 counter_t - 1;  
      |                 ^
%Warning-ASSIGNDLY: /home/yong/ysyx/ysyx-workbench-rv32-interview/ysyxSoC/perip/uart16550/rtl/uart_regs.v:429:19: Ignoring timing control on this assignment/primitive due to --no-timing
                                                                                                                : ... note: In instance 'ysyxSoCFull.asic.luart.muart.Uregs'
  429 |         rf_pop <= #1 0;
      |                   ^
%Warning-ASSIGNDLY: /home/yong/ysyx/ysyx-workbench-rv32-interview/ysyxSoC/perip/uart16550/rtl/uart_regs.v:432:19: Ignoring timing control on this assignment/primitive due to --no-timing
                                                                                                                : ... note: In instance 'ysyxSoCFull.asic.luart.muart.Uregs'
  432 |         rf_pop <= #1 0;
      |                   ^
%Warning-ASSIGNDLY: /home/yong/ysyx/ysyx-workbench-rv32-interview/ysyxSoC/perip/uart16550/rtl/uart_regs.v:435:19: Ignoring timing control on this assignment/primitive due to --no-timing
                                                                                                                : ... note: In instance 'ysyxSoCFull.asic.luart.muart.Uregs'
  435 |         rf_pop <= #1 1;  
      |                   ^
%Warning-ASSIGNDLY: /home/yong/ysyx/ysyx-workbench-rv32-interview/ysyxSoC/perip/uart16550/rtl/uart_regs.v:454:23: Ignoring timing control on this assignment/primitive due to --no-timing
                                                                                                                : ... note: In instance 'ysyxSoCFull.asic.luart.muart.Uregs'
  454 |         lsr_mask_d <= #1 0;
      |                       ^
%Warning-ASSIGNDLY: /home/yong/ysyx/ysyx-workbench-rv32-interview/ysyxSoC/perip/uart16550/rtl/uart_regs.v:456:23: Ignoring timing control on this assignment/primitive due to --no-timing
                                                                                                                : ... note: In instance 'ysyxSoCFull.asic.luart.muart.Uregs'
  456 |         lsr_mask_d <= #1 lsr_mask_condition;
      |                       ^
%Warning-ASSIGNDLY: /home/yong/ysyx/ysyx-workbench-rv32-interview/ysyxSoC/perip/uart16550/rtl/uart_regs.v:466:22: Ignoring timing control on this assignment/primitive due to --no-timing
                                                                                                                : ... note: In instance 'ysyxSoCFull.asic.luart.muart.Uregs'
  466 |         msi_reset <= #1 1;
      |                      ^
%Warning-ASSIGNDLY: /home/yong/ysyx/ysyx-workbench-rv32-interview/ysyxSoC/perip/uart16550/rtl/uart_regs.v:469:22: Ignoring timing control on this assignment/primitive due to --no-timing
                                                                                                                : ... note: In instance 'ysyxSoCFull.asic.luart.muart.Uregs'
  469 |         msi_reset <= #1 0;
      |                      ^
%Warning-ASSIGNDLY: /home/yong/ysyx/ysyx-workbench-rv32-interview/ysyxSoC/perip/uart16550/rtl/uart_regs.v:472:22: Ignoring timing control on this assignment/primitive due to --no-timing
                                                                                                                : ... note: In instance 'ysyxSoCFull.asic.luart.muart.Uregs'
  472 |         msi_reset <= #1 1;  
      |                      ^
%Warning-ASSIGNDLY: /home/yong/ysyx/ysyx-workbench-rv32-interview/ysyxSoC/perip/uart16550/rtl/uart_regs.v:482:16: Ignoring timing control on this assignment/primitive due to --no-timing
                                                                                                                : ... note: In instance 'ysyxSoCFull.asic.luart.muart.Uregs'
  482 |         lcr <= #1 8'b00000011;  
      |                ^
%Warning-ASSIGNDLY: /home/yong/ysyx/ysyx-workbench-rv32-interview/ysyxSoC/perip/uart16550/rtl/uart_regs.v:485:16: Ignoring timing control on this assignment/primitive due to --no-timing
                                                                                                                : ... note: In instance 'ysyxSoCFull.asic.luart.muart.Uregs'
  485 |         lcr <= #1 wb_dat_i;
      |                ^
%Warning-ASSIGNDLY: /home/yong/ysyx/ysyx-workbench-rv32-interview/ysyxSoC/perip/uart16550/rtl/uart_regs.v:491:16: Ignoring timing control on this assignment/primitive due to --no-timing
                                                                                                                : ... note: In instance 'ysyxSoCFull.asic.luart.muart.Uregs'
  491 |         ier <= #1 4'b0000;  
      |                ^
%Warning-ASSIGNDLY: /home/yong/ysyx/ysyx-workbench-rv32-interview/ysyxSoC/perip/uart16550/rtl/uart_regs.v:492:21: Ignoring timing control on this assignment/primitive due to --no-timing
                                                                                                                : ... note: In instance 'ysyxSoCFull.asic.luart.muart.Uregs'
  492 |         dl[15:8] <= #1 8'b0;
      |                     ^
%Warning-ASSIGNDLY: /home/yong/ysyx/ysyx-workbench-rv32-interview/ysyxSoC/perip/uart16550/rtl/uart_regs.v:498:25: Ignoring timing control on this assignment/primitive due to --no-timing
                                                                                                                : ... note: In instance 'ysyxSoCFull.asic.luart.muart.Uregs'
  498 |             dl[15:8] <= #1 wb_dat_i;
      |                         ^
%Warning-ASSIGNDLY: /home/yong/ysyx/ysyx-workbench-rv32-interview/ysyxSoC/perip/uart16550/rtl/uart_regs.v:501:20: Ignoring timing control on this assignment/primitive due to --no-timing
                                                                                                                : ... note: In instance 'ysyxSoCFull.asic.luart.muart.Uregs'
  501 |             ier <= #1 wb_dat_i[3:0];  
      |                    ^
%Warning-ASSIGNDLY: /home/yong/ysyx/ysyx-workbench-rv32-interview/ysyxSoC/perip/uart16550/rtl/uart_regs.v:507:16: Ignoring timing control on this assignment/primitive due to --no-timing
                                                                                                                : ... note: In instance 'ysyxSoCFull.asic.luart.muart.Uregs'
  507 |         fcr <= #1 2'b11;
      |                ^
%Warning-ASSIGNDLY: /home/yong/ysyx/ysyx-workbench-rv32-interview/ysyxSoC/perip/uart16550/rtl/uart_regs.v:508:21: Ignoring timing control on this assignment/primitive due to --no-timing
                                                                                                                : ... note: In instance 'ysyxSoCFull.asic.luart.muart.Uregs'
  508 |         rx_reset <= #1 0;
      |                     ^
%Warning-ASSIGNDLY: /home/yong/ysyx/ysyx-workbench-rv32-interview/ysyxSoC/perip/uart16550/rtl/uart_regs.v:509:21: Ignoring timing control on this assignment/primitive due to --no-timing
                                                                                                                : ... note: In instance 'ysyxSoCFull.asic.luart.muart.Uregs'
  509 |         tx_reset <= #1 0;
      |                     ^
%Warning-ASSIGNDLY: /home/yong/ysyx/ysyx-workbench-rv32-interview/ysyxSoC/perip/uart16550/rtl/uart_regs.v:512:16: Ignoring timing control on this assignment/primitive due to --no-timing
                                                                                                                : ... note: In instance 'ysyxSoCFull.asic.luart.muart.Uregs'
  512 |         fcr <= #1 wb_dat_i[7:6];
      |                ^
%Warning-ASSIGNDLY: /home/yong/ysyx/ysyx-workbench-rv32-interview/ysyxSoC/perip/uart16550/rtl/uart_regs.v:513:21: Ignoring timing control on this assignment/primitive due to --no-timing
                                                                                                                : ... note: In instance 'ysyxSoCFull.asic.luart.muart.Uregs'
  513 |         rx_reset <= #1 wb_dat_i[1];
      |                     ^
%Warning-ASSIGNDLY: /home/yong/ysyx/ysyx-workbench-rv32-interview/ysyxSoC/perip/uart16550/rtl/uart_regs.v:514:21: Ignoring timing control on this assignment/primitive due to --no-timing
                                                                                                                : ... note: In instance 'ysyxSoCFull.asic.luart.muart.Uregs'
  514 |         tx_reset <= #1 wb_dat_i[2];
      |                     ^
%Warning-ASSIGNDLY: /home/yong/ysyx/ysyx-workbench-rv32-interview/ysyxSoC/perip/uart16550/rtl/uart_regs.v:516:21: Ignoring timing control on this assignment/primitive due to --no-timing
                                                                                                                : ... note: In instance 'ysyxSoCFull.asic.luart.muart.Uregs'
  516 |         rx_reset <= #1 0;
      |                     ^
%Warning-ASSIGNDLY: /home/yong/ysyx/ysyx-workbench-rv32-interview/ysyxSoC/perip/uart16550/rtl/uart_regs.v:517:21: Ignoring timing control on this assignment/primitive due to --no-timing
                                                                                                                : ... note: In instance 'ysyxSoCFull.asic.luart.muart.Uregs'
  517 |         tx_reset <= #1 0;
      |                     ^
%Warning-ASSIGNDLY: /home/yong/ysyx/ysyx-workbench-rv32-interview/ysyxSoC/perip/uart16550/rtl/uart_regs.v:523:16: Ignoring timing control on this assignment/primitive due to --no-timing
                                                                                                                : ... note: In instance 'ysyxSoCFull.asic.luart.muart.Uregs'
  523 |         mcr <= #1 5'b0;
      |                ^
%Warning-ASSIGNDLY: /home/yong/ysyx/ysyx-workbench-rv32-interview/ysyxSoC/perip/uart16550/rtl/uart_regs.v:526:20: Ignoring timing control on this assignment/primitive due to --no-timing
                                                                                                                : ... note: In instance 'ysyxSoCFull.asic.luart.muart.Uregs'
  526 |             mcr <= #1 wb_dat_i[4:0];
      |                    ^
%Warning-ASSIGNDLY: /home/yong/ysyx/ysyx-workbench-rv32-interview/ysyxSoC/perip/uart16550/rtl/uart_regs.v:532:20: Ignoring timing control on this assignment/primitive due to --no-timing
                                                                                                                : ... note: In instance 'ysyxSoCFull.asic.luart.muart.Uregs'
  532 |         scratch <= #1 0;  
      |                    ^
%Warning-ASSIGNDLY: /home/yong/ysyx/ysyx-workbench-rv32-interview/ysyxSoC/perip/uart16550/rtl/uart_regs.v:535:20: Ignoring timing control on this assignment/primitive due to --no-timing
                                                                                                                : ... note: In instance 'ysyxSoCFull.asic.luart.muart.Uregs'
  535 |         scratch <= #1 wb_dat_i;
      |                    ^
%Warning-ASSIGNDLY: /home/yong/ysyx/ysyx-workbench-rv32-interview/ysyxSoC/perip/uart16550/rtl/uart_regs.v:541:21: Ignoring timing control on this assignment/primitive due to --no-timing
                                                                                                                : ... note: In instance 'ysyxSoCFull.asic.luart.muart.Uregs'
  541 |         dl[7:0]  <= #1 8'b0;
      |                     ^
%Warning-ASSIGNDLY: /home/yong/ysyx/ysyx-workbench-rv32-interview/ysyxSoC/perip/uart16550/rtl/uart_regs.v:542:22: Ignoring timing control on this assignment/primitive due to --no-timing
                                                                                                                : ... note: In instance 'ysyxSoCFull.asic.luart.muart.Uregs'
  542 |         tf_push   <= #1 1'b0;
      |                      ^
%Warning-ASSIGNDLY: /home/yong/ysyx/ysyx-workbench-rv32-interview/ysyxSoC/perip/uart16550/rtl/uart_regs.v:543:22: Ignoring timing control on this assignment/primitive due to --no-timing
                                                                                                                : ... note: In instance 'ysyxSoCFull.asic.luart.muart.Uregs'
  543 |         start_dlc <= #1 1'b0;
      |                      ^
%Warning-ASSIGNDLY: /home/yong/ysyx/ysyx-workbench-rv32-interview/ysyxSoC/perip/uart16550/rtl/uart_regs.v:549:24: Ignoring timing control on this assignment/primitive due to --no-timing
                                                                                                                : ... note: In instance 'ysyxSoCFull.asic.luart.muart.Uregs'
  549 |             dl[7:0] <= #1 wb_dat_i;
      |                        ^
%Warning-ASSIGNDLY: /home/yong/ysyx/ysyx-workbench-rv32-interview/ysyxSoC/perip/uart16550/rtl/uart_regs.v:550:26: Ignoring timing control on this assignment/primitive due to --no-timing
                                                                                                                : ... note: In instance 'ysyxSoCFull.asic.luart.muart.Uregs'
  550 |             start_dlc <= #1 1'b1;  
      |                          ^
%Warning-ASSIGNDLY: /home/yong/ysyx/ysyx-workbench-rv32-interview/ysyxSoC/perip/uart16550/rtl/uart_regs.v:551:24: Ignoring timing control on this assignment/primitive due to --no-timing
                                                                                                                : ... note: In instance 'ysyxSoCFull.asic.luart.muart.Uregs'
  551 |             tf_push <= #1 1'b0;
      |                        ^
%Warning-ASSIGNDLY: /home/yong/ysyx/ysyx-workbench-rv32-interview/ysyxSoC/perip/uart16550/rtl/uart_regs.v:555:26: Ignoring timing control on this assignment/primitive due to --no-timing
                                                                                                                : ... note: In instance 'ysyxSoCFull.asic.luart.muart.Uregs'
  555 |             tf_push   <= #1 1'b1;
      |                          ^
%Warning-ASSIGNDLY: /home/yong/ysyx/ysyx-workbench-rv32-interview/ysyxSoC/perip/uart16550/rtl/uart_regs.v:556:26: Ignoring timing control on this assignment/primitive due to --no-timing
                                                                                                                : ... note: In instance 'ysyxSoCFull.asic.luart.muart.Uregs'
  556 |             start_dlc <= #1 1'b0;
      |                          ^
%Warning-ASSIGNDLY: /home/yong/ysyx/ysyx-workbench-rv32-interview/ysyxSoC/perip/uart16550/rtl/uart_regs.v:560:22: Ignoring timing control on this assignment/primitive due to --no-timing
                                                                                                                : ... note: In instance 'ysyxSoCFull.asic.luart.muart.Uregs'
  560 |         start_dlc <= #1 1'b0;
      |                      ^
%Warning-ASSIGNDLY: /home/yong/ysyx/ysyx-workbench-rv32-interview/ysyxSoC/perip/uart16550/rtl/uart_regs.v:561:22: Ignoring timing control on this assignment/primitive due to --no-timing
                                                                                                                : ... note: In instance 'ysyxSoCFull.asic.luart.muart.Uregs'
  561 |         tf_push   <= #1 1'b0;
      |                      ^
%Warning-ASSIGNDLY: /home/yong/ysyx/ysyx-workbench-rv32-interview/ysyxSoC/perip/uart16550/rtl/uart_regs.v:583:18: Ignoring timing control on this assignment/primitive due to --no-timing
                                                                                                                : ... note: In instance 'ysyxSoCFull.asic.luart.muart.Uregs'
  583 |           msr <= #1 0;
      |                  ^
%Warning-ASSIGNDLY: /home/yong/ysyx/ysyx-workbench-rv32-interview/ysyxSoC/perip/uart16550/rtl/uart_regs.v:584:41: Ignoring timing control on this assignment/primitive due to --no-timing
                                                                                                                : ... note: In instance 'ysyxSoCFull.asic.luart.muart.Uregs'
  584 |           delayed_modem_signals[3:0] <= #1 0;
      |                                         ^
%Warning-ASSIGNDLY: /home/yong/ysyx/ysyx-workbench-rv32-interview/ysyxSoC/perip/uart16550/rtl/uart_regs.v:587:21: Ignoring timing control on this assignment/primitive due to --no-timing
                                                                                                                : ... note: In instance 'ysyxSoCFull.asic.luart.muart.Uregs'
  587 |         msr[3:0] <= #1 msi_reset ? 4'b0 :
      |                     ^
%Warning-ASSIGNDLY: /home/yong/ysyx/ysyx-workbench-rv32-interview/ysyxSoC/perip/uart16550/rtl/uart_regs.v:589:21: Ignoring timing control on this assignment/primitive due to --no-timing
                                                                                                                : ... note: In instance 'ysyxSoCFull.asic.luart.muart.Uregs'
  589 |         msr[7:4] <= #1 {dcd_c, ri_c, dsr_c, cts_c};
      |                     ^
%Warning-ASSIGNDLY: /home/yong/ysyx/ysyx-workbench-rv32-interview/ysyxSoC/perip/uart16550/rtl/uart_regs.v:590:39: Ignoring timing control on this assignment/primitive due to --no-timing
                                                                                                                : ... note: In instance 'ysyxSoCFull.asic.luart.muart.Uregs'
  590 |         delayed_modem_signals[3:0] <= #1 {dcd, ri, dsr, cts};
      |                                       ^
%Warning-ASSIGNDLY: /home/yong/ysyx/ysyx-workbench-rv32-interview/ysyxSoC/perip/uart16550/rtl/uart_regs.v:611:29: Ignoring timing control on this assignment/primitive due to --no-timing
                                                                                                                : ... note: In instance 'ysyxSoCFull.asic.luart.muart.Uregs'
  611 |     if (wb_rst_i) lsr0_d <= #1 0;
      |                             ^
%Warning-ASSIGNDLY: /home/yong/ysyx/ysyx-workbench-rv32-interview/ysyxSoC/perip/uart16550/rtl/uart_regs.v:612:20: Ignoring timing control on this assignment/primitive due to --no-timing
                                                                                                                : ... note: In instance 'ysyxSoCFull.asic.luart.muart.Uregs'
  612 |     else lsr0_d <= #1 lsr0;
      |                    ^
%Warning-ASSIGNDLY: /home/yong/ysyx/ysyx-workbench-rv32-interview/ysyxSoC/perip/uart16550/rtl/uart_regs.v:615:28: Ignoring timing control on this assignment/primitive due to --no-timing
                                                                                                                : ... note: In instance 'ysyxSoCFull.asic.luart.muart.Uregs'
  615 |     if (wb_rst_i) lsr0r <= #1 0;
      |                            ^
%Warning-ASSIGNDLY: /home/yong/ysyx/ysyx-workbench-rv32-interview/ysyxSoC/perip/uart16550/rtl/uart_regs.v:616:19: Ignoring timing control on this assignment/primitive due to --no-timing
                                                                                                                : ... note: In instance 'ysyxSoCFull.asic.luart.muart.Uregs'
  616 |     else lsr0r <= #1 (rf_count==1 && rf_pop && !rf_push_pulse || rx_reset) ? 0 :  
      |                   ^
%Warning-ASSIGNDLY: /home/yong/ysyx/ysyx-workbench-rv32-interview/ysyxSoC/perip/uart16550/rtl/uart_regs.v:623:29: Ignoring timing control on this assignment/primitive due to --no-timing
                                                                                                                : ... note: In instance 'ysyxSoCFull.asic.luart.muart.Uregs'
  623 |     if (wb_rst_i) lsr1_d <= #1 0;
      |                             ^
%Warning-ASSIGNDLY: /home/yong/ysyx/ysyx-workbench-rv32-interview/ysyxSoC/perip/uart16550/rtl/uart_regs.v:624:20: Ignoring timing control on this assignment/primitive due to --no-timing
                                                                                                                : ... note: In instance 'ysyxSoCFull.asic.luart.muart.Uregs'
  624 |     else lsr1_d <= #1 lsr1;
      |                    ^
%Warning-ASSIGNDLY: /home/yong/ysyx/ysyx-workbench-rv32-interview/ysyxSoC/perip/uart16550/rtl/uart_regs.v:627:28: Ignoring timing control on this assignment/primitive due to --no-timing
                                                                                                                : ... note: In instance 'ysyxSoCFull.asic.luart.muart.Uregs'
  627 |     if (wb_rst_i) lsr1r <= #1 0;
      |                            ^
%Warning-ASSIGNDLY: /home/yong/ysyx/ysyx-workbench-rv32-interview/ysyxSoC/perip/uart16550/rtl/uart_regs.v:628:22: Ignoring timing control on this assignment/primitive due to --no-timing
                                                                                                                : ... note: In instance 'ysyxSoCFull.asic.luart.muart.Uregs'
  628 |     else    lsr1r <= #1    lsr_mask ? 0 : lsr1r || (lsr1 && ~lsr1_d);  
      |                      ^
%Warning-ASSIGNDLY: /home/yong/ysyx/ysyx-workbench-rv32-interview/ysyxSoC/perip/uart16550/rtl/uart_regs.v:634:29: Ignoring timing control on this assignment/primitive due to --no-timing
                                                                                                                : ... note: In instance 'ysyxSoCFull.asic.luart.muart.Uregs'
  634 |     if (wb_rst_i) lsr2_d <= #1 0;
      |                             ^
%Warning-ASSIGNDLY: /home/yong/ysyx/ysyx-workbench-rv32-interview/ysyxSoC/perip/uart16550/rtl/uart_regs.v:635:20: Ignoring timing control on this assignment/primitive due to --no-timing
                                                                                                                : ... note: In instance 'ysyxSoCFull.asic.luart.muart.Uregs'
  635 |     else lsr2_d <= #1 lsr2;
      |                    ^
%Warning-ASSIGNDLY: /home/yong/ysyx/ysyx-workbench-rv32-interview/ysyxSoC/perip/uart16550/rtl/uart_regs.v:638:28: Ignoring timing control on this assignment/primitive due to --no-timing
                                                                                                                : ... note: In instance 'ysyxSoCFull.asic.luart.muart.Uregs'
  638 |     if (wb_rst_i) lsr2r <= #1 0;
      |                            ^
%Warning-ASSIGNDLY: /home/yong/ysyx/ysyx-workbench-rv32-interview/ysyxSoC/perip/uart16550/rtl/uart_regs.v:639:19: Ignoring timing control on this assignment/primitive due to --no-timing
                                                                                                                : ... note: In instance 'ysyxSoCFull.asic.luart.muart.Uregs'
  639 |     else lsr2r <= #1 lsr_mask ? 0 : lsr2r || (lsr2 && ~lsr2_d);  
      |                   ^
%Warning-ASSIGNDLY: /home/yong/ysyx/ysyx-workbench-rv32-interview/ysyxSoC/perip/uart16550/rtl/uart_regs.v:645:29: Ignoring timing control on this assignment/primitive due to --no-timing
                                                                                                                : ... note: In instance 'ysyxSoCFull.asic.luart.muart.Uregs'
  645 |     if (wb_rst_i) lsr3_d <= #1 0;
      |                             ^
%Warning-ASSIGNDLY: /home/yong/ysyx/ysyx-workbench-rv32-interview/ysyxSoC/perip/uart16550/rtl/uart_regs.v:646:20: Ignoring timing control on this assignment/primitive due to --no-timing
                                                                                                                : ... note: In instance 'ysyxSoCFull.asic.luart.muart.Uregs'
  646 |     else lsr3_d <= #1 lsr3;
      |                    ^
%Warning-ASSIGNDLY: /home/yong/ysyx/ysyx-workbench-rv32-interview/ysyxSoC/perip/uart16550/rtl/uart_regs.v:649:28: Ignoring timing control on this assignment/primitive due to --no-timing
                                                                                                                : ... note: In instance 'ysyxSoCFull.asic.luart.muart.Uregs'
  649 |     if (wb_rst_i) lsr3r <= #1 0;
      |                            ^
%Warning-ASSIGNDLY: /home/yong/ysyx/ysyx-workbench-rv32-interview/ysyxSoC/perip/uart16550/rtl/uart_regs.v:650:19: Ignoring timing control on this assignment/primitive due to --no-timing
                                                                                                                : ... note: In instance 'ysyxSoCFull.asic.luart.muart.Uregs'
  650 |     else lsr3r <= #1 lsr_mask ? 0 : lsr3r || (lsr3 && ~lsr3_d);  
      |                   ^
%Warning-ASSIGNDLY: /home/yong/ysyx/ysyx-workbench-rv32-interview/ysyxSoC/perip/uart16550/rtl/uart_regs.v:656:29: Ignoring timing control on this assignment/primitive due to --no-timing
                                                                                                                : ... note: In instance 'ysyxSoCFull.asic.luart.muart.Uregs'
  656 |     if (wb_rst_i) lsr4_d <= #1 0;
      |                             ^
%Warning-ASSIGNDLY: /home/yong/ysyx/ysyx-workbench-rv32-interview/ysyxSoC/perip/uart16550/rtl/uart_regs.v:657:20: Ignoring timing control on this assignment/primitive due to --no-timing
                                                                                                                : ... note: In instance 'ysyxSoCFull.asic.luart.muart.Uregs'
  657 |     else lsr4_d <= #1 lsr4;
      |                    ^
%Warning-ASSIGNDLY: /home/yong/ysyx/ysyx-workbench-rv32-interview/ysyxSoC/perip/uart16550/rtl/uart_regs.v:660:28: Ignoring timing control on this assignment/primitive due to --no-timing
                                                                                                                : ... note: In instance 'ysyxSoCFull.asic.luart.muart.Uregs'
  660 |     if (wb_rst_i) lsr4r <= #1 0;
      |                            ^
%Warning-ASSIGNDLY: /home/yong/ysyx/ysyx-workbench-rv32-interview/ysyxSoC/perip/uart16550/rtl/uart_regs.v:661:19: Ignoring timing control on this assignment/primitive due to --no-timing
                                                                                                                : ... note: In instance 'ysyxSoCFull.asic.luart.muart.Uregs'
  661 |     else lsr4r <= #1 lsr_mask ? 0 : lsr4r || (lsr4 && ~lsr4_d);
      |                   ^
%Warning-ASSIGNDLY: /home/yong/ysyx/ysyx-workbench-rv32-interview/ysyxSoC/perip/uart16550/rtl/uart_regs.v:667:29: Ignoring timing control on this assignment/primitive due to --no-timing
                                                                                                                : ... note: In instance 'ysyxSoCFull.asic.luart.muart.Uregs'
  667 |     if (wb_rst_i) lsr5_d <= #1 1;
      |                             ^
%Warning-ASSIGNDLY: /home/yong/ysyx/ysyx-workbench-rv32-interview/ysyxSoC/perip/uart16550/rtl/uart_regs.v:668:20: Ignoring timing control on this assignment/primitive due to --no-timing
                                                                                                                : ... note: In instance 'ysyxSoCFull.asic.luart.muart.Uregs'
  668 |     else lsr5_d <= #1 lsr5;
      |                    ^
%Warning-ASSIGNDLY: /home/yong/ysyx/ysyx-workbench-rv32-interview/ysyxSoC/perip/uart16550/rtl/uart_regs.v:671:28: Ignoring timing control on this assignment/primitive due to --no-timing
                                                                                                                : ... note: In instance 'ysyxSoCFull.asic.luart.muart.Uregs'
  671 |     if (wb_rst_i) lsr5r <= #1 1;
      |                            ^
%Warning-ASSIGNDLY: /home/yong/ysyx/ysyx-workbench-rv32-interview/ysyxSoC/perip/uart16550/rtl/uart_regs.v:672:19: Ignoring timing control on this assignment/primitive due to --no-timing
                                                                                                                : ... note: In instance 'ysyxSoCFull.asic.luart.muart.Uregs'
  672 |     else lsr5r <= #1 (fifo_write) ? 0 :  lsr5r || (lsr5 && ~lsr5_d);
      |                   ^
%Warning-ASSIGNDLY: /home/yong/ysyx/ysyx-workbench-rv32-interview/ysyxSoC/perip/uart16550/rtl/uart_regs.v:678:29: Ignoring timing control on this assignment/primitive due to --no-timing
                                                                                                                : ... note: In instance 'ysyxSoCFull.asic.luart.muart.Uregs'
  678 |     if (wb_rst_i) lsr6_d <= #1 1;
      |                             ^
%Warning-ASSIGNDLY: /home/yong/ysyx/ysyx-workbench-rv32-interview/ysyxSoC/perip/uart16550/rtl/uart_regs.v:679:20: Ignoring timing control on this assignment/primitive due to --no-timing
                                                                                                                : ... note: In instance 'ysyxSoCFull.asic.luart.muart.Uregs'
  679 |     else lsr6_d <= #1 lsr6;
      |                    ^
%Warning-ASSIGNDLY: /home/yong/ysyx/ysyx-workbench-rv32-interview/ysyxSoC/perip/uart16550/rtl/uart_regs.v:682:28: Ignoring timing control on this assignment/primitive due to --no-timing
                                                                                                                : ... note: In instance 'ysyxSoCFull.asic.luart.muart.Uregs'
  682 |     if (wb_rst_i) lsr6r <= #1 1;
      |                            ^
%Warning-ASSIGNDLY: /home/yong/ysyx/ysyx-workbench-rv32-interview/ysyxSoC/perip/uart16550/rtl/uart_regs.v:683:19: Ignoring timing control on this assignment/primitive due to --no-timing
                                                                                                                : ... note: In instance 'ysyxSoCFull.asic.luart.muart.Uregs'
  683 |     else lsr6r <= #1 (fifo_write) ? 0 : lsr6r || (lsr6 && ~lsr6_d);
      |                   ^
%Warning-ASSIGNDLY: /home/yong/ysyx/ysyx-workbench-rv32-interview/ysyxSoC/perip/uart16550/rtl/uart_regs.v:689:29: Ignoring timing control on this assignment/primitive due to --no-timing
                                                                                                                : ... note: In instance 'ysyxSoCFull.asic.luart.muart.Uregs'
  689 |     if (wb_rst_i) lsr7_d <= #1 0;
      |                             ^
%Warning-ASSIGNDLY: /home/yong/ysyx/ysyx-workbench-rv32-interview/ysyxSoC/perip/uart16550/rtl/uart_regs.v:690:20: Ignoring timing control on this assignment/primitive due to --no-timing
                                                                                                                : ... note: In instance 'ysyxSoCFull.asic.luart.muart.Uregs'
  690 |     else lsr7_d <= #1 lsr7;
      |                    ^
%Warning-ASSIGNDLY: /home/yong/ysyx/ysyx-workbench-rv32-interview/ysyxSoC/perip/uart16550/rtl/uart_regs.v:693:28: Ignoring timing control on this assignment/primitive due to --no-timing
                                                                                                                : ... note: In instance 'ysyxSoCFull.asic.luart.muart.Uregs'
  693 |     if (wb_rst_i) lsr7r <= #1 0;
      |                            ^
%Warning-ASSIGNDLY: /home/yong/ysyx/ysyx-workbench-rv32-interview/ysyxSoC/perip/uart16550/rtl/uart_regs.v:694:19: Ignoring timing control on this assignment/primitive due to --no-timing
                                                                                                                : ... note: In instance 'ysyxSoCFull.asic.luart.muart.Uregs'
  694 |     else lsr7r <= #1 lsr_mask ? 0 : lsr7r || (lsr7 && ~lsr7_d);
      |                   ^
%Warning-ASSIGNDLY: /home/yong/ysyx/ysyx-workbench-rv32-interview/ysyxSoC/perip/uart16550/rtl/uart_regs.v:700:16: Ignoring timing control on this assignment/primitive due to --no-timing
                                                                                                                : ... note: In instance 'ysyxSoCFull.asic.luart.muart.Uregs'
  700 |         dlc <= #1 0;
      |                ^
%Warning-ASSIGNDLY: /home/yong/ysyx/ysyx-workbench-rv32-interview/ysyxSoC/perip/uart16550/rtl/uart_regs.v:703:20: Ignoring timing control on this assignment/primitive due to --no-timing
                                                                                                                : ... note: In instance 'ysyxSoCFull.asic.luart.muart.Uregs'
  703 |             dlc <= #1 dl - 1;                
      |                    ^
%Warning-ASSIGNDLY: /home/yong/ysyx/ysyx-workbench-rv32-interview/ysyxSoC/perip/uart16550/rtl/uart_regs.v:705:20: Ignoring timing control on this assignment/primitive due to --no-timing
                                                                                                                : ... note: In instance 'ysyxSoCFull.asic.luart.muart.Uregs'
  705 |             dlc <= #1 dlc - 1;               
      |                    ^
%Warning-ASSIGNDLY: /home/yong/ysyx/ysyx-workbench-rv32-interview/ysyxSoC/perip/uart16550/rtl/uart_regs.v:711:19: Ignoring timing control on this assignment/primitive due to --no-timing
                                                                                                                : ... note: In instance 'ysyxSoCFull.asic.luart.muart.Uregs'
  711 |         enable <= #1 1'b0;
      |                   ^
%Warning-ASSIGNDLY: /home/yong/ysyx/ysyx-workbench-rv32-interview/ysyxSoC/perip/uart16550/rtl/uart_regs.v:714:23: Ignoring timing control on this assignment/primitive due to --no-timing
                                                                                                                : ... note: In instance 'ysyxSoCFull.asic.luart.muart.Uregs'
  714 |             enable <= #1 1'b1;
      |                       ^
%Warning-ASSIGNDLY: /home/yong/ysyx/ysyx-workbench-rv32-interview/ysyxSoC/perip/uart16550/rtl/uart_regs.v:716:23: Ignoring timing control on this assignment/primitive due to --no-timing
                                                                                                                : ... note: In instance 'ysyxSoCFull.asic.luart.muart.Uregs'
  716 |             enable <= #1 1'b0;
      |                       ^
%Warning-ASSIGNDLY: /home/yong/ysyx/ysyx-workbench-rv32-interview/ysyxSoC/perip/uart16550/rtl/uart_regs.v:736:18: Ignoring timing control on this assignment/primitive due to --no-timing
                                                                                                                : ... note: In instance 'ysyxSoCFull.asic.luart.muart.Uregs'
  736 |     block_cnt <= #1 8'd0;
      |                  ^
%Warning-ASSIGNDLY: /home/yong/ysyx/ysyx-workbench-rv32-interview/ysyxSoC/perip/uart16550/rtl/uart_regs.v:739:18: Ignoring timing control on this assignment/primitive due to --no-timing
                                                                                                                : ... note: In instance 'ysyxSoCFull.asic.luart.muart.Uregs'
  739 |     block_cnt <= #1 block_value;
      |                  ^
%Warning-ASSIGNDLY: /home/yong/ysyx/ysyx-workbench-rv32-interview/ysyxSoC/perip/uart16550/rtl/uart_regs.v:742:18: Ignoring timing control on this assignment/primitive due to --no-timing
                                                                                                                : ... note: In instance 'ysyxSoCFull.asic.luart.muart.Uregs'
  742 |     block_cnt <= #1 block_cnt - 1;   
      |                  ^
%Warning-ASSIGNDLY: /home/yong/ysyx/ysyx-workbench-rv32-interview/ysyxSoC/perip/uart16550/rtl/uart_regs.v:767:32: Ignoring timing control on this assignment/primitive due to --no-timing
                                                                                                                : ... note: In instance 'ysyxSoCFull.asic.luart.muart.Uregs'
  767 |     if (wb_rst_i) rls_int_d <= #1 0;
      |                                ^
%Warning-ASSIGNDLY: /home/yong/ysyx/ysyx-workbench-rv32-interview/ysyxSoC/perip/uart16550/rtl/uart_regs.v:768:23: Ignoring timing control on this assignment/primitive due to --no-timing
                                                                                                                : ... note: In instance 'ysyxSoCFull.asic.luart.muart.Uregs'
  768 |     else rls_int_d <= #1 rls_int;
      |                       ^
%Warning-ASSIGNDLY: /home/yong/ysyx/ysyx-workbench-rv32-interview/ysyxSoC/perip/uart16550/rtl/uart_regs.v:771:32: Ignoring timing control on this assignment/primitive due to --no-timing
                                                                                                                : ... note: In instance 'ysyxSoCFull.asic.luart.muart.Uregs'
  771 |     if (wb_rst_i) rda_int_d <= #1 0;
      |                                ^
%Warning-ASSIGNDLY: /home/yong/ysyx/ysyx-workbench-rv32-interview/ysyxSoC/perip/uart16550/rtl/uart_regs.v:772:23: Ignoring timing control on this assignment/primitive due to --no-timing
                                                                                                                : ... note: In instance 'ysyxSoCFull.asic.luart.muart.Uregs'
  772 |     else rda_int_d <= #1 rda_int;
      |                       ^
%Warning-ASSIGNDLY: /home/yong/ysyx/ysyx-workbench-rv32-interview/ysyxSoC/perip/uart16550/rtl/uart_regs.v:775:33: Ignoring timing control on this assignment/primitive due to --no-timing
                                                                                                                : ... note: In instance 'ysyxSoCFull.asic.luart.muart.Uregs'
  775 |     if (wb_rst_i) thre_int_d <= #1 0;
      |                                 ^
%Warning-ASSIGNDLY: /home/yong/ysyx/ysyx-workbench-rv32-interview/ysyxSoC/perip/uart16550/rtl/uart_regs.v:776:24: Ignoring timing control on this assignment/primitive due to --no-timing
                                                                                                                : ... note: In instance 'ysyxSoCFull.asic.luart.muart.Uregs'
  776 |     else thre_int_d <= #1 thre_int;
      |                        ^
%Warning-ASSIGNDLY: /home/yong/ysyx/ysyx-workbench-rv32-interview/ysyxSoC/perip/uart16550/rtl/uart_regs.v:779:31: Ignoring timing control on this assignment/primitive due to --no-timing
                                                                                                                : ... note: In instance 'ysyxSoCFull.asic.luart.muart.Uregs'
  779 |     if (wb_rst_i) ms_int_d <= #1 0;
      |                               ^
%Warning-ASSIGNDLY: /home/yong/ysyx/ysyx-workbench-rv32-interview/ysyxSoC/perip/uart16550/rtl/uart_regs.v:780:22: Ignoring timing control on this assignment/primitive due to --no-timing
                                                                                                                : ... note: In instance 'ysyxSoCFull.asic.luart.muart.Uregs'
  780 |     else ms_int_d <= #1 ms_int;
      |                      ^
%Warning-ASSIGNDLY: /home/yong/ysyx/ysyx-workbench-rv32-interview/ysyxSoC/perip/uart16550/rtl/uart_regs.v:783:31: Ignoring timing control on this assignment/primitive due to --no-timing
                                                                                                                : ... note: In instance 'ysyxSoCFull.asic.luart.muart.Uregs'
  783 |     if (wb_rst_i) ti_int_d <= #1 0;
      |                               ^
%Warning-ASSIGNDLY: /home/yong/ysyx/ysyx-workbench-rv32-interview/ysyxSoC/perip/uart16550/rtl/uart_regs.v:784:22: Ignoring timing control on this assignment/primitive due to --no-timing
                                                                                                                : ... note: In instance 'ysyxSoCFull.asic.luart.muart.Uregs'
  784 |     else ti_int_d <= #1 ti_int;
      |                      ^
%Warning-ASSIGNDLY: /home/yong/ysyx/ysyx-workbench-rv32-interview/ysyxSoC/perip/uart16550/rtl/uart_regs.v:809:34: Ignoring timing control on this assignment/primitive due to --no-timing
                                                                                                                : ... note: In instance 'ysyxSoCFull.asic.luart.muart.Uregs'
  809 |     if (wb_rst_i) rls_int_pnd <= #1 0;
      |                                  ^
%Warning-ASSIGNDLY: /home/yong/ysyx/ysyx-workbench-rv32-interview/ysyxSoC/perip/uart16550/rtl/uart_regs.v:811:24: Ignoring timing control on this assignment/primitive due to --no-timing
                                                                                                                : ... note: In instance 'ysyxSoCFull.asic.luart.muart.Uregs'
  811 |         rls_int_pnd <= #1 lsr_mask ? 0 :                           
      |                        ^
%Warning-ASSIGNDLY: /home/yong/ysyx/ysyx-workbench-rv32-interview/ysyxSoC/perip/uart16550/rtl/uart_regs.v:816:34: Ignoring timing control on this assignment/primitive due to --no-timing
                                                                                                                : ... note: In instance 'ysyxSoCFull.asic.luart.muart.Uregs'
  816 |     if (wb_rst_i) rda_int_pnd <= #1 0;
      |                                  ^
%Warning-ASSIGNDLY: /home/yong/ysyx/ysyx-workbench-rv32-interview/ysyxSoC/perip/uart16550/rtl/uart_regs.v:818:24: Ignoring timing control on this assignment/primitive due to --no-timing
                                                                                                                : ... note: In instance 'ysyxSoCFull.asic.luart.muart.Uregs'
  818 |         rda_int_pnd <= #1 ((rf_count == {1'b0,trigger_level}) && fifo_read) ? 0 :       
      |                        ^
%Warning-ASSIGNDLY: /home/yong/ysyx/ysyx-workbench-rv32-interview/ysyxSoC/perip/uart16550/rtl/uart_regs.v:823:35: Ignoring timing control on this assignment/primitive due to --no-timing
                                                                                                                : ... note: In instance 'ysyxSoCFull.asic.luart.muart.Uregs'
  823 |     if (wb_rst_i) thre_int_pnd <= #1 0;
      |                                   ^
%Warning-ASSIGNDLY: /home/yong/ysyx/ysyx-workbench-rv32-interview/ysyxSoC/perip/uart16550/rtl/uart_regs.v:825:25: Ignoring timing control on this assignment/primitive due to --no-timing
                                                                                                                : ... note: In instance 'ysyxSoCFull.asic.luart.muart.Uregs'
  825 |         thre_int_pnd <= #1 fifo_write || (iir_read & ~iir[0] & iir[3:1] == 3'b001)? 0 :
      |                         ^
%Warning-ASSIGNDLY: /home/yong/ysyx/ysyx-workbench-rv32-interview/ysyxSoC/perip/uart16550/rtl/uart_regs.v:830:33: Ignoring timing control on this assignment/primitive due to --no-timing
                                                                                                                : ... note: In instance 'ysyxSoCFull.asic.luart.muart.Uregs'
  830 |     if (wb_rst_i) ms_int_pnd <= #1 0;
      |                                 ^
%Warning-ASSIGNDLY: /home/yong/ysyx/ysyx-workbench-rv32-interview/ysyxSoC/perip/uart16550/rtl/uart_regs.v:832:23: Ignoring timing control on this assignment/primitive due to --no-timing
                                                                                                                : ... note: In instance 'ysyxSoCFull.asic.luart.muart.Uregs'
  832 |         ms_int_pnd <= #1 msr_read ? 0 :
      |                       ^
%Warning-ASSIGNDLY: /home/yong/ysyx/ysyx-workbench-rv32-interview/ysyxSoC/perip/uart16550/rtl/uart_regs.v:837:33: Ignoring timing control on this assignment/primitive due to --no-timing
                                                                                                                : ... note: In instance 'ysyxSoCFull.asic.luart.muart.Uregs'
  837 |     if (wb_rst_i) ti_int_pnd <= #1 0;
      |                                 ^
%Warning-ASSIGNDLY: /home/yong/ysyx/ysyx-workbench-rv32-interview/ysyxSoC/perip/uart16550/rtl/uart_regs.v:839:23: Ignoring timing control on this assignment/primitive due to --no-timing
                                                                                                                : ... note: In instance 'ysyxSoCFull.asic.luart.muart.Uregs'
  839 |         ti_int_pnd <= #1 fifo_read ? 0 :
      |                       ^
%Warning-ASSIGNDLY: /home/yong/ysyx/ysyx-workbench-rv32-interview/ysyxSoC/perip/uart16550/rtl/uart_regs.v:848:18: Ignoring timing control on this assignment/primitive due to --no-timing
                                                                                                                : ... note: In instance 'ysyxSoCFull.asic.luart.muart.Uregs'
  848 |         int_o <= #1 1'b0;
      |                  ^
%Warning-ASSIGNDLY: /home/yong/ysyx/ysyx-workbench-rv32-interview/ysyxSoC/perip/uart16550/rtl/uart_regs.v:850:18: Ignoring timing control on this assignment/primitive due to --no-timing
                                                                                                                : ... note: In instance 'ysyxSoCFull.asic.luart.muart.Uregs'
  850 |         int_o <= #1
      |                  ^
%Warning-ASSIGNDLY: /home/yong/ysyx/ysyx-workbench-rv32-interview/ysyxSoC/perip/uart16550/rtl/uart_regs.v:864:16: Ignoring timing control on this assignment/primitive due to --no-timing
                                                                                                                : ... note: In instance 'ysyxSoCFull.asic.luart.muart.Uregs'
  864 |         iir <= #1 1;
      |                ^
%Warning-ASSIGNDLY: /home/yong/ysyx/ysyx-workbench-rv32-interview/ysyxSoC/perip/uart16550/rtl/uart_regs.v:868:21: Ignoring timing control on this assignment/primitive due to --no-timing
                                                                                                                : ... note: In instance 'ysyxSoCFull.asic.luart.muart.Uregs'
  868 |         iir[3:1] <= #1 3'b011;     
      |                     ^
%Warning-ASSIGNDLY: /home/yong/ysyx/ysyx-workbench-rv32-interview/ysyxSoC/perip/uart16550/rtl/uart_regs.v:869:19: Ignoring timing control on this assignment/primitive due to --no-timing
                                                                                                                : ... note: In instance 'ysyxSoCFull.asic.luart.muart.Uregs'
  869 |         iir[0] <= #1 1'b0;         
      |                   ^
%Warning-ASSIGNDLY: /home/yong/ysyx/ysyx-workbench-rv32-interview/ysyxSoC/perip/uart16550/rtl/uart_regs.v:873:21: Ignoring timing control on this assignment/primitive due to --no-timing
                                                                                                                : ... note: In instance 'ysyxSoCFull.asic.luart.muart.Uregs'
  873 |         iir[3:1] <= #1 3'b010;
      |                     ^
%Warning-ASSIGNDLY: /home/yong/ysyx/ysyx-workbench-rv32-interview/ysyxSoC/perip/uart16550/rtl/uart_regs.v:874:19: Ignoring timing control on this assignment/primitive due to --no-timing
                                                                                                                : ... note: In instance 'ysyxSoCFull.asic.luart.muart.Uregs'
  874 |         iir[0] <= #1 1'b0;
      |                   ^
%Warning-ASSIGNDLY: /home/yong/ysyx/ysyx-workbench-rv32-interview/ysyxSoC/perip/uart16550/rtl/uart_regs.v:878:21: Ignoring timing control on this assignment/primitive due to --no-timing
                                                                                                                : ... note: In instance 'ysyxSoCFull.asic.luart.muart.Uregs'
  878 |         iir[3:1] <= #1 3'b110;
      |                     ^
%Warning-ASSIGNDLY: /home/yong/ysyx/ysyx-workbench-rv32-interview/ysyxSoC/perip/uart16550/rtl/uart_regs.v:879:19: Ignoring timing control on this assignment/primitive due to --no-timing
                                                                                                                : ... note: In instance 'ysyxSoCFull.asic.luart.muart.Uregs'
  879 |         iir[0] <= #1 1'b0;
      |                   ^
%Warning-ASSIGNDLY: /home/yong/ysyx/ysyx-workbench-rv32-interview/ysyxSoC/perip/uart16550/rtl/uart_regs.v:883:21: Ignoring timing control on this assignment/primitive due to --no-timing
                                                                                                                : ... note: In instance 'ysyxSoCFull.asic.luart.muart.Uregs'
  883 |         iir[3:1] <= #1 3'b001;
      |                     ^
%Warning-ASSIGNDLY: /home/yong/ysyx/ysyx-workbench-rv32-interview/ysyxSoC/perip/uart16550/rtl/uart_regs.v:884:19: Ignoring timing control on this assignment/primitive due to --no-timing
                                                                                                                : ... note: In instance 'ysyxSoCFull.asic.luart.muart.Uregs'
  884 |         iir[0] <= #1 1'b0;
      |                   ^
%Warning-ASSIGNDLY: /home/yong/ysyx/ysyx-workbench-rv32-interview/ysyxSoC/perip/uart16550/rtl/uart_regs.v:888:21: Ignoring timing control on this assignment/primitive due to --no-timing
                                                                                                                : ... note: In instance 'ysyxSoCFull.asic.luart.muart.Uregs'
  888 |         iir[3:1] <= #1 3'b000;
      |                     ^
%Warning-ASSIGNDLY: /home/yong/ysyx/ysyx-workbench-rv32-interview/ysyxSoC/perip/uart16550/rtl/uart_regs.v:889:19: Ignoring timing control on this assignment/primitive due to --no-timing
                                                                                                                : ... note: In instance 'ysyxSoCFull.asic.luart.muart.Uregs'
  889 |         iir[0] <= #1 1'b0;
      |                   ^
%Warning-ASSIGNDLY: /home/yong/ysyx/ysyx-workbench-rv32-interview/ysyxSoC/perip/uart16550/rtl/uart_regs.v:892:21: Ignoring timing control on this assignment/primitive due to --no-timing
                                                                                                                : ... note: In instance 'ysyxSoCFull.asic.luart.muart.Uregs'
  892 |         iir[3:1] <= #1 0;
      |                     ^
%Warning-ASSIGNDLY: /home/yong/ysyx/ysyx-workbench-rv32-interview/ysyxSoC/perip/uart16550/rtl/uart_regs.v:893:19: Ignoring timing control on this assignment/primitive due to --no-timing
                                                                                                                : ... note: In instance 'ysyxSoCFull.asic.luart.muart.Uregs'
  893 |         iir[0] <= #1 1'b1;
      |                   ^
%Warning-ASSIGNDLY: /home/yong/ysyx/ysyx-workbench-rv32-interview/ysyxSoC/perip/uart16550/rtl/uart_top_apb.v:49:34: Ignoring timing control on this assignment/primitive due to --no-timing
                                                                                                                  : ... note: In instance 'ysyxSoCFull.asic.luart.muart'
   49 |              2'b00: reg_dat8_w = #1 in_pwdata[7:0];
      |                                  ^
%Warning-ASSIGNDLY: /home/yong/ysyx/ysyx-workbench-rv32-interview/ysyxSoC/perip/uart16550/rtl/uart_top_apb.v:50:34: Ignoring timing control on this assignment/primitive due to --no-timing
                                                                                                                  : ... note: In instance 'ysyxSoCFull.asic.luart.muart'
   50 |              2'b01: reg_dat8_w = #1 in_pwdata[15:8];
      |                                  ^
%Warning-ASSIGNDLY: /home/yong/ysyx/ysyx-workbench-rv32-interview/ysyxSoC/perip/uart16550/rtl/uart_top_apb.v:51:34: Ignoring timing control on this assignment/primitive due to --no-timing
                                                                                                                  : ... note: In instance 'ysyxSoCFull.asic.luart.muart'
   51 |              2'b10: reg_dat8_w = #1 in_pwdata[23:16];
      |                                  ^
%Warning-ASSIGNDLY: /home/yong/ysyx/ysyx-workbench-rv32-interview/ysyxSoC/perip/uart16550/rtl/uart_top_apb.v:52:34: Ignoring timing control on this assignment/primitive due to --no-timing
                                                                                                                  : ... note: In instance 'ysyxSoCFull.asic.luart.muart'
   52 |              2'b11: reg_dat8_w = #1 in_pwdata[31:24];
      |                                  ^
%Warning-WIDTHTRUNC: /home/yong/ysyx/ysyx-workbench-rv32-interview/ysyxSoC/perip/gpio/gpio_top_apb.v:50:27: Operator ASSIGNDLY expects 8 bits on the Assign RHS, but Assign RHS's VARREF 'in_pwdata' generates 32 bits.
                                                                                                          : ... note: In instance 'ysyxSoCFull.asic.lgpio.mgpio'
   50 |         led_output_q[7:0] <= in_pwdata;
      |                           ^~
                     ... For warning description see https://verilator.org/warn/WIDTHTRUNC?v=5.043
                     ... Use "/* verilator lint_off WIDTHTRUNC */" and lint_on around source to disable this message.
%Warning-UNUSEDSIGNAL: /home/yong/ysyx/ysyx-workbench-rv32-interview/ysyxSoC/build/ysyxSoCFull.v:6597:15: Bits of signal are not used: '_asic_spi_ss'[6:1]
                                                                                                        : ... note: In instance 'ysyxSoCFull'
 6597 |   wire [7:0]  _asic_spi_ss;  
      |               ^~~~~~~~~~~~
                       ... For warning description see https://verilator.org/warn/UNUSEDSIGNAL?v=5.043
                       ... Use "/* verilator lint_off UNUSEDSIGNAL */" and lint_on around source to disable this message.
%Warning-UNUSEDSIGNAL: /home/yong/ysyx/ysyx-workbench-rv32-interview/ysyxSoC/perip/bitrev/bitrev.v:11:13: Bits of signal are not used: 'rx_shift'[7]
                                                                                                        : ... note: In instance 'ysyxSoCFull.bitrev'
   11 |   reg [7:0] rx_shift;
      |             ^~~~~~~~
%Warning-UNUSEDSIGNAL: /home/yong/ysyx/ysyx-workbench-rv32-interview/ysyxSoC/perip/flash/flash.v:18:14: Bits of signal are not used: 'addr'[23]
                                                                                                      : ... note: In instance 'ysyxSoCFull.flash'
   18 |   reg [23:0] addr;
      |              ^~~~
%Warning-UNUSEDSIGNAL: /home/yong/ysyx/ysyx-workbench-rv32-interview/ysyxSoC/build/ysyxSoCFull.v:288:15: Bits of signal are not used: '_requestARIO_T_11'[2]
                                                                                                       : ... note: In instance 'ysyxSoCFull.asic.axi4xbar'
  288 |   wire [3:0]  _requestARIO_T_11 = auto_anon_in_araddr[31:28] ^ 4'hA;  
      |               ^~~~~~~~~~~~~~~~~
%Warning-UNUSEDSIGNAL: /home/yong/ysyx/ysyx-workbench-rv32-interview/ysyxSoC/build/ysyxSoCFull.v:293:15: Bits of signal are not used: '_requestAWIO_T_11'[2]
                                                                                                       : ... note: In instance 'ysyxSoCFull.asic.axi4xbar'
  293 |   wire [3:0]  _requestAWIO_T_11 = auto_anon_in_awaddr[31:28] ^ 4'hA;  
      |               ^~~~~~~~~~~~~~~~~
%Warning-UNUSEDSIGNAL: /home/yong/ysyx/ysyx-workbench-rv32-interview/ysyxSoC/build/ysyxSoCFull.v:1212:30: Signal is not driven, nor used: '_RANDOM'
                                                                                                        : ... note: In instance 'ysyxSoCFull.asic.axi4xbar'
 1212 |       automatic logic [31:0] _RANDOM[0:4];  
      |                              ^~~~~~~
%Warning-UNUSEDSIGNAL: /home/yong/ysyx/ysyx-workbench-rv32-interview/ysyxSoC/build/ysyxSoCFull.v:1573:15: Bits of signal are not used: '_GEN'[3:1]
                                                                                                        : ... note: In instance 'ysyxSoCFull.asic.axi4xbar_1'
 1573 |   wire [5:0]  _GEN = auto_anon_in_araddr[29:24] ^ 6'h21;  
      |               ^~~~
%Warning-UNUSEDSIGNAL: /home/yong/ysyx/ysyx-workbench-rv32-interview/ysyxSoC/build/ysyxSoCFull.v:1581:15: Bits of signal are not used: '_GEN_0'[3:1]
                                                                                                        : ... note: In instance 'ysyxSoCFull.asic.axi4xbar_1'
 1581 |   wire [5:0]  _GEN_0 = auto_anon_in_awaddr[29:24] ^ 6'h21;  
      |               ^~~~~~
%Warning-UNUSEDSIGNAL: /home/yong/ysyx/ysyx-workbench-rv32-interview/ysyxSoC/build/ysyxSoCFull.v:2296:30: Signal is not driven, nor used: '_RANDOM'
                                                                                                        : ... note: In instance 'ysyxSoCFull.asic.axi4xbar_1'
 2296 |       automatic logic [31:0] _RANDOM[0:3];  
      |                              ^~~~~~~
%Warning-UNUSEDSIGNAL: /home/yong/ysyx/ysyx-workbench-rv32-interview/ysyxSoC/build/ysyxSoCFull.v:2493:15: Bits of signal are not used: '_GEN'[15:2]
                                                                                                        : ... note: In instance 'ysyxSoCFull.asic.apbxbar'
 2493 |   wire [16:0] _GEN = auto_anon_in_paddr[28:12] ^ 17'h10001;  
      |               ^~~~
%Warning-UNUSEDSIGNAL: /home/yong/ysyx/ysyx-workbench-rv32-interview/ysyxSoC/build/ysyxSoCFull.v:2503:15: Bits of signal are not used: '_GEN_0'[15:2]
                                                                                                        : ... note: In instance 'ysyxSoCFull.asic.apbxbar'
 2503 |   wire [16:0] _GEN_0 = auto_anon_in_paddr[28:12] ^ 17'h10002;  
      |               ^~~~~~
%Warning-UNUSEDSIGNAL: /home/yong/ysyx/ysyx-workbench-rv32-interview/ysyxSoC/build/ysyxSoCFull.v:2506:15: Bits of signal are not used: '_GEN_1'[15:5,3:2]
                                                                                                        : ... note: In instance 'ysyxSoCFull.asic.apbxbar'
 2506 |   wire [16:0] _GEN_1 = auto_anon_in_paddr[28:12] ^ 17'h10011;  
      |               ^~~~~~
%Warning-UNUSEDSIGNAL: /home/yong/ysyx/ysyx-workbench-rv32-interview/ysyxSoC/build/ysyxSoCFull.v:2959:30: Signal is not driven, nor used: '_RANDOM'
                                                                                                        : ... note: In instance 'ysyxSoCFull.asic.lmrom'
 2959 |       automatic logic [31:0] _RANDOM[0:1];  
      |                              ^~~~~~~
%Warning-UNUSEDSIGNAL: /home/yong/ysyx/ysyx-workbench-rv32-interview/ysyxSoC/build/ysyxSoCFull.v:3046:17: Bits of signal are not used: 'auto_in_awaddr'[1:0]
                                                                                                        : ... note: In instance 'ysyxSoCFull.asic.axi4ram'
 3046 |   input  [27:0] auto_in_awaddr,  
      |                 ^~~~~~~~~~~~~~
%Warning-UNUSEDSIGNAL: /home/yong/ysyx/ysyx-workbench-rv32-interview/ysyxSoC/build/ysyxSoCFull.v:3058:17: Bits of signal are not used: 'auto_in_araddr'[1:0]
                                                                                                        : ... note: In instance 'ysyxSoCFull.asic.axi4ram'
 3058 |   input  [27:0] auto_in_araddr,  
      |                 ^~~~~~~~~~~~~~
%Warning-UNUSEDSIGNAL: /home/yong/ysyx/ysyx-workbench-rv32-interview/ysyxSoC/build/ysyxSoCFull.v:3113:30: Signal is not driven, nor used: '_RANDOM'
                                                                                                        : ... note: In instance 'ysyxSoCFull.asic.axi4ram'
 3113 |       automatic logic [31:0] _RANDOM[0:1];  
      |                              ^~~~~~~
%Warning-UNUSEDSIGNAL: /home/yong/ysyx/ysyx-workbench-rv32-interview/ysyxSoC/build/ysyxSoCFull.v:3382:30: Signal is not driven, nor used: '_RANDOM'
                                                                                                        : ... note: In instance 'ysyxSoCFull.asic.axi42apb'
 3382 |       automatic logic [31:0] _RANDOM[0:4];  
      |                              ^~~~~~~
%Warning-UNUSEDSIGNAL: /home/yong/ysyx/ysyx-workbench-rv32-interview/ysyxSoC/build/ysyxSoCFull.v:5032:20: Bits of signal are not used: '_out_bits_addr_T_1'[8:2]
                                                                                                        : ... note: In instance 'ysyxSoCFull.asic.axi4frag'
 5032 |   wire [8:0]       _out_bits_addr_T_1 = 9'h3 << _deq_q_io_deq_bits_size;  
      |                    ^~~~~~~~~~~~~~~~~~
%Warning-UNUSEDSIGNAL: /home/yong/ysyx/ysyx-workbench-rv32-interview/ysyxSoC/build/ysyxSoCFull.v:5039:20: Bits of signal are not used: '_out_bits_addr_T_7'[8:2]
                                                                                                        : ... note: In instance 'ysyxSoCFull.asic.axi4frag'
 5039 |   wire [8:0]       _out_bits_addr_T_7 = 9'h3 << _deq_q_1_io_deq_bits_size;  
      |                    ^~~~~~~~~~~~~~~~~~
%Warning-UNUSEDSIGNAL: /home/yong/ysyx/ysyx-workbench-rv32-interview/ysyxSoC/build/ysyxSoCFull.v:5181:30: Bits of signal are not used: '_wrapMask_T_1'[7:0]
                                                                                                        : ... note: In instance 'ysyxSoCFull.asic.axi4frag'
 5181 |       automatic logic [22:0] _wrapMask_T_1 =
      |                              ^~~~~~~~~~~~~
%Warning-UNUSEDSIGNAL: /home/yong/ysyx/ysyx-workbench-rv32-interview/ysyxSoC/build/ysyxSoCFull.v:5196:30: Bits of signal are not used: '_wrapMask_T_3'[7:0]
                                                                                                        : ... note: In instance 'ysyxSoCFull.asic.axi4frag'
 5196 |       automatic logic [22:0] _wrapMask_T_3 =
      |                              ^~~~~~~~~~~~~
%Warning-UNUSEDSIGNAL: /home/yong/ysyx/ysyx-workbench-rv32-interview/ysyxSoC/build/ysyxSoCFull.v:5214:30: Signal is not driven, nor used: '_RANDOM'
                                                                                                        : ... note: In instance 'ysyxSoCFull.asic.axi4frag'
 5214 |       automatic logic [31:0] _RANDOM[0:3];  
      |                              ^~~~~~~
%Warning-UNUSEDSIGNAL: /home/yong/ysyx/ysyx-workbench-rv32-interview/ysyxSoC/perip/gpio/gpio_top_apb.v:4:19: Bits of signal are not used: 'in_paddr'[31:4]
                                                                                                           : ... note: In instance 'ysyxSoCFull.asic.lgpio.mgpio'
    4 |     input  [31:0] in_paddr,
      |                   ^~~~~~~~
%Warning-UNUSEDSIGNAL: /home/yong/ysyx/ysyx-workbench-rv32-interview/ysyxSoC/perip/gpio/gpio_top_apb.v:7:19: Signal is not used: 'in_pprot'
                                                                                                           : ... note: In instance 'ysyxSoCFull.asic.lgpio.mgpio'
    7 |     input  [ 2:0] in_pprot,
      |                   ^~~~~~~~
%Warning-UNUSEDSIGNAL: /home/yong/ysyx/ysyx-workbench-rv32-interview/ysyxSoC/perip/ps2/ps2_top_apb.v:4:17: Bits of signal are not used: 'in_paddr'[31:3]
                                                                                                         : ... note: In instance 'ysyxSoCFull.asic.lkeyboard.mps2'
    4 |   input  [31:0] in_paddr,
      |                 ^~~~~~~~
%Warning-UNUSEDSIGNAL: /home/yong/ysyx/ysyx-workbench-rv32-interview/ysyxSoC/perip/ps2/ps2_top_apb.v:7:17: Signal is not used: 'in_pprot'
                                                                                                         : ... note: In instance 'ysyxSoCFull.asic.lkeyboard.mps2'
    7 |   input  [2:0]  in_pprot,
      |                 ^~~~~~~~
%Warning-UNUSEDSIGNAL: /home/yong/ysyx/ysyx-workbench-rv32-interview/ysyxSoC/perip/ps2/ps2_top_apb.v:9:17: Signal is not used: 'in_pwdata'
                                                                                                         : ... note: In instance 'ysyxSoCFull.asic.lkeyboard.mps2'
    9 |   input  [31:0] in_pwdata,
      |                 ^~~~~~~~~
%Warning-UNUSEDSIGNAL: /home/yong/ysyx/ysyx-workbench-rv32-interview/ysyxSoC/perip/ps2/ps2_top_apb.v:10:17: Signal is not used: 'in_pstrb'
                                                                                                          : ... note: In instance 'ysyxSoCFull.asic.lkeyboard.mps2'
   10 |   input  [3:0]  in_pstrb,
      |                 ^~~~~~~~
%Warning-UNUSEDSIGNAL: /home/yong/ysyx/ysyx-workbench-rv32-interview/ysyxSoC/perip/psram/psram_top_apb.v:6:17: Signal is not used: 'in_penable'
                                                                                                             : ... note: In instance 'ysyxSoCFull.asic.lpsram.mpsram'
    6 |   input         in_penable,
      |                 ^~~~~~~~~~
%Warning-UNUSEDSIGNAL: /home/yong/ysyx/ysyx-workbench-rv32-interview/ysyxSoC/perip/psram/psram_top_apb.v:7:17: Signal is not used: 'in_pprot'
                                                                                                             : ... note: In instance 'ysyxSoCFull.asic.lpsram.mpsram'
    7 |   input  [2:0]  in_pprot,
      |                 ^~~~~~~~
%Warning-UNUSEDPARAM: /home/yong/ysyx/ysyx-workbench-rv32-interview/ysyxSoC/perip/spi/rtl/spi_top_apb.v:5:15: Parameter is not used: 'flash_addr_start'
                                                                                                            : ... note: In instance 'ysyxSoCFull.asic.lspi.mspi'
    5 |     parameter flash_addr_start = 32'h30000000,
      |               ^~~~~~~~~~~~~~~~
                      ... For warning description see https://verilator.org/warn/UNUSEDPARAM?v=5.043
                      ... Use "/* verilator lint_off UNUSEDPARAM */" and lint_on around source to disable this message.
%Warning-UNUSEDPARAM: /home/yong/ysyx/ysyx-workbench-rv32-interview/ysyxSoC/perip/spi/rtl/spi_top_apb.v:6:15: Parameter is not used: 'flash_addr_end'
                                                                                                            : ... note: In instance 'ysyxSoCFull.asic.lspi.mspi'
    6 |     parameter flash_addr_end   = 32'h3fffffff,
      |               ^~~~~~~~~~~~~~
%Warning-UNUSEDSIGNAL: /home/yong/ysyx/ysyx-workbench-rv32-interview/ysyxSoC/perip/spi/rtl/spi_top_apb.v:10:19: Signal is not used: 'reset'
                                                                                                              : ... note: In instance 'ysyxSoCFull.asic.lspi.mspi'
   10 |     input         reset,
      |                   ^~~~~
%Warning-UNUSEDSIGNAL: /home/yong/ysyx/ysyx-workbench-rv32-interview/ysyxSoC/perip/spi/rtl/spi_top_apb.v:11:19: Bits of signal are not used: 'in_paddr'[31:24,1:0]
                                                                                                              : ... note: In instance 'ysyxSoCFull.asic.lspi.mspi'
   11 |     input  [31:0] in_paddr,
      |                   ^~~~~~~~
%Warning-UNUSEDSIGNAL: /home/yong/ysyx/ysyx-workbench-rv32-interview/ysyxSoC/perip/spi/rtl/spi_top_apb.v:14:19: Signal is not used: 'in_pprot'
                                                                                                              : ... note: In instance 'ysyxSoCFull.asic.lspi.mspi'
   14 |     input  [ 2:0] in_pprot,
      |                   ^~~~~~~~
%Warning-UNUSEDSIGNAL: /home/yong/ysyx/ysyx-workbench-rv32-interview/ysyxSoC/perip/spi/rtl/spi_top_apb.v:16:19: Signal is not used: 'in_pwdata'
                                                                                                              : ... note: In instance 'ysyxSoCFull.asic.lspi.mspi'
   16 |     input  [31:0] in_pwdata,
      |                   ^~~~~~~~~
%Warning-UNUSEDSIGNAL: /home/yong/ysyx/ysyx-workbench-rv32-interview/ysyxSoC/perip/spi/rtl/spi_top_apb.v:17:19: Signal is not used: 'in_pstrb'
                                                                                                              : ... note: In instance 'ysyxSoCFull.asic.lspi.mspi'
   17 |     input  [ 3:0] in_pstrb,
      |                   ^~~~~~~~
%Warning-UNUSEDSIGNAL: /home/yong/ysyx/ysyx-workbench-rv32-interview/ysyxSoC/perip/spi/rtl/spi_top_apb.v:25:29: Signal is not used: 'spi_miso'
                                                                                                              : ... note: In instance 'ysyxSoCFull.asic.lspi.mspi'
   25 |     input                   spi_miso,
      |                             ^~~~~~~~
%Warning-UNUSEDSIGNAL: /home/yong/ysyx/ysyx-workbench-rv32-interview/ysyxSoC/perip/uart16550/rtl/uart_top_apb.v:6:29: Signal is not used: 'in_pprot'
                                                                                                                    : ... note: In instance 'ysyxSoCFull.asic.luart.muart'
    6 |      , input   wire [2:0]   in_pprot
      |                             ^~~~~~~~
%Warning-UNUSEDSIGNAL: /home/yong/ysyx/ysyx-workbench-rv32-interview/ysyxSoC/perip/uart16550/rtl/uart_top_apb.v:9:28: Bits of signal are not used: 'in_paddr'[31:3]
                                                                                                                    : ... note: In instance 'ysyxSoCFull.asic.luart.muart'
    9 |      , input   wire [31:0] in_paddr
      |                            ^~~~~~~~
%Warning-UNUSEDSIGNAL: /home/yong/ysyx/ysyx-workbench-rv32-interview/ysyxSoC/perip/uart16550/rtl/uart_top_apb.v:13:28: Signal is not used: 'in_pstrb'
                                                                                                                     : ... note: In instance 'ysyxSoCFull.asic.luart.muart'
   13 |      , input   wire [3:0]  in_pstrb
      |                            ^~~~~~~~
%Warning-UNUSEDSIGNAL: /home/yong/ysyx/ysyx-workbench-rv32-interview/ysyxSoC/perip/uart16550/rtl/uart_top_apb.v:18:11: Signal is not used: 'rtsn'
                                                                                                                     : ... note: In instance 'ysyxSoCFull.asic.luart.muart'
   18 |    wire   rtsn;
      |           ^~~~
%Warning-UNUSEDSIGNAL: /home/yong/ysyx/ysyx-workbench-rv32-interview/ysyxSoC/perip/uart16550/rtl/uart_top_apb.v:20:11: Signal is not used: 'dtr_pad_o'
                                                                                                                     : ... note: In instance 'ysyxSoCFull.asic.luart.muart'
   20 |    wire   dtr_pad_o;
      |           ^~~~~~~~~
%Warning-UNUSEDSIGNAL: /home/yong/ysyx/ysyx-workbench-rv32-interview/ysyxSoC/perip/uart16550/rtl/uart_top_apb.v:24:11: Signal is not used: 'interrupt'
                                                                                                                     : ... note: In instance 'ysyxSoCFull.asic.luart.muart'
   24 |    wire   interrupt;
      |           ^~~~~~~~~
%Warning-UNUSEDSIGNAL: /home/yong/ysyx/ysyx-workbench-rv32-interview/ysyxSoC/perip/vga/vga_top_apb.v:7:17: Signal is not used: 'in_pprot'
                                                                                                         : ... note: In instance 'ysyxSoCFull.asic.lvga.mvga'
    7 |   input  [2:0]  in_pprot,
      |                 ^~~~~~~~
%Warning-UNUSEDSIGNAL: /home/yong/ysyx/ysyx-workbench-rv32-interview/ysyxSoC/perip/vga/vga_top_apb.v:105:15: Bits of signal are not used: 'scan_pixel_data'[31:24]
                                                                                                           : ... note: In instance 'ysyxSoCFull.asic.lvga.mvga'
  105 |   wire [31:0] scan_pixel_data;
      |               ^~~~~~~~~~~~~~~
%Warning-UNUSEDSIGNAL: /home/yong/ysyx/ysyx-workbench-rv32-interview/ysyxSoC/build/ysyxSoCFull.v:132:30: Signal is not driven, nor used: '_RANDOM'
                                                                                                       : ... note: In instance 'ysyxSoCFull.asic.axi4xbar.awIn_0'
  132 |       automatic logic [31:0] _RANDOM[0:0];  
      |                              ^~~~~~~
%Warning-UNUSEDSIGNAL: /home/yong/ysyx/ysyx-workbench-rv32-interview/ysyxSoC/build/ysyxSoCFull.v:1441:30: Signal is not driven, nor used: '_RANDOM'
                                                                                                        : ... note: In instance 'ysyxSoCFull.asic.axi4xbar_1.awIn_0'
 1441 |       automatic logic [31:0] _RANDOM[0:0];  
      |                              ^~~~~~~
%Warning-UNUSEDSIGNAL: /home/yong/ysyx/ysyx-workbench-rv32-interview/ysyxSoC/build/ysyxSoCFull.v:3021:16: Signal is not driven, nor used: '_RANDOM_MEM'
                                                                                                        : ... note: In instance 'ysyxSoCFull.asic.axi4ram.mem_ext'
 3021 |     reg [31:0] _RANDOM_MEM;  
      |                ^~~~~~~~~~~
%Warning-UNUSEDSIGNAL: /home/yong/ysyx/ysyx-workbench-rv32-interview/ysyxSoC/build/ysyxSoCFull.v:3470:17: Signal is not used: 'io_enq_bits_burst'
                                                                                                        : ... note: In instance 'ysyxSoCFull.asic.axi4buf.nodeOut_awdeq_q'
 3470 |   input  [1:0]  io_enq_bits_burst,  
      |                 ^~~~~~~~~~~~~~~~~
%Warning-UNUSEDSIGNAL: /home/yong/ysyx/ysyx-workbench-rv32-interview/ysyxSoC/build/ysyxSoCFull.v:3508:30: Signal is not driven, nor used: '_RANDOM'
                                                                                                        : ... note: In instance 'ysyxSoCFull.asic.axi4buf.nodeOut_awdeq_q'
 3508 |       automatic logic [31:0] _RANDOM[0:0];  
      |                              ^~~~~~~
%Warning-UNUSEDSIGNAL: /home/yong/ysyx/ysyx-workbench-rv32-interview/ysyxSoC/build/ysyxSoCFull.v:3582:17: Signal is not used: 'io_enq_bits_last'
                                                                                                        : ... note: In instance 'ysyxSoCFull.asic.axi4buf.nodeOut_wdeq_q'
 3582 |   input         io_enq_bits_last,  
      |                 ^~~~~~~~~~~~~~~~
%Warning-UNUSEDSIGNAL: /home/yong/ysyx/ysyx-workbench-rv32-interview/ysyxSoC/build/ysyxSoCFull.v:3618:30: Signal is not driven, nor used: '_RANDOM'
                                                                                                        : ... note: In instance 'ysyxSoCFull.asic.axi4buf.nodeOut_wdeq_q'
 3618 |       automatic logic [31:0] _RANDOM[0:0];  
      |                              ^~~~~~~
%Warning-UNUSEDSIGNAL: /home/yong/ysyx/ysyx-workbench-rv32-interview/ysyxSoC/build/ysyxSoCFull.v:3723:30: Signal is not driven, nor used: '_RANDOM'
                                                                                                        : ... note: In instance 'ysyxSoCFull.asic.axi4buf.nodeIn_bdeq_q'
 3723 |       automatic logic [31:0] _RANDOM[0:0];  
      |                              ^~~~~~~
%Warning-UNUSEDSIGNAL: /home/yong/ysyx/ysyx-workbench-rv32-interview/ysyxSoC/build/ysyxSoCFull.v:3762:17: Signal is not used: 'io_enq_bits_burst'
                                                                                                        : ... note: In instance 'ysyxSoCFull.asic.axi4buf.nodeOut_ardeq_q'
 3762 |   input  [1:0]  io_enq_bits_burst,  
      |                 ^~~~~~~~~~~~~~~~~
%Warning-UNUSEDSIGNAL: /home/yong/ysyx/ysyx-workbench-rv32-interview/ysyxSoC/build/ysyxSoCFull.v:3800:30: Signal is not driven, nor used: '_RANDOM'
                                                                                                        : ... note: In instance 'ysyxSoCFull.asic.axi4buf.nodeOut_ardeq_q'
 3800 |       automatic logic [31:0] _RANDOM[0:0];  
      |                              ^~~~~~~
%Warning-UNUSEDSIGNAL: /home/yong/ysyx/ysyx-workbench-rv32-interview/ysyxSoC/build/ysyxSoCFull.v:3912:30: Signal is not driven, nor used: '_RANDOM'
                                                                                                        : ... note: In instance 'ysyxSoCFull.asic.axi4buf.nodeIn_rdeq_q'
 3912 |       automatic logic [31:0] _RANDOM[0:0];  
      |                              ^~~~~~~
%Warning-UNUSEDSIGNAL: /home/yong/ysyx/ysyx-workbench-rv32-interview/ysyxSoC/build/ysyxSoCFull.v:4104:30: Signal is not driven, nor used: '_RANDOM'
                                                                                                        : ... note: In instance 'ysyxSoCFull.asic.axi4yank.Queue1_BundleMap_31'
 4104 |       automatic logic [31:0] _RANDOM[0:0];  
      |                              ^~~~~~~
%Warning-UNUSEDSIGNAL: /home/yong/ysyx/ysyx-workbench-rv32-interview/ysyxSoC/build/ysyxSoCFull.v:4800:30: Signal is not driven, nor used: '_RANDOM'
                                                                                                        : ... note: In instance 'ysyxSoCFull.asic.axi4frag.deq_q'
 4800 |       automatic logic [31:0] _RANDOM[0:1];  
      |                              ^~~~~~~
%Warning-UNUSEDSIGNAL: /home/yong/ysyx/ysyx-workbench-rv32-interview/ysyxSoC/build/ysyxSoCFull.v:4866:30: Signal is not driven, nor used: '_RANDOM'
                                                                                                        : ... note: In instance 'ysyxSoCFull.asic.axi4frag.deq_q_1'
 4866 |       automatic logic [31:0] _RANDOM[0:1];  
      |                              ^~~~~~~
%Warning-UNUSEDSIGNAL: /home/yong/ysyx/ysyx-workbench-rv32-interview/ysyxSoC/build/ysyxSoCFull.v:4923:30: Signal is not driven, nor used: '_RANDOM'
                                                                                                        : ... note: In instance 'ysyxSoCFull.asic.axi4frag.in_wdeq_q'
 4923 |       automatic logic [31:0] _RANDOM[0:1];  
      |                              ^~~~~~~
%Warning-UNUSEDSIGNAL: /home/yong/ysyx/ysyx-workbench-rv32-interview/ysyxSoC/build/ysyxSoCFull.v:5361:30: Signal is not driven, nor used: '_RANDOM'
                                                                                                        : ... note: In instance 'ysyxSoCFull.asic.cpu_reset_chain.output_chain'
 5361 |       automatic logic [31:0] _RANDOM[0:0];  
      |                              ^~~~~~~
%Warning-UNUSEDSIGNAL: /home/yong/ysyx/ysyx-workbench-rv32-interview/npc/vsrc/riscv32/system/riscv32_axi4_soc_width_converter.sv:12:17: Signal is not used: 'clk_i'
                                                                                                                                      : ... note: In instance 'ysyxSoCFull.asic.cpu.cpu.u_soc_width_converter'
   12 |     input logic clk_i,
      |                 ^~~~~
%Warning-UNUSEDSIGNAL: /home/yong/ysyx/ysyx-workbench-rv32-interview/npc/vsrc/riscv32/system/riscv32_axi4_soc_width_converter.sv:13:17: Signal is not used: 'rst_ni'
                                                                                                                                      : ... note: In instance 'ysyxSoCFull.asic.cpu.cpu.u_soc_width_converter'
   13 |     input logic rst_ni,
      |                 ^~~~~~
%Warning-UNUSEDSIGNAL: /home/yong/ysyx/ysyx-workbench-rv32-interview/npc/vsrc/riscv32/system/riscv32_axi4_soc_width_converter.sv:22:14: Signal is not used: 'read_address_memory_attr'
                                                                                                                                      : ... note: In instance 'ysyxSoCFull.asic.cpu.cpu.u_soc_width_converter'
   22 |   pma_attr_t read_address_memory_attr;
      |              ^~~~~~~~~~~~~~~~~~~~~~~~
%Warning-UNUSEDSIGNAL: /home/yong/ysyx/ysyx-workbench-rv32-interview/npc/vsrc/riscv32/system/riscv32_axi4_soc_width_converter.sv:23:14: Signal is not used: 'write_address_memory_attr'
                                                                                                                                      : ... note: In instance 'ysyxSoCFull.asic.cpu.cpu.u_soc_width_converter'
   23 |   pma_attr_t write_address_memory_attr;
      |              ^~~~~~~~~~~~~~~~~~~~~~~~~
%Warning-UNUSEDSIGNAL: /home/yong/ysyx/ysyx-workbench-rv32-interview/ysyxSoC/perip/psram/efabless/EF_PSRAM_CTRL_wb.v:25:25: Bits of signal are not used: 'adr_i'[31:24]
                                                                                                                          : ... note: In instance 'ysyxSoCFull.asic.lpsram.mpsram.u0'
   25 |     input   wire [31:0] adr_i,
      |                         ^~~~~
%Warning-UNUSEDSIGNAL: /home/yong/ysyx/ysyx-workbench-rv32-interview/ysyxSoC/perip/uart16550/rtl/uart_regs.v:374:33: Signal is not used: 'rstate'
                                                                                                                   : ... note: In instance 'ysyxSoCFull.asic.luart.muart.Uregs'
  374 | wire [3:0]                      rstate;
      |                                 ^~~~~~
%Warning-UNUSEDSIGNAL: /home/yong/ysyx/ysyx-workbench-rv32-interview/ysyxSoC/build/ysyxSoCFull.v:63:16: Signal is not used: 'R0_clk'
                                                                                                      : ... note: In instance 'ysyxSoCFull.asic.axi4xbar.awIn_0.ram_ext'
   63 |                R0_clk,
      |                ^~~~~~
%Warning-UNUSEDSIGNAL: /home/yong/ysyx/ysyx-workbench-rv32-interview/ysyxSoC/build/ysyxSoCFull.v:77:16: Signal is not driven, nor used: '_RANDOM_MEM'
                                                                                                      : ... note: In instance 'ysyxSoCFull.asic.axi4xbar.awIn_0.ram_ext'
   77 |     reg [31:0] _RANDOM_MEM;  
      |                ^~~~~~~~~~~
%Warning-UNUSEDSIGNAL: /home/yong/ysyx/ysyx-workbench-rv32-interview/ysyxSoC/build/ysyxSoCFull.v:1372:16: Signal is not used: 'R0_clk'
                                                                                                        : ... note: In instance 'ysyxSoCFull.asic.axi4xbar_1.awIn_0.ram_ext'
 1372 |                R0_clk,
      |                ^~~~~~
%Warning-UNUSEDSIGNAL: /home/yong/ysyx/ysyx-workbench-rv32-interview/ysyxSoC/build/ysyxSoCFull.v:1386:16: Signal is not driven, nor used: '_RANDOM_MEM'
                                                                                                        : ... note: In instance 'ysyxSoCFull.asic.axi4xbar_1.awIn_0.ram_ext'
 1386 |     reg [31:0] _RANDOM_MEM;  
      |                ^~~~~~~~~~~
%Warning-UNUSEDSIGNAL: /home/yong/ysyx/ysyx-workbench-rv32-interview/ysyxSoC/build/ysyxSoCFull.v:3432:17: Signal is not used: 'R0_clk'
                                                                                                        : ... note: In instance 'ysyxSoCFull.asic.axi4buf.nodeOut_ardeq_q.ram_ext'
 3432 |                 R0_clk,
      |                 ^~~~~~
%Warning-UNUSEDSIGNAL: /home/yong/ysyx/ysyx-workbench-rv32-interview/ysyxSoC/build/ysyxSoCFull.v:3446:16: Signal is not driven, nor used: '_RANDOM_MEM'
                                                                                                        : ... note: In instance 'ysyxSoCFull.asic.axi4buf.nodeOut_ardeq_q.ram_ext'
 3446 |     reg [63:0] _RANDOM_MEM;  
      |                ^~~~~~~~~~~
%Warning-UNUSEDSIGNAL: /home/yong/ysyx/ysyx-workbench-rv32-interview/ysyxSoC/build/ysyxSoCFull.v:3545:17: Signal is not used: 'R0_clk'
                                                                                                        : ... note: In instance 'ysyxSoCFull.asic.axi4buf.nodeOut_wdeq_q.ram_ext'
 3545 |                 R0_clk,
      |                 ^~~~~~
%Warning-UNUSEDSIGNAL: /home/yong/ysyx/ysyx-workbench-rv32-interview/ysyxSoC/build/ysyxSoCFull.v:3559:16: Signal is not driven, nor used: '_RANDOM_MEM'
                                                                                                        : ... note: In instance 'ysyxSoCFull.asic.axi4buf.nodeOut_wdeq_q.ram_ext'
 3559 |     reg [63:0] _RANDOM_MEM;  
      |                ^~~~~~~~~~~
%Warning-UNUSEDSIGNAL: /home/yong/ysyx/ysyx-workbench-rv32-interview/ysyxSoC/build/ysyxSoCFull.v:3653:16: Signal is not used: 'R0_clk'
                                                                                                        : ... note: In instance 'ysyxSoCFull.asic.axi4buf.nodeIn_bdeq_q.ram_ext'
 3653 |                R0_clk,
      |                ^~~~~~
%Warning-UNUSEDSIGNAL: /home/yong/ysyx/ysyx-workbench-rv32-interview/ysyxSoC/build/ysyxSoCFull.v:3667:16: Signal is not driven, nor used: '_RANDOM_MEM'
                                                                                                        : ... note: In instance 'ysyxSoCFull.asic.axi4buf.nodeIn_bdeq_q.ram_ext'
 3667 |     reg [31:0] _RANDOM_MEM;  
      |                ^~~~~~~~~~~
%Warning-UNUSEDSIGNAL: /home/yong/ysyx/ysyx-workbench-rv32-interview/ysyxSoC/build/ysyxSoCFull.v:3837:17: Signal is not used: 'R0_clk'
                                                                                                        : ... note: In instance 'ysyxSoCFull.asic.axi4buf.nodeIn_rdeq_q.ram_ext'
 3837 |                 R0_clk,
      |                 ^~~~~~
%Warning-UNUSEDSIGNAL: /home/yong/ysyx/ysyx-workbench-rv32-interview/ysyxSoC/build/ysyxSoCFull.v:3851:16: Signal is not driven, nor used: '_RANDOM_MEM'
                                                                                                        : ... note: In instance 'ysyxSoCFull.asic.axi4buf.nodeIn_rdeq_q.ram_ext'
 3851 |     reg [63:0] _RANDOM_MEM;  
      |                ^~~~~~~~~~~
%Warning-UNUSEDSIGNAL: /home/yong/ysyx/ysyx-workbench-rv32-interview/npc/vsrc/riscv32/system/riscv32_axi4_core_merge.sv:9:37: Bits of signal are not used: 'instruction_manager_i'[139:51]
                                                                                                                            : ... note: In instance 'ysyxSoCFull.asic.cpu.cpu.u_npc_system.u_axi4_core_merge'
    9 |     input  axi4_manager_to_target_t instruction_manager_i,
      |                                     ^~~~~~~~~~~~~~~~~~~~~
%Warning-UNUSEDSIGNAL: /home/yong/ysyx/ysyx-workbench-rv32-interview/ysyxSoC/perip/psram/efabless/EF_PSRAM_CTRL.v:183:16: Bits of signal are not used: 'read_data_nibble_offset'[7:3,0]
                                                                                                                        : ... note: In instance 'ysyxSoCFull.asic.lpsram.mpsram.u0.MR'
  183 |     wire [7:0] read_data_nibble_offset = counter - 8'd14;
      |                ^~~~~~~~~~~~~~~~~~~~~~~
%Warning-UNUSEDSIGNAL: /home/yong/ysyx/ysyx-workbench-rv32-interview/ysyxSoC/perip/psram/efabless/EF_PSRAM_CTRL.v:225:29: Signal is not used: 'din'
                                                                                                                        : ... note: In instance 'ysyxSoCFull.asic.lpsram.mpsram.u0.MW'
  225 |     input   wire [3:0]      din,
      |                             ^~~
%Warning-UNUSEDSIGNAL: /home/yong/ysyx/ysyx-workbench-rv32-interview/ysyxSoC/perip/sdram/core_sdram_axi4/sdram_axi_pmem.v:64:22: Signal is not used: 'ram_error_i'
                                                                                                                               : ... note: In instance 'ysyxSoCFull.asic.lsdram_axi.msdram.u_sdram_axi.u_axi'
   64 |     ,input           ram_error_i
      |                      ^~~~~~~~~~~
%Warning-UNUSEDSIGNAL: /home/yong/ysyx/ysyx-workbench-rv32-interview/ysyxSoC/perip/sdram/core_sdram_axi4/sdram_axi_pmem.v:191:6: Signal is not used: 'segmented_read_segment_selected_w'
                                                                                                                               : ... note: In instance 'ysyxSoCFull.asic.lsdram_axi.msdram.u_sdram_axi.u_axi'
  191 | wire segmented_read_segment_selected_w =
      |      ^~~~~~~~~~~~~~~~~~~~~~~~~~~~~~~~~
%Warning-UNUSEDSIGNAL: /home/yong/ysyx/ysyx-workbench-rv32-interview/ysyxSoC/perip/uart16550/rtl/uart_receiver.v:228:6: Signal is not used: 'rbit_in'
                                                                                                                      : ... note: In instance 'ysyxSoCFull.asic.luart.muart.Uregs.receiver'
  228 | reg  rbit_in;
      |      ^~~~~~~
%Warning-UNUSEDSIGNAL: /home/yong/ysyx/ysyx-workbench-rv32-interview/ysyxSoC/perip/uart16550/rtl/uart_receiver.v:261:7: Signal is not used: 'rcounter16_eq_1'
                                                                                                                      : ... note: In instance 'ysyxSoCFull.asic.luart.muart.Uregs.receiver'
  261 | wire  rcounter16_eq_1 = (rcounter16 == 4'd1);
      |       ^~~~~~~~~~~~~~~
%Warning-UNUSEDSIGNAL: /home/yong/ysyx/ysyx-workbench-rv32-interview/ysyxSoC/perip/uart16550/rtl/uart_transmitter.v:162:35: Bits of signal are not used: 'lcr'[7]
                                                                                                                          : ... note: In instance 'ysyxSoCFull.asic.luart.muart.Uregs.transmitter'
  162 | input [7:0]                       lcr;
      |                                   ^~~
%Warning-UNUSEDSIGNAL: /home/yong/ysyx/ysyx-workbench-rv32-interview/ysyxSoC/perip/uart16550/rtl/uart_transmitter.v:187:33: Signal is not used: 'tf_overrun'
                                                                                                                          : ... note: In instance 'ysyxSoCFull.asic.luart.muart.Uregs.transmitter'
  187 | wire                            tf_overrun;
      |                                 ^~~~~~~~~~
%Warning-UNUSEDSIGNAL: /home/yong/ysyx/ysyx-workbench-rv32-interview/ysyxSoC/perip/sdram/core_sdram_axi4/sdram_axi_core.v:46:22: Bits of signal are not used: 'inport_len_i'[7:3]
                                                                                                                               : ... note: In instance 'ysyxSoCFull.asic.lsdram_axi.msdram.u_sdram_axi.u_core'
   46 |     ,input  [  7:0]  inport_len_i
      |                      ^~~~~~~~~~~~
%Warning-UNUSEDSIGNAL: /home/yong/ysyx/ysyx-workbench-rv32-interview/ysyxSoC/perip/sdram/core_sdram_axi4/sdram_axi_core.v:138:15: Bits of signal are not used: 'ram_addr_w'[31:25,1:0]
                                                                                                                                : ... note: In instance 'ysyxSoCFull.asic.lsdram_axi.msdram.u_sdram_axi.u_core'
  138 | wire [ 31:0]  ram_addr_w       = inport_addr_i;
      |               ^~~~~~~~~~
%Warning-UNUSEDSIGNAL: /home/yong/ysyx/ysyx-workbench-rv32-interview/ysyxSoC/perip/sdram/core_sdram_axi4/sdram_axi_core.v:728:12: Signal is not used: 'dbg_state'
                                                                                                                                : ... note: In instance 'ysyxSoCFull.asic.lsdram_axi.msdram.u_sdram_axi.u_core'
  728 | reg [79:0] dbg_state;
      |            ^~~~~~~~~
%Warning-UNUSEDSIGNAL: /home/yong/ysyx/ysyx-workbench-rv32-interview/npc/vsrc/riscv32/core/frontend/riscv32_icache_refill_axi4_master.sv:22:37: Bits of signal are not used: 'axi_manager_i'[49:41]
                                                                                                                                              : ... note: In instance 'ysyxSoCFull.asic.cpu.cpu.u_npc_system.u_core.u_icache_refill_axi4_master'
   22 |     input  axi4_target_to_manager_t axi_manager_i
      |                                     ^~~~~~~~~~~~~
%Warning-UNUSEDSIGNAL: /home/yong/ysyx/ysyx-workbench-rv32-interview/npc/vsrc/riscv32/core/frontend/riscv32_icache.sv:41:14: Bits of signal are not used: 'lookup_memory_attr'[5:4,1:0]
                                                                                                                           : ... note: In instance 'ysyxSoCFull.asic.cpu.cpu.u_npc_system.u_core.u_icache'
   41 |   pma_attr_t lookup_memory_attr;
      |              ^~~~~~~~~~~~~~~~~~
%Warning-UNUSEDSIGNAL: /home/yong/ysyx/ysyx-workbench-rv32-interview/npc/vsrc/riscv32/core/frontend/riscv32_icache.sv:61:18: Bits of signal are not used: 'miss_event'[9:6,4,0]
                                                                                                                           : ... note: In instance 'ysyxSoCFull.asic.cpu.cpu.u_npc_system.u_core.u_icache'
   61 |   icache_event_t miss_event;
      |                  ^~~~~~~~~~
%Warning-UNUSEDSIGNAL: /home/yong/ysyx/ysyx-workbench-rv32-interview/npc/vsrc/riscv32/core/frontend/riscv32_icache.sv:214:68: Bits of signal are not used: 'addr'[7:0]
                                                                                                                            : ... note: In instance 'ysyxSoCFull.asic.cpu.cpu.u_npc_system.u_core.u_icache'
  214 |   function automatic icache_tag_t get_icache_tag(input phys_addr_t addr);
      |                                                                    ^~~~
%Warning-UNUSEDSIGNAL: /home/yong/ysyx/ysyx-workbench-rv32-interview/npc/vsrc/riscv32/core/memory/riscv32_data_memory_subsystem.sv:40:14: Bits of signal are not used: 'request_memory_attr'[3,1:0]
                                                                                                                                        : ... note: In instance 'ysyxSoCFull.asic.cpu.cpu.u_npc_system.u_core.u_data_memory_subsystem'
   40 |   pma_attr_t request_memory_attr;
      |              ^~~~~~~~~~~~~~~~~~~
%Warning-UNUSEDSIGNAL: /home/yong/ysyx/ysyx-workbench-rv32-interview/npc/vsrc/riscv32/core/riscv32_csr_file.sv:21:29: Bits of signal are not used: 'trap_pc_i'[1:0]
                                                                                                                    : ... note: In instance 'ysyxSoCFull.asic.cpu.cpu.u_npc_system.u_core.u_csr_file'
   21 |     input program_counter_t trap_pc_i,
      |                             ^~~~~~~~~
%Warning-UNUSEDSIGNAL: /home/yong/ysyx/ysyx-workbench-rv32-interview/npc/vsrc/riscv32/core/frontend/riscv32_fetch_control_flow_predictor.sv:163:25: Bits of signal are not used: 'lookup_branch_target_entry'[61:34]
                                                                                                                                                  : ... note: In instance 'ysyxSoCFull.asic.cpu.cpu.u_npc_system.u_core.u_fetch_control_flow_predictor'
  163 |   branch_target_entry_t lookup_branch_target_entry;
      |                         ^~~~~~~~~~~~~~~~~~~~~~~~~~
%Warning-UNUSEDSIGNAL: /home/yong/ysyx/ysyx-workbench-rv32-interview/npc/vsrc/riscv32/core/frontend/riscv32_fetch_control_flow_predictor.sv:427:29: Bits of signal are not used: 'compared_entry'[33:0]
                                                                                                                                                  : ... note: In instance 'ysyxSoCFull.asic.cpu.cpu.u_npc_system.u_core.u_fetch_control_flow_predictor'
  427 |       branch_target_entry_t compared_entry;
      |                             ^~~~~~~~~~~~~~
%Warning-UNUSEDSIGNAL: /home/yong/ysyx/ysyx-workbench-rv32-interview/npc/vsrc/riscv32/core/riscv32_lsu.sv:22:31: Bits of signal are not used: 'data_memory_resp_i'[3:0]
                                                                                                               : ... note: In instance 'ysyxSoCFull.asic.cpu.cpu.u_npc_system.u_core.u_lsu'
   22 |     input  data_memory_resp_t data_memory_resp_i,
      |                               ^~~~~~~~~~~~~~~~~~
%Warning-UNUSEDSIGNAL: /home/yong/ysyx/ysyx-workbench-rv32-interview/npc/vsrc/riscv32/core/riscv32_lsu.sv:90:71: Bits of signal are not used: 'request'[95:64,31:0]
                                                                                                               : ... note: In instance 'ysyxSoCFull.asic.cpu.cpu.u_npc_system.u_core.u_lsu'
   90 |   function automatic logic request_address_misaligned(input lsu_req_t request);
      |                                                                       ^~~~~~~
%Warning-UNUSEDSIGNAL: /home/yong/ysyx/ysyx-workbench-rv32-interview/npc/vsrc/riscv32/core/riscv32_lsu.sv:99:70: Bits of signal are not used: 'request'[95:0]
                                                                                                               : ... note: In instance 'ysyxSoCFull.asic.cpu.cpu.u_npc_system.u_core.u_lsu'
   99 |   function automatic logic request_has_memory_access(input lsu_req_t request);
      |                                                                      ^~~~~~~
%Warning-UNUSEDSIGNAL: /home/yong/ysyx/ysyx-workbench-rv32-interview/npc/vsrc/riscv32/core/riscv32_lsu.sv:104:83: Bits of signal are not used: 'request'[95:64,31:0]
                                                                                                                : ... note: In instance 'ysyxSoCFull.asic.cpu.cpu.u_npc_system.u_core.u_lsu'
  104 |   function automatic core_byte_strobe_t request_store_byte_strobe(input lsu_req_t request);
      |                                                                                   ^~~~~~~
%Warning-UNUSEDSIGNAL: /home/yong/ysyx/ysyx-workbench-rv32-interview/npc/vsrc/riscv32/core/riscv32_lsu.sv:116:75: Bits of signal are not used: 'request'[95:64]
                                                                                                                : ... note: In instance 'ysyxSoCFull.asic.cpu.cpu.u_npc_system.u_core.u_lsu'
  116 |   function automatic core_data_t request_store_write_data(input lsu_req_t request);
      |                                                                           ^~~~~~~
%Warning-UNUSEDSIGNAL: /home/yong/ysyx/ysyx-workbench-rv32-interview/npc/vsrc/riscv32/sim/riscv32_sim_performance_monitor.sv:38:29: Bits of signal are not used: 'resolved_control_flow_pc_i'[31:8,1:0]
                                                                                                                                  : ... note: In instance 'ysyxSoCFull.asic.cpu.cpu.u_npc_system.u_core.u_sim_performance_monitor'
   38 |     input program_counter_t resolved_control_flow_pc_i,
      |                             ^~~~~~~~~~~~~~~~~~~~~~~~~~
%Warning-UNUSEDSIGNAL: /home/yong/ysyx/ysyx-workbench-rv32-interview/npc/vsrc/riscv32/sim/riscv32_sim_issue_window_monitor.sv:9:26: Bits of signal are not used: 'commit_i'[353:322,289:258,256:252,219:70,68:0]
                                                                                                                                  : ... note: In instance 'ysyxSoCFull.asic.cpu.cpu.u_npc_system.u_core.u_sim_issue_window_monitor'
    9 |     input commit_t       commit_i,
      |                          ^~~~~~~~
%Warning-UNUSEDSIGNAL: /home/yong/ysyx/ysyx-workbench-rv32-interview/npc/vsrc/riscv32/sim/riscv32_sim_issue_window_monitor.sv:18:26: Bits of signal are not used: 'icache_event_i'[9:6,4:0]
                                                                                                                                   : ... note: In instance 'ysyxSoCFull.asic.cpu.cpu.u_npc_system.u_core.u_sim_issue_window_monitor'
   18 |     input icache_event_t icache_event_i,
      |                          ^~~~~~~~~~~~~~
%Warning-UNUSEDSIGNAL: /home/yong/ysyx/ysyx-workbench-rv32-interview/npc/vsrc/riscv32/sim/riscv32_sim_issue_window_monitor.sv:19:26: Bits of signal are not used: 'dcache_event_i'[13:8,5:0]
                                                                                                                                   : ... note: In instance 'ysyxSoCFull.asic.cpu.cpu.u_npc_system.u_core.u_sim_issue_window_monitor'
   19 |     input dcache_event_t dcache_event_i
      |                          ^~~~~~~~~~~~~~
%Warning-UNUSEDSIGNAL: /home/yong/ysyx/ysyx-workbench-rv32-interview/npc/vsrc/riscv32/sim/riscv32_sim_issue_window_monitor.sv:35:16: Bits of signal are not used: 'category_index'[31:3]
                                                                                                                                   : ... note: In instance 'ysyxSoCFull.asic.cpu.cpu.u_npc_system.u_core.u_sim_issue_window_monitor'
   35 |   int unsigned category_index;
      |                ^~~~~~~~~~~~~~
%Warning-PROCASSINIT: /home/yong/ysyx/ysyx-workbench-rv32-interview/ysyxSoC/perip/uart16550/rtl/uart_tfifo.v:184:38: Procedural assignment to declaration with initial value: 'count'
                                                                                                                   : ... note: In instance 'ysyxSoCFull.asic.luart.muart.Uregs.transmitter.fifo_tx'
                                                                                                                   : ... Location of variable initialization
  184 | reg    [fifo_counter_w-1:0] count  = 'h0;
      |                                      ^~~
                      /home/yong/ysyx/ysyx-workbench-rv32-interview/ysyxSoC/perip/uart16550/rtl/uart_tfifo.v:203:9: ... Location of variable process write
                                                                                                                  : ... Perhaps should initialize instead using a reset in this process
  203 |         count  <= #1 'b0;
      |         ^~~~~
                      ... For warning description see https://verilator.org/warn/PROCASSINIT?v=5.043
                      ... Use "/* verilator lint_off PROCASSINIT */" and lint_on around source to disable this message.
%Warning-PROCASSINIT: /home/yong/ysyx/ysyx-workbench-rv32-interview/ysyxSoC/perip/uart16550/rtl/uart_tfifo.v:181:38: Procedural assignment to declaration with initial value: 'top'
                                                                                                                   : ... note: In instance 'ysyxSoCFull.asic.luart.muart.Uregs.transmitter.fifo_tx'
                                                                                                                   : ... Location of variable initialization
  181 | reg    [fifo_pointer_w-1:0] top    = 'h0;
      |                                      ^~~
                      /home/yong/ysyx/ysyx-workbench-rv32-interview/ysyxSoC/perip/uart16550/rtl/uart_tfifo.v:201:9: ... Location of variable process write
                                                                                                                  : ... Perhaps should initialize instead using a reset in this process
  201 |         top    <= #1 'b0;
      |         ^~~
%Warning-PROCASSINIT: /home/yong/ysyx/ysyx-workbench-rv32-interview/ysyxSoC/perip/uart16550/rtl/uart_tfifo.v:182:38: Procedural assignment to declaration with initial value: 'bottom'
                                                                                                                   : ... note: In instance 'ysyxSoCFull.asic.luart.muart.Uregs.transmitter.fifo_tx'
                                                                                                                   : ... Location of variable initialization
  182 | reg    [fifo_pointer_w-1:0] bottom = 'h0;
      |                                      ^~~
                      /home/yong/ysyx/ysyx-workbench-rv32-interview/ysyxSoC/perip/uart16550/rtl/uart_tfifo.v:202:9: ... Location of variable process write
                                                                                                                  : ... Perhaps should initialize instead using a reset in this process
  202 |         bottom <= #1 'b0;
      |         ^~~~~~
%Warning-UNUSEDSIGNAL: /home/yong/ysyx/ysyx-workbench-rv32-interview/npc/vsrc/riscv32/core/riscv32_ifu.sv:10:26: Bits of signal are not used: 'redirect_req_i'[41:0]
                                                                                                               : ... note: In instance 'ysyxSoCFull.asic.cpu.cpu.u_npc_system.u_core.u_ifu'
   10 |     input redirect_req_t redirect_req_i,
      |                          ^~~~~~~~~~~~~~
%Warning-UNUSEDSIGNAL: /home/yong/ysyx/ysyx-workbench-rv32-interview/npc/vsrc/riscv32/core/riscv32_interrupt_controller.sv:13:38: Bits of signal are not used: 'commit_i'[353:290,257:70,68:0]
                                                                                                                                : ... note: In instance 'ysyxSoCFull.asic.cpu.cpu.u_npc_system.u_core.u_interrupt_controller'
   13 |     input  commit_t                  commit_i,
      |                                      ^~~~~~~~
%Warning-UNUSEDSIGNAL: /home/yong/ysyx/ysyx-workbench-rv32-interview/npc/vsrc/riscv32/core/riscv32_interrupt_controller.sv:15:38: Bits of signal are not used: 'redirect_i'[41:0]
                                                                                                                                : ... note: In instance 'ysyxSoCFull.asic.cpu.cpu.u_npc_system.u_core.u_interrupt_controller'
   15 |     input  redirect_req_t            redirect_i,
      |                                      ^~~~~~~~~~
%Warning-PROCASSINIT: /home/yong/ysyx/ysyx-workbench-rv32-interview/ysyxSoC/perip/uart16550/rtl/uart_rfifo.v:195:35: Procedural assignment to declaration with initial value: 'count'
                                                                                                                   : ... note: In instance 'ysyxSoCFull.asic.luart.muart.Uregs.receiver.fifo_rx'
                                                                                                                   : ... Location of variable initialization
  195 | reg [fifo_counter_w-1:0] count  = 'h0;
      |                                   ^~~
                      /home/yong/ysyx/ysyx-workbench-rv32-interview/ysyxSoC/perip/uart16550/rtl/uart_rfifo.v:215:3: ... Location of variable process write
                                                                                                                  : ... Perhaps should initialize instead using a reset in this process
  215 |   count  <= #1 'b0;
      |   ^~~~~
%Warning-PROCASSINIT: /home/yong/ysyx/ysyx-workbench-rv32-interview/ysyxSoC/perip/uart16550/rtl/uart_rfifo.v:192:35: Procedural assignment to declaration with initial value: 'top'
                                                                                                                   : ... note: In instance 'ysyxSoCFull.asic.luart.muart.Uregs.receiver.fifo_rx'
                                                                                                                   : ... Location of variable initialization
  192 | reg [fifo_pointer_w-1:0] top    = 'h0;
      |                                   ^~~
                      /home/yong/ysyx/ysyx-workbench-rv32-interview/ysyxSoC/perip/uart16550/rtl/uart_rfifo.v:213:3: ... Location of variable process write
                                                                                                                  : ... Perhaps should initialize instead using a reset in this process
  213 |   top  <= #1 'b0;
      |   ^~~
%Warning-PROCASSINIT: /home/yong/ysyx/ysyx-workbench-rv32-interview/ysyxSoC/perip/uart16550/rtl/uart_rfifo.v:193:35: Procedural assignment to declaration with initial value: 'bottom'
                                                                                                                   : ... note: In instance 'ysyxSoCFull.asic.luart.muart.Uregs.receiver.fifo_rx'
                                                                                                                   : ... Location of variable initialization
  193 | reg [fifo_pointer_w-1:0] bottom = 'h0;
      |                                   ^~~
                      /home/yong/ysyx/ysyx-workbench-rv32-interview/ysyxSoC/perip/uart16550/rtl/uart_rfifo.v:214:3: ... Location of variable process write
                                                                                                                  : ... Perhaps should initialize instead using a reset in this process
  214 |   bottom  <= #1 'b0;
      |   ^~~~~~
%Warning-UNUSEDSIGNAL: /home/yong/ysyx/ysyx-workbench-rv32-interview/npc/vsrc/riscv32/core/memory/riscv32_dcache_miss_unit.sv:55:33: Bits of signal are not used: 'refill_resp_i'[3:0]
                                                                                                                                   : ... note: In instance 'ysyxSoCFull.asic.cpu.cpu.u_npc_system.u_core.u_data_memory_subsystem.gen_dcache.u_dcache.u_miss_unit'
   55 |     input  dcache_refill_resp_t refill_resp_i,
      |                                 ^~~~~~~~~~~~~
%Warning-UNUSEDSIGNAL: /home/yong/ysyx/ysyx-workbench-rv32-interview/npc/vsrc/riscv32/core/memory/riscv32_dcache_miss_unit.sv:62:36: Bits of signal are not used: 'writeback_resp_i'[3:0]
                                                                                                                                   : ... note: In instance 'ysyxSoCFull.asic.cpu.cpu.u_npc_system.u_core.u_data_memory_subsystem.gen_dcache.u_dcache.u_miss_unit'
   62 |     input  dcache_writeback_resp_t writeback_resp_i,
      |                                    ^~~~~~~~~~~~~~~~
%Warning-UNUSEDPARAM: /home/yong/ysyx/ysyx-workbench-rv32-interview/npc/vsrc/riscv32/common/riscv32_addr_map_pkg.sv:14:27: Parameter is not used: 'CLINT_SIZE_BYTES'
                                                                                                                         : ... note: In instance 'ysyxSoCFull.asic.cpu.cpu.u_npc_system.u_core.u_data_memory_subsystem.gen_dcache.u_dcache.u_miss_unit'
   14 |   localparam int unsigned CLINT_SIZE_BYTES = 32'h0001_0000;
      |                           ^~~~~~~~~~~~~~~~
%Warning-UNUSEDPARAM: /home/yong/ysyx/ysyx-workbench-rv32-interview/npc/vsrc/riscv32/common/riscv32_addr_map_pkg.sv:15:26: Parameter is not used: 'CLINT_ADDR_MATCH_MASK'
                                                                                                                         : ... note: In instance 'ysyxSoCFull.asic.cpu.cpu.u_npc_system.u_core.u_data_memory_subsystem.gen_dcache.u_dcache.u_miss_unit'
   15 |   localparam phys_addr_t CLINT_ADDR_MATCH_MASK = 32'hffff_0000;
      |                          ^~~~~~~~~~~~~~~~~~~~~
%Warning-UNUSEDPARAM: /home/yong/ysyx/ysyx-workbench-rv32-interview/npc/vsrc/riscv32/common/riscv32_addr_map_pkg.sv:26:27: Parameter is not used: 'SRAM_SIZE_BYTES'
                                                                                                                         : ... note: In instance 'ysyxSoCFull.asic.cpu.cpu.u_npc_system.u_core.u_data_memory_subsystem.gen_dcache.u_dcache.u_miss_unit'
   26 |   localparam int unsigned SRAM_SIZE_BYTES = 32'h0000_2000;
      |                           ^~~~~~~~~~~~~~~
%Warning-UNUSEDPARAM: /home/yong/ysyx/ysyx-workbench-rv32-interview/npc/vsrc/riscv32/common/riscv32_addr_map_pkg.sv:27:26: Parameter is not used: 'SRAM_ADDR_MATCH_MASK'
                                                                                                                         : ... note: In instance 'ysyxSoCFull.asic.cpu.cpu.u_npc_system.u_core.u_data_memory_subsystem.gen_dcache.u_dcache.u_miss_unit'
   27 |   localparam phys_addr_t SRAM_ADDR_MATCH_MASK = 32'hffff_e000;
      |                          ^~~~~~~~~~~~~~~~~~~~
%Warning-UNUSEDPARAM: /home/yong/ysyx/ysyx-workbench-rv32-interview/npc/vsrc/riscv32/common/riscv32_addr_map_pkg.sv:31:27: Parameter is not used: 'UART_SIZE_BYTES'
                                                                                                                         : ... note: In instance 'ysyxSoCFull.asic.cpu.cpu.u_npc_system.u_core.u_data_memory_subsystem.gen_dcache.u_dcache.u_miss_unit'
   31 |   localparam int unsigned UART_SIZE_BYTES = 32'h0000_1000;
      |                           ^~~~~~~~~~~~~~~
%Warning-UNUSEDPARAM: /home/yong/ysyx/ysyx-workbench-rv32-interview/npc/vsrc/riscv32/common/riscv32_addr_map_pkg.sv:32:26: Parameter is not used: 'UART_ADDR_MATCH_MASK'
                                                                                                                         : ... note: In instance 'ysyxSoCFull.asic.cpu.cpu.u_npc_system.u_core.u_data_memory_subsystem.gen_dcache.u_dcache.u_miss_unit'
   32 |   localparam phys_addr_t UART_ADDR_MATCH_MASK = 32'hffff_f000;
      |                          ^~~~~~~~~~~~~~~~~~~~
%Warning-UNUSEDPARAM: /home/yong/ysyx/ysyx-workbench-rv32-interview/npc/vsrc/riscv32/common/riscv32_addr_map_pkg.sv:36:27: Parameter is not used: 'SPI_REG_SIZE_BYTES'
                                                                                                                         : ... note: In instance 'ysyxSoCFull.asic.cpu.cpu.u_npc_system.u_core.u_data_memory_subsystem.gen_dcache.u_dcache.u_miss_unit'
   36 |   localparam int unsigned SPI_REG_SIZE_BYTES = 32'h0000_1000;
      |                           ^~~~~~~~~~~~~~~~~~
%Warning-UNUSEDPARAM: /home/yong/ysyx/ysyx-workbench-rv32-interview/npc/vsrc/riscv32/common/riscv32_addr_map_pkg.sv:37:26: Parameter is not used: 'SPI_REG_ADDR_MATCH_MASK'
                                                                                                                         : ... note: In instance 'ysyxSoCFull.asic.cpu.cpu.u_npc_system.u_core.u_data_memory_subsystem.gen_dcache.u_dcache.u_miss_unit'
   37 |   localparam phys_addr_t SPI_REG_ADDR_MATCH_MASK = 32'hffff_f000;
      |                          ^~~~~~~~~~~~~~~~~~~~~~~
%Warning-UNUSEDPARAM: /home/yong/ysyx/ysyx-workbench-rv32-interview/npc/vsrc/riscv32/common/riscv32_addr_map_pkg.sv:41:27: Parameter is not used: 'GPIO_SIZE_BYTES'
                                                                                                                         : ... note: In instance 'ysyxSoCFull.asic.cpu.cpu.u_npc_system.u_core.u_data_memory_subsystem.gen_dcache.u_dcache.u_miss_unit'
   41 |   localparam int unsigned GPIO_SIZE_BYTES = 32'h0000_0010;
      |                           ^~~~~~~~~~~~~~~
%Warning-UNUSEDPARAM: /home/yong/ysyx/ysyx-workbench-rv32-interview/npc/vsrc/riscv32/common/riscv32_addr_map_pkg.sv:42:26: Parameter is not used: 'GPIO_ADDR_MATCH_MASK'
                                                                                                                         : ... note: In instance 'ysyxSoCFull.asic.cpu.cpu.u_npc_system.u_core.u_data_memory_subsystem.gen_dcache.u_dcache.u_miss_unit'
   42 |   localparam phys_addr_t GPIO_ADDR_MATCH_MASK = 32'hffff_fff0;
      |                          ^~~~~~~~~~~~~~~~~~~~
%Warning-UNUSEDPARAM: /home/yong/ysyx/ysyx-workbench-rv32-interview/npc/vsrc/riscv32/common/riscv32_addr_map_pkg.sv:46:27: Parameter is not used: 'PS2_SIZE_BYTES'
                                                                                                                         : ... note: In instance 'ysyxSoCFull.asic.cpu.cpu.u_npc_system.u_core.u_data_memory_subsystem.gen_dcache.u_dcache.u_miss_unit'
   46 |   localparam int unsigned PS2_SIZE_BYTES = 32'h0000_0008;
      |                           ^~~~~~~~~~~~~~
%Warning-UNUSEDPARAM: /home/yong/ysyx/ysyx-workbench-rv32-interview/npc/vsrc/riscv32/common/riscv32_addr_map_pkg.sv:47:26: Parameter is not used: 'PS2_ADDR_MATCH_MASK'
                                                                                                                         : ... note: In instance 'ysyxSoCFull.asic.cpu.cpu.u_npc_system.u_core.u_data_memory_subsystem.gen_dcache.u_dcache.u_miss_unit'
   47 |   localparam phys_addr_t PS2_ADDR_MATCH_MASK = 32'hffff_fff8;
      |                          ^~~~~~~~~~~~~~~~~~~
%Warning-UNUSEDPARAM: /home/yong/ysyx/ysyx-workbench-rv32-interview/npc/vsrc/riscv32/common/riscv32_addr_map_pkg.sv:51:27: Parameter is not used: 'MROM_SIZE_BYTES'
                                                                                                                         : ... note: In instance 'ysyxSoCFull.asic.cpu.cpu.u_npc_system.u_core.u_data_memory_subsystem.gen_dcache.u_dcache.u_miss_unit'
   51 |   localparam int unsigned MROM_SIZE_BYTES = 32'h0000_1000;
      |                           ^~~~~~~~~~~~~~~
%Warning-UNUSEDPARAM: /home/yong/ysyx/ysyx-workbench-rv32-interview/npc/vsrc/riscv32/common/riscv32_addr_map_pkg.sv:52:26: Parameter is not used: 'MROM_ADDR_MATCH_MASK'
                                                                                                                         : ... note: In instance 'ysyxSoCFull.asic.cpu.cpu.u_npc_system.u_core.u_data_memory_subsystem.gen_dcache.u_dcache.u_miss_unit'
   52 |   localparam phys_addr_t MROM_ADDR_MATCH_MASK = 32'hffff_f000;
      |                          ^~~~~~~~~~~~~~~~~~~~
%Warning-UNUSEDPARAM: /home/yong/ysyx/ysyx-workbench-rv32-interview/npc/vsrc/riscv32/common/riscv32_addr_map_pkg.sv:56:27: Parameter is not used: 'VGA_SIZE_BYTES'
                                                                                                                         : ... note: In instance 'ysyxSoCFull.asic.cpu.cpu.u_npc_system.u_core.u_data_memory_subsystem.gen_dcache.u_dcache.u_miss_unit'
   56 |   localparam int unsigned VGA_SIZE_BYTES = 32'h0020_0000;
      |                           ^~~~~~~~~~~~~~
%Warning-UNUSEDPARAM: /home/yong/ysyx/ysyx-workbench-rv32-interview/npc/vsrc/riscv32/common/riscv32_addr_map_pkg.sv:57:26: Parameter is not used: 'VGA_ADDR_MATCH_MASK'
                                                                                                                         : ... note: In instance 'ysyxSoCFull.asic.cpu.cpu.u_npc_system.u_core.u_data_memory_subsystem.gen_dcache.u_dcache.u_miss_unit'
   57 |   localparam phys_addr_t VGA_ADDR_MATCH_MASK = 32'hffe0_0000;
      |                          ^~~~~~~~~~~~~~~~~~~
%Warning-UNUSEDPARAM: /home/yong/ysyx/ysyx-workbench-rv32-interview/npc/vsrc/riscv32/common/riscv32_addr_map_pkg.sv:61:27: Parameter is not used: 'FLASH_SIZE_BYTES'
                                                                                                                         : ... note: In instance 'ysyxSoCFull.asic.cpu.cpu.u_npc_system.u_core.u_data_memory_subsystem.gen_dcache.u_dcache.u_miss_unit'
   61 |   localparam int unsigned FLASH_SIZE_BYTES = 32'h1000_0000;
      |                           ^~~~~~~~~~~~~~~~
%Warning-UNUSEDPARAM: /home/yong/ysyx/ysyx-workbench-rv32-interview/npc/vsrc/riscv32/common/riscv32_addr_map_pkg.sv:62:26: Parameter is not used: 'FLASH_ADDR_MATCH_MASK'
                                                                                                                         : ... note: In instance 'ysyxSoCFull.asic.cpu.cpu.u_npc_system.u_core.u_data_memory_subsystem.gen_dcache.u_dcache.u_miss_unit'
   62 |   localparam phys_addr_t FLASH_ADDR_MATCH_MASK = 32'hf000_0000;
      |                          ^~~~~~~~~~~~~~~~~~~~~
%Warning-UNUSEDPARAM: /home/yong/ysyx/ysyx-workbench-rv32-interview/npc/vsrc/riscv32/common/riscv32_addr_map_pkg.sv:68:27: Parameter is not used: 'CHIPLINK_MMIO_SIZE_BYTES'
                                                                                                                         : ... note: In instance 'ysyxSoCFull.asic.cpu.cpu.u_npc_system.u_core.u_data_memory_subsystem.gen_dcache.u_dcache.u_miss_unit'
   68 |   localparam int unsigned CHIPLINK_MMIO_SIZE_BYTES = 32'h4000_0000;
      |                           ^~~~~~~~~~~~~~~~~~~~~~~~
%Warning-UNUSEDPARAM: /home/yong/ysyx/ysyx-workbench-rv32-interview/npc/vsrc/riscv32/common/riscv32_addr_map_pkg.sv:69:26: Parameter is not used: 'CHIPLINK_MMIO_ADDR_MATCH_MASK'
                                                                                                                         : ... note: In instance 'ysyxSoCFull.asic.cpu.cpu.u_npc_system.u_core.u_data_memory_subsystem.gen_dcache.u_dcache.u_miss_unit'
   69 |   localparam phys_addr_t CHIPLINK_MMIO_ADDR_MATCH_MASK = 32'hc000_0000;
      |                          ^~~~~~~~~~~~~~~~~~~~~~~~~~~~~
%Warning-UNUSEDPARAM: /home/yong/ysyx/ysyx-workbench-rv32-interview/npc/vsrc/riscv32/common/riscv32_addr_map_pkg.sv:73:27: Parameter is not used: 'PSRAM_SIZE_BYTES'
                                                                                                                         : ... note: In instance 'ysyxSoCFull.asic.cpu.cpu.u_npc_system.u_core.u_data_memory_subsystem.gen_dcache.u_dcache.u_miss_unit'
   73 |   localparam int unsigned PSRAM_SIZE_BYTES = 32'h0040_0000;
      |                           ^~~~~~~~~~~~~~~~
%Warning-UNUSEDPARAM: /home/yong/ysyx/ysyx-workbench-rv32-interview/npc/vsrc/riscv32/common/riscv32_addr_map_pkg.sv:74:26: Parameter is not used: 'PSRAM_ADDR_MATCH_MASK'
                                                                                                                         : ... note: In instance 'ysyxSoCFull.asic.cpu.cpu.u_npc_system.u_core.u_data_memory_subsystem.gen_dcache.u_dcache.u_miss_unit'
   74 |   localparam phys_addr_t PSRAM_ADDR_MATCH_MASK = 32'hffc0_0000;
      |                          ^~~~~~~~~~~~~~~~~~~~~
%Warning-UNUSEDPARAM: /home/yong/ysyx/ysyx-workbench-rv32-interview/npc/vsrc/riscv32/common/riscv32_addr_map_pkg.sv:78:27: Parameter is not used: 'SDRAM_SIZE_BYTES'
                                                                                                                         : ... note: In instance 'ysyxSoCFull.asic.cpu.cpu.u_npc_system.u_core.u_data_memory_subsystem.gen_dcache.u_dcache.u_miss_unit'
   78 |   localparam int unsigned SDRAM_SIZE_BYTES = 32'h0200_0000;
      |                           ^~~~~~~~~~~~~~~~
%Warning-UNUSEDPARAM: /home/yong/ysyx/ysyx-workbench-rv32-interview/npc/vsrc/riscv32/common/riscv32_addr_map_pkg.sv:79:26: Parameter is not used: 'SDRAM_ADDR_MATCH_MASK'
                                                                                                                         : ... note: In instance 'ysyxSoCFull.asic.cpu.cpu.u_npc_system.u_core.u_data_memory_subsystem.gen_dcache.u_dcache.u_miss_unit'
   79 |   localparam phys_addr_t SDRAM_ADDR_MATCH_MASK = 32'hfe00_0000;
      |                          ^~~~~~~~~~~~~~~~~~~~~
%Warning-UNUSEDPARAM: /home/yong/ysyx/ysyx-workbench-rv32-interview/npc/vsrc/riscv32/common/riscv32_addr_map_pkg.sv:83:27: Parameter is not used: 'CHIPLINK_MEMORY_SIZE_BYTES'
                                                                                                                         : ... note: In instance 'ysyxSoCFull.asic.cpu.cpu.u_npc_system.u_core.u_data_memory_subsystem.gen_dcache.u_dcache.u_miss_unit'
   83 |   localparam int unsigned CHIPLINK_MEMORY_SIZE_BYTES = 32'h4000_0000;
      |                           ^~~~~~~~~~~~~~~~~~~~~~~~~~
%Warning-UNUSEDPARAM: /home/yong/ysyx/ysyx-workbench-rv32-interview/npc/vsrc/riscv32/common/riscv32_addr_map_pkg.sv:84:26: Parameter is not used: 'CHIPLINK_MEMORY_ADDR_MATCH_MASK'
                                                                                                                         : ... note: In instance 'ysyxSoCFull.asic.cpu.cpu.u_npc_system.u_core.u_data_memory_subsystem.gen_dcache.u_dcache.u_miss_unit'
   84 |   localparam phys_addr_t CHIPLINK_MEMORY_ADDR_MATCH_MASK = 32'hc000_0000;
      |                          ^~~~~~~~~~~~~~~~~~~~~~~~~~~~~~~
%Warning-UNUSEDPARAM: /home/yong/ysyx/ysyx-workbench-rv32-interview/npc/vsrc/riscv32/common/riscv_config_pkg.sv:17:27: Parameter is not used: 'CONFIG_SELECTION_COUNT'
                                                                                                                     : ... note: In instance 'ysyxSoCFull.asic.cpu.cpu.u_npc_system.u_core.u_data_memory_subsystem.gen_dcache.u_dcache.u_miss_unit'
   17 |   localparam int unsigned CONFIG_SELECTION_COUNT = 1;
      |                           ^~~~~~~~~~~~~~~~~~~~~~
%Warning-UNUSEDPARAM: /home/yong/ysyx/ysyx-workbench-rv32-interview/npc/vsrc/riscv32/common/riscv_config_pkg.sv:58:27: Parameter is not used: 'XLEN_BYTE_COUNT'
                                                                                                                     : ... note: In instance 'ysyxSoCFull.asic.cpu.cpu.u_npc_system.u_core.u_data_memory_subsystem.gen_dcache.u_dcache.u_miss_unit'
   58 |   localparam int unsigned XLEN_BYTE_COUNT = XLEN / 8;
      |                           ^~~~~~~~~~~~~~~
%Warning-UNUSEDPARAM: /home/yong/ysyx/ysyx-workbench-rv32-interview/npc/vsrc/riscv32/common/riscv_config_pkg.sv:70:27: Parameter is not used: 'FETCH_WIDTH'
                                                                                                                     : ... note: In instance 'ysyxSoCFull.asic.cpu.cpu.u_npc_system.u_core.u_data_memory_subsystem.gen_dcache.u_dcache.u_miss_unit'
   70 |   localparam int unsigned FETCH_WIDTH = 1;
      |                           ^~~~~~~~~~~
%Warning-UNUSEDPARAM: /home/yong/ysyx/ysyx-workbench-rv32-interview/npc/vsrc/riscv32/common/riscv_config_pkg.sv:71:27: Parameter is not used: 'DECODE_WIDTH'
                                                                                                                     : ... note: In instance 'ysyxSoCFull.asic.cpu.cpu.u_npc_system.u_core.u_data_memory_subsystem.gen_dcache.u_dcache.u_miss_unit'
   71 |   localparam int unsigned DECODE_WIDTH = 1;
      |                           ^~~~~~~~~~~~
%Warning-UNUSEDPARAM: /home/yong/ysyx/ysyx-workbench-rv32-interview/npc/vsrc/riscv32/common/riscv_config_pkg.sv:72:27: Parameter is not used: 'RENAME_WIDTH'
                                                                                                                     : ... note: In instance 'ysyxSoCFull.asic.cpu.cpu.u_npc_system.u_core.u_data_memory_subsystem.gen_dcache.u_dcache.u_miss_unit'
   72 |   localparam int unsigned RENAME_WIDTH = 1;
      |                           ^~~~~~~~~~~~
%Warning-UNUSEDPARAM: /home/yong/ysyx/ysyx-workbench-rv32-interview/npc/vsrc/riscv32/common/riscv_config_pkg.sv:73:27: Parameter is not used: 'DISPATCH_WIDTH'
                                                                                                                     : ... note: In instance 'ysyxSoCFull.asic.cpu.cpu.u_npc_system.u_core.u_data_memory_subsystem.gen_dcache.u_dcache.u_miss_unit'
   73 |   localparam int unsigned DISPATCH_WIDTH = 1;
      |                           ^~~~~~~~~~~~~~
%Warning-UNUSEDPARAM: /home/yong/ysyx/ysyx-workbench-rv32-interview/npc/vsrc/riscv32/common/riscv_config_pkg.sv:74:27: Parameter is not used: 'COMMIT_WIDTH'
                                                                                                                     : ... note: In instance 'ysyxSoCFull.asic.cpu.cpu.u_npc_system.u_core.u_data_memory_subsystem.gen_dcache.u_dcache.u_miss_unit'
   74 |   localparam int unsigned COMMIT_WIDTH = 1;
      |                           ^~~~~~~~~~~~
%Warning-UNUSEDPARAM: /home/yong/ysyx/ysyx-workbench-rv32-interview/npc/vsrc/riscv32/common/riscv_config_pkg.sv:75:27: Parameter is not used: 'INT_ISSUE_WIDTH'
                                                                                                                     : ... note: In instance 'ysyxSoCFull.asic.cpu.cpu.u_npc_system.u_core.u_data_memory_subsystem.gen_dcache.u_dcache.u_miss_unit'
   75 |   localparam int unsigned INT_ISSUE_WIDTH = 1;
      |                           ^~~~~~~~~~~~~~~
%Warning-UNUSEDPARAM: /home/yong/ysyx/ysyx-workbench-rv32-interview/npc/vsrc/riscv32/common/riscv_config_pkg.sv:76:27: Parameter is not used: 'MEM_ISSUE_WIDTH'
                                                                                                                     : ... note: In instance 'ysyxSoCFull.asic.cpu.cpu.u_npc_system.u_core.u_data_memory_subsystem.gen_dcache.u_dcache.u_miss_unit'
   76 |   localparam int unsigned MEM_ISSUE_WIDTH = 1;
      |                           ^~~~~~~~~~~~~~~
%Warning-UNUSEDPARAM: /home/yong/ysyx/ysyx-workbench-rv32-interview/npc/vsrc/riscv32/common/riscv_config_pkg.sv:112:27: Parameter is not used: 'DCACHE_MSHR_COUNT'
                                                                                                                      : ... note: In instance 'ysyxSoCFull.asic.cpu.cpu.u_npc_system.u_core.u_data_memory_subsystem.gen_dcache.u_dcache.u_miss_unit'
  112 |   localparam int unsigned DCACHE_MSHR_COUNT = 1;
      |                           ^~~~~~~~~~~~~~~~~
%Warning-SYNCASYNCNET: /home/yong/ysyx/ysyx-workbench-rv32-interview/ysyxSoC/build/ysyxSoCFull.v:6571:17: Signal flopped as both synchronous and async: 'reset'
                       /home/yong/ysyx/ysyx-workbench-rv32-interview/ysyxSoC/perip/uart16550/rtl/uart_regs.v:428:9: ... Location of async usage
  428 |     if (wb_rst_i)
      |         ^~~~~~~~
                       /home/yong/ysyx/ysyx-workbench-rv32-interview/ysyxSoC/build/ysyxSoCFull.v:590:12: ... Location of sync usage
  590 |       if (~reset & {~_arFIFOMap_0_T_6, arFIFOMap_0_count} == 4'h0) begin  
      |            ^~~~~
                       ... For warning description see https://verilator.org/warn/SYNCASYNCNET?v=5.043
                       ... Use "/* verilator lint_off SYNCASYNCNET */" and lint_on around source to disable this message.
make[1]: Entering directory '/home/yong/ysyx/ysyx-workbench-rv32-interview/npc/build/passive-perf/cpu-820mhz/obj_dir_soc'
g++  -I.  -MMD -I/home/yong/tools/oss-cad-suite/share/verilator/include -I/home/yong/tools/oss-cad-suite/share/verilator/include/vltstd -DVERILATOR=1 -DVM_COVERAGE=0 -DVM_SC=0 -DVM_TIMING=0 -DVM_TRACE=1 -DVM_TRACE_FST=0 -DVM_TRACE_VCD=1 -DVM_TRACE_SAIF=0 -faligned-new -fcf-protection=none -Wno-bool-operation -Wno-int-in-bool-context -Wno-shadow -Wno-sign-compare -Wno-subobject-linkage -Wno-tautological-compare -Wno-uninitialized -Wno-unused-but-set-parameter -Wno-unused-but-set-variable -Wno-unused-parameter -Wno-unused-variable    -I/home/yong/ysyx/ysyx-workbench-rv32-interview/npc/include -I/home/yong/ysyx/ysyx-workbench/nemu/tools/capstone/repo/include -DNPC_XLEN=32 -DNPC_YSYXSOC_SIM -DTOP_CLASS=VysyxSoCFull -DTOP_DPI_CLASS=VysyxSoCFull__Dpi -DTOP_CLOCK=clock -DTOP_RESET=reset -DTOP_RESET_ACTIVE_LEVEL=1   -O3  -c -o cpu.o /home/yong/ysyx/ysyx-workbench-rv32-interview/npc/csrc/cpu.cpp
g++ -O3  -I.  -MMD -I/home/yong/tools/oss-cad-suite/share/verilator/include -I/home/yong/tools/oss-cad-suite/share/verilator/include/vltstd -DVERILATOR=1 -DVM_COVERAGE=0 -DVM_SC=0 -DVM_TIMING=0 -DVM_TRACE=1 -DVM_TRACE_FST=0 -DVM_TRACE_VCD=1 -DVM_TRACE_SAIF=0 -faligned-new -fcf-protection=none -Wno-bool-operation -Wno-int-in-bool-context -Wno-shadow -Wno-sign-compare -Wno-subobject-linkage -Wno-tautological-compare -Wno-uninitialized -Wno-unused-but-set-parameter -Wno-unused-but-set-variable -Wno-unused-parameter -Wno-unused-variable    -I/home/yong/ysyx/ysyx-workbench-rv32-interview/npc/include -I/home/yong/ysyx/ysyx-workbench/nemu/tools/capstone/repo/include -DNPC_XLEN=32 -DNPC_YSYXSOC_SIM -DTOP_CLASS=VysyxSoCFull -DTOP_DPI_CLASS=VysyxSoCFull__Dpi -DTOP_CLOCK=clock -DTOP_RESET=reset -DTOP_RESET_ACTIVE_LEVEL=1   -c -o verilated.o /home/yong/tools/oss-cad-suite/share/verilator/include/verilated.cpp
g++ -O3  -I.  -MMD -I/home/yong/tools/oss-cad-suite/share/verilator/include -I/home/yong/tools/oss-cad-suite/share/verilator/include/vltstd -DVERILATOR=1 -DVM_COVERAGE=0 -DVM_SC=0 -DVM_TIMING=0 -DVM_TRACE=1 -DVM_TRACE_FST=0 -DVM_TRACE_VCD=1 -DVM_TRACE_SAIF=0 -faligned-new -fcf-protection=none -Wno-bool-operation -Wno-int-in-bool-context -Wno-shadow -Wno-sign-compare -Wno-subobject-linkage -Wno-tautological-compare -Wno-uninitialized -Wno-unused-but-set-parameter -Wno-unused-but-set-variable -Wno-unused-parameter -Wno-unused-variable    -I/home/yong/ysyx/ysyx-workbench-rv32-interview/npc/include -I/home/yong/ysyx/ysyx-workbench/nemu/tools/capstone/repo/include -DNPC_XLEN=32 -DNPC_YSYXSOC_SIM -DTOP_CLASS=VysyxSoCFull -DTOP_DPI_CLASS=VysyxSoCFull__Dpi -DTOP_CLOCK=clock -DTOP_RESET=reset -DTOP_RESET_ACTIVE_LEVEL=1   -c -o verilated_dpi.o /home/yong/tools/oss-cad-suite/share/verilator/include/verilated_dpi.cpp
g++ -O3  -I.  -MMD -I/home/yong/tools/oss-cad-suite/share/verilator/include -I/home/yong/tools/oss-cad-suite/share/verilator/include/vltstd -DVERILATOR=1 -DVM_COVERAGE=0 -DVM_SC=0 -DVM_TIMING=0 -DVM_TRACE=1 -DVM_TRACE_FST=0 -DVM_TRACE_VCD=1 -DVM_TRACE_SAIF=0 -faligned-new -fcf-protection=none -Wno-bool-operation -Wno-int-in-bool-context -Wno-shadow -Wno-sign-compare -Wno-subobject-linkage -Wno-tautological-compare -Wno-uninitialized -Wno-unused-but-set-parameter -Wno-unused-but-set-variable -Wno-unused-parameter -Wno-unused-variable    -I/home/yong/ysyx/ysyx-workbench-rv32-interview/npc/include -I/home/yong/ysyx/ysyx-workbench/nemu/tools/capstone/repo/include -DNPC_XLEN=32 -DNPC_YSYXSOC_SIM -DTOP_CLASS=VysyxSoCFull -DTOP_DPI_CLASS=VysyxSoCFull__Dpi -DTOP_CLOCK=clock -DTOP_RESET=reset -DTOP_RESET_ACTIVE_LEVEL=1   -c -o verilated_vcd_c.o /home/yong/tools/oss-cad-suite/share/verilator/include/verilated_vcd_c.cpp
g++ -O3  -I.  -MMD -I/home/yong/tools/oss-cad-suite/share/verilator/include -I/home/yong/tools/oss-cad-suite/share/verilator/include/vltstd -DVERILATOR=1 -DVM_COVERAGE=0 -DVM_SC=0 -DVM_TIMING=0 -DVM_TRACE=1 -DVM_TRACE_FST=0 -DVM_TRACE_VCD=1 -DVM_TRACE_SAIF=0 -faligned-new -fcf-protection=none -Wno-bool-operation -Wno-int-in-bool-context -Wno-shadow -Wno-sign-compare -Wno-subobject-linkage -Wno-tautological-compare -Wno-uninitialized -Wno-unused-but-set-parameter -Wno-unused-but-set-variable -Wno-unused-parameter -Wno-unused-variable    -I/home/yong/ysyx/ysyx-workbench-rv32-interview/npc/include -I/home/yong/ysyx/ysyx-workbench/nemu/tools/capstone/repo/include -DNPC_XLEN=32 -DNPC_YSYXSOC_SIM -DTOP_CLASS=VysyxSoCFull -DTOP_DPI_CLASS=VysyxSoCFull__Dpi -DTOP_CLOCK=clock -DTOP_RESET=reset -DTOP_RESET_ACTIVE_LEVEL=1   -c -o verilated_threads.o /home/yong/tools/oss-cad-suite/share/verilator/include/verilated_threads.cpp
g++ -O3  -I.  -MMD -I/home/yong/tools/oss-cad-suite/share/verilator/include -I/home/yong/tools/oss-cad-suite/share/verilator/include/vltstd -DVERILATOR=1 -DVM_COVERAGE=0 -DVM_SC=0 -DVM_TIMING=0 -DVM_TRACE=1 -DVM_TRACE_FST=0 -DVM_TRACE_VCD=1 -DVM_TRACE_SAIF=0 -faligned-new -fcf-protection=none -Wno-bool-operation -Wno-int-in-bool-context -Wno-shadow -Wno-sign-compare -Wno-subobject-linkage -Wno-tautological-compare -Wno-uninitialized -Wno-unused-but-set-parameter -Wno-unused-but-set-variable -Wno-unused-parameter -Wno-unused-variable    -I/home/yong/ysyx/ysyx-workbench-rv32-interview/npc/include -I/home/yong/ysyx/ysyx-workbench/nemu/tools/capstone/repo/include -DNPC_XLEN=32 -DNPC_YSYXSOC_SIM -DTOP_CLASS=VysyxSoCFull -DTOP_DPI_CLASS=VysyxSoCFull__Dpi -DTOP_CLOCK=clock -DTOP_RESET=reset -DTOP_RESET_ACTIVE_LEVEL=1   -x c++-header VysyxSoCFull__pch.h -o VysyxSoCFull__pch.h.fast.gch
g++ -O3  -I.  -MMD -I/home/yong/tools/oss-cad-suite/share/verilator/include -I/home/yong/tools/oss-cad-suite/share/verilator/include/vltstd -DVERILATOR=1 -DVM_COVERAGE=0 -DVM_SC=0 -DVM_TIMING=0 -DVM_TRACE=1 -DVM_TRACE_FST=0 -DVM_TRACE_VCD=1 -DVM_TRACE_SAIF=0 -faligned-new -fcf-protection=none -Wno-bool-operation -Wno-int-in-bool-context -Wno-shadow -Wno-sign-compare -Wno-subobject-linkage -Wno-tautological-compare -Wno-uninitialized -Wno-unused-but-set-parameter -Wno-unused-but-set-variable -Wno-unused-parameter -Wno-unused-variable    -I/home/yong/ysyx/ysyx-workbench-rv32-interview/npc/include -I/home/yong/ysyx/ysyx-workbench/nemu/tools/capstone/repo/include -DNPC_XLEN=32 -DNPC_YSYXSOC_SIM -DTOP_CLASS=VysyxSoCFull -DTOP_DPI_CLASS=VysyxSoCFull__Dpi -DTOP_CLOCK=clock -DTOP_RESET=reset -DTOP_RESET_ACTIVE_LEVEL=1   -include VysyxSoCFull__pch.h.fast -c -o VysyxSoCFull_vm_classes_0.o VysyxSoCFull_vm_classes_0.cpp
g++ -O3  -I.  -MMD -I/home/yong/tools/oss-cad-suite/share/verilator/include -I/home/yong/tools/oss-cad-suite/share/verilator/include/vltstd -DVERILATOR=1 -DVM_COVERAGE=0 -DVM_SC=0 -DVM_TIMING=0 -DVM_TRACE=1 -DVM_TRACE_FST=0 -DVM_TRACE_VCD=1 -DVM_TRACE_SAIF=0 -faligned-new -fcf-protection=none -Wno-bool-operation -Wno-int-in-bool-context -Wno-shadow -Wno-sign-compare -Wno-subobject-linkage -Wno-tautological-compare -Wno-uninitialized -Wno-unused-but-set-parameter -Wno-unused-but-set-variable -Wno-unused-parameter -Wno-unused-variable    -I/home/yong/ysyx/ysyx-workbench-rv32-interview/npc/include -I/home/yong/ysyx/ysyx-workbench/nemu/tools/capstone/repo/include -DNPC_XLEN=32 -DNPC_YSYXSOC_SIM -DTOP_CLASS=VysyxSoCFull -DTOP_DPI_CLASS=VysyxSoCFull__Dpi -DTOP_CLOCK=clock -DTOP_RESET=reset -DTOP_RESET_ACTIVE_LEVEL=1   -include VysyxSoCFull__pch.h.fast -c -o VysyxSoCFull__Dpi.o VysyxSoCFull__Dpi.cpp
g++ -O3  -I.  -MMD -I/home/yong/tools/oss-cad-suite/share/verilator/include -I/home/yong/tools/oss-cad-suite/share/verilator/include/vltstd -DVERILATOR=1 -DVM_COVERAGE=0 -DVM_SC=0 -DVM_TIMING=0 -DVM_TRACE=1 -DVM_TRACE_FST=0 -DVM_TRACE_VCD=1 -DVM_TRACE_SAIF=0 -faligned-new -fcf-protection=none -Wno-bool-operation -Wno-int-in-bool-context -Wno-shadow -Wno-sign-compare -Wno-subobject-linkage -Wno-tautological-compare -Wno-uninitialized -Wno-unused-but-set-parameter -Wno-unused-but-set-variable -Wno-unused-parameter -Wno-unused-variable    -I/home/yong/ysyx/ysyx-workbench-rv32-interview/npc/include -I/home/yong/ysyx/ysyx-workbench/nemu/tools/capstone/repo/include -DNPC_XLEN=32 -DNPC_YSYXSOC_SIM -DTOP_CLASS=VysyxSoCFull -DTOP_DPI_CLASS=VysyxSoCFull__Dpi -DTOP_CLOCK=clock -DTOP_RESET=reset -DTOP_RESET_ACTIVE_LEVEL=1   -include VysyxSoCFull__pch.h.fast -c -o VysyxSoCFull__Trace__0.o VysyxSoCFull__Trace__0.cpp
g++ -O1  -I.  -MMD -I/home/yong/tools/oss-cad-suite/share/verilator/include -I/home/yong/tools/oss-cad-suite/share/verilator/include/vltstd -DVERILATOR=1 -DVM_COVERAGE=0 -DVM_SC=0 -DVM_TIMING=0 -DVM_TRACE=1 -DVM_TRACE_FST=0 -DVM_TRACE_VCD=1 -DVM_TRACE_SAIF=0 -faligned-new -fcf-protection=none -Wno-bool-operation -Wno-int-in-bool-context -Wno-shadow -Wno-sign-compare -Wno-subobject-linkage -Wno-tautological-compare -Wno-uninitialized -Wno-unused-but-set-parameter -Wno-unused-but-set-variable -Wno-unused-parameter -Wno-unused-variable    -I/home/yong/ysyx/ysyx-workbench-rv32-interview/npc/include -I/home/yong/ysyx/ysyx-workbench/nemu/tools/capstone/repo/include -DNPC_XLEN=32 -DNPC_YSYXSOC_SIM -DTOP_CLASS=VysyxSoCFull -DTOP_DPI_CLASS=VysyxSoCFull__Dpi -DTOP_CLOCK=clock -DTOP_RESET=reset -DTOP_RESET_ACTIVE_LEVEL=1   -x c++-header VysyxSoCFull__pch.h -o VysyxSoCFull__pch.h.slow.gch
g++ -O1  -I.  -MMD -I/home/yong/tools/oss-cad-suite/share/verilator/include -I/home/yong/tools/oss-cad-suite/share/verilator/include/vltstd -DVERILATOR=1 -DVM_COVERAGE=0 -DVM_SC=0 -DVM_TIMING=0 -DVM_TRACE=1 -DVM_TRACE_FST=0 -DVM_TRACE_VCD=1 -DVM_TRACE_SAIF=0 -faligned-new -fcf-protection=none -Wno-bool-operation -Wno-int-in-bool-context -Wno-shadow -Wno-sign-compare -Wno-subobject-linkage -Wno-tautological-compare -Wno-uninitialized -Wno-unused-but-set-parameter -Wno-unused-but-set-variable -Wno-unused-parameter -Wno-unused-variable    -I/home/yong/ysyx/ysyx-workbench-rv32-interview/npc/include -I/home/yong/ysyx/ysyx-workbench/nemu/tools/capstone/repo/include -DNPC_XLEN=32 -DNPC_YSYXSOC_SIM -DTOP_CLASS=VysyxSoCFull -DTOP_DPI_CLASS=VysyxSoCFull__Dpi -DTOP_CLOCK=clock -DTOP_RESET=reset -DTOP_RESET_ACTIVE_LEVEL=1   -include VysyxSoCFull__pch.h.slow -c -o VysyxSoCFull__ConstPool__0__Slow.o VysyxSoCFull__ConstPool__0__Slow.cpp
g++ -O1  -I.  -MMD -I/home/yong/tools/oss-cad-suite/share/verilator/include -I/home/yong/tools/oss-cad-suite/share/verilator/include/vltstd -DVERILATOR=1 -DVM_COVERAGE=0 -DVM_SC=0 -DVM_TIMING=0 -DVM_TRACE=1 -DVM_TRACE_FST=0 -DVM_TRACE_VCD=1 -DVM_TRACE_SAIF=0 -faligned-new -fcf-protection=none -Wno-bool-operation -Wno-int-in-bool-context -Wno-shadow -Wno-sign-compare -Wno-subobject-linkage -Wno-tautological-compare -Wno-uninitialized -Wno-unused-but-set-parameter -Wno-unused-but-set-variable -Wno-unused-parameter -Wno-unused-variable    -I/home/yong/ysyx/ysyx-workbench-rv32-interview/npc/include -I/home/yong/ysyx/ysyx-workbench/nemu/tools/capstone/repo/include -DNPC_XLEN=32 -DNPC_YSYXSOC_SIM -DTOP_CLASS=VysyxSoCFull -DTOP_DPI_CLASS=VysyxSoCFull__Dpi -DTOP_CLOCK=clock -DTOP_RESET=reset -DTOP_RESET_ACTIVE_LEVEL=1   -include VysyxSoCFull__pch.h.slow -c -o VysyxSoCFull___024root__Slow.o VysyxSoCFull___024root__Slow.cpp
g++ -O1  -I.  -MMD -I/home/yong/tools/oss-cad-suite/share/verilator/include -I/home/yong/tools/oss-cad-suite/share/verilator/include/vltstd -DVERILATOR=1 -DVM_COVERAGE=0 -DVM_SC=0 -DVM_TIMING=0 -DVM_TRACE=1 -DVM_TRACE_FST=0 -DVM_TRACE_VCD=1 -DVM_TRACE_SAIF=0 -faligned-new -fcf-protection=none -Wno-bool-operation -Wno-int-in-bool-context -Wno-shadow -Wno-sign-compare -Wno-subobject-linkage -Wno-tautological-compare -Wno-uninitialized -Wno-unused-but-set-parameter -Wno-unused-but-set-variable -Wno-unused-parameter -Wno-unused-variable    -I/home/yong/ysyx/ysyx-workbench-rv32-interview/npc/include -I/home/yong/ysyx/ysyx-workbench/nemu/tools/capstone/repo/include -DNPC_XLEN=32 -DNPC_YSYXSOC_SIM -DTOP_CLASS=VysyxSoCFull -DTOP_DPI_CLASS=VysyxSoCFull__Dpi -DTOP_CLOCK=clock -DTOP_RESET=reset -DTOP_RESET_ACTIVE_LEVEL=1   -include VysyxSoCFull__pch.h.slow -c -o VysyxSoCFull___024root__0__Slow.o VysyxSoCFull___024root__0__Slow.cpp
g++ -O1  -I.  -MMD -I/home/yong/tools/oss-cad-suite/share/verilator/include -I/home/yong/tools/oss-cad-suite/share/verilator/include/vltstd -DVERILATOR=1 -DVM_COVERAGE=0 -DVM_SC=0 -DVM_TIMING=0 -DVM_TRACE=1 -DVM_TRACE_FST=0 -DVM_TRACE_VCD=1 -DVM_TRACE_SAIF=0 -faligned-new -fcf-protection=none -Wno-bool-operation -Wno-int-in-bool-context -Wno-shadow -Wno-sign-compare -Wno-subobject-linkage -Wno-tautological-compare -Wno-uninitialized -Wno-unused-but-set-parameter -Wno-unused-but-set-variable -Wno-unused-parameter -Wno-unused-variable    -I/home/yong/ysyx/ysyx-workbench-rv32-interview/npc/include -I/home/yong/ysyx/ysyx-workbench/nemu/tools/capstone/repo/include -DNPC_XLEN=32 -DNPC_YSYXSOC_SIM -DTOP_CLASS=VysyxSoCFull -DTOP_DPI_CLASS=VysyxSoCFull__Dpi -DTOP_CLOCK=clock -DTOP_RESET=reset -DTOP_RESET_ACTIVE_LEVEL=1   -include VysyxSoCFull__pch.h.slow -c -o VysyxSoCFull_vm_classes_Slow_0.o VysyxSoCFull_vm_classes_Slow_0.cpp
g++ -O1  -I.  -MMD -I/home/yong/tools/oss-cad-suite/share/verilator/include -I/home/yong/tools/oss-cad-suite/share/verilator/include/vltstd -DVERILATOR=1 -DVM_COVERAGE=0 -DVM_SC=0 -DVM_TIMING=0 -DVM_TRACE=1 -DVM_TRACE_FST=0 -DVM_TRACE_VCD=1 -DVM_TRACE_SAIF=0 -faligned-new -fcf-protection=none -Wno-bool-operation -Wno-int-in-bool-context -Wno-shadow -Wno-sign-compare -Wno-subobject-linkage -Wno-tautological-compare -Wno-uninitialized -Wno-unused-but-set-parameter -Wno-unused-but-set-variable -Wno-unused-parameter -Wno-unused-variable    -I/home/yong/ysyx/ysyx-workbench-rv32-interview/npc/include -I/home/yong/ysyx/ysyx-workbench/nemu/tools/capstone/repo/include -DNPC_XLEN=32 -DNPC_YSYXSOC_SIM -DTOP_CLASS=VysyxSoCFull -DTOP_DPI_CLASS=VysyxSoCFull__Dpi -DTOP_CLOCK=clock -DTOP_RESET=reset -DTOP_RESET_ACTIVE_LEVEL=1   -include VysyxSoCFull__pch.h.slow -c -o VysyxSoCFull__Syms__Slow.o VysyxSoCFull__Syms__Slow.cpp
g++ -O1  -I.  -MMD -I/home/yong/tools/oss-cad-suite/share/verilator/include -I/home/yong/tools/oss-cad-suite/share/verilator/include/vltstd -DVERILATOR=1 -DVM_COVERAGE=0 -DVM_SC=0 -DVM_TIMING=0 -DVM_TRACE=1 -DVM_TRACE_FST=0 -DVM_TRACE_VCD=1 -DVM_TRACE_SAIF=0 -faligned-new -fcf-protection=none -Wno-bool-operation -Wno-int-in-bool-context -Wno-shadow -Wno-sign-compare -Wno-subobject-linkage -Wno-tautological-compare -Wno-uninitialized -Wno-unused-but-set-parameter -Wno-unused-but-set-variable -Wno-unused-parameter -Wno-unused-variable    -I/home/yong/ysyx/ysyx-workbench-rv32-interview/npc/include -I/home/yong/ysyx/ysyx-workbench/nemu/tools/capstone/repo/include -DNPC_XLEN=32 -DNPC_YSYXSOC_SIM -DTOP_CLASS=VysyxSoCFull -DTOP_DPI_CLASS=VysyxSoCFull__Dpi -DTOP_CLOCK=clock -DTOP_RESET=reset -DTOP_RESET_ACTIVE_LEVEL=1   -include VysyxSoCFull__pch.h.slow -c -o VysyxSoCFull__Trace__0__Slow.o VysyxSoCFull__Trace__0__Slow.cpp
g++ -O1  -I.  -MMD -I/home/yong/tools/oss-cad-suite/share/verilator/include -I/home/yong/tools/oss-cad-suite/share/verilator/include/vltstd -DVERILATOR=1 -DVM_COVERAGE=0 -DVM_SC=0 -DVM_TIMING=0 -DVM_TRACE=1 -DVM_TRACE_FST=0 -DVM_TRACE_VCD=1 -DVM_TRACE_SAIF=0 -faligned-new -fcf-protection=none -Wno-bool-operation -Wno-int-in-bool-context -Wno-shadow -Wno-sign-compare -Wno-subobject-linkage -Wno-tautological-compare -Wno-uninitialized -Wno-unused-but-set-parameter -Wno-unused-but-set-variable -Wno-unused-parameter -Wno-unused-variable    -I/home/yong/ysyx/ysyx-workbench-rv32-interview/npc/include -I/home/yong/ysyx/ysyx-workbench/nemu/tools/capstone/repo/include -DNPC_XLEN=32 -DNPC_YSYXSOC_SIM -DTOP_CLASS=VysyxSoCFull -DTOP_DPI_CLASS=VysyxSoCFull__Dpi -DTOP_CLOCK=clock -DTOP_RESET=reset -DTOP_RESET_ACTIVE_LEVEL=1   -include VysyxSoCFull__pch.h.slow -c -o VysyxSoCFull__TraceDecls__0__Slow.o VysyxSoCFull__TraceDecls__0__Slow.cpp
g++    cpu.o difftest.o expr.o ftrace.o mem.o perf_observer.o sdb.o sim_main.o trace.o watchpoint.o verilated.o verilated_dpi.o verilated_vcd_c.o verilated_threads.o VysyxSoCFull__ALL.a   -L/home/yong/ysyx/ysyx-workbench/nemu/tools/capstone/repo -Wl,-rpath=/home/yong/ysyx/ysyx-workbench/nemu/tools/capstone/repo -lcapstone -ldl  -pthread -lpthread -latomic   -o /home/yong/ysyx/ysyx-workbench-rv32-interview/npc/build/passive-perf/cpu-820mhz/ysyxSoCFull_sim
rm VysyxSoCFull__ALL.verilator_deplist.tmp
make[1]: Leaving directory '/home/yong/ysyx/ysyx-workbench-rv32-interview/npc/build/passive-perf/cpu-820mhz/obj_dir_soc'
- V e r i l a t i o n   R e p o r t: Verilator 5.043 devel rev v5.042-244-g4080284e5
- Verilator: Built from 46.813 MB sources in 132 modules, into 7.816 MB in 18 C++ files needing 0.004 MB
- Verilator: Walltime 286.074 s (elab=1.445, cvt=10.428, bld=271.903); cpu 14.196 s on 1 threads; alloced 76.078 MB
make: Leaving directory '/home/yong/ysyx/ysyx-workbench-rv32-interview/npc'
