Generate the report at 2026-09-19T16:23:29, GitVersion: aa25008b3778a76ae1975c839d4cc459f7f7b3b7.
+----------------------------------------------------------------------------------------------+--------------------------+------------+------------+---------------+-------+--------+-----------+
| Endpoint                                                                                     | Clock Group              | Delay Type | Path Delay | Path Required | CPPR  | Slack  | Freq(MHz) |
+----------------------------------------------------------------------------------------------+--------------------------+------------+------------+---------------+-------+--------+-----------+
| data_axi4_manager_o_35_                                                                      | core_clock               | max        | 1.350f     | 1.333         | 0.000 | -0.018 | 593.903   |
| data_axi4_manager_o_56_                                                                      | core_clock               | max        | 1.350f     | 1.333         | 0.000 | -0.018 | 593.903   |
| data_axi4_manager_o_43_                                                                      | core_clock               | max        | 1.350f     | 1.333         | 0.000 | -0.018 | 593.903   |
| data_axi4_manager_o_50_                                                                      | core_clock               | max        | 1.350f     | 1.333         | 0.000 | -0.018 | 593.903   |
| data_axi4_manager_o_33_                                                                      | core_clock               | max        | 1.350f     | 1.333         | 0.000 | -0.018 | 593.903   |
| u_core.u_ifu.predictor_fetch_pc_d_2__OAI221_X1_ZN_B2_CLKGATE_X1_E:E                          | **clock_gating_default** | max        | 1.501r     | 1.607         | 0.000 | 0.106  | NA        |
| u_core.u_ifu.lookup_queue_write_index_q_reg_p_CK_CLKGATE_X1_GCK:E                            | **clock_gating_default** | max        | 1.490r     | 1.612         | 0.000 | 0.121  | NA        |
| u_core.u_ifu.predictor_fetch_pc_d_2__OAI221_X1_ZN_B2_CLKGATE_X1_E:E                          | **clock_gating_default** | max        | 1.490f     | 1.612         | 0.000 | 0.122  | NA        |
| u_core.u_ifu.predictor_fetch_pc_d_4__OAI211_X1_ZN_A_OAI211_X1_ZN_A_CLKGATE_X1_E:E            | **clock_gating_default** | max        | 1.490r     | 1.613         | 0.000 | 0.124  | NA        |
| u_core.u_ifu.lookup_queue_write_index_q_AND4_X1_A1_ZN_CLKGATE_X1_E:E                         | **clock_gating_default** | max        | 1.482f     | 1.621         | 0.000 | 0.139  | NA        |
| u_core.u_lsu.memory_writeback_134__reg_p:D                                                   | core_clock               | min        | 0.066r     | 0.007         | 0.000 | 0.059  | NA        |
| u_core.u_lsu.memory_writeback_134__reg_p:D                                                   | core_clock               | min        | 0.066r     | 0.007         | 0.000 | 0.059  | NA        |
| u_core.u_ifu.lookup_queue_read_index_q_reg_p:D                                               | core_clock               | min        | 0.066r     | 0.006         | 0.000 | 0.060  | NA        |
| u_core.u_ifu.lookup_queue_read_index_q_reg_p:D                                               | core_clock               | min        | 0.066r     | 0.006         | 0.000 | 0.060  | NA        |
| u_core.next_pc_predictor_lookup_request_epoch_0__reg_p:D                                     | core_clock               | min        | 0.066r     | 0.006         | 0.000 | 0.060  | NA        |
| u_core.u_data_mem.gen_dcache.u_dcache.refill_req_ready_reg_p_QN_NOR4_X1_A3_ZN_CLKGATE_X1_E:E | **clock_gating_default** | min        | 0.079f     | -0.015        | 0.000 | 0.094  | NA        |
| u_core.u_icache.u_riscv32_icache_miss_unit.state_q_0__reg_p_CK_CLKGATE_X1_GCK:E              | **clock_gating_default** | min        | 0.089f     | -0.015        | 0.000 | 0.104  | NA        |
| u_core.u_fetch_buffer.write_index_q_NOR2_X1_A1_ZN_CLKGATE_X1_E:E                             | **clock_gating_default** | min        | 0.110r     | -0.001        | 0.000 | 0.111  | NA        |
| u_core.commit_213__INV_X1_A_ZN_AND4_X1_A4_ZN_AOI22_X1_B2_1_ZN_CLKGATE_X1_E:E                 | **clock_gating_default** | min        | 0.112r     | -0.001        | 0.000 | 0.113  | NA        |
| u_core.u_ifu.lookup_queue_write_index_q_reg_p_QN_AND4_X1_A1_ZN_CLKGATE_X1_E:E                | **clock_gating_default** | min        | 0.097f     | -0.016        | 0.000 | 0.113  | NA        |
+----------------------------------------------------------------------------------------------+--------------------------+------------+------------+---------------+-------+--------+-----------+
+------------+------------+--------+
| Clock      | Delay Type | TNS    |
+------------+------------+--------+
| core_clock | max        | -0.427 |
| core_clock | min        | 0.000  |
+------------+------------+--------+
+----------------------------------------------------------------------------------------------------------------------------------------+--------+-------------+------------+------------+-------------+--------+-----------------+
| Point                                                                                                                                  | Fanout | Capacitance | Resistance | Transition | Delta Delay | Incr   | Path            |
+----------------------------------------------------------------------------------------------------------------------------------------+--------+-------------+------------+------------+-------------+--------+-----------------+
| clk_i (port)                                                                                                                           |        | 0.936       | 0.000      | 0.100      |             | 0.000  | 0.000r          |
| clk_i (clock net)                                                                                                                      | 550    |             |            |            | NA          |        |                 |
| u_core.u_lsu.state_q_0__reg_p_CK_CLKGATE_X1_GCK:CK (CLKGATE_X1)                                                                        |        | 0.002       | 0.000      | 0.000      |             | 0.000  | 0.000r          |
| u_core.u_lsu.state_q_0__reg_p_CK_CLKGATE_X1_GCK:GCK (CLKGATE_X1)                                                                       |        | 0.002       | 0.000      | 0.000      |             | 0.000  | 0.000r          |
| u_core.u_lsu.state_q_0__reg_p_CK (clock net)                                                                                           | 2      |             |            |            | NA          |        |                 |
| u_core.u_lsu.state_q_0__reg_p:CK (DFFR_X1)                                                                                             |        | 0.001       | 0.000      | 0.000      |             | 0.000  | 0.000r          |
| clock core_clock (rise edge)                                                                                                           |        |             |            |            |             | 0      | 0               |
| clock network delay (ideal)                                                                                                            |        |             |            |            |             | 0.000  | 0.000           |
| u_core.u_lsu.state_q_0__reg_p:CK (DFFR_X1)                                                                                             |        | 0.001       | 0.000      | 0.000      |             | 0.000  | 0.000r          |
| u_core.u_lsu.state_q_0__reg_p:Q (DFFR_X1)                                                                                              |        | 0.043       | 0.000      | 0.104      |             | 0.199  | 0.199r          |
| u_core.u_lsu.state_q_0_ (net)                                                                                                          | 24     |             |            |            | 0.000       |        |                 |
| u_core.u_lsu.state_q_0__INV_X2_A:A (INV_X2)                                                                                            |        | 0.003       | 0.000      | 0.104      |             | 0.000  | 0.199r          |
| u_core.u_lsu.state_q_0__INV_X2_A:ZN (INV_X2)                                                                                           |        | 0.030       | 0.000      | 0.037      |             | 0.049  | 0.248f          |
| u_core.execute_packet_160__AND2_X1_A2_A1 (net)                                                                                         | 24     |             |            |            | 0.000       |        |                 |
| u_core.execute_packet_160__AND2_X1_A2:A1 (AND2_X1)                                                                                     |        | 0.001       | 0.000      | 0.037      |             | 0.000  | 0.248f          |
| u_core.execute_packet_160__AND2_X1_A2:ZN (AND2_X1)                                                                                     |        | 0.005       | 0.000      | 0.010      |             | 0.048  | 0.296f          |
| u_core.execute_packet_160__AND2_X1_A2_ZN (net)                                                                                         | 2      |             |            |            | 0.000       |        |                 |
| u_core.execute_packet_160__AND2_X1_A2_ZN_AOI21_X2_A:A (AOI21_X2)                                                                       |        | 0.003       | 0.000      | 0.010      |             | 0.000  | 0.296f          |
| u_core.execute_packet_160__AND2_X1_A2_ZN_AOI21_X2_A:ZN (AOI21_X2)                                                                      |        | 0.023       | 0.000      | 0.070      |             | 0.070  | 0.366r          |
| u_core.data_memory_req_43__INV_X1_ZN_A (net)                                                                                           | 14     |             |            |            | 0.000       |        |                 |
| u_core.data_memory_req_43__INV_X1_ZN:A (INV_X1)                                                                                        |        | 0.002       | 0.000      | 0.070      |             | 0.000  | 0.366r          |
| u_core.data_memory_req_43__INV_X1_ZN:ZN (INV_X1)                                                                                       |        | 0.006       | 0.000      | 0.020      |             | 0.023  | 0.390f          |
| u_core.data_memory_req_43_ (net)                                                                                                       | 4      |             |            |            | 0.000       |        |                 |
| u_core.data_memory_req_43__NAND2_X1_A1:A1 (NAND2_X1)                                                                                   |        | 0.002       | 0.000      | 0.020      |             | 0.000  | 0.390f          |
| u_core.data_memory_req_43__NAND2_X1_A1:ZN (NAND2_X1)                                                                                   |        | 0.003       | 0.000      | 0.019      |             | 0.026  | 0.415r          |
| u_core.data_memory_req_43__NAND2_X1_A1_ZN (net)                                                                                        | 1      |             |            |            | 0.000       |        |                 |
| u_core.data_memory_req_43__NAND2_X1_A1_ZN_BUF_X4_A:A (BUF_X4)                                                                          |        | 0.003       | 0.000      | 0.019      |             | 0.000  | 0.415r          |
| u_core.data_memory_req_43__NAND2_X1_A1_ZN_BUF_X4_A:Z (BUF_X4)                                                                          |        | 0.027       | 0.000      | 0.019      |             | 0.037  | 0.453r          |
| u_core.data_memory_req_44__OR4_X1_A2_A3 (net)                                                                                          | 18     |             |            |            | 0.000       |        |                 |
| u_core.u_lsu.state_d_1__MUX2_X1_Z_A_NOR4_X1_ZN_A2_AOI21_X1_A:B2 (AOI21_X1)                                                             |        | 0.002       | 0.000      | 0.019      |             | 0.000  | 0.453r          |
| u_core.u_lsu.state_d_1__MUX2_X1_Z_A_NOR4_X1_ZN_A2_AOI21_X1_A:ZN (AOI21_X1)                                                             |        | 0.012       | 0.000      | 0.036      |             | 0.042  | 0.494f          |
| u_core.commit_39__reg_p_D_OAI33_X1_ZN_B1_AOI21_X1_B1_B2 (net)                                                                          | 8      |             |            |            | 0.000       |        |                 |
| u_core.lsu_req_33__OAI21_X1_B1_A_AOI22_X1_B2_ZN_OAI221_X1_C1:A (OAI221_X1)                                                             |        | 0.002       | 0.000      | 0.036      |             | 0.000  | 0.494f          |
| u_core.lsu_req_33__OAI21_X1_B1_A_AOI22_X1_B2_ZN_OAI221_X1_C1:ZN (OAI221_X1)                                                            |        | 0.002       | 0.000      | 0.038      |             | 0.034  | 0.528r          |
| u_core.lsu_req_33__OAI21_X1_B1_A_AOI22_X1_B2_ZN_OAI221_X1_C1_ZN (net)                                                                  | 1      |             |            |            | 0.000       |        |                 |
| u_core.lsu_req_33__OAI21_X1_B1_A_AOI22_X1_B2_ZN_OAI221_X1_C1_ZN_BUF_X2_A:A (BUF_X2)                                                    |        | 0.002       | 0.000      | 0.038      |             | 0.000  | 0.528r          |
| u_core.lsu_req_33__OAI21_X1_B1_A_AOI22_X1_B2_ZN_OAI221_X1_C1_ZN_BUF_X2_A:Z (BUF_X2)                                                    |        | 0.029       | 0.000      | 0.037      |             | 0.061  | 0.589r          |
| u_core.execute_packet_135__NAND4_X1_A4_A1 (net)                                                                                        | 19     |             |            |            | 0.000       |        |                 |
| u_core.resolved_execute_result_208__AOI221_X1_A_C2_AOI22_X1_A2:B2 (AOI22_X1)                                                           |        | 0.002       | 0.000      | 0.037      |             | 0.000  | 0.589r          |
| u_core.resolved_execute_result_208__AOI221_X1_A_C2_AOI22_X1_A2:ZN (AOI22_X1)                                                           |        | 0.001       | 0.000      | 0.025      |             | 0.025  | 0.614f          |
| u_core.resolved_execute_result_208__AOI221_X1_A_C2_AOI22_X1_A2_ZN (net)                                                                | 1      |             |            |            | 0.000       |        |                 |
| u_core.resolved_execute_result_208__AOI221_X1_A_C2_AOI22_X1_A2_ZN_BUF_X1_A:A (BUF_X1)                                                  |        | 0.001       | 0.000      | 0.025      |             | 0.000  | 0.614f          |
| u_core.resolved_execute_result_208__AOI221_X1_A_C2_AOI22_X1_A2_ZN_BUF_X1_A:Z (BUF_X1)                                                  |        | 0.030       | 0.000      | 0.035      |             | 0.074  | 0.688f          |
| u_core.commit_39__reg_p_D_OAI33_X1_ZN_A2 (net)                                                                                         | 21     |             |            |            | 0.000       |        |                 |
| u_core.execute_packet_valid_OR4_X1_A3_A1_AOI221_X1_B1:A (AOI221_X1)                                                                    |        | 0.002       | 0.000      | 0.035      |             | 0.000  | 0.688f          |
| u_core.execute_packet_valid_OR4_X1_A3_A1_AOI221_X1_B1:ZN (AOI221_X1)                                                                   |        | 0.001       | 0.000      | 0.030      |             | 0.047  | 0.735r          |
| u_core.execute_packet_valid_OR4_X1_A3_A1_AOI221_X1_B1_ZN (net)                                                                         | 1      |             |            |            | 0.000       |        |                 |
| u_core.execute_packet_valid_OR4_X1_A3_A1_AOI221_X1_B1_ZN_BUF_X1_A:A (BUF_X1)                                                           |        | 0.001       | 0.000      | 0.030      |             | 0.000  | 0.735r          |
| u_core.execute_packet_valid_OR4_X1_A3_A1_AOI221_X1_B1_ZN_BUF_X1_A:Z (BUF_X1)                                                           |        | 0.016       | 0.000      | 0.039      |             | 0.062  | 0.797r          |
| u_core.completion_result_233__NOR2_X1_ZN_A2_OAI22_X1_B1_A2 (net)                                                                       | 10     |             |            |            | 0.000       |        |                 |
| u_core.completion_result_233__NOR2_X1_ZN_A2_OAI22_X1_B1:A2 (OAI22_X1)                                                                  |        | 0.002       | 0.000      | 0.039      |             | 0.000  | 0.797r          |
| u_core.completion_result_233__NOR2_X1_ZN_A2_OAI22_X1_B1:ZN (OAI22_X1)                                                                  |        | 0.005       | 0.000      | 0.020      |             | 0.037  | 0.835f          |
| u_core.u_lsu.state_d_0__NOR4_X1_ZN_A3_OR3_X1_ZN_A1 (net)                                                                               | 4      |             |            |            | 0.000       |        |                 |
| u_core.u_lsu.state_d_0__NOR4_X1_ZN_A3_OR3_X1_ZN:A1 (OR3_X1)                                                                            |        | 0.001       | 0.000      | 0.020      |             | 0.000  | 0.835f          |
| u_core.u_lsu.state_d_0__NOR4_X1_ZN_A3_OR3_X1_ZN:ZN (OR3_X1)                                                                            |        | 0.004       | 0.000      | 0.016      |             | 0.076  | 0.910f          |
| u_core.u_lsu.state_d_0__NOR4_X1_ZN_A3 (net)                                                                                            | 3      |             |            |            | 0.000       |        |                 |
| u_core.u_lsu.lsu_req_handshake_INV_X1_ZN_A_OR3_X1_ZN:A2 (OR3_X1)                                                                       |        | 0.001       | 0.000      | 0.016      |             | 0.000  | 0.910f          |
| u_core.u_lsu.lsu_req_handshake_INV_X1_ZN_A_OR3_X1_ZN:ZN (OR3_X1)                                                                       |        | 0.003       | 0.000      | 0.015      |             | 0.083  | 0.993f          |
| u_core.u_lsu.lsu_req_handshake_INV_X1_ZN_A (net)                                                                                       | 2      |             |            |            | 0.000       |        |                 |
| u_core.u_lsu.lsu_req_handshake_INV_X1_ZN_A_AOI21_X1_B1:B1 (AOI21_X1)                                                                   |        | 0.002       | 0.000      | 0.015      |             | 0.000  | 0.993f          |
| u_core.u_lsu.lsu_req_handshake_INV_X1_ZN_A_AOI21_X1_B1:ZN (AOI21_X1)                                                                   |        | 0.011       | 0.000      | 0.065      |             | 0.076  | 1.069r          |
| u_core.u_lsu.lsu_req_handshake_INV_X1_ZN_A_AOI21_X1_B1_ZN (net)                                                                        | 7      |             |            |            | 0.000       |        |                 |
| u_core.u_data_mem.gen_dcache.u_dcache.u_dcache_axi.refill_state_q_1__reg_p_D_OAI211_X1_ZN_C1_OAI211_X1_ZN_C2_INV_X1_ZN:A (INV_X1)      |        | 0.002       | 0.000      | 0.065      |             | 0.000  | 1.069r          |
| u_core.u_data_mem.gen_dcache.u_dcache.u_dcache_axi.refill_state_q_1__reg_p_D_OAI211_X1_ZN_C1_OAI211_X1_ZN_C2_INV_X1_ZN:ZN (INV_X1)     |        | 0.006       | 0.000      | 0.020      |             | 0.023  | 1.091f          |
| u_core.u_data_mem.gen_dcache.u_dcache.u_dcache_axi.refill_state_q_1__reg_p_D_OAI211_X1_ZN_C1_OAI211_X1_ZN_C2 (net)                     | 4      |             |            |            | 0.000       |        |                 |
| u_core.u_data_mem.gen_dcache.u_dcache.u_dcache_axi.refill_state_q_1__reg_p_D_OAI211_X1_ZN_C1_OAI211_X1_ZN_C2_OAI21_X1_B1:B1 (OAI21_X1) |        | 0.002       | 0.000      | 0.020      |             | 0.000  | 1.091f          |
| u_core.u_data_mem.gen_dcache.u_dcache.u_dcache_axi.refill_state_q_1__reg_p_D_OAI211_X1_ZN_C1_OAI211_X1_ZN_C2_OAI21_X1_B1:ZN (OAI21_X1) |        | 0.014       | 0.000      | 0.075      |             | 0.094  | 1.185r          |
| u_core.u_data_mem.gen_dcache.u_dcache.u_dcache_axi.refill_context_q_9__AOI221_X1_C2_A (net)                                            | 8      |             |            |            | 0.000       |        |                 |
| u_core.u_data_mem.gen_dcache.u_dcache.u_dcache_axi.refill_context_q_9__AOI221_X1_C2_A_BUF_X2_A:A (BUF_X2)                              |        | 0.002       | 0.000      | 0.075      |             | 0.000  | 1.185r          |
| u_core.u_data_mem.gen_dcache.u_dcache.u_dcache_axi.refill_context_q_9__AOI221_X1_C2_A_BUF_X2_A:Z (BUF_X2)                              |        | 0.039       | 0.000      | 0.049      |             | 0.076  | 1.261r          |
| u_core.u_data_mem.u_uncached_axi.state_q_2__reg_p_D_OAI21_X1_ZN_A_NAND3_X1_ZN_A3 (net)                                                 | 24     |             |            |            | 0.000       |        |                 |
| u_core.u_data_mem.u_uncached_axi.state_q_2__reg_p_D_OAI21_X1_ZN_A_NAND3_X1_ZN_A3_BUF_X2_A:A (BUF_X2)                                   |        | 0.002       | 0.000      | 0.049      |             | 0.000  | 1.261r          |
| u_core.u_data_mem.u_uncached_axi.state_q_2__reg_p_D_OAI21_X1_ZN_A_NAND3_X1_ZN_A3_BUF_X2_A:Z (BUF_X2)                                   |        | 0.040       | 0.000      | 0.050      |             | 0.075  | 1.336r          |
| u_core.u_data_mem.u_uncached_axi.request_context_q_7__AOI21_X1_B1_ZN_AOI21_X1_B1_B2 (net)                                              | 24     |             |            |            | 0.000       |        |                 |
| u_core.u_data_mem.u_uncached_axi.request_context_q_58__AOI21_X1_B1_ZN_AOI21_X1_B1:B2 (AOI21_X1)                                        |        | 0.002       | 0.000      | 0.050      |             | 0.000  | 1.336r          |
| u_core.u_data_mem.u_uncached_axi.request_context_q_58__AOI21_X1_B1_ZN_AOI21_X1_B1:ZN (AOI21_X1)                                        |        | 0.000       | 0.000      | 0.010      |             | 0.014  | 1.350f          |
| data_axi4_manager_o_35_ (port)                                                                                                         |        | 0.000       | 0.000      | 0.010      |             | 0.000  | 1.350f          |
|                                                                                                                                        |        |             |            |            |             |        |                 |
| clk_i (port)                                                                                                                           |        | 0.936       | 0.000      | 0.100      |             | 0.000  | 0.000r          |
| clock core_clock (rise edge)                                                                                                           |        |             |            |            |             | 1.666  | 1.666           |
| clock network delay (ideal)                                                                                                            |        |             |            |            |             | 0.000  | 1.666           |
| clk_i (port)                                                                                                                           |        |             |            |            |             |        | 1.666r          |
| output external max delay time                                                                                                         |        |             |            |            |             | -0.333 | 1.333           |
|                                                                                                                                        |        |             |            |            |             |        |                 |
| path cell delay                                                                                                                        |        |             |            |            |             |        | 1.350(100.000%) |
| path net delay                                                                                                                         |        |             |            |            |             |        | 0.000(0.000%)   |
|                                                                                                                                        |        |             |            |            |             |        |                 |
| data require time                                                                                                                      |        |             |            |            |             |        | 1.333           |
| data arrival time                                                                                                                      |        |             |            |            |             |        | 1.350           |
| slack (VIOLATED)                                                                                                                       |        |             |            |            |             |        | -0.018          |
+----------------------------------------------------------------------------------------------------------------------------------------+--------+-------------+------------+------------+-------------+--------+-----------------+
+----------------------------------------------------------------------------------------------------------------------------------------+--------+-------------+------------+------------+-------------+--------+-----------------+
| Point                                                                                                                                  | Fanout | Capacitance | Resistance | Transition | Delta Delay | Incr   | Path            |
+----------------------------------------------------------------------------------------------------------------------------------------+--------+-------------+------------+------------+-------------+--------+-----------------+
| clk_i (port)                                                                                                                           |        | 0.936       | 0.000      | 0.100      |             | 0.000  | 0.000r          |
| clk_i (clock net)                                                                                                                      | 550    |             |            |            | NA          |        |                 |
| u_core.u_lsu.state_q_0__reg_p_CK_CLKGATE_X1_GCK:CK (CLKGATE_X1)                                                                        |        | 0.002       | 0.000      | 0.000      |             | 0.000  | 0.000r          |
| u_core.u_lsu.state_q_0__reg_p_CK_CLKGATE_X1_GCK:GCK (CLKGATE_X1)                                                                       |        | 0.002       | 0.000      | 0.000      |             | 0.000  | 0.000r          |
| u_core.u_lsu.state_q_0__reg_p_CK (clock net)                                                                                           | 2      |             |            |            | NA          |        |                 |
| u_core.u_lsu.state_q_0__reg_p:CK (DFFR_X1)                                                                                             |        | 0.001       | 0.000      | 0.000      |             | 0.000  | 0.000r          |
| clock core_clock (rise edge)                                                                                                           |        |             |            |            |             | 0      | 0               |
| clock network delay (ideal)                                                                                                            |        |             |            |            |             | 0.000  | 0.000           |
| u_core.u_lsu.state_q_0__reg_p:CK (DFFR_X1)                                                                                             |        | 0.001       | 0.000      | 0.000      |             | 0.000  | 0.000r          |
| u_core.u_lsu.state_q_0__reg_p:Q (DFFR_X1)                                                                                              |        | 0.043       | 0.000      | 0.104      |             | 0.199  | 0.199r          |
| u_core.u_lsu.state_q_0_ (net)                                                                                                          | 24     |             |            |            | 0.000       |        |                 |
| u_core.u_lsu.state_q_0__INV_X2_A:A (INV_X2)                                                                                            |        | 0.003       | 0.000      | 0.104      |             | 0.000  | 0.199r          |
| u_core.u_lsu.state_q_0__INV_X2_A:ZN (INV_X2)                                                                                           |        | 0.030       | 0.000      | 0.037      |             | 0.049  | 0.248f          |
| u_core.execute_packet_160__AND2_X1_A2_A1 (net)                                                                                         | 24     |             |            |            | 0.000       |        |                 |
| u_core.execute_packet_160__AND2_X1_A2:A1 (AND2_X1)                                                                                     |        | 0.001       | 0.000      | 0.037      |             | 0.000  | 0.248f          |
| u_core.execute_packet_160__AND2_X1_A2:ZN (AND2_X1)                                                                                     |        | 0.005       | 0.000      | 0.010      |             | 0.048  | 0.296f          |
| u_core.execute_packet_160__AND2_X1_A2_ZN (net)                                                                                         | 2      |             |            |            | 0.000       |        |                 |
| u_core.execute_packet_160__AND2_X1_A2_ZN_AOI21_X2_A:A (AOI21_X2)                                                                       |        | 0.003       | 0.000      | 0.010      |             | 0.000  | 0.296f          |
| u_core.execute_packet_160__AND2_X1_A2_ZN_AOI21_X2_A:ZN (AOI21_X2)                                                                      |        | 0.023       | 0.000      | 0.070      |             | 0.070  | 0.366r          |
| u_core.data_memory_req_43__INV_X1_ZN_A (net)                                                                                           | 14     |             |            |            | 0.000       |        |                 |
| u_core.data_memory_req_43__INV_X1_ZN:A (INV_X1)                                                                                        |        | 0.002       | 0.000      | 0.070      |             | 0.000  | 0.366r          |
| u_core.data_memory_req_43__INV_X1_ZN:ZN (INV_X1)                                                                                       |        | 0.006       | 0.000      | 0.020      |             | 0.023  | 0.390f          |
| u_core.data_memory_req_43_ (net)                                                                                                       | 4      |             |            |            | 0.000       |        |                 |
| u_core.data_memory_req_43__NAND2_X1_A1:A1 (NAND2_X1)                                                                                   |        | 0.002       | 0.000      | 0.020      |             | 0.000  | 0.390f          |
| u_core.data_memory_req_43__NAND2_X1_A1:ZN (NAND2_X1)                                                                                   |        | 0.003       | 0.000      | 0.019      |             | 0.026  | 0.415r          |
| u_core.data_memory_req_43__NAND2_X1_A1_ZN (net)                                                                                        | 1      |             |            |            | 0.000       |        |                 |
| u_core.data_memory_req_43__NAND2_X1_A1_ZN_BUF_X4_A:A (BUF_X4)                                                                          |        | 0.003       | 0.000      | 0.019      |             | 0.000  | 0.415r          |
| u_core.data_memory_req_43__NAND2_X1_A1_ZN_BUF_X4_A:Z (BUF_X4)                                                                          |        | 0.027       | 0.000      | 0.019      |             | 0.037  | 0.453r          |
| u_core.data_memory_req_44__OR4_X1_A2_A3 (net)                                                                                          | 18     |             |            |            | 0.000       |        |                 |
| u_core.u_lsu.state_d_1__MUX2_X1_Z_A_NOR4_X1_ZN_A2_AOI21_X1_A:B2 (AOI21_X1)                                                             |        | 0.002       | 0.000      | 0.019      |             | 0.000  | 0.453r          |
| u_core.u_lsu.state_d_1__MUX2_X1_Z_A_NOR4_X1_ZN_A2_AOI21_X1_A:ZN (AOI21_X1)                                                             |        | 0.012       | 0.000      | 0.036      |             | 0.042  | 0.494f          |
| u_core.commit_39__reg_p_D_OAI33_X1_ZN_B1_AOI21_X1_B1_B2 (net)                                                                          | 8      |             |            |            | 0.000       |        |                 |
| u_core.lsu_req_33__OAI21_X1_B1_A_AOI22_X1_B2_ZN_OAI221_X1_C1:A (OAI221_X1)                                                             |        | 0.002       | 0.000      | 0.036      |             | 0.000  | 0.494f          |
| u_core.lsu_req_33__OAI21_X1_B1_A_AOI22_X1_B2_ZN_OAI221_X1_C1:ZN (OAI221_X1)                                                            |        | 0.002       | 0.000      | 0.038      |             | 0.034  | 0.528r          |
| u_core.lsu_req_33__OAI21_X1_B1_A_AOI22_X1_B2_ZN_OAI221_X1_C1_ZN (net)                                                                  | 1      |             |            |            | 0.000       |        |                 |
| u_core.lsu_req_33__OAI21_X1_B1_A_AOI22_X1_B2_ZN_OAI221_X1_C1_ZN_BUF_X2_A:A (BUF_X2)                                                    |        | 0.002       | 0.000      | 0.038      |             | 0.000  | 0.528r          |
| u_core.lsu_req_33__OAI21_X1_B1_A_AOI22_X1_B2_ZN_OAI221_X1_C1_ZN_BUF_X2_A:Z (BUF_X2)                                                    |        | 0.029       | 0.000      | 0.037      |             | 0.061  | 0.589r          |
| u_core.execute_packet_135__NAND4_X1_A4_A1 (net)                                                                                        | 19     |             |            |            | 0.000       |        |                 |
| u_core.resolved_execute_result_208__AOI221_X1_A_C2_AOI22_X1_A2:B2 (AOI22_X1)                                                           |        | 0.002       | 0.000      | 0.037      |             | 0.000  | 0.589r          |
| u_core.resolved_execute_result_208__AOI221_X1_A_C2_AOI22_X1_A2:ZN (AOI22_X1)                                                           |        | 0.001       | 0.000      | 0.025      |             | 0.025  | 0.614f          |
| u_core.resolved_execute_result_208__AOI221_X1_A_C2_AOI22_X1_A2_ZN (net)                                                                | 1      |             |            |            | 0.000       |        |                 |
| u_core.resolved_execute_result_208__AOI221_X1_A_C2_AOI22_X1_A2_ZN_BUF_X1_A:A (BUF_X1)                                                  |        | 0.001       | 0.000      | 0.025      |             | 0.000  | 0.614f          |
| u_core.resolved_execute_result_208__AOI221_X1_A_C2_AOI22_X1_A2_ZN_BUF_X1_A:Z (BUF_X1)                                                  |        | 0.030       | 0.000      | 0.035      |             | 0.074  | 0.688f          |
| u_core.commit_39__reg_p_D_OAI33_X1_ZN_A2 (net)                                                                                         | 21     |             |            |            | 0.000       |        |                 |
| u_core.execute_packet_valid_OR4_X1_A3_A1_AOI221_X1_B1:A (AOI221_X1)                                                                    |        | 0.002       | 0.000      | 0.035      |             | 0.000  | 0.688f          |
| u_core.execute_packet_valid_OR4_X1_A3_A1_AOI221_X1_B1:ZN (AOI221_X1)                                                                   |        | 0.001       | 0.000      | 0.030      |             | 0.047  | 0.735r          |
| u_core.execute_packet_valid_OR4_X1_A3_A1_AOI221_X1_B1_ZN (net)                                                                         | 1      |             |            |            | 0.000       |        |                 |
| u_core.execute_packet_valid_OR4_X1_A3_A1_AOI221_X1_B1_ZN_BUF_X1_A:A (BUF_X1)                                                           |        | 0.001       | 0.000      | 0.030      |             | 0.000  | 0.735r          |
| u_core.execute_packet_valid_OR4_X1_A3_A1_AOI221_X1_B1_ZN_BUF_X1_A:Z (BUF_X1)                                                           |        | 0.016       | 0.000      | 0.039      |             | 0.062  | 0.797r          |
| u_core.completion_result_233__NOR2_X1_ZN_A2_OAI22_X1_B1_A2 (net)                                                                       | 10     |             |            |            | 0.000       |        |                 |
| u_core.completion_result_233__NOR2_X1_ZN_A2_OAI22_X1_B1:A2 (OAI22_X1)                                                                  |        | 0.002       | 0.000      | 0.039      |             | 0.000  | 0.797r          |
| u_core.completion_result_233__NOR2_X1_ZN_A2_OAI22_X1_B1:ZN (OAI22_X1)                                                                  |        | 0.005       | 0.000      | 0.020      |             | 0.037  | 0.835f          |
| u_core.u_lsu.state_d_0__NOR4_X1_ZN_A3_OR3_X1_ZN_A1 (net)                                                                               | 4      |             |            |            | 0.000       |        |                 |
| u_core.u_lsu.state_d_0__NOR4_X1_ZN_A3_OR3_X1_ZN:A1 (OR3_X1)                                                                            |        | 0.001       | 0.000      | 0.020      |             | 0.000  | 0.835f          |
| u_core.u_lsu.state_d_0__NOR4_X1_ZN_A3_OR3_X1_ZN:ZN (OR3_X1)                                                                            |        | 0.004       | 0.000      | 0.016      |             | 0.076  | 0.910f          |
| u_core.u_lsu.state_d_0__NOR4_X1_ZN_A3 (net)                                                                                            | 3      |             |            |            | 0.000       |        |                 |
| u_core.u_lsu.lsu_req_handshake_INV_X1_ZN_A_OR3_X1_ZN:A2 (OR3_X1)                                                                       |        | 0.001       | 0.000      | 0.016      |             | 0.000  | 0.910f          |
| u_core.u_lsu.lsu_req_handshake_INV_X1_ZN_A_OR3_X1_ZN:ZN (OR3_X1)                                                                       |        | 0.003       | 0.000      | 0.015      |             | 0.083  | 0.993f          |
| u_core.u_lsu.lsu_req_handshake_INV_X1_ZN_A (net)                                                                                       | 2      |             |            |            | 0.000       |        |                 |
| u_core.u_lsu.lsu_req_handshake_INV_X1_ZN_A_AOI21_X1_B1:B1 (AOI21_X1)                                                                   |        | 0.002       | 0.000      | 0.015      |             | 0.000  | 0.993f          |
| u_core.u_lsu.lsu_req_handshake_INV_X1_ZN_A_AOI21_X1_B1:ZN (AOI21_X1)                                                                   |        | 0.011       | 0.000      | 0.065      |             | 0.076  | 1.069r          |
| u_core.u_lsu.lsu_req_handshake_INV_X1_ZN_A_AOI21_X1_B1_ZN (net)                                                                        | 7      |             |            |            | 0.000       |        |                 |
| u_core.u_data_mem.gen_dcache.u_dcache.u_dcache_axi.refill_state_q_1__reg_p_D_OAI211_X1_ZN_C1_OAI211_X1_ZN_C2_INV_X1_ZN:A (INV_X1)      |        | 0.002       | 0.000      | 0.065      |             | 0.000  | 1.069r          |
| u_core.u_data_mem.gen_dcache.u_dcache.u_dcache_axi.refill_state_q_1__reg_p_D_OAI211_X1_ZN_C1_OAI211_X1_ZN_C2_INV_X1_ZN:ZN (INV_X1)     |        | 0.006       | 0.000      | 0.020      |             | 0.023  | 1.091f          |
| u_core.u_data_mem.gen_dcache.u_dcache.u_dcache_axi.refill_state_q_1__reg_p_D_OAI211_X1_ZN_C1_OAI211_X1_ZN_C2 (net)                     | 4      |             |            |            | 0.000       |        |                 |
| u_core.u_data_mem.gen_dcache.u_dcache.u_dcache_axi.refill_state_q_1__reg_p_D_OAI211_X1_ZN_C1_OAI211_X1_ZN_C2_OAI21_X1_B1:B1 (OAI21_X1) |        | 0.002       | 0.000      | 0.020      |             | 0.000  | 1.091f          |
| u_core.u_data_mem.gen_dcache.u_dcache.u_dcache_axi.refill_state_q_1__reg_p_D_OAI211_X1_ZN_C1_OAI211_X1_ZN_C2_OAI21_X1_B1:ZN (OAI21_X1) |        | 0.014       | 0.000      | 0.075      |             | 0.094  | 1.185r          |
| u_core.u_data_mem.gen_dcache.u_dcache.u_dcache_axi.refill_context_q_9__AOI221_X1_C2_A (net)                                            | 8      |             |            |            | 0.000       |        |                 |
| u_core.u_data_mem.gen_dcache.u_dcache.u_dcache_axi.refill_context_q_9__AOI221_X1_C2_A_BUF_X2_A:A (BUF_X2)                              |        | 0.002       | 0.000      | 0.075      |             | 0.000  | 1.185r          |
| u_core.u_data_mem.gen_dcache.u_dcache.u_dcache_axi.refill_context_q_9__AOI221_X1_C2_A_BUF_X2_A:Z (BUF_X2)                              |        | 0.039       | 0.000      | 0.049      |             | 0.076  | 1.261r          |
| u_core.u_data_mem.u_uncached_axi.state_q_2__reg_p_D_OAI21_X1_ZN_A_NAND3_X1_ZN_A3 (net)                                                 | 24     |             |            |            | 0.000       |        |                 |
| u_core.u_data_mem.u_uncached_axi.state_q_2__reg_p_D_OAI21_X1_ZN_A_NAND3_X1_ZN_A3_BUF_X2_A:A (BUF_X2)                                   |        | 0.002       | 0.000      | 0.049      |             | 0.000  | 1.261r          |
| u_core.u_data_mem.u_uncached_axi.state_q_2__reg_p_D_OAI21_X1_ZN_A_NAND3_X1_ZN_A3_BUF_X2_A:Z (BUF_X2)                                   |        | 0.040       | 0.000      | 0.050      |             | 0.075  | 1.336r          |
| u_core.u_data_mem.u_uncached_axi.request_context_q_7__AOI21_X1_B1_ZN_AOI21_X1_B1_B2 (net)                                              | 24     |             |            |            | 0.000       |        |                 |
| u_core.u_data_mem.u_uncached_axi.request_context_q_6__AOI21_X1_B1_ZN_AOI21_X1_B1:B2 (AOI21_X1)                                         |        | 0.002       | 0.000      | 0.050      |             | 0.000  | 1.336r          |
| u_core.u_data_mem.u_uncached_axi.request_context_q_6__AOI21_X1_B1_ZN_AOI21_X1_B1:ZN (AOI21_X1)                                         |        | 0.000       | 0.000      | 0.017      |             | 0.014  | 1.350f          |
| data_axi4_manager_o_56_ (port)                                                                                                         |        | 0.000       | 0.000      | 0.017      |             | 0.000  | 1.350f          |
|                                                                                                                                        |        |             |            |            |             |        |                 |
| clk_i (port)                                                                                                                           |        | 0.936       | 0.000      | 0.100      |             | 0.000  | 0.000r          |
| clock core_clock (rise edge)                                                                                                           |        |             |            |            |             | 1.666  | 1.666           |
| clock network delay (ideal)                                                                                                            |        |             |            |            |             | 0.000  | 1.666           |
| clk_i (port)                                                                                                                           |        |             |            |            |             |        | 1.666r          |
| output external max delay time                                                                                                         |        |             |            |            |             | -0.333 | 1.333           |
|                                                                                                                                        |        |             |            |            |             |        |                 |
| path cell delay                                                                                                                        |        |             |            |            |             |        | 1.350(100.000%) |
| path net delay                                                                                                                         |        |             |            |            |             |        | 0.000(0.000%)   |
|                                                                                                                                        |        |             |            |            |             |        |                 |
| data require time                                                                                                                      |        |             |            |            |             |        | 1.333           |
| data arrival time                                                                                                                      |        |             |            |            |             |        | 1.350           |
| slack (VIOLATED)                                                                                                                       |        |             |            |            |             |        | -0.018          |
+----------------------------------------------------------------------------------------------------------------------------------------+--------+-------------+------------+------------+-------------+--------+-----------------+
+----------------------------------------------------------------------------------------------------------------------------------------+--------+-------------+------------+------------+-------------+--------+-----------------+
| Point                                                                                                                                  | Fanout | Capacitance | Resistance | Transition | Delta Delay | Incr   | Path            |
+----------------------------------------------------------------------------------------------------------------------------------------+--------+-------------+------------+------------+-------------+--------+-----------------+
| clk_i (port)                                                                                                                           |        | 0.936       | 0.000      | 0.100      |             | 0.000  | 0.000r          |
| clk_i (clock net)                                                                                                                      | 550    |             |            |            | NA          |        |                 |
| u_core.u_lsu.state_q_0__reg_p_CK_CLKGATE_X1_GCK:CK (CLKGATE_X1)                                                                        |        | 0.002       | 0.000      | 0.000      |             | 0.000  | 0.000r          |
| u_core.u_lsu.state_q_0__reg_p_CK_CLKGATE_X1_GCK:GCK (CLKGATE_X1)                                                                       |        | 0.002       | 0.000      | 0.000      |             | 0.000  | 0.000r          |
| u_core.u_lsu.state_q_0__reg_p_CK (clock net)                                                                                           | 2      |             |            |            | NA          |        |                 |
| u_core.u_lsu.state_q_0__reg_p:CK (DFFR_X1)                                                                                             |        | 0.001       | 0.000      | 0.000      |             | 0.000  | 0.000r          |
| clock core_clock (rise edge)                                                                                                           |        |             |            |            |             | 0      | 0               |
| clock network delay (ideal)                                                                                                            |        |             |            |            |             | 0.000  | 0.000           |
| u_core.u_lsu.state_q_0__reg_p:CK (DFFR_X1)                                                                                             |        | 0.001       | 0.000      | 0.000      |             | 0.000  | 0.000r          |
| u_core.u_lsu.state_q_0__reg_p:Q (DFFR_X1)                                                                                              |        | 0.043       | 0.000      | 0.104      |             | 0.199  | 0.199r          |
| u_core.u_lsu.state_q_0_ (net)                                                                                                          | 24     |             |            |            | 0.000       |        |                 |
| u_core.u_lsu.state_q_0__INV_X2_A:A (INV_X2)                                                                                            |        | 0.003       | 0.000      | 0.104      |             | 0.000  | 0.199r          |
| u_core.u_lsu.state_q_0__INV_X2_A:ZN (INV_X2)                                                                                           |        | 0.030       | 0.000      | 0.037      |             | 0.049  | 0.248f          |
| u_core.execute_packet_160__AND2_X1_A2_A1 (net)                                                                                         | 24     |             |            |            | 0.000       |        |                 |
| u_core.execute_packet_160__AND2_X1_A2:A1 (AND2_X1)                                                                                     |        | 0.001       | 0.000      | 0.037      |             | 0.000  | 0.248f          |
| u_core.execute_packet_160__AND2_X1_A2:ZN (AND2_X1)                                                                                     |        | 0.005       | 0.000      | 0.010      |             | 0.048  | 0.296f          |
| u_core.execute_packet_160__AND2_X1_A2_ZN (net)                                                                                         | 2      |             |            |            | 0.000       |        |                 |
| u_core.execute_packet_160__AND2_X1_A2_ZN_AOI21_X2_A:A (AOI21_X2)                                                                       |        | 0.003       | 0.000      | 0.010      |             | 0.000  | 0.296f          |
| u_core.execute_packet_160__AND2_X1_A2_ZN_AOI21_X2_A:ZN (AOI21_X2)                                                                      |        | 0.023       | 0.000      | 0.070      |             | 0.070  | 0.366r          |
| u_core.data_memory_req_43__INV_X1_ZN_A (net)                                                                                           | 14     |             |            |            | 0.000       |        |                 |
| u_core.data_memory_req_43__INV_X1_ZN:A (INV_X1)                                                                                        |        | 0.002       | 0.000      | 0.070      |             | 0.000  | 0.366r          |
| u_core.data_memory_req_43__INV_X1_ZN:ZN (INV_X1)                                                                                       |        | 0.006       | 0.000      | 0.020      |             | 0.023  | 0.390f          |
| u_core.data_memory_req_43_ (net)                                                                                                       | 4      |             |            |            | 0.000       |        |                 |
| u_core.data_memory_req_43__NAND2_X1_A1:A1 (NAND2_X1)                                                                                   |        | 0.002       | 0.000      | 0.020      |             | 0.000  | 0.390f          |
| u_core.data_memory_req_43__NAND2_X1_A1:ZN (NAND2_X1)                                                                                   |        | 0.003       | 0.000      | 0.019      |             | 0.026  | 0.415r          |
| u_core.data_memory_req_43__NAND2_X1_A1_ZN (net)                                                                                        | 1      |             |            |            | 0.000       |        |                 |
| u_core.data_memory_req_43__NAND2_X1_A1_ZN_BUF_X4_A:A (BUF_X4)                                                                          |        | 0.003       | 0.000      | 0.019      |             | 0.000  | 0.415r          |
| u_core.data_memory_req_43__NAND2_X1_A1_ZN_BUF_X4_A:Z (BUF_X4)                                                                          |        | 0.027       | 0.000      | 0.019      |             | 0.037  | 0.453r          |
| u_core.data_memory_req_44__OR4_X1_A2_A3 (net)                                                                                          | 18     |             |            |            | 0.000       |        |                 |
| u_core.u_lsu.state_d_1__MUX2_X1_Z_A_NOR4_X1_ZN_A2_AOI21_X1_A:B2 (AOI21_X1)                                                             |        | 0.002       | 0.000      | 0.019      |             | 0.000  | 0.453r          |
| u_core.u_lsu.state_d_1__MUX2_X1_Z_A_NOR4_X1_ZN_A2_AOI21_X1_A:ZN (AOI21_X1)                                                             |        | 0.012       | 0.000      | 0.036      |             | 0.042  | 0.494f          |
| u_core.commit_39__reg_p_D_OAI33_X1_ZN_B1_AOI21_X1_B1_B2 (net)                                                                          | 8      |             |            |            | 0.000       |        |                 |
| u_core.lsu_req_33__OAI21_X1_B1_A_AOI22_X1_B2_ZN_OAI221_X1_C1:A (OAI221_X1)                                                             |        | 0.002       | 0.000      | 0.036      |             | 0.000  | 0.494f          |
| u_core.lsu_req_33__OAI21_X1_B1_A_AOI22_X1_B2_ZN_OAI221_X1_C1:ZN (OAI221_X1)                                                            |        | 0.002       | 0.000      | 0.038      |             | 0.034  | 0.528r          |
| u_core.lsu_req_33__OAI21_X1_B1_A_AOI22_X1_B2_ZN_OAI221_X1_C1_ZN (net)                                                                  | 1      |             |            |            | 0.000       |        |                 |
| u_core.lsu_req_33__OAI21_X1_B1_A_AOI22_X1_B2_ZN_OAI221_X1_C1_ZN_BUF_X2_A:A (BUF_X2)                                                    |        | 0.002       | 0.000      | 0.038      |             | 0.000  | 0.528r          |
| u_core.lsu_req_33__OAI21_X1_B1_A_AOI22_X1_B2_ZN_OAI221_X1_C1_ZN_BUF_X2_A:Z (BUF_X2)                                                    |        | 0.029       | 0.000      | 0.037      |             | 0.061  | 0.589r          |
| u_core.execute_packet_135__NAND4_X1_A4_A1 (net)                                                                                        | 19     |             |            |            | 0.000       |        |                 |
| u_core.resolved_execute_result_208__AOI221_X1_A_C2_AOI22_X1_A2:B2 (AOI22_X1)                                                           |        | 0.002       | 0.000      | 0.037      |             | 0.000  | 0.589r          |
| u_core.resolved_execute_result_208__AOI221_X1_A_C2_AOI22_X1_A2:ZN (AOI22_X1)                                                           |        | 0.001       | 0.000      | 0.025      |             | 0.025  | 0.614f          |
| u_core.resolved_execute_result_208__AOI221_X1_A_C2_AOI22_X1_A2_ZN (net)                                                                | 1      |             |            |            | 0.000       |        |                 |
| u_core.resolved_execute_result_208__AOI221_X1_A_C2_AOI22_X1_A2_ZN_BUF_X1_A:A (BUF_X1)                                                  |        | 0.001       | 0.000      | 0.025      |             | 0.000  | 0.614f          |
| u_core.resolved_execute_result_208__AOI221_X1_A_C2_AOI22_X1_A2_ZN_BUF_X1_A:Z (BUF_X1)                                                  |        | 0.030       | 0.000      | 0.035      |             | 0.074  | 0.688f          |
| u_core.commit_39__reg_p_D_OAI33_X1_ZN_A2 (net)                                                                                         | 21     |             |            |            | 0.000       |        |                 |
| u_core.execute_packet_valid_OR4_X1_A3_A1_AOI221_X1_B1:A (AOI221_X1)                                                                    |        | 0.002       | 0.000      | 0.035      |             | 0.000  | 0.688f          |
| u_core.execute_packet_valid_OR4_X1_A3_A1_AOI221_X1_B1:ZN (AOI221_X1)                                                                   |        | 0.001       | 0.000      | 0.030      |             | 0.047  | 0.735r          |
| u_core.execute_packet_valid_OR4_X1_A3_A1_AOI221_X1_B1_ZN (net)                                                                         | 1      |             |            |            | 0.000       |        |                 |
| u_core.execute_packet_valid_OR4_X1_A3_A1_AOI221_X1_B1_ZN_BUF_X1_A:A (BUF_X1)                                                           |        | 0.001       | 0.000      | 0.030      |             | 0.000  | 0.735r          |
| u_core.execute_packet_valid_OR4_X1_A3_A1_AOI221_X1_B1_ZN_BUF_X1_A:Z (BUF_X1)                                                           |        | 0.016       | 0.000      | 0.039      |             | 0.062  | 0.797r          |
| u_core.completion_result_233__NOR2_X1_ZN_A2_OAI22_X1_B1_A2 (net)                                                                       | 10     |             |            |            | 0.000       |        |                 |
| u_core.completion_result_233__NOR2_X1_ZN_A2_OAI22_X1_B1:A2 (OAI22_X1)                                                                  |        | 0.002       | 0.000      | 0.039      |             | 0.000  | 0.797r          |
| u_core.completion_result_233__NOR2_X1_ZN_A2_OAI22_X1_B1:ZN (OAI22_X1)                                                                  |        | 0.005       | 0.000      | 0.020      |             | 0.037  | 0.835f          |
| u_core.u_lsu.state_d_0__NOR4_X1_ZN_A3_OR3_X1_ZN_A1 (net)                                                                               | 4      |             |            |            | 0.000       |        |                 |
| u_core.u_lsu.state_d_0__NOR4_X1_ZN_A3_OR3_X1_ZN:A1 (OR3_X1)                                                                            |        | 0.001       | 0.000      | 0.020      |             | 0.000  | 0.835f          |
| u_core.u_lsu.state_d_0__NOR4_X1_ZN_A3_OR3_X1_ZN:ZN (OR3_X1)                                                                            |        | 0.004       | 0.000      | 0.016      |             | 0.076  | 0.910f          |
| u_core.u_lsu.state_d_0__NOR4_X1_ZN_A3 (net)                                                                                            | 3      |             |            |            | 0.000       |        |                 |
| u_core.u_lsu.lsu_req_handshake_INV_X1_ZN_A_OR3_X1_ZN:A2 (OR3_X1)                                                                       |        | 0.001       | 0.000      | 0.016      |             | 0.000  | 0.910f          |
| u_core.u_lsu.lsu_req_handshake_INV_X1_ZN_A_OR3_X1_ZN:ZN (OR3_X1)                                                                       |        | 0.003       | 0.000      | 0.015      |             | 0.083  | 0.993f          |
| u_core.u_lsu.lsu_req_handshake_INV_X1_ZN_A (net)                                                                                       | 2      |             |            |            | 0.000       |        |                 |
| u_core.u_lsu.lsu_req_handshake_INV_X1_ZN_A_AOI21_X1_B1:B1 (AOI21_X1)                                                                   |        | 0.002       | 0.000      | 0.015      |             | 0.000  | 0.993f          |
| u_core.u_lsu.lsu_req_handshake_INV_X1_ZN_A_AOI21_X1_B1:ZN (AOI21_X1)                                                                   |        | 0.011       | 0.000      | 0.065      |             | 0.076  | 1.069r          |
| u_core.u_lsu.lsu_req_handshake_INV_X1_ZN_A_AOI21_X1_B1_ZN (net)                                                                        | 7      |             |            |            | 0.000       |        |                 |
| u_core.u_data_mem.gen_dcache.u_dcache.u_dcache_axi.refill_state_q_1__reg_p_D_OAI211_X1_ZN_C1_OAI211_X1_ZN_C2_INV_X1_ZN:A (INV_X1)      |        | 0.002       | 0.000      | 0.065      |             | 0.000  | 1.069r          |
| u_core.u_data_mem.gen_dcache.u_dcache.u_dcache_axi.refill_state_q_1__reg_p_D_OAI211_X1_ZN_C1_OAI211_X1_ZN_C2_INV_X1_ZN:ZN (INV_X1)     |        | 0.006       | 0.000      | 0.020      |             | 0.023  | 1.091f          |
| u_core.u_data_mem.gen_dcache.u_dcache.u_dcache_axi.refill_state_q_1__reg_p_D_OAI211_X1_ZN_C1_OAI211_X1_ZN_C2 (net)                     | 4      |             |            |            | 0.000       |        |                 |
| u_core.u_data_mem.gen_dcache.u_dcache.u_dcache_axi.refill_state_q_1__reg_p_D_OAI211_X1_ZN_C1_OAI211_X1_ZN_C2_OAI21_X1_B1:B1 (OAI21_X1) |        | 0.002       | 0.000      | 0.020      |             | 0.000  | 1.091f          |
| u_core.u_data_mem.gen_dcache.u_dcache.u_dcache_axi.refill_state_q_1__reg_p_D_OAI211_X1_ZN_C1_OAI211_X1_ZN_C2_OAI21_X1_B1:ZN (OAI21_X1) |        | 0.014       | 0.000      | 0.075      |             | 0.094  | 1.185r          |
| u_core.u_data_mem.gen_dcache.u_dcache.u_dcache_axi.refill_context_q_9__AOI221_X1_C2_A (net)                                            | 8      |             |            |            | 0.000       |        |                 |
| u_core.u_data_mem.gen_dcache.u_dcache.u_dcache_axi.refill_context_q_9__AOI221_X1_C2_A_BUF_X2_A:A (BUF_X2)                              |        | 0.002       | 0.000      | 0.075      |             | 0.000  | 1.185r          |
| u_core.u_data_mem.gen_dcache.u_dcache.u_dcache_axi.refill_context_q_9__AOI221_X1_C2_A_BUF_X2_A:Z (BUF_X2)                              |        | 0.039       | 0.000      | 0.049      |             | 0.076  | 1.261r          |
| u_core.u_data_mem.u_uncached_axi.state_q_2__reg_p_D_OAI21_X1_ZN_A_NAND3_X1_ZN_A3 (net)                                                 | 24     |             |            |            | 0.000       |        |                 |
| u_core.u_data_mem.u_uncached_axi.state_q_2__reg_p_D_OAI21_X1_ZN_A_NAND3_X1_ZN_A3_BUF_X2_A:A (BUF_X2)                                   |        | 0.002       | 0.000      | 0.049      |             | 0.000  | 1.261r          |
| u_core.u_data_mem.u_uncached_axi.state_q_2__reg_p_D_OAI21_X1_ZN_A_NAND3_X1_ZN_A3_BUF_X2_A:Z (BUF_X2)                                   |        | 0.040       | 0.000      | 0.050      |             | 0.075  | 1.336r          |
| u_core.u_data_mem.u_uncached_axi.request_context_q_7__AOI21_X1_B1_ZN_AOI21_X1_B1_B2 (net)                                              | 24     |             |            |            | 0.000       |        |                 |
| u_core.u_data_mem.u_uncached_axi.request_context_q_66__AOI21_X1_B1_ZN_AOI21_X1_B1:B2 (AOI21_X1)                                        |        | 0.002       | 0.000      | 0.050      |             | 0.000  | 1.336r          |
| u_core.u_data_mem.u_uncached_axi.request_context_q_66__AOI21_X1_B1_ZN_AOI21_X1_B1:ZN (AOI21_X1)                                        |        | 0.000       | 0.000      | 0.010      |             | 0.014  | 1.350f          |
| data_axi4_manager_o_43_ (port)                                                                                                         |        | 0.000       | 0.000      | 0.010      |             | 0.000  | 1.350f          |
|                                                                                                                                        |        |             |            |            |             |        |                 |
| clk_i (port)                                                                                                                           |        | 0.936       | 0.000      | 0.100      |             | 0.000  | 0.000r          |
| clock core_clock (rise edge)                                                                                                           |        |             |            |            |             | 1.666  | 1.666           |
| clock network delay (ideal)                                                                                                            |        |             |            |            |             | 0.000  | 1.666           |
| clk_i (port)                                                                                                                           |        |             |            |            |             |        | 1.666r          |
| output external max delay time                                                                                                         |        |             |            |            |             | -0.333 | 1.333           |
|                                                                                                                                        |        |             |            |            |             |        |                 |
| path cell delay                                                                                                                        |        |             |            |            |             |        | 1.350(100.000%) |
| path net delay                                                                                                                         |        |             |            |            |             |        | 0.000(0.000%)   |
|                                                                                                                                        |        |             |            |            |             |        |                 |
| data require time                                                                                                                      |        |             |            |            |             |        | 1.333           |
| data arrival time                                                                                                                      |        |             |            |            |             |        | 1.350           |
| slack (VIOLATED)                                                                                                                       |        |             |            |            |             |        | -0.018          |
+----------------------------------------------------------------------------------------------------------------------------------------+--------+-------------+------------+------------+-------------+--------+-----------------+
+----------------------------------------------------------------------------------------------------------------------------------------+--------+-------------+------------+------------+-------------+--------+-----------------+
| Point                                                                                                                                  | Fanout | Capacitance | Resistance | Transition | Delta Delay | Incr   | Path            |
+----------------------------------------------------------------------------------------------------------------------------------------+--------+-------------+------------+------------+-------------+--------+-----------------+
| clk_i (port)                                                                                                                           |        | 0.936       | 0.000      | 0.100      |             | 0.000  | 0.000r          |
| clk_i (clock net)                                                                                                                      | 550    |             |            |            | NA          |        |                 |
| u_core.u_lsu.state_q_0__reg_p_CK_CLKGATE_X1_GCK:CK (CLKGATE_X1)                                                                        |        | 0.002       | 0.000      | 0.000      |             | 0.000  | 0.000r          |
| u_core.u_lsu.state_q_0__reg_p_CK_CLKGATE_X1_GCK:GCK (CLKGATE_X1)                                                                       |        | 0.002       | 0.000      | 0.000      |             | 0.000  | 0.000r          |
| u_core.u_lsu.state_q_0__reg_p_CK (clock net)                                                                                           | 2      |             |            |            | NA          |        |                 |
| u_core.u_lsu.state_q_0__reg_p:CK (DFFR_X1)                                                                                             |        | 0.001       | 0.000      | 0.000      |             | 0.000  | 0.000r          |
| clock core_clock (rise edge)                                                                                                           |        |             |            |            |             | 0      | 0               |
| clock network delay (ideal)                                                                                                            |        |             |            |            |             | 0.000  | 0.000           |
| u_core.u_lsu.state_q_0__reg_p:CK (DFFR_X1)                                                                                             |        | 0.001       | 0.000      | 0.000      |             | 0.000  | 0.000r          |
| u_core.u_lsu.state_q_0__reg_p:Q (DFFR_X1)                                                                                              |        | 0.043       | 0.000      | 0.104      |             | 0.199  | 0.199r          |
| u_core.u_lsu.state_q_0_ (net)                                                                                                          | 24     |             |            |            | 0.000       |        |                 |
| u_core.u_lsu.state_q_0__INV_X2_A:A (INV_X2)                                                                                            |        | 0.003       | 0.000      | 0.104      |             | 0.000  | 0.199r          |
| u_core.u_lsu.state_q_0__INV_X2_A:ZN (INV_X2)                                                                                           |        | 0.030       | 0.000      | 0.037      |             | 0.049  | 0.248f          |
| u_core.execute_packet_160__AND2_X1_A2_A1 (net)                                                                                         | 24     |             |            |            | 0.000       |        |                 |
| u_core.execute_packet_160__AND2_X1_A2:A1 (AND2_X1)                                                                                     |        | 0.001       | 0.000      | 0.037      |             | 0.000  | 0.248f          |
| u_core.execute_packet_160__AND2_X1_A2:ZN (AND2_X1)                                                                                     |        | 0.005       | 0.000      | 0.010      |             | 0.048  | 0.296f          |
| u_core.execute_packet_160__AND2_X1_A2_ZN (net)                                                                                         | 2      |             |            |            | 0.000       |        |                 |
| u_core.execute_packet_160__AND2_X1_A2_ZN_AOI21_X2_A:A (AOI21_X2)                                                                       |        | 0.003       | 0.000      | 0.010      |             | 0.000  | 0.296f          |
| u_core.execute_packet_160__AND2_X1_A2_ZN_AOI21_X2_A:ZN (AOI21_X2)                                                                      |        | 0.023       | 0.000      | 0.070      |             | 0.070  | 0.366r          |
| u_core.data_memory_req_43__INV_X1_ZN_A (net)                                                                                           | 14     |             |            |            | 0.000       |        |                 |
| u_core.data_memory_req_43__INV_X1_ZN:A (INV_X1)                                                                                        |        | 0.002       | 0.000      | 0.070      |             | 0.000  | 0.366r          |
| u_core.data_memory_req_43__INV_X1_ZN:ZN (INV_X1)                                                                                       |        | 0.006       | 0.000      | 0.020      |             | 0.023  | 0.390f          |
| u_core.data_memory_req_43_ (net)                                                                                                       | 4      |             |            |            | 0.000       |        |                 |
| u_core.data_memory_req_43__NAND2_X1_A1:A1 (NAND2_X1)                                                                                   |        | 0.002       | 0.000      | 0.020      |             | 0.000  | 0.390f          |
| u_core.data_memory_req_43__NAND2_X1_A1:ZN (NAND2_X1)                                                                                   |        | 0.003       | 0.000      | 0.019      |             | 0.026  | 0.415r          |
| u_core.data_memory_req_43__NAND2_X1_A1_ZN (net)                                                                                        | 1      |             |            |            | 0.000       |        |                 |
| u_core.data_memory_req_43__NAND2_X1_A1_ZN_BUF_X4_A:A (BUF_X4)                                                                          |        | 0.003       | 0.000      | 0.019      |             | 0.000  | 0.415r          |
| u_core.data_memory_req_43__NAND2_X1_A1_ZN_BUF_X4_A:Z (BUF_X4)                                                                          |        | 0.027       | 0.000      | 0.019      |             | 0.037  | 0.453r          |
| u_core.data_memory_req_44__OR4_X1_A2_A3 (net)                                                                                          | 18     |             |            |            | 0.000       |        |                 |
| u_core.u_lsu.state_d_1__MUX2_X1_Z_A_NOR4_X1_ZN_A2_AOI21_X1_A:B2 (AOI21_X1)                                                             |        | 0.002       | 0.000      | 0.019      |             | 0.000  | 0.453r          |
| u_core.u_lsu.state_d_1__MUX2_X1_Z_A_NOR4_X1_ZN_A2_AOI21_X1_A:ZN (AOI21_X1)                                                             |        | 0.012       | 0.000      | 0.036      |             | 0.042  | 0.494f          |
| u_core.commit_39__reg_p_D_OAI33_X1_ZN_B1_AOI21_X1_B1_B2 (net)                                                                          | 8      |             |            |            | 0.000       |        |                 |
| u_core.lsu_req_33__OAI21_X1_B1_A_AOI22_X1_B2_ZN_OAI221_X1_C1:A (OAI221_X1)                                                             |        | 0.002       | 0.000      | 0.036      |             | 0.000  | 0.494f          |
| u_core.lsu_req_33__OAI21_X1_B1_A_AOI22_X1_B2_ZN_OAI221_X1_C1:ZN (OAI221_X1)                                                            |        | 0.002       | 0.000      | 0.038      |             | 0.034  | 0.528r          |
| u_core.lsu_req_33__OAI21_X1_B1_A_AOI22_X1_B2_ZN_OAI221_X1_C1_ZN (net)                                                                  | 1      |             |            |            | 0.000       |        |                 |
| u_core.lsu_req_33__OAI21_X1_B1_A_AOI22_X1_B2_ZN_OAI221_X1_C1_ZN_BUF_X2_A:A (BUF_X2)                                                    |        | 0.002       | 0.000      | 0.038      |             | 0.000  | 0.528r          |
| u_core.lsu_req_33__OAI21_X1_B1_A_AOI22_X1_B2_ZN_OAI221_X1_C1_ZN_BUF_X2_A:Z (BUF_X2)                                                    |        | 0.029       | 0.000      | 0.037      |             | 0.061  | 0.589r          |
| u_core.execute_packet_135__NAND4_X1_A4_A1 (net)                                                                                        | 19     |             |            |            | 0.000       |        |                 |
| u_core.resolved_execute_result_208__AOI221_X1_A_C2_AOI22_X1_A2:B2 (AOI22_X1)                                                           |        | 0.002       | 0.000      | 0.037      |             | 0.000  | 0.589r          |
| u_core.resolved_execute_result_208__AOI221_X1_A_C2_AOI22_X1_A2:ZN (AOI22_X1)                                                           |        | 0.001       | 0.000      | 0.025      |             | 0.025  | 0.614f          |
| u_core.resolved_execute_result_208__AOI221_X1_A_C2_AOI22_X1_A2_ZN (net)                                                                | 1      |             |            |            | 0.000       |        |                 |
| u_core.resolved_execute_result_208__AOI221_X1_A_C2_AOI22_X1_A2_ZN_BUF_X1_A:A (BUF_X1)                                                  |        | 0.001       | 0.000      | 0.025      |             | 0.000  | 0.614f          |
| u_core.resolved_execute_result_208__AOI221_X1_A_C2_AOI22_X1_A2_ZN_BUF_X1_A:Z (BUF_X1)                                                  |        | 0.030       | 0.000      | 0.035      |             | 0.074  | 0.688f          |
| u_core.commit_39__reg_p_D_OAI33_X1_ZN_A2 (net)                                                                                         | 21     |             |            |            | 0.000       |        |                 |
| u_core.execute_packet_valid_OR4_X1_A3_A1_AOI221_X1_B1:A (AOI221_X1)                                                                    |        | 0.002       | 0.000      | 0.035      |             | 0.000  | 0.688f          |
| u_core.execute_packet_valid_OR4_X1_A3_A1_AOI221_X1_B1:ZN (AOI221_X1)                                                                   |        | 0.001       | 0.000      | 0.030      |             | 0.047  | 0.735r          |
| u_core.execute_packet_valid_OR4_X1_A3_A1_AOI221_X1_B1_ZN (net)                                                                         | 1      |             |            |            | 0.000       |        |                 |
| u_core.execute_packet_valid_OR4_X1_A3_A1_AOI221_X1_B1_ZN_BUF_X1_A:A (BUF_X1)                                                           |        | 0.001       | 0.000      | 0.030      |             | 0.000  | 0.735r          |
| u_core.execute_packet_valid_OR4_X1_A3_A1_AOI221_X1_B1_ZN_BUF_X1_A:Z (BUF_X1)                                                           |        | 0.016       | 0.000      | 0.039      |             | 0.062  | 0.797r          |
| u_core.completion_result_233__NOR2_X1_ZN_A2_OAI22_X1_B1_A2 (net)                                                                       | 10     |             |            |            | 0.000       |        |                 |
| u_core.completion_result_233__NOR2_X1_ZN_A2_OAI22_X1_B1:A2 (OAI22_X1)                                                                  |        | 0.002       | 0.000      | 0.039      |             | 0.000  | 0.797r          |
| u_core.completion_result_233__NOR2_X1_ZN_A2_OAI22_X1_B1:ZN (OAI22_X1)                                                                  |        | 0.005       | 0.000      | 0.020      |             | 0.037  | 0.835f          |
| u_core.u_lsu.state_d_0__NOR4_X1_ZN_A3_OR3_X1_ZN_A1 (net)                                                                               | 4      |             |            |            | 0.000       |        |                 |
| u_core.u_lsu.state_d_0__NOR4_X1_ZN_A3_OR3_X1_ZN:A1 (OR3_X1)                                                                            |        | 0.001       | 0.000      | 0.020      |             | 0.000  | 0.835f          |
| u_core.u_lsu.state_d_0__NOR4_X1_ZN_A3_OR3_X1_ZN:ZN (OR3_X1)                                                                            |        | 0.004       | 0.000      | 0.016      |             | 0.076  | 0.910f          |
| u_core.u_lsu.state_d_0__NOR4_X1_ZN_A3 (net)                                                                                            | 3      |             |            |            | 0.000       |        |                 |
| u_core.u_lsu.lsu_req_handshake_INV_X1_ZN_A_OR3_X1_ZN:A2 (OR3_X1)                                                                       |        | 0.001       | 0.000      | 0.016      |             | 0.000  | 0.910f          |
| u_core.u_lsu.lsu_req_handshake_INV_X1_ZN_A_OR3_X1_ZN:ZN (OR3_X1)                                                                       |        | 0.003       | 0.000      | 0.015      |             | 0.083  | 0.993f          |
| u_core.u_lsu.lsu_req_handshake_INV_X1_ZN_A (net)                                                                                       | 2      |             |            |            | 0.000       |        |                 |
| u_core.u_lsu.lsu_req_handshake_INV_X1_ZN_A_AOI21_X1_B1:B1 (AOI21_X1)                                                                   |        | 0.002       | 0.000      | 0.015      |             | 0.000  | 0.993f          |
| u_core.u_lsu.lsu_req_handshake_INV_X1_ZN_A_AOI21_X1_B1:ZN (AOI21_X1)                                                                   |        | 0.011       | 0.000      | 0.065      |             | 0.076  | 1.069r          |
| u_core.u_lsu.lsu_req_handshake_INV_X1_ZN_A_AOI21_X1_B1_ZN (net)                                                                        | 7      |             |            |            | 0.000       |        |                 |
| u_core.u_data_mem.gen_dcache.u_dcache.u_dcache_axi.refill_state_q_1__reg_p_D_OAI211_X1_ZN_C1_OAI211_X1_ZN_C2_INV_X1_ZN:A (INV_X1)      |        | 0.002       | 0.000      | 0.065      |             | 0.000  | 1.069r          |
| u_core.u_data_mem.gen_dcache.u_dcache.u_dcache_axi.refill_state_q_1__reg_p_D_OAI211_X1_ZN_C1_OAI211_X1_ZN_C2_INV_X1_ZN:ZN (INV_X1)     |        | 0.006       | 0.000      | 0.020      |             | 0.023  | 1.091f          |
| u_core.u_data_mem.gen_dcache.u_dcache.u_dcache_axi.refill_state_q_1__reg_p_D_OAI211_X1_ZN_C1_OAI211_X1_ZN_C2 (net)                     | 4      |             |            |            | 0.000       |        |                 |
| u_core.u_data_mem.gen_dcache.u_dcache.u_dcache_axi.refill_state_q_1__reg_p_D_OAI211_X1_ZN_C1_OAI211_X1_ZN_C2_OAI21_X1_B1:B1 (OAI21_X1) |        | 0.002       | 0.000      | 0.020      |             | 0.000  | 1.091f          |
| u_core.u_data_mem.gen_dcache.u_dcache.u_dcache_axi.refill_state_q_1__reg_p_D_OAI211_X1_ZN_C1_OAI211_X1_ZN_C2_OAI21_X1_B1:ZN (OAI21_X1) |        | 0.014       | 0.000      | 0.075      |             | 0.094  | 1.185r          |
| u_core.u_data_mem.gen_dcache.u_dcache.u_dcache_axi.refill_context_q_9__AOI221_X1_C2_A (net)                                            | 8      |             |            |            | 0.000       |        |                 |
| u_core.u_data_mem.gen_dcache.u_dcache.u_dcache_axi.refill_context_q_9__AOI221_X1_C2_A_BUF_X2_A:A (BUF_X2)                              |        | 0.002       | 0.000      | 0.075      |             | 0.000  | 1.185r          |
| u_core.u_data_mem.gen_dcache.u_dcache.u_dcache_axi.refill_context_q_9__AOI221_X1_C2_A_BUF_X2_A:Z (BUF_X2)                              |        | 0.039       | 0.000      | 0.049      |             | 0.076  | 1.261r          |
| u_core.u_data_mem.u_uncached_axi.state_q_2__reg_p_D_OAI21_X1_ZN_A_NAND3_X1_ZN_A3 (net)                                                 | 24     |             |            |            | 0.000       |        |                 |
| u_core.u_data_mem.u_uncached_axi.state_q_2__reg_p_D_OAI21_X1_ZN_A_NAND3_X1_ZN_A3_BUF_X2_A:A (BUF_X2)                                   |        | 0.002       | 0.000      | 0.049      |             | 0.000  | 1.261r          |
| u_core.u_data_mem.u_uncached_axi.state_q_2__reg_p_D_OAI21_X1_ZN_A_NAND3_X1_ZN_A3_BUF_X2_A:Z (BUF_X2)                                   |        | 0.040       | 0.000      | 0.050      |             | 0.075  | 1.336r          |
| u_core.u_data_mem.u_uncached_axi.request_context_q_7__AOI21_X1_B1_ZN_AOI21_X1_B1_B2 (net)                                              | 24     |             |            |            | 0.000       |        |                 |
| u_core.u_data_mem.u_uncached_axi.request_context_q_73__AOI21_X1_B1_ZN_AOI21_X1_B1:B2 (AOI21_X1)                                        |        | 0.002       | 0.000      | 0.050      |             | 0.000  | 1.336r          |
| u_core.u_data_mem.u_uncached_axi.request_context_q_73__AOI21_X1_B1_ZN_AOI21_X1_B1:ZN (AOI21_X1)                                        |        | 0.000       | 0.000      | 0.010      |             | 0.014  | 1.350f          |
| data_axi4_manager_o_50_ (port)                                                                                                         |        | 0.000       | 0.000      | 0.010      |             | 0.000  | 1.350f          |
|                                                                                                                                        |        |             |            |            |             |        |                 |
| clk_i (port)                                                                                                                           |        | 0.936       | 0.000      | 0.100      |             | 0.000  | 0.000r          |
| clock core_clock (rise edge)                                                                                                           |        |             |            |            |             | 1.666  | 1.666           |
| clock network delay (ideal)                                                                                                            |        |             |            |            |             | 0.000  | 1.666           |
| clk_i (port)                                                                                                                           |        |             |            |            |             |        | 1.666r          |
| output external max delay time                                                                                                         |        |             |            |            |             | -0.333 | 1.333           |
|                                                                                                                                        |        |             |            |            |             |        |                 |
| path cell delay                                                                                                                        |        |             |            |            |             |        | 1.350(100.000%) |
| path net delay                                                                                                                         |        |             |            |            |             |        | 0.000(0.000%)   |
|                                                                                                                                        |        |             |            |            |             |        |                 |
| data require time                                                                                                                      |        |             |            |            |             |        | 1.333           |
| data arrival time                                                                                                                      |        |             |            |            |             |        | 1.350           |
| slack (VIOLATED)                                                                                                                       |        |             |            |            |             |        | -0.018          |
+----------------------------------------------------------------------------------------------------------------------------------------+--------+-------------+------------+------------+-------------+--------+-----------------+
+----------------------------------------------------------------------------------------------------------------------------------------+--------+-------------+------------+------------+-------------+--------+-----------------+
| Point                                                                                                                                  | Fanout | Capacitance | Resistance | Transition | Delta Delay | Incr   | Path            |
+----------------------------------------------------------------------------------------------------------------------------------------+--------+-------------+------------+------------+-------------+--------+-----------------+
| clk_i (port)                                                                                                                           |        | 0.936       | 0.000      | 0.100      |             | 0.000  | 0.000r          |
| clk_i (clock net)                                                                                                                      | 550    |             |            |            | NA          |        |                 |
| u_core.u_lsu.state_q_0__reg_p_CK_CLKGATE_X1_GCK:CK (CLKGATE_X1)                                                                        |        | 0.002       | 0.000      | 0.000      |             | 0.000  | 0.000r          |
| u_core.u_lsu.state_q_0__reg_p_CK_CLKGATE_X1_GCK:GCK (CLKGATE_X1)                                                                       |        | 0.002       | 0.000      | 0.000      |             | 0.000  | 0.000r          |
| u_core.u_lsu.state_q_0__reg_p_CK (clock net)                                                                                           | 2      |             |            |            | NA          |        |                 |
| u_core.u_lsu.state_q_0__reg_p:CK (DFFR_X1)                                                                                             |        | 0.001       | 0.000      | 0.000      |             | 0.000  | 0.000r          |
| clock core_clock (rise edge)                                                                                                           |        |             |            |            |             | 0      | 0               |
| clock network delay (ideal)                                                                                                            |        |             |            |            |             | 0.000  | 0.000           |
| u_core.u_lsu.state_q_0__reg_p:CK (DFFR_X1)                                                                                             |        | 0.001       | 0.000      | 0.000      |             | 0.000  | 0.000r          |
| u_core.u_lsu.state_q_0__reg_p:Q (DFFR_X1)                                                                                              |        | 0.043       | 0.000      | 0.104      |             | 0.199  | 0.199r          |
| u_core.u_lsu.state_q_0_ (net)                                                                                                          | 24     |             |            |            | 0.000       |        |                 |
| u_core.u_lsu.state_q_0__INV_X2_A:A (INV_X2)                                                                                            |        | 0.003       | 0.000      | 0.104      |             | 0.000  | 0.199r          |
| u_core.u_lsu.state_q_0__INV_X2_A:ZN (INV_X2)                                                                                           |        | 0.030       | 0.000      | 0.037      |             | 0.049  | 0.248f          |
| u_core.execute_packet_160__AND2_X1_A2_A1 (net)                                                                                         | 24     |             |            |            | 0.000       |        |                 |
| u_core.execute_packet_160__AND2_X1_A2:A1 (AND2_X1)                                                                                     |        | 0.001       | 0.000      | 0.037      |             | 0.000  | 0.248f          |
| u_core.execute_packet_160__AND2_X1_A2:ZN (AND2_X1)                                                                                     |        | 0.005       | 0.000      | 0.010      |             | 0.048  | 0.296f          |
| u_core.execute_packet_160__AND2_X1_A2_ZN (net)                                                                                         | 2      |             |            |            | 0.000       |        |                 |
| u_core.execute_packet_160__AND2_X1_A2_ZN_AOI21_X2_A:A (AOI21_X2)                                                                       |        | 0.003       | 0.000      | 0.010      |             | 0.000  | 0.296f          |
| u_core.execute_packet_160__AND2_X1_A2_ZN_AOI21_X2_A:ZN (AOI21_X2)                                                                      |        | 0.023       | 0.000      | 0.070      |             | 0.070  | 0.366r          |
| u_core.data_memory_req_43__INV_X1_ZN_A (net)                                                                                           | 14     |             |            |            | 0.000       |        |                 |
| u_core.data_memory_req_43__INV_X1_ZN:A (INV_X1)                                                                                        |        | 0.002       | 0.000      | 0.070      |             | 0.000  | 0.366r          |
| u_core.data_memory_req_43__INV_X1_ZN:ZN (INV_X1)                                                                                       |        | 0.006       | 0.000      | 0.020      |             | 0.023  | 0.390f          |
| u_core.data_memory_req_43_ (net)                                                                                                       | 4      |             |            |            | 0.000       |        |                 |
| u_core.data_memory_req_43__NAND2_X1_A1:A1 (NAND2_X1)                                                                                   |        | 0.002       | 0.000      | 0.020      |             | 0.000  | 0.390f          |
| u_core.data_memory_req_43__NAND2_X1_A1:ZN (NAND2_X1)                                                                                   |        | 0.003       | 0.000      | 0.019      |             | 0.026  | 0.415r          |
| u_core.data_memory_req_43__NAND2_X1_A1_ZN (net)                                                                                        | 1      |             |            |            | 0.000       |        |                 |
| u_core.data_memory_req_43__NAND2_X1_A1_ZN_BUF_X4_A:A (BUF_X4)                                                                          |        | 0.003       | 0.000      | 0.019      |             | 0.000  | 0.415r          |
| u_core.data_memory_req_43__NAND2_X1_A1_ZN_BUF_X4_A:Z (BUF_X4)                                                                          |        | 0.027       | 0.000      | 0.019      |             | 0.037  | 0.453r          |
| u_core.data_memory_req_44__OR4_X1_A2_A3 (net)                                                                                          | 18     |             |            |            | 0.000       |        |                 |
| u_core.u_lsu.state_d_1__MUX2_X1_Z_A_NOR4_X1_ZN_A2_AOI21_X1_A:B2 (AOI21_X1)                                                             |        | 0.002       | 0.000      | 0.019      |             | 0.000  | 0.453r          |
| u_core.u_lsu.state_d_1__MUX2_X1_Z_A_NOR4_X1_ZN_A2_AOI21_X1_A:ZN (AOI21_X1)                                                             |        | 0.012       | 0.000      | 0.036      |             | 0.042  | 0.494f          |
| u_core.commit_39__reg_p_D_OAI33_X1_ZN_B1_AOI21_X1_B1_B2 (net)                                                                          | 8      |             |            |            | 0.000       |        |                 |
| u_core.lsu_req_33__OAI21_X1_B1_A_AOI22_X1_B2_ZN_OAI221_X1_C1:A (OAI221_X1)                                                             |        | 0.002       | 0.000      | 0.036      |             | 0.000  | 0.494f          |
| u_core.lsu_req_33__OAI21_X1_B1_A_AOI22_X1_B2_ZN_OAI221_X1_C1:ZN (OAI221_X1)                                                            |        | 0.002       | 0.000      | 0.038      |             | 0.034  | 0.528r          |
| u_core.lsu_req_33__OAI21_X1_B1_A_AOI22_X1_B2_ZN_OAI221_X1_C1_ZN (net)                                                                  | 1      |             |            |            | 0.000       |        |                 |
| u_core.lsu_req_33__OAI21_X1_B1_A_AOI22_X1_B2_ZN_OAI221_X1_C1_ZN_BUF_X2_A:A (BUF_X2)                                                    |        | 0.002       | 0.000      | 0.038      |             | 0.000  | 0.528r          |
| u_core.lsu_req_33__OAI21_X1_B1_A_AOI22_X1_B2_ZN_OAI221_X1_C1_ZN_BUF_X2_A:Z (BUF_X2)                                                    |        | 0.029       | 0.000      | 0.037      |             | 0.061  | 0.589r          |
| u_core.execute_packet_135__NAND4_X1_A4_A1 (net)                                                                                        | 19     |             |            |            | 0.000       |        |                 |
| u_core.resolved_execute_result_208__AOI221_X1_A_C2_AOI22_X1_A2:B2 (AOI22_X1)                                                           |        | 0.002       | 0.000      | 0.037      |             | 0.000  | 0.589r          |
| u_core.resolved_execute_result_208__AOI221_X1_A_C2_AOI22_X1_A2:ZN (AOI22_X1)                                                           |        | 0.001       | 0.000      | 0.025      |             | 0.025  | 0.614f          |
| u_core.resolved_execute_result_208__AOI221_X1_A_C2_AOI22_X1_A2_ZN (net)                                                                | 1      |             |            |            | 0.000       |        |                 |
| u_core.resolved_execute_result_208__AOI221_X1_A_C2_AOI22_X1_A2_ZN_BUF_X1_A:A (BUF_X1)                                                  |        | 0.001       | 0.000      | 0.025      |             | 0.000  | 0.614f          |
| u_core.resolved_execute_result_208__AOI221_X1_A_C2_AOI22_X1_A2_ZN_BUF_X1_A:Z (BUF_X1)                                                  |        | 0.030       | 0.000      | 0.035      |             | 0.074  | 0.688f          |
| u_core.commit_39__reg_p_D_OAI33_X1_ZN_A2 (net)                                                                                         | 21     |             |            |            | 0.000       |        |                 |
| u_core.execute_packet_valid_OR4_X1_A3_A1_AOI221_X1_B1:A (AOI221_X1)                                                                    |        | 0.002       | 0.000      | 0.035      |             | 0.000  | 0.688f          |
| u_core.execute_packet_valid_OR4_X1_A3_A1_AOI221_X1_B1:ZN (AOI221_X1)                                                                   |        | 0.001       | 0.000      | 0.030      |             | 0.047  | 0.735r          |
| u_core.execute_packet_valid_OR4_X1_A3_A1_AOI221_X1_B1_ZN (net)                                                                         | 1      |             |            |            | 0.000       |        |                 |
| u_core.execute_packet_valid_OR4_X1_A3_A1_AOI221_X1_B1_ZN_BUF_X1_A:A (BUF_X1)                                                           |        | 0.001       | 0.000      | 0.030      |             | 0.000  | 0.735r          |
| u_core.execute_packet_valid_OR4_X1_A3_A1_AOI221_X1_B1_ZN_BUF_X1_A:Z (BUF_X1)                                                           |        | 0.016       | 0.000      | 0.039      |             | 0.062  | 0.797r          |
| u_core.completion_result_233__NOR2_X1_ZN_A2_OAI22_X1_B1_A2 (net)                                                                       | 10     |             |            |            | 0.000       |        |                 |
| u_core.completion_result_233__NOR2_X1_ZN_A2_OAI22_X1_B1:A2 (OAI22_X1)                                                                  |        | 0.002       | 0.000      | 0.039      |             | 0.000  | 0.797r          |
| u_core.completion_result_233__NOR2_X1_ZN_A2_OAI22_X1_B1:ZN (OAI22_X1)                                                                  |        | 0.005       | 0.000      | 0.020      |             | 0.037  | 0.835f          |
| u_core.u_lsu.state_d_0__NOR4_X1_ZN_A3_OR3_X1_ZN_A1 (net)                                                                               | 4      |             |            |            | 0.000       |        |                 |
| u_core.u_lsu.state_d_0__NOR4_X1_ZN_A3_OR3_X1_ZN:A1 (OR3_X1)                                                                            |        | 0.001       | 0.000      | 0.020      |             | 0.000  | 0.835f          |
| u_core.u_lsu.state_d_0__NOR4_X1_ZN_A3_OR3_X1_ZN:ZN (OR3_X1)                                                                            |        | 0.004       | 0.000      | 0.016      |             | 0.076  | 0.910f          |
| u_core.u_lsu.state_d_0__NOR4_X1_ZN_A3 (net)                                                                                            | 3      |             |            |            | 0.000       |        |                 |
| u_core.u_lsu.lsu_req_handshake_INV_X1_ZN_A_OR3_X1_ZN:A2 (OR3_X1)                                                                       |        | 0.001       | 0.000      | 0.016      |             | 0.000  | 0.910f          |
| u_core.u_lsu.lsu_req_handshake_INV_X1_ZN_A_OR3_X1_ZN:ZN (OR3_X1)                                                                       |        | 0.003       | 0.000      | 0.015      |             | 0.083  | 0.993f          |
| u_core.u_lsu.lsu_req_handshake_INV_X1_ZN_A (net)                                                                                       | 2      |             |            |            | 0.000       |        |                 |
| u_core.u_lsu.lsu_req_handshake_INV_X1_ZN_A_AOI21_X1_B1:B1 (AOI21_X1)                                                                   |        | 0.002       | 0.000      | 0.015      |             | 0.000  | 0.993f          |
| u_core.u_lsu.lsu_req_handshake_INV_X1_ZN_A_AOI21_X1_B1:ZN (AOI21_X1)                                                                   |        | 0.011       | 0.000      | 0.065      |             | 0.076  | 1.069r          |
| u_core.u_lsu.lsu_req_handshake_INV_X1_ZN_A_AOI21_X1_B1_ZN (net)                                                                        | 7      |             |            |            | 0.000       |        |                 |
| u_core.u_data_mem.gen_dcache.u_dcache.u_dcache_axi.refill_state_q_1__reg_p_D_OAI211_X1_ZN_C1_OAI211_X1_ZN_C2_INV_X1_ZN:A (INV_X1)      |        | 0.002       | 0.000      | 0.065      |             | 0.000  | 1.069r          |
| u_core.u_data_mem.gen_dcache.u_dcache.u_dcache_axi.refill_state_q_1__reg_p_D_OAI211_X1_ZN_C1_OAI211_X1_ZN_C2_INV_X1_ZN:ZN (INV_X1)     |        | 0.006       | 0.000      | 0.020      |             | 0.023  | 1.091f          |
| u_core.u_data_mem.gen_dcache.u_dcache.u_dcache_axi.refill_state_q_1__reg_p_D_OAI211_X1_ZN_C1_OAI211_X1_ZN_C2 (net)                     | 4      |             |            |            | 0.000       |        |                 |
| u_core.u_data_mem.gen_dcache.u_dcache.u_dcache_axi.refill_state_q_1__reg_p_D_OAI211_X1_ZN_C1_OAI211_X1_ZN_C2_OAI21_X1_B1:B1 (OAI21_X1) |        | 0.002       | 0.000      | 0.020      |             | 0.000  | 1.091f          |
| u_core.u_data_mem.gen_dcache.u_dcache.u_dcache_axi.refill_state_q_1__reg_p_D_OAI211_X1_ZN_C1_OAI211_X1_ZN_C2_OAI21_X1_B1:ZN (OAI21_X1) |        | 0.014       | 0.000      | 0.075      |             | 0.094  | 1.185r          |
| u_core.u_data_mem.gen_dcache.u_dcache.u_dcache_axi.refill_context_q_9__AOI221_X1_C2_A (net)                                            | 8      |             |            |            | 0.000       |        |                 |
| u_core.u_data_mem.gen_dcache.u_dcache.u_dcache_axi.refill_context_q_9__AOI221_X1_C2_A_BUF_X2_A:A (BUF_X2)                              |        | 0.002       | 0.000      | 0.075      |             | 0.000  | 1.185r          |
| u_core.u_data_mem.gen_dcache.u_dcache.u_dcache_axi.refill_context_q_9__AOI221_X1_C2_A_BUF_X2_A:Z (BUF_X2)                              |        | 0.039       | 0.000      | 0.049      |             | 0.076  | 1.261r          |
| u_core.u_data_mem.u_uncached_axi.state_q_2__reg_p_D_OAI21_X1_ZN_A_NAND3_X1_ZN_A3 (net)                                                 | 24     |             |            |            | 0.000       |        |                 |
| u_core.u_data_mem.u_uncached_axi.state_q_2__reg_p_D_OAI21_X1_ZN_A_NAND3_X1_ZN_A3_BUF_X2_A:A (BUF_X2)                                   |        | 0.002       | 0.000      | 0.049      |             | 0.000  | 1.261r          |
| u_core.u_data_mem.u_uncached_axi.state_q_2__reg_p_D_OAI21_X1_ZN_A_NAND3_X1_ZN_A3_BUF_X2_A:Z (BUF_X2)                                   |        | 0.040       | 0.000      | 0.050      |             | 0.075  | 1.336r          |
| u_core.u_data_mem.u_uncached_axi.request_context_q_7__AOI21_X1_B1_ZN_AOI21_X1_B1_B2 (net)                                              | 24     |             |            |            | 0.000       |        |                 |
| u_core.u_data_mem.u_uncached_axi.request_context_q_56__AOI21_X1_B1_ZN_AOI21_X1_B1:B2 (AOI21_X1)                                        |        | 0.002       | 0.000      | 0.050      |             | 0.000  | 1.336r          |
| u_core.u_data_mem.u_uncached_axi.request_context_q_56__AOI21_X1_B1_ZN_AOI21_X1_B1:ZN (AOI21_X1)                                        |        | 0.000       | 0.000      | 0.010      |             | 0.014  | 1.350f          |
| data_axi4_manager_o_33_ (port)                                                                                                         |        | 0.000       | 0.000      | 0.010      |             | 0.000  | 1.350f          |
|                                                                                                                                        |        |             |            |            |             |        |                 |
| clk_i (port)                                                                                                                           |        | 0.936       | 0.000      | 0.100      |             | 0.000  | 0.000r          |
| clock core_clock (rise edge)                                                                                                           |        |             |            |            |             | 1.666  | 1.666           |
| clock network delay (ideal)                                                                                                            |        |             |            |            |             | 0.000  | 1.666           |
| clk_i (port)                                                                                                                           |        |             |            |            |             |        | 1.666r          |
| output external max delay time                                                                                                         |        |             |            |            |             | -0.333 | 1.333           |
|                                                                                                                                        |        |             |            |            |             |        |                 |
| path cell delay                                                                                                                        |        |             |            |            |             |        | 1.350(100.000%) |
| path net delay                                                                                                                         |        |             |            |            |             |        | 0.000(0.000%)   |
|                                                                                                                                        |        |             |            |            |             |        |                 |
| data require time                                                                                                                      |        |             |            |            |             |        | 1.333           |
| data arrival time                                                                                                                      |        |             |            |            |             |        | 1.350           |
| slack (VIOLATED)                                                                                                                       |        |             |            |            |             |        | -0.018          |
+----------------------------------------------------------------------------------------------------------------------------------------+--------+-------------+------------+------------+-------------+--------+-----------------+
+----------------------------------------------------------------------------------------------------------------------+--------+-------------+------------+------------+-------------+--------+----------------+
| Point                                                                                                                | Fanout | Capacitance | Resistance | Transition | Delta Delay | Incr   | Path           |
+----------------------------------------------------------------------------------------------------------------------+--------+-------------+------------+------------+-------------+--------+----------------+
| instruction_axi4_manager_i_0_ (port)                                                                                 |        | 0.007       | 0.000      | 0.100      |             | 0.000  | 0.000r         |
| clock core_clock (rise edge)                                                                                         |        |             |            |            |             | 0      | 0              |
| clock network delay (ideal)                                                                                          |        |             |            |            |             | 0.000  | 0.000          |
| instruction_axi4_manager_i_0_ (port)                                                                                 |        | 0.007       | 0.000      | 0.100      |             | 0.333  | 0.333r         |
| instruction_axi4_manager_i_0_ (net)                                                                                  | 5      |             |            |            | 0.000       |        |                |
| u_core.u_icache.refill_data_write_valid_NOR4_X1_ZN_A1_NAND2_X1_ZN:A1 (NAND2_X1)                                      |        | 0.002       | 0.000      | 0.100      |             | 0.000  | 0.333r         |
| u_core.u_icache.refill_data_write_valid_NOR4_X1_ZN_A1_NAND2_X1_ZN:ZN (NAND2_X1)                                      |        | 0.005       | 0.000      | 0.030      |             | 0.036  | 0.369f         |
| u_core.u_icache.refill_data_write_valid_NOR4_X1_ZN_A1 (net)                                                          | 4      |             |            |            | 0.000       |        |                |
| u_core.u_icache.u_riscv32_icache_miss_unit.lookup_response_generated_q_OR4_X1_A3:A2 (OR4_X1)                         |        | 0.001       | 0.000      | 0.030      |             | 0.000  | 0.369f         |
| u_core.u_icache.u_riscv32_icache_miss_unit.lookup_response_generated_q_OR4_X1_A3:ZN (OR4_X1)                         |        | 0.006       | 0.000      | 0.024      |             | 0.124  | 0.493f         |
| u_core.u_icache.local_lookup_resp_1__OAI211_X1_B_C2 (net)                                                            | 4      |             |            |            | 0.000       |        |                |
| u_core.u_icache.local_lookup_resp_1__OAI211_X1_B_C1_AND2_X1_ZN_A1_AOI21_X1_B2:A (AOI21_X1)                           |        | 0.002       | 0.000      | 0.024      |             | 0.000  | 0.493f         |
| u_core.u_icache.local_lookup_resp_1__OAI211_X1_B_C1_AND2_X1_ZN_A1_AOI21_X1_B2:ZN (AOI21_X1)                          |        | 0.003       | 0.000      | 0.032      |             | 0.046  | 0.538r         |
| u_core.u_icache.local_lookup_resp_1__OAI211_X1_B_C1_AND2_X1_ZN_A1_AOI21_X1_B2_ZN (net)                               | 1      |             |            |            | 0.000       |        |                |
| u_core.u_icache.local_lookup_resp_1__OAI211_X1_B_C1_AND2_X1_ZN_A1_AOI21_X1_B2_ZN_BUF_X4_A:A (BUF_X4)                 |        | 0.003       | 0.000      | 0.032      |             | 0.000  | 0.538r         |
| u_core.u_icache.local_lookup_resp_1__OAI211_X1_B_C1_AND2_X1_ZN_A1_AOI21_X1_B2_ZN_BUF_X4_A:Z (BUF_X4)                 |        | 0.033       | 0.000      | 0.022      |             | 0.043  | 0.582r         |
| u_core.u_icache.miss_lookup_resp_1__OAI21_X1_A_B1 (net)                                                              | 21     |             |            |            | 0.000       |        |                |
| u_core.u_icache.u_riscv32_icache_miss_unit.lookup_resp_data_q_0__AND2_X1_A2_ZN_OAI22_X1_B2:A2 (OAI22_X1)             |        | 0.002       | 0.000      | 0.022      |             | 0.000  | 0.582r         |
| u_core.u_icache.u_riscv32_icache_miss_unit.lookup_resp_data_q_0__AND2_X1_A2_ZN_OAI22_X1_B2:ZN (OAI22_X1)             |        | 0.003       | 0.000      | 0.027      |             | 0.029  | 0.610f         |
| u_core.icache_lookup_resp_5__OAI21_X1_ZN_A (net)                                                                     | 2      |             |            |            | 0.000       |        |                |
| u_core.icache_lookup_resp_5__OAI21_X1_ZN_A_OAI211_X1_B:B (OAI211_X1)                                                 |        | 0.002       | 0.000      | 0.027      |             | 0.000  | 0.610f         |
| u_core.icache_lookup_resp_5__OAI21_X1_ZN_A_OAI211_X1_B:ZN (OAI211_X1)                                                |        | 0.004       | 0.000      | 0.043      |             | 0.040  | 0.650r         |
| u_core.icache_lookup_resp_5__OAI21_X1_ZN_A_OAI211_X1_B_ZN (net)                                                      | 3      |             |            |            | 0.000       |        |                |
| u_core.u_fetch_buffer.entry_array_q[0]_68__MUX2_X1_A_Z_OR2_X1_A1_ZN_AND4_X1_A1:A2 (AND4_X1)                          |        | 0.001       | 0.000      | 0.043      |             | 0.000  | 0.650r         |
| u_core.u_fetch_buffer.entry_array_q[0]_68__MUX2_X1_A_Z_OR2_X1_A1_ZN_AND4_X1_A1:ZN (AND4_X1)                          |        | 0.001       | 0.000      | 0.010      |             | 0.062  | 0.712r         |
| u_core.u_fetch_buffer.entry_array_q[0]_68__MUX2_X1_A_Z_OR2_X1_A1_ZN_AND4_X1_A1_ZN (net)                              | 1      |             |            |            | 0.000       |        |                |
| u_core.u_fetch_buffer.entry_array_q[0]_68__MUX2_X1_A_Z_OR2_X1_A1_ZN_AND4_X1_A1_ZN_BUF_X1_A:A (BUF_X1)                |        | 0.001       | 0.000      | 0.010      |             | 0.000  | 0.712r         |
| u_core.u_fetch_buffer.entry_array_q[0]_68__MUX2_X1_A_Z_OR2_X1_A1_ZN_AND4_X1_A1_ZN_BUF_X1_A:Z (BUF_X1)                |        | 0.018       | 0.000      | 0.044      |             | 0.062  | 0.774r         |
| u_core.decoded_execute_packet_266__NAND4_X1_A4_A1 (net)                                                              | 10     |             |            |            | 0.000       |        |                |
| u_core.decoded_execute_packet_266__NAND4_X1_A4:A1 (NAND4_X1)                                                         |        | 0.002       | 0.000      | 0.044      |             | 0.000  | 0.774r         |
| u_core.decoded_execute_packet_266__NAND4_X1_A4:ZN (NAND4_X1)                                                         |        | 0.002       | 0.000      | 0.033      |             | 0.035  | 0.809f         |
| u_core.decoded_execute_packet_266__NAND4_X1_A4_ZN (net)                                                              | 1      |             |            |            | 0.000       |        |                |
| u_core.decoded_execute_packet_266__NAND4_X1_A4_ZN_BUF_X2_A:A (BUF_X2)                                                |        | 0.002       | 0.000      | 0.033      |             | 0.000  | 0.809f         |
| u_core.decoded_execute_packet_266__NAND4_X1_A4_ZN_BUF_X2_A:Z (BUF_X2)                                                |        | 0.029       | 0.000      | 0.019      |             | 0.056  | 0.865f         |
| u_core.execute_packet_173__reg_p_D_NOR4_X1_ZN_A3 (net)                                                               | 19     |             |            |            | 0.000       |        |                |
| u_core.execute_packet_160__reg_p_D_NOR4_X1_ZN_A1_OAI22_X2_A1:B1 (OAI22_X2)                                           |        | 0.003       | 0.000      | 0.019      |             | 0.000  | 0.865f         |
| u_core.execute_packet_160__reg_p_D_NOR4_X1_ZN_A1_OAI22_X2_A1:ZN (OAI22_X2)                                           |        | 0.010       | 0.000      | 0.046      |             | 0.058  | 0.923r         |
| u_core.execute_blocking_producer_present_NAND4_X1_A1_A3 (net)                                                        | 8      |             |            |            | 0.000       |        |                |
| u_core.resolved_execute_result_347__reg_p_QN_NAND3_X1_A1_ZN_NAND4_X2_A1_A2_AND4_X1_ZN:A4 (AND4_X1)                   |        | 0.001       | 0.000      | 0.046      |             | 0.000  | 0.923r         |
| u_core.resolved_execute_result_347__reg_p_QN_NAND3_X1_A1_ZN_NAND4_X2_A1_A2_AND4_X1_ZN:ZN (AND4_X1)                   |        | 0.003       | 0.000      | 0.017      |             | 0.070  | 0.994r         |
| u_core.resolved_execute_result_347__reg_p_QN_NAND3_X1_A1_ZN_NAND4_X2_A1_A2 (net)                                     | 1      |             |            |            | 0.000       |        |                |
| u_core.resolved_execute_result_347__reg_p_QN_NAND3_X1_A1_ZN_NAND4_X2_A1:A2 (NAND4_X2)                                |        | 0.003       | 0.000      | 0.017      |             | 0.000  | 0.994r         |
| u_core.resolved_execute_result_347__reg_p_QN_NAND3_X1_A1_ZN_NAND4_X2_A1:ZN (NAND4_X2)                                |        | 0.008       | 0.000      | 0.025      |             | 0.040  | 1.033f         |
| u_core.completion_result_179__MUX2_X1_Z_B_MUX2_X1_A_S_NAND4_X1_ZN_A1 (net)                                           | 6      |             |            |            | 0.000       |        |                |
| u_core.completion_result_179__MUX2_X1_Z_B_MUX2_X1_A_S_NAND4_X1_ZN_A2_AND4_X1_A1:A2 (AND4_X1)                         |        | 0.001       | 0.000      | 0.025      |             | 0.000  | 1.033f         |
| u_core.completion_result_179__MUX2_X1_Z_B_MUX2_X1_A_S_NAND4_X1_ZN_A2_AND4_X1_A1:ZN (AND4_X1)                         |        | 0.003       | 0.000      | 0.010      |             | 0.048  | 1.081f         |
| u_core.completion_result_179__MUX2_X1_Z_B_MUX2_X1_A_S_NAND4_X1_ZN_A2_AND4_X1_A1_ZN (net)                             | 1      |             |            |            | 0.000       |        |                |
| u_core.completion_result_179__MUX2_X1_Z_B_MUX2_X1_A_S_NAND4_X1_ZN_A2_AND4_X1_A1_ZN_BUF_X4_A:A (BUF_X4)               |        | 0.003       | 0.000      | 0.010      |             | 0.000  | 1.081f         |
| u_core.completion_result_179__MUX2_X1_Z_B_MUX2_X1_A_S_NAND4_X1_ZN_A2_AND4_X1_A1_ZN_BUF_X4_A:Z (BUF_X4)               |        | 0.031       | 0.000      | 0.011      |             | 0.035  | 1.116f         |
| u_core.completion_result_172__MUX2_X1_Z_B_NAND3_X1_A3_A2 (net)                                                       | 20     |             |            |            | 0.000       |        |                |
| u_core.completion_result_166__OAI21_X1_ZN_B1_NAND2_X1_ZN_A1_NAND4_X1_A1_A4_OAI21_X1_B1:B2 (OAI21_X1)                 |        | 0.002       | 0.000      | 0.011      |             | 0.000  | 1.116f         |
| u_core.completion_result_166__OAI21_X1_ZN_B1_NAND2_X1_ZN_A1_NAND4_X1_A1_A4_OAI21_X1_B1:ZN (OAI21_X1)                 |        | 0.002       | 0.000      | 0.020      |             | 0.034  | 1.150r         |
| u_core.completion_result_166__OAI21_X1_ZN_B1_NAND2_X1_ZN_A1_NAND4_X1_A1_A4_OAI21_X1_B1_ZN (net)                      | 1      |             |            |            | 0.000       |        |                |
| u_core.execute_serializing_instruction_present_AOI21_X1_A_ZN_NAND3_X1_A3_ZN_AOI21_X1_A_ZN_OAI211_X1_A:B (OAI211_X1)  |        | 0.002       | 0.000      | 0.020      |             | 0.000  | 1.150r         |
| u_core.execute_serializing_instruction_present_AOI21_X1_A_ZN_NAND3_X1_A3_ZN_AOI21_X1_A_ZN_OAI211_X1_A:ZN (OAI211_X1) |        | 0.006       | 0.000      | 0.025      |             | 0.043  | 1.192f         |
| timer_interrupt_i_AND3_X1_A1_ZN_AOI21_X1_A_B2 (net)                                                                  | 4      |             |            |            | 0.000       |        |                |
| timer_interrupt_i_NAND3_X1_A1_ZN_NAND2_X1_A1_ZN_AOI21_X1_A:B1 (AOI21_X1)                                             |        | 0.002       | 0.000      | 0.025      |             | 0.000  | 1.192f         |
| timer_interrupt_i_NAND3_X1_A1_ZN_NAND2_X1_A1_ZN_AOI21_X1_A:ZN (AOI21_X1)                                             |        | 0.003       | 0.000      | 0.032      |             | 0.045  | 1.237r         |
| timer_interrupt_i_NAND3_X1_A1_ZN_NAND2_X1_A1_ZN_AOI21_X1_A_ZN (net)                                                  | 2      |             |            |            | 0.000       |        |                |
| timer_interrupt_i_NAND3_X1_A1_ZN_NAND2_X1_A1_ZN_AOI21_X1_A_ZN_OAI211_X1_C1:C1 (OAI211_X1)                            |        | 0.002       | 0.000      | 0.032      |             | 0.000  | 1.237r         |
| timer_interrupt_i_NAND3_X1_A1_ZN_NAND2_X1_A1_ZN_AOI21_X1_A_ZN_OAI211_X1_C1:ZN (OAI211_X1)                            |        | 0.002       | 0.000      | 0.017      |             | 0.026  | 1.263f         |
| u_core.u_icache.lookup_s1_ready_NAND2_X1_ZN_A1 (net)                                                                 | 1      |             |            |            | 0.000       |        |                |
| u_core.u_icache.lookup_s1_ready_NAND2_X1_ZN:A1 (NAND2_X1)                                                            |        | 0.002       | 0.000      | 0.017      |             | 0.000  | 1.263f         |
| u_core.u_icache.lookup_s1_ready_NAND2_X1_ZN:ZN (NAND2_X1)                                                            |        | 0.004       | 0.000      | 0.017      |             | 0.027  | 1.290r         |
| u_core.u_icache.lookup_s1_ready (net)                                                                                | 3      |             |            |            | 0.000       |        |                |
| u_core.u_icache.lookup_s1_ready_NAND4_X1_A2:A2 (NAND4_X1)                                                            |        | 0.002       | 0.000      | 0.017      |             | 0.000  | 1.290r         |
| u_core.u_icache.lookup_s1_ready_NAND4_X1_A2:ZN (NAND4_X1)                                                            |        | 0.004       | 0.000      | 0.031      |             | 0.043  | 1.332f         |
| u_core.u_icache.lookup_s1_ready_NAND4_X1_A2_ZN (net)                                                                 | 3      |             |            |            | 0.000       |        |                |
| u_core.u_icache.lookup_s1_ready_NAND4_X1_A2_ZN_NAND2_X1_A1:A1 (NAND2_X1)                                             |        | 0.002       | 0.000      | 0.031      |             | 0.000  | 1.332f         |
| u_core.u_icache.lookup_s1_ready_NAND4_X1_A2_ZN_NAND2_X1_A1:ZN (NAND2_X1)                                             |        | 0.003       | 0.000      | 0.018      |             | 0.030  | 1.362r         |
| u_core.u_icache.lookup_s1_ready_NAND4_X1_A2_ZN_NAND2_X1_A1_ZN (net)                                                  | 1      |             |            |            | 0.000       |        |                |
| u_core.u_icache.lookup_s1_ready_NAND4_X1_A2_ZN_NAND2_X1_A1_ZN_BUF_X4_A:A (BUF_X4)                                    |        | 0.003       | 0.000      | 0.018      |             | 0.000  | 1.362r         |
| u_core.u_icache.lookup_s1_ready_NAND4_X1_A2_ZN_NAND2_X1_A1_ZN_BUF_X4_A:Z (BUF_X4)                                    |        | 0.034       | 0.000      | 0.022      |             | 0.041  | 1.403r         |
| u_core.frontend_recovery_event_NOR2_X2_A1_A2 (net)                                                                   | 17     |             |            |            | 0.000       |        |                |
| u_core.frontend_recovery_event_NOR2_X2_A1:A2 (NOR2_X2)                                                               |        | 0.003       | 0.000      | 0.022      |             | 0.000  | 1.403r         |
| u_core.frontend_recovery_event_NOR2_X2_A1:ZN (NOR2_X2)                                                               |        | 0.015       | 0.000      | 0.020      |             | 0.023  | 1.426f         |
| u_core.u_ifu.predictor_fetch_pc_d_3__OAI211_X1_ZN_A_OAI211_X1_ZN_A (net)                                             | 10     |             |            |            | 0.000       |        |                |
| u_core.u_ifu.predictor_fetch_pc_d_3__OAI211_X1_ZN_A_OAI211_X1_ZN_A_INV_X1_A:A (INV_X1)                               |        | 0.002       | 0.000      | 0.020      |             | 0.000  | 1.426f         |
| u_core.u_ifu.predictor_fetch_pc_d_3__OAI211_X1_ZN_A_OAI211_X1_ZN_A_INV_X1_A:ZN (INV_X1)                              |        | 0.025       | 0.000      | 0.060      |             | 0.074  | 1.501r         |
| u_core.u_ifu.predictor_fetch_pc_d_2__OAI221_X1_ZN_B2 (net)                                                           | 16     |             |            |            | 0.000       |        |                |
| u_core.u_ifu.predictor_fetch_pc_d_2__OAI221_X1_ZN_B2_CLKGATE_X1_E:E (CLKGATE_X1)                                     |        | 0.001       | 0.000      | 0.060      |             | 0.000  | 1.501r         |
|                                                                                                                      |        |             |            |            |             |        |                |
| clk_i (port)                                                                                                         |        | 0.936       | 0.000      | 0.100      |             | 0.000  | 0.000r         |
| clk_i (clock net)                                                                                                    | 550    |             |            |            | NA          |        |                |
| u_core.u_ifu.predictor_fetch_pc_d_2__OAI221_X1_ZN_B2_CLKGATE_X1_E:CK (CLKGATE_X1)                                    |        | 0.002       | 0.000      | 0.000      |             | 0.000  | 0.000r         |
| clock core_clock (rise edge)                                                                                         |        |             |            |            |             | 1.666  | 1.666          |
| clock network delay (ideal)                                                                                          |        |             |            |            |             | 0.000  | 1.666          |
| u_core.u_ifu.predictor_fetch_pc_d_2__OAI221_X1_ZN_B2_CLKGATE_X1_E:CK (CLKGATE_X1)                                    |        |             |            |            |             |        | 1.666r         |
| library setup time                                                                                                   |        |             |            |            |             | -0.059 | 1.607          |
| clock reconvergence pessimism                                                                                        |        |             |            |            |             | 0.000  | 1.607          |
|                                                                                                                      |        |             |            |            |             |        |                |
| path cell delay                                                                                                      |        |             |            |            |             |        | 1.167(77.787%) |
| path net delay                                                                                                       |        |             |            |            |             |        | 0.000(0.000%)  |
|                                                                                                                      |        |             |            |            |             |        |                |
| data require time                                                                                                    |        |             |            |            |             |        | 1.607          |
| data arrival time                                                                                                    |        |             |            |            |             |        | 1.501          |
| slack (MET)                                                                                                          |        |             |            |            |             |        | 0.106          |
+----------------------------------------------------------------------------------------------------------------------+--------+-------------+------------+------------+-------------+--------+----------------+
+----------------------------------------------------------------------------------------------------------------------+--------+-------------+------------+------------+-------------+--------+----------------+
| Point                                                                                                                | Fanout | Capacitance | Resistance | Transition | Delta Delay | Incr   | Path           |
+----------------------------------------------------------------------------------------------------------------------+--------+-------------+------------+------------+-------------+--------+----------------+
| instruction_axi4_manager_i_0_ (port)                                                                                 |        | 0.007       | 0.000      | 0.100      |             | 0.000  | 0.000r         |
| clock core_clock (rise edge)                                                                                         |        |             |            |            |             | 0      | 0              |
| clock network delay (ideal)                                                                                          |        |             |            |            |             | 0.000  | 0.000          |
| instruction_axi4_manager_i_0_ (port)                                                                                 |        | 0.007       | 0.000      | 0.100      |             | 0.333  | 0.333r         |
| instruction_axi4_manager_i_0_ (net)                                                                                  | 5      |             |            |            | 0.000       |        |                |
| u_core.u_icache.refill_data_write_valid_NOR4_X1_ZN_A1_NAND2_X1_ZN:A1 (NAND2_X1)                                      |        | 0.002       | 0.000      | 0.100      |             | 0.000  | 0.333r         |
| u_core.u_icache.refill_data_write_valid_NOR4_X1_ZN_A1_NAND2_X1_ZN:ZN (NAND2_X1)                                      |        | 0.005       | 0.000      | 0.030      |             | 0.036  | 0.369f         |
| u_core.u_icache.refill_data_write_valid_NOR4_X1_ZN_A1 (net)                                                          | 4      |             |            |            | 0.000       |        |                |
| u_core.u_icache.u_riscv32_icache_miss_unit.lookup_response_generated_q_OR4_X1_A3:A2 (OR4_X1)                         |        | 0.001       | 0.000      | 0.030      |             | 0.000  | 0.369f         |
| u_core.u_icache.u_riscv32_icache_miss_unit.lookup_response_generated_q_OR4_X1_A3:ZN (OR4_X1)                         |        | 0.006       | 0.000      | 0.024      |             | 0.124  | 0.493f         |
| u_core.u_icache.local_lookup_resp_1__OAI211_X1_B_C2 (net)                                                            | 4      |             |            |            | 0.000       |        |                |
| u_core.u_icache.local_lookup_resp_1__OAI211_X1_B_C1_AND2_X1_ZN_A1_AOI21_X1_B2:A (AOI21_X1)                           |        | 0.002       | 0.000      | 0.024      |             | 0.000  | 0.493f         |
| u_core.u_icache.local_lookup_resp_1__OAI211_X1_B_C1_AND2_X1_ZN_A1_AOI21_X1_B2:ZN (AOI21_X1)                          |        | 0.003       | 0.000      | 0.032      |             | 0.046  | 0.538r         |
| u_core.u_icache.local_lookup_resp_1__OAI211_X1_B_C1_AND2_X1_ZN_A1_AOI21_X1_B2_ZN (net)                               | 1      |             |            |            | 0.000       |        |                |
| u_core.u_icache.local_lookup_resp_1__OAI211_X1_B_C1_AND2_X1_ZN_A1_AOI21_X1_B2_ZN_BUF_X4_A:A (BUF_X4)                 |        | 0.003       | 0.000      | 0.032      |             | 0.000  | 0.538r         |
| u_core.u_icache.local_lookup_resp_1__OAI211_X1_B_C1_AND2_X1_ZN_A1_AOI21_X1_B2_ZN_BUF_X4_A:Z (BUF_X4)                 |        | 0.033       | 0.000      | 0.022      |             | 0.043  | 0.582r         |
| u_core.u_icache.miss_lookup_resp_1__OAI21_X1_A_B1 (net)                                                              | 21     |             |            |            | 0.000       |        |                |
| u_core.u_icache.u_riscv32_icache_miss_unit.lookup_resp_data_q_0__AND2_X1_A2_ZN_OAI22_X1_B2:A2 (OAI22_X1)             |        | 0.002       | 0.000      | 0.022      |             | 0.000  | 0.582r         |
| u_core.u_icache.u_riscv32_icache_miss_unit.lookup_resp_data_q_0__AND2_X1_A2_ZN_OAI22_X1_B2:ZN (OAI22_X1)             |        | 0.003       | 0.000      | 0.027      |             | 0.029  | 0.610f         |
| u_core.icache_lookup_resp_5__OAI21_X1_ZN_A (net)                                                                     | 2      |             |            |            | 0.000       |        |                |
| u_core.icache_lookup_resp_5__OAI21_X1_ZN_A_OAI211_X1_B:B (OAI211_X1)                                                 |        | 0.002       | 0.000      | 0.027      |             | 0.000  | 0.610f         |
| u_core.icache_lookup_resp_5__OAI21_X1_ZN_A_OAI211_X1_B:ZN (OAI211_X1)                                                |        | 0.004       | 0.000      | 0.043      |             | 0.040  | 0.650r         |
| u_core.icache_lookup_resp_5__OAI21_X1_ZN_A_OAI211_X1_B_ZN (net)                                                      | 3      |             |            |            | 0.000       |        |                |
| u_core.u_fetch_buffer.entry_array_q[0]_68__MUX2_X1_A_Z_OR2_X1_A1_ZN_AND4_X1_A1:A2 (AND4_X1)                          |        | 0.001       | 0.000      | 0.043      |             | 0.000  | 0.650r         |
| u_core.u_fetch_buffer.entry_array_q[0]_68__MUX2_X1_A_Z_OR2_X1_A1_ZN_AND4_X1_A1:ZN (AND4_X1)                          |        | 0.001       | 0.000      | 0.010      |             | 0.062  | 0.712r         |
| u_core.u_fetch_buffer.entry_array_q[0]_68__MUX2_X1_A_Z_OR2_X1_A1_ZN_AND4_X1_A1_ZN (net)                              | 1      |             |            |            | 0.000       |        |                |
| u_core.u_fetch_buffer.entry_array_q[0]_68__MUX2_X1_A_Z_OR2_X1_A1_ZN_AND4_X1_A1_ZN_BUF_X1_A:A (BUF_X1)                |        | 0.001       | 0.000      | 0.010      |             | 0.000  | 0.712r         |
| u_core.u_fetch_buffer.entry_array_q[0]_68__MUX2_X1_A_Z_OR2_X1_A1_ZN_AND4_X1_A1_ZN_BUF_X1_A:Z (BUF_X1)                |        | 0.018       | 0.000      | 0.044      |             | 0.062  | 0.774r         |
| u_core.decoded_execute_packet_266__NAND4_X1_A4_A1 (net)                                                              | 10     |             |            |            | 0.000       |        |                |
| u_core.decoded_execute_packet_266__NAND4_X1_A4:A1 (NAND4_X1)                                                         |        | 0.002       | 0.000      | 0.044      |             | 0.000  | 0.774r         |
| u_core.decoded_execute_packet_266__NAND4_X1_A4:ZN (NAND4_X1)                                                         |        | 0.002       | 0.000      | 0.033      |             | 0.035  | 0.809f         |
| u_core.decoded_execute_packet_266__NAND4_X1_A4_ZN (net)                                                              | 1      |             |            |            | 0.000       |        |                |
| u_core.decoded_execute_packet_266__NAND4_X1_A4_ZN_BUF_X2_A:A (BUF_X2)                                                |        | 0.002       | 0.000      | 0.033      |             | 0.000  | 0.809f         |
| u_core.decoded_execute_packet_266__NAND4_X1_A4_ZN_BUF_X2_A:Z (BUF_X2)                                                |        | 0.029       | 0.000      | 0.019      |             | 0.056  | 0.865f         |
| u_core.execute_packet_173__reg_p_D_NOR4_X1_ZN_A3 (net)                                                               | 19     |             |            |            | 0.000       |        |                |
| u_core.execute_packet_160__reg_p_D_NOR4_X1_ZN_A1_OAI22_X2_A1:B1 (OAI22_X2)                                           |        | 0.003       | 0.000      | 0.019      |             | 0.000  | 0.865f         |
| u_core.execute_packet_160__reg_p_D_NOR4_X1_ZN_A1_OAI22_X2_A1:ZN (OAI22_X2)                                           |        | 0.010       | 0.000      | 0.046      |             | 0.058  | 0.923r         |
| u_core.execute_blocking_producer_present_NAND4_X1_A1_A3 (net)                                                        | 8      |             |            |            | 0.000       |        |                |
| u_core.resolved_execute_result_347__reg_p_QN_NAND3_X1_A1_ZN_NAND4_X2_A1_A2_AND4_X1_ZN:A4 (AND4_X1)                   |        | 0.001       | 0.000      | 0.046      |             | 0.000  | 0.923r         |
| u_core.resolved_execute_result_347__reg_p_QN_NAND3_X1_A1_ZN_NAND4_X2_A1_A2_AND4_X1_ZN:ZN (AND4_X1)                   |        | 0.003       | 0.000      | 0.017      |             | 0.070  | 0.994r         |
| u_core.resolved_execute_result_347__reg_p_QN_NAND3_X1_A1_ZN_NAND4_X2_A1_A2 (net)                                     | 1      |             |            |            | 0.000       |        |                |
| u_core.resolved_execute_result_347__reg_p_QN_NAND3_X1_A1_ZN_NAND4_X2_A1:A2 (NAND4_X2)                                |        | 0.003       | 0.000      | 0.017      |             | 0.000  | 0.994r         |
| u_core.resolved_execute_result_347__reg_p_QN_NAND3_X1_A1_ZN_NAND4_X2_A1:ZN (NAND4_X2)                                |        | 0.008       | 0.000      | 0.025      |             | 0.040  | 1.033f         |
| u_core.completion_result_179__MUX2_X1_Z_B_MUX2_X1_A_S_NAND4_X1_ZN_A1 (net)                                           | 6      |             |            |            | 0.000       |        |                |
| u_core.completion_result_179__MUX2_X1_Z_B_MUX2_X1_A_S_NAND4_X1_ZN_A2_AND4_X1_A1:A2 (AND4_X1)                         |        | 0.001       | 0.000      | 0.025      |             | 0.000  | 1.033f         |
| u_core.completion_result_179__MUX2_X1_Z_B_MUX2_X1_A_S_NAND4_X1_ZN_A2_AND4_X1_A1:ZN (AND4_X1)                         |        | 0.003       | 0.000      | 0.010      |             | 0.048  | 1.081f         |
| u_core.completion_result_179__MUX2_X1_Z_B_MUX2_X1_A_S_NAND4_X1_ZN_A2_AND4_X1_A1_ZN (net)                             | 1      |             |            |            | 0.000       |        |                |
| u_core.completion_result_179__MUX2_X1_Z_B_MUX2_X1_A_S_NAND4_X1_ZN_A2_AND4_X1_A1_ZN_BUF_X4_A:A (BUF_X4)               |        | 0.003       | 0.000      | 0.010      |             | 0.000  | 1.081f         |
| u_core.completion_result_179__MUX2_X1_Z_B_MUX2_X1_A_S_NAND4_X1_ZN_A2_AND4_X1_A1_ZN_BUF_X4_A:Z (BUF_X4)               |        | 0.031       | 0.000      | 0.011      |             | 0.035  | 1.116f         |
| u_core.completion_result_172__MUX2_X1_Z_B_NAND3_X1_A3_A2 (net)                                                       | 20     |             |            |            | 0.000       |        |                |
| u_core.completion_result_166__OAI21_X1_ZN_B1_NAND2_X1_ZN_A1_NAND4_X1_A1_A4_OAI21_X1_B1:B2 (OAI21_X1)                 |        | 0.002       | 0.000      | 0.011      |             | 0.000  | 1.116f         |
| u_core.completion_result_166__OAI21_X1_ZN_B1_NAND2_X1_ZN_A1_NAND4_X1_A1_A4_OAI21_X1_B1:ZN (OAI21_X1)                 |        | 0.002       | 0.000      | 0.020      |             | 0.034  | 1.150r         |
| u_core.completion_result_166__OAI21_X1_ZN_B1_NAND2_X1_ZN_A1_NAND4_X1_A1_A4_OAI21_X1_B1_ZN (net)                      | 1      |             |            |            | 0.000       |        |                |
| u_core.execute_serializing_instruction_present_AOI21_X1_A_ZN_NAND3_X1_A3_ZN_AOI21_X1_A_ZN_OAI211_X1_A:B (OAI211_X1)  |        | 0.002       | 0.000      | 0.020      |             | 0.000  | 1.150r         |
| u_core.execute_serializing_instruction_present_AOI21_X1_A_ZN_NAND3_X1_A3_ZN_AOI21_X1_A_ZN_OAI211_X1_A:ZN (OAI211_X1) |        | 0.006       | 0.000      | 0.025      |             | 0.043  | 1.192f         |
| timer_interrupt_i_AND3_X1_A1_ZN_AOI21_X1_A_B2 (net)                                                                  | 4      |             |            |            | 0.000       |        |                |
| timer_interrupt_i_NAND3_X1_A1_ZN_NAND2_X1_A1_ZN_AOI21_X1_A:B1 (AOI21_X1)                                             |        | 0.002       | 0.000      | 0.025      |             | 0.000  | 1.192f         |
| timer_interrupt_i_NAND3_X1_A1_ZN_NAND2_X1_A1_ZN_AOI21_X1_A:ZN (AOI21_X1)                                             |        | 0.003       | 0.000      | 0.032      |             | 0.045  | 1.237r         |
| timer_interrupt_i_NAND3_X1_A1_ZN_NAND2_X1_A1_ZN_AOI21_X1_A_ZN (net)                                                  | 2      |             |            |            | 0.000       |        |                |
| timer_interrupt_i_NAND3_X1_A1_ZN_NAND2_X1_A1_ZN_AOI21_X1_A_ZN_OAI211_X1_C1:C1 (OAI211_X1)                            |        | 0.002       | 0.000      | 0.032      |             | 0.000  | 1.237r         |
| timer_interrupt_i_NAND3_X1_A1_ZN_NAND2_X1_A1_ZN_AOI21_X1_A_ZN_OAI211_X1_C1:ZN (OAI211_X1)                            |        | 0.002       | 0.000      | 0.017      |             | 0.026  | 1.263f         |
| u_core.u_icache.lookup_s1_ready_NAND2_X1_ZN_A1 (net)                                                                 | 1      |             |            |            | 0.000       |        |                |
| u_core.u_icache.lookup_s1_ready_NAND2_X1_ZN:A1 (NAND2_X1)                                                            |        | 0.002       | 0.000      | 0.017      |             | 0.000  | 1.263f         |
| u_core.u_icache.lookup_s1_ready_NAND2_X1_ZN:ZN (NAND2_X1)                                                            |        | 0.004       | 0.000      | 0.017      |             | 0.027  | 1.290r         |
| u_core.u_icache.lookup_s1_ready (net)                                                                                | 3      |             |            |            | 0.000       |        |                |
| u_core.u_icache.lookup_s1_ready_NAND4_X1_A2:A2 (NAND4_X1)                                                            |        | 0.002       | 0.000      | 0.017      |             | 0.000  | 1.290r         |
| u_core.u_icache.lookup_s1_ready_NAND4_X1_A2:ZN (NAND4_X1)                                                            |        | 0.004       | 0.000      | 0.031      |             | 0.043  | 1.332f         |
| u_core.u_icache.lookup_s1_ready_NAND4_X1_A2_ZN (net)                                                                 | 3      |             |            |            | 0.000       |        |                |
| u_core.u_icache.lookup_s1_ready_NAND4_X1_A2_ZN_NAND2_X1_A1:A1 (NAND2_X1)                                             |        | 0.002       | 0.000      | 0.031      |             | 0.000  | 1.332f         |
| u_core.u_icache.lookup_s1_ready_NAND4_X1_A2_ZN_NAND2_X1_A1:ZN (NAND2_X1)                                             |        | 0.003       | 0.000      | 0.018      |             | 0.030  | 1.362r         |
| u_core.u_icache.lookup_s1_ready_NAND4_X1_A2_ZN_NAND2_X1_A1_ZN (net)                                                  | 1      |             |            |            | 0.000       |        |                |
| u_core.u_icache.lookup_s1_ready_NAND4_X1_A2_ZN_NAND2_X1_A1_ZN_BUF_X4_A:A (BUF_X4)                                    |        | 0.003       | 0.000      | 0.018      |             | 0.000  | 1.362r         |
| u_core.u_icache.lookup_s1_ready_NAND4_X1_A2_ZN_NAND2_X1_A1_ZN_BUF_X4_A:Z (BUF_X4)                                    |        | 0.034       | 0.000      | 0.022      |             | 0.041  | 1.403r         |
| u_core.frontend_recovery_event_NOR2_X2_A1_A2 (net)                                                                   | 17     |             |            |            | 0.000       |        |                |
| u_core.completion_result_228__OAI221_X1_ZN_B2_OAI221_X1_B2_A_OAI211_X4_C2:A (OAI211_X4)                              |        | 0.006       | 0.000      | 0.022      |             | 0.000  | 1.403r         |
| u_core.completion_result_228__OAI221_X1_ZN_B2_OAI221_X1_B2_A_OAI211_X4_C2:ZN (OAI211_X4)                             |        | 0.026       | 0.000      | 0.043      |             | 0.047  | 1.450f         |
| u_core.u_ifu.predictor_fetch_pc_d_2__OAI221_X1_ZN_C1 (net)                                                           | 18     |             |            |            | 0.000       |        |                |
| u_core.u_ifu.lookup_queue_write_index_q_reg_p_CK_CLKGATE_X1_GCK_E_OAI22_X1_ZN:A2 (OAI22_X1)                          |        | 0.002       | 0.000      | 0.043      |             | 0.000  | 1.450f         |
| u_core.u_ifu.lookup_queue_write_index_q_reg_p_CK_CLKGATE_X1_GCK_E_OAI22_X1_ZN:ZN (OAI22_X1)                          |        | 0.001       | 0.000      | 0.028      |             | 0.040  | 1.490r         |
| u_core.u_ifu.lookup_queue_write_index_q_reg_p_CK_CLKGATE_X1_GCK_E (net)                                              | 1      |             |            |            | 0.000       |        |                |
| u_core.u_ifu.lookup_queue_write_index_q_reg_p_CK_CLKGATE_X1_GCK:E (CLKGATE_X1)                                       |        | 0.001       | 0.000      | 0.028      |             | 0.000  | 1.490r         |
|                                                                                                                      |        |             |            |            |             |        |                |
| clk_i (port)                                                                                                         |        | 0.936       | 0.000      | 0.100      |             | 0.000  | 0.000r         |
| clk_i (clock net)                                                                                                    | 550    |             |            |            | NA          |        |                |
| u_core.u_ifu.lookup_queue_write_index_q_reg_p_CK_CLKGATE_X1_GCK:CK (CLKGATE_X1)                                      |        | 0.002       | 0.000      | 0.000      |             | 0.000  | 0.000r         |
| clock core_clock (rise edge)                                                                                         |        |             |            |            |             | 1.666  | 1.666          |
| clock network delay (ideal)                                                                                          |        |             |            |            |             | 0.000  | 1.666          |
| u_core.u_ifu.lookup_queue_write_index_q_reg_p_CK_CLKGATE_X1_GCK:CK (CLKGATE_X1)                                      |        |             |            |            |             |        | 1.666r         |
| library setup time                                                                                                   |        |             |            |            |             | -0.054 | 1.612          |
| clock reconvergence pessimism                                                                                        |        |             |            |            |             | 0.000  | 1.612          |
|                                                                                                                      |        |             |            |            |             |        |                |
| path cell delay                                                                                                      |        |             |            |            |             |        | 1.157(77.634%) |
| path net delay                                                                                                       |        |             |            |            |             |        | 0.000(0.000%)  |
|                                                                                                                      |        |             |            |            |             |        |                |
| data require time                                                                                                    |        |             |            |            |             |        | 1.612          |
| data arrival time                                                                                                    |        |             |            |            |             |        | 1.490          |
| slack (MET)                                                                                                          |        |             |            |            |             |        | 0.121          |
+----------------------------------------------------------------------------------------------------------------------+--------+-------------+------------+------------+-------------+--------+----------------+
+-------------------------------------------------------------------------------------------------------------------------+--------+-------------+------------+------------+-------------+--------+----------------+
| Point                                                                                                                   | Fanout | Capacitance | Resistance | Transition | Delta Delay | Incr   | Path           |
+-------------------------------------------------------------------------------------------------------------------------+--------+-------------+------------+------------+-------------+--------+----------------+
| instruction_axi4_manager_i_3_ (port)                                                                                    |        | 0.003       | 0.000      | 0.100      |             | 0.000  | 0.000r         |
| clock core_clock (rise edge)                                                                                            |        |             |            |            |             | 0      | 0              |
| clock network delay (ideal)                                                                                             |        |             |            |            |             | 0.000  | 0.000          |
| instruction_axi4_manager_i_3_ (port)                                                                                    |        | 0.003       | 0.000      | 0.100      |             | 0.333  | 0.333f         |
| instruction_axi4_manager_i_3_ (net)                                                                                     | 2      |             |            |            | 0.000       |        |                |
| u_core.u_icache.u_riscv32_icache_miss_unit.refill_access_fault_seen_q_reg_p_D_AOI211_X1_ZN_C1_NAND2_X1_ZN:A1 (NAND2_X1) |        | 0.002       | 0.000      | 0.100      |             | 0.000  | 0.333f         |
| u_core.u_icache.u_riscv32_icache_miss_unit.refill_access_fault_seen_q_reg_p_D_AOI211_X1_ZN_C1_NAND2_X1_ZN:ZN (NAND2_X1) |        | 0.003       | 0.000      | 0.031      |             | 0.050  | 0.383r         |
| u_core.u_icache.u_riscv32_icache_miss_unit.refill_access_fault_seen_q_reg_p_D_AOI211_X1_ZN_C1 (net)                     | 2      |             |            |            | 0.000       |        |                |
| u_core.u_icache.u_riscv32_icache_miss_unit.refill_access_fault_seen_q_INV_X1_A_ZN_NAND2_X1_A1:A2 (NAND2_X1)             |        | 0.002       | 0.000      | 0.031      |             | 0.000  | 0.383r         |
| u_core.u_icache.u_riscv32_icache_miss_unit.refill_access_fault_seen_q_INV_X1_A_ZN_NAND2_X1_A1:ZN (NAND2_X1)             |        | 0.002       | 0.000      | 0.009      |             | 0.018  | 0.401f         |
| u_core.u_icache.u_riscv32_icache_miss_unit.refill_access_fault_seen_q_INV_X1_A_ZN_NAND2_X1_A1_ZN (net)                  | 1      |             |            |            | 0.000       |        |                |
| u_core.u_icache.u_riscv32_icache_miss_unit.refill_access_fault_seen_q_INV_X1_A_ZN_NAND2_X1_A1_ZN_BUF_X2_A:A (BUF_X2)    |        | 0.002       | 0.000      | 0.009      |             | 0.000  | 0.401f         |
| u_core.u_icache.u_riscv32_icache_miss_unit.refill_access_fault_seen_q_INV_X1_A_ZN_NAND2_X1_A1_ZN_BUF_X2_A:Z (BUF_X2)    |        | 0.023       | 0.000      | 0.015      |             | 0.041  | 0.442f         |
| u_core.u_icache.u_riscv32_icache_miss_unit.lookup_resp_present_q_NOR3_X2_A3_A2 (net)                                    | 15     |             |            |            | 0.000       |        |                |
| u_core.u_icache.u_riscv32_icache_miss_unit.lookup_resp_present_q_NOR3_X2_A3:A2 (NOR3_X2)                                |        | 0.003       | 0.000      | 0.015      |             | 0.000  | 0.442f         |
| u_core.u_icache.u_riscv32_icache_miss_unit.lookup_resp_present_q_NOR3_X2_A3:ZN (NOR3_X2)                                |        | 0.022       | 0.000      | 0.097      |             | 0.126  | 0.568r         |
| u_core.u_icache.u_riscv32_icache_miss_unit.lookup_resp_present_q_NOR3_X2_A3_ZN (net)                                    | 14     |             |            |            | 0.000       |        |                |
| u_core.u_icache.u_riscv32_icache_miss_unit.lookup_resp_data_q_16__AOI22_X1_A2:B1 (AOI22_X1)                             |        | 0.002       | 0.000      | 0.097      |             | 0.000  | 0.568r         |
| u_core.u_icache.u_riscv32_icache_miss_unit.lookup_resp_data_q_16__AOI22_X1_A2:ZN (AOI22_X1)                             |        | 0.003       | 0.000      | 0.028      |             | 0.040  | 0.608f         |
| u_core.icache_lookup_resp_21__OAI22_X1_ZN_B1 (net)                                                                      | 2      |             |            |            | 0.000       |        |                |
| u_core.icache_lookup_resp_21__OAI22_X1_ZN_B1_OAI221_X1_B2:B2 (OAI221_X1)                                                |        | 0.002       | 0.000      | 0.028      |             | 0.000  | 0.608f         |
| u_core.icache_lookup_resp_21__OAI22_X1_ZN_B1_OAI221_X1_B2:ZN (OAI221_X1)                                                |        | 0.001       | 0.000      | 0.034      |             | 0.053  | 0.661r         |
| u_core.icache_lookup_resp_21__OAI22_X1_ZN_B1_OAI221_X1_B2_ZN (net)                                                      | 1      |             |            |            | 0.000       |        |                |
| u_core.icache_lookup_resp_21__OAI22_X1_ZN_B1_OAI221_X1_B2_ZN_BUF_X1_A:A (BUF_X1)                                        |        | 0.001       | 0.000      | 0.034      |             | 0.000  | 0.661r         |
| u_core.icache_lookup_resp_21__OAI22_X1_ZN_B1_OAI221_X1_B2_ZN_BUF_X1_A:Z (BUF_X1)                                        |        | 0.015       | 0.000      | 0.039      |             | 0.063  | 0.724r         |
| u_core.u_regfile.gpr_array_q[9]_8__reg_p_QN_AOI221_X1_C2_B2 (net)                                                       | 10     |             |            |            | 0.000       |        |                |
| u_core.u_fetch_buffer.entry_array_q[0]_84__MUX2_X1_A_Z_OAI21_X1_B1:A (OAI21_X1)                                         |        | 0.002       | 0.000      | 0.039      |             | 0.000  | 0.724r         |
| u_core.u_fetch_buffer.entry_array_q[0]_84__MUX2_X1_A_Z_OAI21_X1_B1:ZN (OAI21_X1)                                        |        | 0.002       | 0.000      | 0.016      |             | 0.026  | 0.750f         |
| u_core.u_fetch_buffer.entry_array_q[0]_84__MUX2_X1_A_Z_OAI21_X1_B1_ZN (net)                                             | 1      |             |            |            | 0.000       |        |                |
| u_core.u_fetch_buffer.entry_array_q[0]_84__MUX2_X1_A_Z_OAI21_X1_B1_ZN_BUF_X2_A:A (BUF_X2)                               |        | 0.002       | 0.000      | 0.016      |             | 0.000  | 0.750f         |
| u_core.u_fetch_buffer.entry_array_q[0]_84__MUX2_X1_A_Z_OAI21_X1_B1_ZN_BUF_X2_A:Z (BUF_X2)                               |        | 0.021       | 0.000      | 0.015      |             | 0.043  | 0.793f         |
| u_core.u_regfile.gpr_array_q[11]_8__reg_p_QN_AOI221_X1_C1_A (net)                                                       | 15     |             |            |            | 0.000       |        |                |
| u_core.u_regfile.gpr_array_q[4]_0__reg_p_QN_AOI211_X1_C2_B_INV_X1_ZN:A (INV_X1)                                         |        | 0.002       | 0.000      | 0.015      |             | 0.000  | 0.793f         |
| u_core.u_regfile.gpr_array_q[4]_0__reg_p_QN_AOI211_X1_C2_B_INV_X1_ZN:ZN (INV_X1)                                        |        | 0.023       | 0.000      | 0.055      |             | 0.067  | 0.860r         |
| u_core.u_regfile.gpr_array_q[4]_0__reg_p_QN_AOI211_X1_C2_B (net)                                                        | 13     |             |            |            | 0.000       |        |                |
| u_core.icache_lookup_resp_24__OAI211_X1_C1_ZN_OAI211_X1_B_A_OAI221_X1_A_ZN_NOR4_X1_A1_A2_OAI22_X1_ZN:A2 (OAI22_X1)      |        | 0.002       | 0.000      | 0.055      |             | 0.000  | 0.860r         |
| u_core.icache_lookup_resp_24__OAI211_X1_C1_ZN_OAI211_X1_B_A_OAI221_X1_A_ZN_NOR4_X1_A1_A2_OAI22_X1_ZN:ZN (OAI22_X1)      |        | 0.001       | 0.000      | 0.019      |             | 0.031  | 0.891f         |
| u_core.icache_lookup_resp_24__OAI211_X1_C1_ZN_OAI211_X1_B_A_OAI221_X1_A_ZN_NOR4_X1_A1_A2 (net)                          | 1      |             |            |            | 0.000       |        |                |
| u_core.icache_lookup_resp_24__OAI211_X1_C1_ZN_OAI211_X1_B_A_OAI221_X1_A_ZN_NOR4_X1_A1:A2 (NOR4_X1)                      |        | 0.002       | 0.000      | 0.019      |             | 0.000  | 0.891f         |
| u_core.icache_lookup_resp_24__OAI211_X1_C1_ZN_OAI211_X1_B_A_OAI221_X1_A_ZN_NOR4_X1_A1:ZN (NOR4_X1)                      |        | 0.002       | 0.000      | 0.055      |             | 0.081  | 0.973r         |
| u_core.icache_lookup_resp_24__OAI211_X1_C1_ZN_OAI211_X1_B_A_OAI221_X1_A_ZN_NOR4_X1_A1_ZN (net)                          | 2      |             |            |            | 0.000       |        |                |
| u_core.icache_lookup_resp_24__OAI211_X1_C1_ZN_OAI211_X1_B_A_OAI221_X1_A_ZN_NOR4_X1_A1_ZN_AND4_X1_A1:A1 (AND4_X1)        |        | 0.001       | 0.000      | 0.055      |             | 0.000  | 0.973r         |
| u_core.icache_lookup_resp_24__OAI211_X1_C1_ZN_OAI211_X1_B_A_OAI221_X1_A_ZN_NOR4_X1_A1_ZN_AND4_X1_A1:ZN (AND4_X1)        |        | 0.014       | 0.000      | 0.039      |             | 0.102  | 1.075r         |
| u_core.completion_result_166__OAI21_X1_ZN_B1_NAND2_X1_ZN_A1_NAND4_X1_A1_A4_AND4_X1_ZN_A1 (net)                          | 9      |             |            |            | 0.000       |        |                |
| u_core.completion_result_166__OAI21_X1_ZN_B1_NAND2_X1_ZN_A1_NAND4_X1_A1_A4_AND4_X1_ZN:A1 (AND4_X1)                      |        | 0.001       | 0.000      | 0.039      |             | 0.000  | 1.075r         |
| u_core.completion_result_166__OAI21_X1_ZN_B1_NAND2_X1_ZN_A1_NAND4_X1_A1_A4_AND4_X1_ZN:ZN (AND4_X1)                      |        | 0.003       | 0.000      | 0.017      |             | 0.069  | 1.143r         |
| u_core.completion_result_166__OAI21_X1_ZN_B1_NAND2_X1_ZN_A1_NAND4_X1_A1_A4 (net)                                        | 2      |             |            |            | 0.000       |        |                |
| u_core.completion_result_166__OAI21_X1_ZN_B1_NAND2_X1_ZN_A1_NAND4_X1_A1_A4_OAI21_X1_B1:B1 (OAI21_X1)                    |        | 0.002       | 0.000      | 0.017      |             | 0.000  | 1.143r         |
| u_core.completion_result_166__OAI21_X1_ZN_B1_NAND2_X1_ZN_A1_NAND4_X1_A1_A4_OAI21_X1_B1:ZN (OAI21_X1)                    |        | 0.001       | 0.000      | 0.019      |             | 0.017  | 1.161f         |
| u_core.completion_result_166__OAI21_X1_ZN_B1_NAND2_X1_ZN_A1_NAND4_X1_A1_A4_OAI21_X1_B1_ZN (net)                         | 1      |             |            |            | 0.000       |        |                |
| u_core.execute_serializing_instruction_present_AOI21_X1_A_ZN_NAND3_X1_A3_ZN_AOI21_X1_A_ZN_OAI211_X1_A:B (OAI211_X1)     |        | 0.002       | 0.000      | 0.019      |             | 0.000  | 1.161f         |
| u_core.execute_serializing_instruction_present_AOI21_X1_A_ZN_NAND3_X1_A3_ZN_AOI21_X1_A_ZN_OAI211_X1_A:ZN (OAI211_X1)    |        | 0.007       | 0.000      | 0.045      |             | 0.040  | 1.201r         |
| timer_interrupt_i_AND3_X1_A1_ZN_AOI21_X1_A_B2 (net)                                                                     | 4      |             |            |            | 0.000       |        |                |
| timer_interrupt_i_NAND3_X1_A1_ZN_NAND2_X1_A1_ZN_AOI21_X1_A:B1 (AOI21_X1)                                                |        | 0.002       | 0.000      | 0.045      |             | 0.000  | 1.201r         |
| timer_interrupt_i_NAND3_X1_A1_ZN_NAND2_X1_A1_ZN_AOI21_X1_A:ZN (AOI21_X1)                                                |        | 0.003       | 0.000      | 0.017      |             | 0.025  | 1.226f         |
| timer_interrupt_i_NAND3_X1_A1_ZN_NAND2_X1_A1_ZN_AOI21_X1_A_ZN (net)                                                     | 2      |             |            |            | 0.000       |        |                |
| timer_interrupt_i_NAND3_X1_A1_ZN_NAND2_X1_A1_ZN_AOI21_X1_A_ZN_OAI211_X1_C1:C1 (OAI211_X1)                               |        | 0.002       | 0.000      | 0.017      |             | 0.000  | 1.226f         |
| timer_interrupt_i_NAND3_X1_A1_ZN_NAND2_X1_A1_ZN_AOI21_X1_A_ZN_OAI211_X1_C1:ZN (OAI211_X1)                               |        | 0.002       | 0.000      | 0.023      |             | 0.034  | 1.260r         |
| u_core.u_icache.lookup_s1_ready_NAND2_X1_ZN_A1 (net)                                                                    | 1      |             |            |            | 0.000       |        |                |
| u_core.u_icache.lookup_s1_ready_NAND2_X1_ZN:A1 (NAND2_X1)                                                               |        | 0.002       | 0.000      | 0.023      |             | 0.000  | 1.260r         |
| u_core.u_icache.lookup_s1_ready_NAND2_X1_ZN:ZN (NAND2_X1)                                                               |        | 0.004       | 0.000      | 0.013      |             | 0.022  | 1.282f         |
| u_core.u_icache.lookup_s1_ready (net)                                                                                   | 3      |             |            |            | 0.000       |        |                |
| u_core.u_icache.lookup_s1_ready_NAND4_X1_A2:A2 (NAND4_X1)                                                               |        | 0.002       | 0.000      | 0.013      |             | 0.000  | 1.282f         |
| u_core.u_icache.lookup_s1_ready_NAND4_X1_A2:ZN (NAND4_X1)                                                               |        | 0.005       | 0.000      | 0.023      |             | 0.030  | 1.312r         |
| u_core.u_icache.lookup_s1_ready_NAND4_X1_A2_ZN (net)                                                                    | 3      |             |            |            | 0.000       |        |                |
| u_core.u_icache.lookup_s1_ready_NAND4_X1_A2_ZN_NAND2_X1_A1:A1 (NAND2_X1)                                                |        | 0.002       | 0.000      | 0.023      |             | 0.000  | 1.312r         |
| u_core.u_icache.lookup_s1_ready_NAND4_X1_A2_ZN_NAND2_X1_A1:ZN (NAND2_X1)                                                |        | 0.003       | 0.000      | 0.018      |             | 0.022  | 1.334f         |
| u_core.u_icache.lookup_s1_ready_NAND4_X1_A2_ZN_NAND2_X1_A1_ZN (net)                                                     | 1      |             |            |            | 0.000       |        |                |
| u_core.u_icache.lookup_s1_ready_NAND4_X1_A2_ZN_NAND2_X1_A1_ZN_BUF_X4_A:A (BUF_X4)                                       |        | 0.003       | 0.000      | 0.018      |             | 0.000  | 1.334f         |
| u_core.u_icache.lookup_s1_ready_NAND4_X1_A2_ZN_NAND2_X1_A1_ZN_BUF_X4_A:Z (BUF_X4)                                       |        | 0.032       | 0.000      | 0.011      |             | 0.039  | 1.373f         |
| u_core.frontend_recovery_event_NOR2_X2_A1_A2 (net)                                                                      | 17     |             |            |            | 0.000       |        |                |
| u_core.frontend_recovery_event_NOR2_X2_A1:A2 (NOR2_X2)                                                                  |        | 0.003       | 0.000      | 0.011      |             | 0.000  | 1.373f         |
| u_core.frontend_recovery_event_NOR2_X2_A1:ZN (NOR2_X2)                                                                  |        | 0.016       | 0.000      | 0.047      |             | 0.064  | 1.437r         |
| u_core.u_ifu.predictor_fetch_pc_d_3__OAI211_X1_ZN_A_OAI211_X1_ZN_A (net)                                                | 10     |             |            |            | 0.000       |        |                |
| u_core.u_ifu.predictor_fetch_pc_d_3__OAI211_X1_ZN_A_OAI211_X1_ZN_A_INV_X1_A:A (INV_X1)                                  |        | 0.002       | 0.000      | 0.047      |             | 0.000  | 1.437r         |
| u_core.u_ifu.predictor_fetch_pc_d_3__OAI211_X1_ZN_A_OAI211_X1_ZN_A_INV_X1_A:ZN (INV_X1)                                 |        | 0.024       | 0.000      | 0.031      |             | 0.053  | 1.490f         |
| u_core.u_ifu.predictor_fetch_pc_d_2__OAI221_X1_ZN_B2 (net)                                                              | 16     |             |            |            | 0.000       |        |                |
| u_core.u_ifu.predictor_fetch_pc_d_2__OAI221_X1_ZN_B2_CLKGATE_X1_E:E (CLKGATE_X1)                                        |        | 0.001       | 0.000      | 0.031      |             | 0.000  | 1.490f         |
|                                                                                                                         |        |             |            |            |             |        |                |
| clk_i (port)                                                                                                            |        | 0.936       | 0.000      | 0.100      |             | 0.000  | 0.000r         |
| clk_i (clock net)                                                                                                       | 550    |             |            |            | NA          |        |                |
| u_core.u_ifu.predictor_fetch_pc_d_2__OAI221_X1_ZN_B2_CLKGATE_X1_E:CK (CLKGATE_X1)                                       |        | 0.002       | 0.000      | 0.000      |             | 0.000  | 0.000r         |
| clock core_clock (rise edge)                                                                                            |        |             |            |            |             | 1.666  | 1.666          |
| clock network delay (ideal)                                                                                             |        |             |            |            |             | 0.000  | 1.666          |
| u_core.u_ifu.predictor_fetch_pc_d_2__OAI221_X1_ZN_B2_CLKGATE_X1_E:CK (CLKGATE_X1)                                       |        |             |            |            |             |        | 1.666r         |
| library setup time                                                                                                      |        |             |            |            |             | -0.054 | 1.612          |
| clock reconvergence pessimism                                                                                           |        |             |            |            |             | 0.000  | 1.612          |
|                                                                                                                         |        |             |            |            |             |        |                |
| path cell delay                                                                                                         |        |             |            |            |             |        | 1.156(77.623%) |
| path net delay                                                                                                          |        |             |            |            |             |        | 0.000(0.000%)  |
|                                                                                                                         |        |             |            |            |             |        |                |
| data require time                                                                                                       |        |             |            |            |             |        | 1.612          |
| data arrival time                                                                                                       |        |             |            |            |             |        | 1.490          |
| slack (MET)                                                                                                             |        |             |            |            |             |        | 0.122          |
+-------------------------------------------------------------------------------------------------------------------------+--------+-------------+------------+------------+-------------+--------+----------------+
+----------------------------------------------------------------------------------------------------------------------+--------+-------------+------------+------------+-------------+--------+----------------+
| Point                                                                                                                | Fanout | Capacitance | Resistance | Transition | Delta Delay | Incr   | Path           |
+----------------------------------------------------------------------------------------------------------------------+--------+-------------+------------+------------+-------------+--------+----------------+
| instruction_axi4_manager_i_0_ (port)                                                                                 |        | 0.007       | 0.000      | 0.100      |             | 0.000  | 0.000r         |
| clock core_clock (rise edge)                                                                                         |        |             |            |            |             | 0      | 0              |
| clock network delay (ideal)                                                                                          |        |             |            |            |             | 0.000  | 0.000          |
| instruction_axi4_manager_i_0_ (port)                                                                                 |        | 0.007       | 0.000      | 0.100      |             | 0.333  | 0.333r         |
| instruction_axi4_manager_i_0_ (net)                                                                                  | 5      |             |            |            | 0.000       |        |                |
| u_core.u_icache.refill_data_write_valid_NOR4_X1_ZN_A1_NAND2_X1_ZN:A1 (NAND2_X1)                                      |        | 0.002       | 0.000      | 0.100      |             | 0.000  | 0.333r         |
| u_core.u_icache.refill_data_write_valid_NOR4_X1_ZN_A1_NAND2_X1_ZN:ZN (NAND2_X1)                                      |        | 0.005       | 0.000      | 0.030      |             | 0.036  | 0.369f         |
| u_core.u_icache.refill_data_write_valid_NOR4_X1_ZN_A1 (net)                                                          | 4      |             |            |            | 0.000       |        |                |
| u_core.u_icache.u_riscv32_icache_miss_unit.lookup_response_generated_q_OR4_X1_A3:A2 (OR4_X1)                         |        | 0.001       | 0.000      | 0.030      |             | 0.000  | 0.369f         |
| u_core.u_icache.u_riscv32_icache_miss_unit.lookup_response_generated_q_OR4_X1_A3:ZN (OR4_X1)                         |        | 0.006       | 0.000      | 0.024      |             | 0.124  | 0.493f         |
| u_core.u_icache.local_lookup_resp_1__OAI211_X1_B_C2 (net)                                                            | 4      |             |            |            | 0.000       |        |                |
| u_core.u_icache.local_lookup_resp_1__OAI211_X1_B_C1_AND2_X1_ZN_A1_AOI21_X1_B2:A (AOI21_X1)                           |        | 0.002       | 0.000      | 0.024      |             | 0.000  | 0.493f         |
| u_core.u_icache.local_lookup_resp_1__OAI211_X1_B_C1_AND2_X1_ZN_A1_AOI21_X1_B2:ZN (AOI21_X1)                          |        | 0.003       | 0.000      | 0.032      |             | 0.046  | 0.538r         |
| u_core.u_icache.local_lookup_resp_1__OAI211_X1_B_C1_AND2_X1_ZN_A1_AOI21_X1_B2_ZN (net)                               | 1      |             |            |            | 0.000       |        |                |
| u_core.u_icache.local_lookup_resp_1__OAI211_X1_B_C1_AND2_X1_ZN_A1_AOI21_X1_B2_ZN_BUF_X4_A:A (BUF_X4)                 |        | 0.003       | 0.000      | 0.032      |             | 0.000  | 0.538r         |
| u_core.u_icache.local_lookup_resp_1__OAI211_X1_B_C1_AND2_X1_ZN_A1_AOI21_X1_B2_ZN_BUF_X4_A:Z (BUF_X4)                 |        | 0.033       | 0.000      | 0.022      |             | 0.043  | 0.582r         |
| u_core.u_icache.miss_lookup_resp_1__OAI21_X1_A_B1 (net)                                                              | 21     |             |            |            | 0.000       |        |                |
| u_core.u_icache.u_riscv32_icache_miss_unit.lookup_resp_data_q_0__AND2_X1_A2_ZN_OAI22_X1_B2:A2 (OAI22_X1)             |        | 0.002       | 0.000      | 0.022      |             | 0.000  | 0.582r         |
| u_core.u_icache.u_riscv32_icache_miss_unit.lookup_resp_data_q_0__AND2_X1_A2_ZN_OAI22_X1_B2:ZN (OAI22_X1)             |        | 0.003       | 0.000      | 0.027      |             | 0.029  | 0.610f         |
| u_core.icache_lookup_resp_5__OAI21_X1_ZN_A (net)                                                                     | 2      |             |            |            | 0.000       |        |                |
| u_core.icache_lookup_resp_5__OAI21_X1_ZN_A_OAI211_X1_B:B (OAI211_X1)                                                 |        | 0.002       | 0.000      | 0.027      |             | 0.000  | 0.610f         |
| u_core.icache_lookup_resp_5__OAI21_X1_ZN_A_OAI211_X1_B:ZN (OAI211_X1)                                                |        | 0.004       | 0.000      | 0.043      |             | 0.040  | 0.650r         |
| u_core.icache_lookup_resp_5__OAI21_X1_ZN_A_OAI211_X1_B_ZN (net)                                                      | 3      |             |            |            | 0.000       |        |                |
| u_core.u_fetch_buffer.entry_array_q[0]_68__MUX2_X1_A_Z_OR2_X1_A1_ZN_AND4_X1_A1:A2 (AND4_X1)                          |        | 0.001       | 0.000      | 0.043      |             | 0.000  | 0.650r         |
| u_core.u_fetch_buffer.entry_array_q[0]_68__MUX2_X1_A_Z_OR2_X1_A1_ZN_AND4_X1_A1:ZN (AND4_X1)                          |        | 0.001       | 0.000      | 0.010      |             | 0.062  | 0.712r         |
| u_core.u_fetch_buffer.entry_array_q[0]_68__MUX2_X1_A_Z_OR2_X1_A1_ZN_AND4_X1_A1_ZN (net)                              | 1      |             |            |            | 0.000       |        |                |
| u_core.u_fetch_buffer.entry_array_q[0]_68__MUX2_X1_A_Z_OR2_X1_A1_ZN_AND4_X1_A1_ZN_BUF_X1_A:A (BUF_X1)                |        | 0.001       | 0.000      | 0.010      |             | 0.000  | 0.712r         |
| u_core.u_fetch_buffer.entry_array_q[0]_68__MUX2_X1_A_Z_OR2_X1_A1_ZN_AND4_X1_A1_ZN_BUF_X1_A:Z (BUF_X1)                |        | 0.018       | 0.000      | 0.044      |             | 0.062  | 0.774r         |
| u_core.decoded_execute_packet_266__NAND4_X1_A4_A1 (net)                                                              | 10     |             |            |            | 0.000       |        |                |
| u_core.decoded_execute_packet_266__NAND4_X1_A4:A1 (NAND4_X1)                                                         |        | 0.002       | 0.000      | 0.044      |             | 0.000  | 0.774r         |
| u_core.decoded_execute_packet_266__NAND4_X1_A4:ZN (NAND4_X1)                                                         |        | 0.002       | 0.000      | 0.033      |             | 0.035  | 0.809f         |
| u_core.decoded_execute_packet_266__NAND4_X1_A4_ZN (net)                                                              | 1      |             |            |            | 0.000       |        |                |
| u_core.decoded_execute_packet_266__NAND4_X1_A4_ZN_BUF_X2_A:A (BUF_X2)                                                |        | 0.002       | 0.000      | 0.033      |             | 0.000  | 0.809f         |
| u_core.decoded_execute_packet_266__NAND4_X1_A4_ZN_BUF_X2_A:Z (BUF_X2)                                                |        | 0.029       | 0.000      | 0.019      |             | 0.056  | 0.865f         |
| u_core.execute_packet_173__reg_p_D_NOR4_X1_ZN_A3 (net)                                                               | 19     |             |            |            | 0.000       |        |                |
| u_core.execute_packet_160__reg_p_D_NOR4_X1_ZN_A1_OAI22_X2_A1:B1 (OAI22_X2)                                           |        | 0.003       | 0.000      | 0.019      |             | 0.000  | 0.865f         |
| u_core.execute_packet_160__reg_p_D_NOR4_X1_ZN_A1_OAI22_X2_A1:ZN (OAI22_X2)                                           |        | 0.010       | 0.000      | 0.046      |             | 0.058  | 0.923r         |
| u_core.execute_blocking_producer_present_NAND4_X1_A1_A3 (net)                                                        | 8      |             |            |            | 0.000       |        |                |
| u_core.resolved_execute_result_347__reg_p_QN_NAND3_X1_A1_ZN_NAND4_X2_A1_A2_AND4_X1_ZN:A4 (AND4_X1)                   |        | 0.001       | 0.000      | 0.046      |             | 0.000  | 0.923r         |
| u_core.resolved_execute_result_347__reg_p_QN_NAND3_X1_A1_ZN_NAND4_X2_A1_A2_AND4_X1_ZN:ZN (AND4_X1)                   |        | 0.003       | 0.000      | 0.017      |             | 0.070  | 0.994r         |
| u_core.resolved_execute_result_347__reg_p_QN_NAND3_X1_A1_ZN_NAND4_X2_A1_A2 (net)                                     | 1      |             |            |            | 0.000       |        |                |
| u_core.resolved_execute_result_347__reg_p_QN_NAND3_X1_A1_ZN_NAND4_X2_A1:A2 (NAND4_X2)                                |        | 0.003       | 0.000      | 0.017      |             | 0.000  | 0.994r         |
| u_core.resolved_execute_result_347__reg_p_QN_NAND3_X1_A1_ZN_NAND4_X2_A1:ZN (NAND4_X2)                                |        | 0.008       | 0.000      | 0.025      |             | 0.040  | 1.033f         |
| u_core.completion_result_179__MUX2_X1_Z_B_MUX2_X1_A_S_NAND4_X1_ZN_A1 (net)                                           | 6      |             |            |            | 0.000       |        |                |
| u_core.completion_result_179__MUX2_X1_Z_B_MUX2_X1_A_S_NAND4_X1_ZN_A2_AND4_X1_A1:A2 (AND4_X1)                         |        | 0.001       | 0.000      | 0.025      |             | 0.000  | 1.033f         |
| u_core.completion_result_179__MUX2_X1_Z_B_MUX2_X1_A_S_NAND4_X1_ZN_A2_AND4_X1_A1:ZN (AND4_X1)                         |        | 0.003       | 0.000      | 0.010      |             | 0.048  | 1.081f         |
| u_core.completion_result_179__MUX2_X1_Z_B_MUX2_X1_A_S_NAND4_X1_ZN_A2_AND4_X1_A1_ZN (net)                             | 1      |             |            |            | 0.000       |        |                |
| u_core.completion_result_179__MUX2_X1_Z_B_MUX2_X1_A_S_NAND4_X1_ZN_A2_AND4_X1_A1_ZN_BUF_X4_A:A (BUF_X4)               |        | 0.003       | 0.000      | 0.010      |             | 0.000  | 1.081f         |
| u_core.completion_result_179__MUX2_X1_Z_B_MUX2_X1_A_S_NAND4_X1_ZN_A2_AND4_X1_A1_ZN_BUF_X4_A:Z (BUF_X4)               |        | 0.031       | 0.000      | 0.011      |             | 0.035  | 1.116f         |
| u_core.completion_result_172__MUX2_X1_Z_B_NAND3_X1_A3_A2 (net)                                                       | 20     |             |            |            | 0.000       |        |                |
| u_core.completion_result_166__OAI21_X1_ZN_B1_NAND2_X1_ZN_A1_NAND4_X1_A1_A4_OAI21_X1_B1:B2 (OAI21_X1)                 |        | 0.002       | 0.000      | 0.011      |             | 0.000  | 1.116f         |
| u_core.completion_result_166__OAI21_X1_ZN_B1_NAND2_X1_ZN_A1_NAND4_X1_A1_A4_OAI21_X1_B1:ZN (OAI21_X1)                 |        | 0.002       | 0.000      | 0.020      |             | 0.034  | 1.150r         |
| u_core.completion_result_166__OAI21_X1_ZN_B1_NAND2_X1_ZN_A1_NAND4_X1_A1_A4_OAI21_X1_B1_ZN (net)                      | 1      |             |            |            | 0.000       |        |                |
| u_core.execute_serializing_instruction_present_AOI21_X1_A_ZN_NAND3_X1_A3_ZN_AOI21_X1_A_ZN_OAI211_X1_A:B (OAI211_X1)  |        | 0.002       | 0.000      | 0.020      |             | 0.000  | 1.150r         |
| u_core.execute_serializing_instruction_present_AOI21_X1_A_ZN_NAND3_X1_A3_ZN_AOI21_X1_A_ZN_OAI211_X1_A:ZN (OAI211_X1) |        | 0.006       | 0.000      | 0.025      |             | 0.043  | 1.192f         |
| timer_interrupt_i_AND3_X1_A1_ZN_AOI21_X1_A_B2 (net)                                                                  | 4      |             |            |            | 0.000       |        |                |
| timer_interrupt_i_NAND3_X1_A1_ZN_NAND2_X1_A1_ZN_AOI21_X1_A:B1 (AOI21_X1)                                             |        | 0.002       | 0.000      | 0.025      |             | 0.000  | 1.192f         |
| timer_interrupt_i_NAND3_X1_A1_ZN_NAND2_X1_A1_ZN_AOI21_X1_A:ZN (AOI21_X1)                                             |        | 0.003       | 0.000      | 0.032      |             | 0.045  | 1.237r         |
| timer_interrupt_i_NAND3_X1_A1_ZN_NAND2_X1_A1_ZN_AOI21_X1_A_ZN (net)                                                  | 2      |             |            |            | 0.000       |        |                |
| timer_interrupt_i_NAND3_X1_A1_ZN_NAND2_X1_A1_ZN_AOI21_X1_A_ZN_OAI211_X1_C1:C1 (OAI211_X1)                            |        | 0.002       | 0.000      | 0.032      |             | 0.000  | 1.237r         |
| timer_interrupt_i_NAND3_X1_A1_ZN_NAND2_X1_A1_ZN_AOI21_X1_A_ZN_OAI211_X1_C1:ZN (OAI211_X1)                            |        | 0.002       | 0.000      | 0.017      |             | 0.026  | 1.263f         |
| u_core.u_icache.lookup_s1_ready_NAND2_X1_ZN_A1 (net)                                                                 | 1      |             |            |            | 0.000       |        |                |
| u_core.u_icache.lookup_s1_ready_NAND2_X1_ZN:A1 (NAND2_X1)                                                            |        | 0.002       | 0.000      | 0.017      |             | 0.000  | 1.263f         |
| u_core.u_icache.lookup_s1_ready_NAND2_X1_ZN:ZN (NAND2_X1)                                                            |        | 0.004       | 0.000      | 0.017      |             | 0.027  | 1.290r         |
| u_core.u_icache.lookup_s1_ready (net)                                                                                | 3      |             |            |            | 0.000       |        |                |
| u_core.u_icache.lookup_s1_ready_NAND4_X1_A2:A2 (NAND4_X1)                                                            |        | 0.002       | 0.000      | 0.017      |             | 0.000  | 1.290r         |
| u_core.u_icache.lookup_s1_ready_NAND4_X1_A2:ZN (NAND4_X1)                                                            |        | 0.004       | 0.000      | 0.031      |             | 0.043  | 1.332f         |
| u_core.u_icache.lookup_s1_ready_NAND4_X1_A2_ZN (net)                                                                 | 3      |             |            |            | 0.000       |        |                |
| u_core.u_icache.lookup_s1_ready_NAND4_X1_A2_ZN_NAND2_X1_A1:A1 (NAND2_X1)                                             |        | 0.002       | 0.000      | 0.031      |             | 0.000  | 1.332f         |
| u_core.u_icache.lookup_s1_ready_NAND4_X1_A2_ZN_NAND2_X1_A1:ZN (NAND2_X1)                                             |        | 0.003       | 0.000      | 0.018      |             | 0.030  | 1.362r         |
| u_core.u_icache.lookup_s1_ready_NAND4_X1_A2_ZN_NAND2_X1_A1_ZN (net)                                                  | 1      |             |            |            | 0.000       |        |                |
| u_core.u_icache.lookup_s1_ready_NAND4_X1_A2_ZN_NAND2_X1_A1_ZN_BUF_X4_A:A (BUF_X4)                                    |        | 0.003       | 0.000      | 0.018      |             | 0.000  | 1.362r         |
| u_core.u_icache.lookup_s1_ready_NAND4_X1_A2_ZN_NAND2_X1_A1_ZN_BUF_X4_A:Z (BUF_X4)                                    |        | 0.034       | 0.000      | 0.022      |             | 0.041  | 1.403r         |
| u_core.frontend_recovery_event_NOR2_X2_A1_A2 (net)                                                                   | 17     |             |            |            | 0.000       |        |                |
| u_core.completion_result_228__OAI221_X1_ZN_B2_OAI221_X1_B2_A_OAI211_X4_C2:A (OAI211_X4)                              |        | 0.006       | 0.000      | 0.022      |             | 0.000  | 1.403r         |
| u_core.completion_result_228__OAI221_X1_ZN_B2_OAI221_X1_B2_A_OAI211_X4_C2:ZN (OAI211_X4)                             |        | 0.026       | 0.000      | 0.043      |             | 0.047  | 1.450f         |
| u_core.u_ifu.predictor_fetch_pc_d_2__OAI221_X1_ZN_C1 (net)                                                           | 18     |             |            |            | 0.000       |        |                |
| u_core.u_ifu.predictor_fetch_pc_d_4__OAI211_X1_ZN_A_OAI211_X1_ZN_A_INV_X1_ZN:A (INV_X1)                              |        | 0.002       | 0.000      | 0.043      |             | 0.000  | 1.450f         |
| u_core.u_ifu.predictor_fetch_pc_d_4__OAI211_X1_ZN_A_OAI211_X1_ZN_A_INV_X1_ZN:ZN (INV_X1)                             |        | 0.006       | 0.000      | 0.022      |             | 0.040  | 1.490r         |
| u_core.u_ifu.predictor_fetch_pc_d_4__OAI211_X1_ZN_A_OAI211_X1_ZN_A (net)                                             | 4      |             |            |            | 0.000       |        |                |
| u_core.u_ifu.predictor_fetch_pc_d_4__OAI211_X1_ZN_A_OAI211_X1_ZN_A_CLKGATE_X1_E:E (CLKGATE_X1)                       |        | 0.001       | 0.000      | 0.022      |             | 0.000  | 1.490r         |
|                                                                                                                      |        |             |            |            |             |        |                |
| clk_i (port)                                                                                                         |        | 0.936       | 0.000      | 0.100      |             | 0.000  | 0.000r         |
| clk_i (clock net)                                                                                                    | 550    |             |            |            | NA          |        |                |
| u_core.u_ifu.predictor_fetch_pc_d_4__OAI211_X1_ZN_A_OAI211_X1_ZN_A_CLKGATE_X1_E:CK (CLKGATE_X1)                      |        | 0.002       | 0.000      | 0.000      |             | 0.000  | 0.000r         |
| clock core_clock (rise edge)                                                                                         |        |             |            |            |             | 1.666  | 1.666          |
| clock network delay (ideal)                                                                                          |        |             |            |            |             | 0.000  | 1.666          |
| u_core.u_ifu.predictor_fetch_pc_d_4__OAI211_X1_ZN_A_OAI211_X1_ZN_A_CLKGATE_X1_E:CK (CLKGATE_X1)                      |        |             |            |            |             |        | 1.666r         |
| library setup time                                                                                                   |        |             |            |            |             | -0.053 | 1.613          |
| clock reconvergence pessimism                                                                                        |        |             |            |            |             | 0.000  | 1.613          |
|                                                                                                                      |        |             |            |            |             |        |                |
| path cell delay                                                                                                      |        |             |            |            |             |        | 1.156(77.623%) |
| path net delay                                                                                                       |        |             |            |            |             |        | 0.000(0.000%)  |
|                                                                                                                      |        |             |            |            |             |        |                |
| data require time                                                                                                    |        |             |            |            |             |        | 1.613          |
| data arrival time                                                                                                    |        |             |            |            |             |        | 1.490          |
| slack (MET)                                                                                                          |        |             |            |            |             |        | 0.124          |
+----------------------------------------------------------------------------------------------------------------------+--------+-------------+------------+------------+-------------+--------+----------------+
+----------------------------------------------------------------------------------------------------------------------+--------+-------------+------------+------------+-------------+--------+----------------+
| Point                                                                                                                | Fanout | Capacitance | Resistance | Transition | Delta Delay | Incr   | Path           |
+----------------------------------------------------------------------------------------------------------------------+--------+-------------+------------+------------+-------------+--------+----------------+
| instruction_axi4_manager_i_0_ (port)                                                                                 |        | 0.007       | 0.000      | 0.100      |             | 0.000  | 0.000r         |
| clock core_clock (rise edge)                                                                                         |        |             |            |            |             | 0      | 0              |
| clock network delay (ideal)                                                                                          |        |             |            |            |             | 0.000  | 0.000          |
| instruction_axi4_manager_i_0_ (port)                                                                                 |        | 0.007       | 0.000      | 0.100      |             | 0.333  | 0.333r         |
| instruction_axi4_manager_i_0_ (net)                                                                                  | 5      |             |            |            | 0.000       |        |                |
| u_core.u_icache.refill_data_write_valid_NOR4_X1_ZN_A1_NAND2_X1_ZN:A1 (NAND2_X1)                                      |        | 0.002       | 0.000      | 0.100      |             | 0.000  | 0.333r         |
| u_core.u_icache.refill_data_write_valid_NOR4_X1_ZN_A1_NAND2_X1_ZN:ZN (NAND2_X1)                                      |        | 0.005       | 0.000      | 0.030      |             | 0.036  | 0.369f         |
| u_core.u_icache.refill_data_write_valid_NOR4_X1_ZN_A1 (net)                                                          | 4      |             |            |            | 0.000       |        |                |
| u_core.u_icache.u_riscv32_icache_miss_unit.lookup_response_generated_q_OR4_X1_A3:A2 (OR4_X1)                         |        | 0.001       | 0.000      | 0.030      |             | 0.000  | 0.369f         |
| u_core.u_icache.u_riscv32_icache_miss_unit.lookup_response_generated_q_OR4_X1_A3:ZN (OR4_X1)                         |        | 0.006       | 0.000      | 0.024      |             | 0.124  | 0.493f         |
| u_core.u_icache.local_lookup_resp_1__OAI211_X1_B_C2 (net)                                                            | 4      |             |            |            | 0.000       |        |                |
| u_core.u_icache.local_lookup_resp_1__OAI211_X1_B_C1_AND2_X1_ZN_A1_AOI21_X1_B2:A (AOI21_X1)                           |        | 0.002       | 0.000      | 0.024      |             | 0.000  | 0.493f         |
| u_core.u_icache.local_lookup_resp_1__OAI211_X1_B_C1_AND2_X1_ZN_A1_AOI21_X1_B2:ZN (AOI21_X1)                          |        | 0.003       | 0.000      | 0.032      |             | 0.046  | 0.538r         |
| u_core.u_icache.local_lookup_resp_1__OAI211_X1_B_C1_AND2_X1_ZN_A1_AOI21_X1_B2_ZN (net)                               | 1      |             |            |            | 0.000       |        |                |
| u_core.u_icache.local_lookup_resp_1__OAI211_X1_B_C1_AND2_X1_ZN_A1_AOI21_X1_B2_ZN_BUF_X4_A:A (BUF_X4)                 |        | 0.003       | 0.000      | 0.032      |             | 0.000  | 0.538r         |
| u_core.u_icache.local_lookup_resp_1__OAI211_X1_B_C1_AND2_X1_ZN_A1_AOI21_X1_B2_ZN_BUF_X4_A:Z (BUF_X4)                 |        | 0.033       | 0.000      | 0.022      |             | 0.043  | 0.582r         |
| u_core.u_icache.miss_lookup_resp_1__OAI21_X1_A_B1 (net)                                                              | 21     |             |            |            | 0.000       |        |                |
| u_core.u_icache.u_riscv32_icache_miss_unit.lookup_resp_data_q_0__AND2_X1_A2_ZN_OAI22_X1_B2:A2 (OAI22_X1)             |        | 0.002       | 0.000      | 0.022      |             | 0.000  | 0.582r         |
| u_core.u_icache.u_riscv32_icache_miss_unit.lookup_resp_data_q_0__AND2_X1_A2_ZN_OAI22_X1_B2:ZN (OAI22_X1)             |        | 0.003       | 0.000      | 0.027      |             | 0.029  | 0.610f         |
| u_core.icache_lookup_resp_5__OAI21_X1_ZN_A (net)                                                                     | 2      |             |            |            | 0.000       |        |                |
| u_core.icache_lookup_resp_5__OAI21_X1_ZN_A_OAI211_X1_B:B (OAI211_X1)                                                 |        | 0.002       | 0.000      | 0.027      |             | 0.000  | 0.610f         |
| u_core.icache_lookup_resp_5__OAI21_X1_ZN_A_OAI211_X1_B:ZN (OAI211_X1)                                                |        | 0.004       | 0.000      | 0.043      |             | 0.040  | 0.650r         |
| u_core.icache_lookup_resp_5__OAI21_X1_ZN_A_OAI211_X1_B_ZN (net)                                                      | 3      |             |            |            | 0.000       |        |                |
| u_core.u_fetch_buffer.entry_array_q[0]_68__MUX2_X1_A_Z_OR2_X1_A1_ZN_AND4_X1_A1:A2 (AND4_X1)                          |        | 0.001       | 0.000      | 0.043      |             | 0.000  | 0.650r         |
| u_core.u_fetch_buffer.entry_array_q[0]_68__MUX2_X1_A_Z_OR2_X1_A1_ZN_AND4_X1_A1:ZN (AND4_X1)                          |        | 0.001       | 0.000      | 0.010      |             | 0.062  | 0.712r         |
| u_core.u_fetch_buffer.entry_array_q[0]_68__MUX2_X1_A_Z_OR2_X1_A1_ZN_AND4_X1_A1_ZN (net)                              | 1      |             |            |            | 0.000       |        |                |
| u_core.u_fetch_buffer.entry_array_q[0]_68__MUX2_X1_A_Z_OR2_X1_A1_ZN_AND4_X1_A1_ZN_BUF_X1_A:A (BUF_X1)                |        | 0.001       | 0.000      | 0.010      |             | 0.000  | 0.712r         |
| u_core.u_fetch_buffer.entry_array_q[0]_68__MUX2_X1_A_Z_OR2_X1_A1_ZN_AND4_X1_A1_ZN_BUF_X1_A:Z (BUF_X1)                |        | 0.018       | 0.000      | 0.044      |             | 0.062  | 0.774r         |
| u_core.decoded_execute_packet_266__NAND4_X1_A4_A1 (net)                                                              | 10     |             |            |            | 0.000       |        |                |
| u_core.decoded_execute_packet_266__NAND4_X1_A4:A1 (NAND4_X1)                                                         |        | 0.002       | 0.000      | 0.044      |             | 0.000  | 0.774r         |
| u_core.decoded_execute_packet_266__NAND4_X1_A4:ZN (NAND4_X1)                                                         |        | 0.002       | 0.000      | 0.033      |             | 0.035  | 0.809f         |
| u_core.decoded_execute_packet_266__NAND4_X1_A4_ZN (net)                                                              | 1      |             |            |            | 0.000       |        |                |
| u_core.decoded_execute_packet_266__NAND4_X1_A4_ZN_BUF_X2_A:A (BUF_X2)                                                |        | 0.002       | 0.000      | 0.033      |             | 0.000  | 0.809f         |
| u_core.decoded_execute_packet_266__NAND4_X1_A4_ZN_BUF_X2_A:Z (BUF_X2)                                                |        | 0.029       | 0.000      | 0.019      |             | 0.056  | 0.865f         |
| u_core.execute_packet_173__reg_p_D_NOR4_X1_ZN_A3 (net)                                                               | 19     |             |            |            | 0.000       |        |                |
| u_core.execute_packet_160__reg_p_D_NOR4_X1_ZN_A1_OAI22_X2_A1:B1 (OAI22_X2)                                           |        | 0.003       | 0.000      | 0.019      |             | 0.000  | 0.865f         |
| u_core.execute_packet_160__reg_p_D_NOR4_X1_ZN_A1_OAI22_X2_A1:ZN (OAI22_X2)                                           |        | 0.010       | 0.000      | 0.046      |             | 0.058  | 0.923r         |
| u_core.execute_blocking_producer_present_NAND4_X1_A1_A3 (net)                                                        | 8      |             |            |            | 0.000       |        |                |
| u_core.resolved_execute_result_347__reg_p_QN_NAND3_X1_A1_ZN_NAND4_X2_A1_A2_AND4_X1_ZN:A4 (AND4_X1)                   |        | 0.001       | 0.000      | 0.046      |             | 0.000  | 0.923r         |
| u_core.resolved_execute_result_347__reg_p_QN_NAND3_X1_A1_ZN_NAND4_X2_A1_A2_AND4_X1_ZN:ZN (AND4_X1)                   |        | 0.003       | 0.000      | 0.017      |             | 0.070  | 0.994r         |
| u_core.resolved_execute_result_347__reg_p_QN_NAND3_X1_A1_ZN_NAND4_X2_A1_A2 (net)                                     | 1      |             |            |            | 0.000       |        |                |
| u_core.resolved_execute_result_347__reg_p_QN_NAND3_X1_A1_ZN_NAND4_X2_A1:A2 (NAND4_X2)                                |        | 0.003       | 0.000      | 0.017      |             | 0.000  | 0.994r         |
| u_core.resolved_execute_result_347__reg_p_QN_NAND3_X1_A1_ZN_NAND4_X2_A1:ZN (NAND4_X2)                                |        | 0.008       | 0.000      | 0.025      |             | 0.040  | 1.033f         |
| u_core.completion_result_179__MUX2_X1_Z_B_MUX2_X1_A_S_NAND4_X1_ZN_A1 (net)                                           | 6      |             |            |            | 0.000       |        |                |
| u_core.completion_result_179__MUX2_X1_Z_B_MUX2_X1_A_S_NAND4_X1_ZN_A2_AND4_X1_A1:A2 (AND4_X1)                         |        | 0.001       | 0.000      | 0.025      |             | 0.000  | 1.033f         |
| u_core.completion_result_179__MUX2_X1_Z_B_MUX2_X1_A_S_NAND4_X1_ZN_A2_AND4_X1_A1:ZN (AND4_X1)                         |        | 0.003       | 0.000      | 0.010      |             | 0.048  | 1.081f         |
| u_core.completion_result_179__MUX2_X1_Z_B_MUX2_X1_A_S_NAND4_X1_ZN_A2_AND4_X1_A1_ZN (net)                             | 1      |             |            |            | 0.000       |        |                |
| u_core.completion_result_179__MUX2_X1_Z_B_MUX2_X1_A_S_NAND4_X1_ZN_A2_AND4_X1_A1_ZN_BUF_X4_A:A (BUF_X4)               |        | 0.003       | 0.000      | 0.010      |             | 0.000  | 1.081f         |
| u_core.completion_result_179__MUX2_X1_Z_B_MUX2_X1_A_S_NAND4_X1_ZN_A2_AND4_X1_A1_ZN_BUF_X4_A:Z (BUF_X4)               |        | 0.031       | 0.000      | 0.011      |             | 0.035  | 1.116f         |
| u_core.completion_result_172__MUX2_X1_Z_B_NAND3_X1_A3_A2 (net)                                                       | 20     |             |            |            | 0.000       |        |                |
| u_core.completion_result_166__OAI21_X1_ZN_B1_NAND2_X1_ZN_A1_NAND4_X1_A1_A4_OAI21_X1_B1:B2 (OAI21_X1)                 |        | 0.002       | 0.000      | 0.011      |             | 0.000  | 1.116f         |
| u_core.completion_result_166__OAI21_X1_ZN_B1_NAND2_X1_ZN_A1_NAND4_X1_A1_A4_OAI21_X1_B1:ZN (OAI21_X1)                 |        | 0.002       | 0.000      | 0.020      |             | 0.034  | 1.150r         |
| u_core.completion_result_166__OAI21_X1_ZN_B1_NAND2_X1_ZN_A1_NAND4_X1_A1_A4_OAI21_X1_B1_ZN (net)                      | 1      |             |            |            | 0.000       |        |                |
| u_core.execute_serializing_instruction_present_AOI21_X1_A_ZN_NAND3_X1_A3_ZN_AOI21_X1_A_ZN_OAI211_X1_A:B (OAI211_X1)  |        | 0.002       | 0.000      | 0.020      |             | 0.000  | 1.150r         |
| u_core.execute_serializing_instruction_present_AOI21_X1_A_ZN_NAND3_X1_A3_ZN_AOI21_X1_A_ZN_OAI211_X1_A:ZN (OAI211_X1) |        | 0.006       | 0.000      | 0.025      |             | 0.043  | 1.192f         |
| timer_interrupt_i_AND3_X1_A1_ZN_AOI21_X1_A_B2 (net)                                                                  | 4      |             |            |            | 0.000       |        |                |
| timer_interrupt_i_NAND3_X1_A1_ZN_NAND2_X1_A1_ZN_AOI21_X1_A:B1 (AOI21_X1)                                             |        | 0.002       | 0.000      | 0.025      |             | 0.000  | 1.192f         |
| timer_interrupt_i_NAND3_X1_A1_ZN_NAND2_X1_A1_ZN_AOI21_X1_A:ZN (AOI21_X1)                                             |        | 0.003       | 0.000      | 0.032      |             | 0.045  | 1.237r         |
| timer_interrupt_i_NAND3_X1_A1_ZN_NAND2_X1_A1_ZN_AOI21_X1_A_ZN (net)                                                  | 2      |             |            |            | 0.000       |        |                |
| timer_interrupt_i_NAND3_X1_A1_ZN_NAND2_X1_A1_ZN_AOI21_X1_A_ZN_OAI211_X1_C1:C1 (OAI211_X1)                            |        | 0.002       | 0.000      | 0.032      |             | 0.000  | 1.237r         |
| timer_interrupt_i_NAND3_X1_A1_ZN_NAND2_X1_A1_ZN_AOI21_X1_A_ZN_OAI211_X1_C1:ZN (OAI211_X1)                            |        | 0.002       | 0.000      | 0.017      |             | 0.026  | 1.263f         |
| u_core.u_icache.lookup_s1_ready_NAND2_X1_ZN_A1 (net)                                                                 | 1      |             |            |            | 0.000       |        |                |
| u_core.u_icache.lookup_s1_ready_NAND2_X1_ZN:A1 (NAND2_X1)                                                            |        | 0.002       | 0.000      | 0.017      |             | 0.000  | 1.263f         |
| u_core.u_icache.lookup_s1_ready_NAND2_X1_ZN:ZN (NAND2_X1)                                                            |        | 0.004       | 0.000      | 0.017      |             | 0.027  | 1.290r         |
| u_core.u_icache.lookup_s1_ready (net)                                                                                | 3      |             |            |            | 0.000       |        |                |
| u_core.u_icache.lookup_s1_ready_NAND4_X1_A2_1:A2 (NAND4_X1)                                                          |        | 0.002       | 0.000      | 0.017      |             | 0.000  | 1.290r         |
| u_core.u_icache.lookup_s1_ready_NAND4_X1_A2_1:ZN (NAND4_X1)                                                          |        | 0.013       | 0.000      | 0.055      |             | 0.073  | 1.363f         |
| u_core.u_icache.array_read_enable_NOR2_X1_ZN_A1 (net)                                                                | 9      |             |            |            | 0.000       |        |                |
| u_core.u_ifu.lookup_queue_entry_count_d_0__OAI33_X1_ZN_A2_NOR2_X1_ZN:A1 (NOR2_X1)                                    |        | 0.002       | 0.000      | 0.055      |             | 0.000  | 1.363f         |
| u_core.u_ifu.lookup_queue_entry_count_d_0__OAI33_X1_ZN_A2_NOR2_X1_ZN:ZN (NOR2_X1)                                    |        | 0.003       | 0.000      | 0.032      |             | 0.056  | 1.419r         |
| u_core.u_ifu.lookup_queue_entry_count_d_0__OAI33_X1_ZN_A2 (net)                                                      | 2      |             |            |            | 0.000       |        |                |
| u_core.u_ifu.lookup_queue_write_index_q_AND4_X1_A1_A2_NAND3_X1_ZN:A1 (NAND3_X1)                                      |        | 0.002       | 0.000      | 0.032      |             | 0.000  | 1.419r         |
| u_core.u_ifu.lookup_queue_write_index_q_AND4_X1_A1_A2_NAND3_X1_ZN:ZN (NAND3_X1)                                      |        | 0.002       | 0.000      | 0.019      |             | 0.025  | 1.444f         |
| u_core.u_ifu.lookup_queue_write_index_q_AND4_X1_A1_A2 (net)                                                          | 2      |             |            |            | 0.000       |        |                |
| u_core.u_ifu.lookup_queue_write_index_q_AND4_X1_A1:A2 (AND4_X1)                                                      |        | 0.001       | 0.000      | 0.019      |             | 0.000  | 1.444f         |
| u_core.u_ifu.lookup_queue_write_index_q_AND4_X1_A1:ZN (AND4_X1)                                                      |        | 0.001       | 0.000      | 0.007      |             | 0.038  | 1.482f         |
| u_core.u_ifu.lookup_queue_write_index_q_AND4_X1_A1_ZN (net)                                                          | 1      |             |            |            | 0.000       |        |                |
| u_core.u_ifu.lookup_queue_write_index_q_AND4_X1_A1_ZN_CLKGATE_X1_E:E (CLKGATE_X1)                                    |        | 0.001       | 0.000      | 0.007      |             | 0.000  | 1.482f         |
|                                                                                                                      |        |             |            |            |             |        |                |
| clk_i (port)                                                                                                         |        | 0.936       | 0.000      | 0.100      |             | 0.000  | 0.000r         |
| clk_i (clock net)                                                                                                    | 550    |             |            |            | NA          |        |                |
| u_core.u_ifu.lookup_queue_write_index_q_AND4_X1_A1_ZN_CLKGATE_X1_E:CK (CLKGATE_X1)                                   |        | 0.002       | 0.000      | 0.000      |             | 0.000  | 0.000r         |
| clock core_clock (rise edge)                                                                                         |        |             |            |            |             | 1.666  | 1.666          |
| clock network delay (ideal)                                                                                          |        |             |            |            |             | 0.000  | 1.666          |
| u_core.u_ifu.lookup_queue_write_index_q_AND4_X1_A1_ZN_CLKGATE_X1_E:CK (CLKGATE_X1)                                   |        |             |            |            |             |        | 1.666r         |
| library setup time                                                                                                   |        |             |            |            |             | -0.045 | 1.621          |
| clock reconvergence pessimism                                                                                        |        |             |            |            |             | 0.000  | 1.621          |
|                                                                                                                      |        |             |            |            |             |        |                |
| path cell delay                                                                                                      |        |             |            |            |             |        | 1.149(77.514%) |
| path net delay                                                                                                       |        |             |            |            |             |        | 0.000(0.000%)  |
|                                                                                                                      |        |             |            |            |             |        |                |
| data require time                                                                                                    |        |             |            |            |             |        | 1.621          |
| data arrival time                                                                                                    |        |             |            |            |             |        | 1.482          |
| slack (MET)                                                                                                          |        |             |            |            |             |        | 0.139          |
+----------------------------------------------------------------------------------------------------------------------+--------+-------------+------------+------------+-------------+--------+----------------+
+-------------------------------------------------------------------+--------+-------------+------------+------------+-------------+--------+-----------------+
| Point                                                             | Fanout | Capacitance | Resistance | Transition | Delta Delay | Incr   | Path            |
+-------------------------------------------------------------------+--------+-------------+------------+------------+-------------+--------+-----------------+
| clk_i (port)                                                      |        | 0.936       | 0.000      | 0.100      |             | 0.000  | 0.000r          |
| clk_i (clock net)                                                 | 550    |             |            |            | NA          |        |                 |
| u_core.decoded_execute_packet_ready_CLKGATE_X1_E:CK (CLKGATE_X1)  |        | 0.002       | 0.000      | 0.000      |             | 0.000  | 0.000r          |
| u_core.decoded_execute_packet_ready_CLKGATE_X1_E:GCK (CLKGATE_X1) |        | 0.285       | 0.000      | 0.000      |             | 0.000  | 0.000r          |
| u_core.execute_packet_0__reg_p_CK (clock net)                     | 300    |             |            |            | NA          |        |                 |
| u_core.execute_packet_296__reg_p:CK (DFF_X1)                      |        | 0.001       | 0.000      | 0.000      |             | 0.000  | 0.000r          |
| clock core_clock (rise edge)                                      |        |             |            |            |             | 0      | 0               |
| clock network delay (ideal)                                       |        |             |            |            |             | 0.000  | 0.000           |
| u_core.execute_packet_296__reg_p:CK (DFF_X1)                      |        | 0.001       | 0.000      | 0.000      |             | 0.000  | 0.000r          |
| u_core.execute_packet_296__reg_p:QN (DFF_X1)                      |        | 0.003       | 0.000      | 0.013      |             | 0.066  | 0.066r          |
| u_core.lsu_req_66_ (net)                                          | 3      |             |            |            | 0.000       |        |                 |
| u_core.u_lsu.memory_writeback_134__reg_p:D (DFF_X1)               |        | 0.001       | 0.000      | 0.013      |             | 0.000  | 0.066r          |
|                                                                   |        |             |            |            |             |        |                 |
| clk_i (port)                                                      |        | 0.936       | 0.000      | 0.100      |             | 0.000  | 0.000r          |
| clk_i (clock net)                                                 | 550    |             |            |            | NA          |        |                 |
| u_core.u_lsu.lsu_req_handshake_CLKGATE_X1_E:CK (CLKGATE_X1)       |        | 0.002       | 0.000      | 0.000      |             | 0.000  | 0.000r          |
| u_core.u_lsu.lsu_req_handshake_CLKGATE_X1_E:GCK (CLKGATE_X1)      |        | 0.164       | 0.000      | 0.000      |             | 0.000  | 0.000r          |
| u_core.lsu_pending_rd_0__reg_p_CK (clock net)                     | 173    |             |            |            | NA          |        |                 |
| u_core.u_lsu.memory_writeback_134__reg_p:CK (DFF_X1)              |        | 0.001       | 0.000      | 0.000      |             | 0.000  | 0.000r          |
| clock core_clock (rise edge)                                      |        |             |            |            |             | 0      | 0               |
| clock network delay (ideal)                                       |        |             |            |            |             | 0.000  | 0.000           |
| u_core.u_lsu.memory_writeback_134__reg_p:CK (DFF_X1)              |        |             |            |            |             |        | 0.000r          |
| library hold time                                                 |        |             |            |            |             | 0.007  | 0.007           |
| clock reconvergence pessimism                                     |        |             |            |            |             | -0.000 | 0.007           |
|                                                                   |        |             |            |            |             |        |                 |
| path cell delay                                                   |        |             |            |            |             |        | 0.066(100.000%) |
| path net delay                                                    |        |             |            |            |             |        | 0.000(0.000%)   |
|                                                                   |        |             |            |            |             |        |                 |
| data require time                                                 |        |             |            |            |             |        | 0.007           |
| data arrival time                                                 |        |             |            |            |             |        | 0.066           |
| slack (MET)                                                       |        |             |            |            |             |        | 0.059           |
+-------------------------------------------------------------------+--------+-------------+------------+------------+-------------+--------+-----------------+
+-------------------------------------------------------------------+--------+-------------+------------+------------+-------------+--------+-----------------+
| Point                                                             | Fanout | Capacitance | Resistance | Transition | Delta Delay | Incr   | Path            |
+-------------------------------------------------------------------+--------+-------------+------------+------------+-------------+--------+-----------------+
| clk_i (port)                                                      |        | 0.936       | 0.000      | 0.100      |             | 0.000  | 0.000r          |
| clk_i (clock net)                                                 | 550    |             |            |            | NA          |        |                 |
| u_core.decoded_execute_packet_ready_CLKGATE_X1_E:CK (CLKGATE_X1)  |        | 0.002       | 0.000      | 0.000      |             | 0.000  | 0.000r          |
| u_core.decoded_execute_packet_ready_CLKGATE_X1_E:GCK (CLKGATE_X1) |        | 0.285       | 0.000      | 0.000      |             | 0.000  | 0.000r          |
| u_core.execute_packet_0__reg_p_CK (clock net)                     | 300    |             |            |            | NA          |        |                 |
| u_core.execute_packet_296__reg_p:CK (DFF_X1)                      |        | 0.001       | 0.000      | 0.000      |             | 0.000  | 0.000r          |
| clock core_clock (rise edge)                                      |        |             |            |            |             | 0      | 0               |
| clock network delay (ideal)                                       |        |             |            |            |             | 0.000  | 0.000           |
| u_core.execute_packet_296__reg_p:CK (DFF_X1)                      |        | 0.001       | 0.000      | 0.000      |             | 0.000  | 0.000r          |
| u_core.execute_packet_296__reg_p:QN (DFF_X1)                      |        | 0.003       | 0.000      | 0.013      |             | 0.066  | 0.066r          |
| u_core.lsu_req_66_ (net)                                          | 3      |             |            |            | 0.000       |        |                 |
| u_core.u_lsu.memory_writeback_134__reg_p:D (DFF_X1)               |        | 0.001       | 0.000      | 0.013      |             | 0.000  | 0.066r          |
|                                                                   |        |             |            |            |             |        |                 |
| clk_i (port)                                                      |        | 0.936       | 0.000      | 0.100      |             | 0.000  | 0.000r          |
| clk_i (clock net)                                                 | 550    |             |            |            | NA          |        |                 |
| u_core.u_lsu.lsu_req_handshake_CLKGATE_X1_E:CK (CLKGATE_X1)       |        | 0.002       | 0.000      | 0.000      |             | 0.000  | 0.000r          |
| u_core.u_lsu.lsu_req_handshake_CLKGATE_X1_E:GCK (CLKGATE_X1)      |        | 0.164       | 0.000      | 0.000      |             | 0.000  | 0.000r          |
| u_core.lsu_pending_rd_0__reg_p_CK (clock net)                     | 173    |             |            |            | NA          |        |                 |
| u_core.u_lsu.memory_writeback_134__reg_p:CK (DFF_X1)              |        | 0.001       | 0.000      | 0.000      |             | 0.000  | 0.000r          |
| clock core_clock (rise edge)                                      |        |             |            |            |             | 0      | 0               |
| clock network delay (ideal)                                       |        |             |            |            |             | 0.000  | 0.000           |
| u_core.u_lsu.memory_writeback_134__reg_p:CK (DFF_X1)              |        |             |            |            |             |        | 0.000r          |
| library hold time                                                 |        |             |            |            |             | 0.007  | 0.007           |
| clock reconvergence pessimism                                     |        |             |            |            |             | -0.000 | 0.007           |
|                                                                   |        |             |            |            |             |        |                 |
| path cell delay                                                   |        |             |            |            |             |        | 0.066(100.000%) |
| path net delay                                                    |        |             |            |            |             |        | 0.000(0.000%)   |
|                                                                   |        |             |            |            |             |        |                 |
| data require time                                                 |        |             |            |            |             |        | 0.007           |
| data arrival time                                                 |        |             |            |            |             |        | 0.066           |
| slack (MET)                                                       |        |             |            |            |             |        | 0.059           |
+-------------------------------------------------------------------+--------+-------------+------------+------------+-------------+--------+-----------------+
+---------------------------------------------------------------------------------+--------+-------------+------------+------------+-------------+--------+-----------------+
| Point                                                                           | Fanout | Capacitance | Resistance | Transition | Delta Delay | Incr   | Path            |
+---------------------------------------------------------------------------------+--------+-------------+------------+------------+-------------+--------+-----------------+
| clk_i (port)                                                                    |        | 0.936       | 0.000      | 0.100      |             | 0.000  | 0.000r          |
| clk_i (clock net)                                                               | 550    |             |            |            | NA          |        |                 |
| u_core.u_ifu.lookup_queue_read_index_q_reg_p_CK_CLKGATE_X1_GCK:CK (CLKGATE_X1)  |        | 0.002       | 0.000      | 0.000      |             | 0.000  | 0.000r          |
| u_core.u_ifu.lookup_queue_read_index_q_reg_p_CK_CLKGATE_X1_GCK:GCK (CLKGATE_X1) |        | 0.001       | 0.000      | 0.000      |             | 0.000  | 0.000r          |
| u_core.u_ifu.lookup_queue_read_index_q_reg_p_CK (clock net)                     | 1      |             |            |            | NA          |        |                 |
| u_core.u_ifu.lookup_queue_read_index_q_reg_p:CK (DFFR_X1)                       |        | 0.001       | 0.000      | 0.000      |             | 0.000  | 0.000r          |
| clock core_clock (rise edge)                                                    |        |             |            |            |             | 0      | 0               |
| clock network delay (ideal)                                                     |        |             |            |            |             | 0.000  | 0.000           |
| u_core.u_ifu.lookup_queue_read_index_q_reg_p:CK (DFFR_X1)                       |        | 0.001       | 0.000      | 0.000      |             | 0.000  | 0.000r          |
| u_core.u_ifu.lookup_queue_read_index_q_reg_p:QN (DFFR_X1)                       |        | 0.002       | 0.000      | 0.011      |             | 0.066  | 0.066r          |
| u_core.u_ifu.lookup_queue_read_index_d (net)                                    | 2      |             |            |            | 0.000       |        |                 |
| u_core.u_ifu.lookup_queue_read_index_q_reg_p:D (DFFR_X1)                        |        | 0.001       | 0.000      | 0.011      |             | 0.000  | 0.066r          |
|                                                                                 |        |             |            |            |             |        |                 |
| clk_i (port)                                                                    |        | 0.936       | 0.000      | 0.100      |             | 0.000  | 0.000r          |
| clk_i (clock net)                                                               | 550    |             |            |            | NA          |        |                 |
| u_core.u_ifu.lookup_queue_read_index_q_reg_p_CK_CLKGATE_X1_GCK:CK (CLKGATE_X1)  |        | 0.002       | 0.000      | 0.000      |             | 0.000  | 0.000r          |
| u_core.u_ifu.lookup_queue_read_index_q_reg_p_CK_CLKGATE_X1_GCK:GCK (CLKGATE_X1) |        | 0.001       | 0.000      | 0.000      |             | 0.000  | 0.000r          |
| u_core.u_ifu.lookup_queue_read_index_q_reg_p_CK (clock net)                     | 1      |             |            |            | NA          |        |                 |
| u_core.u_ifu.lookup_queue_read_index_q_reg_p:CK (DFFR_X1)                       |        | 0.001       | 0.000      | 0.000      |             | 0.000  | 0.000r          |
| clock core_clock (rise edge)                                                    |        |             |            |            |             | 0      | 0               |
| clock network delay (ideal)                                                     |        |             |            |            |             | 0.000  | 0.000           |
| u_core.u_ifu.lookup_queue_read_index_q_reg_p:CK (DFFR_X1)                       |        |             |            |            |             |        | 0.000r          |
| library hold time                                                               |        |             |            |            |             | 0.006  | 0.006           |
| clock reconvergence pessimism                                                   |        |             |            |            |             | -0.000 | 0.006           |
|                                                                                 |        |             |            |            |             |        |                 |
| path cell delay                                                                 |        |             |            |            |             |        | 0.066(100.000%) |
| path net delay                                                                  |        |             |            |            |             |        | 0.000(0.000%)   |
|                                                                                 |        |             |            |            |             |        |                 |
| data require time                                                               |        |             |            |            |             |        | 0.006           |
| data arrival time                                                               |        |             |            |            |             |        | 0.066           |
| slack (MET)                                                                     |        |             |            |            |             |        | 0.060           |
+---------------------------------------------------------------------------------+--------+-------------+------------+------------+-------------+--------+-----------------+
+---------------------------------------------------------------------------------+--------+-------------+------------+------------+-------------+--------+-----------------+
| Point                                                                           | Fanout | Capacitance | Resistance | Transition | Delta Delay | Incr   | Path            |
+---------------------------------------------------------------------------------+--------+-------------+------------+------------+-------------+--------+-----------------+
| clk_i (port)                                                                    |        | 0.936       | 0.000      | 0.100      |             | 0.000  | 0.000r          |
| clk_i (clock net)                                                               | 550    |             |            |            | NA          |        |                 |
| u_core.u_ifu.lookup_queue_read_index_q_reg_p_CK_CLKGATE_X1_GCK:CK (CLKGATE_X1)  |        | 0.002       | 0.000      | 0.000      |             | 0.000  | 0.000r          |
| u_core.u_ifu.lookup_queue_read_index_q_reg_p_CK_CLKGATE_X1_GCK:GCK (CLKGATE_X1) |        | 0.001       | 0.000      | 0.000      |             | 0.000  | 0.000r          |
| u_core.u_ifu.lookup_queue_read_index_q_reg_p_CK (clock net)                     | 1      |             |            |            | NA          |        |                 |
| u_core.u_ifu.lookup_queue_read_index_q_reg_p:CK (DFFR_X1)                       |        | 0.001       | 0.000      | 0.000      |             | 0.000  | 0.000r          |
| clock core_clock (rise edge)                                                    |        |             |            |            |             | 0      | 0               |
| clock network delay (ideal)                                                     |        |             |            |            |             | 0.000  | 0.000           |
| u_core.u_ifu.lookup_queue_read_index_q_reg_p:CK (DFFR_X1)                       |        | 0.001       | 0.000      | 0.000      |             | 0.000  | 0.000r          |
| u_core.u_ifu.lookup_queue_read_index_q_reg_p:QN (DFFR_X1)                       |        | 0.002       | 0.000      | 0.011      |             | 0.066  | 0.066r          |
| u_core.u_ifu.lookup_queue_read_index_d (net)                                    | 2      |             |            |            | 0.000       |        |                 |
| u_core.u_ifu.lookup_queue_read_index_q_reg_p:D (DFFR_X1)                        |        | 0.001       | 0.000      | 0.011      |             | 0.000  | 0.066r          |
|                                                                                 |        |             |            |            |             |        |                 |
| clk_i (port)                                                                    |        | 0.936       | 0.000      | 0.100      |             | 0.000  | 0.000r          |
| clk_i (clock net)                                                               | 550    |             |            |            | NA          |        |                 |
| u_core.u_ifu.lookup_queue_read_index_q_reg_p_CK_CLKGATE_X1_GCK:CK (CLKGATE_X1)  |        | 0.002       | 0.000      | 0.000      |             | 0.000  | 0.000r          |
| u_core.u_ifu.lookup_queue_read_index_q_reg_p_CK_CLKGATE_X1_GCK:GCK (CLKGATE_X1) |        | 0.001       | 0.000      | 0.000      |             | 0.000  | 0.000r          |
| u_core.u_ifu.lookup_queue_read_index_q_reg_p_CK (clock net)                     | 1      |             |            |            | NA          |        |                 |
| u_core.u_ifu.lookup_queue_read_index_q_reg_p:CK (DFFR_X1)                       |        | 0.001       | 0.000      | 0.000      |             | 0.000  | 0.000r          |
| clock core_clock (rise edge)                                                    |        |             |            |            |             | 0      | 0               |
| clock network delay (ideal)                                                     |        |             |            |            |             | 0.000  | 0.000           |
| u_core.u_ifu.lookup_queue_read_index_q_reg_p:CK (DFFR_X1)                       |        |             |            |            |             |        | 0.000r          |
| library hold time                                                               |        |             |            |            |             | 0.006  | 0.006           |
| clock reconvergence pessimism                                                   |        |             |            |            |             | -0.000 | 0.006           |
|                                                                                 |        |             |            |            |             |        |                 |
| path cell delay                                                                 |        |             |            |            |             |        | 0.066(100.000%) |
| path net delay                                                                  |        |             |            |            |             |        | 0.000(0.000%)   |
|                                                                                 |        |             |            |            |             |        |                 |
| data require time                                                               |        |             |            |            |             |        | 0.006           |
| data arrival time                                                               |        |             |            |            |             |        | 0.066           |
| slack (MET)                                                                     |        |             |            |            |             |        | 0.060           |
+---------------------------------------------------------------------------------+--------+-------------+------------+------------+-------------+--------+-----------------+
+-------------------------------------------------------------------------------------------+--------+-------------+------------+------------+-------------+--------+-----------------+
| Point                                                                                     | Fanout | Capacitance | Resistance | Transition | Delta Delay | Incr   | Path            |
+-------------------------------------------------------------------------------------------+--------+-------------+------------+------------+-------------+--------+-----------------+
| clk_i (port)                                                                              |        | 0.936       | 0.000      | 0.100      |             | 0.000  | 0.000r          |
| clk_i (clock net)                                                                         | 550    |             |            |            | NA          |        |                 |
| u_core.next_pc_predictor_lookup_request_epoch_0__reg_p_CK_CLKGATE_X1_GCK:CK (CLKGATE_X1)  |        | 0.002       | 0.000      | 0.000      |             | 0.000  | 0.000r          |
| u_core.next_pc_predictor_lookup_request_epoch_0__reg_p_CK_CLKGATE_X1_GCK:GCK (CLKGATE_X1) |        | 0.002       | 0.000      | 0.000      |             | 0.000  | 0.000r          |
| u_core.next_pc_predictor_lookup_request_epoch_0__reg_p_CK (clock net)                     | 2      |             |            |            | NA          |        |                 |
| u_core.next_pc_predictor_lookup_request_epoch_0__reg_p:CK (DFFR_X1)                       |        | 0.001       | 0.000      | 0.000      |             | 0.000  | 0.000r          |
| clock core_clock (rise edge)                                                              |        |             |            |            |             | 0      | 0               |
| clock network delay (ideal)                                                               |        |             |            |            |             | 0.000  | 0.000           |
| u_core.next_pc_predictor_lookup_request_epoch_0__reg_p:CK (DFFR_X1)                       |        | 0.001       | 0.000      | 0.000      |             | 0.000  | 0.000r          |
| u_core.next_pc_predictor_lookup_request_epoch_0__reg_p:QN (DFFR_X1)                       |        | 0.001       | 0.000      | 0.011      |             | 0.066  | 0.066r          |
| u_core.next_pc_predictor_lookup_request_epoch_0__reg_p_D (net)                            | 1      |             |            |            | 0.000       |        |                 |
| u_core.next_pc_predictor_lookup_request_epoch_0__reg_p:D (DFFR_X1)                        |        | 0.001       | 0.000      | 0.011      |             | 0.000  | 0.066r          |
|                                                                                           |        |             |            |            |             |        |                 |
| clk_i (port)                                                                              |        | 0.936       | 0.000      | 0.100      |             | 0.000  | 0.000r          |
| clk_i (clock net)                                                                         | 550    |             |            |            | NA          |        |                 |
| u_core.next_pc_predictor_lookup_request_epoch_0__reg_p_CK_CLKGATE_X1_GCK:CK (CLKGATE_X1)  |        | 0.002       | 0.000      | 0.000      |             | 0.000  | 0.000r          |
| u_core.next_pc_predictor_lookup_request_epoch_0__reg_p_CK_CLKGATE_X1_GCK:GCK (CLKGATE_X1) |        | 0.002       | 0.000      | 0.000      |             | 0.000  | 0.000r          |
| u_core.next_pc_predictor_lookup_request_epoch_0__reg_p_CK (clock net)                     | 2      |             |            |            | NA          |        |                 |
| u_core.next_pc_predictor_lookup_request_epoch_0__reg_p:CK (DFFR_X1)                       |        | 0.001       | 0.000      | 0.000      |             | 0.000  | 0.000r          |
| clock core_clock (rise edge)                                                              |        |             |            |            |             | 0      | 0               |
| clock network delay (ideal)                                                               |        |             |            |            |             | 0.000  | 0.000           |
| u_core.next_pc_predictor_lookup_request_epoch_0__reg_p:CK (DFFR_X1)                       |        |             |            |            |             |        | 0.000r          |
| library hold time                                                                         |        |             |            |            |             | 0.006  | 0.006           |
| clock reconvergence pessimism                                                             |        |             |            |            |             | -0.000 | 0.006           |
|                                                                                           |        |             |            |            |             |        |                 |
| path cell delay                                                                           |        |             |            |            |             |        | 0.066(100.000%) |
| path net delay                                                                            |        |             |            |            |             |        | 0.000(0.000%)   |
|                                                                                           |        |             |            |            |             |        |                 |
| data require time                                                                         |        |             |            |            |             |        | 0.006           |
| data arrival time                                                                         |        |             |            |            |             |        | 0.066           |
| slack (MET)                                                                               |        |             |            |            |             |        | 0.060           |
+-------------------------------------------------------------------------------------------+--------+-------------+------------+------------+-------------+--------+-----------------+
+------------------------------------------------------------------------------------------------------------+--------+-------------+------------+------------+-------------+--------+-----------------+
| Point                                                                                                      | Fanout | Capacitance | Resistance | Transition | Delta Delay | Incr   | Path            |
+------------------------------------------------------------------------------------------------------------+--------+-------------+------------+------------+-------------+--------+-----------------+
| clk_i (port)                                                                                               |        | 0.936       | 0.000      | 0.100      |             | 0.000  | 0.000r          |
| clk_i (clock net)                                                                                          | 550    |             |            |            | NA          |        |                 |
| u_core.u_data_mem.gen_dcache.u_dcache.refill_req_ready_reg_p:CK (DFFS_X1)                                  |        | 0.001       | 0.000      | 0.000      |             | 0.000  | 0.000r          |
| clock core_clock (rise edge)                                                                               |        |             |            |            |             | 0      | 0               |
| clock network delay (ideal)                                                                                |        |             |            |            |             | 0.000  | 0.000           |
| u_core.u_data_mem.gen_dcache.u_dcache.refill_req_ready_reg_p:CK (DFFS_X1)                                  |        | 0.001       | 0.000      | 0.000      |             | 0.000  | 0.000r          |
| u_core.u_data_mem.gen_dcache.u_dcache.refill_req_ready_reg_p:QN (DFFS_X1)                                  |        | 0.002       | 0.000      | 0.011      |             | 0.065  | 0.065r          |
| u_core.u_data_mem.gen_dcache.u_dcache.refill_req_ready_reg_p_QN (net)                                      | 1      |             |            |            | 0.000       |        |                 |
| u_core.u_data_mem.gen_dcache.u_dcache.refill_req_ready_reg_p_QN_NOR4_X1_A3:A3 (NOR4_X1)                    |        | 0.002       | 0.000      | 0.011      |             | 0.000  | 0.065r          |
| u_core.u_data_mem.gen_dcache.u_dcache.refill_req_ready_reg_p_QN_NOR4_X1_A3:ZN (NOR4_X1)                    |        | 0.002       | 0.000      | 0.008      |             | 0.014  | 0.079f          |
| u_core.u_data_mem.gen_dcache.u_dcache.refill_req_ready_reg_p_QN_NOR4_X1_A3_ZN (net)                        | 2      |             |            |            | 0.000       |        |                 |
| u_core.u_data_mem.gen_dcache.u_dcache.refill_req_ready_reg_p_QN_NOR4_X1_A3_ZN_CLKGATE_X1_E:E (CLKGATE_X1)  |        | 0.001       | 0.000      | 0.008      |             | 0.000  | 0.079f          |
|                                                                                                            |        |             |            |            |             |        |                 |
| clk_i (port)                                                                                               |        | 0.936       | 0.000      | 0.100      |             | 0.000  | 0.000r          |
| clk_i (clock net)                                                                                          | 550    |             |            |            | NA          |        |                 |
| u_core.u_data_mem.gen_dcache.u_dcache.refill_req_ready_reg_p_QN_NOR4_X1_A3_ZN_CLKGATE_X1_E:CK (CLKGATE_X1) |        | 0.002       | 0.000      | 0.000      |             | 0.000  | 0.000r          |
| clock core_clock (rise edge)                                                                               |        |             |            |            |             | 0      | 0               |
| clock network delay (ideal)                                                                                |        |             |            |            |             | 0.000  | 0.000           |
| u_core.u_data_mem.gen_dcache.u_dcache.refill_req_ready_reg_p_QN_NOR4_X1_A3_ZN_CLKGATE_X1_E:CK (CLKGATE_X1) |        |             |            |            |             |        | 0.000r          |
| library hold time                                                                                          |        |             |            |            |             | -0.015 | -0.015          |
| clock reconvergence pessimism                                                                              |        |             |            |            |             | -0.000 | -0.015          |
|                                                                                                            |        |             |            |            |             |        |                 |
| path cell delay                                                                                            |        |             |            |            |             |        | 0.079(100.000%) |
| path net delay                                                                                             |        |             |            |            |             |        | 0.000(0.000%)   |
|                                                                                                            |        |             |            |            |             |        |                 |
| data require time                                                                                          |        |             |            |            |             |        | -0.015          |
| data arrival time                                                                                          |        |             |            |            |             |        | 0.079           |
| slack (MET)                                                                                                |        |             |            |            |             |        | 0.094           |
+------------------------------------------------------------------------------------------------------------+--------+-------------+------------+------------+-------------+--------+-----------------+
+-----------------------------------------------------------------------------------------------+--------+-------------+------------+------------+-------------+--------+-----------------+
| Point                                                                                         | Fanout | Capacitance | Resistance | Transition | Delta Delay | Incr   | Path            |
+-----------------------------------------------------------------------------------------------+--------+-------------+------------+------------+-------------+--------+-----------------+
| clk_i (port)                                                                                  |        | 0.936       | 0.000      | 0.100      |             | 0.000  | 0.000r          |
| clk_i (clock net)                                                                             | 550    |             |            |            | NA          |        |                 |
| u_core.icache_refill_req_ready_reg_p:CK (DFFS_X1)                                             |        | 0.001       | 0.000      | 0.000      |             | 0.000  | 0.000r          |
| clock core_clock (rise edge)                                                                  |        |             |            |            |             | 0      | 0               |
| clock network delay (ideal)                                                                   |        |             |            |            |             | 0.000  | 0.000           |
| u_core.icache_refill_req_ready_reg_p:CK (DFFS_X1)                                             |        | 0.001       | 0.000      | 0.000      |             | 0.000  | 0.000r          |
| u_core.icache_refill_req_ready_reg_p:QN (DFFS_X1)                                             |        | 0.003       | 0.000      | 0.013      |             | 0.068  | 0.068r          |
| u_core.icache_refill_req_ready_reg_p_QN (net)                                                 | 2      |             |            |            | 0.000       |        |                 |
| u_core.icache_refill_req_ready_reg_p_QN_AOI221_X1_B2:B2 (AOI221_X1)                           |        | 0.002       | 0.000      | 0.013      |             | 0.000  | 0.068r          |
| u_core.icache_refill_req_ready_reg_p_QN_AOI221_X1_B2:ZN (AOI221_X1)                           |        | 0.001       | 0.000      | 0.008      |             | 0.021  | 0.089f          |
| u_core.icache_refill_req_ready_reg_p_QN_AOI221_X1_B2_ZN (net)                                 | 1      |             |            |            | 0.000       |        |                 |
| u_core.u_icache.u_riscv32_icache_miss_unit.state_q_0__reg_p_CK_CLKGATE_X1_GCK:E (CLKGATE_X1)  |        | 0.001       | 0.000      | 0.008      |             | 0.000  | 0.089f          |
|                                                                                               |        |             |            |            |             |        |                 |
| clk_i (port)                                                                                  |        | 0.936       | 0.000      | 0.100      |             | 0.000  | 0.000r          |
| clk_i (clock net)                                                                             | 550    |             |            |            | NA          |        |                 |
| u_core.u_icache.u_riscv32_icache_miss_unit.state_q_0__reg_p_CK_CLKGATE_X1_GCK:CK (CLKGATE_X1) |        | 0.002       | 0.000      | 0.000      |             | 0.000  | 0.000r          |
| clock core_clock (rise edge)                                                                  |        |             |            |            |             | 0      | 0               |
| clock network delay (ideal)                                                                   |        |             |            |            |             | 0.000  | 0.000           |
| u_core.u_icache.u_riscv32_icache_miss_unit.state_q_0__reg_p_CK_CLKGATE_X1_GCK:CK (CLKGATE_X1) |        |             |            |            |             |        | 0.000r          |
| library hold time                                                                             |        |             |            |            |             | -0.015 | -0.015          |
| clock reconvergence pessimism                                                                 |        |             |            |            |             | -0.000 | -0.015          |
|                                                                                               |        |             |            |            |             |        |                 |
| path cell delay                                                                               |        |             |            |            |             |        | 0.089(100.000%) |
| path net delay                                                                                |        |             |            |            |             |        | 0.000(0.000%)   |
|                                                                                               |        |             |            |            |             |        |                 |
| data require time                                                                             |        |             |            |            |             |        | -0.015          |
| data arrival time                                                                             |        |             |            |            |             |        | 0.089           |
| slack (MET)                                                                                   |        |             |            |            |             |        | 0.104           |
+-----------------------------------------------------------------------------------------------+--------+-------------+------------+------------+-------------+--------+-----------------+
+--------------------------------------------------------------------------------+--------+-------------+------------+------------+-------------+--------+-----------------+
| Point                                                                          | Fanout | Capacitance | Resistance | Transition | Delta Delay | Incr   | Path            |
+--------------------------------------------------------------------------------+--------+-------------+------------+------------+-------------+--------+-----------------+
| clk_i (port)                                                                   |        | 0.936       | 0.000      | 0.100      |             | 0.000  | 0.000r          |
| clk_i (clock net)                                                              | 550    |             |            |            | NA          |        |                 |
| u_core.u_fetch_buffer.write_index_q_reg_p_CK_CLKGATE_X1_GCK:CK (CLKGATE_X1)    |        | 0.002       | 0.000      | 0.000      |             | 0.000  | 0.000r          |
| u_core.u_fetch_buffer.write_index_q_reg_p_CK_CLKGATE_X1_GCK:GCK (CLKGATE_X1)   |        | 0.001       | 0.000      | 0.000      |             | 0.000  | 0.000r          |
| u_core.u_fetch_buffer.write_index_q_reg_p_CK (clock net)                       | 1      |             |            |            | NA          |        |                 |
| u_core.u_fetch_buffer.write_index_q_reg_p:CK (DFFR_X1)                         |        | 0.001       | 0.000      | 0.000      |             | 0.000  | 0.000r          |
| clock core_clock (rise edge)                                                   |        |             |            |            |             | 0      | 0               |
| clock network delay (ideal)                                                    |        |             |            |            |             | 0.000  | 0.000           |
| u_core.u_fetch_buffer.write_index_q_reg_p:CK (DFFR_X1)                         |        | 0.001       | 0.000      | 0.000      |             | 0.000  | 0.000r          |
| u_core.u_fetch_buffer.write_index_q_reg_p:Q (DFFR_X1)                          |        | 0.005       | 0.000      | 0.010      |             | 0.090  | 0.090f          |
| u_core.u_fetch_buffer.write_index_q (net)                                      | 3      |             |            |            | 0.000       |        |                 |
| u_core.u_fetch_buffer.write_index_q_NOR2_X1_A1:A1 (NOR2_X1)                    |        | 0.002       | 0.000      | 0.010      |             | 0.000  | 0.090f          |
| u_core.u_fetch_buffer.write_index_q_NOR2_X1_A1:ZN (NOR2_X1)                    |        | 0.001       | 0.000      | 0.012      |             | 0.020  | 0.110r          |
| u_core.u_fetch_buffer.write_index_q_NOR2_X1_A1_ZN (net)                        | 1      |             |            |            | 0.000       |        |                 |
| u_core.u_fetch_buffer.write_index_q_NOR2_X1_A1_ZN_CLKGATE_X1_E:E (CLKGATE_X1)  |        | 0.001       | 0.000      | 0.012      |             | 0.000  | 0.110r          |
|                                                                                |        |             |            |            |             |        |                 |
| clk_i (port)                                                                   |        | 0.936       | 0.000      | 0.100      |             | 0.000  | 0.000r          |
| clk_i (clock net)                                                              | 550    |             |            |            | NA          |        |                 |
| u_core.u_fetch_buffer.write_index_q_NOR2_X1_A1_ZN_CLKGATE_X1_E:CK (CLKGATE_X1) |        | 0.002       | 0.000      | 0.000      |             | 0.000  | 0.000r          |
| clock core_clock (rise edge)                                                   |        |             |            |            |             | 0      | 0               |
| clock network delay (ideal)                                                    |        |             |            |            |             | 0.000  | 0.000           |
| u_core.u_fetch_buffer.write_index_q_NOR2_X1_A1_ZN_CLKGATE_X1_E:CK (CLKGATE_X1) |        |             |            |            |             |        | 0.000r          |
| library hold time                                                              |        |             |            |            |             | -0.001 | -0.001          |
| clock reconvergence pessimism                                                  |        |             |            |            |             | -0.000 | -0.001          |
|                                                                                |        |             |            |            |             |        |                 |
| path cell delay                                                                |        |             |            |            |             |        | 0.110(100.000%) |
| path net delay                                                                 |        |             |            |            |             |        | 0.000(0.000%)   |
|                                                                                |        |             |            |            |             |        |                 |
| data require time                                                              |        |             |            |            |             |        | -0.001          |
| data arrival time                                                              |        |             |            |            |             |        | 0.110           |
| slack (MET)                                                                    |        |             |            |            |             |        | 0.111           |
+--------------------------------------------------------------------------------+--------+-------------+------------+------------+-------------+--------+-----------------+
+--------------------------------------------------------------------------------------------+--------+-------------+------------+------------+-------------+--------+-----------------+
| Point                                                                                      | Fanout | Capacitance | Resistance | Transition | Delta Delay | Incr   | Path            |
+--------------------------------------------------------------------------------------------+--------+-------------+------------+------------+-------------+--------+-----------------+
| clk_i (port)                                                                               |        | 0.936       | 0.000      | 0.100      |             | 0.000  | 0.000r          |
| clk_i (clock net)                                                                          | 550    |             |            |            | NA          |        |                 |
| u_core.u_csr_file.u_pmu.mcycle_inhibit_q_reg_p_CK_CLKGATE_X1_GCK:CK (CLKGATE_X1)           |        | 0.002       | 0.000      | 0.000      |             | 0.000  | 0.000r          |
| u_core.u_csr_file.u_pmu.mcycle_inhibit_q_reg_p_CK_CLKGATE_X1_GCK:GCK (CLKGATE_X1)          |        | 0.002       | 0.000      | 0.000      |             | 0.000  | 0.000r          |
| u_core.u_csr_file.u_pmu.mcycle_inhibit_q_reg_p_CK (clock net)                              | 2      |             |            |            | NA          |        |                 |
| u_core.u_csr_file.u_pmu.mcycle_inhibit_q_reg_p:CK (DFFR_X1)                                |        | 0.001       | 0.000      | 0.000      |             | 0.000  | 0.000r          |
| clock core_clock (rise edge)                                                               |        |             |            |            |             | 0      | 0               |
| clock network delay (ideal)                                                                |        |             |            |            |             | 0.000  | 0.000           |
| u_core.u_csr_file.u_pmu.mcycle_inhibit_q_reg_p:CK (DFFR_X1)                                |        | 0.001       | 0.000      | 0.000      |             | 0.000  | 0.000r          |
| u_core.u_csr_file.u_pmu.mcycle_inhibit_q_reg_p:Q (DFFR_X1)                                 |        | 0.005       | 0.000      | 0.010      |             | 0.090  | 0.090f          |
| u_core.u_csr_file.u_pmu.mcycle_inhibit_q (net)                                             | 3      |             |            |            | 0.000       |        |                 |
| u_core.commit_213__INV_X1_A_ZN_AND4_X1_A4_ZN_AOI22_X1_B2_1:A2 (AOI22_X1)                   |        | 0.002       | 0.000      | 0.010      |             | 0.000  | 0.090f          |
| u_core.commit_213__INV_X1_A_ZN_AND4_X1_A4_ZN_AOI22_X1_B2_1:ZN (AOI22_X1)                   |        | 0.001       | 0.000      | 0.013      |             | 0.022  | 0.112r          |
| u_core.commit_213__INV_X1_A_ZN_AND4_X1_A4_ZN_AOI22_X1_B2_1_ZN (net)                        | 1      |             |            |            | 0.000       |        |                 |
| u_core.commit_213__INV_X1_A_ZN_AND4_X1_A4_ZN_AOI22_X1_B2_1_ZN_CLKGATE_X1_E:E (CLKGATE_X1)  |        | 0.001       | 0.000      | 0.013      |             | 0.000  | 0.112r          |
|                                                                                            |        |             |            |            |             |        |                 |
| clk_i (port)                                                                               |        | 0.936       | 0.000      | 0.100      |             | 0.000  | 0.000r          |
| clk_i (clock net)                                                                          | 550    |             |            |            | NA          |        |                 |
| u_core.commit_213__INV_X1_A_ZN_AND4_X1_A4_ZN_AOI22_X1_B2_1_ZN_CLKGATE_X1_E:CK (CLKGATE_X1) |        | 0.002       | 0.000      | 0.000      |             | 0.000  | 0.000r          |
| clock core_clock (rise edge)                                                               |        |             |            |            |             | 0      | 0               |
| clock network delay (ideal)                                                                |        |             |            |            |             | 0.000  | 0.000           |
| u_core.commit_213__INV_X1_A_ZN_AND4_X1_A4_ZN_AOI22_X1_B2_1_ZN_CLKGATE_X1_E:CK (CLKGATE_X1) |        |             |            |            |             |        | 0.000r          |
| library hold time                                                                          |        |             |            |            |             | -0.001 | -0.001          |
| clock reconvergence pessimism                                                              |        |             |            |            |             | -0.000 | -0.001          |
|                                                                                            |        |             |            |            |             |        |                 |
| path cell delay                                                                            |        |             |            |            |             |        | 0.112(100.000%) |
| path net delay                                                                             |        |             |            |            |             |        | 0.000(0.000%)   |
|                                                                                            |        |             |            |            |             |        |                 |
| data require time                                                                          |        |             |            |            |             |        | -0.001          |
| data arrival time                                                                          |        |             |            |            |             |        | 0.112           |
| slack (MET)                                                                                |        |             |            |            |             |        | 0.113           |
+--------------------------------------------------------------------------------------------+--------+-------------+------------+------------+-------------+--------+-----------------+
+---------------------------------------------------------------------------------------------+--------+-------------+------------+------------+-------------+--------+-----------------+
| Point                                                                                       | Fanout | Capacitance | Resistance | Transition | Delta Delay | Incr   | Path            |
+---------------------------------------------------------------------------------------------+--------+-------------+------------+------------+-------------+--------+-----------------+
| clk_i (port)                                                                                |        | 0.936       | 0.000      | 0.100      |             | 0.000  | 0.000r          |
| clk_i (clock net)                                                                           | 550    |             |            |            | NA          |        |                 |
| u_core.u_ifu.lookup_queue_write_index_q_reg_p_CK_CLKGATE_X1_GCK:CK (CLKGATE_X1)             |        | 0.002       | 0.000      | 0.000      |             | 0.000  | 0.000r          |
| u_core.u_ifu.lookup_queue_write_index_q_reg_p_CK_CLKGATE_X1_GCK:GCK (CLKGATE_X1)            |        | 0.001       | 0.000      | 0.000      |             | 0.000  | 0.000r          |
| u_core.u_ifu.lookup_queue_write_index_q_reg_p_CK (clock net)                                | 1      |             |            |            | NA          |        |                 |
| u_core.u_ifu.lookup_queue_write_index_q_reg_p:CK (DFFR_X1)                                  |        | 0.001       | 0.000      | 0.000      |             | 0.000  | 0.000r          |
| clock core_clock (rise edge)                                                                |        |             |            |            |             | 0      | 0               |
| clock network delay (ideal)                                                                 |        |             |            |            |             | 0.000  | 0.000           |
| u_core.u_ifu.lookup_queue_write_index_q_reg_p:CK (DFFR_X1)                                  |        | 0.001       | 0.000      | 0.000      |             | 0.000  | 0.000r          |
| u_core.u_ifu.lookup_queue_write_index_q_reg_p:QN (DFFR_X1)                                  |        | 0.002       | 0.000      | 0.012      |             | 0.065  | 0.065f          |
| u_core.u_ifu.lookup_queue_write_index_q_reg_p_QN (net)                                      | 2      |             |            |            | 0.000       |        |                 |
| u_core.u_ifu.lookup_queue_write_index_q_reg_p_QN_AND4_X1_A1:A1 (AND4_X1)                    |        | 0.001       | 0.000      | 0.012      |             | 0.000  | 0.065f          |
| u_core.u_ifu.lookup_queue_write_index_q_reg_p_QN_AND4_X1_A1:ZN (AND4_X1)                    |        | 0.001       | 0.000      | 0.006      |             | 0.032  | 0.097f          |
| u_core.u_ifu.lookup_queue_write_index_q_reg_p_QN_AND4_X1_A1_ZN (net)                        | 1      |             |            |            | 0.000       |        |                 |
| u_core.u_ifu.lookup_queue_write_index_q_reg_p_QN_AND4_X1_A1_ZN_CLKGATE_X1_E:E (CLKGATE_X1)  |        | 0.001       | 0.000      | 0.006      |             | 0.000  | 0.097f          |
|                                                                                             |        |             |            |            |             |        |                 |
| clk_i (port)                                                                                |        | 0.936       | 0.000      | 0.100      |             | 0.000  | 0.000r          |
| clk_i (clock net)                                                                           | 550    |             |            |            | NA          |        |                 |
| u_core.u_ifu.lookup_queue_write_index_q_reg_p_QN_AND4_X1_A1_ZN_CLKGATE_X1_E:CK (CLKGATE_X1) |        | 0.002       | 0.000      | 0.000      |             | 0.000  | 0.000r          |
| clock core_clock (rise edge)                                                                |        |             |            |            |             | 0      | 0               |
| clock network delay (ideal)                                                                 |        |             |            |            |             | 0.000  | 0.000           |
| u_core.u_ifu.lookup_queue_write_index_q_reg_p_QN_AND4_X1_A1_ZN_CLKGATE_X1_E:CK (CLKGATE_X1) |        |             |            |            |             |        | 0.000r          |
| library hold time                                                                           |        |             |            |            |             | -0.016 | -0.016          |
| clock reconvergence pessimism                                                               |        |             |            |            |             | -0.000 | -0.016          |
|                                                                                             |        |             |            |            |             |        |                 |
| path cell delay                                                                             |        |             |            |            |             |        | 0.097(100.000%) |
| path net delay                                                                              |        |             |            |            |             |        | 0.000(0.000%)   |
|                                                                                             |        |             |            |            |             |        |                 |
| data require time                                                                           |        |             |            |            |             |        | -0.016          |
| data arrival time                                                                           |        |             |            |            |             |        | 0.097           |
| slack (MET)                                                                                 |        |             |            |            |             |        | 0.113           |
+---------------------------------------------------------------------------------------------+--------+-------------+------------+------------+-------------+--------+-----------------+
