Generate the report at 2026-09-19T16:44:09, GitVersion: aa25008b3778a76ae1975c839d4cc459f7f7b3b7.
+-----------------------------------------------------------------------------------------------------+--------------------------+------------+------------+---------------+-------+--------+-----------+
| Endpoint                                                                                            | Clock Group              | Delay Type | Path Delay | Path Required | CPPR  | Slack  | Freq(MHz) |
+-----------------------------------------------------------------------------------------------------+--------------------------+------------+------------+---------------+-------+--------+-----------+
| data_axi4_manager_o_116_                                                                            | core_clock               | max        | 1.479f     | 1.333         | 0.000 | -0.146 | 551.896   |
| data_axi4_manager_o_135_                                                                            | core_clock               | max        | 1.479f     | 1.333         | 0.000 | -0.146 | 551.896   |
| data_axi4_manager_o_134_                                                                            | core_clock               | max        | 1.479f     | 1.333         | 0.000 | -0.146 | 551.896   |
| data_axi4_manager_o_112_                                                                            | core_clock               | max        | 1.479f     | 1.333         | 0.000 | -0.146 | 551.896   |
| data_axi4_manager_o_139_                                                                            | core_clock               | max        | 1.479f     | 1.333         | 0.000 | -0.146 | 551.896   |
| u_core.u_ifu.lookup_queue_write_index_q_reg_p_CK_CLKGATE_X1_GCK:E                                   | **clock_gating_default** | max        | 1.566f     | 1.615         | 0.000 | 0.050  | NA        |
| u_core.u_ifu.lookup_queue_write_index_q_reg_p_CK_CLKGATE_X1_GCK:E                                   | **clock_gating_default** | max        | 1.558r     | 1.612         | 0.000 | 0.054  | NA        |
| u_core.u_ifu.predictor_fetch_pc_d_24__OAI21_X1_ZN_B2_INV_X1_A_ZN_CLKGATE_X1_E:E                     | **clock_gating_default** | max        | 1.551f     | 1.621         | 0.000 | 0.070  | NA        |
| u_core.u_ifu.predictor_fetch_pc_d_24__OAI21_X1_ZN_B2_INV_X1_A_ZN_CLKGATE_X1_E:E                     | **clock_gating_default** | max        | 1.540r     | 1.617         | 0.000 | 0.077  | NA        |
| u_core.u_ifu.lookup_queue_entry_count_q_0__reg_p_CK_CLKGATE_X1_GCK:E                                | **clock_gating_default** | max        | 1.528f     | 1.613         | 0.000 | 0.085  | NA        |
| u_core.u_lsu.memory_writeback_134__reg_p:D                                                          | core_clock               | min        | 0.066r     | 0.007         | 0.000 | 0.059  | NA        |
| u_core.u_lsu.memory_writeback_134__reg_p:D                                                          | core_clock               | min        | 0.066r     | 0.007         | 0.000 | 0.059  | NA        |
| u_core.next_pc_predictor_lookup_request_epoch_0__reg_p:D                                            | core_clock               | min        | 0.066r     | 0.006         | 0.000 | 0.060  | NA        |
| u_core.next_pc_predictor_lookup_request_epoch_0__reg_p:D                                            | core_clock               | min        | 0.066r     | 0.006         | 0.000 | 0.060  | NA        |
| u_core.u_ifu.lookup_queue_read_index_q_reg_p:D                                                      | core_clock               | min        | 0.066r     | 0.006         | 0.000 | 0.060  | NA        |
| u_core.u_data_mem.gen_dcache.u_dcache.u_miss_unit.clean_access_fault_q_reg_p_CK_CLKGATE_X1_GCK:E    | **clock_gating_default** | min        | 0.100r     | -0.000        | 0.000 | 0.100  | NA        |
| u_core.icache_refill_req_ready_reg_p_QN_NOR3_X1_A1_ZN_CLKGATE_X1_E:E                                | **clock_gating_default** | min        | 0.085f     | -0.015        | 0.000 | 0.101  | NA        |
| u_core.u_data_mem.gen_dcache.u_dcache.u_dcache_axi.refill_word_index_q_0__reg_p_CK_CLKGATE_X1_GCK:E | **clock_gating_default** | min        | 0.101r     | -0.001        | 0.000 | 0.102  | NA        |
| u_core.u_data_mem.gen_dcache.u_dcache.u_dcache_axi.refill_word_index_q_0__reg_p_CK_CLKGATE_X1_GCK:E | **clock_gating_default** | min        | 0.087f     | -0.015        | 0.000 | 0.102  | NA        |
| u_core.u_data_mem.gen_dcache.u_dcache.u_miss_unit.clean_access_fault_q_reg_p_CK_CLKGATE_X1_GCK:E    | **clock_gating_default** | min        | 0.088f     | -0.015        | 0.000 | 0.104  | NA        |
+-----------------------------------------------------------------------------------------------------+--------------------------+------------+------------+---------------+-------+--------+-----------+
+------------+------------+---------+
| Clock      | Delay Type | TNS     |
+------------+------------+---------+
| core_clock | max        | -17.590 |
| core_clock | min        | 0.000   |
+------------+------------+---------+
+-------------------------------------------------------------------------------------------------------------------------------------------------------------------------------------------------------------------------+--------+-------------+------------+------------+-------------+--------+----------------+
| Point                                                                                                                                                                                                                   | Fanout | Capacitance | Resistance | Transition | Delta Delay | Incr   | Path           |
+-------------------------------------------------------------------------------------------------------------------------------------------------------------------------------------------------------------------------+--------+-------------+------------+------------+-------------+--------+----------------+
| data_axi4_manager_i_41_ (port)                                                                                                                                                                                          |        | 0.007       | 0.000      | 0.100      |             | 0.000  | 0.000r         |
| clock core_clock (rise edge)                                                                                                                                                                                            |        |             |            |            |             | 0      | 0              |
| clock network delay (ideal)                                                                                                                                                                                             |        |             |            |            |             | 0.000  | 0.000          |
| data_axi4_manager_i_41_ (port)                                                                                                                                                                                          |        | 0.007       | 0.000      | 0.100      |             | 0.333  | 0.333r         |
| data_axi4_manager_i_41_ (net)                                                                                                                                                                                           | 4      |             |            |            | 0.000       |        |                |
| u_core.u_data_mem.gen_dcache.u_dcache.u_dcache_axi.writeback_state_q_1__reg_p_QN_AOI211_X1_A_B_INV_X1_ZN:A (INV_X1)                                                                                                     |        | 0.002       | 0.000      | 0.100      |             | 0.000  | 0.333r         |
| u_core.u_data_mem.gen_dcache.u_dcache.u_dcache_axi.writeback_state_q_1__reg_p_QN_AOI211_X1_A_B_INV_X1_ZN:ZN (INV_X1)                                                                                                    |        | 0.003       | 0.000      | 0.023      |             | 0.017  | 0.350f         |
| u_core.u_data_mem.gen_dcache.u_dcache.u_dcache_axi.writeback_state_q_1__reg_p_QN_AOI211_X1_A_B (net)                                                                                                                    | 2      |             |            |            | 0.000       |        |                |
| u_core.u_data_mem.gen_dcache.u_dcache.u_dcache_axi.writeback_state_q_1__reg_p_QN_AOI211_X1_A:B (AOI211_X1)                                                                                                              |        | 0.002       | 0.000      | 0.023      |             | 0.000  | 0.350f         |
| u_core.u_data_mem.gen_dcache.u_dcache.u_dcache_axi.writeback_state_q_1__reg_p_QN_AOI211_X1_A:ZN (AOI211_X1)                                                                                                             |        | 0.001       | 0.000      | 0.032      |             | 0.051  | 0.401r         |
| u_core.u_data_mem.gen_dcache.u_dcache.u_dcache_axi.writeback_state_q_1__reg_p_QN_AOI211_X1_A_ZN (net)                                                                                                                   | 1      |             |            |            | 0.000       |        |                |
| u_core.u_data_mem.gen_dcache.u_dcache.u_dcache_axi.writeback_state_q_1__reg_p_QN_AOI211_X1_A_ZN_BUF_X1_A:A (BUF_X1)                                                                                                     |        | 0.001       | 0.000      | 0.032      |             | 0.000  | 0.401r         |
| u_core.u_data_mem.gen_dcache.u_dcache.u_dcache_axi.writeback_state_q_1__reg_p_QN_AOI211_X1_A_ZN_BUF_X1_A:Z (BUF_X1)                                                                                                     |        | 0.038       | 0.000      | 0.092      |             | 0.118  | 0.519r         |
| u_core.u_data_mem.gen_dcache.u_dcache.u_miss_unit.state_d_2__NAND4_X1_ZN_A3_OAI221_X1_ZN_C1 (net)                                                                                                                       | 23     |             |            |            | 0.000       |        |                |
| u_core.u_data_mem.gen_dcache.u_dcache.u_dcache_axi.writeback_req_i_22__reg_p_D_OAI21_X1_ZN_B1_MUX2_X1_Z_A_AOI221_X1_C1_ZN_NAND3_X1_A1_ZN_OAI33_X1_A3_ZN_AOI21_X1_B1_A_OAI211_X1_ZN_C2_NOR2_X1_ZN:A1 (NOR2_X1)           |        | 0.002       | 0.000      | 0.092      |             | 0.000  | 0.519r         |
| u_core.u_data_mem.gen_dcache.u_dcache.u_dcache_axi.writeback_req_i_22__reg_p_D_OAI21_X1_ZN_B1_MUX2_X1_Z_A_AOI221_X1_C1_ZN_NAND3_X1_A1_ZN_OAI33_X1_A3_ZN_AOI21_X1_B1_A_OAI211_X1_ZN_C2_NOR2_X1_ZN:ZN (NOR2_X1)           |        | 0.005       | 0.000      | 0.024      |             | 0.021  | 0.540f         |
| u_core.u_data_mem.gen_dcache.u_dcache.u_dcache_axi.writeback_req_i_22__reg_p_D_OAI21_X1_ZN_B1_MUX2_X1_Z_A_AOI221_X1_C1_ZN_NAND3_X1_A1_ZN_OAI33_X1_A3_ZN_AOI21_X1_B1_A_OAI211_X1_ZN_C2 (net)                             | 3      |             |            |            | 0.000       |        |                |
| u_core.u_data_mem.gen_dcache.u_dcache.u_dcache_axi.writeback_req_i_22__reg_p_D_OAI21_X1_ZN_B1_MUX2_X1_Z_A_AOI221_X1_C1_ZN_NAND3_X1_A1_ZN_OAI33_X1_A3_ZN_AOI21_X1_B1_A_OAI211_X1_ZN_C2_NOR2_X1_A2:A2 (NOR2_X1)           |        | 0.002       | 0.000      | 0.024      |             | 0.000  | 0.540f         |
| u_core.u_data_mem.gen_dcache.u_dcache.u_dcache_axi.writeback_req_i_22__reg_p_D_OAI21_X1_ZN_B1_MUX2_X1_Z_A_AOI221_X1_C1_ZN_NAND3_X1_A1_ZN_OAI33_X1_A3_ZN_AOI21_X1_B1_A_OAI211_X1_ZN_C2_NOR2_X1_A2:ZN (NOR2_X1)           |        | 0.001       | 0.000      | 0.017      |             | 0.030  | 0.570r         |
| u_core.u_data_mem.gen_dcache.u_dcache.u_dcache_axi.writeback_req_i_22__reg_p_D_OAI21_X1_ZN_B1_MUX2_X1_Z_A_AOI221_X1_C1_ZN_NAND3_X1_A1_ZN_OAI33_X1_A3_ZN_AOI21_X1_B1_A_OAI211_X1_ZN_C2_NOR2_X1_A2_ZN (net)               | 1      |             |            |            | 0.000       |        |                |
| u_core.u_data_mem.gen_dcache.u_dcache.u_dcache_axi.writeback_req_i_22__reg_p_D_OAI21_X1_ZN_B1_MUX2_X1_Z_A_AOI221_X1_C1_ZN_NAND3_X1_A1_ZN_OAI33_X1_A3_ZN_AOI21_X1_B1_A_OAI211_X1_ZN_C2_NOR2_X1_A2_ZN_BUF_X1_A:A (BUF_X1) |        | 0.001       | 0.000      | 0.017      |             | 0.000  | 0.570r         |
| u_core.u_data_mem.gen_dcache.u_dcache.u_dcache_axi.writeback_req_i_22__reg_p_D_OAI21_X1_ZN_B1_MUX2_X1_Z_A_AOI221_X1_C1_ZN_NAND3_X1_A1_ZN_OAI33_X1_A3_ZN_AOI21_X1_B1_A_OAI211_X1_ZN_C2_NOR2_X1_A2_ZN_BUF_X1_A:Z (BUF_X1) |        | 0.034       | 0.000      | 0.083      |             | 0.105  | 0.675r         |
| u_core.u_data_mem.gen_dcache.u_dcache.u_miss_unit.miss_context_q_118__MUX2_X1_B_S (net)                                                                                                                                 | 21     |             |            |            | 0.000       |        |                |
| u_core.u_data_mem.gen_dcache.u_dcache.u_miss_unit.transaction_access_fault_q_reg_p_QN_NAND4_X1_A1:A2 (NAND4_X1)                                                                                                         |        | 0.002       | 0.000      | 0.083      |             | 0.000  | 0.675r         |
| u_core.u_data_mem.gen_dcache.u_dcache.u_miss_unit.transaction_access_fault_q_reg_p_QN_NAND4_X1_A1:ZN (NAND4_X1)                                                                                                         |        | 0.014       | 0.000      | 0.062      |             | 0.104  | 0.779f         |
| u_core.u_data_mem.gen_dcache.u_dcache.u_miss_unit.transaction_access_fault_q_reg_p_QN_NAND4_X1_A1_ZN (net)                                                                                                              | 10     |             |            |            | 0.000       |        |                |
| u_core.u_data_mem.gen_dcache.u_dcache.u_miss_unit.transaction_access_fault_q_OAI211_X1_C2_ZN_OAI21_X1_B2_B1_INV_X1_ZN:A (INV_X1)                                                                                        |        | 0.002       | 0.000      | 0.062      |             | 0.000  | 0.779f         |
| u_core.u_data_mem.gen_dcache.u_dcache.u_miss_unit.transaction_access_fault_q_OAI211_X1_C2_ZN_OAI21_X1_B2_B1_INV_X1_ZN:ZN (INV_X1)                                                                                       |        | 0.003       | 0.000      | 0.022      |             | 0.039  | 0.818r         |
| u_core.u_data_mem.gen_dcache.u_dcache.u_miss_unit.transaction_access_fault_q_OAI211_X1_C2_ZN_OAI21_X1_B2_B1 (net)                                                                                                       | 2      |             |            |            | 0.000       |        |                |
| u_core.u_data_mem.gen_dcache.u_dcache.u_miss_unit.transaction_access_fault_q_OAI211_X1_C2_ZN_OAI21_X1_B2:B1 (OAI21_X1)                                                                                                  |        | 0.002       | 0.000      | 0.022      |             | 0.000  | 0.818r         |
| u_core.u_data_mem.gen_dcache.u_dcache.u_miss_unit.transaction_access_fault_q_OAI211_X1_C2_ZN_OAI21_X1_B2:ZN (OAI21_X1)                                                                                                  |        | 0.006       | 0.000      | 0.021      |             | 0.030  | 0.847f         |
| u_core.u_lsu.pending_lsu_context_q_139__NAND3_X1_A3_A2_OAI22_X1_ZN_A1 (net)                                                                                                                                             | 4      |             |            |            | 0.000       |        |                |
| u_core.u_lsu.pending_lsu_context_q_139__NAND3_X1_A3_A2_OAI22_X1_ZN_A1_NAND2_X1_A2:A2 (NAND2_X1)                                                                                                                         |        | 0.002       | 0.000      | 0.021      |             | 0.000  | 0.847f         |
| u_core.u_lsu.pending_lsu_context_q_139__NAND3_X1_A3_A2_OAI22_X1_ZN_A1_NAND2_X1_A2:ZN (NAND2_X1)                                                                                                                         |        | 0.007       | 0.000      | 0.022      |             | 0.036  | 0.883r         |
| u_core.completion_result_228__OAI221_X1_ZN_C2 (net)                                                                                                                                                                     | 5      |             |            |            | 0.000       |        |                |
| u_core.resolved_execute_result_208__OAI21_X1_B2_ZN_OAI21_X1_A_B1_AND3_X1_ZN:A3 (AND3_X1)                                                                                                                                |        | 0.001       | 0.000      | 0.022      |             | 0.000  | 0.883r         |
| u_core.resolved_execute_result_208__OAI21_X1_B2_ZN_OAI21_X1_A_B1_AND3_X1_ZN:ZN (AND3_X1)                                                                                                                                |        | 0.003       | 0.000      | 0.016      |             | 0.053  | 0.936r         |
| u_core.resolved_execute_result_208__OAI21_X1_B2_ZN_OAI21_X1_A_B1 (net)                                                                                                                                                  | 3      |             |            |            | 0.000       |        |                |
| u_core.resolved_execute_result_208__OAI21_X1_B2_ZN_OAI21_X1_A:B1 (OAI21_X1)                                                                                                                                             |        | 0.002       | 0.000      | 0.016      |             | 0.000  | 0.936r         |
| u_core.resolved_execute_result_208__OAI21_X1_B2_ZN_OAI21_X1_A:ZN (OAI21_X1)                                                                                                                                             |        | 0.007       | 0.000      | 0.025      |             | 0.030  | 0.966f         |
| u_core.decoded_execute_packet_ready_OAI21_X1_ZN_B2 (net)                                                                                                                                                                | 5      |             |            |            | 0.000       |        |                |
| u_core.decoded_execute_packet_ready_OAI21_X1_ZN_B1_AOI21_X1_ZN_B1_NAND3_X1_A3_A2_NOR3_X1_ZN:A1 (NOR3_X1)                                                                                                                |        | 0.002       | 0.000      | 0.025      |             | 0.000  | 0.966f         |
| u_core.decoded_execute_packet_ready_OAI21_X1_ZN_B1_AOI21_X1_ZN_B1_NAND3_X1_A3_A2_NOR3_X1_ZN:ZN (NOR3_X1)                                                                                                                |        | 0.002       | 0.000      | 0.029      |             | 0.043  | 1.009r         |
| u_core.decoded_execute_packet_ready_OAI21_X1_ZN_B1_AOI21_X1_ZN_B1_NAND3_X1_A3_A2 (net)                                                                                                                                  | 1      |             |            |            | 0.000       |        |                |
| u_core.decoded_execute_packet_ready_OAI21_X1_ZN_B1_AOI21_X1_ZN_B1_NAND3_X1_A3:A2 (NAND3_X1)                                                                                                                             |        | 0.002       | 0.000      | 0.029      |             | 0.000  | 1.009r         |
| u_core.decoded_execute_packet_ready_OAI21_X1_ZN_B1_AOI21_X1_ZN_B1_NAND3_X1_A3:ZN (NAND3_X1)                                                                                                                             |        | 0.006       | 0.000      | 0.025      |             | 0.042  | 1.051f         |
| u_core.u_lsu.state_d_0__AOI21_X1_ZN_A (net)                                                                                                                                                                             | 4      |             |            |            | 0.000       |        |                |
| u_core.u_data_mem.gen_dcache.u_dcache.lookup_req_handshake_AND4_X1_ZN_A4_INV_X1_A_ZN_AOI221_X1_C2_A_AOI21_X1_A:B1 (AOI21_X1)                                                                                            |        | 0.002       | 0.000      | 0.025      |             | 0.000  | 1.051f         |
| u_core.u_data_mem.gen_dcache.u_dcache.lookup_req_handshake_AND4_X1_ZN_A4_INV_X1_A_ZN_AOI221_X1_C2_A_AOI21_X1_A:ZN (AOI21_X1)                                                                                            |        | 0.004       | 0.000      | 0.037      |             | 0.050  | 1.101r         |
| u_core.u_lsu.state_d_0__AOI21_X1_ZN_B2_NAND4_X1_ZN_A2_NAND4_X1_A2_A3 (net)                                                                                                                                              | 3      |             |            |            | 0.000       |        |                |
| u_core.u_lsu.state_d_0__AOI21_X1_ZN_B2_NAND4_X1_ZN_A2_NAND4_X1_A2_A3_INV_X1_A:A (INV_X1)                                                                                                                                |        | 0.002       | 0.000      | 0.037      |             | 0.000  | 1.101r         |
| u_core.u_lsu.state_d_0__AOI21_X1_ZN_B2_NAND4_X1_ZN_A2_NAND4_X1_A2_A3_INV_X1_A:ZN (INV_X1)                                                                                                                               |        | 0.005       | 0.000      | 0.013      |             | 0.018  | 1.119f         |
| u_core.u_lsu.state_d_0__AOI21_X1_ZN_B2_NAND4_X1_ZN_A2_NAND4_X1_A2_A3_INV_X1_A_ZN (net)                                                                                                                                  | 3      |             |            |            | 0.000       |        |                |
| u_core.u_lsu.state_d_0__AOI21_X1_ZN_B2_NAND4_X1_ZN_A2_NAND4_X1_A2_A3_INV_X1_A_ZN_OAI21_X1_B1:B1 (OAI21_X1)                                                                                                              |        | 0.002       | 0.000      | 0.013      |             | 0.000  | 1.119f         |
| u_core.u_lsu.state_d_0__AOI21_X1_ZN_B2_NAND4_X1_ZN_A2_NAND4_X1_A2_A3_INV_X1_A_ZN_OAI21_X1_B1:ZN (OAI21_X1)                                                                                                              |        | 0.001       | 0.000      | 0.016      |             | 0.025  | 1.144r         |
| u_core.u_lsu.state_d_0__AOI21_X1_ZN_B2_NAND4_X1_ZN_A2_NAND4_X1_A2_A3_INV_X1_A_ZN_OAI21_X1_B1_ZN (net)                                                                                                                   | 1      |             |            |            | 0.000       |        |                |
| u_core.u_lsu.state_d_0__AOI21_X1_ZN_B2_NAND4_X1_ZN_A2_NAND4_X1_A2_A3_INV_X1_A_ZN_OAI21_X1_B1_ZN_BUF_X1_A:A (BUF_X1)                                                                                                     |        | 0.001       | 0.000      | 0.016      |             | 0.000  | 1.144r         |
| u_core.u_lsu.state_d_0__AOI21_X1_ZN_B2_NAND4_X1_ZN_A2_NAND4_X1_A2_A3_INV_X1_A_ZN_OAI21_X1_B1_ZN_BUF_X1_A:Z (BUF_X1)                                                                                                     |        | 0.037       | 0.000      | 0.090      |             | 0.112  | 1.257r         |
| u_core.u_data_mem.gen_dcache.u_dcache.u_dcache_axi.refill_context_q_8__AOI221_X1_C1_A (net)                                                                                                                             | 23     |             |            |            | 0.000       |        |                |
| u_core.u_data_mem.gen_dcache.u_dcache.u_dcache_axi.refill_context_q_8__AOI221_X1_C1_A_BUF_X2_A_1:A (BUF_X2)                                                                                                             |        | 0.002       | 0.000      | 0.089      |             | 0.000  | 1.257r         |
| u_core.u_data_mem.gen_dcache.u_dcache.u_dcache_axi.refill_context_q_8__AOI221_X1_C1_A_BUF_X2_A_1:Z (BUF_X2)                                                                                                             |        | 0.039       | 0.000      | 0.049      |             | 0.077  | 1.333r         |
| u_core.u_data_mem.u_uncached_axi.request_context_q_39__MUX2_X1_A_Z_MUX2_X1_B_S (net)                                                                                                                                    | 24     |             |            |            | 0.000       |        |                |
| u_core.u_data_mem.u_uncached_axi.request_context_q_39__MUX2_X1_A_Z_MUX2_X1_B_S_BUF_X1_A_1:A (BUF_X1)                                                                                                                    |        | 0.001       | 0.000      | 0.049      |             | 0.000  | 1.333r         |
| u_core.u_data_mem.u_uncached_axi.request_context_q_39__MUX2_X1_A_Z_MUX2_X1_B_S_BUF_X1_A_1:Z (BUF_X1)                                                                                                                    |        | 0.039       | 0.000      | 0.094      |             | 0.123  | 1.456r         |
| u_core.u_data_mem.u_uncached_axi.request_context_q_73__NOR2_X1_A2_ZN_OAI22_X1_A1_B1 (net)                                                                                                                               | 24     |             |            |            | 0.000       |        |                |
| u_core.u_data_mem.u_uncached_axi.request_context_q_50__OAI21_X1_B1_ZN_OAI22_X1_A2:B1 (OAI22_X1)                                                                                                                         |        | 0.002       | 0.000      | 0.094      |             | 0.000  | 1.456r         |
| u_core.u_data_mem.u_uncached_axi.request_context_q_50__OAI21_X1_B1_ZN_OAI22_X1_A2:ZN (OAI22_X1)                                                                                                                         |        | 0.000       | 0.000      | 0.015      |             | 0.022  | 1.479f         |
| data_axi4_manager_o_116_ (port)                                                                                                                                                                                         |        | 0.000       | 0.000      | 0.015      |             | 0.000  | 1.479f         |
|                                                                                                                                                                                                                         |        |             |            |            |             |        |                |
| clk_i (port)                                                                                                                                                                                                            |        | 0.947       | 0.000      | 0.100      |             | 0.000  | 0.000r         |
| clock core_clock (rise edge)                                                                                                                                                                                            |        |             |            |            |             | 1.666  | 1.666          |
| clock network delay (ideal)                                                                                                                                                                                             |        |             |            |            |             | 0.000  | 1.666          |
| clk_i (port)                                                                                                                                                                                                            |        |             |            |            |             |        | 1.666r         |
| output external max delay time                                                                                                                                                                                          |        |             |            |            |             | -0.333 | 1.333          |
|                                                                                                                                                                                                                         |        |             |            |            |             |        |                |
| path cell delay                                                                                                                                                                                                         |        |             |            |            |             |        | 1.145(77.456%) |
| path net delay                                                                                                                                                                                                          |        |             |            |            |             |        | 0.000(0.000%)  |
|                                                                                                                                                                                                                         |        |             |            |            |             |        |                |
| data require time                                                                                                                                                                                                       |        |             |            |            |             |        | 1.333          |
| data arrival time                                                                                                                                                                                                       |        |             |            |            |             |        | 1.479          |
| slack (VIOLATED)                                                                                                                                                                                                        |        |             |            |            |             |        | -0.146         |
+-------------------------------------------------------------------------------------------------------------------------------------------------------------------------------------------------------------------------+--------+-------------+------------+------------+-------------+--------+----------------+
+-------------------------------------------------------------------------------------------------------------------------------------------------------------------------------------------------------------------------+--------+-------------+------------+------------+-------------+--------+----------------+
| Point                                                                                                                                                                                                                   | Fanout | Capacitance | Resistance | Transition | Delta Delay | Incr   | Path           |
+-------------------------------------------------------------------------------------------------------------------------------------------------------------------------------------------------------------------------+--------+-------------+------------+------------+-------------+--------+----------------+
| data_axi4_manager_i_41_ (port)                                                                                                                                                                                          |        | 0.007       | 0.000      | 0.100      |             | 0.000  | 0.000r         |
| clock core_clock (rise edge)                                                                                                                                                                                            |        |             |            |            |             | 0      | 0              |
| clock network delay (ideal)                                                                                                                                                                                             |        |             |            |            |             | 0.000  | 0.000          |
| data_axi4_manager_i_41_ (port)                                                                                                                                                                                          |        | 0.007       | 0.000      | 0.100      |             | 0.333  | 0.333r         |
| data_axi4_manager_i_41_ (net)                                                                                                                                                                                           | 4      |             |            |            | 0.000       |        |                |
| u_core.u_data_mem.gen_dcache.u_dcache.u_dcache_axi.writeback_state_q_1__reg_p_QN_AOI211_X1_A_B_INV_X1_ZN:A (INV_X1)                                                                                                     |        | 0.002       | 0.000      | 0.100      |             | 0.000  | 0.333r         |
| u_core.u_data_mem.gen_dcache.u_dcache.u_dcache_axi.writeback_state_q_1__reg_p_QN_AOI211_X1_A_B_INV_X1_ZN:ZN (INV_X1)                                                                                                    |        | 0.003       | 0.000      | 0.023      |             | 0.017  | 0.350f         |
| u_core.u_data_mem.gen_dcache.u_dcache.u_dcache_axi.writeback_state_q_1__reg_p_QN_AOI211_X1_A_B (net)                                                                                                                    | 2      |             |            |            | 0.000       |        |                |
| u_core.u_data_mem.gen_dcache.u_dcache.u_dcache_axi.writeback_state_q_1__reg_p_QN_AOI211_X1_A:B (AOI211_X1)                                                                                                              |        | 0.002       | 0.000      | 0.023      |             | 0.000  | 0.350f         |
| u_core.u_data_mem.gen_dcache.u_dcache.u_dcache_axi.writeback_state_q_1__reg_p_QN_AOI211_X1_A:ZN (AOI211_X1)                                                                                                             |        | 0.001       | 0.000      | 0.032      |             | 0.051  | 0.401r         |
| u_core.u_data_mem.gen_dcache.u_dcache.u_dcache_axi.writeback_state_q_1__reg_p_QN_AOI211_X1_A_ZN (net)                                                                                                                   | 1      |             |            |            | 0.000       |        |                |
| u_core.u_data_mem.gen_dcache.u_dcache.u_dcache_axi.writeback_state_q_1__reg_p_QN_AOI211_X1_A_ZN_BUF_X1_A:A (BUF_X1)                                                                                                     |        | 0.001       | 0.000      | 0.032      |             | 0.000  | 0.401r         |
| u_core.u_data_mem.gen_dcache.u_dcache.u_dcache_axi.writeback_state_q_1__reg_p_QN_AOI211_X1_A_ZN_BUF_X1_A:Z (BUF_X1)                                                                                                     |        | 0.038       | 0.000      | 0.092      |             | 0.118  | 0.519r         |
| u_core.u_data_mem.gen_dcache.u_dcache.u_miss_unit.state_d_2__NAND4_X1_ZN_A3_OAI221_X1_ZN_C1 (net)                                                                                                                       | 23     |             |            |            | 0.000       |        |                |
| u_core.u_data_mem.gen_dcache.u_dcache.u_dcache_axi.writeback_req_i_22__reg_p_D_OAI21_X1_ZN_B1_MUX2_X1_Z_A_AOI221_X1_C1_ZN_NAND3_X1_A1_ZN_OAI33_X1_A3_ZN_AOI21_X1_B1_A_OAI211_X1_ZN_C2_NOR2_X1_ZN:A1 (NOR2_X1)           |        | 0.002       | 0.000      | 0.092      |             | 0.000  | 0.519r         |
| u_core.u_data_mem.gen_dcache.u_dcache.u_dcache_axi.writeback_req_i_22__reg_p_D_OAI21_X1_ZN_B1_MUX2_X1_Z_A_AOI221_X1_C1_ZN_NAND3_X1_A1_ZN_OAI33_X1_A3_ZN_AOI21_X1_B1_A_OAI211_X1_ZN_C2_NOR2_X1_ZN:ZN (NOR2_X1)           |        | 0.005       | 0.000      | 0.024      |             | 0.021  | 0.540f         |
| u_core.u_data_mem.gen_dcache.u_dcache.u_dcache_axi.writeback_req_i_22__reg_p_D_OAI21_X1_ZN_B1_MUX2_X1_Z_A_AOI221_X1_C1_ZN_NAND3_X1_A1_ZN_OAI33_X1_A3_ZN_AOI21_X1_B1_A_OAI211_X1_ZN_C2 (net)                             | 3      |             |            |            | 0.000       |        |                |
| u_core.u_data_mem.gen_dcache.u_dcache.u_dcache_axi.writeback_req_i_22__reg_p_D_OAI21_X1_ZN_B1_MUX2_X1_Z_A_AOI221_X1_C1_ZN_NAND3_X1_A1_ZN_OAI33_X1_A3_ZN_AOI21_X1_B1_A_OAI211_X1_ZN_C2_NOR2_X1_A2:A2 (NOR2_X1)           |        | 0.002       | 0.000      | 0.024      |             | 0.000  | 0.540f         |
| u_core.u_data_mem.gen_dcache.u_dcache.u_dcache_axi.writeback_req_i_22__reg_p_D_OAI21_X1_ZN_B1_MUX2_X1_Z_A_AOI221_X1_C1_ZN_NAND3_X1_A1_ZN_OAI33_X1_A3_ZN_AOI21_X1_B1_A_OAI211_X1_ZN_C2_NOR2_X1_A2:ZN (NOR2_X1)           |        | 0.001       | 0.000      | 0.017      |             | 0.030  | 0.570r         |
| u_core.u_data_mem.gen_dcache.u_dcache.u_dcache_axi.writeback_req_i_22__reg_p_D_OAI21_X1_ZN_B1_MUX2_X1_Z_A_AOI221_X1_C1_ZN_NAND3_X1_A1_ZN_OAI33_X1_A3_ZN_AOI21_X1_B1_A_OAI211_X1_ZN_C2_NOR2_X1_A2_ZN (net)               | 1      |             |            |            | 0.000       |        |                |
| u_core.u_data_mem.gen_dcache.u_dcache.u_dcache_axi.writeback_req_i_22__reg_p_D_OAI21_X1_ZN_B1_MUX2_X1_Z_A_AOI221_X1_C1_ZN_NAND3_X1_A1_ZN_OAI33_X1_A3_ZN_AOI21_X1_B1_A_OAI211_X1_ZN_C2_NOR2_X1_A2_ZN_BUF_X1_A:A (BUF_X1) |        | 0.001       | 0.000      | 0.017      |             | 0.000  | 0.570r         |
| u_core.u_data_mem.gen_dcache.u_dcache.u_dcache_axi.writeback_req_i_22__reg_p_D_OAI21_X1_ZN_B1_MUX2_X1_Z_A_AOI221_X1_C1_ZN_NAND3_X1_A1_ZN_OAI33_X1_A3_ZN_AOI21_X1_B1_A_OAI211_X1_ZN_C2_NOR2_X1_A2_ZN_BUF_X1_A:Z (BUF_X1) |        | 0.034       | 0.000      | 0.083      |             | 0.105  | 0.675r         |
| u_core.u_data_mem.gen_dcache.u_dcache.u_miss_unit.miss_context_q_118__MUX2_X1_B_S (net)                                                                                                                                 | 21     |             |            |            | 0.000       |        |                |
| u_core.u_data_mem.gen_dcache.u_dcache.u_miss_unit.transaction_access_fault_q_reg_p_QN_NAND4_X1_A1:A2 (NAND4_X1)                                                                                                         |        | 0.002       | 0.000      | 0.083      |             | 0.000  | 0.675r         |
| u_core.u_data_mem.gen_dcache.u_dcache.u_miss_unit.transaction_access_fault_q_reg_p_QN_NAND4_X1_A1:ZN (NAND4_X1)                                                                                                         |        | 0.014       | 0.000      | 0.062      |             | 0.104  | 0.779f         |
| u_core.u_data_mem.gen_dcache.u_dcache.u_miss_unit.transaction_access_fault_q_reg_p_QN_NAND4_X1_A1_ZN (net)                                                                                                              | 10     |             |            |            | 0.000       |        |                |
| u_core.u_data_mem.gen_dcache.u_dcache.u_miss_unit.transaction_access_fault_q_OAI211_X1_C2_ZN_OAI21_X1_B2_B1_INV_X1_ZN:A (INV_X1)                                                                                        |        | 0.002       | 0.000      | 0.062      |             | 0.000  | 0.779f         |
| u_core.u_data_mem.gen_dcache.u_dcache.u_miss_unit.transaction_access_fault_q_OAI211_X1_C2_ZN_OAI21_X1_B2_B1_INV_X1_ZN:ZN (INV_X1)                                                                                       |        | 0.003       | 0.000      | 0.022      |             | 0.039  | 0.818r         |
| u_core.u_data_mem.gen_dcache.u_dcache.u_miss_unit.transaction_access_fault_q_OAI211_X1_C2_ZN_OAI21_X1_B2_B1 (net)                                                                                                       | 2      |             |            |            | 0.000       |        |                |
| u_core.u_data_mem.gen_dcache.u_dcache.u_miss_unit.transaction_access_fault_q_OAI211_X1_C2_ZN_OAI21_X1_B2:B1 (OAI21_X1)                                                                                                  |        | 0.002       | 0.000      | 0.022      |             | 0.000  | 0.818r         |
| u_core.u_data_mem.gen_dcache.u_dcache.u_miss_unit.transaction_access_fault_q_OAI211_X1_C2_ZN_OAI21_X1_B2:ZN (OAI21_X1)                                                                                                  |        | 0.006       | 0.000      | 0.021      |             | 0.030  | 0.847f         |
| u_core.u_lsu.pending_lsu_context_q_139__NAND3_X1_A3_A2_OAI22_X1_ZN_A1 (net)                                                                                                                                             | 4      |             |            |            | 0.000       |        |                |
| u_core.u_lsu.pending_lsu_context_q_139__NAND3_X1_A3_A2_OAI22_X1_ZN_A1_NAND2_X1_A2:A2 (NAND2_X1)                                                                                                                         |        | 0.002       | 0.000      | 0.021      |             | 0.000  | 0.847f         |
| u_core.u_lsu.pending_lsu_context_q_139__NAND3_X1_A3_A2_OAI22_X1_ZN_A1_NAND2_X1_A2:ZN (NAND2_X1)                                                                                                                         |        | 0.007       | 0.000      | 0.022      |             | 0.036  | 0.883r         |
| u_core.completion_result_228__OAI221_X1_ZN_C2 (net)                                                                                                                                                                     | 5      |             |            |            | 0.000       |        |                |
| u_core.resolved_execute_result_208__OAI21_X1_B2_ZN_OAI21_X1_A_B1_AND3_X1_ZN:A3 (AND3_X1)                                                                                                                                |        | 0.001       | 0.000      | 0.022      |             | 0.000  | 0.883r         |
| u_core.resolved_execute_result_208__OAI21_X1_B2_ZN_OAI21_X1_A_B1_AND3_X1_ZN:ZN (AND3_X1)                                                                                                                                |        | 0.003       | 0.000      | 0.016      |             | 0.053  | 0.936r         |
| u_core.resolved_execute_result_208__OAI21_X1_B2_ZN_OAI21_X1_A_B1 (net)                                                                                                                                                  | 3      |             |            |            | 0.000       |        |                |
| u_core.resolved_execute_result_208__OAI21_X1_B2_ZN_OAI21_X1_A:B1 (OAI21_X1)                                                                                                                                             |        | 0.002       | 0.000      | 0.016      |             | 0.000  | 0.936r         |
| u_core.resolved_execute_result_208__OAI21_X1_B2_ZN_OAI21_X1_A:ZN (OAI21_X1)                                                                                                                                             |        | 0.007       | 0.000      | 0.025      |             | 0.030  | 0.966f         |
| u_core.decoded_execute_packet_ready_OAI21_X1_ZN_B2 (net)                                                                                                                                                                | 5      |             |            |            | 0.000       |        |                |
| u_core.decoded_execute_packet_ready_OAI21_X1_ZN_B1_AOI21_X1_ZN_B1_NAND3_X1_A3_A2_NOR3_X1_ZN:A1 (NOR3_X1)                                                                                                                |        | 0.002       | 0.000      | 0.025      |             | 0.000  | 0.966f         |
| u_core.decoded_execute_packet_ready_OAI21_X1_ZN_B1_AOI21_X1_ZN_B1_NAND3_X1_A3_A2_NOR3_X1_ZN:ZN (NOR3_X1)                                                                                                                |        | 0.002       | 0.000      | 0.029      |             | 0.043  | 1.009r         |
| u_core.decoded_execute_packet_ready_OAI21_X1_ZN_B1_AOI21_X1_ZN_B1_NAND3_X1_A3_A2 (net)                                                                                                                                  | 1      |             |            |            | 0.000       |        |                |
| u_core.decoded_execute_packet_ready_OAI21_X1_ZN_B1_AOI21_X1_ZN_B1_NAND3_X1_A3:A2 (NAND3_X1)                                                                                                                             |        | 0.002       | 0.000      | 0.029      |             | 0.000  | 1.009r         |
| u_core.decoded_execute_packet_ready_OAI21_X1_ZN_B1_AOI21_X1_ZN_B1_NAND3_X1_A3:ZN (NAND3_X1)                                                                                                                             |        | 0.006       | 0.000      | 0.025      |             | 0.042  | 1.051f         |
| u_core.u_lsu.state_d_0__AOI21_X1_ZN_A (net)                                                                                                                                                                             | 4      |             |            |            | 0.000       |        |                |
| u_core.u_data_mem.gen_dcache.u_dcache.lookup_req_handshake_AND4_X1_ZN_A4_INV_X1_A_ZN_AOI221_X1_C2_A_AOI21_X1_A:B1 (AOI21_X1)                                                                                            |        | 0.002       | 0.000      | 0.025      |             | 0.000  | 1.051f         |
| u_core.u_data_mem.gen_dcache.u_dcache.lookup_req_handshake_AND4_X1_ZN_A4_INV_X1_A_ZN_AOI221_X1_C2_A_AOI21_X1_A:ZN (AOI21_X1)                                                                                            |        | 0.004       | 0.000      | 0.037      |             | 0.050  | 1.101r         |
| u_core.u_lsu.state_d_0__AOI21_X1_ZN_B2_NAND4_X1_ZN_A2_NAND4_X1_A2_A3 (net)                                                                                                                                              | 3      |             |            |            | 0.000       |        |                |
| u_core.u_lsu.state_d_0__AOI21_X1_ZN_B2_NAND4_X1_ZN_A2_NAND4_X1_A2_A3_INV_X1_A:A (INV_X1)                                                                                                                                |        | 0.002       | 0.000      | 0.037      |             | 0.000  | 1.101r         |
| u_core.u_lsu.state_d_0__AOI21_X1_ZN_B2_NAND4_X1_ZN_A2_NAND4_X1_A2_A3_INV_X1_A:ZN (INV_X1)                                                                                                                               |        | 0.005       | 0.000      | 0.013      |             | 0.018  | 1.119f         |
| u_core.u_lsu.state_d_0__AOI21_X1_ZN_B2_NAND4_X1_ZN_A2_NAND4_X1_A2_A3_INV_X1_A_ZN (net)                                                                                                                                  | 3      |             |            |            | 0.000       |        |                |
| u_core.u_lsu.state_d_0__AOI21_X1_ZN_B2_NAND4_X1_ZN_A2_NAND4_X1_A2_A3_INV_X1_A_ZN_OAI21_X1_B1:B1 (OAI21_X1)                                                                                                              |        | 0.002       | 0.000      | 0.013      |             | 0.000  | 1.119f         |
| u_core.u_lsu.state_d_0__AOI21_X1_ZN_B2_NAND4_X1_ZN_A2_NAND4_X1_A2_A3_INV_X1_A_ZN_OAI21_X1_B1:ZN (OAI21_X1)                                                                                                              |        | 0.001       | 0.000      | 0.016      |             | 0.025  | 1.144r         |
| u_core.u_lsu.state_d_0__AOI21_X1_ZN_B2_NAND4_X1_ZN_A2_NAND4_X1_A2_A3_INV_X1_A_ZN_OAI21_X1_B1_ZN (net)                                                                                                                   | 1      |             |            |            | 0.000       |        |                |
| u_core.u_lsu.state_d_0__AOI21_X1_ZN_B2_NAND4_X1_ZN_A2_NAND4_X1_A2_A3_INV_X1_A_ZN_OAI21_X1_B1_ZN_BUF_X1_A:A (BUF_X1)                                                                                                     |        | 0.001       | 0.000      | 0.016      |             | 0.000  | 1.144r         |
| u_core.u_lsu.state_d_0__AOI21_X1_ZN_B2_NAND4_X1_ZN_A2_NAND4_X1_A2_A3_INV_X1_A_ZN_OAI21_X1_B1_ZN_BUF_X1_A:Z (BUF_X1)                                                                                                     |        | 0.037       | 0.000      | 0.090      |             | 0.112  | 1.257r         |
| u_core.u_data_mem.gen_dcache.u_dcache.u_dcache_axi.refill_context_q_8__AOI221_X1_C1_A (net)                                                                                                                             | 23     |             |            |            | 0.000       |        |                |
| u_core.u_data_mem.gen_dcache.u_dcache.u_dcache_axi.refill_context_q_8__AOI221_X1_C1_A_BUF_X2_A_1:A (BUF_X2)                                                                                                             |        | 0.002       | 0.000      | 0.089      |             | 0.000  | 1.257r         |
| u_core.u_data_mem.gen_dcache.u_dcache.u_dcache_axi.refill_context_q_8__AOI221_X1_C1_A_BUF_X2_A_1:Z (BUF_X2)                                                                                                             |        | 0.039       | 0.000      | 0.049      |             | 0.077  | 1.333r         |
| u_core.u_data_mem.u_uncached_axi.request_context_q_39__MUX2_X1_A_Z_MUX2_X1_B_S (net)                                                                                                                                    | 24     |             |            |            | 0.000       |        |                |
| u_core.u_data_mem.u_uncached_axi.request_context_q_39__MUX2_X1_A_Z_MUX2_X1_B_S_BUF_X1_A_1:A (BUF_X1)                                                                                                                    |        | 0.001       | 0.000      | 0.049      |             | 0.000  | 1.333r         |
| u_core.u_data_mem.u_uncached_axi.request_context_q_39__MUX2_X1_A_Z_MUX2_X1_B_S_BUF_X1_A_1:Z (BUF_X1)                                                                                                                    |        | 0.039       | 0.000      | 0.094      |             | 0.123  | 1.456r         |
| u_core.u_data_mem.u_uncached_axi.request_context_q_73__NOR2_X1_A2_ZN_OAI22_X1_A1_B1 (net)                                                                                                                               | 24     |             |            |            | 0.000       |        |                |
| u_core.u_data_mem.u_uncached_axi.request_context_q_69__NOR2_X1_A2_ZN_OAI22_X1_A1:B1 (OAI22_X1)                                                                                                                          |        | 0.002       | 0.000      | 0.094      |             | 0.000  | 1.456r         |
| u_core.u_data_mem.u_uncached_axi.request_context_q_69__NOR2_X1_A2_ZN_OAI22_X1_A1:ZN (OAI22_X1)                                                                                                                          |        | 0.000       | 0.000      | 0.015      |             | 0.022  | 1.479f         |
| data_axi4_manager_o_135_ (port)                                                                                                                                                                                         |        | 0.000       | 0.000      | 0.015      |             | 0.000  | 1.479f         |
|                                                                                                                                                                                                                         |        |             |            |            |             |        |                |
| clk_i (port)                                                                                                                                                                                                            |        | 0.947       | 0.000      | 0.100      |             | 0.000  | 0.000r         |
| clock core_clock (rise edge)                                                                                                                                                                                            |        |             |            |            |             | 1.666  | 1.666          |
| clock network delay (ideal)                                                                                                                                                                                             |        |             |            |            |             | 0.000  | 1.666          |
| clk_i (port)                                                                                                                                                                                                            |        |             |            |            |             |        | 1.666r         |
| output external max delay time                                                                                                                                                                                          |        |             |            |            |             | -0.333 | 1.333          |
|                                                                                                                                                                                                                         |        |             |            |            |             |        |                |
| path cell delay                                                                                                                                                                                                         |        |             |            |            |             |        | 1.145(77.456%) |
| path net delay                                                                                                                                                                                                          |        |             |            |            |             |        | 0.000(0.000%)  |
|                                                                                                                                                                                                                         |        |             |            |            |             |        |                |
| data require time                                                                                                                                                                                                       |        |             |            |            |             |        | 1.333          |
| data arrival time                                                                                                                                                                                                       |        |             |            |            |             |        | 1.479          |
| slack (VIOLATED)                                                                                                                                                                                                        |        |             |            |            |             |        | -0.146         |
+-------------------------------------------------------------------------------------------------------------------------------------------------------------------------------------------------------------------------+--------+-------------+------------+------------+-------------+--------+----------------+
+-------------------------------------------------------------------------------------------------------------------------------------------------------------------------------------------------------------------------+--------+-------------+------------+------------+-------------+--------+----------------+
| Point                                                                                                                                                                                                                   | Fanout | Capacitance | Resistance | Transition | Delta Delay | Incr   | Path           |
+-------------------------------------------------------------------------------------------------------------------------------------------------------------------------------------------------------------------------+--------+-------------+------------+------------+-------------+--------+----------------+
| data_axi4_manager_i_41_ (port)                                                                                                                                                                                          |        | 0.007       | 0.000      | 0.100      |             | 0.000  | 0.000r         |
| clock core_clock (rise edge)                                                                                                                                                                                            |        |             |            |            |             | 0      | 0              |
| clock network delay (ideal)                                                                                                                                                                                             |        |             |            |            |             | 0.000  | 0.000          |
| data_axi4_manager_i_41_ (port)                                                                                                                                                                                          |        | 0.007       | 0.000      | 0.100      |             | 0.333  | 0.333r         |
| data_axi4_manager_i_41_ (net)                                                                                                                                                                                           | 4      |             |            |            | 0.000       |        |                |
| u_core.u_data_mem.gen_dcache.u_dcache.u_dcache_axi.writeback_state_q_1__reg_p_QN_AOI211_X1_A_B_INV_X1_ZN:A (INV_X1)                                                                                                     |        | 0.002       | 0.000      | 0.100      |             | 0.000  | 0.333r         |
| u_core.u_data_mem.gen_dcache.u_dcache.u_dcache_axi.writeback_state_q_1__reg_p_QN_AOI211_X1_A_B_INV_X1_ZN:ZN (INV_X1)                                                                                                    |        | 0.003       | 0.000      | 0.023      |             | 0.017  | 0.350f         |
| u_core.u_data_mem.gen_dcache.u_dcache.u_dcache_axi.writeback_state_q_1__reg_p_QN_AOI211_X1_A_B (net)                                                                                                                    | 2      |             |            |            | 0.000       |        |                |
| u_core.u_data_mem.gen_dcache.u_dcache.u_dcache_axi.writeback_state_q_1__reg_p_QN_AOI211_X1_A:B (AOI211_X1)                                                                                                              |        | 0.002       | 0.000      | 0.023      |             | 0.000  | 0.350f         |
| u_core.u_data_mem.gen_dcache.u_dcache.u_dcache_axi.writeback_state_q_1__reg_p_QN_AOI211_X1_A:ZN (AOI211_X1)                                                                                                             |        | 0.001       | 0.000      | 0.032      |             | 0.051  | 0.401r         |
| u_core.u_data_mem.gen_dcache.u_dcache.u_dcache_axi.writeback_state_q_1__reg_p_QN_AOI211_X1_A_ZN (net)                                                                                                                   | 1      |             |            |            | 0.000       |        |                |
| u_core.u_data_mem.gen_dcache.u_dcache.u_dcache_axi.writeback_state_q_1__reg_p_QN_AOI211_X1_A_ZN_BUF_X1_A:A (BUF_X1)                                                                                                     |        | 0.001       | 0.000      | 0.032      |             | 0.000  | 0.401r         |
| u_core.u_data_mem.gen_dcache.u_dcache.u_dcache_axi.writeback_state_q_1__reg_p_QN_AOI211_X1_A_ZN_BUF_X1_A:Z (BUF_X1)                                                                                                     |        | 0.038       | 0.000      | 0.092      |             | 0.118  | 0.519r         |
| u_core.u_data_mem.gen_dcache.u_dcache.u_miss_unit.state_d_2__NAND4_X1_ZN_A3_OAI221_X1_ZN_C1 (net)                                                                                                                       | 23     |             |            |            | 0.000       |        |                |
| u_core.u_data_mem.gen_dcache.u_dcache.u_dcache_axi.writeback_req_i_22__reg_p_D_OAI21_X1_ZN_B1_MUX2_X1_Z_A_AOI221_X1_C1_ZN_NAND3_X1_A1_ZN_OAI33_X1_A3_ZN_AOI21_X1_B1_A_OAI211_X1_ZN_C2_NOR2_X1_ZN:A1 (NOR2_X1)           |        | 0.002       | 0.000      | 0.092      |             | 0.000  | 0.519r         |
| u_core.u_data_mem.gen_dcache.u_dcache.u_dcache_axi.writeback_req_i_22__reg_p_D_OAI21_X1_ZN_B1_MUX2_X1_Z_A_AOI221_X1_C1_ZN_NAND3_X1_A1_ZN_OAI33_X1_A3_ZN_AOI21_X1_B1_A_OAI211_X1_ZN_C2_NOR2_X1_ZN:ZN (NOR2_X1)           |        | 0.005       | 0.000      | 0.024      |             | 0.021  | 0.540f         |
| u_core.u_data_mem.gen_dcache.u_dcache.u_dcache_axi.writeback_req_i_22__reg_p_D_OAI21_X1_ZN_B1_MUX2_X1_Z_A_AOI221_X1_C1_ZN_NAND3_X1_A1_ZN_OAI33_X1_A3_ZN_AOI21_X1_B1_A_OAI211_X1_ZN_C2 (net)                             | 3      |             |            |            | 0.000       |        |                |
| u_core.u_data_mem.gen_dcache.u_dcache.u_dcache_axi.writeback_req_i_22__reg_p_D_OAI21_X1_ZN_B1_MUX2_X1_Z_A_AOI221_X1_C1_ZN_NAND3_X1_A1_ZN_OAI33_X1_A3_ZN_AOI21_X1_B1_A_OAI211_X1_ZN_C2_NOR2_X1_A2:A2 (NOR2_X1)           |        | 0.002       | 0.000      | 0.024      |             | 0.000  | 0.540f         |
| u_core.u_data_mem.gen_dcache.u_dcache.u_dcache_axi.writeback_req_i_22__reg_p_D_OAI21_X1_ZN_B1_MUX2_X1_Z_A_AOI221_X1_C1_ZN_NAND3_X1_A1_ZN_OAI33_X1_A3_ZN_AOI21_X1_B1_A_OAI211_X1_ZN_C2_NOR2_X1_A2:ZN (NOR2_X1)           |        | 0.001       | 0.000      | 0.017      |             | 0.030  | 0.570r         |
| u_core.u_data_mem.gen_dcache.u_dcache.u_dcache_axi.writeback_req_i_22__reg_p_D_OAI21_X1_ZN_B1_MUX2_X1_Z_A_AOI221_X1_C1_ZN_NAND3_X1_A1_ZN_OAI33_X1_A3_ZN_AOI21_X1_B1_A_OAI211_X1_ZN_C2_NOR2_X1_A2_ZN (net)               | 1      |             |            |            | 0.000       |        |                |
| u_core.u_data_mem.gen_dcache.u_dcache.u_dcache_axi.writeback_req_i_22__reg_p_D_OAI21_X1_ZN_B1_MUX2_X1_Z_A_AOI221_X1_C1_ZN_NAND3_X1_A1_ZN_OAI33_X1_A3_ZN_AOI21_X1_B1_A_OAI211_X1_ZN_C2_NOR2_X1_A2_ZN_BUF_X1_A:A (BUF_X1) |        | 0.001       | 0.000      | 0.017      |             | 0.000  | 0.570r         |
| u_core.u_data_mem.gen_dcache.u_dcache.u_dcache_axi.writeback_req_i_22__reg_p_D_OAI21_X1_ZN_B1_MUX2_X1_Z_A_AOI221_X1_C1_ZN_NAND3_X1_A1_ZN_OAI33_X1_A3_ZN_AOI21_X1_B1_A_OAI211_X1_ZN_C2_NOR2_X1_A2_ZN_BUF_X1_A:Z (BUF_X1) |        | 0.034       | 0.000      | 0.083      |             | 0.105  | 0.675r         |
| u_core.u_data_mem.gen_dcache.u_dcache.u_miss_unit.miss_context_q_118__MUX2_X1_B_S (net)                                                                                                                                 | 21     |             |            |            | 0.000       |        |                |
| u_core.u_data_mem.gen_dcache.u_dcache.u_miss_unit.transaction_access_fault_q_reg_p_QN_NAND4_X1_A1:A2 (NAND4_X1)                                                                                                         |        | 0.002       | 0.000      | 0.083      |             | 0.000  | 0.675r         |
| u_core.u_data_mem.gen_dcache.u_dcache.u_miss_unit.transaction_access_fault_q_reg_p_QN_NAND4_X1_A1:ZN (NAND4_X1)                                                                                                         |        | 0.014       | 0.000      | 0.062      |             | 0.104  | 0.779f         |
| u_core.u_data_mem.gen_dcache.u_dcache.u_miss_unit.transaction_access_fault_q_reg_p_QN_NAND4_X1_A1_ZN (net)                                                                                                              | 10     |             |            |            | 0.000       |        |                |
| u_core.u_data_mem.gen_dcache.u_dcache.u_miss_unit.transaction_access_fault_q_OAI211_X1_C2_ZN_OAI21_X1_B2_B1_INV_X1_ZN:A (INV_X1)                                                                                        |        | 0.002       | 0.000      | 0.062      |             | 0.000  | 0.779f         |
| u_core.u_data_mem.gen_dcache.u_dcache.u_miss_unit.transaction_access_fault_q_OAI211_X1_C2_ZN_OAI21_X1_B2_B1_INV_X1_ZN:ZN (INV_X1)                                                                                       |        | 0.003       | 0.000      | 0.022      |             | 0.039  | 0.818r         |
| u_core.u_data_mem.gen_dcache.u_dcache.u_miss_unit.transaction_access_fault_q_OAI211_X1_C2_ZN_OAI21_X1_B2_B1 (net)                                                                                                       | 2      |             |            |            | 0.000       |        |                |
| u_core.u_data_mem.gen_dcache.u_dcache.u_miss_unit.transaction_access_fault_q_OAI211_X1_C2_ZN_OAI21_X1_B2:B1 (OAI21_X1)                                                                                                  |        | 0.002       | 0.000      | 0.022      |             | 0.000  | 0.818r         |
| u_core.u_data_mem.gen_dcache.u_dcache.u_miss_unit.transaction_access_fault_q_OAI211_X1_C2_ZN_OAI21_X1_B2:ZN (OAI21_X1)                                                                                                  |        | 0.006       | 0.000      | 0.021      |             | 0.030  | 0.847f         |
| u_core.u_lsu.pending_lsu_context_q_139__NAND3_X1_A3_A2_OAI22_X1_ZN_A1 (net)                                                                                                                                             | 4      |             |            |            | 0.000       |        |                |
| u_core.u_lsu.pending_lsu_context_q_139__NAND3_X1_A3_A2_OAI22_X1_ZN_A1_NAND2_X1_A2:A2 (NAND2_X1)                                                                                                                         |        | 0.002       | 0.000      | 0.021      |             | 0.000  | 0.847f         |
| u_core.u_lsu.pending_lsu_context_q_139__NAND3_X1_A3_A2_OAI22_X1_ZN_A1_NAND2_X1_A2:ZN (NAND2_X1)                                                                                                                         |        | 0.007       | 0.000      | 0.022      |             | 0.036  | 0.883r         |
| u_core.completion_result_228__OAI221_X1_ZN_C2 (net)                                                                                                                                                                     | 5      |             |            |            | 0.000       |        |                |
| u_core.resolved_execute_result_208__OAI21_X1_B2_ZN_OAI21_X1_A_B1_AND3_X1_ZN:A3 (AND3_X1)                                                                                                                                |        | 0.001       | 0.000      | 0.022      |             | 0.000  | 0.883r         |
| u_core.resolved_execute_result_208__OAI21_X1_B2_ZN_OAI21_X1_A_B1_AND3_X1_ZN:ZN (AND3_X1)                                                                                                                                |        | 0.003       | 0.000      | 0.016      |             | 0.053  | 0.936r         |
| u_core.resolved_execute_result_208__OAI21_X1_B2_ZN_OAI21_X1_A_B1 (net)                                                                                                                                                  | 3      |             |            |            | 0.000       |        |                |
| u_core.resolved_execute_result_208__OAI21_X1_B2_ZN_OAI21_X1_A:B1 (OAI21_X1)                                                                                                                                             |        | 0.002       | 0.000      | 0.016      |             | 0.000  | 0.936r         |
| u_core.resolved_execute_result_208__OAI21_X1_B2_ZN_OAI21_X1_A:ZN (OAI21_X1)                                                                                                                                             |        | 0.007       | 0.000      | 0.025      |             | 0.030  | 0.966f         |
| u_core.decoded_execute_packet_ready_OAI21_X1_ZN_B2 (net)                                                                                                                                                                | 5      |             |            |            | 0.000       |        |                |
| u_core.decoded_execute_packet_ready_OAI21_X1_ZN_B1_AOI21_X1_ZN_B1_NAND3_X1_A3_A2_NOR3_X1_ZN:A1 (NOR3_X1)                                                                                                                |        | 0.002       | 0.000      | 0.025      |             | 0.000  | 0.966f         |
| u_core.decoded_execute_packet_ready_OAI21_X1_ZN_B1_AOI21_X1_ZN_B1_NAND3_X1_A3_A2_NOR3_X1_ZN:ZN (NOR3_X1)                                                                                                                |        | 0.002       | 0.000      | 0.029      |             | 0.043  | 1.009r         |
| u_core.decoded_execute_packet_ready_OAI21_X1_ZN_B1_AOI21_X1_ZN_B1_NAND3_X1_A3_A2 (net)                                                                                                                                  | 1      |             |            |            | 0.000       |        |                |
| u_core.decoded_execute_packet_ready_OAI21_X1_ZN_B1_AOI21_X1_ZN_B1_NAND3_X1_A3:A2 (NAND3_X1)                                                                                                                             |        | 0.002       | 0.000      | 0.029      |             | 0.000  | 1.009r         |
| u_core.decoded_execute_packet_ready_OAI21_X1_ZN_B1_AOI21_X1_ZN_B1_NAND3_X1_A3:ZN (NAND3_X1)                                                                                                                             |        | 0.006       | 0.000      | 0.025      |             | 0.042  | 1.051f         |
| u_core.u_lsu.state_d_0__AOI21_X1_ZN_A (net)                                                                                                                                                                             | 4      |             |            |            | 0.000       |        |                |
| u_core.u_data_mem.gen_dcache.u_dcache.lookup_req_handshake_AND4_X1_ZN_A4_INV_X1_A_ZN_AOI221_X1_C2_A_AOI21_X1_A:B1 (AOI21_X1)                                                                                            |        | 0.002       | 0.000      | 0.025      |             | 0.000  | 1.051f         |
| u_core.u_data_mem.gen_dcache.u_dcache.lookup_req_handshake_AND4_X1_ZN_A4_INV_X1_A_ZN_AOI221_X1_C2_A_AOI21_X1_A:ZN (AOI21_X1)                                                                                            |        | 0.004       | 0.000      | 0.037      |             | 0.050  | 1.101r         |
| u_core.u_lsu.state_d_0__AOI21_X1_ZN_B2_NAND4_X1_ZN_A2_NAND4_X1_A2_A3 (net)                                                                                                                                              | 3      |             |            |            | 0.000       |        |                |
| u_core.u_lsu.state_d_0__AOI21_X1_ZN_B2_NAND4_X1_ZN_A2_NAND4_X1_A2_A3_INV_X1_A:A (INV_X1)                                                                                                                                |        | 0.002       | 0.000      | 0.037      |             | 0.000  | 1.101r         |
| u_core.u_lsu.state_d_0__AOI21_X1_ZN_B2_NAND4_X1_ZN_A2_NAND4_X1_A2_A3_INV_X1_A:ZN (INV_X1)                                                                                                                               |        | 0.005       | 0.000      | 0.013      |             | 0.018  | 1.119f         |
| u_core.u_lsu.state_d_0__AOI21_X1_ZN_B2_NAND4_X1_ZN_A2_NAND4_X1_A2_A3_INV_X1_A_ZN (net)                                                                                                                                  | 3      |             |            |            | 0.000       |        |                |
| u_core.u_lsu.state_d_0__AOI21_X1_ZN_B2_NAND4_X1_ZN_A2_NAND4_X1_A2_A3_INV_X1_A_ZN_OAI21_X1_B1:B1 (OAI21_X1)                                                                                                              |        | 0.002       | 0.000      | 0.013      |             | 0.000  | 1.119f         |
| u_core.u_lsu.state_d_0__AOI21_X1_ZN_B2_NAND4_X1_ZN_A2_NAND4_X1_A2_A3_INV_X1_A_ZN_OAI21_X1_B1:ZN (OAI21_X1)                                                                                                              |        | 0.001       | 0.000      | 0.016      |             | 0.025  | 1.144r         |
| u_core.u_lsu.state_d_0__AOI21_X1_ZN_B2_NAND4_X1_ZN_A2_NAND4_X1_A2_A3_INV_X1_A_ZN_OAI21_X1_B1_ZN (net)                                                                                                                   | 1      |             |            |            | 0.000       |        |                |
| u_core.u_lsu.state_d_0__AOI21_X1_ZN_B2_NAND4_X1_ZN_A2_NAND4_X1_A2_A3_INV_X1_A_ZN_OAI21_X1_B1_ZN_BUF_X1_A:A (BUF_X1)                                                                                                     |        | 0.001       | 0.000      | 0.016      |             | 0.000  | 1.144r         |
| u_core.u_lsu.state_d_0__AOI21_X1_ZN_B2_NAND4_X1_ZN_A2_NAND4_X1_A2_A3_INV_X1_A_ZN_OAI21_X1_B1_ZN_BUF_X1_A:Z (BUF_X1)                                                                                                     |        | 0.037       | 0.000      | 0.090      |             | 0.112  | 1.257r         |
| u_core.u_data_mem.gen_dcache.u_dcache.u_dcache_axi.refill_context_q_8__AOI221_X1_C1_A (net)                                                                                                                             | 23     |             |            |            | 0.000       |        |                |
| u_core.u_data_mem.gen_dcache.u_dcache.u_dcache_axi.refill_context_q_8__AOI221_X1_C1_A_BUF_X2_A_1:A (BUF_X2)                                                                                                             |        | 0.002       | 0.000      | 0.089      |             | 0.000  | 1.257r         |
| u_core.u_data_mem.gen_dcache.u_dcache.u_dcache_axi.refill_context_q_8__AOI221_X1_C1_A_BUF_X2_A_1:Z (BUF_X2)                                                                                                             |        | 0.039       | 0.000      | 0.049      |             | 0.077  | 1.333r         |
| u_core.u_data_mem.u_uncached_axi.request_context_q_39__MUX2_X1_A_Z_MUX2_X1_B_S (net)                                                                                                                                    | 24     |             |            |            | 0.000       |        |                |
| u_core.u_data_mem.u_uncached_axi.request_context_q_39__MUX2_X1_A_Z_MUX2_X1_B_S_BUF_X1_A_1:A (BUF_X1)                                                                                                                    |        | 0.001       | 0.000      | 0.049      |             | 0.000  | 1.333r         |
| u_core.u_data_mem.u_uncached_axi.request_context_q_39__MUX2_X1_A_Z_MUX2_X1_B_S_BUF_X1_A_1:Z (BUF_X1)                                                                                                                    |        | 0.039       | 0.000      | 0.094      |             | 0.123  | 1.456r         |
| u_core.u_data_mem.u_uncached_axi.request_context_q_73__NOR2_X1_A2_ZN_OAI22_X1_A1_B1 (net)                                                                                                                               | 24     |             |            |            | 0.000       |        |                |
| u_core.u_data_mem.u_uncached_axi.request_context_q_68__NOR2_X1_A2_ZN_OAI22_X1_A1:B1 (OAI22_X1)                                                                                                                          |        | 0.002       | 0.000      | 0.094      |             | 0.000  | 1.456r         |
| u_core.u_data_mem.u_uncached_axi.request_context_q_68__NOR2_X1_A2_ZN_OAI22_X1_A1:ZN (OAI22_X1)                                                                                                                          |        | 0.000       | 0.000      | 0.015      |             | 0.022  | 1.479f         |
| data_axi4_manager_o_134_ (port)                                                                                                                                                                                         |        | 0.000       | 0.000      | 0.015      |             | 0.000  | 1.479f         |
|                                                                                                                                                                                                                         |        |             |            |            |             |        |                |
| clk_i (port)                                                                                                                                                                                                            |        | 0.947       | 0.000      | 0.100      |             | 0.000  | 0.000r         |
| clock core_clock (rise edge)                                                                                                                                                                                            |        |             |            |            |             | 1.666  | 1.666          |
| clock network delay (ideal)                                                                                                                                                                                             |        |             |            |            |             | 0.000  | 1.666          |
| clk_i (port)                                                                                                                                                                                                            |        |             |            |            |             |        | 1.666r         |
| output external max delay time                                                                                                                                                                                          |        |             |            |            |             | -0.333 | 1.333          |
|                                                                                                                                                                                                                         |        |             |            |            |             |        |                |
| path cell delay                                                                                                                                                                                                         |        |             |            |            |             |        | 1.145(77.456%) |
| path net delay                                                                                                                                                                                                          |        |             |            |            |             |        | 0.000(0.000%)  |
|                                                                                                                                                                                                                         |        |             |            |            |             |        |                |
| data require time                                                                                                                                                                                                       |        |             |            |            |             |        | 1.333          |
| data arrival time                                                                                                                                                                                                       |        |             |            |            |             |        | 1.479          |
| slack (VIOLATED)                                                                                                                                                                                                        |        |             |            |            |             |        | -0.146         |
+-------------------------------------------------------------------------------------------------------------------------------------------------------------------------------------------------------------------------+--------+-------------+------------+------------+-------------+--------+----------------+
+-------------------------------------------------------------------------------------------------------------------------------------------------------------------------------------------------------------------------+--------+-------------+------------+------------+-------------+--------+----------------+
| Point                                                                                                                                                                                                                   | Fanout | Capacitance | Resistance | Transition | Delta Delay | Incr   | Path           |
+-------------------------------------------------------------------------------------------------------------------------------------------------------------------------------------------------------------------------+--------+-------------+------------+------------+-------------+--------+----------------+
| data_axi4_manager_i_41_ (port)                                                                                                                                                                                          |        | 0.007       | 0.000      | 0.100      |             | 0.000  | 0.000r         |
| clock core_clock (rise edge)                                                                                                                                                                                            |        |             |            |            |             | 0      | 0              |
| clock network delay (ideal)                                                                                                                                                                                             |        |             |            |            |             | 0.000  | 0.000          |
| data_axi4_manager_i_41_ (port)                                                                                                                                                                                          |        | 0.007       | 0.000      | 0.100      |             | 0.333  | 0.333r         |
| data_axi4_manager_i_41_ (net)                                                                                                                                                                                           | 4      |             |            |            | 0.000       |        |                |
| u_core.u_data_mem.gen_dcache.u_dcache.u_dcache_axi.writeback_state_q_1__reg_p_QN_AOI211_X1_A_B_INV_X1_ZN:A (INV_X1)                                                                                                     |        | 0.002       | 0.000      | 0.100      |             | 0.000  | 0.333r         |
| u_core.u_data_mem.gen_dcache.u_dcache.u_dcache_axi.writeback_state_q_1__reg_p_QN_AOI211_X1_A_B_INV_X1_ZN:ZN (INV_X1)                                                                                                    |        | 0.003       | 0.000      | 0.023      |             | 0.017  | 0.350f         |
| u_core.u_data_mem.gen_dcache.u_dcache.u_dcache_axi.writeback_state_q_1__reg_p_QN_AOI211_X1_A_B (net)                                                                                                                    | 2      |             |            |            | 0.000       |        |                |
| u_core.u_data_mem.gen_dcache.u_dcache.u_dcache_axi.writeback_state_q_1__reg_p_QN_AOI211_X1_A:B (AOI211_X1)                                                                                                              |        | 0.002       | 0.000      | 0.023      |             | 0.000  | 0.350f         |
| u_core.u_data_mem.gen_dcache.u_dcache.u_dcache_axi.writeback_state_q_1__reg_p_QN_AOI211_X1_A:ZN (AOI211_X1)                                                                                                             |        | 0.001       | 0.000      | 0.032      |             | 0.051  | 0.401r         |
| u_core.u_data_mem.gen_dcache.u_dcache.u_dcache_axi.writeback_state_q_1__reg_p_QN_AOI211_X1_A_ZN (net)                                                                                                                   | 1      |             |            |            | 0.000       |        |                |
| u_core.u_data_mem.gen_dcache.u_dcache.u_dcache_axi.writeback_state_q_1__reg_p_QN_AOI211_X1_A_ZN_BUF_X1_A:A (BUF_X1)                                                                                                     |        | 0.001       | 0.000      | 0.032      |             | 0.000  | 0.401r         |
| u_core.u_data_mem.gen_dcache.u_dcache.u_dcache_axi.writeback_state_q_1__reg_p_QN_AOI211_X1_A_ZN_BUF_X1_A:Z (BUF_X1)                                                                                                     |        | 0.038       | 0.000      | 0.092      |             | 0.118  | 0.519r         |
| u_core.u_data_mem.gen_dcache.u_dcache.u_miss_unit.state_d_2__NAND4_X1_ZN_A3_OAI221_X1_ZN_C1 (net)                                                                                                                       | 23     |             |            |            | 0.000       |        |                |
| u_core.u_data_mem.gen_dcache.u_dcache.u_dcache_axi.writeback_req_i_22__reg_p_D_OAI21_X1_ZN_B1_MUX2_X1_Z_A_AOI221_X1_C1_ZN_NAND3_X1_A1_ZN_OAI33_X1_A3_ZN_AOI21_X1_B1_A_OAI211_X1_ZN_C2_NOR2_X1_ZN:A1 (NOR2_X1)           |        | 0.002       | 0.000      | 0.092      |             | 0.000  | 0.519r         |
| u_core.u_data_mem.gen_dcache.u_dcache.u_dcache_axi.writeback_req_i_22__reg_p_D_OAI21_X1_ZN_B1_MUX2_X1_Z_A_AOI221_X1_C1_ZN_NAND3_X1_A1_ZN_OAI33_X1_A3_ZN_AOI21_X1_B1_A_OAI211_X1_ZN_C2_NOR2_X1_ZN:ZN (NOR2_X1)           |        | 0.005       | 0.000      | 0.024      |             | 0.021  | 0.540f         |
| u_core.u_data_mem.gen_dcache.u_dcache.u_dcache_axi.writeback_req_i_22__reg_p_D_OAI21_X1_ZN_B1_MUX2_X1_Z_A_AOI221_X1_C1_ZN_NAND3_X1_A1_ZN_OAI33_X1_A3_ZN_AOI21_X1_B1_A_OAI211_X1_ZN_C2 (net)                             | 3      |             |            |            | 0.000       |        |                |
| u_core.u_data_mem.gen_dcache.u_dcache.u_dcache_axi.writeback_req_i_22__reg_p_D_OAI21_X1_ZN_B1_MUX2_X1_Z_A_AOI221_X1_C1_ZN_NAND3_X1_A1_ZN_OAI33_X1_A3_ZN_AOI21_X1_B1_A_OAI211_X1_ZN_C2_NOR2_X1_A2:A2 (NOR2_X1)           |        | 0.002       | 0.000      | 0.024      |             | 0.000  | 0.540f         |
| u_core.u_data_mem.gen_dcache.u_dcache.u_dcache_axi.writeback_req_i_22__reg_p_D_OAI21_X1_ZN_B1_MUX2_X1_Z_A_AOI221_X1_C1_ZN_NAND3_X1_A1_ZN_OAI33_X1_A3_ZN_AOI21_X1_B1_A_OAI211_X1_ZN_C2_NOR2_X1_A2:ZN (NOR2_X1)           |        | 0.001       | 0.000      | 0.017      |             | 0.030  | 0.570r         |
| u_core.u_data_mem.gen_dcache.u_dcache.u_dcache_axi.writeback_req_i_22__reg_p_D_OAI21_X1_ZN_B1_MUX2_X1_Z_A_AOI221_X1_C1_ZN_NAND3_X1_A1_ZN_OAI33_X1_A3_ZN_AOI21_X1_B1_A_OAI211_X1_ZN_C2_NOR2_X1_A2_ZN (net)               | 1      |             |            |            | 0.000       |        |                |
| u_core.u_data_mem.gen_dcache.u_dcache.u_dcache_axi.writeback_req_i_22__reg_p_D_OAI21_X1_ZN_B1_MUX2_X1_Z_A_AOI221_X1_C1_ZN_NAND3_X1_A1_ZN_OAI33_X1_A3_ZN_AOI21_X1_B1_A_OAI211_X1_ZN_C2_NOR2_X1_A2_ZN_BUF_X1_A:A (BUF_X1) |        | 0.001       | 0.000      | 0.017      |             | 0.000  | 0.570r         |
| u_core.u_data_mem.gen_dcache.u_dcache.u_dcache_axi.writeback_req_i_22__reg_p_D_OAI21_X1_ZN_B1_MUX2_X1_Z_A_AOI221_X1_C1_ZN_NAND3_X1_A1_ZN_OAI33_X1_A3_ZN_AOI21_X1_B1_A_OAI211_X1_ZN_C2_NOR2_X1_A2_ZN_BUF_X1_A:Z (BUF_X1) |        | 0.034       | 0.000      | 0.083      |             | 0.105  | 0.675r         |
| u_core.u_data_mem.gen_dcache.u_dcache.u_miss_unit.miss_context_q_118__MUX2_X1_B_S (net)                                                                                                                                 | 21     |             |            |            | 0.000       |        |                |
| u_core.u_data_mem.gen_dcache.u_dcache.u_miss_unit.transaction_access_fault_q_reg_p_QN_NAND4_X1_A1:A2 (NAND4_X1)                                                                                                         |        | 0.002       | 0.000      | 0.083      |             | 0.000  | 0.675r         |
| u_core.u_data_mem.gen_dcache.u_dcache.u_miss_unit.transaction_access_fault_q_reg_p_QN_NAND4_X1_A1:ZN (NAND4_X1)                                                                                                         |        | 0.014       | 0.000      | 0.062      |             | 0.104  | 0.779f         |
| u_core.u_data_mem.gen_dcache.u_dcache.u_miss_unit.transaction_access_fault_q_reg_p_QN_NAND4_X1_A1_ZN (net)                                                                                                              | 10     |             |            |            | 0.000       |        |                |
| u_core.u_data_mem.gen_dcache.u_dcache.u_miss_unit.transaction_access_fault_q_OAI211_X1_C2_ZN_OAI21_X1_B2_B1_INV_X1_ZN:A (INV_X1)                                                                                        |        | 0.002       | 0.000      | 0.062      |             | 0.000  | 0.779f         |
| u_core.u_data_mem.gen_dcache.u_dcache.u_miss_unit.transaction_access_fault_q_OAI211_X1_C2_ZN_OAI21_X1_B2_B1_INV_X1_ZN:ZN (INV_X1)                                                                                       |        | 0.003       | 0.000      | 0.022      |             | 0.039  | 0.818r         |
| u_core.u_data_mem.gen_dcache.u_dcache.u_miss_unit.transaction_access_fault_q_OAI211_X1_C2_ZN_OAI21_X1_B2_B1 (net)                                                                                                       | 2      |             |            |            | 0.000       |        |                |
| u_core.u_data_mem.gen_dcache.u_dcache.u_miss_unit.transaction_access_fault_q_OAI211_X1_C2_ZN_OAI21_X1_B2:B1 (OAI21_X1)                                                                                                  |        | 0.002       | 0.000      | 0.022      |             | 0.000  | 0.818r         |
| u_core.u_data_mem.gen_dcache.u_dcache.u_miss_unit.transaction_access_fault_q_OAI211_X1_C2_ZN_OAI21_X1_B2:ZN (OAI21_X1)                                                                                                  |        | 0.006       | 0.000      | 0.021      |             | 0.030  | 0.847f         |
| u_core.u_lsu.pending_lsu_context_q_139__NAND3_X1_A3_A2_OAI22_X1_ZN_A1 (net)                                                                                                                                             | 4      |             |            |            | 0.000       |        |                |
| u_core.u_lsu.pending_lsu_context_q_139__NAND3_X1_A3_A2_OAI22_X1_ZN_A1_NAND2_X1_A2:A2 (NAND2_X1)                                                                                                                         |        | 0.002       | 0.000      | 0.021      |             | 0.000  | 0.847f         |
| u_core.u_lsu.pending_lsu_context_q_139__NAND3_X1_A3_A2_OAI22_X1_ZN_A1_NAND2_X1_A2:ZN (NAND2_X1)                                                                                                                         |        | 0.007       | 0.000      | 0.022      |             | 0.036  | 0.883r         |
| u_core.completion_result_228__OAI221_X1_ZN_C2 (net)                                                                                                                                                                     | 5      |             |            |            | 0.000       |        |                |
| u_core.resolved_execute_result_208__OAI21_X1_B2_ZN_OAI21_X1_A_B1_AND3_X1_ZN:A3 (AND3_X1)                                                                                                                                |        | 0.001       | 0.000      | 0.022      |             | 0.000  | 0.883r         |
| u_core.resolved_execute_result_208__OAI21_X1_B2_ZN_OAI21_X1_A_B1_AND3_X1_ZN:ZN (AND3_X1)                                                                                                                                |        | 0.003       | 0.000      | 0.016      |             | 0.053  | 0.936r         |
| u_core.resolved_execute_result_208__OAI21_X1_B2_ZN_OAI21_X1_A_B1 (net)                                                                                                                                                  | 3      |             |            |            | 0.000       |        |                |
| u_core.resolved_execute_result_208__OAI21_X1_B2_ZN_OAI21_X1_A:B1 (OAI21_X1)                                                                                                                                             |        | 0.002       | 0.000      | 0.016      |             | 0.000  | 0.936r         |
| u_core.resolved_execute_result_208__OAI21_X1_B2_ZN_OAI21_X1_A:ZN (OAI21_X1)                                                                                                                                             |        | 0.007       | 0.000      | 0.025      |             | 0.030  | 0.966f         |
| u_core.decoded_execute_packet_ready_OAI21_X1_ZN_B2 (net)                                                                                                                                                                | 5      |             |            |            | 0.000       |        |                |
| u_core.decoded_execute_packet_ready_OAI21_X1_ZN_B1_AOI21_X1_ZN_B1_NAND3_X1_A3_A2_NOR3_X1_ZN:A1 (NOR3_X1)                                                                                                                |        | 0.002       | 0.000      | 0.025      |             | 0.000  | 0.966f         |
| u_core.decoded_execute_packet_ready_OAI21_X1_ZN_B1_AOI21_X1_ZN_B1_NAND3_X1_A3_A2_NOR3_X1_ZN:ZN (NOR3_X1)                                                                                                                |        | 0.002       | 0.000      | 0.029      |             | 0.043  | 1.009r         |
| u_core.decoded_execute_packet_ready_OAI21_X1_ZN_B1_AOI21_X1_ZN_B1_NAND3_X1_A3_A2 (net)                                                                                                                                  | 1      |             |            |            | 0.000       |        |                |
| u_core.decoded_execute_packet_ready_OAI21_X1_ZN_B1_AOI21_X1_ZN_B1_NAND3_X1_A3:A2 (NAND3_X1)                                                                                                                             |        | 0.002       | 0.000      | 0.029      |             | 0.000  | 1.009r         |
| u_core.decoded_execute_packet_ready_OAI21_X1_ZN_B1_AOI21_X1_ZN_B1_NAND3_X1_A3:ZN (NAND3_X1)                                                                                                                             |        | 0.006       | 0.000      | 0.025      |             | 0.042  | 1.051f         |
| u_core.u_lsu.state_d_0__AOI21_X1_ZN_A (net)                                                                                                                                                                             | 4      |             |            |            | 0.000       |        |                |
| u_core.u_data_mem.gen_dcache.u_dcache.lookup_req_handshake_AND4_X1_ZN_A4_INV_X1_A_ZN_AOI221_X1_C2_A_AOI21_X1_A:B1 (AOI21_X1)                                                                                            |        | 0.002       | 0.000      | 0.025      |             | 0.000  | 1.051f         |
| u_core.u_data_mem.gen_dcache.u_dcache.lookup_req_handshake_AND4_X1_ZN_A4_INV_X1_A_ZN_AOI221_X1_C2_A_AOI21_X1_A:ZN (AOI21_X1)                                                                                            |        | 0.004       | 0.000      | 0.037      |             | 0.050  | 1.101r         |
| u_core.u_lsu.state_d_0__AOI21_X1_ZN_B2_NAND4_X1_ZN_A2_NAND4_X1_A2_A3 (net)                                                                                                                                              | 3      |             |            |            | 0.000       |        |                |
| u_core.u_lsu.state_d_0__AOI21_X1_ZN_B2_NAND4_X1_ZN_A2_NAND4_X1_A2_A3_INV_X1_A:A (INV_X1)                                                                                                                                |        | 0.002       | 0.000      | 0.037      |             | 0.000  | 1.101r         |
| u_core.u_lsu.state_d_0__AOI21_X1_ZN_B2_NAND4_X1_ZN_A2_NAND4_X1_A2_A3_INV_X1_A:ZN (INV_X1)                                                                                                                               |        | 0.005       | 0.000      | 0.013      |             | 0.018  | 1.119f         |
| u_core.u_lsu.state_d_0__AOI21_X1_ZN_B2_NAND4_X1_ZN_A2_NAND4_X1_A2_A3_INV_X1_A_ZN (net)                                                                                                                                  | 3      |             |            |            | 0.000       |        |                |
| u_core.u_lsu.state_d_0__AOI21_X1_ZN_B2_NAND4_X1_ZN_A2_NAND4_X1_A2_A3_INV_X1_A_ZN_OAI21_X1_B1:B1 (OAI21_X1)                                                                                                              |        | 0.002       | 0.000      | 0.013      |             | 0.000  | 1.119f         |
| u_core.u_lsu.state_d_0__AOI21_X1_ZN_B2_NAND4_X1_ZN_A2_NAND4_X1_A2_A3_INV_X1_A_ZN_OAI21_X1_B1:ZN (OAI21_X1)                                                                                                              |        | 0.001       | 0.000      | 0.016      |             | 0.025  | 1.144r         |
| u_core.u_lsu.state_d_0__AOI21_X1_ZN_B2_NAND4_X1_ZN_A2_NAND4_X1_A2_A3_INV_X1_A_ZN_OAI21_X1_B1_ZN (net)                                                                                                                   | 1      |             |            |            | 0.000       |        |                |
| u_core.u_lsu.state_d_0__AOI21_X1_ZN_B2_NAND4_X1_ZN_A2_NAND4_X1_A2_A3_INV_X1_A_ZN_OAI21_X1_B1_ZN_BUF_X1_A:A (BUF_X1)                                                                                                     |        | 0.001       | 0.000      | 0.016      |             | 0.000  | 1.144r         |
| u_core.u_lsu.state_d_0__AOI21_X1_ZN_B2_NAND4_X1_ZN_A2_NAND4_X1_A2_A3_INV_X1_A_ZN_OAI21_X1_B1_ZN_BUF_X1_A:Z (BUF_X1)                                                                                                     |        | 0.037       | 0.000      | 0.090      |             | 0.112  | 1.257r         |
| u_core.u_data_mem.gen_dcache.u_dcache.u_dcache_axi.refill_context_q_8__AOI221_X1_C1_A (net)                                                                                                                             | 23     |             |            |            | 0.000       |        |                |
| u_core.u_data_mem.gen_dcache.u_dcache.u_dcache_axi.refill_context_q_8__AOI221_X1_C1_A_BUF_X2_A_1:A (BUF_X2)                                                                                                             |        | 0.002       | 0.000      | 0.089      |             | 0.000  | 1.257r         |
| u_core.u_data_mem.gen_dcache.u_dcache.u_dcache_axi.refill_context_q_8__AOI221_X1_C1_A_BUF_X2_A_1:Z (BUF_X2)                                                                                                             |        | 0.039       | 0.000      | 0.049      |             | 0.077  | 1.333r         |
| u_core.u_data_mem.u_uncached_axi.request_context_q_39__MUX2_X1_A_Z_MUX2_X1_B_S (net)                                                                                                                                    | 24     |             |            |            | 0.000       |        |                |
| u_core.u_data_mem.u_uncached_axi.request_context_q_39__MUX2_X1_A_Z_MUX2_X1_B_S_BUF_X1_A_1:A (BUF_X1)                                                                                                                    |        | 0.001       | 0.000      | 0.049      |             | 0.000  | 1.333r         |
| u_core.u_data_mem.u_uncached_axi.request_context_q_39__MUX2_X1_A_Z_MUX2_X1_B_S_BUF_X1_A_1:Z (BUF_X1)                                                                                                                    |        | 0.039       | 0.000      | 0.094      |             | 0.123  | 1.456r         |
| u_core.u_data_mem.u_uncached_axi.request_context_q_73__NOR2_X1_A2_ZN_OAI22_X1_A1_B1 (net)                                                                                                                               | 24     |             |            |            | 0.000       |        |                |
| u_core.u_data_mem.u_uncached_axi.request_context_q_46__NOR2_X1_A2_ZN_OAI22_X1_A1:B1 (OAI22_X1)                                                                                                                          |        | 0.002       | 0.000      | 0.094      |             | 0.000  | 1.456r         |
| u_core.u_data_mem.u_uncached_axi.request_context_q_46__NOR2_X1_A2_ZN_OAI22_X1_A1:ZN (OAI22_X1)                                                                                                                          |        | 0.000       | 0.000      | 0.015      |             | 0.022  | 1.479f         |
| data_axi4_manager_o_112_ (port)                                                                                                                                                                                         |        | 0.000       | 0.000      | 0.015      |             | 0.000  | 1.479f         |
|                                                                                                                                                                                                                         |        |             |            |            |             |        |                |
| clk_i (port)                                                                                                                                                                                                            |        | 0.947       | 0.000      | 0.100      |             | 0.000  | 0.000r         |
| clock core_clock (rise edge)                                                                                                                                                                                            |        |             |            |            |             | 1.666  | 1.666          |
| clock network delay (ideal)                                                                                                                                                                                             |        |             |            |            |             | 0.000  | 1.666          |
| clk_i (port)                                                                                                                                                                                                            |        |             |            |            |             |        | 1.666r         |
| output external max delay time                                                                                                                                                                                          |        |             |            |            |             | -0.333 | 1.333          |
|                                                                                                                                                                                                                         |        |             |            |            |             |        |                |
| path cell delay                                                                                                                                                                                                         |        |             |            |            |             |        | 1.145(77.456%) |
| path net delay                                                                                                                                                                                                          |        |             |            |            |             |        | 0.000(0.000%)  |
|                                                                                                                                                                                                                         |        |             |            |            |             |        |                |
| data require time                                                                                                                                                                                                       |        |             |            |            |             |        | 1.333          |
| data arrival time                                                                                                                                                                                                       |        |             |            |            |             |        | 1.479          |
| slack (VIOLATED)                                                                                                                                                                                                        |        |             |            |            |             |        | -0.146         |
+-------------------------------------------------------------------------------------------------------------------------------------------------------------------------------------------------------------------------+--------+-------------+------------+------------+-------------+--------+----------------+
+-------------------------------------------------------------------------------------------------------------------------------------------------------------------------------------------------------------------------+--------+-------------+------------+------------+-------------+--------+----------------+
| Point                                                                                                                                                                                                                   | Fanout | Capacitance | Resistance | Transition | Delta Delay | Incr   | Path           |
+-------------------------------------------------------------------------------------------------------------------------------------------------------------------------------------------------------------------------+--------+-------------+------------+------------+-------------+--------+----------------+
| data_axi4_manager_i_41_ (port)                                                                                                                                                                                          |        | 0.007       | 0.000      | 0.100      |             | 0.000  | 0.000r         |
| clock core_clock (rise edge)                                                                                                                                                                                            |        |             |            |            |             | 0      | 0              |
| clock network delay (ideal)                                                                                                                                                                                             |        |             |            |            |             | 0.000  | 0.000          |
| data_axi4_manager_i_41_ (port)                                                                                                                                                                                          |        | 0.007       | 0.000      | 0.100      |             | 0.333  | 0.333r         |
| data_axi4_manager_i_41_ (net)                                                                                                                                                                                           | 4      |             |            |            | 0.000       |        |                |
| u_core.u_data_mem.gen_dcache.u_dcache.u_dcache_axi.writeback_state_q_1__reg_p_QN_AOI211_X1_A_B_INV_X1_ZN:A (INV_X1)                                                                                                     |        | 0.002       | 0.000      | 0.100      |             | 0.000  | 0.333r         |
| u_core.u_data_mem.gen_dcache.u_dcache.u_dcache_axi.writeback_state_q_1__reg_p_QN_AOI211_X1_A_B_INV_X1_ZN:ZN (INV_X1)                                                                                                    |        | 0.003       | 0.000      | 0.023      |             | 0.017  | 0.350f         |
| u_core.u_data_mem.gen_dcache.u_dcache.u_dcache_axi.writeback_state_q_1__reg_p_QN_AOI211_X1_A_B (net)                                                                                                                    | 2      |             |            |            | 0.000       |        |                |
| u_core.u_data_mem.gen_dcache.u_dcache.u_dcache_axi.writeback_state_q_1__reg_p_QN_AOI211_X1_A:B (AOI211_X1)                                                                                                              |        | 0.002       | 0.000      | 0.023      |             | 0.000  | 0.350f         |
| u_core.u_data_mem.gen_dcache.u_dcache.u_dcache_axi.writeback_state_q_1__reg_p_QN_AOI211_X1_A:ZN (AOI211_X1)                                                                                                             |        | 0.001       | 0.000      | 0.032      |             | 0.051  | 0.401r         |
| u_core.u_data_mem.gen_dcache.u_dcache.u_dcache_axi.writeback_state_q_1__reg_p_QN_AOI211_X1_A_ZN (net)                                                                                                                   | 1      |             |            |            | 0.000       |        |                |
| u_core.u_data_mem.gen_dcache.u_dcache.u_dcache_axi.writeback_state_q_1__reg_p_QN_AOI211_X1_A_ZN_BUF_X1_A:A (BUF_X1)                                                                                                     |        | 0.001       | 0.000      | 0.032      |             | 0.000  | 0.401r         |
| u_core.u_data_mem.gen_dcache.u_dcache.u_dcache_axi.writeback_state_q_1__reg_p_QN_AOI211_X1_A_ZN_BUF_X1_A:Z (BUF_X1)                                                                                                     |        | 0.038       | 0.000      | 0.092      |             | 0.118  | 0.519r         |
| u_core.u_data_mem.gen_dcache.u_dcache.u_miss_unit.state_d_2__NAND4_X1_ZN_A3_OAI221_X1_ZN_C1 (net)                                                                                                                       | 23     |             |            |            | 0.000       |        |                |
| u_core.u_data_mem.gen_dcache.u_dcache.u_dcache_axi.writeback_req_i_22__reg_p_D_OAI21_X1_ZN_B1_MUX2_X1_Z_A_AOI221_X1_C1_ZN_NAND3_X1_A1_ZN_OAI33_X1_A3_ZN_AOI21_X1_B1_A_OAI211_X1_ZN_C2_NOR2_X1_ZN:A1 (NOR2_X1)           |        | 0.002       | 0.000      | 0.092      |             | 0.000  | 0.519r         |
| u_core.u_data_mem.gen_dcache.u_dcache.u_dcache_axi.writeback_req_i_22__reg_p_D_OAI21_X1_ZN_B1_MUX2_X1_Z_A_AOI221_X1_C1_ZN_NAND3_X1_A1_ZN_OAI33_X1_A3_ZN_AOI21_X1_B1_A_OAI211_X1_ZN_C2_NOR2_X1_ZN:ZN (NOR2_X1)           |        | 0.005       | 0.000      | 0.024      |             | 0.021  | 0.540f         |
| u_core.u_data_mem.gen_dcache.u_dcache.u_dcache_axi.writeback_req_i_22__reg_p_D_OAI21_X1_ZN_B1_MUX2_X1_Z_A_AOI221_X1_C1_ZN_NAND3_X1_A1_ZN_OAI33_X1_A3_ZN_AOI21_X1_B1_A_OAI211_X1_ZN_C2 (net)                             | 3      |             |            |            | 0.000       |        |                |
| u_core.u_data_mem.gen_dcache.u_dcache.u_dcache_axi.writeback_req_i_22__reg_p_D_OAI21_X1_ZN_B1_MUX2_X1_Z_A_AOI221_X1_C1_ZN_NAND3_X1_A1_ZN_OAI33_X1_A3_ZN_AOI21_X1_B1_A_OAI211_X1_ZN_C2_NOR2_X1_A2:A2 (NOR2_X1)           |        | 0.002       | 0.000      | 0.024      |             | 0.000  | 0.540f         |
| u_core.u_data_mem.gen_dcache.u_dcache.u_dcache_axi.writeback_req_i_22__reg_p_D_OAI21_X1_ZN_B1_MUX2_X1_Z_A_AOI221_X1_C1_ZN_NAND3_X1_A1_ZN_OAI33_X1_A3_ZN_AOI21_X1_B1_A_OAI211_X1_ZN_C2_NOR2_X1_A2:ZN (NOR2_X1)           |        | 0.001       | 0.000      | 0.017      |             | 0.030  | 0.570r         |
| u_core.u_data_mem.gen_dcache.u_dcache.u_dcache_axi.writeback_req_i_22__reg_p_D_OAI21_X1_ZN_B1_MUX2_X1_Z_A_AOI221_X1_C1_ZN_NAND3_X1_A1_ZN_OAI33_X1_A3_ZN_AOI21_X1_B1_A_OAI211_X1_ZN_C2_NOR2_X1_A2_ZN (net)               | 1      |             |            |            | 0.000       |        |                |
| u_core.u_data_mem.gen_dcache.u_dcache.u_dcache_axi.writeback_req_i_22__reg_p_D_OAI21_X1_ZN_B1_MUX2_X1_Z_A_AOI221_X1_C1_ZN_NAND3_X1_A1_ZN_OAI33_X1_A3_ZN_AOI21_X1_B1_A_OAI211_X1_ZN_C2_NOR2_X1_A2_ZN_BUF_X1_A:A (BUF_X1) |        | 0.001       | 0.000      | 0.017      |             | 0.000  | 0.570r         |
| u_core.u_data_mem.gen_dcache.u_dcache.u_dcache_axi.writeback_req_i_22__reg_p_D_OAI21_X1_ZN_B1_MUX2_X1_Z_A_AOI221_X1_C1_ZN_NAND3_X1_A1_ZN_OAI33_X1_A3_ZN_AOI21_X1_B1_A_OAI211_X1_ZN_C2_NOR2_X1_A2_ZN_BUF_X1_A:Z (BUF_X1) |        | 0.034       | 0.000      | 0.083      |             | 0.105  | 0.675r         |
| u_core.u_data_mem.gen_dcache.u_dcache.u_miss_unit.miss_context_q_118__MUX2_X1_B_S (net)                                                                                                                                 | 21     |             |            |            | 0.000       |        |                |
| u_core.u_data_mem.gen_dcache.u_dcache.u_miss_unit.transaction_access_fault_q_reg_p_QN_NAND4_X1_A1:A2 (NAND4_X1)                                                                                                         |        | 0.002       | 0.000      | 0.083      |             | 0.000  | 0.675r         |
| u_core.u_data_mem.gen_dcache.u_dcache.u_miss_unit.transaction_access_fault_q_reg_p_QN_NAND4_X1_A1:ZN (NAND4_X1)                                                                                                         |        | 0.014       | 0.000      | 0.062      |             | 0.104  | 0.779f         |
| u_core.u_data_mem.gen_dcache.u_dcache.u_miss_unit.transaction_access_fault_q_reg_p_QN_NAND4_X1_A1_ZN (net)                                                                                                              | 10     |             |            |            | 0.000       |        |                |
| u_core.u_data_mem.gen_dcache.u_dcache.u_miss_unit.transaction_access_fault_q_OAI211_X1_C2_ZN_OAI21_X1_B2_B1_INV_X1_ZN:A (INV_X1)                                                                                        |        | 0.002       | 0.000      | 0.062      |             | 0.000  | 0.779f         |
| u_core.u_data_mem.gen_dcache.u_dcache.u_miss_unit.transaction_access_fault_q_OAI211_X1_C2_ZN_OAI21_X1_B2_B1_INV_X1_ZN:ZN (INV_X1)                                                                                       |        | 0.003       | 0.000      | 0.022      |             | 0.039  | 0.818r         |
| u_core.u_data_mem.gen_dcache.u_dcache.u_miss_unit.transaction_access_fault_q_OAI211_X1_C2_ZN_OAI21_X1_B2_B1 (net)                                                                                                       | 2      |             |            |            | 0.000       |        |                |
| u_core.u_data_mem.gen_dcache.u_dcache.u_miss_unit.transaction_access_fault_q_OAI211_X1_C2_ZN_OAI21_X1_B2:B1 (OAI21_X1)                                                                                                  |        | 0.002       | 0.000      | 0.022      |             | 0.000  | 0.818r         |
| u_core.u_data_mem.gen_dcache.u_dcache.u_miss_unit.transaction_access_fault_q_OAI211_X1_C2_ZN_OAI21_X1_B2:ZN (OAI21_X1)                                                                                                  |        | 0.006       | 0.000      | 0.021      |             | 0.030  | 0.847f         |
| u_core.u_lsu.pending_lsu_context_q_139__NAND3_X1_A3_A2_OAI22_X1_ZN_A1 (net)                                                                                                                                             | 4      |             |            |            | 0.000       |        |                |
| u_core.u_lsu.pending_lsu_context_q_139__NAND3_X1_A3_A2_OAI22_X1_ZN_A1_NAND2_X1_A2:A2 (NAND2_X1)                                                                                                                         |        | 0.002       | 0.000      | 0.021      |             | 0.000  | 0.847f         |
| u_core.u_lsu.pending_lsu_context_q_139__NAND3_X1_A3_A2_OAI22_X1_ZN_A1_NAND2_X1_A2:ZN (NAND2_X1)                                                                                                                         |        | 0.007       | 0.000      | 0.022      |             | 0.036  | 0.883r         |
| u_core.completion_result_228__OAI221_X1_ZN_C2 (net)                                                                                                                                                                     | 5      |             |            |            | 0.000       |        |                |
| u_core.resolved_execute_result_208__OAI21_X1_B2_ZN_OAI21_X1_A_B1_AND3_X1_ZN:A3 (AND3_X1)                                                                                                                                |        | 0.001       | 0.000      | 0.022      |             | 0.000  | 0.883r         |
| u_core.resolved_execute_result_208__OAI21_X1_B2_ZN_OAI21_X1_A_B1_AND3_X1_ZN:ZN (AND3_X1)                                                                                                                                |        | 0.003       | 0.000      | 0.016      |             | 0.053  | 0.936r         |
| u_core.resolved_execute_result_208__OAI21_X1_B2_ZN_OAI21_X1_A_B1 (net)                                                                                                                                                  | 3      |             |            |            | 0.000       |        |                |
| u_core.resolved_execute_result_208__OAI21_X1_B2_ZN_OAI21_X1_A:B1 (OAI21_X1)                                                                                                                                             |        | 0.002       | 0.000      | 0.016      |             | 0.000  | 0.936r         |
| u_core.resolved_execute_result_208__OAI21_X1_B2_ZN_OAI21_X1_A:ZN (OAI21_X1)                                                                                                                                             |        | 0.007       | 0.000      | 0.025      |             | 0.030  | 0.966f         |
| u_core.decoded_execute_packet_ready_OAI21_X1_ZN_B2 (net)                                                                                                                                                                | 5      |             |            |            | 0.000       |        |                |
| u_core.decoded_execute_packet_ready_OAI21_X1_ZN_B1_AOI21_X1_ZN_B1_NAND3_X1_A3_A2_NOR3_X1_ZN:A1 (NOR3_X1)                                                                                                                |        | 0.002       | 0.000      | 0.025      |             | 0.000  | 0.966f         |
| u_core.decoded_execute_packet_ready_OAI21_X1_ZN_B1_AOI21_X1_ZN_B1_NAND3_X1_A3_A2_NOR3_X1_ZN:ZN (NOR3_X1)                                                                                                                |        | 0.002       | 0.000      | 0.029      |             | 0.043  | 1.009r         |
| u_core.decoded_execute_packet_ready_OAI21_X1_ZN_B1_AOI21_X1_ZN_B1_NAND3_X1_A3_A2 (net)                                                                                                                                  | 1      |             |            |            | 0.000       |        |                |
| u_core.decoded_execute_packet_ready_OAI21_X1_ZN_B1_AOI21_X1_ZN_B1_NAND3_X1_A3:A2 (NAND3_X1)                                                                                                                             |        | 0.002       | 0.000      | 0.029      |             | 0.000  | 1.009r         |
| u_core.decoded_execute_packet_ready_OAI21_X1_ZN_B1_AOI21_X1_ZN_B1_NAND3_X1_A3:ZN (NAND3_X1)                                                                                                                             |        | 0.006       | 0.000      | 0.025      |             | 0.042  | 1.051f         |
| u_core.u_lsu.state_d_0__AOI21_X1_ZN_A (net)                                                                                                                                                                             | 4      |             |            |            | 0.000       |        |                |
| u_core.u_data_mem.gen_dcache.u_dcache.lookup_req_handshake_AND4_X1_ZN_A4_INV_X1_A_ZN_AOI221_X1_C2_A_AOI21_X1_A:B1 (AOI21_X1)                                                                                            |        | 0.002       | 0.000      | 0.025      |             | 0.000  | 1.051f         |
| u_core.u_data_mem.gen_dcache.u_dcache.lookup_req_handshake_AND4_X1_ZN_A4_INV_X1_A_ZN_AOI221_X1_C2_A_AOI21_X1_A:ZN (AOI21_X1)                                                                                            |        | 0.004       | 0.000      | 0.037      |             | 0.050  | 1.101r         |
| u_core.u_lsu.state_d_0__AOI21_X1_ZN_B2_NAND4_X1_ZN_A2_NAND4_X1_A2_A3 (net)                                                                                                                                              | 3      |             |            |            | 0.000       |        |                |
| u_core.u_lsu.state_d_0__AOI21_X1_ZN_B2_NAND4_X1_ZN_A2_NAND4_X1_A2_A3_INV_X1_A:A (INV_X1)                                                                                                                                |        | 0.002       | 0.000      | 0.037      |             | 0.000  | 1.101r         |
| u_core.u_lsu.state_d_0__AOI21_X1_ZN_B2_NAND4_X1_ZN_A2_NAND4_X1_A2_A3_INV_X1_A:ZN (INV_X1)                                                                                                                               |        | 0.005       | 0.000      | 0.013      |             | 0.018  | 1.119f         |
| u_core.u_lsu.state_d_0__AOI21_X1_ZN_B2_NAND4_X1_ZN_A2_NAND4_X1_A2_A3_INV_X1_A_ZN (net)                                                                                                                                  | 3      |             |            |            | 0.000       |        |                |
| u_core.u_lsu.state_d_0__AOI21_X1_ZN_B2_NAND4_X1_ZN_A2_NAND4_X1_A2_A3_INV_X1_A_ZN_OAI21_X1_B1:B1 (OAI21_X1)                                                                                                              |        | 0.002       | 0.000      | 0.013      |             | 0.000  | 1.119f         |
| u_core.u_lsu.state_d_0__AOI21_X1_ZN_B2_NAND4_X1_ZN_A2_NAND4_X1_A2_A3_INV_X1_A_ZN_OAI21_X1_B1:ZN (OAI21_X1)                                                                                                              |        | 0.001       | 0.000      | 0.016      |             | 0.025  | 1.144r         |
| u_core.u_lsu.state_d_0__AOI21_X1_ZN_B2_NAND4_X1_ZN_A2_NAND4_X1_A2_A3_INV_X1_A_ZN_OAI21_X1_B1_ZN (net)                                                                                                                   | 1      |             |            |            | 0.000       |        |                |
| u_core.u_lsu.state_d_0__AOI21_X1_ZN_B2_NAND4_X1_ZN_A2_NAND4_X1_A2_A3_INV_X1_A_ZN_OAI21_X1_B1_ZN_BUF_X1_A:A (BUF_X1)                                                                                                     |        | 0.001       | 0.000      | 0.016      |             | 0.000  | 1.144r         |
| u_core.u_lsu.state_d_0__AOI21_X1_ZN_B2_NAND4_X1_ZN_A2_NAND4_X1_A2_A3_INV_X1_A_ZN_OAI21_X1_B1_ZN_BUF_X1_A:Z (BUF_X1)                                                                                                     |        | 0.037       | 0.000      | 0.090      |             | 0.112  | 1.257r         |
| u_core.u_data_mem.gen_dcache.u_dcache.u_dcache_axi.refill_context_q_8__AOI221_X1_C1_A (net)                                                                                                                             | 23     |             |            |            | 0.000       |        |                |
| u_core.u_data_mem.gen_dcache.u_dcache.u_dcache_axi.refill_context_q_8__AOI221_X1_C1_A_BUF_X2_A_1:A (BUF_X2)                                                                                                             |        | 0.002       | 0.000      | 0.089      |             | 0.000  | 1.257r         |
| u_core.u_data_mem.gen_dcache.u_dcache.u_dcache_axi.refill_context_q_8__AOI221_X1_C1_A_BUF_X2_A_1:Z (BUF_X2)                                                                                                             |        | 0.039       | 0.000      | 0.049      |             | 0.077  | 1.333r         |
| u_core.u_data_mem.u_uncached_axi.request_context_q_39__MUX2_X1_A_Z_MUX2_X1_B_S (net)                                                                                                                                    | 24     |             |            |            | 0.000       |        |                |
| u_core.u_data_mem.u_uncached_axi.request_context_q_39__MUX2_X1_A_Z_MUX2_X1_B_S_BUF_X1_A_1:A (BUF_X1)                                                                                                                    |        | 0.001       | 0.000      | 0.049      |             | 0.000  | 1.333r         |
| u_core.u_data_mem.u_uncached_axi.request_context_q_39__MUX2_X1_A_Z_MUX2_X1_B_S_BUF_X1_A_1:Z (BUF_X1)                                                                                                                    |        | 0.039       | 0.000      | 0.094      |             | 0.123  | 1.456r         |
| u_core.u_data_mem.u_uncached_axi.request_context_q_73__NOR2_X1_A2_ZN_OAI22_X1_A1_B1 (net)                                                                                                                               | 24     |             |            |            | 0.000       |        |                |
| u_core.u_data_mem.u_uncached_axi.request_context_q_73__NOR2_X1_A2_ZN_OAI22_X1_A1:B1 (OAI22_X1)                                                                                                                          |        | 0.002       | 0.000      | 0.094      |             | 0.000  | 1.456r         |
| u_core.u_data_mem.u_uncached_axi.request_context_q_73__NOR2_X1_A2_ZN_OAI22_X1_A1:ZN (OAI22_X1)                                                                                                                          |        | 0.000       | 0.000      | 0.015      |             | 0.022  | 1.479f         |
| data_axi4_manager_o_139_ (port)                                                                                                                                                                                         |        | 0.000       | 0.000      | 0.015      |             | 0.000  | 1.479f         |
|                                                                                                                                                                                                                         |        |             |            |            |             |        |                |
| clk_i (port)                                                                                                                                                                                                            |        | 0.947       | 0.000      | 0.100      |             | 0.000  | 0.000r         |
| clock core_clock (rise edge)                                                                                                                                                                                            |        |             |            |            |             | 1.666  | 1.666          |
| clock network delay (ideal)                                                                                                                                                                                             |        |             |            |            |             | 0.000  | 1.666          |
| clk_i (port)                                                                                                                                                                                                            |        |             |            |            |             |        | 1.666r         |
| output external max delay time                                                                                                                                                                                          |        |             |            |            |             | -0.333 | 1.333          |
|                                                                                                                                                                                                                         |        |             |            |            |             |        |                |
| path cell delay                                                                                                                                                                                                         |        |             |            |            |             |        | 1.145(77.456%) |
| path net delay                                                                                                                                                                                                          |        |             |            |            |             |        | 0.000(0.000%)  |
|                                                                                                                                                                                                                         |        |             |            |            |             |        |                |
| data require time                                                                                                                                                                                                       |        |             |            |            |             |        | 1.333          |
| data arrival time                                                                                                                                                                                                       |        |             |            |            |             |        | 1.479          |
| slack (VIOLATED)                                                                                                                                                                                                        |        |             |            |            |             |        | -0.146         |
+-------------------------------------------------------------------------------------------------------------------------------------------------------------------------------------------------------------------------+--------+-------------+------------+------------+-------------+--------+----------------+
+---------------------------------------------------------------------------------------------------------------+--------+-------------+------------+------------+-------------+--------+----------------+
| Point                                                                                                         | Fanout | Capacitance | Resistance | Transition | Delta Delay | Incr   | Path           |
+---------------------------------------------------------------------------------------------------------------+--------+-------------+------------+------------+-------------+--------+----------------+
| instruction_axi4_manager_i_0_ (port)                                                                          |        | 0.009       | 0.000      | 0.100      |             | 0.000  | 0.000r         |
| clock core_clock (rise edge)                                                                                  |        |             |            |            |             | 0      | 0              |
| clock network delay (ideal)                                                                                   |        |             |            |            |             | 0.000  | 0.000          |
| instruction_axi4_manager_i_0_ (port)                                                                          |        | 0.009       | 0.000      | 0.100      |             | 0.333  | 0.333r         |
| instruction_axi4_manager_i_0_ (net)                                                                           | 6      |             |            |            | 0.000       |        |                |
| u_core.u_icache.refill_data_write_valid_NOR4_X1_ZN_A1_NAND2_X1_ZN:A1 (NAND2_X1)                               |        | 0.002       | 0.000      | 0.100      |             | 0.000  | 0.333r         |
| u_core.u_icache.refill_data_write_valid_NOR4_X1_ZN_A1_NAND2_X1_ZN:ZN (NAND2_X1)                               |        | 0.004       | 0.000      | 0.030      |             | 0.036  | 0.369f         |
| u_core.u_icache.refill_data_write_valid_NOR4_X1_ZN_A1 (net)                                                   | 3      |             |            |            | 0.000       |        |                |
| u_core.u_icache.u_riscv32_icache_miss_unit.lookup_response_generated_q_NOR4_X1_A3:A2 (NOR4_X1)                |        | 0.002       | 0.000      | 0.030      |             | 0.000  | 0.369f         |
| u_core.u_icache.u_riscv32_icache_miss_unit.lookup_response_generated_q_NOR4_X1_A3:ZN (NOR4_X1)                |        | 0.005       | 0.000      | 0.083      |             | 0.117  | 0.486r         |
| u_core.icache_refill_resp_ready_AOI221_X1_C2_B1_NOR4_X1_A2_A4_AOI211_X1_ZN_C2 (net)                           | 3      |             |            |            | 0.000       |        |                |
| u_core.icache_refill_resp_ready_AOI221_X1_C2_B1_NOR4_X1_A2_A4_AOI211_X1_ZN_C1_NAND2_X1_A1:A2 (NAND2_X1)       |        | 0.002       | 0.000      | 0.083      |             | 0.000  | 0.486r         |
| u_core.icache_refill_resp_ready_AOI221_X1_C2_B1_NOR4_X1_A2_A4_AOI211_X1_ZN_C1_NAND2_X1_A1:ZN (NAND2_X1)       |        | 0.011       | 0.000      | 0.030      |             | 0.052  | 0.538f         |
| u_core.u_icache.local_lookup_resp_2__NAND3_X1_A2_A1 (net)                                                     | 7      |             |            |            | 0.000       |        |                |
| u_core.u_icache.local_lookup_resp_2__NAND3_X1_A2_A1_NAND2_X1_A1:A1 (NAND2_X1)                                 |        | 0.002       | 0.000      | 0.030      |             | 0.000  | 0.538f         |
| u_core.u_icache.local_lookup_resp_2__NAND3_X1_A2_A1_NAND2_X1_A1:ZN (NAND2_X1)                                 |        | 0.002       | 0.000      | 0.013      |             | 0.024  | 0.561r         |
| u_core.u_icache.local_lookup_resp_2__NAND3_X1_A2_A1_NAND2_X1_A1_ZN (net)                                      | 1      |             |            |            | 0.000       |        |                |
| u_core.u_icache.local_lookup_resp_2__NAND3_X1_A2_A1_NAND2_X1_A1_ZN_BUF_X2_A:A (BUF_X2)                        |        | 0.002       | 0.000      | 0.013      |             | 0.000  | 0.561r         |
| u_core.u_icache.local_lookup_resp_2__NAND3_X1_A2_A1_NAND2_X1_A1_ZN_BUF_X2_A:Z (BUF_X2)                        |        | 0.035       | 0.000      | 0.043      |             | 0.061  | 0.623r         |
| u_core.u_icache.miss_lookup_resp_2__NAND2_X1_A2_A1 (net)                                                      | 22     |             |            |            | 0.000       |        |                |
| u_core.icache_lookup_resp_11__OAI21_X1_ZN_A_NAND2_X1_ZN:A1 (NAND2_X1)                                         |        | 0.002       | 0.000      | 0.043      |             | 0.000  | 0.623r         |
| u_core.icache_lookup_resp_11__OAI21_X1_ZN_A_NAND2_X1_ZN:ZN (NAND2_X1)                                         |        | 0.004       | 0.000      | 0.019      |             | 0.030  | 0.653f         |
| u_core.icache_lookup_resp_11__OAI21_X1_ZN_A (net)                                                             | 2      |             |            |            | 0.000       |        |                |
| u_core.icache_lookup_resp_11__OAI21_X1_ZN_A_OAI211_X2_B:B (OAI211_X2)                                         |        | 0.003       | 0.000      | 0.019      |             | 0.000  | 0.653f         |
| u_core.icache_lookup_resp_11__OAI21_X1_ZN_A_OAI211_X2_B:ZN (OAI211_X2)                                        |        | 0.010       | 0.000      | 0.037      |             | 0.036  | 0.688r         |
| u_core.icache_lookup_resp_11__OAI21_X1_ZN_A_OAI211_X2_B_ZN (net)                                              | 5      |             |            |            | 0.000       |        |                |
| u_core.u_fetch_buffer.entry_array_q[0]_74__MUX2_X1_A_Z_OAI21_X2_B1:A (OAI21_X2)                               |        | 0.003       | 0.000      | 0.037      |             | 0.000  | 0.688r         |
| u_core.u_fetch_buffer.entry_array_q[0]_74__MUX2_X1_A_Z_OAI21_X2_B1:ZN (OAI21_X2)                              |        | 0.022       | 0.000      | 0.043      |             | 0.048  | 0.736f         |
| u_core.decoded_execute_packet_268__INV_X1_ZN_A (net)                                                          | 13     |             |            |            | 0.000       |        |                |
| u_core.execute_packet_154__reg_p_D_INV_X1_ZN_A_NAND4_X1_ZN_A2_NOR3_X2_ZN:A2 (NOR3_X2)                         |        | 0.003       | 0.000      | 0.043      |             | 0.000  | 0.736f         |
| u_core.execute_packet_154__reg_p_D_INV_X1_ZN_A_NAND4_X1_ZN_A2_NOR3_X2_ZN:ZN (NOR3_X2)                         |        | 0.011       | 0.000      | 0.058      |             | 0.092  | 0.829r         |
| u_core.execute_packet_154__reg_p_D_INV_X1_ZN_A_NAND4_X1_ZN_A2 (net)                                           | 6      |             |            |            | 0.000       |        |                |
| u_core.execute_packet_154__reg_p_D_INV_X1_ZN_A_NAND4_X1_ZN_A2_NAND4_X2_A2:A2 (NAND4_X2)                       |        | 0.003       | 0.000      | 0.058      |             | 0.000  | 0.829r         |
| u_core.execute_packet_154__reg_p_D_INV_X1_ZN_A_NAND4_X1_ZN_A2_NAND4_X2_A2:ZN (NAND4_X2)                       |        | 0.027       | 0.000      | 0.070      |             | 0.090  | 0.919f         |
| u_core.execute_packet_142__reg_p_D_AOI211_X1_ZN_A (net)                                                       | 18     |             |            |            | 0.000       |        |                |
| u_core.decoded_execute_packet_209__INV_X1_ZN_A_OR3_X1_ZN_A2_AND3_X1_ZN_A1_OAI211_X2_A_B_OR4_X1_ZN:A1 (OR4_X1) |        | 0.001       | 0.000      | 0.070      |             | 0.000  | 0.919f         |
| u_core.decoded_execute_packet_209__INV_X1_ZN_A_OR3_X1_ZN_A2_AND3_X1_ZN_A1_OAI211_X2_A_B_OR4_X1_ZN:ZN (OR4_X1) |        | 0.004       | 0.000      | 0.022      |             | 0.121  | 1.040f         |
| u_core.decoded_execute_packet_209__INV_X1_ZN_A_OR3_X1_ZN_A2_AND3_X1_ZN_A1_OAI211_X2_A_B (net)                 | 2      |             |            |            | 0.000       |        |                |
| u_core.decoded_execute_packet_209__INV_X1_ZN_A_OR3_X1_ZN_A2_AND3_X1_ZN_A1_OAI211_X2_A:B (OAI211_X2)           |        | 0.003       | 0.000      | 0.022      |             | 0.000  | 1.040f         |
| u_core.decoded_execute_packet_209__INV_X1_ZN_A_OR3_X1_ZN_A2_AND3_X1_ZN_A1_OAI211_X2_A:ZN (OAI211_X2)          |        | 0.011       | 0.000      | 0.040      |             | 0.038  | 1.079r         |
| u_core.execute_forwardable_producer_present_NAND4_X1_A4_A2 (net)                                              | 8      |             |            |            | 0.000       |        |                |
| u_core.completion_result_169__MUX2_X1_Z_B_NOR4_X1_A1_A3_NAND4_X1_ZN:A2 (NAND4_X1)                             |        | 0.002       | 0.000      | 0.040      |             | 0.000  | 1.079r         |
| u_core.completion_result_169__MUX2_X1_Z_B_NOR4_X1_A1_A3_NAND4_X1_ZN:ZN (NAND4_X1)                             |        | 0.004       | 0.000      | 0.034      |             | 0.050  | 1.129f         |
| u_core.completion_result_169__MUX2_X1_Z_B_NOR4_X1_A1_A3 (net)                                                 | 3      |             |            |            | 0.000       |        |                |
| u_core.completion_result_169__MUX2_X1_Z_B_NOR4_X1_A1_A3_NOR2_X1_A1:A1 (NOR2_X1)                               |        | 0.002       | 0.000      | 0.034      |             | 0.000  | 1.129f         |
| u_core.completion_result_169__MUX2_X1_Z_B_NOR4_X1_A1_A3_NOR2_X1_A1:ZN (NOR2_X1)                               |        | 0.003       | 0.000      | 0.028      |             | 0.047  | 1.176r         |
| u_core.completion_result_169__MUX2_X1_Z_B_NOR4_X1_A1_A3_NOR2_X1_A1_ZN (net)                                   | 1      |             |            |            | 0.000       |        |                |
| u_core.completion_result_169__MUX2_X1_Z_B_NOR4_X1_A1_A3_NOR2_X1_A1_ZN_BUF_X4_A:A (BUF_X4)                     |        | 0.003       | 0.000      | 0.028      |             | 0.000  | 1.176r         |
| u_core.completion_result_169__MUX2_X1_Z_B_NOR4_X1_A1_A3_NOR2_X1_A1_ZN_BUF_X4_A:Z (BUF_X4)                     |        | 0.032       | 0.000      | 0.022      |             | 0.042  | 1.217r         |
| u_core.commit_39__reg_p_D_OAI21_X1_ZN_B2_OAI21_X1_B2_ZN_NAND4_X1_A3_A1 (net)                                  | 20     |             |            |            | 0.000       |        |                |
| u_core.decoded_execute_packet_38__OAI21_X1_ZN_B2_OAI211_X2_C2_C1_AND3_X1_ZN_A3_OAI21_X1_ZN:B1 (OAI21_X1)      |        | 0.002       | 0.000      | 0.022      |             | 0.000  | 1.217r         |
| u_core.decoded_execute_packet_38__OAI21_X1_ZN_B2_OAI211_X2_C2_C1_AND3_X1_ZN_A3_OAI21_X1_ZN:ZN (OAI21_X1)      |        | 0.002       | 0.000      | 0.035      |             | 0.021  | 1.238f         |
| u_core.decoded_execute_packet_38__OAI21_X1_ZN_B2_OAI211_X2_C2_C1_AND3_X1_ZN_A3 (net)                          | 2      |             |            |            | 0.000       |        |                |
| u_core.decoded_execute_packet_38__OAI21_X1_ZN_B2_OAI211_X2_C2_C1_AND3_X1_ZN:A3 (AND3_X1)                      |        | 0.001       | 0.000      | 0.035      |             | 0.000  | 1.238f         |
| u_core.decoded_execute_packet_38__OAI21_X1_ZN_B2_OAI211_X2_C2_C1_AND3_X1_ZN:ZN (AND3_X1)                      |        | 0.004       | 0.000      | 0.010      |             | 0.055  | 1.293f         |
| u_core.decoded_execute_packet_38__OAI21_X1_ZN_B2_OAI211_X2_C2_C1 (net)                                        | 2      |             |            |            | 0.000       |        |                |
| u_core.decoded_execute_packet_38__OAI21_X1_ZN_B2_OAI211_X2_C2:C1 (OAI211_X2)                                  |        | 0.003       | 0.000      | 0.010      |             | 0.000  | 1.293f         |
| u_core.decoded_execute_packet_38__OAI21_X1_ZN_B2_OAI211_X2_C2:ZN (OAI211_X2)                                  |        | 0.005       | 0.000      | 0.025      |             | 0.035  | 1.327r         |
| u_core.decoded_execute_packet_38__OAI21_X1_ZN_B2_OAI211_X2_C2_ZN (net)                                        | 3      |             |            |            | 0.000       |        |                |
| u_core.u_icache.lookup_s1_present_q_reg_p_D_NOR3_X1_ZN_A1_OAI211_X1_ZN_C1_AOI21_X1_ZN:B1 (AOI21_X1)           |        | 0.002       | 0.000      | 0.025      |             | 0.000  | 1.327r         |
| u_core.u_icache.lookup_s1_present_q_reg_p_D_NOR3_X1_ZN_A1_OAI211_X1_ZN_C1_AOI21_X1_ZN:ZN (AOI21_X1)           |        | 0.007       | 0.000      | 0.020      |             | 0.033  | 1.360f         |
| u_core.u_icache.lookup_s1_present_q_reg_p_D_NOR3_X1_ZN_A1_OAI211_X1_ZN_C1 (net)                               | 2      |             |            |            | 0.000       |        |                |
| u_core.u_fence_i_ctrl.icache_lookup_stalled_q_reg_p_D_AOI21_X1_ZN_B2_OAI211_X4_B:C1 (OAI211_X4)               |        | 0.006       | 0.000      | 0.020      |             | 0.000  | 1.360f         |
| u_core.u_fence_i_ctrl.icache_lookup_stalled_q_reg_p_D_AOI21_X1_ZN_B2_OAI211_X4_B:ZN (OAI211_X4)               |        | 0.011       | 0.000      | 0.028      |             | 0.041  | 1.402r         |
| u_core.u_ifu.predictor_fetch_pc_d_31__OR2_X1_ZN_A1_AOI221_X1_ZN_C1 (net)                                      | 6      |             |            |            | 0.000       |        |                |
| u_core.u_ifu.predictor_fetch_pc_d_31__OR2_X1_ZN_A1_AOI221_X1_ZN_C1_NAND2_X2_A1:A1 (NAND2_X2)                  |        | 0.003       | 0.000      | 0.028      |             | 0.000  | 1.402r         |
| u_core.u_ifu.predictor_fetch_pc_d_31__OR2_X1_ZN_A1_AOI221_X1_ZN_C1_NAND2_X2_A1:ZN (NAND2_X2)                  |        | 0.017       | 0.000      | 0.027      |             | 0.035  | 1.437f         |
| u_core.u_fetch_buffer.read_index_d_NOR3_X1_ZN_A1_NOR3_X4_A3_A1 (net)                                          | 9      |             |            |            | 0.000       |        |                |
| u_core.u_ifu.predictor_fetch_pc_d_5__OR2_X1_ZN_A1_NOR3_X1_ZN_A1_OAI211_X1_ZN:A (OAI211_X1)                    |        | 0.002       | 0.000      | 0.027      |             | 0.000  | 1.437f         |
| u_core.u_ifu.predictor_fetch_pc_d_5__OR2_X1_ZN_A1_NOR3_X1_ZN_A1_OAI211_X1_ZN:ZN (OAI211_X1)                   |        | 0.012       | 0.000      | 0.073      |             | 0.057  | 1.494r         |
| u_core.u_ifu.predictor_fetch_pc_d_5__OR2_X1_ZN_A1_NOR3_X1_ZN_A1 (net)                                         | 6      |             |            |            | 0.000       |        |                |
| u_core.u_ifu.predictor_fetch_pc_d_5__OR2_X1_ZN_A1_NOR3_X1_ZN_A1_BUF_X4_A:A (BUF_X4)                           |        | 0.003       | 0.000      | 0.073      |             | 0.000  | 1.494r         |
| u_core.u_ifu.predictor_fetch_pc_d_5__OR2_X1_ZN_A1_NOR3_X1_ZN_A1_BUF_X4_A:Z (BUF_X4)                           |        | 0.038       | 0.000      | 0.025      |             | 0.050  | 1.544r         |
| u_core.u_ifu.predictor_fetch_pc_d_24__OAI21_X1_ZN_B2 (net)                                                    | 24     |             |            |            | 0.000       |        |                |
| u_core.u_ifu.lookup_queue_write_index_q_reg_p_CK_CLKGATE_X1_GCK_E_OAI22_X1_ZN:A2 (OAI22_X1)                   |        | 0.002       | 0.000      | 0.025      |             | 0.000  | 1.544r         |
| u_core.u_ifu.lookup_queue_write_index_q_reg_p_CK_CLKGATE_X1_GCK_E_OAI22_X1_ZN:ZN (OAI22_X1)                   |        | 0.001       | 0.000      | 0.022      |             | 0.022  | 1.566f         |
| u_core.u_ifu.lookup_queue_write_index_q_reg_p_CK_CLKGATE_X1_GCK_E (net)                                       | 1      |             |            |            | 0.000       |        |                |
| u_core.u_ifu.lookup_queue_write_index_q_reg_p_CK_CLKGATE_X1_GCK:E (CLKGATE_X1)                                |        | 0.001       | 0.000      | 0.022      |             | 0.000  | 1.566f         |
|                                                                                                               |        |             |            |            |             |        |                |
| clk_i (port)                                                                                                  |        | 0.947       | 0.000      | 0.100      |             | 0.000  | 0.000r         |
| clk_i (clock net)                                                                                             | 549    |             |            |            | NA          |        |                |
| u_core.u_ifu.lookup_queue_write_index_q_reg_p_CK_CLKGATE_X1_GCK:CK (CLKGATE_X1)                               |        | 0.002       | 0.000      | 0.000      |             | 0.000  | 0.000r         |
| clock core_clock (rise edge)                                                                                  |        |             |            |            |             | 1.666  | 1.666          |
| clock network delay (ideal)                                                                                   |        |             |            |            |             | 0.000  | 1.666          |
| u_core.u_ifu.lookup_queue_write_index_q_reg_p_CK_CLKGATE_X1_GCK:CK (CLKGATE_X1)                               |        |             |            |            |             |        | 1.666r         |
| library setup time                                                                                            |        |             |            |            |             | -0.051 | 1.615          |
| clock reconvergence pessimism                                                                                 |        |             |            |            |             | 0.000  | 1.615          |
|                                                                                                               |        |             |            |            |             |        |                |
| path cell delay                                                                                               |        |             |            |            |             |        | 1.233(78.713%) |
| path net delay                                                                                                |        |             |            |            |             |        | 0.000(0.000%)  |
|                                                                                                               |        |             |            |            |             |        |                |
| data require time                                                                                             |        |             |            |            |             |        | 1.615          |
| data arrival time                                                                                             |        |             |            |            |             |        | 1.566          |
| slack (MET)                                                                                                   |        |             |            |            |             |        | 0.050          |
+---------------------------------------------------------------------------------------------------------------+--------+-------------+------------+------------+-------------+--------+----------------+
+----------------------------------------------------------------------------------------------------------------------+--------+-------------+------------+------------+-------------+--------+----------------+
| Point                                                                                                                | Fanout | Capacitance | Resistance | Transition | Delta Delay | Incr   | Path           |
+----------------------------------------------------------------------------------------------------------------------+--------+-------------+------------+------------+-------------+--------+----------------+
| instruction_axi4_manager_i_3_ (port)                                                                                 |        | 0.002       | 0.000      | 0.100      |             | 0.000  | 0.000r         |
| clock core_clock (rise edge)                                                                                         |        |             |            |            |             | 0      | 0              |
| clock network delay (ideal)                                                                                          |        |             |            |            |             | 0.000  | 0.000          |
| instruction_axi4_manager_i_3_ (port)                                                                                 |        | 0.001       | 0.000      | 0.100      |             | 0.333  | 0.333f         |
| instruction_axi4_manager_i_3_ (net)                                                                                  | 1      |             |            |            | 0.000       |        |                |
| u_core.u_icache.u_riscv32_icache_miss_unit.refill_access_fault_seen_q_AOI21_X1_A:B2 (AOI21_X1)                       |        | 0.002       | 0.000      | 0.100      |             | 0.000  | 0.333f         |
| u_core.u_icache.u_riscv32_icache_miss_unit.refill_access_fault_seen_q_AOI21_X1_A:ZN (AOI21_X1)                       |        | 0.007       | 0.000      | 0.056      |             | 0.100  | 0.433r         |
| u_core.u_icache.u_riscv32_icache_miss_unit.refill_access_fault_seen_q_AOI21_X1_A_ZN (net)                            | 4      |             |            |            | 0.000       |        |                |
| u_core.u_icache.u_riscv32_icache_miss_unit.refill_access_fault_seen_q_AOI21_X1_A_ZN_INV_X1_A:A (INV_X1)              |        | 0.002       | 0.000      | 0.056      |             | 0.000  | 0.433r         |
| u_core.u_icache.u_riscv32_icache_miss_unit.refill_access_fault_seen_q_AOI21_X1_A_ZN_INV_X1_A:ZN (INV_X1)             |        | 0.033       | 0.000      | 0.040      |             | 0.067  | 0.500f         |
| u_core.u_icache.refill_data_write_valid_NOR4_X1_ZN_A3 (net)                                                          | 21     |             |            |            | 0.000       |        |                |
| u_core.u_icache.u_riscv32_icache_miss_unit.lookup_resp_present_q_NOR3_X2_A3:A2 (NOR3_X2)                             |        | 0.003       | 0.000      | 0.040      |             | 0.000  | 0.500f         |
| u_core.u_icache.u_riscv32_icache_miss_unit.lookup_resp_present_q_NOR3_X2_A3:ZN (NOR3_X2)                             |        | 0.021       | 0.000      | 0.090      |             | 0.127  | 0.626r         |
| u_core.u_icache.u_riscv32_icache_miss_unit.lookup_resp_data_q_8__AOI22_X1_A2_B1 (net)                                | 13     |             |            |            | 0.000       |        |                |
| u_core.u_icache.u_riscv32_icache_miss_unit.lookup_resp_data_q_15__AOI22_X1_A2:B1 (AOI22_X1)                          |        | 0.002       | 0.000      | 0.090      |             | 0.000  | 0.626r         |
| u_core.u_icache.u_riscv32_icache_miss_unit.lookup_resp_data_q_15__AOI22_X1_A2:ZN (AOI22_X1)                          |        | 0.003       | 0.000      | 0.027      |             | 0.040  | 0.666f         |
| u_core.u_icache.u_riscv32_icache_miss_unit.lookup_resp_data_q_15__AOI22_X1_A2_ZN (net)                               | 2      |             |            |            | 0.000       |        |                |
| u_core.u_icache.array_read_word_data_array_15__INV_X1_A_ZN_OAI22_X1_A1:B1 (OAI22_X1)                                 |        | 0.002       | 0.000      | 0.027      |             | 0.000  | 0.666f         |
| u_core.u_icache.array_read_word_data_array_15__INV_X1_A_ZN_OAI22_X1_A1:ZN (OAI22_X1)                                 |        | 0.010       | 0.000      | 0.074      |             | 0.092  | 0.758r         |
| u_core.u_regfile.gpr_array_q[7]_1__reg_p_QN_OAI211_X1_A_C1 (net)                                                     | 7      |             |            |            | 0.000       |        |                |
| u_core.u_regfile.gpr_array_q[7]_1__reg_p_QN_OAI211_X1_A_C1_OAI21_X1_B1:B1 (OAI21_X1)                                 |        | 0.002       | 0.000      | 0.074      |             | 0.000  | 0.758r         |
| u_core.u_regfile.gpr_array_q[7]_1__reg_p_QN_OAI211_X1_A_C1_OAI21_X1_B1:ZN (OAI21_X1)                                 |        | 0.002       | 0.000      | 0.021      |             | 0.022  | 0.780f         |
| u_core.u_regfile.gpr_array_q[7]_1__reg_p_QN_OAI211_X1_A_C1_OAI21_X1_B1_ZN (net)                                      | 1      |             |            |            | 0.000       |        |                |
| u_core.u_regfile.gpr_array_q[7]_1__reg_p_QN_OAI211_X1_A_C1_OAI21_X1_B1_ZN_BUF_X2_A:A (BUF_X2)                        |        | 0.002       | 0.000      | 0.021      |             | 0.000  | 0.780f         |
| u_core.u_regfile.gpr_array_q[7]_1__reg_p_QN_OAI211_X1_A_C1_OAI21_X1_B1_ZN_BUF_X2_A:Z (BUF_X2)                        |        | 0.029       | 0.000      | 0.018      |             | 0.050  | 0.830f         |
| u_core.u_regfile.gpr_array_q[4]_1__reg_p_QN_AOI221_X1_C1_C2 (net)                                                    | 20     |             |            |            | 0.000       |        |                |
| u_core.icache_lookup_resp_24__OAI211_X1_C1_B_AND3_X1_A2_ZN_OAI221_X1_B2_A_AOI22_X1_ZN:A2 (AOI22_X1)                  |        | 0.002       | 0.000      | 0.018      |             | 0.000  | 0.830f         |
| u_core.icache_lookup_resp_24__OAI211_X1_C1_B_AND3_X1_A2_ZN_OAI221_X1_B2_A_AOI22_X1_ZN:ZN (AOI22_X1)                  |        | 0.002       | 0.000      | 0.019      |             | 0.029  | 0.860r         |
| u_core.icache_lookup_resp_24__OAI211_X1_C1_B_AND3_X1_A2_ZN_OAI221_X1_B2_A (net)                                      | 1      |             |            |            | 0.000       |        |                |
| u_core.icache_lookup_resp_24__OAI211_X1_C1_B_AND3_X1_A2_ZN_OAI221_X1_B2:A (OAI221_X1)                                |        | 0.002       | 0.000      | 0.019      |             | 0.000  | 0.860r         |
| u_core.icache_lookup_resp_24__OAI211_X1_C1_B_AND3_X1_A2_ZN_OAI221_X1_B2:ZN (OAI221_X1)                               |        | 0.002       | 0.000      | 0.028      |             | 0.034  | 0.894f         |
| u_core.icache_lookup_resp_24__OAI211_X1_C1_B_AND3_X1_A2_ZN_OAI221_X1_B2_ZN (net)                                     | 1      |             |            |            | 0.000       |        |                |
| u_core.icache_lookup_resp_24__OAI211_X1_C1_B_AND3_X1_A2_ZN_OAI221_X1_B2_ZN_NOR3_X1_A3:A3 (NOR3_X1)                   |        | 0.002       | 0.000      | 0.028      |             | 0.000  | 0.894f         |
| u_core.icache_lookup_resp_24__OAI211_X1_C1_B_AND3_X1_A2_ZN_OAI221_X1_B2_ZN_NOR3_X1_A3:ZN (NOR3_X1)                   |        | 0.008       | 0.000      | 0.078      |             | 0.113  | 1.007r         |
| u_core.decoded_execute_packet_94__OAI21_X1_ZN_B2_AND4_X1_ZN_A3 (net)                                                 | 6      |             |            |            | 0.000       |        |                |
| u_core.decoded_execute_packet_209__INV_X1_ZN_A_OR3_X1_ZN_A2_AND3_X1_ZN_A3_OAI33_X1_A1_ZN_OAI211_X1_C2:A (OAI211_X1)  |        | 0.002       | 0.000      | 0.078      |             | 0.000  | 1.007r         |
| u_core.decoded_execute_packet_209__INV_X1_ZN_A_OR3_X1_ZN_A2_AND3_X1_ZN_A3_OAI33_X1_A1_ZN_OAI211_X1_C2:ZN (OAI211_X1) |        | 0.005       | 0.000      | 0.033      |             | 0.056  | 1.063f         |
| u_core.completion_result_169__MUX2_X1_Z_B_NOR4_X1_A1_A3_NAND4_X1_ZN_A3 (net)                                         | 3      |             |            |            | 0.000       |        |                |
| u_core.completion_result_169__MUX2_X1_Z_B_NOR4_X1_A1_A3_NAND4_X1_ZN:A3 (NAND4_X1)                                    |        | 0.002       | 0.000      | 0.033      |             | 0.000  | 1.063f         |
| u_core.completion_result_169__MUX2_X1_Z_B_NOR4_X1_A1_A3_NAND4_X1_ZN:ZN (NAND4_X1)                                    |        | 0.005       | 0.000      | 0.026      |             | 0.045  | 1.108r         |
| u_core.completion_result_169__MUX2_X1_Z_B_NOR4_X1_A1_A3 (net)                                                        | 3      |             |            |            | 0.000       |        |                |
| u_core.completion_result_169__MUX2_X1_Z_B_NOR4_X1_A1_A3_NOR2_X1_A1:A1 (NOR2_X1)                                      |        | 0.002       | 0.000      | 0.026      |             | 0.000  | 1.108r         |
| u_core.completion_result_169__MUX2_X1_Z_B_NOR4_X1_A1_A3_NOR2_X1_A1:ZN (NOR2_X1)                                      |        | 0.003       | 0.000      | 0.010      |             | 0.016  | 1.124f         |
| u_core.completion_result_169__MUX2_X1_Z_B_NOR4_X1_A1_A3_NOR2_X1_A1_ZN (net)                                          | 1      |             |            |            | 0.000       |        |                |
| u_core.completion_result_169__MUX2_X1_Z_B_NOR4_X1_A1_A3_NOR2_X1_A1_ZN_BUF_X4_A:A (BUF_X4)                            |        | 0.003       | 0.000      | 0.010      |             | 0.000  | 1.124f         |
| u_core.completion_result_169__MUX2_X1_Z_B_NOR4_X1_A1_A3_NOR2_X1_A1_ZN_BUF_X4_A:Z (BUF_X4)                            |        | 0.031       | 0.000      | 0.011      |             | 0.035  | 1.159f         |
| u_core.commit_39__reg_p_D_OAI21_X1_ZN_B2_OAI21_X1_B2_ZN_NAND4_X1_A3_A1 (net)                                         | 20     |             |            |            | 0.000       |        |                |
| u_core.decoded_execute_packet_38__OAI21_X1_ZN_B2_OAI211_X2_C2_C1_AND3_X1_ZN_A3_OAI21_X1_ZN:B1 (OAI21_X1)             |        | 0.002       | 0.000      | 0.011      |             | 0.000  | 1.159f         |
| u_core.decoded_execute_packet_38__OAI21_X1_ZN_B2_OAI211_X2_C2_C1_AND3_X1_ZN_A3_OAI21_X1_ZN:ZN (OAI21_X1)             |        | 0.003       | 0.000      | 0.025      |             | 0.034  | 1.193r         |
| u_core.decoded_execute_packet_38__OAI21_X1_ZN_B2_OAI211_X2_C2_C1_AND3_X1_ZN_A3 (net)                                 | 2      |             |            |            | 0.000       |        |                |
| u_core.decoded_execute_packet_38__OAI21_X1_ZN_B2_OAI211_X2_C2_C1_AND3_X1_ZN:A3 (AND3_X1)                             |        | 0.001       | 0.000      | 0.025      |             | 0.000  | 1.193r         |
| u_core.decoded_execute_packet_38__OAI21_X1_ZN_B2_OAI211_X2_C2_C1_AND3_X1_ZN:ZN (AND3_X1)                             |        | 0.005       | 0.000      | 0.017      |             | 0.056  | 1.249r         |
| u_core.decoded_execute_packet_38__OAI21_X1_ZN_B2_OAI211_X2_C2_C1 (net)                                               | 2      |             |            |            | 0.000       |        |                |
| u_core.decoded_execute_packet_38__OAI21_X1_ZN_B2_OAI211_X2_C2:C1 (OAI211_X2)                                         |        | 0.003       | 0.000      | 0.017      |             | 0.000  | 1.249r         |
| u_core.decoded_execute_packet_38__OAI21_X1_ZN_B2_OAI211_X2_C2:ZN (OAI211_X2)                                         |        | 0.004       | 0.000      | 0.023      |             | 0.024  | 1.273f         |
| u_core.decoded_execute_packet_38__OAI21_X1_ZN_B2_OAI211_X2_C2_ZN (net)                                               | 3      |             |            |            | 0.000       |        |                |
| u_core.u_icache.lookup_s1_present_q_reg_p_D_NOR3_X1_ZN_A1_OAI211_X1_ZN_C1_AOI21_X1_ZN:B1 (AOI21_X1)                  |        | 0.002       | 0.000      | 0.023      |             | 0.000  | 1.273f         |
| u_core.u_icache.lookup_s1_present_q_reg_p_D_NOR3_X1_ZN_A1_OAI211_X1_ZN_C1_AOI21_X1_ZN:ZN (AOI21_X1)                  |        | 0.008       | 0.000      | 0.051      |             | 0.064  | 1.337r         |
| u_core.u_icache.lookup_s1_present_q_reg_p_D_NOR3_X1_ZN_A1_OAI211_X1_ZN_C1 (net)                                      | 2      |             |            |            | 0.000       |        |                |
| u_core.u_fence_i_ctrl.icache_lookup_stalled_q_reg_p_D_AOI21_X1_ZN_B2_OAI211_X4_B:C1 (OAI211_X4)                      |        | 0.006       | 0.000      | 0.051      |             | 0.000  | 1.337r         |
| u_core.u_fence_i_ctrl.icache_lookup_stalled_q_reg_p_D_AOI21_X1_ZN_B2_OAI211_X4_B:ZN (OAI211_X4)                      |        | 0.010       | 0.000      | 0.023      |             | 0.034  | 1.371f         |
| u_core.u_ifu.predictor_fetch_pc_d_31__OR2_X1_ZN_A1_AOI221_X1_ZN_C1 (net)                                             | 6      |             |            |            | 0.000       |        |                |
| u_core.u_ifu.predictor_fetch_pc_d_31__OR2_X1_ZN_A1_AOI221_X1_ZN_C1_NAND2_X2_A1:A1 (NAND2_X2)                         |        | 0.003       | 0.000      | 0.023      |             | 0.000  | 1.371f         |
| u_core.u_ifu.predictor_fetch_pc_d_31__OR2_X1_ZN_A1_AOI221_X1_ZN_C1_NAND2_X2_A1:ZN (NAND2_X2)                         |        | 0.020       | 0.000      | 0.030      |             | 0.042  | 1.413r         |
| u_core.u_fetch_buffer.read_index_d_NOR3_X1_ZN_A1_NOR3_X4_A3_A1 (net)                                                 | 9      |             |            |            | 0.000       |        |                |
| u_core.u_ifu.predictor_fetch_pc_d_5__OR2_X1_ZN_A1_NOR3_X1_ZN_A1_OAI211_X1_ZN:A (OAI211_X1)                           |        | 0.002       | 0.000      | 0.030      |             | 0.000  | 1.413r         |
| u_core.u_ifu.predictor_fetch_pc_d_5__OR2_X1_ZN_A1_NOR3_X1_ZN_A1_OAI211_X1_ZN:ZN (OAI211_X1)                          |        | 0.010       | 0.000      | 0.048      |             | 0.062  | 1.475f         |
| u_core.u_ifu.predictor_fetch_pc_d_5__OR2_X1_ZN_A1_NOR3_X1_ZN_A1 (net)                                                | 6      |             |            |            | 0.000       |        |                |
| u_core.u_ifu.predictor_fetch_pc_d_5__OR2_X1_ZN_A1_NOR3_X1_ZN_A1_BUF_X4_A:A (BUF_X4)                                  |        | 0.003       | 0.000      | 0.048      |             | 0.000  | 1.475f         |
| u_core.u_ifu.predictor_fetch_pc_d_5__OR2_X1_ZN_A1_NOR3_X1_ZN_A1_BUF_X4_A:Z (BUF_X4)                                  |        | 0.035       | 0.000      | 0.013      |             | 0.053  | 1.528f         |
| u_core.u_ifu.predictor_fetch_pc_d_24__OAI21_X1_ZN_B2 (net)                                                           | 24     |             |            |            | 0.000       |        |                |
| u_core.u_ifu.lookup_queue_write_index_q_reg_p_CK_CLKGATE_X1_GCK_E_OAI22_X1_ZN:A2 (OAI22_X1)                          |        | 0.002       | 0.000      | 0.013      |             | 0.000  | 1.528f         |
| u_core.u_ifu.lookup_queue_write_index_q_reg_p_CK_CLKGATE_X1_GCK_E_OAI22_X1_ZN:ZN (OAI22_X1)                          |        | 0.001       | 0.000      | 0.028      |             | 0.030  | 1.558r         |
| u_core.u_ifu.lookup_queue_write_index_q_reg_p_CK_CLKGATE_X1_GCK_E (net)                                              | 1      |             |            |            | 0.000       |        |                |
| u_core.u_ifu.lookup_queue_write_index_q_reg_p_CK_CLKGATE_X1_GCK:E (CLKGATE_X1)                                       |        | 0.001       | 0.000      | 0.028      |             | 0.000  | 1.558r         |
|                                                                                                                      |        |             |            |            |             |        |                |
| clk_i (port)                                                                                                         |        | 0.947       | 0.000      | 0.100      |             | 0.000  | 0.000r         |
| clk_i (clock net)                                                                                                    | 549    |             |            |            | NA          |        |                |
| u_core.u_ifu.lookup_queue_write_index_q_reg_p_CK_CLKGATE_X1_GCK:CK (CLKGATE_X1)                                      |        | 0.002       | 0.000      | 0.000      |             | 0.000  | 0.000r         |
| clock core_clock (rise edge)                                                                                         |        |             |            |            |             | 1.666  | 1.666          |
| clock network delay (ideal)                                                                                          |        |             |            |            |             | 0.000  | 1.666          |
| u_core.u_ifu.lookup_queue_write_index_q_reg_p_CK_CLKGATE_X1_GCK:CK (CLKGATE_X1)                                      |        |             |            |            |             |        | 1.666r         |
| library setup time                                                                                                   |        |             |            |            |             | -0.054 | 1.612          |
| clock reconvergence pessimism                                                                                        |        |             |            |            |             | 0.000  | 1.612          |
|                                                                                                                      |        |             |            |            |             |        |                |
| path cell delay                                                                                                      |        |             |            |            |             |        | 1.224(78.602%) |
| path net delay                                                                                                       |        |             |            |            |             |        | 0.000(0.000%)  |
|                                                                                                                      |        |             |            |            |             |        |                |
| data require time                                                                                                    |        |             |            |            |             |        | 1.612          |
| data arrival time                                                                                                    |        |             |            |            |             |        | 1.558          |
| slack (MET)                                                                                                          |        |             |            |            |             |        | 0.054          |
+----------------------------------------------------------------------------------------------------------------------+--------+-------------+------------+------------+-------------+--------+----------------+
+---------------------------------------------------------------------------------------------------------------+--------+-------------+------------+------------+-------------+--------+----------------+
| Point                                                                                                         | Fanout | Capacitance | Resistance | Transition | Delta Delay | Incr   | Path           |
+---------------------------------------------------------------------------------------------------------------+--------+-------------+------------+------------+-------------+--------+----------------+
| instruction_axi4_manager_i_0_ (port)                                                                          |        | 0.009       | 0.000      | 0.100      |             | 0.000  | 0.000r         |
| clock core_clock (rise edge)                                                                                  |        |             |            |            |             | 0      | 0              |
| clock network delay (ideal)                                                                                   |        |             |            |            |             | 0.000  | 0.000          |
| instruction_axi4_manager_i_0_ (port)                                                                          |        | 0.009       | 0.000      | 0.100      |             | 0.333  | 0.333r         |
| instruction_axi4_manager_i_0_ (net)                                                                           | 6      |             |            |            | 0.000       |        |                |
| u_core.u_icache.refill_data_write_valid_NOR4_X1_ZN_A1_NAND2_X1_ZN:A1 (NAND2_X1)                               |        | 0.002       | 0.000      | 0.100      |             | 0.000  | 0.333r         |
| u_core.u_icache.refill_data_write_valid_NOR4_X1_ZN_A1_NAND2_X1_ZN:ZN (NAND2_X1)                               |        | 0.004       | 0.000      | 0.030      |             | 0.036  | 0.369f         |
| u_core.u_icache.refill_data_write_valid_NOR4_X1_ZN_A1 (net)                                                   | 3      |             |            |            | 0.000       |        |                |
| u_core.u_icache.u_riscv32_icache_miss_unit.lookup_response_generated_q_NOR4_X1_A3:A2 (NOR4_X1)                |        | 0.002       | 0.000      | 0.030      |             | 0.000  | 0.369f         |
| u_core.u_icache.u_riscv32_icache_miss_unit.lookup_response_generated_q_NOR4_X1_A3:ZN (NOR4_X1)                |        | 0.005       | 0.000      | 0.083      |             | 0.117  | 0.486r         |
| u_core.icache_refill_resp_ready_AOI221_X1_C2_B1_NOR4_X1_A2_A4_AOI211_X1_ZN_C2 (net)                           | 3      |             |            |            | 0.000       |        |                |
| u_core.icache_refill_resp_ready_AOI221_X1_C2_B1_NOR4_X1_A2_A4_AOI211_X1_ZN_C1_NAND2_X1_A1:A2 (NAND2_X1)       |        | 0.002       | 0.000      | 0.083      |             | 0.000  | 0.486r         |
| u_core.icache_refill_resp_ready_AOI221_X1_C2_B1_NOR4_X1_A2_A4_AOI211_X1_ZN_C1_NAND2_X1_A1:ZN (NAND2_X1)       |        | 0.011       | 0.000      | 0.030      |             | 0.052  | 0.538f         |
| u_core.u_icache.local_lookup_resp_2__NAND3_X1_A2_A1 (net)                                                     | 7      |             |            |            | 0.000       |        |                |
| u_core.u_icache.local_lookup_resp_2__NAND3_X1_A2_A1_NAND2_X1_A1:A1 (NAND2_X1)                                 |        | 0.002       | 0.000      | 0.030      |             | 0.000  | 0.538f         |
| u_core.u_icache.local_lookup_resp_2__NAND3_X1_A2_A1_NAND2_X1_A1:ZN (NAND2_X1)                                 |        | 0.002       | 0.000      | 0.013      |             | 0.024  | 0.561r         |
| u_core.u_icache.local_lookup_resp_2__NAND3_X1_A2_A1_NAND2_X1_A1_ZN (net)                                      | 1      |             |            |            | 0.000       |        |                |
| u_core.u_icache.local_lookup_resp_2__NAND3_X1_A2_A1_NAND2_X1_A1_ZN_BUF_X2_A:A (BUF_X2)                        |        | 0.002       | 0.000      | 0.013      |             | 0.000  | 0.561r         |
| u_core.u_icache.local_lookup_resp_2__NAND3_X1_A2_A1_NAND2_X1_A1_ZN_BUF_X2_A:Z (BUF_X2)                        |        | 0.035       | 0.000      | 0.043      |             | 0.061  | 0.623r         |
| u_core.u_icache.miss_lookup_resp_2__NAND2_X1_A2_A1 (net)                                                      | 22     |             |            |            | 0.000       |        |                |
| u_core.icache_lookup_resp_11__OAI21_X1_ZN_A_NAND2_X1_ZN:A1 (NAND2_X1)                                         |        | 0.002       | 0.000      | 0.043      |             | 0.000  | 0.623r         |
| u_core.icache_lookup_resp_11__OAI21_X1_ZN_A_NAND2_X1_ZN:ZN (NAND2_X1)                                         |        | 0.004       | 0.000      | 0.019      |             | 0.030  | 0.653f         |
| u_core.icache_lookup_resp_11__OAI21_X1_ZN_A (net)                                                             | 2      |             |            |            | 0.000       |        |                |
| u_core.icache_lookup_resp_11__OAI21_X1_ZN_A_OAI211_X2_B:B (OAI211_X2)                                         |        | 0.003       | 0.000      | 0.019      |             | 0.000  | 0.653f         |
| u_core.icache_lookup_resp_11__OAI21_X1_ZN_A_OAI211_X2_B:ZN (OAI211_X2)                                        |        | 0.010       | 0.000      | 0.037      |             | 0.036  | 0.688r         |
| u_core.icache_lookup_resp_11__OAI21_X1_ZN_A_OAI211_X2_B_ZN (net)                                              | 5      |             |            |            | 0.000       |        |                |
| u_core.u_fetch_buffer.entry_array_q[0]_74__MUX2_X1_A_Z_OAI21_X2_B1:A (OAI21_X2)                               |        | 0.003       | 0.000      | 0.037      |             | 0.000  | 0.688r         |
| u_core.u_fetch_buffer.entry_array_q[0]_74__MUX2_X1_A_Z_OAI21_X2_B1:ZN (OAI21_X2)                              |        | 0.022       | 0.000      | 0.043      |             | 0.048  | 0.736f         |
| u_core.decoded_execute_packet_268__INV_X1_ZN_A (net)                                                          | 13     |             |            |            | 0.000       |        |                |
| u_core.execute_packet_154__reg_p_D_INV_X1_ZN_A_NAND4_X1_ZN_A2_NOR3_X2_ZN:A2 (NOR3_X2)                         |        | 0.003       | 0.000      | 0.043      |             | 0.000  | 0.736f         |
| u_core.execute_packet_154__reg_p_D_INV_X1_ZN_A_NAND4_X1_ZN_A2_NOR3_X2_ZN:ZN (NOR3_X2)                         |        | 0.011       | 0.000      | 0.058      |             | 0.092  | 0.829r         |
| u_core.execute_packet_154__reg_p_D_INV_X1_ZN_A_NAND4_X1_ZN_A2 (net)                                           | 6      |             |            |            | 0.000       |        |                |
| u_core.execute_packet_154__reg_p_D_INV_X1_ZN_A_NAND4_X1_ZN_A2_NAND4_X2_A2:A2 (NAND4_X2)                       |        | 0.003       | 0.000      | 0.058      |             | 0.000  | 0.829r         |
| u_core.execute_packet_154__reg_p_D_INV_X1_ZN_A_NAND4_X1_ZN_A2_NAND4_X2_A2:ZN (NAND4_X2)                       |        | 0.027       | 0.000      | 0.070      |             | 0.090  | 0.919f         |
| u_core.execute_packet_142__reg_p_D_AOI211_X1_ZN_A (net)                                                       | 18     |             |            |            | 0.000       |        |                |
| u_core.decoded_execute_packet_209__INV_X1_ZN_A_OR3_X1_ZN_A2_AND3_X1_ZN_A1_OAI211_X2_A_B_OR4_X1_ZN:A1 (OR4_X1) |        | 0.001       | 0.000      | 0.070      |             | 0.000  | 0.919f         |
| u_core.decoded_execute_packet_209__INV_X1_ZN_A_OR3_X1_ZN_A2_AND3_X1_ZN_A1_OAI211_X2_A_B_OR4_X1_ZN:ZN (OR4_X1) |        | 0.004       | 0.000      | 0.022      |             | 0.121  | 1.040f         |
| u_core.decoded_execute_packet_209__INV_X1_ZN_A_OR3_X1_ZN_A2_AND3_X1_ZN_A1_OAI211_X2_A_B (net)                 | 2      |             |            |            | 0.000       |        |                |
| u_core.decoded_execute_packet_209__INV_X1_ZN_A_OR3_X1_ZN_A2_AND3_X1_ZN_A1_OAI211_X2_A:B (OAI211_X2)           |        | 0.003       | 0.000      | 0.022      |             | 0.000  | 1.040f         |
| u_core.decoded_execute_packet_209__INV_X1_ZN_A_OR3_X1_ZN_A2_AND3_X1_ZN_A1_OAI211_X2_A:ZN (OAI211_X2)          |        | 0.011       | 0.000      | 0.040      |             | 0.038  | 1.079r         |
| u_core.execute_forwardable_producer_present_NAND4_X1_A4_A2 (net)                                              | 8      |             |            |            | 0.000       |        |                |
| u_core.completion_result_169__MUX2_X1_Z_B_NOR4_X1_A1_A3_NAND4_X1_ZN:A2 (NAND4_X1)                             |        | 0.002       | 0.000      | 0.040      |             | 0.000  | 1.079r         |
| u_core.completion_result_169__MUX2_X1_Z_B_NOR4_X1_A1_A3_NAND4_X1_ZN:ZN (NAND4_X1)                             |        | 0.004       | 0.000      | 0.034      |             | 0.050  | 1.129f         |
| u_core.completion_result_169__MUX2_X1_Z_B_NOR4_X1_A1_A3 (net)                                                 | 3      |             |            |            | 0.000       |        |                |
| u_core.completion_result_169__MUX2_X1_Z_B_NOR4_X1_A1_A3_NOR2_X1_A1:A1 (NOR2_X1)                               |        | 0.002       | 0.000      | 0.034      |             | 0.000  | 1.129f         |
| u_core.completion_result_169__MUX2_X1_Z_B_NOR4_X1_A1_A3_NOR2_X1_A1:ZN (NOR2_X1)                               |        | 0.003       | 0.000      | 0.028      |             | 0.047  | 1.176r         |
| u_core.completion_result_169__MUX2_X1_Z_B_NOR4_X1_A1_A3_NOR2_X1_A1_ZN (net)                                   | 1      |             |            |            | 0.000       |        |                |
| u_core.completion_result_169__MUX2_X1_Z_B_NOR4_X1_A1_A3_NOR2_X1_A1_ZN_BUF_X4_A:A (BUF_X4)                     |        | 0.003       | 0.000      | 0.028      |             | 0.000  | 1.176r         |
| u_core.completion_result_169__MUX2_X1_Z_B_NOR4_X1_A1_A3_NOR2_X1_A1_ZN_BUF_X4_A:Z (BUF_X4)                     |        | 0.032       | 0.000      | 0.022      |             | 0.042  | 1.217r         |
| u_core.commit_39__reg_p_D_OAI21_X1_ZN_B2_OAI21_X1_B2_ZN_NAND4_X1_A3_A1 (net)                                  | 20     |             |            |            | 0.000       |        |                |
| u_core.decoded_execute_packet_38__OAI21_X1_ZN_B2_OAI211_X2_C2_C1_AND3_X1_ZN_A3_OAI21_X1_ZN:B1 (OAI21_X1)      |        | 0.002       | 0.000      | 0.022      |             | 0.000  | 1.217r         |
| u_core.decoded_execute_packet_38__OAI21_X1_ZN_B2_OAI211_X2_C2_C1_AND3_X1_ZN_A3_OAI21_X1_ZN:ZN (OAI21_X1)      |        | 0.002       | 0.000      | 0.035      |             | 0.021  | 1.238f         |
| u_core.decoded_execute_packet_38__OAI21_X1_ZN_B2_OAI211_X2_C2_C1_AND3_X1_ZN_A3 (net)                          | 2      |             |            |            | 0.000       |        |                |
| u_core.decoded_execute_packet_38__OAI21_X1_ZN_B2_OAI211_X2_C2_C1_AND3_X1_ZN:A3 (AND3_X1)                      |        | 0.001       | 0.000      | 0.035      |             | 0.000  | 1.238f         |
| u_core.decoded_execute_packet_38__OAI21_X1_ZN_B2_OAI211_X2_C2_C1_AND3_X1_ZN:ZN (AND3_X1)                      |        | 0.004       | 0.000      | 0.010      |             | 0.055  | 1.293f         |
| u_core.decoded_execute_packet_38__OAI21_X1_ZN_B2_OAI211_X2_C2_C1 (net)                                        | 2      |             |            |            | 0.000       |        |                |
| u_core.decoded_execute_packet_38__OAI21_X1_ZN_B2_OAI211_X2_C2:C1 (OAI211_X2)                                  |        | 0.003       | 0.000      | 0.010      |             | 0.000  | 1.293f         |
| u_core.decoded_execute_packet_38__OAI21_X1_ZN_B2_OAI211_X2_C2:ZN (OAI211_X2)                                  |        | 0.005       | 0.000      | 0.025      |             | 0.035  | 1.327r         |
| u_core.decoded_execute_packet_38__OAI21_X1_ZN_B2_OAI211_X2_C2_ZN (net)                                        | 3      |             |            |            | 0.000       |        |                |
| u_core.u_icache.lookup_s1_present_q_reg_p_D_NOR3_X1_ZN_A1_OAI211_X1_ZN_C1_AOI21_X1_ZN:B1 (AOI21_X1)           |        | 0.002       | 0.000      | 0.025      |             | 0.000  | 1.327r         |
| u_core.u_icache.lookup_s1_present_q_reg_p_D_NOR3_X1_ZN_A1_OAI211_X1_ZN_C1_AOI21_X1_ZN:ZN (AOI21_X1)           |        | 0.007       | 0.000      | 0.020      |             | 0.033  | 1.360f         |
| u_core.u_icache.lookup_s1_present_q_reg_p_D_NOR3_X1_ZN_A1_OAI211_X1_ZN_C1 (net)                               | 2      |             |            |            | 0.000       |        |                |
| u_core.u_fence_i_ctrl.icache_lookup_stalled_q_reg_p_D_AOI21_X1_ZN_B2_OAI211_X4_B:C1 (OAI211_X4)               |        | 0.006       | 0.000      | 0.020      |             | 0.000  | 1.360f         |
| u_core.u_fence_i_ctrl.icache_lookup_stalled_q_reg_p_D_AOI21_X1_ZN_B2_OAI211_X4_B:ZN (OAI211_X4)               |        | 0.011       | 0.000      | 0.028      |             | 0.041  | 1.402r         |
| u_core.u_ifu.predictor_fetch_pc_d_31__OR2_X1_ZN_A1_AOI221_X1_ZN_C1 (net)                                      | 6      |             |            |            | 0.000       |        |                |
| u_core.u_ifu.predictor_fetch_pc_d_31__OR2_X1_ZN_A1_AOI221_X1_ZN_C1_NAND2_X2_A1:A1 (NAND2_X2)                  |        | 0.003       | 0.000      | 0.028      |             | 0.000  | 1.402r         |
| u_core.u_ifu.predictor_fetch_pc_d_31__OR2_X1_ZN_A1_AOI221_X1_ZN_C1_NAND2_X2_A1:ZN (NAND2_X2)                  |        | 0.017       | 0.000      | 0.027      |             | 0.035  | 1.437f         |
| u_core.u_fetch_buffer.read_index_d_NOR3_X1_ZN_A1_NOR3_X4_A3_A1 (net)                                          | 9      |             |            |            | 0.000       |        |                |
| u_core.u_ifu.predictor_fetch_pc_d_5__OR2_X1_ZN_A1_NOR3_X1_ZN_A1_OAI211_X1_ZN:A (OAI211_X1)                    |        | 0.002       | 0.000      | 0.027      |             | 0.000  | 1.437f         |
| u_core.u_ifu.predictor_fetch_pc_d_5__OR2_X1_ZN_A1_NOR3_X1_ZN_A1_OAI211_X1_ZN:ZN (OAI211_X1)                   |        | 0.012       | 0.000      | 0.073      |             | 0.057  | 1.494r         |
| u_core.u_ifu.predictor_fetch_pc_d_5__OR2_X1_ZN_A1_NOR3_X1_ZN_A1 (net)                                         | 6      |             |            |            | 0.000       |        |                |
| u_core.u_ifu.predictor_fetch_pc_d_5__OR2_X1_ZN_A1_NOR3_X1_ZN_A1_BUF_X4_A:A (BUF_X4)                           |        | 0.003       | 0.000      | 0.073      |             | 0.000  | 1.494r         |
| u_core.u_ifu.predictor_fetch_pc_d_5__OR2_X1_ZN_A1_NOR3_X1_ZN_A1_BUF_X4_A:Z (BUF_X4)                           |        | 0.038       | 0.000      | 0.025      |             | 0.050  | 1.544r         |
| u_core.u_ifu.predictor_fetch_pc_d_24__OAI21_X1_ZN_B2 (net)                                                    | 24     |             |            |            | 0.000       |        |                |
| u_core.u_ifu.predictor_fetch_pc_d_24__OAI21_X1_ZN_B2_INV_X1_A:A (INV_X1)                                      |        | 0.002       | 0.000      | 0.025      |             | 0.000  | 1.544r         |
| u_core.u_ifu.predictor_fetch_pc_d_24__OAI21_X1_ZN_B2_INV_X1_A:ZN (INV_X1)                                     |        | 0.001       | 0.000      | 0.007      |             | 0.007  | 1.551f         |
| u_core.u_ifu.predictor_fetch_pc_d_24__OAI21_X1_ZN_B2_INV_X1_A_ZN (net)                                        | 1      |             |            |            | 0.000       |        |                |
| u_core.u_ifu.predictor_fetch_pc_d_24__OAI21_X1_ZN_B2_INV_X1_A_ZN_CLKGATE_X1_E:E (CLKGATE_X1)                  |        | 0.001       | 0.000      | 0.007      |             | 0.000  | 1.551f         |
|                                                                                                               |        |             |            |            |             |        |                |
| clk_i (port)                                                                                                  |        | 0.947       | 0.000      | 0.100      |             | 0.000  | 0.000r         |
| clk_i (clock net)                                                                                             | 549    |             |            |            | NA          |        |                |
| u_core.u_ifu.predictor_fetch_pc_d_24__OAI21_X1_ZN_B2_INV_X1_A_ZN_CLKGATE_X1_E:CK (CLKGATE_X1)                 |        | 0.002       | 0.000      | 0.000      |             | 0.000  | 0.000r         |
| clock core_clock (rise edge)                                                                                  |        |             |            |            |             | 1.666  | 1.666          |
| clock network delay (ideal)                                                                                   |        |             |            |            |             | 0.000  | 1.666          |
| u_core.u_ifu.predictor_fetch_pc_d_24__OAI21_X1_ZN_B2_INV_X1_A_ZN_CLKGATE_X1_E:CK (CLKGATE_X1)                 |        |             |            |            |             |        | 1.666r         |
| library setup time                                                                                            |        |             |            |            |             | -0.045 | 1.621          |
| clock reconvergence pessimism                                                                                 |        |             |            |            |             | 0.000  | 1.621          |
|                                                                                                               |        |             |            |            |             |        |                |
| path cell delay                                                                                               |        |             |            |            |             |        | 1.218(78.512%) |
| path net delay                                                                                                |        |             |            |            |             |        | 0.000(0.000%)  |
|                                                                                                               |        |             |            |            |             |        |                |
| data require time                                                                                             |        |             |            |            |             |        | 1.621          |
| data arrival time                                                                                             |        |             |            |            |             |        | 1.551          |
| slack (MET)                                                                                                   |        |             |            |            |             |        | 0.070          |
+---------------------------------------------------------------------------------------------------------------+--------+-------------+------------+------------+-------------+--------+----------------+
+----------------------------------------------------------------------------------------------------------------------+--------+-------------+------------+------------+-------------+--------+----------------+
| Point                                                                                                                | Fanout | Capacitance | Resistance | Transition | Delta Delay | Incr   | Path           |
+----------------------------------------------------------------------------------------------------------------------+--------+-------------+------------+------------+-------------+--------+----------------+
| instruction_axi4_manager_i_3_ (port)                                                                                 |        | 0.002       | 0.000      | 0.100      |             | 0.000  | 0.000r         |
| clock core_clock (rise edge)                                                                                         |        |             |            |            |             | 0      | 0              |
| clock network delay (ideal)                                                                                          |        |             |            |            |             | 0.000  | 0.000          |
| instruction_axi4_manager_i_3_ (port)                                                                                 |        | 0.001       | 0.000      | 0.100      |             | 0.333  | 0.333f         |
| instruction_axi4_manager_i_3_ (net)                                                                                  | 1      |             |            |            | 0.000       |        |                |
| u_core.u_icache.u_riscv32_icache_miss_unit.refill_access_fault_seen_q_AOI21_X1_A:B2 (AOI21_X1)                       |        | 0.002       | 0.000      | 0.100      |             | 0.000  | 0.333f         |
| u_core.u_icache.u_riscv32_icache_miss_unit.refill_access_fault_seen_q_AOI21_X1_A:ZN (AOI21_X1)                       |        | 0.007       | 0.000      | 0.056      |             | 0.100  | 0.433r         |
| u_core.u_icache.u_riscv32_icache_miss_unit.refill_access_fault_seen_q_AOI21_X1_A_ZN (net)                            | 4      |             |            |            | 0.000       |        |                |
| u_core.u_icache.u_riscv32_icache_miss_unit.refill_access_fault_seen_q_AOI21_X1_A_ZN_INV_X1_A:A (INV_X1)              |        | 0.002       | 0.000      | 0.056      |             | 0.000  | 0.433r         |
| u_core.u_icache.u_riscv32_icache_miss_unit.refill_access_fault_seen_q_AOI21_X1_A_ZN_INV_X1_A:ZN (INV_X1)             |        | 0.033       | 0.000      | 0.040      |             | 0.067  | 0.500f         |
| u_core.u_icache.refill_data_write_valid_NOR4_X1_ZN_A3 (net)                                                          | 21     |             |            |            | 0.000       |        |                |
| u_core.u_icache.u_riscv32_icache_miss_unit.lookup_resp_present_q_NOR3_X2_A3:A2 (NOR3_X2)                             |        | 0.003       | 0.000      | 0.040      |             | 0.000  | 0.500f         |
| u_core.u_icache.u_riscv32_icache_miss_unit.lookup_resp_present_q_NOR3_X2_A3:ZN (NOR3_X2)                             |        | 0.021       | 0.000      | 0.090      |             | 0.127  | 0.626r         |
| u_core.u_icache.u_riscv32_icache_miss_unit.lookup_resp_data_q_8__AOI22_X1_A2_B1 (net)                                | 13     |             |            |            | 0.000       |        |                |
| u_core.u_icache.u_riscv32_icache_miss_unit.lookup_resp_data_q_15__AOI22_X1_A2:B1 (AOI22_X1)                          |        | 0.002       | 0.000      | 0.090      |             | 0.000  | 0.626r         |
| u_core.u_icache.u_riscv32_icache_miss_unit.lookup_resp_data_q_15__AOI22_X1_A2:ZN (AOI22_X1)                          |        | 0.003       | 0.000      | 0.027      |             | 0.040  | 0.666f         |
| u_core.u_icache.u_riscv32_icache_miss_unit.lookup_resp_data_q_15__AOI22_X1_A2_ZN (net)                               | 2      |             |            |            | 0.000       |        |                |
| u_core.u_icache.array_read_word_data_array_15__INV_X1_A_ZN_OAI22_X1_A1:B1 (OAI22_X1)                                 |        | 0.002       | 0.000      | 0.027      |             | 0.000  | 0.666f         |
| u_core.u_icache.array_read_word_data_array_15__INV_X1_A_ZN_OAI22_X1_A1:ZN (OAI22_X1)                                 |        | 0.010       | 0.000      | 0.074      |             | 0.092  | 0.758r         |
| u_core.u_regfile.gpr_array_q[7]_1__reg_p_QN_OAI211_X1_A_C1 (net)                                                     | 7      |             |            |            | 0.000       |        |                |
| u_core.u_regfile.gpr_array_q[7]_1__reg_p_QN_OAI211_X1_A_C1_OAI21_X1_B1:B1 (OAI21_X1)                                 |        | 0.002       | 0.000      | 0.074      |             | 0.000  | 0.758r         |
| u_core.u_regfile.gpr_array_q[7]_1__reg_p_QN_OAI211_X1_A_C1_OAI21_X1_B1:ZN (OAI21_X1)                                 |        | 0.002       | 0.000      | 0.021      |             | 0.022  | 0.780f         |
| u_core.u_regfile.gpr_array_q[7]_1__reg_p_QN_OAI211_X1_A_C1_OAI21_X1_B1_ZN (net)                                      | 1      |             |            |            | 0.000       |        |                |
| u_core.u_regfile.gpr_array_q[7]_1__reg_p_QN_OAI211_X1_A_C1_OAI21_X1_B1_ZN_BUF_X2_A:A (BUF_X2)                        |        | 0.002       | 0.000      | 0.021      |             | 0.000  | 0.780f         |
| u_core.u_regfile.gpr_array_q[7]_1__reg_p_QN_OAI211_X1_A_C1_OAI21_X1_B1_ZN_BUF_X2_A:Z (BUF_X2)                        |        | 0.029       | 0.000      | 0.018      |             | 0.050  | 0.830f         |
| u_core.u_regfile.gpr_array_q[4]_1__reg_p_QN_AOI221_X1_C1_C2 (net)                                                    | 20     |             |            |            | 0.000       |        |                |
| u_core.icache_lookup_resp_24__OAI211_X1_C1_B_AND3_X1_A2_ZN_OAI221_X1_B2_A_AOI22_X1_ZN:A2 (AOI22_X1)                  |        | 0.002       | 0.000      | 0.018      |             | 0.000  | 0.830f         |
| u_core.icache_lookup_resp_24__OAI211_X1_C1_B_AND3_X1_A2_ZN_OAI221_X1_B2_A_AOI22_X1_ZN:ZN (AOI22_X1)                  |        | 0.002       | 0.000      | 0.019      |             | 0.029  | 0.860r         |
| u_core.icache_lookup_resp_24__OAI211_X1_C1_B_AND3_X1_A2_ZN_OAI221_X1_B2_A (net)                                      | 1      |             |            |            | 0.000       |        |                |
| u_core.icache_lookup_resp_24__OAI211_X1_C1_B_AND3_X1_A2_ZN_OAI221_X1_B2:A (OAI221_X1)                                |        | 0.002       | 0.000      | 0.019      |             | 0.000  | 0.860r         |
| u_core.icache_lookup_resp_24__OAI211_X1_C1_B_AND3_X1_A2_ZN_OAI221_X1_B2:ZN (OAI221_X1)                               |        | 0.002       | 0.000      | 0.028      |             | 0.034  | 0.894f         |
| u_core.icache_lookup_resp_24__OAI211_X1_C1_B_AND3_X1_A2_ZN_OAI221_X1_B2_ZN (net)                                     | 1      |             |            |            | 0.000       |        |                |
| u_core.icache_lookup_resp_24__OAI211_X1_C1_B_AND3_X1_A2_ZN_OAI221_X1_B2_ZN_NOR3_X1_A3:A3 (NOR3_X1)                   |        | 0.002       | 0.000      | 0.028      |             | 0.000  | 0.894f         |
| u_core.icache_lookup_resp_24__OAI211_X1_C1_B_AND3_X1_A2_ZN_OAI221_X1_B2_ZN_NOR3_X1_A3:ZN (NOR3_X1)                   |        | 0.008       | 0.000      | 0.078      |             | 0.113  | 1.007r         |
| u_core.decoded_execute_packet_94__OAI21_X1_ZN_B2_AND4_X1_ZN_A3 (net)                                                 | 6      |             |            |            | 0.000       |        |                |
| u_core.decoded_execute_packet_209__INV_X1_ZN_A_OR3_X1_ZN_A2_AND3_X1_ZN_A3_OAI33_X1_A1_ZN_OAI211_X1_C2:A (OAI211_X1)  |        | 0.002       | 0.000      | 0.078      |             | 0.000  | 1.007r         |
| u_core.decoded_execute_packet_209__INV_X1_ZN_A_OR3_X1_ZN_A2_AND3_X1_ZN_A3_OAI33_X1_A1_ZN_OAI211_X1_C2:ZN (OAI211_X1) |        | 0.005       | 0.000      | 0.033      |             | 0.056  | 1.063f         |
| u_core.completion_result_169__MUX2_X1_Z_B_NOR4_X1_A1_A3_NAND4_X1_ZN_A3 (net)                                         | 3      |             |            |            | 0.000       |        |                |
| u_core.completion_result_169__MUX2_X1_Z_B_NOR4_X1_A1_A3_NAND4_X1_ZN:A3 (NAND4_X1)                                    |        | 0.002       | 0.000      | 0.033      |             | 0.000  | 1.063f         |
| u_core.completion_result_169__MUX2_X1_Z_B_NOR4_X1_A1_A3_NAND4_X1_ZN:ZN (NAND4_X1)                                    |        | 0.005       | 0.000      | 0.026      |             | 0.045  | 1.108r         |
| u_core.completion_result_169__MUX2_X1_Z_B_NOR4_X1_A1_A3 (net)                                                        | 3      |             |            |            | 0.000       |        |                |
| u_core.completion_result_169__MUX2_X1_Z_B_NOR4_X1_A1_A3_NOR2_X1_A1:A1 (NOR2_X1)                                      |        | 0.002       | 0.000      | 0.026      |             | 0.000  | 1.108r         |
| u_core.completion_result_169__MUX2_X1_Z_B_NOR4_X1_A1_A3_NOR2_X1_A1:ZN (NOR2_X1)                                      |        | 0.003       | 0.000      | 0.010      |             | 0.016  | 1.124f         |
| u_core.completion_result_169__MUX2_X1_Z_B_NOR4_X1_A1_A3_NOR2_X1_A1_ZN (net)                                          | 1      |             |            |            | 0.000       |        |                |
| u_core.completion_result_169__MUX2_X1_Z_B_NOR4_X1_A1_A3_NOR2_X1_A1_ZN_BUF_X4_A:A (BUF_X4)                            |        | 0.003       | 0.000      | 0.010      |             | 0.000  | 1.124f         |
| u_core.completion_result_169__MUX2_X1_Z_B_NOR4_X1_A1_A3_NOR2_X1_A1_ZN_BUF_X4_A:Z (BUF_X4)                            |        | 0.031       | 0.000      | 0.011      |             | 0.035  | 1.159f         |
| u_core.commit_39__reg_p_D_OAI21_X1_ZN_B2_OAI21_X1_B2_ZN_NAND4_X1_A3_A1 (net)                                         | 20     |             |            |            | 0.000       |        |                |
| u_core.decoded_execute_packet_38__OAI21_X1_ZN_B2_OAI211_X2_C2_C1_AND3_X1_ZN_A3_OAI21_X1_ZN:B1 (OAI21_X1)             |        | 0.002       | 0.000      | 0.011      |             | 0.000  | 1.159f         |
| u_core.decoded_execute_packet_38__OAI21_X1_ZN_B2_OAI211_X2_C2_C1_AND3_X1_ZN_A3_OAI21_X1_ZN:ZN (OAI21_X1)             |        | 0.003       | 0.000      | 0.025      |             | 0.034  | 1.193r         |
| u_core.decoded_execute_packet_38__OAI21_X1_ZN_B2_OAI211_X2_C2_C1_AND3_X1_ZN_A3 (net)                                 | 2      |             |            |            | 0.000       |        |                |
| u_core.decoded_execute_packet_38__OAI21_X1_ZN_B2_OAI211_X2_C2_C1_AND3_X1_ZN:A3 (AND3_X1)                             |        | 0.001       | 0.000      | 0.025      |             | 0.000  | 1.193r         |
| u_core.decoded_execute_packet_38__OAI21_X1_ZN_B2_OAI211_X2_C2_C1_AND3_X1_ZN:ZN (AND3_X1)                             |        | 0.005       | 0.000      | 0.017      |             | 0.056  | 1.249r         |
| u_core.decoded_execute_packet_38__OAI21_X1_ZN_B2_OAI211_X2_C2_C1 (net)                                               | 2      |             |            |            | 0.000       |        |                |
| u_core.decoded_execute_packet_38__OAI21_X1_ZN_B2_OAI211_X2_C2:C1 (OAI211_X2)                                         |        | 0.003       | 0.000      | 0.017      |             | 0.000  | 1.249r         |
| u_core.decoded_execute_packet_38__OAI21_X1_ZN_B2_OAI211_X2_C2:ZN (OAI211_X2)                                         |        | 0.004       | 0.000      | 0.023      |             | 0.024  | 1.273f         |
| u_core.decoded_execute_packet_38__OAI21_X1_ZN_B2_OAI211_X2_C2_ZN (net)                                               | 3      |             |            |            | 0.000       |        |                |
| u_core.u_icache.lookup_s1_present_q_reg_p_D_NOR3_X1_ZN_A1_OAI211_X1_ZN_C1_AOI21_X1_ZN:B1 (AOI21_X1)                  |        | 0.002       | 0.000      | 0.023      |             | 0.000  | 1.273f         |
| u_core.u_icache.lookup_s1_present_q_reg_p_D_NOR3_X1_ZN_A1_OAI211_X1_ZN_C1_AOI21_X1_ZN:ZN (AOI21_X1)                  |        | 0.008       | 0.000      | 0.051      |             | 0.064  | 1.337r         |
| u_core.u_icache.lookup_s1_present_q_reg_p_D_NOR3_X1_ZN_A1_OAI211_X1_ZN_C1 (net)                                      | 2      |             |            |            | 0.000       |        |                |
| u_core.u_fence_i_ctrl.icache_lookup_stalled_q_reg_p_D_AOI21_X1_ZN_B2_OAI211_X4_B:C1 (OAI211_X4)                      |        | 0.006       | 0.000      | 0.051      |             | 0.000  | 1.337r         |
| u_core.u_fence_i_ctrl.icache_lookup_stalled_q_reg_p_D_AOI21_X1_ZN_B2_OAI211_X4_B:ZN (OAI211_X4)                      |        | 0.010       | 0.000      | 0.023      |             | 0.034  | 1.371f         |
| u_core.u_ifu.predictor_fetch_pc_d_31__OR2_X1_ZN_A1_AOI221_X1_ZN_C1 (net)                                             | 6      |             |            |            | 0.000       |        |                |
| u_core.u_ifu.predictor_fetch_pc_d_31__OR2_X1_ZN_A1_AOI221_X1_ZN_C1_NAND2_X2_A1:A1 (NAND2_X2)                         |        | 0.003       | 0.000      | 0.023      |             | 0.000  | 1.371f         |
| u_core.u_ifu.predictor_fetch_pc_d_31__OR2_X1_ZN_A1_AOI221_X1_ZN_C1_NAND2_X2_A1:ZN (NAND2_X2)                         |        | 0.020       | 0.000      | 0.030      |             | 0.042  | 1.413r         |
| u_core.u_fetch_buffer.read_index_d_NOR3_X1_ZN_A1_NOR3_X4_A3_A1 (net)                                                 | 9      |             |            |            | 0.000       |        |                |
| u_core.u_ifu.predictor_fetch_pc_d_5__OR2_X1_ZN_A1_NOR3_X1_ZN_A1_OAI211_X1_ZN:A (OAI211_X1)                           |        | 0.002       | 0.000      | 0.030      |             | 0.000  | 1.413r         |
| u_core.u_ifu.predictor_fetch_pc_d_5__OR2_X1_ZN_A1_NOR3_X1_ZN_A1_OAI211_X1_ZN:ZN (OAI211_X1)                          |        | 0.010       | 0.000      | 0.048      |             | 0.062  | 1.475f         |
| u_core.u_ifu.predictor_fetch_pc_d_5__OR2_X1_ZN_A1_NOR3_X1_ZN_A1 (net)                                                | 6      |             |            |            | 0.000       |        |                |
| u_core.u_ifu.predictor_fetch_pc_d_5__OR2_X1_ZN_A1_NOR3_X1_ZN_A1_BUF_X4_A:A (BUF_X4)                                  |        | 0.003       | 0.000      | 0.048      |             | 0.000  | 1.475f         |
| u_core.u_ifu.predictor_fetch_pc_d_5__OR2_X1_ZN_A1_NOR3_X1_ZN_A1_BUF_X4_A:Z (BUF_X4)                                  |        | 0.035       | 0.000      | 0.013      |             | 0.053  | 1.528f         |
| u_core.u_ifu.predictor_fetch_pc_d_24__OAI21_X1_ZN_B2 (net)                                                           | 24     |             |            |            | 0.000       |        |                |
| u_core.u_ifu.predictor_fetch_pc_d_24__OAI21_X1_ZN_B2_INV_X1_A:A (INV_X1)                                             |        | 0.002       | 0.000      | 0.013      |             | 0.000  | 1.528f         |
| u_core.u_ifu.predictor_fetch_pc_d_24__OAI21_X1_ZN_B2_INV_X1_A:ZN (INV_X1)                                            |        | 0.001       | 0.000      | 0.007      |             | 0.012  | 1.540r         |
| u_core.u_ifu.predictor_fetch_pc_d_24__OAI21_X1_ZN_B2_INV_X1_A_ZN (net)                                               | 1      |             |            |            | 0.000       |        |                |
| u_core.u_ifu.predictor_fetch_pc_d_24__OAI21_X1_ZN_B2_INV_X1_A_ZN_CLKGATE_X1_E:E (CLKGATE_X1)                         |        | 0.001       | 0.000      | 0.007      |             | 0.000  | 1.540r         |
|                                                                                                                      |        |             |            |            |             |        |                |
| clk_i (port)                                                                                                         |        | 0.947       | 0.000      | 0.100      |             | 0.000  | 0.000r         |
| clk_i (clock net)                                                                                                    | 549    |             |            |            | NA          |        |                |
| u_core.u_ifu.predictor_fetch_pc_d_24__OAI21_X1_ZN_B2_INV_X1_A_ZN_CLKGATE_X1_E:CK (CLKGATE_X1)                        |        | 0.002       | 0.000      | 0.000      |             | 0.000  | 0.000r         |
| clock core_clock (rise edge)                                                                                         |        |             |            |            |             | 1.666  | 1.666          |
| clock network delay (ideal)                                                                                          |        |             |            |            |             | 0.000  | 1.666          |
| u_core.u_ifu.predictor_fetch_pc_d_24__OAI21_X1_ZN_B2_INV_X1_A_ZN_CLKGATE_X1_E:CK (CLKGATE_X1)                        |        |             |            |            |             |        | 1.666r         |
| library setup time                                                                                                   |        |             |            |            |             | -0.049 | 1.617          |
| clock reconvergence pessimism                                                                                        |        |             |            |            |             | 0.000  | 1.617          |
|                                                                                                                      |        |             |            |            |             |        |                |
| path cell delay                                                                                                      |        |             |            |            |             |        | 1.207(78.356%) |
| path net delay                                                                                                       |        |             |            |            |             |        | 0.000(0.000%)  |
|                                                                                                                      |        |             |            |            |             |        |                |
| data require time                                                                                                    |        |             |            |            |             |        | 1.617          |
| data arrival time                                                                                                    |        |             |            |            |             |        | 1.540          |
| slack (MET)                                                                                                          |        |             |            |            |             |        | 0.077          |
+----------------------------------------------------------------------------------------------------------------------+--------+-------------+------------+------------+-------------+--------+----------------+
+---------------------------------------------------------------------------------------------------------------+--------+-------------+------------+------------+-------------+--------+----------------+
| Point                                                                                                         | Fanout | Capacitance | Resistance | Transition | Delta Delay | Incr   | Path           |
+---------------------------------------------------------------------------------------------------------------+--------+-------------+------------+------------+-------------+--------+----------------+
| instruction_axi4_manager_i_0_ (port)                                                                          |        | 0.009       | 0.000      | 0.100      |             | 0.000  | 0.000r         |
| clock core_clock (rise edge)                                                                                  |        |             |            |            |             | 0      | 0              |
| clock network delay (ideal)                                                                                   |        |             |            |            |             | 0.000  | 0.000          |
| instruction_axi4_manager_i_0_ (port)                                                                          |        | 0.009       | 0.000      | 0.100      |             | 0.333  | 0.333r         |
| instruction_axi4_manager_i_0_ (net)                                                                           | 6      |             |            |            | 0.000       |        |                |
| u_core.u_icache.refill_data_write_valid_NOR4_X1_ZN_A1_NAND2_X1_ZN:A1 (NAND2_X1)                               |        | 0.002       | 0.000      | 0.100      |             | 0.000  | 0.333r         |
| u_core.u_icache.refill_data_write_valid_NOR4_X1_ZN_A1_NAND2_X1_ZN:ZN (NAND2_X1)                               |        | 0.004       | 0.000      | 0.030      |             | 0.036  | 0.369f         |
| u_core.u_icache.refill_data_write_valid_NOR4_X1_ZN_A1 (net)                                                   | 3      |             |            |            | 0.000       |        |                |
| u_core.u_icache.u_riscv32_icache_miss_unit.lookup_response_generated_q_NOR4_X1_A3:A2 (NOR4_X1)                |        | 0.002       | 0.000      | 0.030      |             | 0.000  | 0.369f         |
| u_core.u_icache.u_riscv32_icache_miss_unit.lookup_response_generated_q_NOR4_X1_A3:ZN (NOR4_X1)                |        | 0.005       | 0.000      | 0.083      |             | 0.117  | 0.486r         |
| u_core.icache_refill_resp_ready_AOI221_X1_C2_B1_NOR4_X1_A2_A4_AOI211_X1_ZN_C2 (net)                           | 3      |             |            |            | 0.000       |        |                |
| u_core.icache_refill_resp_ready_AOI221_X1_C2_B1_NOR4_X1_A2_A4_AOI211_X1_ZN_C1_NAND2_X1_A1:A2 (NAND2_X1)       |        | 0.002       | 0.000      | 0.083      |             | 0.000  | 0.486r         |
| u_core.icache_refill_resp_ready_AOI221_X1_C2_B1_NOR4_X1_A2_A4_AOI211_X1_ZN_C1_NAND2_X1_A1:ZN (NAND2_X1)       |        | 0.011       | 0.000      | 0.030      |             | 0.052  | 0.538f         |
| u_core.u_icache.local_lookup_resp_2__NAND3_X1_A2_A1 (net)                                                     | 7      |             |            |            | 0.000       |        |                |
| u_core.u_icache.local_lookup_resp_2__NAND3_X1_A2_A1_NAND2_X1_A1:A1 (NAND2_X1)                                 |        | 0.002       | 0.000      | 0.030      |             | 0.000  | 0.538f         |
| u_core.u_icache.local_lookup_resp_2__NAND3_X1_A2_A1_NAND2_X1_A1:ZN (NAND2_X1)                                 |        | 0.002       | 0.000      | 0.013      |             | 0.024  | 0.561r         |
| u_core.u_icache.local_lookup_resp_2__NAND3_X1_A2_A1_NAND2_X1_A1_ZN (net)                                      | 1      |             |            |            | 0.000       |        |                |
| u_core.u_icache.local_lookup_resp_2__NAND3_X1_A2_A1_NAND2_X1_A1_ZN_BUF_X2_A:A (BUF_X2)                        |        | 0.002       | 0.000      | 0.013      |             | 0.000  | 0.561r         |
| u_core.u_icache.local_lookup_resp_2__NAND3_X1_A2_A1_NAND2_X1_A1_ZN_BUF_X2_A:Z (BUF_X2)                        |        | 0.035       | 0.000      | 0.043      |             | 0.061  | 0.623r         |
| u_core.u_icache.miss_lookup_resp_2__NAND2_X1_A2_A1 (net)                                                      | 22     |             |            |            | 0.000       |        |                |
| u_core.icache_lookup_resp_11__OAI21_X1_ZN_A_NAND2_X1_ZN:A1 (NAND2_X1)                                         |        | 0.002       | 0.000      | 0.043      |             | 0.000  | 0.623r         |
| u_core.icache_lookup_resp_11__OAI21_X1_ZN_A_NAND2_X1_ZN:ZN (NAND2_X1)                                         |        | 0.004       | 0.000      | 0.019      |             | 0.030  | 0.653f         |
| u_core.icache_lookup_resp_11__OAI21_X1_ZN_A (net)                                                             | 2      |             |            |            | 0.000       |        |                |
| u_core.icache_lookup_resp_11__OAI21_X1_ZN_A_OAI211_X2_B:B (OAI211_X2)                                         |        | 0.003       | 0.000      | 0.019      |             | 0.000  | 0.653f         |
| u_core.icache_lookup_resp_11__OAI21_X1_ZN_A_OAI211_X2_B:ZN (OAI211_X2)                                        |        | 0.010       | 0.000      | 0.037      |             | 0.036  | 0.688r         |
| u_core.icache_lookup_resp_11__OAI21_X1_ZN_A_OAI211_X2_B_ZN (net)                                              | 5      |             |            |            | 0.000       |        |                |
| u_core.u_fetch_buffer.entry_array_q[0]_74__MUX2_X1_A_Z_OAI21_X2_B1:A (OAI21_X2)                               |        | 0.003       | 0.000      | 0.037      |             | 0.000  | 0.688r         |
| u_core.u_fetch_buffer.entry_array_q[0]_74__MUX2_X1_A_Z_OAI21_X2_B1:ZN (OAI21_X2)                              |        | 0.022       | 0.000      | 0.043      |             | 0.048  | 0.736f         |
| u_core.decoded_execute_packet_268__INV_X1_ZN_A (net)                                                          | 13     |             |            |            | 0.000       |        |                |
| u_core.execute_packet_154__reg_p_D_INV_X1_ZN_A_NAND4_X1_ZN_A2_NOR3_X2_ZN:A2 (NOR3_X2)                         |        | 0.003       | 0.000      | 0.043      |             | 0.000  | 0.736f         |
| u_core.execute_packet_154__reg_p_D_INV_X1_ZN_A_NAND4_X1_ZN_A2_NOR3_X2_ZN:ZN (NOR3_X2)                         |        | 0.011       | 0.000      | 0.058      |             | 0.092  | 0.829r         |
| u_core.execute_packet_154__reg_p_D_INV_X1_ZN_A_NAND4_X1_ZN_A2 (net)                                           | 6      |             |            |            | 0.000       |        |                |
| u_core.execute_packet_154__reg_p_D_INV_X1_ZN_A_NAND4_X1_ZN_A2_NAND4_X2_A2:A2 (NAND4_X2)                       |        | 0.003       | 0.000      | 0.058      |             | 0.000  | 0.829r         |
| u_core.execute_packet_154__reg_p_D_INV_X1_ZN_A_NAND4_X1_ZN_A2_NAND4_X2_A2:ZN (NAND4_X2)                       |        | 0.027       | 0.000      | 0.070      |             | 0.090  | 0.919f         |
| u_core.execute_packet_142__reg_p_D_AOI211_X1_ZN_A (net)                                                       | 18     |             |            |            | 0.000       |        |                |
| u_core.decoded_execute_packet_209__INV_X1_ZN_A_OR3_X1_ZN_A2_AND3_X1_ZN_A1_OAI211_X2_A_B_OR4_X1_ZN:A1 (OR4_X1) |        | 0.001       | 0.000      | 0.070      |             | 0.000  | 0.919f         |
| u_core.decoded_execute_packet_209__INV_X1_ZN_A_OR3_X1_ZN_A2_AND3_X1_ZN_A1_OAI211_X2_A_B_OR4_X1_ZN:ZN (OR4_X1) |        | 0.004       | 0.000      | 0.022      |             | 0.121  | 1.040f         |
| u_core.decoded_execute_packet_209__INV_X1_ZN_A_OR3_X1_ZN_A2_AND3_X1_ZN_A1_OAI211_X2_A_B (net)                 | 2      |             |            |            | 0.000       |        |                |
| u_core.decoded_execute_packet_209__INV_X1_ZN_A_OR3_X1_ZN_A2_AND3_X1_ZN_A1_OAI211_X2_A:B (OAI211_X2)           |        | 0.003       | 0.000      | 0.022      |             | 0.000  | 1.040f         |
| u_core.decoded_execute_packet_209__INV_X1_ZN_A_OR3_X1_ZN_A2_AND3_X1_ZN_A1_OAI211_X2_A:ZN (OAI211_X2)          |        | 0.011       | 0.000      | 0.040      |             | 0.038  | 1.079r         |
| u_core.execute_forwardable_producer_present_NAND4_X1_A4_A2 (net)                                              | 8      |             |            |            | 0.000       |        |                |
| u_core.completion_result_169__MUX2_X1_Z_B_NOR4_X1_A1_A3_NAND4_X1_ZN:A2 (NAND4_X1)                             |        | 0.002       | 0.000      | 0.040      |             | 0.000  | 1.079r         |
| u_core.completion_result_169__MUX2_X1_Z_B_NOR4_X1_A1_A3_NAND4_X1_ZN:ZN (NAND4_X1)                             |        | 0.004       | 0.000      | 0.034      |             | 0.050  | 1.129f         |
| u_core.completion_result_169__MUX2_X1_Z_B_NOR4_X1_A1_A3 (net)                                                 | 3      |             |            |            | 0.000       |        |                |
| u_core.completion_result_169__MUX2_X1_Z_B_NOR4_X1_A1_A3_NOR2_X1_A1:A1 (NOR2_X1)                               |        | 0.002       | 0.000      | 0.034      |             | 0.000  | 1.129f         |
| u_core.completion_result_169__MUX2_X1_Z_B_NOR4_X1_A1_A3_NOR2_X1_A1:ZN (NOR2_X1)                               |        | 0.003       | 0.000      | 0.028      |             | 0.047  | 1.176r         |
| u_core.completion_result_169__MUX2_X1_Z_B_NOR4_X1_A1_A3_NOR2_X1_A1_ZN (net)                                   | 1      |             |            |            | 0.000       |        |                |
| u_core.completion_result_169__MUX2_X1_Z_B_NOR4_X1_A1_A3_NOR2_X1_A1_ZN_BUF_X4_A:A (BUF_X4)                     |        | 0.003       | 0.000      | 0.028      |             | 0.000  | 1.176r         |
| u_core.completion_result_169__MUX2_X1_Z_B_NOR4_X1_A1_A3_NOR2_X1_A1_ZN_BUF_X4_A:Z (BUF_X4)                     |        | 0.032       | 0.000      | 0.022      |             | 0.042  | 1.217r         |
| u_core.commit_39__reg_p_D_OAI21_X1_ZN_B2_OAI21_X1_B2_ZN_NAND4_X1_A3_A1 (net)                                  | 20     |             |            |            | 0.000       |        |                |
| u_core.decoded_execute_packet_38__OAI21_X1_ZN_B2_OAI211_X2_C2_C1_AND3_X1_ZN_A3_OAI21_X1_ZN:B1 (OAI21_X1)      |        | 0.002       | 0.000      | 0.022      |             | 0.000  | 1.217r         |
| u_core.decoded_execute_packet_38__OAI21_X1_ZN_B2_OAI211_X2_C2_C1_AND3_X1_ZN_A3_OAI21_X1_ZN:ZN (OAI21_X1)      |        | 0.002       | 0.000      | 0.035      |             | 0.021  | 1.238f         |
| u_core.decoded_execute_packet_38__OAI21_X1_ZN_B2_OAI211_X2_C2_C1_AND3_X1_ZN_A3 (net)                          | 2      |             |            |            | 0.000       |        |                |
| u_core.decoded_execute_packet_38__OAI21_X1_ZN_B2_OAI211_X2_C2_C1_AND3_X1_ZN_A1_NAND3_X1_A1:A3 (NAND3_X1)      |        | 0.002       | 0.000      | 0.035      |             | 0.000  | 1.238f         |
| u_core.decoded_execute_packet_38__OAI21_X1_ZN_B2_OAI211_X2_C2_C1_AND3_X1_ZN_A1_NAND3_X1_A1:ZN (NAND3_X1)      |        | 0.002       | 0.000      | 0.017      |             | 0.033  | 1.271r         |
| u_core.decoded_execute_packet_38__OAI21_X1_ZN_B2_OAI211_X2_C2_C1_AND3_X1_ZN_A1_NAND3_X1_A1_ZN (net)           | 1      |             |            |            | 0.000       |        |                |
| u_core.decoded_execute_packet_ready_NAND2_X1_A2_ZN_AOI21_X1_A:B1 (AOI21_X1)                                   |        | 0.002       | 0.000      | 0.017      |             | 0.000  | 1.271r         |
| u_core.decoded_execute_packet_ready_NAND2_X1_A2_ZN_AOI21_X1_A:ZN (AOI21_X1)                                   |        | 0.006       | 0.000      | 0.020      |             | 0.026  | 1.296f         |
| u_core.decoded_execute_packet_ready_NAND2_X1_A2_ZN_AOI21_X1_A_ZN (net)                                        | 4      |             |            |            | 0.000       |        |                |
| u_core.decoded_execute_packet_38__OAI21_X1_ZN_B2_OAI211_X2_C2_ZN_NAND2_X1_A1_A2_NOR3_X1_A2:A1 (NOR3_X1)       |        | 0.002       | 0.000      | 0.020      |             | 0.000  | 1.296f         |
| u_core.decoded_execute_packet_38__OAI21_X1_ZN_B2_OAI211_X2_C2_ZN_NAND2_X1_A1_A2_NOR3_X1_A2:ZN (NOR3_X1)       |        | 0.007       | 0.000      | 0.064      |             | 0.080  | 1.376r         |
| u_core.u_icache.lookup_s1_ready_OAI21_X1_ZN_B1 (net)                                                          | 4      |             |            |            | 0.000       |        |                |
| u_core.u_icache.lookup_s1_ready_OAI21_X1_ZN:B1 (OAI21_X1)                                                     |        | 0.002       | 0.000      | 0.064      |             | 0.000  | 1.376r         |
| u_core.u_icache.lookup_s1_ready_OAI21_X1_ZN:ZN (OAI21_X1)                                                     |        | 0.003       | 0.000      | 0.022      |             | 0.030  | 1.406f         |
| u_core.u_icache.lookup_s1_ready (net)                                                                         | 3      |             |            |            | 0.000       |        |                |
| u_core.u_ifu.lookup_queue_write_index_q_AND4_X1_A1_A2_NAND4_X1_ZN_A1_AND4_X1_ZN:A4 (AND4_X1)                  |        | 0.001       | 0.000      | 0.022      |             | 0.000  | 1.406f         |
| u_core.u_ifu.lookup_queue_write_index_q_AND4_X1_A1_A2_NAND4_X1_ZN_A1_AND4_X1_ZN:ZN (AND4_X1)                  |        | 0.003       | 0.000      | 0.010      |             | 0.050  | 1.457f         |
| u_core.u_ifu.lookup_queue_write_index_q_AND4_X1_A1_A2_NAND4_X1_ZN_A1 (net)                                    | 2      |             |            |            | 0.000       |        |                |
| u_core.u_ifu.lookup_queue_write_index_q_AND4_X1_A1_A2_NAND4_X1_ZN_A1_OAI211_X1_A:A (OAI211_X1)                |        | 0.002       | 0.000      | 0.010      |             | 0.000  | 1.457f         |
| u_core.u_ifu.lookup_queue_write_index_q_AND4_X1_A1_A2_NAND4_X1_ZN_A1_OAI211_X1_A:ZN (OAI211_X1)               |        | 0.008       | 0.000      | 0.055      |             | 0.039  | 1.495r         |
| u_core.u_icache.array_read_enable_INV_X1_ZN_A (net)                                                           | 5      |             |            |            | 0.000       |        |                |
| u_core.u_ifu.lookup_queue_entry_count_q_0__reg_p_CK_CLKGATE_X1_GCK_E_OAI221_X1_ZN:B1 (OAI221_X1)              |        | 0.002       | 0.000      | 0.055      |             | 0.000  | 1.495r         |
| u_core.u_ifu.lookup_queue_entry_count_q_0__reg_p_CK_CLKGATE_X1_GCK_E_OAI221_X1_ZN:ZN (OAI221_X1)              |        | 0.001       | 0.000      | 0.027      |             | 0.033  | 1.528f         |
| u_core.u_ifu.lookup_queue_entry_count_q_0__reg_p_CK_CLKGATE_X1_GCK_E (net)                                    | 1      |             |            |            | 0.000       |        |                |
| u_core.u_ifu.lookup_queue_entry_count_q_0__reg_p_CK_CLKGATE_X1_GCK:E (CLKGATE_X1)                             |        | 0.001       | 0.000      | 0.027      |             | 0.000  | 1.528f         |
|                                                                                                               |        |             |            |            |             |        |                |
| clk_i (port)                                                                                                  |        | 0.947       | 0.000      | 0.100      |             | 0.000  | 0.000r         |
| clk_i (clock net)                                                                                             | 549    |             |            |            | NA          |        |                |
| u_core.u_ifu.lookup_queue_entry_count_q_0__reg_p_CK_CLKGATE_X1_GCK:CK (CLKGATE_X1)                            |        | 0.002       | 0.000      | 0.000      |             | 0.000  | 0.000r         |
| clock core_clock (rise edge)                                                                                  |        |             |            |            |             | 1.666  | 1.666          |
| clock network delay (ideal)                                                                                   |        |             |            |            |             | 0.000  | 1.666          |
| u_core.u_ifu.lookup_queue_entry_count_q_0__reg_p_CK_CLKGATE_X1_GCK:CK (CLKGATE_X1)                            |        |             |            |            |             |        | 1.666r         |
| library setup time                                                                                            |        |             |            |            |             | -0.053 | 1.613          |
| clock reconvergence pessimism                                                                                 |        |             |            |            |             | 0.000  | 1.613          |
|                                                                                                               |        |             |            |            |             |        |                |
| path cell delay                                                                                               |        |             |            |            |             |        | 1.195(78.190%) |
| path net delay                                                                                                |        |             |            |            |             |        | 0.000(0.000%)  |
|                                                                                                               |        |             |            |            |             |        |                |
| data require time                                                                                             |        |             |            |            |             |        | 1.613          |
| data arrival time                                                                                             |        |             |            |            |             |        | 1.528          |
| slack (MET)                                                                                                   |        |             |            |            |             |        | 0.085          |
+---------------------------------------------------------------------------------------------------------------+--------+-------------+------------+------------+-------------+--------+----------------+
+-------------------------------------------------------------------+--------+-------------+------------+------------+-------------+--------+-----------------+
| Point                                                             | Fanout | Capacitance | Resistance | Transition | Delta Delay | Incr   | Path            |
+-------------------------------------------------------------------+--------+-------------+------------+------------+-------------+--------+-----------------+
| clk_i (port)                                                      |        | 0.947       | 0.000      | 0.100      |             | 0.000  | 0.000r          |
| clk_i (clock net)                                                 | 549    |             |            |            | NA          |        |                 |
| u_core.decoded_execute_packet_ready_CLKGATE_X1_E:CK (CLKGATE_X1)  |        | 0.002       | 0.000      | 0.000      |             | 0.000  | 0.000r          |
| u_core.decoded_execute_packet_ready_CLKGATE_X1_E:GCK (CLKGATE_X1) |        | 0.285       | 0.000      | 0.000      |             | 0.000  | 0.000r          |
| u_core.execute_packet_0__reg_p_CK (clock net)                     | 300    |             |            |            | NA          |        |                 |
| u_core.execute_packet_296__reg_p:CK (DFF_X1)                      |        | 0.001       | 0.000      | 0.000      |             | 0.000  | 0.000r          |
| clock core_clock (rise edge)                                      |        |             |            |            |             | 0      | 0               |
| clock network delay (ideal)                                       |        |             |            |            |             | 0.000  | 0.000           |
| u_core.execute_packet_296__reg_p:CK (DFF_X1)                      |        | 0.001       | 0.000      | 0.000      |             | 0.000  | 0.000r          |
| u_core.execute_packet_296__reg_p:QN (DFF_X1)                      |        | 0.003       | 0.000      | 0.013      |             | 0.066  | 0.066r          |
| u_core.lsu_req_66_ (net)                                          | 3      |             |            |            | 0.000       |        |                 |
| u_core.u_lsu.memory_writeback_134__reg_p:D (DFF_X1)               |        | 0.001       | 0.000      | 0.013      |             | 0.000  | 0.066r          |
|                                                                   |        |             |            |            |             |        |                 |
| clk_i (port)                                                      |        | 0.947       | 0.000      | 0.100      |             | 0.000  | 0.000r          |
| clk_i (clock net)                                                 | 549    |             |            |            | NA          |        |                 |
| u_core.u_lsu.lsu_req_handshake_CLKGATE_X1_E:CK (CLKGATE_X1)       |        | 0.002       | 0.000      | 0.000      |             | 0.000  | 0.000r          |
| u_core.u_lsu.lsu_req_handshake_CLKGATE_X1_E:GCK (CLKGATE_X1)      |        | 0.164       | 0.000      | 0.000      |             | 0.000  | 0.000r          |
| u_core.lsu_pending_rd_0__reg_p_CK (clock net)                     | 173    |             |            |            | NA          |        |                 |
| u_core.u_lsu.memory_writeback_134__reg_p:CK (DFF_X1)              |        | 0.001       | 0.000      | 0.000      |             | 0.000  | 0.000r          |
| clock core_clock (rise edge)                                      |        |             |            |            |             | 0      | 0               |
| clock network delay (ideal)                                       |        |             |            |            |             | 0.000  | 0.000           |
| u_core.u_lsu.memory_writeback_134__reg_p:CK (DFF_X1)              |        |             |            |            |             |        | 0.000r          |
| library hold time                                                 |        |             |            |            |             | 0.007  | 0.007           |
| clock reconvergence pessimism                                     |        |             |            |            |             | -0.000 | 0.007           |
|                                                                   |        |             |            |            |             |        |                 |
| path cell delay                                                   |        |             |            |            |             |        | 0.066(100.000%) |
| path net delay                                                    |        |             |            |            |             |        | 0.000(0.000%)   |
|                                                                   |        |             |            |            |             |        |                 |
| data require time                                                 |        |             |            |            |             |        | 0.007           |
| data arrival time                                                 |        |             |            |            |             |        | 0.066           |
| slack (MET)                                                       |        |             |            |            |             |        | 0.059           |
+-------------------------------------------------------------------+--------+-------------+------------+------------+-------------+--------+-----------------+
+-------------------------------------------------------------------+--------+-------------+------------+------------+-------------+--------+-----------------+
| Point                                                             | Fanout | Capacitance | Resistance | Transition | Delta Delay | Incr   | Path            |
+-------------------------------------------------------------------+--------+-------------+------------+------------+-------------+--------+-----------------+
| clk_i (port)                                                      |        | 0.947       | 0.000      | 0.100      |             | 0.000  | 0.000r          |
| clk_i (clock net)                                                 | 549    |             |            |            | NA          |        |                 |
| u_core.decoded_execute_packet_ready_CLKGATE_X1_E:CK (CLKGATE_X1)  |        | 0.002       | 0.000      | 0.000      |             | 0.000  | 0.000r          |
| u_core.decoded_execute_packet_ready_CLKGATE_X1_E:GCK (CLKGATE_X1) |        | 0.285       | 0.000      | 0.000      |             | 0.000  | 0.000r          |
| u_core.execute_packet_0__reg_p_CK (clock net)                     | 300    |             |            |            | NA          |        |                 |
| u_core.execute_packet_296__reg_p:CK (DFF_X1)                      |        | 0.001       | 0.000      | 0.000      |             | 0.000  | 0.000r          |
| clock core_clock (rise edge)                                      |        |             |            |            |             | 0      | 0               |
| clock network delay (ideal)                                       |        |             |            |            |             | 0.000  | 0.000           |
| u_core.execute_packet_296__reg_p:CK (DFF_X1)                      |        | 0.001       | 0.000      | 0.000      |             | 0.000  | 0.000r          |
| u_core.execute_packet_296__reg_p:QN (DFF_X1)                      |        | 0.003       | 0.000      | 0.013      |             | 0.066  | 0.066r          |
| u_core.lsu_req_66_ (net)                                          | 3      |             |            |            | 0.000       |        |                 |
| u_core.u_lsu.memory_writeback_134__reg_p:D (DFF_X1)               |        | 0.001       | 0.000      | 0.013      |             | 0.000  | 0.066r          |
|                                                                   |        |             |            |            |             |        |                 |
| clk_i (port)                                                      |        | 0.947       | 0.000      | 0.100      |             | 0.000  | 0.000r          |
| clk_i (clock net)                                                 | 549    |             |            |            | NA          |        |                 |
| u_core.u_lsu.lsu_req_handshake_CLKGATE_X1_E:CK (CLKGATE_X1)       |        | 0.002       | 0.000      | 0.000      |             | 0.000  | 0.000r          |
| u_core.u_lsu.lsu_req_handshake_CLKGATE_X1_E:GCK (CLKGATE_X1)      |        | 0.164       | 0.000      | 0.000      |             | 0.000  | 0.000r          |
| u_core.lsu_pending_rd_0__reg_p_CK (clock net)                     | 173    |             |            |            | NA          |        |                 |
| u_core.u_lsu.memory_writeback_134__reg_p:CK (DFF_X1)              |        | 0.001       | 0.000      | 0.000      |             | 0.000  | 0.000r          |
| clock core_clock (rise edge)                                      |        |             |            |            |             | 0      | 0               |
| clock network delay (ideal)                                       |        |             |            |            |             | 0.000  | 0.000           |
| u_core.u_lsu.memory_writeback_134__reg_p:CK (DFF_X1)              |        |             |            |            |             |        | 0.000r          |
| library hold time                                                 |        |             |            |            |             | 0.007  | 0.007           |
| clock reconvergence pessimism                                     |        |             |            |            |             | -0.000 | 0.007           |
|                                                                   |        |             |            |            |             |        |                 |
| path cell delay                                                   |        |             |            |            |             |        | 0.066(100.000%) |
| path net delay                                                    |        |             |            |            |             |        | 0.000(0.000%)   |
|                                                                   |        |             |            |            |             |        |                 |
| data require time                                                 |        |             |            |            |             |        | 0.007           |
| data arrival time                                                 |        |             |            |            |             |        | 0.066           |
| slack (MET)                                                       |        |             |            |            |             |        | 0.059           |
+-------------------------------------------------------------------+--------+-------------+------------+------------+-------------+--------+-----------------+
+-------------------------------------------------------------------------------------------+--------+-------------+------------+------------+-------------+--------+-----------------+
| Point                                                                                     | Fanout | Capacitance | Resistance | Transition | Delta Delay | Incr   | Path            |
+-------------------------------------------------------------------------------------------+--------+-------------+------------+------------+-------------+--------+-----------------+
| clk_i (port)                                                                              |        | 0.947       | 0.000      | 0.100      |             | 0.000  | 0.000r          |
| clk_i (clock net)                                                                         | 549    |             |            |            | NA          |        |                 |
| u_core.next_pc_predictor_lookup_request_epoch_0__reg_p_CK_CLKGATE_X1_GCK:CK (CLKGATE_X1)  |        | 0.002       | 0.000      | 0.000      |             | 0.000  | 0.000r          |
| u_core.next_pc_predictor_lookup_request_epoch_0__reg_p_CK_CLKGATE_X1_GCK:GCK (CLKGATE_X1) |        | 0.002       | 0.000      | 0.000      |             | 0.000  | 0.000r          |
| u_core.next_pc_predictor_lookup_request_epoch_0__reg_p_CK (clock net)                     | 2      |             |            |            | NA          |        |                 |
| u_core.next_pc_predictor_lookup_request_epoch_0__reg_p:CK (DFFR_X1)                       |        | 0.001       | 0.000      | 0.000      |             | 0.000  | 0.000r          |
| clock core_clock (rise edge)                                                              |        |             |            |            |             | 0      | 0               |
| clock network delay (ideal)                                                               |        |             |            |            |             | 0.000  | 0.000           |
| u_core.next_pc_predictor_lookup_request_epoch_0__reg_p:CK (DFFR_X1)                       |        | 0.001       | 0.000      | 0.000      |             | 0.000  | 0.000r          |
| u_core.next_pc_predictor_lookup_request_epoch_0__reg_p:QN (DFFR_X1)                       |        | 0.001       | 0.000      | 0.011      |             | 0.066  | 0.066r          |
| u_core.next_pc_predictor_lookup_request_epoch_0__reg_p_D (net)                            | 1      |             |            |            | 0.000       |        |                 |
| u_core.next_pc_predictor_lookup_request_epoch_0__reg_p:D (DFFR_X1)                        |        | 0.001       | 0.000      | 0.011      |             | 0.000  | 0.066r          |
|                                                                                           |        |             |            |            |             |        |                 |
| clk_i (port)                                                                              |        | 0.947       | 0.000      | 0.100      |             | 0.000  | 0.000r          |
| clk_i (clock net)                                                                         | 549    |             |            |            | NA          |        |                 |
| u_core.next_pc_predictor_lookup_request_epoch_0__reg_p_CK_CLKGATE_X1_GCK:CK (CLKGATE_X1)  |        | 0.002       | 0.000      | 0.000      |             | 0.000  | 0.000r          |
| u_core.next_pc_predictor_lookup_request_epoch_0__reg_p_CK_CLKGATE_X1_GCK:GCK (CLKGATE_X1) |        | 0.002       | 0.000      | 0.000      |             | 0.000  | 0.000r          |
| u_core.next_pc_predictor_lookup_request_epoch_0__reg_p_CK (clock net)                     | 2      |             |            |            | NA          |        |                 |
| u_core.next_pc_predictor_lookup_request_epoch_0__reg_p:CK (DFFR_X1)                       |        | 0.001       | 0.000      | 0.000      |             | 0.000  | 0.000r          |
| clock core_clock (rise edge)                                                              |        |             |            |            |             | 0      | 0               |
| clock network delay (ideal)                                                               |        |             |            |            |             | 0.000  | 0.000           |
| u_core.next_pc_predictor_lookup_request_epoch_0__reg_p:CK (DFFR_X1)                       |        |             |            |            |             |        | 0.000r          |
| library hold time                                                                         |        |             |            |            |             | 0.006  | 0.006           |
| clock reconvergence pessimism                                                             |        |             |            |            |             | -0.000 | 0.006           |
|                                                                                           |        |             |            |            |             |        |                 |
| path cell delay                                                                           |        |             |            |            |             |        | 0.066(100.000%) |
| path net delay                                                                            |        |             |            |            |             |        | 0.000(0.000%)   |
|                                                                                           |        |             |            |            |             |        |                 |
| data require time                                                                         |        |             |            |            |             |        | 0.006           |
| data arrival time                                                                         |        |             |            |            |             |        | 0.066           |
| slack (MET)                                                                               |        |             |            |            |             |        | 0.060           |
+-------------------------------------------------------------------------------------------+--------+-------------+------------+------------+-------------+--------+-----------------+
+-------------------------------------------------------------------------------------------+--------+-------------+------------+------------+-------------+--------+-----------------+
| Point                                                                                     | Fanout | Capacitance | Resistance | Transition | Delta Delay | Incr   | Path            |
+-------------------------------------------------------------------------------------------+--------+-------------+------------+------------+-------------+--------+-----------------+
| clk_i (port)                                                                              |        | 0.947       | 0.000      | 0.100      |             | 0.000  | 0.000r          |
| clk_i (clock net)                                                                         | 549    |             |            |            | NA          |        |                 |
| u_core.next_pc_predictor_lookup_request_epoch_0__reg_p_CK_CLKGATE_X1_GCK:CK (CLKGATE_X1)  |        | 0.002       | 0.000      | 0.000      |             | 0.000  | 0.000r          |
| u_core.next_pc_predictor_lookup_request_epoch_0__reg_p_CK_CLKGATE_X1_GCK:GCK (CLKGATE_X1) |        | 0.002       | 0.000      | 0.000      |             | 0.000  | 0.000r          |
| u_core.next_pc_predictor_lookup_request_epoch_0__reg_p_CK (clock net)                     | 2      |             |            |            | NA          |        |                 |
| u_core.next_pc_predictor_lookup_request_epoch_0__reg_p:CK (DFFR_X1)                       |        | 0.001       | 0.000      | 0.000      |             | 0.000  | 0.000r          |
| clock core_clock (rise edge)                                                              |        |             |            |            |             | 0      | 0               |
| clock network delay (ideal)                                                               |        |             |            |            |             | 0.000  | 0.000           |
| u_core.next_pc_predictor_lookup_request_epoch_0__reg_p:CK (DFFR_X1)                       |        | 0.001       | 0.000      | 0.000      |             | 0.000  | 0.000r          |
| u_core.next_pc_predictor_lookup_request_epoch_0__reg_p:QN (DFFR_X1)                       |        | 0.001       | 0.000      | 0.011      |             | 0.066  | 0.066r          |
| u_core.next_pc_predictor_lookup_request_epoch_0__reg_p_D (net)                            | 1      |             |            |            | 0.000       |        |                 |
| u_core.next_pc_predictor_lookup_request_epoch_0__reg_p:D (DFFR_X1)                        |        | 0.001       | 0.000      | 0.011      |             | 0.000  | 0.066r          |
|                                                                                           |        |             |            |            |             |        |                 |
| clk_i (port)                                                                              |        | 0.947       | 0.000      | 0.100      |             | 0.000  | 0.000r          |
| clk_i (clock net)                                                                         | 549    |             |            |            | NA          |        |                 |
| u_core.next_pc_predictor_lookup_request_epoch_0__reg_p_CK_CLKGATE_X1_GCK:CK (CLKGATE_X1)  |        | 0.002       | 0.000      | 0.000      |             | 0.000  | 0.000r          |
| u_core.next_pc_predictor_lookup_request_epoch_0__reg_p_CK_CLKGATE_X1_GCK:GCK (CLKGATE_X1) |        | 0.002       | 0.000      | 0.000      |             | 0.000  | 0.000r          |
| u_core.next_pc_predictor_lookup_request_epoch_0__reg_p_CK (clock net)                     | 2      |             |            |            | NA          |        |                 |
| u_core.next_pc_predictor_lookup_request_epoch_0__reg_p:CK (DFFR_X1)                       |        | 0.001       | 0.000      | 0.000      |             | 0.000  | 0.000r          |
| clock core_clock (rise edge)                                                              |        |             |            |            |             | 0      | 0               |
| clock network delay (ideal)                                                               |        |             |            |            |             | 0.000  | 0.000           |
| u_core.next_pc_predictor_lookup_request_epoch_0__reg_p:CK (DFFR_X1)                       |        |             |            |            |             |        | 0.000r          |
| library hold time                                                                         |        |             |            |            |             | 0.006  | 0.006           |
| clock reconvergence pessimism                                                             |        |             |            |            |             | -0.000 | 0.006           |
|                                                                                           |        |             |            |            |             |        |                 |
| path cell delay                                                                           |        |             |            |            |             |        | 0.066(100.000%) |
| path net delay                                                                            |        |             |            |            |             |        | 0.000(0.000%)   |
|                                                                                           |        |             |            |            |             |        |                 |
| data require time                                                                         |        |             |            |            |             |        | 0.006           |
| data arrival time                                                                         |        |             |            |            |             |        | 0.066           |
| slack (MET)                                                                               |        |             |            |            |             |        | 0.060           |
+-------------------------------------------------------------------------------------------+--------+-------------+------------+------------+-------------+--------+-----------------+
+---------------------------------------------------------------------------------+--------+-------------+------------+------------+-------------+--------+-----------------+
| Point                                                                           | Fanout | Capacitance | Resistance | Transition | Delta Delay | Incr   | Path            |
+---------------------------------------------------------------------------------+--------+-------------+------------+------------+-------------+--------+-----------------+
| clk_i (port)                                                                    |        | 0.947       | 0.000      | 0.100      |             | 0.000  | 0.000r          |
| clk_i (clock net)                                                               | 549    |             |            |            | NA          |        |                 |
| u_core.u_ifu.lookup_queue_read_index_q_reg_p_CK_CLKGATE_X1_GCK:CK (CLKGATE_X1)  |        | 0.002       | 0.000      | 0.000      |             | 0.000  | 0.000r          |
| u_core.u_ifu.lookup_queue_read_index_q_reg_p_CK_CLKGATE_X1_GCK:GCK (CLKGATE_X1) |        | 0.001       | 0.000      | 0.000      |             | 0.000  | 0.000r          |
| u_core.u_ifu.lookup_queue_read_index_q_reg_p_CK (clock net)                     | 1      |             |            |            | NA          |        |                 |
| u_core.u_ifu.lookup_queue_read_index_q_reg_p:CK (DFFR_X1)                       |        | 0.001       | 0.000      | 0.000      |             | 0.000  | 0.000r          |
| clock core_clock (rise edge)                                                    |        |             |            |            |             | 0      | 0               |
| clock network delay (ideal)                                                     |        |             |            |            |             | 0.000  | 0.000           |
| u_core.u_ifu.lookup_queue_read_index_q_reg_p:CK (DFFR_X1)                       |        | 0.001       | 0.000      | 0.000      |             | 0.000  | 0.000r          |
| u_core.u_ifu.lookup_queue_read_index_q_reg_p:QN (DFFR_X1)                       |        | 0.002       | 0.000      | 0.011      |             | 0.066  | 0.066r          |
| u_core.u_ifu.lookup_queue_read_index_d (net)                                    | 2      |             |            |            | 0.000       |        |                 |
| u_core.u_ifu.lookup_queue_read_index_q_reg_p:D (DFFR_X1)                        |        | 0.001       | 0.000      | 0.011      |             | 0.000  | 0.066r          |
|                                                                                 |        |             |            |            |             |        |                 |
| clk_i (port)                                                                    |        | 0.947       | 0.000      | 0.100      |             | 0.000  | 0.000r          |
| clk_i (clock net)                                                               | 549    |             |            |            | NA          |        |                 |
| u_core.u_ifu.lookup_queue_read_index_q_reg_p_CK_CLKGATE_X1_GCK:CK (CLKGATE_X1)  |        | 0.002       | 0.000      | 0.000      |             | 0.000  | 0.000r          |
| u_core.u_ifu.lookup_queue_read_index_q_reg_p_CK_CLKGATE_X1_GCK:GCK (CLKGATE_X1) |        | 0.001       | 0.000      | 0.000      |             | 0.000  | 0.000r          |
| u_core.u_ifu.lookup_queue_read_index_q_reg_p_CK (clock net)                     | 1      |             |            |            | NA          |        |                 |
| u_core.u_ifu.lookup_queue_read_index_q_reg_p:CK (DFFR_X1)                       |        | 0.001       | 0.000      | 0.000      |             | 0.000  | 0.000r          |
| clock core_clock (rise edge)                                                    |        |             |            |            |             | 0      | 0               |
| clock network delay (ideal)                                                     |        |             |            |            |             | 0.000  | 0.000           |
| u_core.u_ifu.lookup_queue_read_index_q_reg_p:CK (DFFR_X1)                       |        |             |            |            |             |        | 0.000r          |
| library hold time                                                               |        |             |            |            |             | 0.006  | 0.006           |
| clock reconvergence pessimism                                                   |        |             |            |            |             | -0.000 | 0.006           |
|                                                                                 |        |             |            |            |             |        |                 |
| path cell delay                                                                 |        |             |            |            |             |        | 0.066(100.000%) |
| path net delay                                                                  |        |             |            |            |             |        | 0.000(0.000%)   |
|                                                                                 |        |             |            |            |             |        |                 |
| data require time                                                               |        |             |            |            |             |        | 0.006           |
| data arrival time                                                               |        |             |            |            |             |        | 0.066           |
| slack (MET)                                                                     |        |             |            |            |             |        | 0.060           |
+---------------------------------------------------------------------------------+--------+-------------+------------+------------+-------------+--------+-----------------+
+-------------------------------------------------------------------------------------------------------------------------------------+--------+-------------+------------+------------+-------------+--------+-----------------+
| Point                                                                                                                               | Fanout | Capacitance | Resistance | Transition | Delta Delay | Incr   | Path            |
+-------------------------------------------------------------------------------------------------------------------------------------+--------+-------------+------------+------------+-------------+--------+-----------------+
| clk_i (port)                                                                                                                        |        | 0.947       | 0.000      | 0.100      |             | 0.000  | 0.000r          |
| clk_i (clock net)                                                                                                                   | 549    |             |            |            | NA          |        |                 |
| u_core.u_data_mem.gen_dcache.u_dcache.lookup_s1_present_d_NAND2_X1_ZN_A2_NAND3_X1_ZN_A2_OAI21_X1_A_ZN_CLKGATE_X1_E:CK (CLKGATE_X1)  |        | 0.002       | 0.000      | 0.000      |             | 0.000  | 0.000r          |
| u_core.u_data_mem.gen_dcache.u_dcache.lookup_s1_present_d_NAND2_X1_ZN_A2_NAND3_X1_ZN_A2_OAI21_X1_A_ZN_CLKGATE_X1_E:GCK (CLKGATE_X1) |        | 0.029       | 0.000      | 0.000      |             | 0.000  | 0.000r          |
| u_core.u_data_mem.gen_dcache.u_dcache.installed_way_index_reg_p_CK (clock net)                                                      | 30     |             |            |            | NA          |        |                 |
| u_core.u_data_mem.gen_dcache.u_dcache.u_miss_unit.clean_operation_q_reg_p:CK (DFFR_X1)                                              |        | 0.001       | 0.000      | 0.000      |             | 0.000  | 0.000r          |
| clock core_clock (rise edge)                                                                                                        |        |             |            |            |             | 0      | 0               |
| clock network delay (ideal)                                                                                                         |        |             |            |            |             | 0.000  | 0.000           |
| u_core.u_data_mem.gen_dcache.u_dcache.u_miss_unit.clean_operation_q_reg_p:CK (DFFR_X1)                                              |        | 0.001       | 0.000      | 0.000      |             | 0.000  | 0.000r          |
| u_core.u_data_mem.gen_dcache.u_dcache.u_miss_unit.clean_operation_q_reg_p:QN (DFFR_X1)                                              |        | 0.003       | 0.000      | 0.014      |             | 0.070  | 0.070f          |
| u_core.u_data_mem.gen_dcache.u_dcache.u_miss_unit.clean_operation_q_reg_p_QN (net)                                                  | 2      |             |            |            | 0.000       |        |                 |
| u_core.u_data_mem.gen_dcache.u_dcache.u_miss_unit.clean_operation_q_reg_p_QN_OAI21_X1_B2:B2 (OAI21_X1)                              |        | 0.002       | 0.000      | 0.014      |             | 0.000  | 0.070f          |
| u_core.u_data_mem.gen_dcache.u_dcache.u_miss_unit.clean_operation_q_reg_p_QN_OAI21_X1_B2:ZN (OAI21_X1)                              |        | 0.001       | 0.000      | 0.015      |             | 0.030  | 0.100r          |
| u_core.u_data_mem.gen_dcache.u_dcache.u_miss_unit.clean_operation_q_reg_p_QN_OAI21_X1_B2_ZN (net)                                   | 1      |             |            |            | 0.000       |        |                 |
| u_core.u_data_mem.gen_dcache.u_dcache.u_miss_unit.clean_access_fault_q_reg_p_CK_CLKGATE_X1_GCK:E (CLKGATE_X1)                       |        | 0.001       | 0.000      | 0.015      |             | 0.000  | 0.100r          |
|                                                                                                                                     |        |             |            |            |             |        |                 |
| clk_i (port)                                                                                                                        |        | 0.947       | 0.000      | 0.100      |             | 0.000  | 0.000r          |
| clk_i (clock net)                                                                                                                   | 549    |             |            |            | NA          |        |                 |
| u_core.u_data_mem.gen_dcache.u_dcache.u_miss_unit.clean_access_fault_q_reg_p_CK_CLKGATE_X1_GCK:CK (CLKGATE_X1)                      |        | 0.002       | 0.000      | 0.000      |             | 0.000  | 0.000r          |
| clock core_clock (rise edge)                                                                                                        |        |             |            |            |             | 0      | 0               |
| clock network delay (ideal)                                                                                                         |        |             |            |            |             | 0.000  | 0.000           |
| u_core.u_data_mem.gen_dcache.u_dcache.u_miss_unit.clean_access_fault_q_reg_p_CK_CLKGATE_X1_GCK:CK (CLKGATE_X1)                      |        |             |            |            |             |        | 0.000r          |
| library hold time                                                                                                                   |        |             |            |            |             | -0.000 | -0.000          |
| clock reconvergence pessimism                                                                                                       |        |             |            |            |             | -0.000 | -0.000          |
|                                                                                                                                     |        |             |            |            |             |        |                 |
| path cell delay                                                                                                                     |        |             |            |            |             |        | 0.100(100.000%) |
| path net delay                                                                                                                      |        |             |            |            |             |        | 0.000(0.000%)   |
|                                                                                                                                     |        |             |            |            |             |        |                 |
| data require time                                                                                                                   |        |             |            |            |             |        | -0.000          |
| data arrival time                                                                                                                   |        |             |            |            |             |        | 0.100           |
| slack (MET)                                                                                                                         |        |             |            |            |             |        | 0.100           |
+-------------------------------------------------------------------------------------------------------------------------------------+--------+-------------+------------+------------+-------------+--------+-----------------+
+------------------------------------------------------------------------------------+--------+-------------+------------+------------+-------------+--------+-----------------+
| Point                                                                              | Fanout | Capacitance | Resistance | Transition | Delta Delay | Incr   | Path            |
+------------------------------------------------------------------------------------+--------+-------------+------------+------------+-------------+--------+-----------------+
| clk_i (port)                                                                       |        | 0.947       | 0.000      | 0.100      |             | 0.000  | 0.000r          |
| clk_i (clock net)                                                                  | 549    |             |            |            | NA          |        |                 |
| u_core.icache_refill_req_ready_reg_p:CK (DFFS_X1)                                  |        | 0.001       | 0.000      | 0.000      |             | 0.000  | 0.000r          |
| clock core_clock (rise edge)                                                       |        |             |            |            |             | 0      | 0               |
| clock network delay (ideal)                                                        |        |             |            |            |             | 0.000  | 0.000           |
| u_core.icache_refill_req_ready_reg_p:CK (DFFS_X1)                                  |        | 0.001       | 0.000      | 0.000      |             | 0.000  | 0.000r          |
| u_core.icache_refill_req_ready_reg_p:QN (DFFS_X1)                                  |        | 0.003       | 0.000      | 0.013      |             | 0.068  | 0.068r          |
| u_core.icache_refill_req_ready_reg_p_QN (net)                                      | 2      |             |            |            | 0.000       |        |                 |
| u_core.icache_refill_req_ready_reg_p_QN_NOR3_X1_A1:A1 (NOR3_X1)                    |        | 0.002       | 0.000      | 0.013      |             | 0.000  | 0.068r          |
| u_core.icache_refill_req_ready_reg_p_QN_NOR3_X1_A1:ZN (NOR3_X1)                    |        | 0.007       | 0.000      | 0.010      |             | 0.018  | 0.085f          |
| u_core.icache_refill_req_ready_reg_p_QN_NOR3_X1_A1_ZN (net)                        | 5      |             |            |            | 0.000       |        |                 |
| u_core.icache_refill_req_ready_reg_p_QN_NOR3_X1_A1_ZN_CLKGATE_X1_E:E (CLKGATE_X1)  |        | 0.001       | 0.000      | 0.010      |             | 0.000  | 0.085f          |
|                                                                                    |        |             |            |            |             |        |                 |
| clk_i (port)                                                                       |        | 0.947       | 0.000      | 0.100      |             | 0.000  | 0.000r          |
| clk_i (clock net)                                                                  | 549    |             |            |            | NA          |        |                 |
| u_core.icache_refill_req_ready_reg_p_QN_NOR3_X1_A1_ZN_CLKGATE_X1_E:CK (CLKGATE_X1) |        | 0.002       | 0.000      | 0.000      |             | 0.000  | 0.000r          |
| clock core_clock (rise edge)                                                       |        |             |            |            |             | 0      | 0               |
| clock network delay (ideal)                                                        |        |             |            |            |             | 0.000  | 0.000           |
| u_core.icache_refill_req_ready_reg_p_QN_NOR3_X1_A1_ZN_CLKGATE_X1_E:CK (CLKGATE_X1) |        |             |            |            |             |        | 0.000r          |
| library hold time                                                                  |        |             |            |            |             | -0.015 | -0.015          |
| clock reconvergence pessimism                                                      |        |             |            |            |             | -0.000 | -0.015          |
|                                                                                    |        |             |            |            |             |        |                 |
| path cell delay                                                                    |        |             |            |            |             |        | 0.085(100.000%) |
| path net delay                                                                     |        |             |            |            |             |        | 0.000(0.000%)   |
|                                                                                    |        |             |            |            |             |        |                 |
| data require time                                                                  |        |             |            |            |             |        | -0.015          |
| data arrival time                                                                  |        |             |            |            |             |        | 0.085           |
| slack (MET)                                                                        |        |             |            |            |             |        | 0.101           |
+------------------------------------------------------------------------------------+--------+-------------+------------+------------+-------------+--------+-----------------+
+-------------------------------------------------------------------------------------------------------------------+--------+-------------+------------+------------+-------------+--------+-----------------+
| Point                                                                                                             | Fanout | Capacitance | Resistance | Transition | Delta Delay | Incr   | Path            |
+-------------------------------------------------------------------------------------------------------------------+--------+-------------+------------+------------+-------------+--------+-----------------+
| clk_i (port)                                                                                                      |        | 0.947       | 0.000      | 0.100      |             | 0.000  | 0.000r          |
| clk_i (clock net)                                                                                                 | 549    |             |            |            | NA          |        |                 |
| u_core.u_data_mem.gen_dcache.u_dcache.refill_req_ready_reg_p:CK (DFFS_X1)                                         |        | 0.001       | 0.000      | 0.000      |             | 0.000  | 0.000r          |
| clock core_clock (rise edge)                                                                                      |        |             |            |            |             | 0      | 0               |
| clock network delay (ideal)                                                                                       |        |             |            |            |             | 0.000  | 0.000           |
| u_core.u_data_mem.gen_dcache.u_dcache.refill_req_ready_reg_p:CK (DFFS_X1)                                         |        | 0.001       | 0.000      | 0.000      |             | 0.000  | 0.000r          |
| u_core.u_data_mem.gen_dcache.u_dcache.refill_req_ready_reg_p:QN (DFFS_X1)                                         |        | 0.003       | 0.000      | 0.015      |             | 0.071  | 0.071f          |
| u_core.u_data_mem.gen_dcache.u_dcache.refill_req_ready_reg_p_QN (net)                                             | 2      |             |            |            | 0.000       |        |                 |
| u_core.u_data_mem.gen_dcache.u_dcache.refill_req_ready_reg_p_QN_OAI21_X1_B2:B2 (OAI21_X1)                         |        | 0.002       | 0.000      | 0.015      |             | 0.000  | 0.071f          |
| u_core.u_data_mem.gen_dcache.u_dcache.refill_req_ready_reg_p_QN_OAI21_X1_B2:ZN (OAI21_X1)                         |        | 0.001       | 0.000      | 0.012      |             | 0.030  | 0.101r          |
| u_core.u_data_mem.gen_dcache.u_dcache.refill_req_ready_reg_p_QN_OAI21_X1_B2_ZN (net)                              | 1      |             |            |            | 0.000       |        |                 |
| u_core.u_data_mem.gen_dcache.u_dcache.u_dcache_axi.refill_word_index_q_0__reg_p_CK_CLKGATE_X1_GCK:E (CLKGATE_X1)  |        | 0.001       | 0.000      | 0.012      |             | 0.000  | 0.101r          |
|                                                                                                                   |        |             |            |            |             |        |                 |
| clk_i (port)                                                                                                      |        | 0.947       | 0.000      | 0.100      |             | 0.000  | 0.000r          |
| clk_i (clock net)                                                                                                 | 549    |             |            |            | NA          |        |                 |
| u_core.u_data_mem.gen_dcache.u_dcache.u_dcache_axi.refill_word_index_q_0__reg_p_CK_CLKGATE_X1_GCK:CK (CLKGATE_X1) |        | 0.002       | 0.000      | 0.000      |             | 0.000  | 0.000r          |
| clock core_clock (rise edge)                                                                                      |        |             |            |            |             | 0      | 0               |
| clock network delay (ideal)                                                                                       |        |             |            |            |             | 0.000  | 0.000           |
| u_core.u_data_mem.gen_dcache.u_dcache.u_dcache_axi.refill_word_index_q_0__reg_p_CK_CLKGATE_X1_GCK:CK (CLKGATE_X1) |        |             |            |            |             |        | 0.000r          |
| library hold time                                                                                                 |        |             |            |            |             | -0.001 | -0.001          |
| clock reconvergence pessimism                                                                                     |        |             |            |            |             | -0.000 | -0.001          |
|                                                                                                                   |        |             |            |            |             |        |                 |
| path cell delay                                                                                                   |        |             |            |            |             |        | 0.101(100.000%) |
| path net delay                                                                                                    |        |             |            |            |             |        | 0.000(0.000%)   |
|                                                                                                                   |        |             |            |            |             |        |                 |
| data require time                                                                                                 |        |             |            |            |             |        | -0.001          |
| data arrival time                                                                                                 |        |             |            |            |             |        | 0.101           |
| slack (MET)                                                                                                       |        |             |            |            |             |        | 0.102           |
+-------------------------------------------------------------------------------------------------------------------+--------+-------------+------------+------------+-------------+--------+-----------------+
+-------------------------------------------------------------------------------------------------------------------+--------+-------------+------------+------------+-------------+--------+-----------------+
| Point                                                                                                             | Fanout | Capacitance | Resistance | Transition | Delta Delay | Incr   | Path            |
+-------------------------------------------------------------------------------------------------------------------+--------+-------------+------------+------------+-------------+--------+-----------------+
| clk_i (port)                                                                                                      |        | 0.947       | 0.000      | 0.100      |             | 0.000  | 0.000r          |
| clk_i (clock net)                                                                                                 | 549    |             |            |            | NA          |        |                 |
| u_core.u_data_mem.gen_dcache.u_dcache.refill_req_ready_reg_p:CK (DFFS_X1)                                         |        | 0.001       | 0.000      | 0.000      |             | 0.000  | 0.000r          |
| clock core_clock (rise edge)                                                                                      |        |             |            |            |             | 0      | 0               |
| clock network delay (ideal)                                                                                       |        |             |            |            |             | 0.000  | 0.000           |
| u_core.u_data_mem.gen_dcache.u_dcache.refill_req_ready_reg_p:CK (DFFS_X1)                                         |        | 0.001       | 0.000      | 0.000      |             | 0.000  | 0.000r          |
| u_core.u_data_mem.gen_dcache.u_dcache.refill_req_ready_reg_p:QN (DFFS_X1)                                         |        | 0.003       | 0.000      | 0.015      |             | 0.071  | 0.071r          |
| u_core.u_data_mem.gen_dcache.u_dcache.refill_req_ready_reg_p_QN (net)                                             | 2      |             |            |            | 0.000       |        |                 |
| u_core.u_data_mem.gen_dcache.u_dcache.refill_req_ready_reg_p_QN_OAI21_X1_B2:B2 (OAI21_X1)                         |        | 0.002       | 0.000      | 0.015      |             | 0.000  | 0.071r          |
| u_core.u_data_mem.gen_dcache.u_dcache.refill_req_ready_reg_p_QN_OAI21_X1_B2:ZN (OAI21_X1)                         |        | 0.001       | 0.000      | 0.008      |             | 0.016  | 0.087f          |
| u_core.u_data_mem.gen_dcache.u_dcache.refill_req_ready_reg_p_QN_OAI21_X1_B2_ZN (net)                              | 1      |             |            |            | 0.000       |        |                 |
| u_core.u_data_mem.gen_dcache.u_dcache.u_dcache_axi.refill_word_index_q_0__reg_p_CK_CLKGATE_X1_GCK:E (CLKGATE_X1)  |        | 0.001       | 0.000      | 0.008      |             | 0.000  | 0.087f          |
|                                                                                                                   |        |             |            |            |             |        |                 |
| clk_i (port)                                                                                                      |        | 0.947       | 0.000      | 0.100      |             | 0.000  | 0.000r          |
| clk_i (clock net)                                                                                                 | 549    |             |            |            | NA          |        |                 |
| u_core.u_data_mem.gen_dcache.u_dcache.u_dcache_axi.refill_word_index_q_0__reg_p_CK_CLKGATE_X1_GCK:CK (CLKGATE_X1) |        | 0.002       | 0.000      | 0.000      |             | 0.000  | 0.000r          |
| clock core_clock (rise edge)                                                                                      |        |             |            |            |             | 0      | 0               |
| clock network delay (ideal)                                                                                       |        |             |            |            |             | 0.000  | 0.000           |
| u_core.u_data_mem.gen_dcache.u_dcache.u_dcache_axi.refill_word_index_q_0__reg_p_CK_CLKGATE_X1_GCK:CK (CLKGATE_X1) |        |             |            |            |             |        | 0.000r          |
| library hold time                                                                                                 |        |             |            |            |             | -0.015 | -0.015          |
| clock reconvergence pessimism                                                                                     |        |             |            |            |             | -0.000 | -0.015          |
|                                                                                                                   |        |             |            |            |             |        |                 |
| path cell delay                                                                                                   |        |             |            |            |             |        | 0.087(100.000%) |
| path net delay                                                                                                    |        |             |            |            |             |        | 0.000(0.000%)   |
|                                                                                                                   |        |             |            |            |             |        |                 |
| data require time                                                                                                 |        |             |            |            |             |        | -0.015          |
| data arrival time                                                                                                 |        |             |            |            |             |        | 0.087           |
| slack (MET)                                                                                                       |        |             |            |            |             |        | 0.102           |
+-------------------------------------------------------------------------------------------------------------------+--------+-------------+------------+------------+-------------+--------+-----------------+
+-------------------------------------------------------------------------------------------------------------------------------------+--------+-------------+------------+------------+-------------+--------+-----------------+
| Point                                                                                                                               | Fanout | Capacitance | Resistance | Transition | Delta Delay | Incr   | Path            |
+-------------------------------------------------------------------------------------------------------------------------------------+--------+-------------+------------+------------+-------------+--------+-----------------+
| clk_i (port)                                                                                                                        |        | 0.947       | 0.000      | 0.100      |             | 0.000  | 0.000r          |
| clk_i (clock net)                                                                                                                   | 549    |             |            |            | NA          |        |                 |
| u_core.u_data_mem.gen_dcache.u_dcache.lookup_s1_present_d_NAND2_X1_ZN_A2_NAND3_X1_ZN_A2_OAI21_X1_A_ZN_CLKGATE_X1_E:CK (CLKGATE_X1)  |        | 0.002       | 0.000      | 0.000      |             | 0.000  | 0.000r          |
| u_core.u_data_mem.gen_dcache.u_dcache.lookup_s1_present_d_NAND2_X1_ZN_A2_NAND3_X1_ZN_A2_OAI21_X1_A_ZN_CLKGATE_X1_E:GCK (CLKGATE_X1) |        | 0.029       | 0.000      | 0.000      |             | 0.000  | 0.000r          |
| u_core.u_data_mem.gen_dcache.u_dcache.installed_way_index_reg_p_CK (clock net)                                                      | 30     |             |            |            | NA          |        |                 |
| u_core.u_data_mem.gen_dcache.u_dcache.u_miss_unit.clean_operation_q_reg_p:CK (DFFR_X1)                                              |        | 0.001       | 0.000      | 0.000      |             | 0.000  | 0.000r          |
| clock core_clock (rise edge)                                                                                                        |        |             |            |            |             | 0      | 0               |
| clock network delay (ideal)                                                                                                         |        |             |            |            |             | 0.000  | 0.000           |
| u_core.u_data_mem.gen_dcache.u_dcache.u_miss_unit.clean_operation_q_reg_p:CK (DFFR_X1)                                              |        | 0.001       | 0.000      | 0.000      |             | 0.000  | 0.000r          |
| u_core.u_data_mem.gen_dcache.u_dcache.u_miss_unit.clean_operation_q_reg_p:QN (DFFR_X1)                                              |        | 0.003       | 0.000      | 0.015      |             | 0.072  | 0.072r          |
| u_core.u_data_mem.gen_dcache.u_dcache.u_miss_unit.clean_operation_q_reg_p_QN (net)                                                  | 2      |             |            |            | 0.000       |        |                 |
| u_core.u_data_mem.gen_dcache.u_dcache.u_miss_unit.clean_operation_q_reg_p_QN_OAI21_X1_B2:B2 (OAI21_X1)                              |        | 0.002       | 0.000      | 0.015      |             | 0.000  | 0.072r          |
| u_core.u_data_mem.gen_dcache.u_dcache.u_miss_unit.clean_operation_q_reg_p_QN_OAI21_X1_B2:ZN (OAI21_X1)                              |        | 0.001       | 0.000      | 0.008      |             | 0.016  | 0.088f          |
| u_core.u_data_mem.gen_dcache.u_dcache.u_miss_unit.clean_operation_q_reg_p_QN_OAI21_X1_B2_ZN (net)                                   | 1      |             |            |            | 0.000       |        |                 |
| u_core.u_data_mem.gen_dcache.u_dcache.u_miss_unit.clean_access_fault_q_reg_p_CK_CLKGATE_X1_GCK:E (CLKGATE_X1)                       |        | 0.001       | 0.000      | 0.008      |             | 0.000  | 0.088f          |
|                                                                                                                                     |        |             |            |            |             |        |                 |
| clk_i (port)                                                                                                                        |        | 0.947       | 0.000      | 0.100      |             | 0.000  | 0.000r          |
| clk_i (clock net)                                                                                                                   | 549    |             |            |            | NA          |        |                 |
| u_core.u_data_mem.gen_dcache.u_dcache.u_miss_unit.clean_access_fault_q_reg_p_CK_CLKGATE_X1_GCK:CK (CLKGATE_X1)                      |        | 0.002       | 0.000      | 0.000      |             | 0.000  | 0.000r          |
| clock core_clock (rise edge)                                                                                                        |        |             |            |            |             | 0      | 0               |
| clock network delay (ideal)                                                                                                         |        |             |            |            |             | 0.000  | 0.000           |
| u_core.u_data_mem.gen_dcache.u_dcache.u_miss_unit.clean_access_fault_q_reg_p_CK_CLKGATE_X1_GCK:CK (CLKGATE_X1)                      |        |             |            |            |             |        | 0.000r          |
| library hold time                                                                                                                   |        |             |            |            |             | -0.015 | -0.015          |
| clock reconvergence pessimism                                                                                                       |        |             |            |            |             | -0.000 | -0.015          |
|                                                                                                                                     |        |             |            |            |             |        |                 |
| path cell delay                                                                                                                     |        |             |            |            |             |        | 0.088(100.000%) |
| path net delay                                                                                                                      |        |             |            |            |             |        | 0.000(0.000%)   |
|                                                                                                                                     |        |             |            |            |             |        |                 |
| data require time                                                                                                                   |        |             |            |            |             |        | -0.015          |
| data arrival time                                                                                                                   |        |             |            |            |             |        | 0.088           |
| slack (MET)                                                                                                                         |        |             |            |            |             |        | 0.104           |
+-------------------------------------------------------------------------------------------------------------------------------------+--------+-------------+------------+------------+-------------+--------+-----------------+
