Generate the report at 2026-09-15T14:39:49, GitVersion: aa25008b3778a76ae1975c839d4cc459f7f7b3b7.
+--------------------------------------------------------------------------------------------------------------------------+--------------------------+------------+------------+---------------+-------+--------+-----------+
| Endpoint                                                                                                                 | Clock Group              | Delay Type | Path Delay | Path Required | CPPR  | Slack  | Freq(MHz) |
+--------------------------------------------------------------------------------------------------------------------------+--------------------------+------------+------------+---------------+-------+--------+-----------+
| u_core.u_icache.invalidate_set_index_q_0__reg_p:D                                                                        | core_clock               | max        | 7.093r     | 1.178         | 0.000 | -5.916 | 140.162   |
| u_core.u_icache.invalidate_set_index_q_0__reg_p:D                                                                        | core_clock               | max        | 7.093r     | 1.178         | 0.000 | -5.916 | 140.162   |
| u_core.u_icache.invalidate_set_index_q_2__reg_p:D                                                                        | core_clock               | max        | 7.093r     | 1.178         | 0.000 | -5.916 | 140.162   |
| u_core.u_icache.invalidate_set_index_q_2__reg_p:D                                                                        | core_clock               | max        | 7.093r     | 1.178         | 0.000 | -5.916 | 140.162   |
| u_core.u_icache.local_lookup_resp_43__reg_p:D                                                                            | core_clock               | max        | 7.093r     | 1.178         | 0.000 | -5.915 | 140.182   |
| u_core.u_fetch_control_flow_predictor.return_stack_write_index_q_0__reg_p_QN_MUX2_X1_B_Z_AOI211_X1_A_ZN_CLKGATE_X1_E:E   | **clock_gating_default** | max        | 6.469r     | 1.157         | 0.000 | -5.311 | NA        |
| u_core.u_fetch_control_flow_predictor.return_stack_write_index_q_0__reg_p_QN_MUX2_X1_B_Z_AOI211_X1_B_ZN_CLKGATE_X1_E:E   | **clock_gating_default** | max        | 6.441r     | 1.157         | 0.000 | -5.284 | NA        |
| u_core.u_fetch_control_flow_predictor.return_stack_write_index_q_1__reg_p_QN_AOI211_X1_C1_ZN_CLKGATE_X1_E:E              | **clock_gating_default** | max        | 6.437r     | 1.164         | 0.000 | -5.274 | NA        |
| u_core.u_fetch_control_flow_predictor.return_stack_write_index_q_1__reg_p_QN_AOI211_X1_C1_B_NOR2_X1_A1_ZN_CLKGATE_X1_E:E | **clock_gating_default** | max        | 6.412r     | 1.168         | 0.000 | -5.244 | NA        |
| u_core.u_icache.u_riscv32_icache_tag_array.line_present_array_q[0]_15__reg_p_CK_CLKGATE_X1_GCK:E                         | **clock_gating_default** | max        | 6.106f     | 1.168         | 0.000 | -4.938 | NA        |
| u_core.u_lsu.state_q_0__reg_p:RN                                                                                         | core_clock               | min        | 5.652r     | 6.102         | 0.000 | -0.451 | NA        |
| u_core.u_lsu.state_q_0__reg_p:RN                                                                                         | core_clock               | min        | 5.652r     | 6.102         | 0.000 | -0.451 | NA        |
| u_core.u_fetch_control_flow_predictor.resolved_control_flow_update_q_16__reg_p:RN                                        | core_clock               | min        | 5.652r     | 6.102         | 0.000 | -0.451 | NA        |
| u_core.next_pc_predictor_lookup_request_epoch_0__reg_p:RN                                                                | core_clock               | min        | 5.652r     | 6.102         | 0.000 | -0.451 | NA        |
| u_core.u_fetch_control_flow_predictor.branch_target_training_way_entry_array_q_60__reg_p:RN                              | core_clock               | min        | 5.652r     | 6.102         | 0.000 | -0.451 | NA        |
| u_core.u_data_memory_subsystem.gen_dcache.u_dcache.refill_req_ready_reg_p_QN_AOI211_X1_C1_ZN_CLKGATE_X1_E:E              | **clock_gating_default** | min        | 0.082f     | -0.015        | 0.000 | 0.097  | NA        |
| u_core.u_fetch_control_flow_predictor.return_stack_write_index_q_1__reg_p_QN_AOI211_X1_C1_ZN_CLKGATE_X1_E:E              | **clock_gating_default** | min        | 0.083f     | -0.016        | 0.000 | 0.099  | NA        |
| u_core.u_fetch_control_flow_predictor.return_stack_write_index_q_1__reg_p_QN_AOI211_X1_C1_ZN_CLKGATE_X1_E:E              | **clock_gating_default** | min        | 0.101r     | 0.001         | 0.000 | 0.100  | NA        |
| u_core.u_data_memory_subsystem.gen_dcache.u_dcache.refill_req_ready_reg_p_QN_AOI211_X1_C1_ZN_CLKGATE_X1_E:E              | **clock_gating_default** | min        | 0.102r     | 0.001         | 0.000 | 0.100  | NA        |
| u_core.resolved_execute_result_valid_reg_p_QN_NAND3_X1_A2_ZN_CLKGATE_X1_E:E                                              | **clock_gating_default** | min        | 0.100r     | -0.001        | 0.000 | 0.101  | NA        |
+--------------------------------------------------------------------------------------------------------------------------+--------------------------+------------+------------+---------------+-------+--------+-----------+
+------------+------------+------------+
| Clock      | Delay Type | TNS        |
+------------+------------+------------+
| core_clock | max        | -17311.276 |
| core_clock | min        | -959.121   |
+------------+------------+------------+
+--------------------------------------------------------------------------------------------------------+--------+-------------+------------+------------+-------------+--------+----------------+
| Point                                                                                                  | Fanout | Capacitance | Resistance | Transition | Delta Delay | Incr   | Path           |
+--------------------------------------------------------------------------------------------------------+--------+-------------+------------+------------+-------------+--------+----------------+
| clk_i (port)                                                                                           |        | 1.159       | 0.000      | 0.100      |             | 0.000  | 0.000f         |
| clk_i (clock net)                                                                                      | 856    |             |            |            | NA          |        |                |
| core_rst_n_reg_n_CK_INV_X1_ZN:A (INV_X1)                                                               |        | 0.002       | 0.000      | 0.000      |             | 0.000  | 0.000f         |
| core_rst_n_reg_n_CK_INV_X1_ZN:ZN (INV_X1)                                                              |        | 0.002       | 0.000      | 0.000      |             | 0.000  | 0.000r         |
| core_rst_n_reg_n_CK (clock net)                                                                        | 2      |             |            |            | NA          |        |                |
| core_rst_n_reg_n:CK (DFFR_X1)                                                                          |        | 0.001       | 0.000      | 0.000      |             | 0.000  | 0.000r         |
| clock core_clock (fall edge)                                                                           |        |             |            |            |             | 0.609  | 0.609          |
| clock network delay (ideal)                                                                            |        |             |            |            |             | 0.000  | 0.609          |
| core_rst_n_reg_n:CK (DFFR_X1)                                                                          |        | 0.001       | 0.000      | 0.000      |             | 0.000  | 0.609r         |
| core_rst_n_reg_n:Q (DFFR_X1)                                                                           |        | 2.114       | 0.000      | 4.823      |             | 5.141  | 5.750r         |
| core_rst_n (net)                                                                                       | 1197   |             |            |            | 0.000       |        |                |
| u_core.u_icache.local_lookup_resp_3__reg_p_D_AOI211_X1_ZN_A_INV_X1_ZN:A (INV_X1)                       |        | 0.002       | 0.000      | 4.823      |             | 0.000  | 5.750r         |
| u_core.u_icache.local_lookup_resp_3__reg_p_D_AOI211_X1_ZN_A_INV_X1_ZN:ZN (INV_X1)                      |        | 0.036       | 0.000      | 1.139      |             | 0.904  | 6.654f         |
| u_core.u_icache.local_lookup_resp_3__reg_p_D_AOI211_X1_ZN_A (net)                                      | 24     |             |            |            | 0.000       |        |                |
| u_core.u_icache.local_lookup_resp_3__reg_p_D_AOI211_X1_ZN_A_BUF_X1_A:A (BUF_X1)                        |        | 0.001       | 0.000      | 1.139      |             | 0.000  | 6.654f         |
| u_core.u_icache.local_lookup_resp_3__reg_p_D_AOI211_X1_ZN_A_BUF_X1_A:Z (BUF_X1)                        |        | 0.036       | 0.000      | 0.060      |             | 0.366  | 7.020f         |
| u_core.u_icache.invalidate_state_q_0__reg_p_D_NOR2_X1_ZN_A1 (net)                                      | 24     |             |            |            | 0.000       |        |                |
| u_core.u_icache.invalidate_set_index_q_0__reg_p_D_NOR4_X1_ZN:A1 (NOR4_X1)                              |        | 0.002       | 0.000      | 0.060      |             | 0.000  | 7.020f         |
| u_core.u_icache.invalidate_set_index_q_0__reg_p_D_NOR4_X1_ZN:ZN (NOR4_X1)                              |        | 0.001       | 0.000      | 0.046      |             | 0.073  | 7.093r         |
| u_core.u_icache.invalidate_set_index_q_0__reg_p_D (net)                                                | 1      |             |            |            | 0.000       |        |                |
| u_core.u_icache.invalidate_set_index_q_0__reg_p:D (DFF_X1)                                             |        | 0.001       | 0.000      | 0.046      |             | 0.000  | 7.093r         |
|                                                                                                        |        |             |            |            |             |        |                |
| clk_i (port)                                                                                           |        | 1.263       | 0.000      | 0.100      |             | 0.000  | 0.000r         |
| clk_i (clock net)                                                                                      | 856    |             |            |            | NA          |        |                |
| u_core.u_icache.invalidate_state_q_1__reg_p_D_AOI21_X1_ZN_B1_MUX2_X1_S_Z_CLKGATE_X1_E:CK (CLKGATE_X1)  |        | 0.002       | 0.000      | 0.000      |             | 0.000  | 0.000r         |
| u_core.u_icache.invalidate_state_q_1__reg_p_D_AOI21_X1_ZN_B1_MUX2_X1_S_Z_CLKGATE_X1_E:GCK (CLKGATE_X1) |        | 0.004       | 0.000      | 0.000      |             | 0.000  | 0.000r         |
| u_core.u_icache.invalidate_set_index_q_0__reg_p_CK (clock net)                                         | 4      |             |            |            | NA          |        |                |
| u_core.u_icache.invalidate_set_index_q_0__reg_p:CK (DFF_X1)                                            |        | 0.001       | 0.000      | 0.000      |             | 0.000  | 0.000r         |
| clock core_clock (rise edge)                                                                           |        |             |            |            |             | 1.219  | 1.219          |
| clock network delay (ideal)                                                                            |        |             |            |            |             | 0.000  | 1.219          |
| u_core.u_icache.invalidate_set_index_q_0__reg_p:CK (DFF_X1)                                            |        |             |            |            |             |        | 1.219r         |
| library setup time                                                                                     |        |             |            |            |             | -0.041 | 1.178          |
| clock reconvergence pessimism                                                                          |        |             |            |            |             | 0.000  | 1.178          |
|                                                                                                        |        |             |            |            |             |        |                |
| path cell delay                                                                                        |        |             |            |            |             |        | 6.484(91.414%) |
| path net delay                                                                                         |        |             |            |            |             |        | 0.000(0.000%)  |
|                                                                                                        |        |             |            |            |             |        |                |
| data require time                                                                                      |        |             |            |            |             |        | 1.178          |
| data arrival time                                                                                      |        |             |            |            |             |        | 7.093          |
| slack (VIOLATED)                                                                                       |        |             |            |            |             |        | -5.916         |
+--------------------------------------------------------------------------------------------------------+--------+-------------+------------+------------+-------------+--------+----------------+
+--------------------------------------------------------------------------------------------------------+--------+-------------+------------+------------+-------------+--------+----------------+
| Point                                                                                                  | Fanout | Capacitance | Resistance | Transition | Delta Delay | Incr   | Path           |
+--------------------------------------------------------------------------------------------------------+--------+-------------+------------+------------+-------------+--------+----------------+
| clk_i (port)                                                                                           |        | 1.159       | 0.000      | 0.100      |             | 0.000  | 0.000f         |
| clk_i (clock net)                                                                                      | 856    |             |            |            | NA          |        |                |
| core_rst_n_reg_n_CK_INV_X1_ZN:A (INV_X1)                                                               |        | 0.002       | 0.000      | 0.000      |             | 0.000  | 0.000f         |
| core_rst_n_reg_n_CK_INV_X1_ZN:ZN (INV_X1)                                                              |        | 0.002       | 0.000      | 0.000      |             | 0.000  | 0.000r         |
| core_rst_n_reg_n_CK (clock net)                                                                        | 2      |             |            |            | NA          |        |                |
| core_rst_n_reg_n:CK (DFFR_X1)                                                                          |        | 0.001       | 0.000      | 0.000      |             | 0.000  | 0.000r         |
| clock core_clock (fall edge)                                                                           |        |             |            |            |             | 0.609  | 0.609          |
| clock network delay (ideal)                                                                            |        |             |            |            |             | 0.000  | 0.609          |
| core_rst_n_reg_n:CK (DFFR_X1)                                                                          |        | 0.001       | 0.000      | 0.000      |             | 0.000  | 0.609r         |
| core_rst_n_reg_n:Q (DFFR_X1)                                                                           |        | 2.114       | 0.000      | 4.823      |             | 5.141  | 5.750r         |
| core_rst_n (net)                                                                                       | 1197   |             |            |            | 0.000       |        |                |
| u_core.u_icache.local_lookup_resp_3__reg_p_D_AOI211_X1_ZN_A_INV_X1_ZN:A (INV_X1)                       |        | 0.002       | 0.000      | 4.823      |             | 0.000  | 5.750r         |
| u_core.u_icache.local_lookup_resp_3__reg_p_D_AOI211_X1_ZN_A_INV_X1_ZN:ZN (INV_X1)                      |        | 0.036       | 0.000      | 1.139      |             | 0.904  | 6.654f         |
| u_core.u_icache.local_lookup_resp_3__reg_p_D_AOI211_X1_ZN_A (net)                                      | 24     |             |            |            | 0.000       |        |                |
| u_core.u_icache.local_lookup_resp_3__reg_p_D_AOI211_X1_ZN_A_BUF_X1_A:A (BUF_X1)                        |        | 0.001       | 0.000      | 1.139      |             | 0.000  | 6.654f         |
| u_core.u_icache.local_lookup_resp_3__reg_p_D_AOI211_X1_ZN_A_BUF_X1_A:Z (BUF_X1)                        |        | 0.036       | 0.000      | 0.060      |             | 0.366  | 7.020f         |
| u_core.u_icache.invalidate_state_q_0__reg_p_D_NOR2_X1_ZN_A1 (net)                                      | 24     |             |            |            | 0.000       |        |                |
| u_core.u_icache.invalidate_set_index_q_0__reg_p_D_NOR4_X1_ZN:A1 (NOR4_X1)                              |        | 0.002       | 0.000      | 0.060      |             | 0.000  | 7.020f         |
| u_core.u_icache.invalidate_set_index_q_0__reg_p_D_NOR4_X1_ZN:ZN (NOR4_X1)                              |        | 0.001       | 0.000      | 0.046      |             | 0.073  | 7.093r         |
| u_core.u_icache.invalidate_set_index_q_0__reg_p_D (net)                                                | 1      |             |            |            | 0.000       |        |                |
| u_core.u_icache.invalidate_set_index_q_0__reg_p:D (DFF_X1)                                             |        | 0.001       | 0.000      | 0.046      |             | 0.000  | 7.093r         |
|                                                                                                        |        |             |            |            |             |        |                |
| clk_i (port)                                                                                           |        | 1.263       | 0.000      | 0.100      |             | 0.000  | 0.000r         |
| clk_i (clock net)                                                                                      | 856    |             |            |            | NA          |        |                |
| u_core.u_icache.invalidate_state_q_1__reg_p_D_AOI21_X1_ZN_B1_MUX2_X1_S_Z_CLKGATE_X1_E:CK (CLKGATE_X1)  |        | 0.002       | 0.000      | 0.000      |             | 0.000  | 0.000r         |
| u_core.u_icache.invalidate_state_q_1__reg_p_D_AOI21_X1_ZN_B1_MUX2_X1_S_Z_CLKGATE_X1_E:GCK (CLKGATE_X1) |        | 0.004       | 0.000      | 0.000      |             | 0.000  | 0.000r         |
| u_core.u_icache.invalidate_set_index_q_0__reg_p_CK (clock net)                                         | 4      |             |            |            | NA          |        |                |
| u_core.u_icache.invalidate_set_index_q_0__reg_p:CK (DFF_X1)                                            |        | 0.001       | 0.000      | 0.000      |             | 0.000  | 0.000r         |
| clock core_clock (rise edge)                                                                           |        |             |            |            |             | 1.219  | 1.219          |
| clock network delay (ideal)                                                                            |        |             |            |            |             | 0.000  | 1.219          |
| u_core.u_icache.invalidate_set_index_q_0__reg_p:CK (DFF_X1)                                            |        |             |            |            |             |        | 1.219r         |
| library setup time                                                                                     |        |             |            |            |             | -0.041 | 1.178          |
| clock reconvergence pessimism                                                                          |        |             |            |            |             | 0.000  | 1.178          |
|                                                                                                        |        |             |            |            |             |        |                |
| path cell delay                                                                                        |        |             |            |            |             |        | 6.484(91.414%) |
| path net delay                                                                                         |        |             |            |            |             |        | 0.000(0.000%)  |
|                                                                                                        |        |             |            |            |             |        |                |
| data require time                                                                                      |        |             |            |            |             |        | 1.178          |
| data arrival time                                                                                      |        |             |            |            |             |        | 7.093          |
| slack (VIOLATED)                                                                                       |        |             |            |            |             |        | -5.916         |
+--------------------------------------------------------------------------------------------------------+--------+-------------+------------+------------+-------------+--------+----------------+
+--------------------------------------------------------------------------------------------------------+--------+-------------+------------+------------+-------------+--------+----------------+
| Point                                                                                                  | Fanout | Capacitance | Resistance | Transition | Delta Delay | Incr   | Path           |
+--------------------------------------------------------------------------------------------------------+--------+-------------+------------+------------+-------------+--------+----------------+
| clk_i (port)                                                                                           |        | 1.159       | 0.000      | 0.100      |             | 0.000  | 0.000f         |
| clk_i (clock net)                                                                                      | 856    |             |            |            | NA          |        |                |
| core_rst_n_reg_n_CK_INV_X1_ZN:A (INV_X1)                                                               |        | 0.002       | 0.000      | 0.000      |             | 0.000  | 0.000f         |
| core_rst_n_reg_n_CK_INV_X1_ZN:ZN (INV_X1)                                                              |        | 0.002       | 0.000      | 0.000      |             | 0.000  | 0.000r         |
| core_rst_n_reg_n_CK (clock net)                                                                        | 2      |             |            |            | NA          |        |                |
| core_rst_n_reg_n:CK (DFFR_X1)                                                                          |        | 0.001       | 0.000      | 0.000      |             | 0.000  | 0.000r         |
| clock core_clock (fall edge)                                                                           |        |             |            |            |             | 0.609  | 0.609          |
| clock network delay (ideal)                                                                            |        |             |            |            |             | 0.000  | 0.609          |
| core_rst_n_reg_n:CK (DFFR_X1)                                                                          |        | 0.001       | 0.000      | 0.000      |             | 0.000  | 0.609r         |
| core_rst_n_reg_n:Q (DFFR_X1)                                                                           |        | 2.114       | 0.000      | 4.823      |             | 5.141  | 5.750r         |
| core_rst_n (net)                                                                                       | 1197   |             |            |            | 0.000       |        |                |
| u_core.u_icache.local_lookup_resp_3__reg_p_D_AOI211_X1_ZN_A_INV_X1_ZN:A (INV_X1)                       |        | 0.002       | 0.000      | 4.823      |             | 0.000  | 5.750r         |
| u_core.u_icache.local_lookup_resp_3__reg_p_D_AOI211_X1_ZN_A_INV_X1_ZN:ZN (INV_X1)                      |        | 0.036       | 0.000      | 1.139      |             | 0.904  | 6.654f         |
| u_core.u_icache.local_lookup_resp_3__reg_p_D_AOI211_X1_ZN_A (net)                                      | 24     |             |            |            | 0.000       |        |                |
| u_core.u_icache.local_lookup_resp_3__reg_p_D_AOI211_X1_ZN_A_BUF_X1_A:A (BUF_X1)                        |        | 0.001       | 0.000      | 1.139      |             | 0.000  | 6.654f         |
| u_core.u_icache.local_lookup_resp_3__reg_p_D_AOI211_X1_ZN_A_BUF_X1_A:Z (BUF_X1)                        |        | 0.036       | 0.000      | 0.060      |             | 0.366  | 7.020f         |
| u_core.u_icache.invalidate_state_q_0__reg_p_D_NOR2_X1_ZN_A1 (net)                                      | 24     |             |            |            | 0.000       |        |                |
| u_core.u_icache.invalidate_set_index_q_2__reg_p_D_NOR4_X1_ZN:A1 (NOR4_X1)                              |        | 0.002       | 0.000      | 0.060      |             | 0.000  | 7.020f         |
| u_core.u_icache.invalidate_set_index_q_2__reg_p_D_NOR4_X1_ZN:ZN (NOR4_X1)                              |        | 0.001       | 0.000      | 0.046      |             | 0.073  | 7.093r         |
| u_core.u_icache.invalidate_set_index_q_2__reg_p_D (net)                                                | 1      |             |            |            | 0.000       |        |                |
| u_core.u_icache.invalidate_set_index_q_2__reg_p:D (DFF_X1)                                             |        | 0.001       | 0.000      | 0.046      |             | 0.000  | 7.093r         |
|                                                                                                        |        |             |            |            |             |        |                |
| clk_i (port)                                                                                           |        | 1.263       | 0.000      | 0.100      |             | 0.000  | 0.000r         |
| clk_i (clock net)                                                                                      | 856    |             |            |            | NA          |        |                |
| u_core.u_icache.invalidate_state_q_1__reg_p_D_AOI21_X1_ZN_B1_MUX2_X1_S_Z_CLKGATE_X1_E:CK (CLKGATE_X1)  |        | 0.002       | 0.000      | 0.000      |             | 0.000  | 0.000r         |
| u_core.u_icache.invalidate_state_q_1__reg_p_D_AOI21_X1_ZN_B1_MUX2_X1_S_Z_CLKGATE_X1_E:GCK (CLKGATE_X1) |        | 0.004       | 0.000      | 0.000      |             | 0.000  | 0.000r         |
| u_core.u_icache.invalidate_set_index_q_0__reg_p_CK (clock net)                                         | 4      |             |            |            | NA          |        |                |
| u_core.u_icache.invalidate_set_index_q_2__reg_p:CK (DFF_X1)                                            |        | 0.001       | 0.000      | 0.000      |             | 0.000  | 0.000r         |
| clock core_clock (rise edge)                                                                           |        |             |            |            |             | 1.219  | 1.219          |
| clock network delay (ideal)                                                                            |        |             |            |            |             | 0.000  | 1.219          |
| u_core.u_icache.invalidate_set_index_q_2__reg_p:CK (DFF_X1)                                            |        |             |            |            |             |        | 1.219r         |
| library setup time                                                                                     |        |             |            |            |             | -0.041 | 1.178          |
| clock reconvergence pessimism                                                                          |        |             |            |            |             | 0.000  | 1.178          |
|                                                                                                        |        |             |            |            |             |        |                |
| path cell delay                                                                                        |        |             |            |            |             |        | 6.484(91.414%) |
| path net delay                                                                                         |        |             |            |            |             |        | 0.000(0.000%)  |
|                                                                                                        |        |             |            |            |             |        |                |
| data require time                                                                                      |        |             |            |            |             |        | 1.178          |
| data arrival time                                                                                      |        |             |            |            |             |        | 7.093          |
| slack (VIOLATED)                                                                                       |        |             |            |            |             |        | -5.916         |
+--------------------------------------------------------------------------------------------------------+--------+-------------+------------+------------+-------------+--------+----------------+
+--------------------------------------------------------------------------------------------------------+--------+-------------+------------+------------+-------------+--------+----------------+
| Point                                                                                                  | Fanout | Capacitance | Resistance | Transition | Delta Delay | Incr   | Path           |
+--------------------------------------------------------------------------------------------------------+--------+-------------+------------+------------+-------------+--------+----------------+
| clk_i (port)                                                                                           |        | 1.159       | 0.000      | 0.100      |             | 0.000  | 0.000f         |
| clk_i (clock net)                                                                                      | 856    |             |            |            | NA          |        |                |
| core_rst_n_reg_n_CK_INV_X1_ZN:A (INV_X1)                                                               |        | 0.002       | 0.000      | 0.000      |             | 0.000  | 0.000f         |
| core_rst_n_reg_n_CK_INV_X1_ZN:ZN (INV_X1)                                                              |        | 0.002       | 0.000      | 0.000      |             | 0.000  | 0.000r         |
| core_rst_n_reg_n_CK (clock net)                                                                        | 2      |             |            |            | NA          |        |                |
| core_rst_n_reg_n:CK (DFFR_X1)                                                                          |        | 0.001       | 0.000      | 0.000      |             | 0.000  | 0.000r         |
| clock core_clock (fall edge)                                                                           |        |             |            |            |             | 0.609  | 0.609          |
| clock network delay (ideal)                                                                            |        |             |            |            |             | 0.000  | 0.609          |
| core_rst_n_reg_n:CK (DFFR_X1)                                                                          |        | 0.001       | 0.000      | 0.000      |             | 0.000  | 0.609r         |
| core_rst_n_reg_n:Q (DFFR_X1)                                                                           |        | 2.114       | 0.000      | 4.823      |             | 5.141  | 5.750r         |
| core_rst_n (net)                                                                                       | 1197   |             |            |            | 0.000       |        |                |
| u_core.u_icache.local_lookup_resp_3__reg_p_D_AOI211_X1_ZN_A_INV_X1_ZN:A (INV_X1)                       |        | 0.002       | 0.000      | 4.823      |             | 0.000  | 5.750r         |
| u_core.u_icache.local_lookup_resp_3__reg_p_D_AOI211_X1_ZN_A_INV_X1_ZN:ZN (INV_X1)                      |        | 0.036       | 0.000      | 1.139      |             | 0.904  | 6.654f         |
| u_core.u_icache.local_lookup_resp_3__reg_p_D_AOI211_X1_ZN_A (net)                                      | 24     |             |            |            | 0.000       |        |                |
| u_core.u_icache.local_lookup_resp_3__reg_p_D_AOI211_X1_ZN_A_BUF_X1_A:A (BUF_X1)                        |        | 0.001       | 0.000      | 1.139      |             | 0.000  | 6.654f         |
| u_core.u_icache.local_lookup_resp_3__reg_p_D_AOI211_X1_ZN_A_BUF_X1_A:Z (BUF_X1)                        |        | 0.036       | 0.000      | 0.060      |             | 0.366  | 7.020f         |
| u_core.u_icache.invalidate_state_q_0__reg_p_D_NOR2_X1_ZN_A1 (net)                                      | 24     |             |            |            | 0.000       |        |                |
| u_core.u_icache.invalidate_set_index_q_2__reg_p_D_NOR4_X1_ZN:A1 (NOR4_X1)                              |        | 0.002       | 0.000      | 0.060      |             | 0.000  | 7.020f         |
| u_core.u_icache.invalidate_set_index_q_2__reg_p_D_NOR4_X1_ZN:ZN (NOR4_X1)                              |        | 0.001       | 0.000      | 0.046      |             | 0.073  | 7.093r         |
| u_core.u_icache.invalidate_set_index_q_2__reg_p_D (net)                                                | 1      |             |            |            | 0.000       |        |                |
| u_core.u_icache.invalidate_set_index_q_2__reg_p:D (DFF_X1)                                             |        | 0.001       | 0.000      | 0.046      |             | 0.000  | 7.093r         |
|                                                                                                        |        |             |            |            |             |        |                |
| clk_i (port)                                                                                           |        | 1.263       | 0.000      | 0.100      |             | 0.000  | 0.000r         |
| clk_i (clock net)                                                                                      | 856    |             |            |            | NA          |        |                |
| u_core.u_icache.invalidate_state_q_1__reg_p_D_AOI21_X1_ZN_B1_MUX2_X1_S_Z_CLKGATE_X1_E:CK (CLKGATE_X1)  |        | 0.002       | 0.000      | 0.000      |             | 0.000  | 0.000r         |
| u_core.u_icache.invalidate_state_q_1__reg_p_D_AOI21_X1_ZN_B1_MUX2_X1_S_Z_CLKGATE_X1_E:GCK (CLKGATE_X1) |        | 0.004       | 0.000      | 0.000      |             | 0.000  | 0.000r         |
| u_core.u_icache.invalidate_set_index_q_0__reg_p_CK (clock net)                                         | 4      |             |            |            | NA          |        |                |
| u_core.u_icache.invalidate_set_index_q_2__reg_p:CK (DFF_X1)                                            |        | 0.001       | 0.000      | 0.000      |             | 0.000  | 0.000r         |
| clock core_clock (rise edge)                                                                           |        |             |            |            |             | 1.219  | 1.219          |
| clock network delay (ideal)                                                                            |        |             |            |            |             | 0.000  | 1.219          |
| u_core.u_icache.invalidate_set_index_q_2__reg_p:CK (DFF_X1)                                            |        |             |            |            |             |        | 1.219r         |
| library setup time                                                                                     |        |             |            |            |             | -0.041 | 1.178          |
| clock reconvergence pessimism                                                                          |        |             |            |            |             | 0.000  | 1.178          |
|                                                                                                        |        |             |            |            |             |        |                |
| path cell delay                                                                                        |        |             |            |            |             |        | 6.484(91.414%) |
| path net delay                                                                                         |        |             |            |            |             |        | 0.000(0.000%)  |
|                                                                                                        |        |             |            |            |             |        |                |
| data require time                                                                                      |        |             |            |            |             |        | 1.178          |
| data arrival time                                                                                      |        |             |            |            |             |        | 7.093          |
| slack (VIOLATED)                                                                                       |        |             |            |            |             |        | -5.916         |
+--------------------------------------------------------------------------------------------------------+--------+-------------+------------+------------+-------------+--------+----------------+
+-----------------------------------------------------------------------------------------+--------+-------------+------------+------------+-------------+--------+----------------+
| Point                                                                                   | Fanout | Capacitance | Resistance | Transition | Delta Delay | Incr   | Path           |
+-----------------------------------------------------------------------------------------+--------+-------------+------------+------------+-------------+--------+----------------+
| clk_i (port)                                                                            |        | 1.159       | 0.000      | 0.100      |             | 0.000  | 0.000f         |
| clk_i (clock net)                                                                       | 856    |             |            |            | NA          |        |                |
| core_rst_n_reg_n_CK_INV_X1_ZN:A (INV_X1)                                                |        | 0.002       | 0.000      | 0.000      |             | 0.000  | 0.000f         |
| core_rst_n_reg_n_CK_INV_X1_ZN:ZN (INV_X1)                                               |        | 0.002       | 0.000      | 0.000      |             | 0.000  | 0.000r         |
| core_rst_n_reg_n_CK (clock net)                                                         | 2      |             |            |            | NA          |        |                |
| core_rst_n_reg_n:CK (DFFR_X1)                                                           |        | 0.001       | 0.000      | 0.000      |             | 0.000  | 0.000r         |
| clock core_clock (fall edge)                                                            |        |             |            |            |             | 0.609  | 0.609          |
| clock network delay (ideal)                                                             |        |             |            |            |             | 0.000  | 0.609          |
| core_rst_n_reg_n:CK (DFFR_X1)                                                           |        | 0.001       | 0.000      | 0.000      |             | 0.000  | 0.609r         |
| core_rst_n_reg_n:Q (DFFR_X1)                                                            |        | 2.114       | 0.000      | 4.823      |             | 5.141  | 5.750r         |
| core_rst_n (net)                                                                        | 1197   |             |            |            | 0.000       |        |                |
| u_core.u_icache.local_lookup_resp_3__reg_p_D_AOI211_X1_ZN_A_INV_X1_ZN:A (INV_X1)        |        | 0.002       | 0.000      | 4.823      |             | 0.000  | 5.750r         |
| u_core.u_icache.local_lookup_resp_3__reg_p_D_AOI211_X1_ZN_A_INV_X1_ZN:ZN (INV_X1)       |        | 0.036       | 0.000      | 1.139      |             | 0.904  | 6.654f         |
| u_core.u_icache.local_lookup_resp_3__reg_p_D_AOI211_X1_ZN_A (net)                       | 24     |             |            |            | 0.000       |        |                |
| u_core.u_icache.local_lookup_resp_3__reg_p_D_AOI211_X1_ZN_A_BUF_X1_A:A (BUF_X1)         |        | 0.001       | 0.000      | 1.139      |             | 0.000  | 6.654f         |
| u_core.u_icache.local_lookup_resp_3__reg_p_D_AOI211_X1_ZN_A_BUF_X1_A:Z (BUF_X1)         |        | 0.036       | 0.000      | 0.060      |             | 0.366  | 7.020f         |
| u_core.u_icache.invalidate_state_q_0__reg_p_D_NOR2_X1_ZN_A1 (net)                       | 24     |             |            |            | 0.000       |        |                |
| u_core.u_icache.local_lookup_resp_43__reg_p_D_AOI211_X1_ZN:A (AOI211_X1)                |        | 0.002       | 0.000      | 0.060      |             | 0.000  | 7.020f         |
| u_core.u_icache.local_lookup_resp_43__reg_p_D_AOI211_X1_ZN:ZN (AOI211_X1)               |        | 0.001       | 0.000      | 0.043      |             | 0.073  | 7.093r         |
| u_core.u_icache.local_lookup_resp_43__reg_p_D (net)                                     | 1      |             |            |            | 0.000       |        |                |
| u_core.u_icache.local_lookup_resp_43__reg_p:D (DFF_X1)                                  |        | 0.001       | 0.000      | 0.043      |             | 0.000  | 7.093r         |
|                                                                                         |        |             |            |            |             |        |                |
| clk_i (port)                                                                            |        | 1.263       | 0.000      | 0.100      |             | 0.000  | 0.000r         |
| clk_i (clock net)                                                                       | 856    |             |            |            | NA          |        |                |
| u_core.u_icache.array_read_enable_INV_X1_ZN_A_INV_X1_A_ZN_CLKGATE_X1_E:CK (CLKGATE_X1)  |        | 0.002       | 0.000      | 0.000      |             | 0.000  | 0.000r         |
| u_core.u_icache.array_read_enable_INV_X1_ZN_A_INV_X1_A_ZN_CLKGATE_X1_E:GCK (CLKGATE_X1) |        | 0.036       | 0.000      | 0.000      |             | 0.000  | 0.000r         |
| u_core.u_icache.local_lookup_resp_1__reg_p_CK (clock net)                               | 38     |             |            |            | NA          |        |                |
| u_core.u_icache.local_lookup_resp_43__reg_p:CK (DFF_X1)                                 |        | 0.001       | 0.000      | 0.000      |             | 0.000  | 0.000r         |
| clock core_clock (rise edge)                                                            |        |             |            |            |             | 1.219  | 1.219          |
| clock network delay (ideal)                                                             |        |             |            |            |             | 0.000  | 1.219          |
| u_core.u_icache.local_lookup_resp_43__reg_p:CK (DFF_X1)                                 |        |             |            |            |             |        | 1.219r         |
| library setup time                                                                      |        |             |            |            |             | -0.041 | 1.178          |
| clock reconvergence pessimism                                                           |        |             |            |            |             | 0.000  | 1.178          |
|                                                                                         |        |             |            |            |             |        |                |
| path cell delay                                                                         |        |             |            |            |             |        | 6.484(91.414%) |
| path net delay                                                                          |        |             |            |            |             |        | 0.000(0.000%)  |
|                                                                                         |        |             |            |            |             |        |                |
| data require time                                                                       |        |             |            |            |             |        | 1.178          |
| data arrival time                                                                       |        |             |            |            |             |        | 7.093          |
| slack (VIOLATED)                                                                        |        |             |            |            |             |        | -5.915         |
+-----------------------------------------------------------------------------------------+--------+-------------+------------+------------+-------------+--------+----------------+
+--------------------------------------------------------------------------------------------------------------------------------------+--------+-------------+------------+------------+-------------+--------+----------------+
| Point                                                                                                                                | Fanout | Capacitance | Resistance | Transition | Delta Delay | Incr   | Path           |
+--------------------------------------------------------------------------------------------------------------------------------------+--------+-------------+------------+------------+-------------+--------+----------------+
| clk_i (port)                                                                                                                         |        | 1.159       | 0.000      | 0.100      |             | 0.000  | 0.000f         |
| clk_i (clock net)                                                                                                                    | 856    |             |            |            | NA          |        |                |
| core_rst_n_reg_n_CK_INV_X1_ZN:A (INV_X1)                                                                                             |        | 0.002       | 0.000      | 0.000      |             | 0.000  | 0.000f         |
| core_rst_n_reg_n_CK_INV_X1_ZN:ZN (INV_X1)                                                                                            |        | 0.002       | 0.000      | 0.000      |             | 0.000  | 0.000r         |
| core_rst_n_reg_n_CK (clock net)                                                                                                      | 2      |             |            |            | NA          |        |                |
| core_rst_n_reg_n:CK (DFFR_X1)                                                                                                        |        | 0.001       | 0.000      | 0.000      |             | 0.000  | 0.000r         |
| clock core_clock (fall edge)                                                                                                         |        |             |            |            |             | 0.609  | 0.609          |
| clock network delay (ideal)                                                                                                          |        |             |            |            |             | 0.000  | 0.609          |
| core_rst_n_reg_n:CK (DFFR_X1)                                                                                                        |        | 0.001       | 0.000      | 0.000      |             | 0.000  | 0.609r         |
| core_rst_n_reg_n:Q (DFFR_X1)                                                                                                         |        | 2.114       | 0.000      | 4.823      |             | 5.141  | 5.750r         |
| core_rst_n (net)                                                                                                                     | 1197   |             |            |            | 0.000       |        |                |
| u_core.u_fetch_control_flow_predictor.return_stack_write_index_q_0__reg_p_QN_MUX2_X1_B_Z_AOI211_X1_A_C2_NAND4_X1_ZN:A3 (NAND4_X1)    |        | 0.002       | 0.000      | 4.823      |             | 0.000  | 5.750r         |
| u_core.u_fetch_control_flow_predictor.return_stack_write_index_q_0__reg_p_QN_MUX2_X1_B_Z_AOI211_X1_A_C2_NAND4_X1_ZN:ZN (NAND4_X1)    |        | 0.004       | 0.000      | 0.648      |             | 0.466  | 6.216f         |
| u_core.u_fetch_control_flow_predictor.return_stack_write_index_q_0__reg_p_QN_MUX2_X1_B_Z_AOI211_X1_A_C2 (net)                        | 3      |             |            |            | 0.000       |        |                |
| u_core.u_fetch_control_flow_predictor.return_stack_write_index_q_0__reg_p_QN_MUX2_X1_B_Z_AOI211_X1_A:C2 (AOI211_X1)                  |        | 0.002       | 0.000      | 0.648      |             | 0.000  | 6.216f         |
| u_core.u_fetch_control_flow_predictor.return_stack_write_index_q_0__reg_p_QN_MUX2_X1_B_Z_AOI211_X1_A:ZN (AOI211_X1)                  |        | 0.001       | 0.000      | 0.105      |             | 0.252  | 6.469r         |
| u_core.u_fetch_control_flow_predictor.return_stack_write_index_q_0__reg_p_QN_MUX2_X1_B_Z_AOI211_X1_A_ZN (net)                        | 1      |             |            |            | 0.000       |        |                |
| u_core.u_fetch_control_flow_predictor.return_stack_write_index_q_0__reg_p_QN_MUX2_X1_B_Z_AOI211_X1_A_ZN_CLKGATE_X1_E:E (CLKGATE_X1)  |        | 0.001       | 0.000      | 0.105      |             | 0.000  | 6.469r         |
|                                                                                                                                      |        |             |            |            |             |        |                |
| clk_i (port)                                                                                                                         |        | 1.263       | 0.000      | 0.100      |             | 0.000  | 0.000r         |
| clk_i (clock net)                                                                                                                    | 856    |             |            |            | NA          |        |                |
| u_core.u_fetch_control_flow_predictor.return_stack_write_index_q_0__reg_p_QN_MUX2_X1_B_Z_AOI211_X1_A_ZN_CLKGATE_X1_E:CK (CLKGATE_X1) |        | 0.002       | 0.000      | 0.000      |             | 0.000  | 0.000r         |
| clock core_clock (rise edge)                                                                                                         |        |             |            |            |             | 1.219  | 1.219          |
| clock network delay (ideal)                                                                                                          |        |             |            |            |             | 0.000  | 1.219          |
| u_core.u_fetch_control_flow_predictor.return_stack_write_index_q_0__reg_p_QN_MUX2_X1_B_Z_AOI211_X1_A_ZN_CLKGATE_X1_E:CK (CLKGATE_X1) |        |             |            |            |             |        | 1.219r         |
| library setup time                                                                                                                   |        |             |            |            |             | -0.062 | 1.157          |
| clock reconvergence pessimism                                                                                                        |        |             |            |            |             | 0.000  | 1.157          |
|                                                                                                                                      |        |             |            |            |             |        |                |
| path cell delay                                                                                                                      |        |             |            |            |             |        | 5.860(90.585%) |
| path net delay                                                                                                                       |        |             |            |            |             |        | 0.000(0.000%)  |
|                                                                                                                                      |        |             |            |            |             |        |                |
| data require time                                                                                                                    |        |             |            |            |             |        | 1.157          |
| data arrival time                                                                                                                    |        |             |            |            |             |        | 6.469          |
| slack (VIOLATED)                                                                                                                     |        |             |            |            |             |        | -5.311         |
+--------------------------------------------------------------------------------------------------------------------------------------+--------+-------------+------------+------------+-------------+--------+----------------+
+--------------------------------------------------------------------------------------------------------------------------------------+--------+-------------+------------+------------+-------------+--------+----------------+
| Point                                                                                                                                | Fanout | Capacitance | Resistance | Transition | Delta Delay | Incr   | Path           |
+--------------------------------------------------------------------------------------------------------------------------------------+--------+-------------+------------+------------+-------------+--------+----------------+
| clk_i (port)                                                                                                                         |        | 1.159       | 0.000      | 0.100      |             | 0.000  | 0.000f         |
| clk_i (clock net)                                                                                                                    | 856    |             |            |            | NA          |        |                |
| core_rst_n_reg_n_CK_INV_X1_ZN:A (INV_X1)                                                                                             |        | 0.002       | 0.000      | 0.000      |             | 0.000  | 0.000f         |
| core_rst_n_reg_n_CK_INV_X1_ZN:ZN (INV_X1)                                                                                            |        | 0.002       | 0.000      | 0.000      |             | 0.000  | 0.000r         |
| core_rst_n_reg_n_CK (clock net)                                                                                                      | 2      |             |            |            | NA          |        |                |
| core_rst_n_reg_n:CK (DFFR_X1)                                                                                                        |        | 0.001       | 0.000      | 0.000      |             | 0.000  | 0.000r         |
| clock core_clock (fall edge)                                                                                                         |        |             |            |            |             | 0.609  | 0.609          |
| clock network delay (ideal)                                                                                                          |        |             |            |            |             | 0.000  | 0.609          |
| core_rst_n_reg_n:CK (DFFR_X1)                                                                                                        |        | 0.001       | 0.000      | 0.000      |             | 0.000  | 0.609r         |
| core_rst_n_reg_n:Q (DFFR_X1)                                                                                                         |        | 2.114       | 0.000      | 4.823      |             | 5.141  | 5.750r         |
| core_rst_n (net)                                                                                                                     | 1197   |             |            |            | 0.000       |        |                |
| u_core.u_fetch_control_flow_predictor.return_stack_write_index_q_0__reg_p_QN_MUX2_X1_B_Z_AOI211_X1_A_C2_NAND4_X1_ZN:A3 (NAND4_X1)    |        | 0.002       | 0.000      | 4.823      |             | 0.000  | 5.750r         |
| u_core.u_fetch_control_flow_predictor.return_stack_write_index_q_0__reg_p_QN_MUX2_X1_B_Z_AOI211_X1_A_C2_NAND4_X1_ZN:ZN (NAND4_X1)    |        | 0.004       | 0.000      | 0.648      |             | 0.466  | 6.216f         |
| u_core.u_fetch_control_flow_predictor.return_stack_write_index_q_0__reg_p_QN_MUX2_X1_B_Z_AOI211_X1_A_C2 (net)                        | 3      |             |            |            | 0.000       |        |                |
| u_core.u_fetch_control_flow_predictor.return_stack_write_index_q_0__reg_p_QN_MUX2_X1_B_Z_AOI211_X1_B:C1 (AOI211_X1)                  |        | 0.002       | 0.000      | 0.648      |             | 0.000  | 6.216f         |
| u_core.u_fetch_control_flow_predictor.return_stack_write_index_q_0__reg_p_QN_MUX2_X1_B_Z_AOI211_X1_B:ZN (AOI211_X1)                  |        | 0.001       | 0.000      | 0.108      |             | 0.225  | 6.441r         |
| u_core.u_fetch_control_flow_predictor.return_stack_write_index_q_0__reg_p_QN_MUX2_X1_B_Z_AOI211_X1_B_ZN (net)                        | 1      |             |            |            | 0.000       |        |                |
| u_core.u_fetch_control_flow_predictor.return_stack_write_index_q_0__reg_p_QN_MUX2_X1_B_Z_AOI211_X1_B_ZN_CLKGATE_X1_E:E (CLKGATE_X1)  |        | 0.001       | 0.000      | 0.108      |             | 0.000  | 6.441r         |
|                                                                                                                                      |        |             |            |            |             |        |                |
| clk_i (port)                                                                                                                         |        | 1.263       | 0.000      | 0.100      |             | 0.000  | 0.000r         |
| clk_i (clock net)                                                                                                                    | 856    |             |            |            | NA          |        |                |
| u_core.u_fetch_control_flow_predictor.return_stack_write_index_q_0__reg_p_QN_MUX2_X1_B_Z_AOI211_X1_B_ZN_CLKGATE_X1_E:CK (CLKGATE_X1) |        | 0.002       | 0.000      | 0.000      |             | 0.000  | 0.000r         |
| clock core_clock (rise edge)                                                                                                         |        |             |            |            |             | 1.219  | 1.219          |
| clock network delay (ideal)                                                                                                          |        |             |            |            |             | 0.000  | 1.219          |
| u_core.u_fetch_control_flow_predictor.return_stack_write_index_q_0__reg_p_QN_MUX2_X1_B_Z_AOI211_X1_B_ZN_CLKGATE_X1_E:CK (CLKGATE_X1) |        |             |            |            |             |        | 1.219r         |
| library setup time                                                                                                                   |        |             |            |            |             | -0.062 | 1.157          |
| clock reconvergence pessimism                                                                                                        |        |             |            |            |             | 0.000  | 1.157          |
|                                                                                                                                      |        |             |            |            |             |        |                |
| path cell delay                                                                                                                      |        |             |            |            |             |        | 5.832(90.545%) |
| path net delay                                                                                                                       |        |             |            |            |             |        | 0.000(0.000%)  |
|                                                                                                                                      |        |             |            |            |             |        |                |
| data require time                                                                                                                    |        |             |            |            |             |        | 1.157          |
| data arrival time                                                                                                                    |        |             |            |            |             |        | 6.441          |
| slack (VIOLATED)                                                                                                                     |        |             |            |            |             |        | -5.284         |
+--------------------------------------------------------------------------------------------------------------------------------------+--------+-------------+------------+------------+-------------+--------+----------------+
+--------------------------------------------------------------------------------------------------------------------------------------+--------+-------------+------------+------------+-------------+--------+----------------+
| Point                                                                                                                                | Fanout | Capacitance | Resistance | Transition | Delta Delay | Incr   | Path           |
+--------------------------------------------------------------------------------------------------------------------------------------+--------+-------------+------------+------------+-------------+--------+----------------+
| clk_i (port)                                                                                                                         |        | 1.159       | 0.000      | 0.100      |             | 0.000  | 0.000f         |
| clk_i (clock net)                                                                                                                    | 856    |             |            |            | NA          |        |                |
| core_rst_n_reg_n_CK_INV_X1_ZN:A (INV_X1)                                                                                             |        | 0.002       | 0.000      | 0.000      |             | 0.000  | 0.000f         |
| core_rst_n_reg_n_CK_INV_X1_ZN:ZN (INV_X1)                                                                                            |        | 0.002       | 0.000      | 0.000      |             | 0.000  | 0.000r         |
| core_rst_n_reg_n_CK (clock net)                                                                                                      | 2      |             |            |            | NA          |        |                |
| core_rst_n_reg_n:CK (DFFR_X1)                                                                                                        |        | 0.001       | 0.000      | 0.000      |             | 0.000  | 0.000r         |
| clock core_clock (fall edge)                                                                                                         |        |             |            |            |             | 0.609  | 0.609          |
| clock network delay (ideal)                                                                                                          |        |             |            |            |             | 0.000  | 0.609          |
| core_rst_n_reg_n:CK (DFFR_X1)                                                                                                        |        | 0.001       | 0.000      | 0.000      |             | 0.000  | 0.609r         |
| core_rst_n_reg_n:Q (DFFR_X1)                                                                                                         |        | 2.114       | 0.000      | 4.823      |             | 5.141  | 5.750r         |
| core_rst_n (net)                                                                                                                     | 1197   |             |            |            | 0.000       |        |                |
| u_core.u_fetch_control_flow_predictor.return_stack_write_index_q_0__reg_p_QN_MUX2_X1_B_Z_AOI211_X1_A_C2_NAND4_X1_ZN:A3 (NAND4_X1)    |        | 0.002       | 0.000      | 4.823      |             | 0.000  | 5.750r         |
| u_core.u_fetch_control_flow_predictor.return_stack_write_index_q_0__reg_p_QN_MUX2_X1_B_Z_AOI211_X1_A_C2_NAND4_X1_ZN:ZN (NAND4_X1)    |        | 0.004       | 0.000      | 0.648      |             | 0.466  | 6.216f         |
| u_core.u_fetch_control_flow_predictor.return_stack_write_index_q_0__reg_p_QN_MUX2_X1_B_Z_AOI211_X1_A_C2 (net)                        | 3      |             |            |            | 0.000       |        |                |
| u_core.u_fetch_control_flow_predictor.return_stack_write_index_q_1__reg_p_QN_AOI211_X1_C1_B_NAND2_X1_ZN_A1_NAND2_X1_ZN:A2 (NAND2_X1) |        | 0.002       | 0.000      | 0.648      |             | 0.000  | 6.216f         |
| u_core.u_fetch_control_flow_predictor.return_stack_write_index_q_1__reg_p_QN_AOI211_X1_C1_B_NAND2_X1_ZN_A1_NAND2_X1_ZN:ZN (NAND2_X1) |        | 0.002       | 0.000      | 0.090      |             | 0.144  | 6.360r         |
| u_core.u_fetch_control_flow_predictor.return_stack_write_index_q_1__reg_p_QN_AOI211_X1_C1_B_NAND2_X1_ZN_A1 (net)                     | 1      |             |            |            | 0.000       |        |                |
| u_core.u_fetch_control_flow_predictor.return_stack_write_index_q_1__reg_p_QN_AOI211_X1_C1_B_NAND2_X1_ZN:A1 (NAND2_X1)                |        | 0.002       | 0.000      | 0.090      |             | 0.000  | 6.360r         |
| u_core.u_fetch_control_flow_predictor.return_stack_write_index_q_1__reg_p_QN_AOI211_X1_C1_B_NAND2_X1_ZN:ZN (NAND2_X1)                |        | 0.003       | 0.000      | 0.024      |             | 0.026  | 6.386f         |
| u_core.u_fetch_control_flow_predictor.return_stack_write_index_q_1__reg_p_QN_AOI211_X1_C1_B (net)                                    | 2      |             |            |            | 0.000       |        |                |
| u_core.u_fetch_control_flow_predictor.return_stack_write_index_q_1__reg_p_QN_AOI211_X1_C1:B (AOI211_X1)                              |        | 0.002       | 0.000      | 0.024      |             | 0.000  | 6.386f         |
| u_core.u_fetch_control_flow_predictor.return_stack_write_index_q_1__reg_p_QN_AOI211_X1_C1:ZN (AOI211_X1)                             |        | 0.001       | 0.000      | 0.033      |             | 0.051  | 6.437r         |
| u_core.u_fetch_control_flow_predictor.return_stack_write_index_q_1__reg_p_QN_AOI211_X1_C1_ZN (net)                                   | 1      |             |            |            | 0.000       |        |                |
| u_core.u_fetch_control_flow_predictor.return_stack_write_index_q_1__reg_p_QN_AOI211_X1_C1_ZN_CLKGATE_X1_E:E (CLKGATE_X1)             |        | 0.001       | 0.000      | 0.033      |             | 0.000  | 6.437r         |
|                                                                                                                                      |        |             |            |            |             |        |                |
| clk_i (port)                                                                                                                         |        | 1.263       | 0.000      | 0.100      |             | 0.000  | 0.000r         |
| clk_i (clock net)                                                                                                                    | 856    |             |            |            | NA          |        |                |
| u_core.u_fetch_control_flow_predictor.return_stack_write_index_q_1__reg_p_QN_AOI211_X1_C1_ZN_CLKGATE_X1_E:CK (CLKGATE_X1)            |        | 0.002       | 0.000      | 0.000      |             | 0.000  | 0.000r         |
| clock core_clock (rise edge)                                                                                                         |        |             |            |            |             | 1.219  | 1.219          |
| clock network delay (ideal)                                                                                                          |        |             |            |            |             | 0.000  | 1.219          |
| u_core.u_fetch_control_flow_predictor.return_stack_write_index_q_1__reg_p_QN_AOI211_X1_C1_ZN_CLKGATE_X1_E:CK (CLKGATE_X1)            |        |             |            |            |             |        | 1.219r         |
| library setup time                                                                                                                   |        |             |            |            |             | -0.055 | 1.164          |
| clock reconvergence pessimism                                                                                                        |        |             |            |            |             | 0.000  | 1.164          |
|                                                                                                                                      |        |             |            |            |             |        |                |
| path cell delay                                                                                                                      |        |             |            |            |             |        | 5.828(90.540%) |
| path net delay                                                                                                                       |        |             |            |            |             |        | 0.000(0.000%)  |
|                                                                                                                                      |        |             |            |            |             |        |                |
| data require time                                                                                                                    |        |             |            |            |             |        | 1.164          |
| data arrival time                                                                                                                    |        |             |            |            |             |        | 6.437          |
| slack (VIOLATED)                                                                                                                     |        |             |            |            |             |        | -5.274         |
+--------------------------------------------------------------------------------------------------------------------------------------+--------+-------------+------------+------------+-------------+--------+----------------+
+----------------------------------------------------------------------------------------------------------------------------------------+--------+-------------+------------+------------+-------------+--------+----------------+
| Point                                                                                                                                  | Fanout | Capacitance | Resistance | Transition | Delta Delay | Incr   | Path           |
+----------------------------------------------------------------------------------------------------------------------------------------+--------+-------------+------------+------------+-------------+--------+----------------+
| clk_i (port)                                                                                                                           |        | 1.159       | 0.000      | 0.100      |             | 0.000  | 0.000f         |
| clk_i (clock net)                                                                                                                      | 856    |             |            |            | NA          |        |                |
| core_rst_n_reg_n_CK_INV_X1_ZN:A (INV_X1)                                                                                               |        | 0.002       | 0.000      | 0.000      |             | 0.000  | 0.000f         |
| core_rst_n_reg_n_CK_INV_X1_ZN:ZN (INV_X1)                                                                                              |        | 0.002       | 0.000      | 0.000      |             | 0.000  | 0.000r         |
| core_rst_n_reg_n_CK (clock net)                                                                                                        | 2      |             |            |            | NA          |        |                |
| core_rst_n_reg_n:CK (DFFR_X1)                                                                                                          |        | 0.001       | 0.000      | 0.000      |             | 0.000  | 0.000r         |
| clock core_clock (fall edge)                                                                                                           |        |             |            |            |             | 0.609  | 0.609          |
| clock network delay (ideal)                                                                                                            |        |             |            |            |             | 0.000  | 0.609          |
| core_rst_n_reg_n:CK (DFFR_X1)                                                                                                          |        | 0.001       | 0.000      | 0.000      |             | 0.000  | 0.609r         |
| core_rst_n_reg_n:Q (DFFR_X1)                                                                                                           |        | 2.114       | 0.000      | 4.823      |             | 5.141  | 5.750r         |
| core_rst_n (net)                                                                                                                       | 1197   |             |            |            | 0.000       |        |                |
| u_core.u_fetch_control_flow_predictor.return_stack_write_index_q_0__reg_p_QN_MUX2_X1_B_Z_AOI211_X1_A_C2_NAND4_X1_ZN:A3 (NAND4_X1)      |        | 0.002       | 0.000      | 4.823      |             | 0.000  | 5.750r         |
| u_core.u_fetch_control_flow_predictor.return_stack_write_index_q_0__reg_p_QN_MUX2_X1_B_Z_AOI211_X1_A_C2_NAND4_X1_ZN:ZN (NAND4_X1)      |        | 0.004       | 0.000      | 0.648      |             | 0.466  | 6.216f         |
| u_core.u_fetch_control_flow_predictor.return_stack_write_index_q_0__reg_p_QN_MUX2_X1_B_Z_AOI211_X1_A_C2 (net)                          | 3      |             |            |            | 0.000       |        |                |
| u_core.u_fetch_control_flow_predictor.return_stack_write_index_q_1__reg_p_QN_AOI211_X1_C1_B_NAND2_X1_ZN_A1_NAND2_X1_ZN:A2 (NAND2_X1)   |        | 0.002       | 0.000      | 0.648      |             | 0.000  | 6.216f         |
| u_core.u_fetch_control_flow_predictor.return_stack_write_index_q_1__reg_p_QN_AOI211_X1_C1_B_NAND2_X1_ZN_A1_NAND2_X1_ZN:ZN (NAND2_X1)   |        | 0.002       | 0.000      | 0.090      |             | 0.144  | 6.360r         |
| u_core.u_fetch_control_flow_predictor.return_stack_write_index_q_1__reg_p_QN_AOI211_X1_C1_B_NAND2_X1_ZN_A1 (net)                       | 1      |             |            |            | 0.000       |        |                |
| u_core.u_fetch_control_flow_predictor.return_stack_write_index_q_1__reg_p_QN_AOI211_X1_C1_B_NAND2_X1_ZN:A1 (NAND2_X1)                  |        | 0.002       | 0.000      | 0.090      |             | 0.000  | 6.360r         |
| u_core.u_fetch_control_flow_predictor.return_stack_write_index_q_1__reg_p_QN_AOI211_X1_C1_B_NAND2_X1_ZN:ZN (NAND2_X1)                  |        | 0.003       | 0.000      | 0.024      |             | 0.026  | 6.386f         |
| u_core.u_fetch_control_flow_predictor.return_stack_write_index_q_1__reg_p_QN_AOI211_X1_C1_B (net)                                      | 2      |             |            |            | 0.000       |        |                |
| u_core.u_fetch_control_flow_predictor.return_stack_write_index_q_1__reg_p_QN_AOI211_X1_C1_B_NOR2_X1_A1:A1 (NOR2_X1)                    |        | 0.002       | 0.000      | 0.024      |             | 0.000  | 6.386f         |
| u_core.u_fetch_control_flow_predictor.return_stack_write_index_q_1__reg_p_QN_AOI211_X1_C1_B_NOR2_X1_A1:ZN (NOR2_X1)                    |        | 0.001       | 0.000      | 0.014      |             | 0.026  | 6.412r         |
| u_core.u_fetch_control_flow_predictor.return_stack_write_index_q_1__reg_p_QN_AOI211_X1_C1_B_NOR2_X1_A1_ZN (net)                        | 1      |             |            |            | 0.000       |        |                |
| u_core.u_fetch_control_flow_predictor.return_stack_write_index_q_1__reg_p_QN_AOI211_X1_C1_B_NOR2_X1_A1_ZN_CLKGATE_X1_E:E (CLKGATE_X1)  |        | 0.001       | 0.000      | 0.014      |             | 0.000  | 6.412r         |
|                                                                                                                                        |        |             |            |            |             |        |                |
| clk_i (port)                                                                                                                           |        | 1.263       | 0.000      | 0.100      |             | 0.000  | 0.000r         |
| clk_i (clock net)                                                                                                                      | 856    |             |            |            | NA          |        |                |
| u_core.u_fetch_control_flow_predictor.return_stack_write_index_q_1__reg_p_QN_AOI211_X1_C1_B_NOR2_X1_A1_ZN_CLKGATE_X1_E:CK (CLKGATE_X1) |        | 0.002       | 0.000      | 0.000      |             | 0.000  | 0.000r         |
| clock core_clock (rise edge)                                                                                                           |        |             |            |            |             | 1.219  | 1.219          |
| clock network delay (ideal)                                                                                                            |        |             |            |            |             | 0.000  | 1.219          |
| u_core.u_fetch_control_flow_predictor.return_stack_write_index_q_1__reg_p_QN_AOI211_X1_C1_B_NOR2_X1_A1_ZN_CLKGATE_X1_E:CK (CLKGATE_X1) |        |             |            |            |             |        | 1.219r         |
| library setup time                                                                                                                     |        |             |            |            |             | -0.051 | 1.168          |
| clock reconvergence pessimism                                                                                                          |        |             |            |            |             | 0.000  | 1.168          |
|                                                                                                                                        |        |             |            |            |             |        |                |
| path cell delay                                                                                                                        |        |             |            |            |             |        | 5.803(90.503%) |
| path net delay                                                                                                                         |        |             |            |            |             |        | 0.000(0.000%)  |
|                                                                                                                                        |        |             |            |            |             |        |                |
| data require time                                                                                                                      |        |             |            |            |             |        | 1.168          |
| data arrival time                                                                                                                      |        |             |            |            |             |        | 6.412          |
| slack (VIOLATED)                                                                                                                       |        |             |            |            |             |        | -5.244         |
+----------------------------------------------------------------------------------------------------------------------------------------+--------+-------------+------------+------------+-------------+--------+----------------+
+-------------------------------------------------------------------------------------------------------------------------------------+--------+-------------+------------+------------+-------------+--------+----------------+
| Point                                                                                                                               | Fanout | Capacitance | Resistance | Transition | Delta Delay | Incr   | Path           |
+-------------------------------------------------------------------------------------------------------------------------------------+--------+-------------+------------+------------+-------------+--------+----------------+
| clk_i (port)                                                                                                                        |        | 1.159       | 0.000      | 0.100      |             | 0.000  | 0.000f         |
| clk_i (clock net)                                                                                                                   | 856    |             |            |            | NA          |        |                |
| core_rst_n_reg_n_CK_INV_X1_ZN:A (INV_X1)                                                                                            |        | 0.002       | 0.000      | 0.000      |             | 0.000  | 0.000f         |
| core_rst_n_reg_n_CK_INV_X1_ZN:ZN (INV_X1)                                                                                           |        | 0.002       | 0.000      | 0.000      |             | 0.000  | 0.000r         |
| core_rst_n_reg_n_CK (clock net)                                                                                                     | 2      |             |            |            | NA          |        |                |
| core_rst_n_reg_n:CK (DFFR_X1)                                                                                                       |        | 0.001       | 0.000      | 0.000      |             | 0.000  | 0.000r         |
| clock core_clock (fall edge)                                                                                                        |        |             |            |            |             | 0.609  | 0.609          |
| clock network delay (ideal)                                                                                                         |        |             |            |            |             | 0.000  | 0.609          |
| core_rst_n_reg_n:CK (DFFR_X1)                                                                                                       |        | 0.001       | 0.000      | 0.000      |             | 0.000  | 0.609r         |
| core_rst_n_reg_n:Q (DFFR_X1)                                                                                                        |        | 2.114       | 0.000      | 4.823      |             | 5.141  | 5.750r         |
| core_rst_n (net)                                                                                                                    | 1197   |             |            |            | 0.000       |        |                |
| u_core.u_icache.u_riscv32_icache_tag_array.line_present_array_q[0]_15__reg_p_D_AOI21_X1_A_B1_NAND4_X1_ZN_A1_AND2_X1_ZN:A2 (AND2_X1) |        | 0.001       | 0.000      | 4.823      |             | 0.000  | 5.750r         |
| u_core.u_icache.u_riscv32_icache_tag_array.line_present_array_q[0]_15__reg_p_D_AOI21_X1_A_B1_NAND4_X1_ZN_A1_AND2_X1_ZN:ZN (AND2_X1) |        | 0.012       | 0.000      | 0.104      |             | 0.340  | 6.089r         |
| u_core.u_icache.u_riscv32_icache_tag_array.line_present_array_q[0]_15__reg_p_D_AOI21_X1_A_B1_NAND4_X1_ZN_A1 (net)                   | 8      |             |            |            | 0.000       |        |                |
| u_core.u_icache.u_riscv32_icache_tag_array.line_present_array_q[0]_15__reg_p_CK_CLKGATE_X1_GCK_E_OAI21_X1_ZN:B1 (OAI21_X1)          |        | 0.002       | 0.000      | 0.104      |             | 0.000  | 6.089r         |
| u_core.u_icache.u_riscv32_icache_tag_array.line_present_array_q[0]_15__reg_p_CK_CLKGATE_X1_GCK_E_OAI21_X1_ZN:ZN (OAI21_X1)          |        | 0.001       | 0.000      | 0.024      |             | 0.016  | 6.106f         |
| u_core.u_icache.u_riscv32_icache_tag_array.line_present_array_q[0]_15__reg_p_CK_CLKGATE_X1_GCK_E (net)                              | 1      |             |            |            | 0.000       |        |                |
| u_core.u_icache.u_riscv32_icache_tag_array.line_present_array_q[0]_15__reg_p_CK_CLKGATE_X1_GCK:E (CLKGATE_X1)                       |        | 0.001       | 0.000      | 0.024      |             | 0.000  | 6.106f         |
|                                                                                                                                     |        |             |            |            |             |        |                |
| clk_i (port)                                                                                                                        |        | 1.263       | 0.000      | 0.100      |             | 0.000  | 0.000r         |
| clk_i (clock net)                                                                                                                   | 856    |             |            |            | NA          |        |                |
| u_core.u_icache.u_riscv32_icache_tag_array.line_present_array_q[0]_15__reg_p_CK_CLKGATE_X1_GCK:CK (CLKGATE_X1)                      |        | 0.002       | 0.000      | 0.000      |             | 0.000  | 0.000r         |
| clock core_clock (rise edge)                                                                                                        |        |             |            |            |             | 1.219  | 1.219          |
| clock network delay (ideal)                                                                                                         |        |             |            |            |             | 0.000  | 1.219          |
| u_core.u_icache.u_riscv32_icache_tag_array.line_present_array_q[0]_15__reg_p_CK_CLKGATE_X1_GCK:CK (CLKGATE_X1)                      |        |             |            |            |             |        | 1.219r         |
| library setup time                                                                                                                  |        |             |            |            |             | -0.051 | 1.168          |
| clock reconvergence pessimism                                                                                                       |        |             |            |            |             | 0.000  | 1.168          |
|                                                                                                                                     |        |             |            |            |             |        |                |
| path cell delay                                                                                                                     |        |             |            |            |             |        | 5.497(90.025%) |
| path net delay                                                                                                                      |        |             |            |            |             |        | 0.000(0.000%)  |
|                                                                                                                                     |        |             |            |            |             |        |                |
| data require time                                                                                                                   |        |             |            |            |             |        | 1.168          |
| data arrival time                                                                                                                   |        |             |            |            |             |        | 6.106          |
| slack (VIOLATED)                                                                                                                    |        |             |            |            |             |        | -4.938         |
+-------------------------------------------------------------------------------------------------------------------------------------+--------+-------------+------------+------------+-------------+--------+----------------+
+------------------------------------------------------------------+--------+-------------+------------+------------+-------------+--------+----------------+
| Point                                                            | Fanout | Capacitance | Resistance | Transition | Delta Delay | Incr   | Path           |
+------------------------------------------------------------------+--------+-------------+------------+------------+-------------+--------+----------------+
| clk_i (port)                                                     |        | 1.159       | 0.000      | 0.100      |             | 0.000  | 0.000f         |
| clk_i (clock net)                                                | 856    |             |            |            | NA          |        |                |
| core_rst_n_reg_n_CK_INV_X1_ZN:A (INV_X1)                         |        | 0.002       | 0.000      | 0.000      |             | 0.000  | 0.000f         |
| core_rst_n_reg_n_CK_INV_X1_ZN:ZN (INV_X1)                        |        | 0.002       | 0.000      | 0.000      |             | 0.000  | 0.000r         |
| core_rst_n_reg_n_CK (clock net)                                  | 2      |             |            |            | NA          |        |                |
| core_rst_n_reg_n:CK (DFFR_X1)                                    |        | 0.001       | 0.000      | 0.000      |             | 0.000  | 0.000r         |
| clock core_clock (fall edge)                                     |        |             |            |            |             | 0.609  | 0.609          |
| clock network delay (ideal)                                      |        |             |            |            |             | 0.000  | 0.609          |
| core_rst_n_reg_n:CK (DFFR_X1)                                    |        | 0.001       | 0.000      | 0.000      |             | 0.000  | 0.609r         |
| core_rst_n_reg_n:Q (DFFR_X1)                                     |        | 2.114       | 0.000      | 4.730      |             | 5.043  | 5.652r         |
| core_rst_n (net)                                                 | 1197   |             |            |            | 0.000       |        |                |
| u_core.u_lsu.state_q_0__reg_p:RN (DFFR_X1)                       |        | 0.002       | 0.000      | 4.730      |             | 0.000  | 5.652r         |
|                                                                  |        |             |            |            |             |        |                |
| clk_i (port)                                                     |        | 1.263       | 0.000      | 0.100      |             | 0.000  | 0.000r         |
| clk_i (clock net)                                                | 856    |             |            |            | NA          |        |                |
| u_core.u_lsu.state_q_0__reg_p_CK_CLKGATE_X1_GCK:CK (CLKGATE_X1)  |        | 0.002       | 0.000      | 0.000      |             | 0.000  | 0.000r         |
| u_core.u_lsu.state_q_0__reg_p_CK_CLKGATE_X1_GCK:GCK (CLKGATE_X1) |        | 0.002       | 0.000      | 0.000      |             | 0.000  | 0.000r         |
| u_core.u_lsu.state_q_0__reg_p_CK (clock net)                     | 2      |             |            |            | NA          |        |                |
| u_core.u_lsu.state_q_0__reg_p:CK (DFFR_X1)                       |        | 0.001       | 0.000      | 0.000      |             | 0.000  | 0.000r         |
| clock core_clock (rise edge)                                     |        |             |            |            |             | 0      | 0              |
| clock network delay (ideal)                                      |        |             |            |            |             | 0.000  | 0.000          |
| u_core.u_lsu.state_q_0__reg_p:CK (DFFR_X1)                       |        |             |            |            |             |        | 0.000r         |
| library removal time                                             |        |             |            |            |             | 6.102  | 6.102          |
| clock reconvergence pessimism                                    |        |             |            |            |             | -0.000 | 6.102          |
|                                                                  |        |             |            |            |             |        |                |
| path cell delay                                                  |        |             |            |            |             |        | 5.043(89.225%) |
| path net delay                                                   |        |             |            |            |             |        | 0.000(0.000%)  |
|                                                                  |        |             |            |            |             |        |                |
| data require time                                                |        |             |            |            |             |        | 6.102          |
| data arrival time                                                |        |             |            |            |             |        | 5.652          |
| slack (VIOLATED)                                                 |        |             |            |            |             |        | -0.451         |
+------------------------------------------------------------------+--------+-------------+------------+------------+-------------+--------+----------------+
+------------------------------------------------------------------+--------+-------------+------------+------------+-------------+--------+----------------+
| Point                                                            | Fanout | Capacitance | Resistance | Transition | Delta Delay | Incr   | Path           |
+------------------------------------------------------------------+--------+-------------+------------+------------+-------------+--------+----------------+
| clk_i (port)                                                     |        | 1.159       | 0.000      | 0.100      |             | 0.000  | 0.000f         |
| clk_i (clock net)                                                | 856    |             |            |            | NA          |        |                |
| core_rst_n_reg_n_CK_INV_X1_ZN:A (INV_X1)                         |        | 0.002       | 0.000      | 0.000      |             | 0.000  | 0.000f         |
| core_rst_n_reg_n_CK_INV_X1_ZN:ZN (INV_X1)                        |        | 0.002       | 0.000      | 0.000      |             | 0.000  | 0.000r         |
| core_rst_n_reg_n_CK (clock net)                                  | 2      |             |            |            | NA          |        |                |
| core_rst_n_reg_n:CK (DFFR_X1)                                    |        | 0.001       | 0.000      | 0.000      |             | 0.000  | 0.000r         |
| clock core_clock (fall edge)                                     |        |             |            |            |             | 0.609  | 0.609          |
| clock network delay (ideal)                                      |        |             |            |            |             | 0.000  | 0.609          |
| core_rst_n_reg_n:CK (DFFR_X1)                                    |        | 0.001       | 0.000      | 0.000      |             | 0.000  | 0.609r         |
| core_rst_n_reg_n:Q (DFFR_X1)                                     |        | 2.114       | 0.000      | 4.730      |             | 5.043  | 5.652r         |
| core_rst_n (net)                                                 | 1197   |             |            |            | 0.000       |        |                |
| u_core.u_lsu.state_q_0__reg_p:RN (DFFR_X1)                       |        | 0.002       | 0.000      | 4.730      |             | 0.000  | 5.652r         |
|                                                                  |        |             |            |            |             |        |                |
| clk_i (port)                                                     |        | 1.263       | 0.000      | 0.100      |             | 0.000  | 0.000r         |
| clk_i (clock net)                                                | 856    |             |            |            | NA          |        |                |
| u_core.u_lsu.state_q_0__reg_p_CK_CLKGATE_X1_GCK:CK (CLKGATE_X1)  |        | 0.002       | 0.000      | 0.000      |             | 0.000  | 0.000r         |
| u_core.u_lsu.state_q_0__reg_p_CK_CLKGATE_X1_GCK:GCK (CLKGATE_X1) |        | 0.002       | 0.000      | 0.000      |             | 0.000  | 0.000r         |
| u_core.u_lsu.state_q_0__reg_p_CK (clock net)                     | 2      |             |            |            | NA          |        |                |
| u_core.u_lsu.state_q_0__reg_p:CK (DFFR_X1)                       |        | 0.001       | 0.000      | 0.000      |             | 0.000  | 0.000r         |
| clock core_clock (rise edge)                                     |        |             |            |            |             | 0      | 0              |
| clock network delay (ideal)                                      |        |             |            |            |             | 0.000  | 0.000          |
| u_core.u_lsu.state_q_0__reg_p:CK (DFFR_X1)                       |        |             |            |            |             |        | 0.000r         |
| library removal time                                             |        |             |            |            |             | 6.102  | 6.102          |
| clock reconvergence pessimism                                    |        |             |            |            |             | -0.000 | 6.102          |
|                                                                  |        |             |            |            |             |        |                |
| path cell delay                                                  |        |             |            |            |             |        | 5.043(89.225%) |
| path net delay                                                   |        |             |            |            |             |        | 0.000(0.000%)  |
|                                                                  |        |             |            |            |             |        |                |
| data require time                                                |        |             |            |            |             |        | 6.102          |
| data arrival time                                                |        |             |            |            |             |        | 5.652          |
| slack (VIOLATED)                                                 |        |             |            |            |             |        | -0.451         |
+------------------------------------------------------------------+--------+-------------+------------+------------+-------------+--------+----------------+
+---------------------------------------------------------------------------------------------+--------+-------------+------------+------------+-------------+--------+----------------+
| Point                                                                                       | Fanout | Capacitance | Resistance | Transition | Delta Delay | Incr   | Path           |
+---------------------------------------------------------------------------------------------+--------+-------------+------------+------------+-------------+--------+----------------+
| clk_i (port)                                                                                |        | 1.159       | 0.000      | 0.100      |             | 0.000  | 0.000f         |
| clk_i (clock net)                                                                           | 856    |             |            |            | NA          |        |                |
| core_rst_n_reg_n_CK_INV_X1_ZN:A (INV_X1)                                                    |        | 0.002       | 0.000      | 0.000      |             | 0.000  | 0.000f         |
| core_rst_n_reg_n_CK_INV_X1_ZN:ZN (INV_X1)                                                   |        | 0.002       | 0.000      | 0.000      |             | 0.000  | 0.000r         |
| core_rst_n_reg_n_CK (clock net)                                                             | 2      |             |            |            | NA          |        |                |
| core_rst_n_reg_n:CK (DFFR_X1)                                                               |        | 0.001       | 0.000      | 0.000      |             | 0.000  | 0.000r         |
| clock core_clock (fall edge)                                                                |        |             |            |            |             | 0.609  | 0.609          |
| clock network delay (ideal)                                                                 |        |             |            |            |             | 0.000  | 0.609          |
| core_rst_n_reg_n:CK (DFFR_X1)                                                               |        | 0.001       | 0.000      | 0.000      |             | 0.000  | 0.609r         |
| core_rst_n_reg_n:Q (DFFR_X1)                                                                |        | 2.114       | 0.000      | 4.730      |             | 5.043  | 5.652r         |
| core_rst_n (net)                                                                            | 1197   |             |            |            | 0.000       |        |                |
| u_core.u_fetch_control_flow_predictor.resolved_control_flow_update_q_16__reg_p:RN (DFFR_X1) |        | 0.002       | 0.000      | 4.730      |             | 0.000  | 5.652r         |
|                                                                                             |        |             |            |            |             |        |                |
| clk_i (port)                                                                                |        | 1.263       | 0.000      | 0.100      |             | 0.000  | 0.000r         |
| clk_i (clock net)                                                                           | 856    |             |            |            | NA          |        |                |
| u_core.u_fetch_control_flow_predictor.resolved_control_flow_update_q_16__reg_p:CK (DFFR_X1) |        | 0.001       | 0.000      | 0.000      |             | 0.000  | 0.000r         |
| clock core_clock (rise edge)                                                                |        |             |            |            |             | 0      | 0              |
| clock network delay (ideal)                                                                 |        |             |            |            |             | 0.000  | 0.000          |
| u_core.u_fetch_control_flow_predictor.resolved_control_flow_update_q_16__reg_p:CK (DFFR_X1) |        |             |            |            |             |        | 0.000r         |
| library removal time                                                                        |        |             |            |            |             | 6.102  | 6.102          |
| clock reconvergence pessimism                                                               |        |             |            |            |             | -0.000 | 6.102          |
|                                                                                             |        |             |            |            |             |        |                |
| path cell delay                                                                             |        |             |            |            |             |        | 5.043(89.225%) |
| path net delay                                                                              |        |             |            |            |             |        | 0.000(0.000%)  |
|                                                                                             |        |             |            |            |             |        |                |
| data require time                                                                           |        |             |            |            |             |        | 6.102          |
| data arrival time                                                                           |        |             |            |            |             |        | 5.652          |
| slack (VIOLATED)                                                                            |        |             |            |            |             |        | -0.451         |
+---------------------------------------------------------------------------------------------+--------+-------------+------------+------------+-------------+--------+----------------+
+-------------------------------------------------------------------------------------------+--------+-------------+------------+------------+-------------+--------+----------------+
| Point                                                                                     | Fanout | Capacitance | Resistance | Transition | Delta Delay | Incr   | Path           |
+-------------------------------------------------------------------------------------------+--------+-------------+------------+------------+-------------+--------+----------------+
| clk_i (port)                                                                              |        | 1.159       | 0.000      | 0.100      |             | 0.000  | 0.000f         |
| clk_i (clock net)                                                                         | 856    |             |            |            | NA          |        |                |
| core_rst_n_reg_n_CK_INV_X1_ZN:A (INV_X1)                                                  |        | 0.002       | 0.000      | 0.000      |             | 0.000  | 0.000f         |
| core_rst_n_reg_n_CK_INV_X1_ZN:ZN (INV_X1)                                                 |        | 0.002       | 0.000      | 0.000      |             | 0.000  | 0.000r         |
| core_rst_n_reg_n_CK (clock net)                                                           | 2      |             |            |            | NA          |        |                |
| core_rst_n_reg_n:CK (DFFR_X1)                                                             |        | 0.001       | 0.000      | 0.000      |             | 0.000  | 0.000r         |
| clock core_clock (fall edge)                                                              |        |             |            |            |             | 0.609  | 0.609          |
| clock network delay (ideal)                                                               |        |             |            |            |             | 0.000  | 0.609          |
| core_rst_n_reg_n:CK (DFFR_X1)                                                             |        | 0.001       | 0.000      | 0.000      |             | 0.000  | 0.609r         |
| core_rst_n_reg_n:Q (DFFR_X1)                                                              |        | 2.114       | 0.000      | 4.730      |             | 5.043  | 5.652r         |
| core_rst_n (net)                                                                          | 1197   |             |            |            | 0.000       |        |                |
| u_core.next_pc_predictor_lookup_request_epoch_0__reg_p:RN (DFFR_X1)                       |        | 0.002       | 0.000      | 4.730      |             | 0.000  | 5.652r         |
|                                                                                           |        |             |            |            |             |        |                |
| clk_i (port)                                                                              |        | 1.263       | 0.000      | 0.100      |             | 0.000  | 0.000r         |
| clk_i (clock net)                                                                         | 856    |             |            |            | NA          |        |                |
| u_core.next_pc_predictor_lookup_request_epoch_0__reg_p_CK_CLKGATE_X1_GCK:CK (CLKGATE_X1)  |        | 0.002       | 0.000      | 0.000      |             | 0.000  | 0.000r         |
| u_core.next_pc_predictor_lookup_request_epoch_0__reg_p_CK_CLKGATE_X1_GCK:GCK (CLKGATE_X1) |        | 0.002       | 0.000      | 0.000      |             | 0.000  | 0.000r         |
| u_core.next_pc_predictor_lookup_request_epoch_0__reg_p_CK (clock net)                     | 2      |             |            |            | NA          |        |                |
| u_core.next_pc_predictor_lookup_request_epoch_0__reg_p:CK (DFFR_X1)                       |        | 0.001       | 0.000      | 0.000      |             | 0.000  | 0.000r         |
| clock core_clock (rise edge)                                                              |        |             |            |            |             | 0      | 0              |
| clock network delay (ideal)                                                               |        |             |            |            |             | 0.000  | 0.000          |
| u_core.next_pc_predictor_lookup_request_epoch_0__reg_p:CK (DFFR_X1)                       |        |             |            |            |             |        | 0.000r         |
| library removal time                                                                      |        |             |            |            |             | 6.102  | 6.102          |
| clock reconvergence pessimism                                                             |        |             |            |            |             | -0.000 | 6.102          |
|                                                                                           |        |             |            |            |             |        |                |
| path cell delay                                                                           |        |             |            |            |             |        | 5.043(89.225%) |
| path net delay                                                                            |        |             |            |            |             |        | 0.000(0.000%)  |
|                                                                                           |        |             |            |            |             |        |                |
| data require time                                                                         |        |             |            |            |             |        | 6.102          |
| data arrival time                                                                         |        |             |            |            |             |        | 5.652          |
| slack (VIOLATED)                                                                          |        |             |            |            |             |        | -0.451         |
+-------------------------------------------------------------------------------------------+--------+-------------+------------+------------+-------------+--------+----------------+
+-------------------------------------------------------------------------------------------------------+--------+-------------+------------+------------+-------------+--------+----------------+
| Point                                                                                                 | Fanout | Capacitance | Resistance | Transition | Delta Delay | Incr   | Path           |
+-------------------------------------------------------------------------------------------------------+--------+-------------+------------+------------+-------------+--------+----------------+
| clk_i (port)                                                                                          |        | 1.159       | 0.000      | 0.100      |             | 0.000  | 0.000f         |
| clk_i (clock net)                                                                                     | 856    |             |            |            | NA          |        |                |
| core_rst_n_reg_n_CK_INV_X1_ZN:A (INV_X1)                                                              |        | 0.002       | 0.000      | 0.000      |             | 0.000  | 0.000f         |
| core_rst_n_reg_n_CK_INV_X1_ZN:ZN (INV_X1)                                                             |        | 0.002       | 0.000      | 0.000      |             | 0.000  | 0.000r         |
| core_rst_n_reg_n_CK (clock net)                                                                       | 2      |             |            |            | NA          |        |                |
| core_rst_n_reg_n:CK (DFFR_X1)                                                                         |        | 0.001       | 0.000      | 0.000      |             | 0.000  | 0.000r         |
| clock core_clock (fall edge)                                                                          |        |             |            |            |             | 0.609  | 0.609          |
| clock network delay (ideal)                                                                           |        |             |            |            |             | 0.000  | 0.609          |
| core_rst_n_reg_n:CK (DFFR_X1)                                                                         |        | 0.001       | 0.000      | 0.000      |             | 0.000  | 0.609r         |
| core_rst_n_reg_n:Q (DFFR_X1)                                                                          |        | 2.114       | 0.000      | 4.730      |             | 5.043  | 5.652r         |
| core_rst_n (net)                                                                                      | 1197   |             |            |            | 0.000       |        |                |
| u_core.u_fetch_control_flow_predictor.branch_target_training_way_entry_array_q_60__reg_p:RN (DFFR_X1) |        | 0.002       | 0.000      | 4.730      |             | 0.000  | 5.652r         |
|                                                                                                       |        |             |            |            |             |        |                |
| clk_i (port)                                                                                          |        | 1.263       | 0.000      | 0.100      |             | 0.000  | 0.000r         |
| clk_i (clock net)                                                                                     | 856    |             |            |            | NA          |        |                |
| u_core.resolved_execute_result_296__AND2_X1_A2_A1_CLKGATE_X1_E:CK (CLKGATE_X1)                        |        | 0.002       | 0.000      | 0.000      |             | 0.000  | 0.000r         |
| u_core.resolved_execute_result_296__AND2_X1_A2_A1_CLKGATE_X1_E:GCK (CLKGATE_X1)                       |        | 0.118       | 0.000      | 0.000      |             | 0.000  | 0.000r         |
| u_core.resolved_execute_result_296__AND2_X1_A2_A1_CLKGATE_X1_E_GCK (clock net)                        | 121    |             |            |            | NA          |        |                |
| u_core.u_fetch_control_flow_predictor.branch_target_training_way_entry_array_q_60__reg_p:CK (DFFR_X1) |        | 0.001       | 0.000      | 0.000      |             | 0.000  | 0.000r         |
| clock core_clock (rise edge)                                                                          |        |             |            |            |             | 0      | 0              |
| clock network delay (ideal)                                                                           |        |             |            |            |             | 0.000  | 0.000          |
| u_core.u_fetch_control_flow_predictor.branch_target_training_way_entry_array_q_60__reg_p:CK (DFFR_X1) |        |             |            |            |             |        | 0.000r         |
| library removal time                                                                                  |        |             |            |            |             | 6.102  | 6.102          |
| clock reconvergence pessimism                                                                         |        |             |            |            |             | -0.000 | 6.102          |
|                                                                                                       |        |             |            |            |             |        |                |
| path cell delay                                                                                       |        |             |            |            |             |        | 5.043(89.225%) |
| path net delay                                                                                        |        |             |            |            |             |        | 0.000(0.000%)  |
|                                                                                                       |        |             |            |            |             |        |                |
| data require time                                                                                     |        |             |            |            |             |        | 6.102          |
| data arrival time                                                                                     |        |             |            |            |             |        | 5.652          |
| slack (VIOLATED)                                                                                      |        |             |            |            |             |        | -0.451         |
+-------------------------------------------------------------------------------------------------------+--------+-------------+------------+------------+-------------+--------+----------------+
+---------------------------------------------------------------------------------------------------------------------------+--------+-------------+------------+------------+-------------+--------+-----------------+
| Point                                                                                                                     | Fanout | Capacitance | Resistance | Transition | Delta Delay | Incr   | Path            |
+---------------------------------------------------------------------------------------------------------------------------+--------+-------------+------------+------------+-------------+--------+-----------------+
| clk_i (port)                                                                                                              |        | 1.263       | 0.000      | 0.100      |             | 0.000  | 0.000r          |
| clk_i (clock net)                                                                                                         | 856    |             |            |            | NA          |        |                 |
| u_core.u_data_memory_subsystem.gen_dcache.u_dcache.refill_req_ready_reg_p:CK (DFFS_X1)                                    |        | 0.001       | 0.000      | 0.000      |             | 0.000  | 0.000r          |
| clock core_clock (rise edge)                                                                                              |        |             |            |            |             | 0      | 0               |
| clock network delay (ideal)                                                                                               |        |             |            |            |             | 0.000  | 0.000           |
| u_core.u_data_memory_subsystem.gen_dcache.u_dcache.refill_req_ready_reg_p:CK (DFFS_X1)                                    |        | 0.001       | 0.000      | 0.000      |             | 0.000  | 0.000r          |
| u_core.u_data_memory_subsystem.gen_dcache.u_dcache.refill_req_ready_reg_p:QN (DFFS_X1)                                    |        | 0.003       | 0.000      | 0.013      |             | 0.068  | 0.068r          |
| u_core.u_data_memory_subsystem.gen_dcache.u_dcache.refill_req_ready_reg_p_QN (net)                                        | 2      |             |            |            | 0.000       |        |                 |
| u_core.u_data_memory_subsystem.gen_dcache.u_dcache.refill_req_ready_reg_p_QN_AOI211_X1_C1:C1 (AOI211_X1)                  |        | 0.002       | 0.000      | 0.013      |             | 0.000  | 0.068r          |
| u_core.u_data_memory_subsystem.gen_dcache.u_dcache.refill_req_ready_reg_p_QN_AOI211_X1_C1:ZN (AOI211_X1)                  |        | 0.001       | 0.000      | 0.008      |             | 0.014  | 0.082f          |
| u_core.u_data_memory_subsystem.gen_dcache.u_dcache.refill_req_ready_reg_p_QN_AOI211_X1_C1_ZN (net)                        | 1      |             |            |            | 0.000       |        |                 |
| u_core.u_data_memory_subsystem.gen_dcache.u_dcache.refill_req_ready_reg_p_QN_AOI211_X1_C1_ZN_CLKGATE_X1_E:E (CLKGATE_X1)  |        | 0.001       | 0.000      | 0.008      |             | 0.000  | 0.082f          |
|                                                                                                                           |        |             |            |            |             |        |                 |
| clk_i (port)                                                                                                              |        | 1.263       | 0.000      | 0.100      |             | 0.000  | 0.000r          |
| clk_i (clock net)                                                                                                         | 856    |             |            |            | NA          |        |                 |
| u_core.u_data_memory_subsystem.gen_dcache.u_dcache.refill_req_ready_reg_p_QN_AOI211_X1_C1_ZN_CLKGATE_X1_E:CK (CLKGATE_X1) |        | 0.002       | 0.000      | 0.000      |             | 0.000  | 0.000r          |
| clock core_clock (rise edge)                                                                                              |        |             |            |            |             | 0      | 0               |
| clock network delay (ideal)                                                                                               |        |             |            |            |             | 0.000  | 0.000           |
| u_core.u_data_memory_subsystem.gen_dcache.u_dcache.refill_req_ready_reg_p_QN_AOI211_X1_C1_ZN_CLKGATE_X1_E:CK (CLKGATE_X1) |        |             |            |            |             |        | 0.000r          |
| library hold time                                                                                                         |        |             |            |            |             | -0.015 | -0.015          |
| clock reconvergence pessimism                                                                                             |        |             |            |            |             | -0.000 | -0.015          |
|                                                                                                                           |        |             |            |            |             |        |                 |
| path cell delay                                                                                                           |        |             |            |            |             |        | 0.082(100.000%) |
| path net delay                                                                                                            |        |             |            |            |             |        | 0.000(0.000%)   |
|                                                                                                                           |        |             |            |            |             |        |                 |
| data require time                                                                                                         |        |             |            |            |             |        | -0.015          |
| data arrival time                                                                                                         |        |             |            |            |             |        | 0.082           |
| slack (MET)                                                                                                               |        |             |            |            |             |        | 0.097           |
+---------------------------------------------------------------------------------------------------------------------------+--------+-------------+------------+------------+-------------+--------+-----------------+
+---------------------------------------------------------------------------------------------------------------------------+--------+-------------+------------+------------+-------------+--------+-----------------+
| Point                                                                                                                     | Fanout | Capacitance | Resistance | Transition | Delta Delay | Incr   | Path            |
+---------------------------------------------------------------------------------------------------------------------------+--------+-------------+------------+------------+-------------+--------+-----------------+
| clk_i (port)                                                                                                              |        | 1.263       | 0.000      | 0.100      |             | 0.000  | 0.000r          |
| clk_i (clock net)                                                                                                         | 856    |             |            |            | NA          |        |                 |
| u_core.u_fetch_control_flow_predictor.return_stack_write_index_q_0__reg_p_CK_CLKGATE_X1_GCK:CK (CLKGATE_X1)               |        | 0.002       | 0.000      | 0.000      |             | 0.000  | 0.000r          |
| u_core.u_fetch_control_flow_predictor.return_stack_write_index_q_0__reg_p_CK_CLKGATE_X1_GCK:GCK (CLKGATE_X1)              |        | 0.002       | 0.000      | 0.000      |             | 0.000  | 0.000r          |
| u_core.u_fetch_control_flow_predictor.return_stack_write_index_q_0__reg_p_CK (clock net)                                  | 2      |             |            |            | NA          |        |                 |
| u_core.u_fetch_control_flow_predictor.return_stack_write_index_q_1__reg_p:CK (DFFR_X1)                                    |        | 0.001       | 0.000      | 0.000      |             | 0.000  | 0.000r          |
| clock core_clock (rise edge)                                                                                              |        |             |            |            |             | 0      | 0               |
| clock network delay (ideal)                                                                                               |        |             |            |            |             | 0.000  | 0.000           |
| u_core.u_fetch_control_flow_predictor.return_stack_write_index_q_1__reg_p:CK (DFFR_X1)                                    |        | 0.001       | 0.000      | 0.000      |             | 0.000  | 0.000r          |
| u_core.u_fetch_control_flow_predictor.return_stack_write_index_q_1__reg_p:QN (DFFR_X1)                                    |        | 0.003       | 0.000      | 0.013      |             | 0.069  | 0.069r          |
| u_core.u_fetch_control_flow_predictor.return_stack_write_index_q_1__reg_p_QN (net)                                        | 2      |             |            |            | 0.000       |        |                 |
| u_core.u_fetch_control_flow_predictor.return_stack_write_index_q_1__reg_p_QN_AOI211_X1_C1:C1 (AOI211_X1)                  |        | 0.002       | 0.000      | 0.013      |             | 0.000  | 0.069r          |
| u_core.u_fetch_control_flow_predictor.return_stack_write_index_q_1__reg_p_QN_AOI211_X1_C1:ZN (AOI211_X1)                  |        | 0.001       | 0.000      | 0.007      |             | 0.014  | 0.083f          |
| u_core.u_fetch_control_flow_predictor.return_stack_write_index_q_1__reg_p_QN_AOI211_X1_C1_ZN (net)                        | 1      |             |            |            | 0.000       |        |                 |
| u_core.u_fetch_control_flow_predictor.return_stack_write_index_q_1__reg_p_QN_AOI211_X1_C1_ZN_CLKGATE_X1_E:E (CLKGATE_X1)  |        | 0.001       | 0.000      | 0.007      |             | 0.000  | 0.083f          |
|                                                                                                                           |        |             |            |            |             |        |                 |
| clk_i (port)                                                                                                              |        | 1.263       | 0.000      | 0.100      |             | 0.000  | 0.000r          |
| clk_i (clock net)                                                                                                         | 856    |             |            |            | NA          |        |                 |
| u_core.u_fetch_control_flow_predictor.return_stack_write_index_q_1__reg_p_QN_AOI211_X1_C1_ZN_CLKGATE_X1_E:CK (CLKGATE_X1) |        | 0.002       | 0.000      | 0.000      |             | 0.000  | 0.000r          |
| clock core_clock (rise edge)                                                                                              |        |             |            |            |             | 0      | 0               |
| clock network delay (ideal)                                                                                               |        |             |            |            |             | 0.000  | 0.000           |
| u_core.u_fetch_control_flow_predictor.return_stack_write_index_q_1__reg_p_QN_AOI211_X1_C1_ZN_CLKGATE_X1_E:CK (CLKGATE_X1) |        |             |            |            |             |        | 0.000r          |
| library hold time                                                                                                         |        |             |            |            |             | -0.016 | -0.016          |
| clock reconvergence pessimism                                                                                             |        |             |            |            |             | -0.000 | -0.016          |
|                                                                                                                           |        |             |            |            |             |        |                 |
| path cell delay                                                                                                           |        |             |            |            |             |        | 0.083(100.000%) |
| path net delay                                                                                                            |        |             |            |            |             |        | 0.000(0.000%)   |
|                                                                                                                           |        |             |            |            |             |        |                 |
| data require time                                                                                                         |        |             |            |            |             |        | -0.016          |
| data arrival time                                                                                                         |        |             |            |            |             |        | 0.083           |
| slack (MET)                                                                                                               |        |             |            |            |             |        | 0.099           |
+---------------------------------------------------------------------------------------------------------------------------+--------+-------------+------------+------------+-------------+--------+-----------------+
+---------------------------------------------------------------------------------------------------------------------------+--------+-------------+------------+------------+-------------+--------+-----------------+
| Point                                                                                                                     | Fanout | Capacitance | Resistance | Transition | Delta Delay | Incr   | Path            |
+---------------------------------------------------------------------------------------------------------------------------+--------+-------------+------------+------------+-------------+--------+-----------------+
| clk_i (port)                                                                                                              |        | 1.263       | 0.000      | 0.100      |             | 0.000  | 0.000r          |
| clk_i (clock net)                                                                                                         | 856    |             |            |            | NA          |        |                 |
| u_core.u_fetch_control_flow_predictor.return_stack_write_index_q_0__reg_p_CK_CLKGATE_X1_GCK:CK (CLKGATE_X1)               |        | 0.002       | 0.000      | 0.000      |             | 0.000  | 0.000r          |
| u_core.u_fetch_control_flow_predictor.return_stack_write_index_q_0__reg_p_CK_CLKGATE_X1_GCK:GCK (CLKGATE_X1)              |        | 0.002       | 0.000      | 0.000      |             | 0.000  | 0.000r          |
| u_core.u_fetch_control_flow_predictor.return_stack_write_index_q_0__reg_p_CK (clock net)                                  | 2      |             |            |            | NA          |        |                 |
| u_core.u_fetch_control_flow_predictor.return_stack_write_index_q_1__reg_p:CK (DFFR_X1)                                    |        | 0.001       | 0.000      | 0.000      |             | 0.000  | 0.000r          |
| clock core_clock (rise edge)                                                                                              |        |             |            |            |             | 0      | 0               |
| clock network delay (ideal)                                                                                               |        |             |            |            |             | 0.000  | 0.000           |
| u_core.u_fetch_control_flow_predictor.return_stack_write_index_q_1__reg_p:CK (DFFR_X1)                                    |        | 0.001       | 0.000      | 0.000      |             | 0.000  | 0.000r          |
| u_core.u_fetch_control_flow_predictor.return_stack_write_index_q_1__reg_p:QN (DFFR_X1)                                    |        | 0.003       | 0.000      | 0.013      |             | 0.068  | 0.068f          |
| u_core.u_fetch_control_flow_predictor.return_stack_write_index_q_1__reg_p_QN (net)                                        | 2      |             |            |            | 0.000       |        |                 |
| u_core.u_fetch_control_flow_predictor.return_stack_write_index_q_1__reg_p_QN_AOI211_X1_C1:C1 (AOI211_X1)                  |        | 0.002       | 0.000      | 0.013      |             | 0.000  | 0.068f          |
| u_core.u_fetch_control_flow_predictor.return_stack_write_index_q_1__reg_p_QN_AOI211_X1_C1:ZN (AOI211_X1)                  |        | 0.001       | 0.000      | 0.026      |             | 0.033  | 0.101r          |
| u_core.u_fetch_control_flow_predictor.return_stack_write_index_q_1__reg_p_QN_AOI211_X1_C1_ZN (net)                        | 1      |             |            |            | 0.000       |        |                 |
| u_core.u_fetch_control_flow_predictor.return_stack_write_index_q_1__reg_p_QN_AOI211_X1_C1_ZN_CLKGATE_X1_E:E (CLKGATE_X1)  |        | 0.001       | 0.000      | 0.026      |             | 0.000  | 0.101r          |
|                                                                                                                           |        |             |            |            |             |        |                 |
| clk_i (port)                                                                                                              |        | 1.263       | 0.000      | 0.100      |             | 0.000  | 0.000r          |
| clk_i (clock net)                                                                                                         | 856    |             |            |            | NA          |        |                 |
| u_core.u_fetch_control_flow_predictor.return_stack_write_index_q_1__reg_p_QN_AOI211_X1_C1_ZN_CLKGATE_X1_E:CK (CLKGATE_X1) |        | 0.002       | 0.000      | 0.000      |             | 0.000  | 0.000r          |
| clock core_clock (rise edge)                                                                                              |        |             |            |            |             | 0      | 0               |
| clock network delay (ideal)                                                                                               |        |             |            |            |             | 0.000  | 0.000           |
| u_core.u_fetch_control_flow_predictor.return_stack_write_index_q_1__reg_p_QN_AOI211_X1_C1_ZN_CLKGATE_X1_E:CK (CLKGATE_X1) |        |             |            |            |             |        | 0.000r          |
| library hold time                                                                                                         |        |             |            |            |             | 0.001  | 0.001           |
| clock reconvergence pessimism                                                                                             |        |             |            |            |             | -0.000 | 0.001           |
|                                                                                                                           |        |             |            |            |             |        |                 |
| path cell delay                                                                                                           |        |             |            |            |             |        | 0.101(100.000%) |
| path net delay                                                                                                            |        |             |            |            |             |        | 0.000(0.000%)   |
|                                                                                                                           |        |             |            |            |             |        |                 |
| data require time                                                                                                         |        |             |            |            |             |        | 0.001           |
| data arrival time                                                                                                         |        |             |            |            |             |        | 0.101           |
| slack (MET)                                                                                                               |        |             |            |            |             |        | 0.100           |
+---------------------------------------------------------------------------------------------------------------------------+--------+-------------+------------+------------+-------------+--------+-----------------+
+---------------------------------------------------------------------------------------------------------------------------+--------+-------------+------------+------------+-------------+--------+-----------------+
| Point                                                                                                                     | Fanout | Capacitance | Resistance | Transition | Delta Delay | Incr   | Path            |
+---------------------------------------------------------------------------------------------------------------------------+--------+-------------+------------+------------+-------------+--------+-----------------+
| clk_i (port)                                                                                                              |        | 1.263       | 0.000      | 0.100      |             | 0.000  | 0.000r          |
| clk_i (clock net)                                                                                                         | 856    |             |            |            | NA          |        |                 |
| u_core.u_data_memory_subsystem.gen_dcache.u_dcache.refill_req_ready_reg_p:CK (DFFS_X1)                                    |        | 0.001       | 0.000      | 0.000      |             | 0.000  | 0.000r          |
| clock core_clock (rise edge)                                                                                              |        |             |            |            |             | 0      | 0               |
| clock network delay (ideal)                                                                                               |        |             |            |            |             | 0.000  | 0.000           |
| u_core.u_data_memory_subsystem.gen_dcache.u_dcache.refill_req_ready_reg_p:CK (DFFS_X1)                                    |        | 0.001       | 0.000      | 0.000      |             | 0.000  | 0.000r          |
| u_core.u_data_memory_subsystem.gen_dcache.u_dcache.refill_req_ready_reg_p:QN (DFFS_X1)                                    |        | 0.003       | 0.000      | 0.013      |             | 0.068  | 0.068f          |
| u_core.u_data_memory_subsystem.gen_dcache.u_dcache.refill_req_ready_reg_p_QN (net)                                        | 2      |             |            |            | 0.000       |        |                 |
| u_core.u_data_memory_subsystem.gen_dcache.u_dcache.refill_req_ready_reg_p_QN_AOI211_X1_C1:C1 (AOI211_X1)                  |        | 0.002       | 0.000      | 0.013      |             | 0.000  | 0.068f          |
| u_core.u_data_memory_subsystem.gen_dcache.u_dcache.refill_req_ready_reg_p_QN_AOI211_X1_C1:ZN (AOI211_X1)                  |        | 0.001       | 0.000      | 0.026      |             | 0.033  | 0.102r          |
| u_core.u_data_memory_subsystem.gen_dcache.u_dcache.refill_req_ready_reg_p_QN_AOI211_X1_C1_ZN (net)                        | 1      |             |            |            | 0.000       |        |                 |
| u_core.u_data_memory_subsystem.gen_dcache.u_dcache.refill_req_ready_reg_p_QN_AOI211_X1_C1_ZN_CLKGATE_X1_E:E (CLKGATE_X1)  |        | 0.001       | 0.000      | 0.026      |             | 0.000  | 0.102r          |
|                                                                                                                           |        |             |            |            |             |        |                 |
| clk_i (port)                                                                                                              |        | 1.263       | 0.000      | 0.100      |             | 0.000  | 0.000r          |
| clk_i (clock net)                                                                                                         | 856    |             |            |            | NA          |        |                 |
| u_core.u_data_memory_subsystem.gen_dcache.u_dcache.refill_req_ready_reg_p_QN_AOI211_X1_C1_ZN_CLKGATE_X1_E:CK (CLKGATE_X1) |        | 0.002       | 0.000      | 0.000      |             | 0.000  | 0.000r          |
| clock core_clock (rise edge)                                                                                              |        |             |            |            |             | 0      | 0               |
| clock network delay (ideal)                                                                                               |        |             |            |            |             | 0.000  | 0.000           |
| u_core.u_data_memory_subsystem.gen_dcache.u_dcache.refill_req_ready_reg_p_QN_AOI211_X1_C1_ZN_CLKGATE_X1_E:CK (CLKGATE_X1) |        |             |            |            |             |        | 0.000r          |
| library hold time                                                                                                         |        |             |            |            |             | 0.001  | 0.001           |
| clock reconvergence pessimism                                                                                             |        |             |            |            |             | -0.000 | 0.001           |
|                                                                                                                           |        |             |            |            |             |        |                 |
| path cell delay                                                                                                           |        |             |            |            |             |        | 0.102(100.000%) |
| path net delay                                                                                                            |        |             |            |            |             |        | 0.000(0.000%)   |
|                                                                                                                           |        |             |            |            |             |        |                 |
| data require time                                                                                                         |        |             |            |            |             |        | 0.001           |
| data arrival time                                                                                                         |        |             |            |            |             |        | 0.102           |
| slack (MET)                                                                                                               |        |             |            |            |             |        | 0.100           |
+---------------------------------------------------------------------------------------------------------------------------+--------+-------------+------------+------------+-------------+--------+-----------------+
+-------------------------------------------------------------------------------------------+--------+-------------+------------+------------+-------------+--------+-----------------+
| Point                                                                                     | Fanout | Capacitance | Resistance | Transition | Delta Delay | Incr   | Path            |
+-------------------------------------------------------------------------------------------+--------+-------------+------------+------------+-------------+--------+-----------------+
| clk_i (port)                                                                              |        | 1.263       | 0.000      | 0.100      |             | 0.000  | 0.000r          |
| clk_i (clock net)                                                                         | 856    |             |            |            | NA          |        |                 |
| u_core.resolved_execute_result_valid_reg_p_CK_CLKGATE_X1_GCK:CK (CLKGATE_X1)              |        | 0.002       | 0.000      | 0.000      |             | 0.000  | 0.000r          |
| u_core.resolved_execute_result_valid_reg_p_CK_CLKGATE_X1_GCK:GCK (CLKGATE_X1)             |        | 0.001       | 0.000      | 0.000      |             | 0.000  | 0.000r          |
| u_core.resolved_execute_result_valid_reg_p_CK (clock net)                                 | 1      |             |            |            | NA          |        |                 |
| u_core.resolved_execute_result_valid_reg_p:CK (DFFR_X1)                                   |        | 0.001       | 0.000      | 0.000      |             | 0.000  | 0.000r          |
| clock core_clock (rise edge)                                                              |        |             |            |            |             | 0      | 0               |
| clock network delay (ideal)                                                               |        |             |            |            |             | 0.000  | 0.000           |
| u_core.resolved_execute_result_valid_reg_p:CK (DFFR_X1)                                   |        | 0.001       | 0.000      | 0.000      |             | 0.000  | 0.000r          |
| u_core.resolved_execute_result_valid_reg_p:QN (DFFR_X1)                                   |        | 0.007       | 0.000      | 0.019      |             | 0.079  | 0.079f          |
| u_core.resolved_execute_result_valid_reg_p_QN (net)                                       | 5      |             |            |            | 0.000       |        |                 |
| u_core.resolved_execute_result_valid_reg_p_QN_NAND3_X1_A2:A2 (NAND3_X1)                   |        | 0.002       | 0.000      | 0.019      |             | 0.000  | 0.079f          |
| u_core.resolved_execute_result_valid_reg_p_QN_NAND3_X1_A2:ZN (NAND3_X1)                   |        | 0.001       | 0.000      | 0.010      |             | 0.021  | 0.100r          |
| u_core.resolved_execute_result_valid_reg_p_QN_NAND3_X1_A2_ZN (net)                        | 1      |             |            |            | 0.000       |        |                 |
| u_core.resolved_execute_result_valid_reg_p_QN_NAND3_X1_A2_ZN_CLKGATE_X1_E:E (CLKGATE_X1)  |        | 0.001       | 0.000      | 0.010      |             | 0.000  | 0.100r          |
|                                                                                           |        |             |            |            |             |        |                 |
| clk_i (port)                                                                              |        | 1.263       | 0.000      | 0.100      |             | 0.000  | 0.000r          |
| clk_i (clock net)                                                                         | 856    |             |            |            | NA          |        |                 |
| u_core.resolved_execute_result_valid_reg_p_QN_NAND3_X1_A2_ZN_CLKGATE_X1_E:CK (CLKGATE_X1) |        | 0.002       | 0.000      | 0.000      |             | 0.000  | 0.000r          |
| clock core_clock (rise edge)                                                              |        |             |            |            |             | 0      | 0               |
| clock network delay (ideal)                                                               |        |             |            |            |             | 0.000  | 0.000           |
| u_core.resolved_execute_result_valid_reg_p_QN_NAND3_X1_A2_ZN_CLKGATE_X1_E:CK (CLKGATE_X1) |        |             |            |            |             |        | 0.000r          |
| library hold time                                                                         |        |             |            |            |             | -0.001 | -0.001          |
| clock reconvergence pessimism                                                             |        |             |            |            |             | -0.000 | -0.001          |
|                                                                                           |        |             |            |            |             |        |                 |
| path cell delay                                                                           |        |             |            |            |             |        | 0.100(100.000%) |
| path net delay                                                                            |        |             |            |            |             |        | 0.000(0.000%)   |
|                                                                                           |        |             |            |            |             |        |                 |
| data require time                                                                         |        |             |            |            |             |        | -0.001          |
| data arrival time                                                                         |        |             |            |            |             |        | 0.100           |
| slack (MET)                                                                               |        |             |            |            |             |        | 0.101           |
+-------------------------------------------------------------------------------------------+--------+-------------+------------+------------+-------------+--------+-----------------+
