
 /----------------------------------------------------------------------------\
 |  yosys -- Yosys Open SYnthesis Suite                                       |
 |  Copyright (C) 2012 - 2025  Claire Xenia Wolf <claire@yosyshq.com>         |
 |  Distributed under an ISC-like license, type "license" to see terms        |
 \----------------------------------------------------------------------------/
 Yosys 0.60+70 (git sha1 8101c87fa, clang++ 18.1.8 -fPIC -O3)

-- Running command `read_slang --top riscv32_npc_system --ignore-assertions -DYSYX_RV32_BASELINE -DYSYX_ICACHE_CAPACITY_BYTES=256 -DYSYX_ICACHE_WAY_COUNT=1 -DYSYX_ICACHE_LINE_BYTES=16 -DYSYX_DCACHE_ENABLE=1 -DYSYX_DCACHE_CAPACITY_BYTES=256 -DYSYX_DCACHE_WAY_COUNT=2 -DYSYX_DCACHE_LINE_BYTES=16 -DYSYX_BRANCH_HISTORY_ENTRY_COUNT=16 -DYSYX_BRANCH_TARGET_ENTRY_COUNT=16 -DYSYX_BRANCH_TARGET_WAY_COUNT=2 -DYSYX_RETURN_STACK_ENTRY_COUNT=4 -DYSYX_SDRAM_NATIVE_READ_BURST=1 -DSYNTHESIS /home/yong/ysyx/ysyx-workbench-rv32-interview/npc/vsrc/riscv32/common/riscv_config_pkg.sv /home/yong/ysyx/ysyx-workbench-rv32-interview/npc/vsrc/riscv32/common/riscv32_addr_map_pkg.sv /home/yong/ysyx/ysyx-workbench-rv32-interview/npc/vsrc/riscv32/common/riscv32_axi4_pkg.sv /home/yong/ysyx/ysyx-workbench-rv32-interview/npc/vsrc/riscv32/common/riscv32_ysyx_soc_axi4_pkg.sv /home/yong/ysyx/ysyx-workbench-rv32-interview/npc/vsrc/riscv32/common/riscv32_pkg.sv /home/yong/ysyx/ysyx-workbench-rv32-interview/npc/vsrc/riscv32/core/frontend/riscv32_pma.sv /home/yong/ysyx/ysyx-workbench-rv32-interview/npc/vsrc/riscv32/core/frontend/riscv32_icache_tag_array.sv /home/yong/ysyx/ysyx-workbench-rv32-interview/npc/vsrc/riscv32/core/frontend/riscv32_icache_data_array.sv /home/yong/ysyx/ysyx-workbench-rv32-interview/npc/vsrc/riscv32/core/frontend/riscv32_icache_axi.sv /home/yong/ysyx/ysyx-workbench-rv32-interview/npc/vsrc/riscv32/core/frontend/riscv32_icache_miss_unit.sv /home/yong/ysyx/ysyx-workbench-rv32-interview/npc/vsrc/riscv32/core/frontend/riscv32_icache.sv /home/yong/ysyx/ysyx-workbench-rv32-interview/npc/vsrc/riscv32/core/frontend/riscv32_fetch_buffer.sv /home/yong/ysyx/ysyx-workbench-rv32-interview/npc/vsrc/riscv32/core/memory/riscv32_dcache_tag_array.sv /home/yong/ysyx/ysyx-workbench-rv32-interview/npc/vsrc/riscv32/core/memory/riscv32_dcache_data_array.sv /home/yong/ysyx/ysyx-workbench-rv32-interview/npc/vsrc/riscv32/core/memory/riscv32_dcache_axi.sv /home/yong/ysyx/ysyx-workbench-rv32-interview/npc/vsrc/riscv32/core/memory/riscv32_dcache_miss_unit.sv /home/yong/ysyx/ysyx-workbench-rv32-interview/npc/vsrc/riscv32/core/memory/riscv32_dcache.sv /home/yong/ysyx/ysyx-workbench-rv32-interview/npc/vsrc/riscv32/core/memory/riscv32_uncached_axi.sv /home/yong/ysyx/ysyx-workbench-rv32-interview/npc/vsrc/riscv32/core/memory/riscv32_data_mem.sv /home/yong/ysyx/ysyx-workbench-rv32-interview/npc/vsrc/riscv32/core/decode/riscv32_regfile.sv /home/yong/ysyx/ysyx-workbench-rv32-interview/npc/vsrc/riscv32/core/writeback/riscv32_pmu.sv /home/yong/ysyx/ysyx-workbench-rv32-interview/npc/vsrc/riscv32/core/writeback/riscv32_csr_file.sv /home/yong/ysyx/ysyx-workbench-rv32-interview/npc/vsrc/riscv32/core/decode/riscv32_idu.sv /home/yong/ysyx/ysyx-workbench-rv32-interview/npc/vsrc/riscv32/core/frontend/riscv32_bht.sv /home/yong/ysyx/ysyx-workbench-rv32-interview/npc/vsrc/riscv32/core/frontend/riscv32_btb.sv /home/yong/ysyx/ysyx-workbench-rv32-interview/npc/vsrc/riscv32/core/frontend/riscv32_ras.sv /home/yong/ysyx/ysyx-workbench-rv32-interview/npc/vsrc/riscv32/core/frontend/riscv32_branch_predictor.sv /home/yong/ysyx/ysyx-workbench-rv32-interview/npc/vsrc/riscv32/core/execute/riscv32_id_ex_reg.sv /home/yong/ysyx/ysyx-workbench-rv32-interview/npc/vsrc/riscv32/core/control/riscv32_redirect_mux.sv /home/yong/ysyx/ysyx-workbench-rv32-interview/npc/vsrc/riscv32/core/control/riscv32_hazard_ctrl.sv /home/yong/ysyx/ysyx-workbench-rv32-interview/npc/vsrc/riscv32/core/execute/riscv32_exu.sv /home/yong/ysyx/ysyx-workbench-rv32-interview/npc/vsrc/riscv32/core/execute/riscv32_ex_result_reg.sv /home/yong/ysyx/ysyx-workbench-rv32-interview/npc/vsrc/riscv32/core/memory/riscv32_lsu.sv /home/yong/ysyx/ysyx-workbench-rv32-interview/npc/vsrc/riscv32/core/writeback/riscv32_completion_mux.sv /home/yong/ysyx/ysyx-workbench-rv32-interview/npc/vsrc/riscv32/core/writeback/riscv32_wb_reg.sv /home/yong/ysyx/ysyx-workbench-rv32-interview/npc/vsrc/riscv32/core/writeback/riscv32_commit.sv /home/yong/ysyx/ysyx-workbench-rv32-interview/npc/vsrc/riscv32/core/control/riscv32_interrupt_ctrl.sv /home/yong/ysyx/ysyx-workbench-rv32-interview/npc/vsrc/riscv32/core/control/riscv32_trap_ctrl.sv /home/yong/ysyx/ysyx-workbench-rv32-interview/npc/vsrc/riscv32/core/frontend/riscv32_ifu.sv /home/yong/ysyx/ysyx-workbench-rv32-interview/npc/vsrc/riscv32/core/decode/riscv32_operand_mux.sv /home/yong/ysyx/ysyx-workbench-rv32-interview/npc/vsrc/riscv32/core/control/riscv32_fence_i_ctrl.sv /home/yong/ysyx/ysyx-workbench-rv32-interview/npc/vsrc/riscv32/core/riscv32_core.sv /home/yong/ysyx/ysyx-workbench-rv32-interview/npc/vsrc/riscv32/system/riscv32_axi4_arbiter.sv /home/yong/ysyx/ysyx-workbench-rv32-interview/npc/vsrc/riscv32/system/riscv32_axi4_router.sv /home/yong/ysyx/ysyx-workbench-rv32-interview/npc/vsrc/riscv32/system/peripheral/riscv32_axi4_clint.sv /home/yong/ysyx/ysyx-workbench-rv32-interview/npc/vsrc/riscv32/system/riscv32_reset_controller.sv /home/yong/ysyx/ysyx-workbench-rv32-interview/npc/vsrc/riscv32/system/riscv32_core_reset_boundary.sv /home/yong/ysyx/ysyx-workbench-rv32-interview/npc/vsrc/riscv32/system/riscv32_npc_system.sv /home/yong/ysyx/ysyx-workbench-rv32-interview/npc/vsrc/riscv32/system/riscv32_axi4_soc_width_converter.sv /home/yong/ysyx/ysyx-workbench-rv32-interview/npc/vsrc/riscv32/system/riscv32_npc_axi.sv; proc; opt; flatten; opt; techmap; opt; scc -expect 0; check -assert' --

1. Executing SLANG frontend.
npc/vsrc/riscv32/core/memory/riscv32_dcache.sv:350:7: warning: asynchronous load value missing for variable '\u_core.u_data_mem.gen_dcache.u_dcache.store_write_bypass_set_index_q'
      store_write_bypass_present_q <= 1'b0;
      ^~~~~~~~~~~~~~~~~~~~~~~~~~~~~~~~~~~~~
npc/vsrc/riscv32/core/memory/riscv32_dcache.sv:348:14: note: asynchronous load pattern implied by edge sensitivity on multiple signals
  always_ff @(posedge clk_i or negedge rst_ni) begin
             ^~~~~~~~~~~~~~~~~~~~~~~~~~~~~~~~~
npc/vsrc/riscv32/core/memory/riscv32_dcache.sv:350:7: warning: asynchronous load value missing for variable '\u_core.u_data_mem.gen_dcache.u_dcache.store_write_bypass_way_index_q'
      store_write_bypass_present_q <= 1'b0;
      ^~~~~~~~~~~~~~~~~~~~~~~~~~~~~~~~~~~~~
npc/vsrc/riscv32/core/memory/riscv32_dcache.sv:348:14: note: asynchronous load pattern implied by edge sensitivity on multiple signals
  always_ff @(posedge clk_i or negedge rst_ni) begin
             ^~~~~~~~~~~~~~~~~~~~~~~~~~~~~~~~~
npc/vsrc/riscv32/core/memory/riscv32_dcache.sv:350:7: warning: asynchronous load value missing for variable '\u_core.u_data_mem.gen_dcache.u_dcache.store_write_bypass_word_index_q'
      store_write_bypass_present_q <= 1'b0;
      ^~~~~~~~~~~~~~~~~~~~~~~~~~~~~~~~~~~~~
npc/vsrc/riscv32/core/memory/riscv32_dcache.sv:348:14: note: asynchronous load pattern implied by edge sensitivity on multiple signals
  always_ff @(posedge clk_i or negedge rst_ni) begin
             ^~~~~~~~~~~~~~~~~~~~~~~~~~~~~~~~~
npc/vsrc/riscv32/core/memory/riscv32_dcache.sv:350:7: warning: asynchronous load value missing for variable '\u_core.u_data_mem.gen_dcache.u_dcache.store_write_bypass_data_q'
      store_write_bypass_present_q <= 1'b0;
      ^~~~~~~~~~~~~~~~~~~~~~~~~~~~~~~~~~~~~
npc/vsrc/riscv32/core/memory/riscv32_dcache.sv:348:14: note: asynchronous load pattern implied by edge sensitivity on multiple signals
  always_ff @(posedge clk_i or negedge rst_ni) begin
             ^~~~~~~~~~~~~~~~~~~~~~~~~~~~~~~~~
npc/vsrc/riscv32/core/memory/riscv32_dcache.sv:350:7: warning: asynchronous load value missing for variable '\u_core.u_data_mem.gen_dcache.u_dcache.store_write_bypass_byte_strobe_q'
      store_write_bypass_present_q <= 1'b0;
      ^~~~~~~~~~~~~~~~~~~~~~~~~~~~~~~~~~~~~
npc/vsrc/riscv32/core/memory/riscv32_dcache.sv:348:14: note: asynchronous load pattern implied by edge sensitivity on multiple signals
  always_ff @(posedge clk_i or negedge rst_ni) begin
             ^~~~~~~~~~~~~~~~~~~~~~~~~~~~~~~~~
Top level design units:
    riscv32_npc_system


Build succeeded: 0 errors, 5 warnings

1.1. Executing UNDRIVEN pass. (resolve undriven signals)

1.2. Executing PROC_CLEAN pass (remove empty switches from decision trees).
Found and cleaned up 1 empty switch in `\riscv32_npc_system.$5149'.
Removing empty process `riscv32_npc_system.$5146'.
Found and cleaned up 2 empty switches in `\riscv32_npc_system.$5126'.
Removing empty process `riscv32_npc_system.$5119'.
Found and cleaned up 1 empty switch in `\riscv32_npc_system.$5089'.
Found and cleaned up 1 empty switch in `\riscv32_npc_system.$5077'.
Removing empty process `riscv32_npc_system.$5074'.
Found and cleaned up 2 empty switches in `\riscv32_npc_system.$5030'.
Removing empty process `riscv32_npc_system.$5015'.
Removing empty process `riscv32_npc_system.$5006'.
Removing empty process `riscv32_npc_system.$5003'.
Removing empty process `riscv32_npc_system.$5000'.
Found and cleaned up 1 empty switch in `\riscv32_npc_system.$4982'.
Found and cleaned up 1 empty switch in `\riscv32_npc_system.$4977'.
Found and cleaned up 1 empty switch in `\riscv32_npc_system.$4862'.
Found and cleaned up 1 empty switch in `\riscv32_npc_system.$4859'.
Found and cleaned up 3 empty switches in `\riscv32_npc_system.$4832'.
Removing empty process `riscv32_npc_system.$4822'.
Removing empty process `riscv32_npc_system.$4819'.
Found and cleaned up 1 empty switch in `\riscv32_npc_system.$4804'.
Found and cleaned up 1 empty switch in `\riscv32_npc_system.$4772'.
Found and cleaned up 1 empty switch in `\riscv32_npc_system.$4764'.
Found and cleaned up 1 empty switch in `\riscv32_npc_system.$4733'.
Found and cleaned up 1 empty switch in `\riscv32_npc_system.$4722'.
Removing empty process `riscv32_npc_system.$4713'.
Removing empty process `riscv32_npc_system.$4707'.
Found and cleaned up 1 empty switch in `\riscv32_npc_system.$4697'.
Removing empty process `riscv32_npc_system.$4696'.
Removing empty process `riscv32_npc_system.$4670'.
Removing empty process `riscv32_npc_system.$4666'.
Found and cleaned up 1 empty switch in `\riscv32_npc_system.$4663'.
Found and cleaned up 1 empty switch in `\riscv32_npc_system.$4660'.
Found and cleaned up 1 empty switch in `\riscv32_npc_system.$4653'.
Removing empty process `riscv32_npc_system.$4652'.
Removing empty process `riscv32_npc_system.$4649'.
Removing empty process `riscv32_npc_system.$4648'.
Removing empty process `riscv32_npc_system.$4645'.
Found and cleaned up 1 empty switch in `\riscv32_npc_system.$4617'.
Found and cleaned up 1 empty switch in `\riscv32_npc_system.$4598'.
Removing empty process `riscv32_npc_system.$4558'.
Removing empty process `riscv32_npc_system.$4553'.
Removing empty process `riscv32_npc_system.$4552'.
Removing empty process `riscv32_npc_system.$4551'.
Removing empty process `riscv32_npc_system.$4548'.
Removing empty process `riscv32_npc_system.$4545'.
Found and cleaned up 1 empty switch in `\riscv32_npc_system.$4513'.
Found and cleaned up 1 empty switch in `\riscv32_npc_system.$4500'.
Found and cleaned up 1 empty switch in `\riscv32_npc_system.$4470'.
Removing empty process `riscv32_npc_system.$4445'.
Removing empty process `riscv32_npc_system.$4444'.
Removing empty process `riscv32_npc_system.$4441'.
Found and cleaned up 1 empty switch in `\riscv32_npc_system.$4368'.
Found and cleaned up 1 empty switch in `\riscv32_npc_system.$4303'.
Found and cleaned up 1 empty switch in `\riscv32_npc_system.$4281'.
Found and cleaned up 3 empty switches in `\riscv32_npc_system.$4242'.
Found and cleaned up 4 empty switches in `\riscv32_npc_system.$4231'.
Removing empty process `riscv32_npc_system.$4228'.
Removing empty process `riscv32_npc_system.$4227'.
Removing empty process `riscv32_npc_system.$4224'.
Found and cleaned up 1 empty switch in `\riscv32_npc_system.$4201'.
Found and cleaned up 1 empty switch in `\riscv32_npc_system.$4168'.
Found and cleaned up 4 empty switches in `\riscv32_npc_system.$4148'.
Found and cleaned up 2 empty switches in `\riscv32_npc_system.$4128'.
Removing empty process `riscv32_npc_system.$4128'.
Found and cleaned up 1 empty switch in `\riscv32_npc_system.$4118'.
Found and cleaned up 1 empty switch in `\riscv32_npc_system.$4104'.
Found and cleaned up 2 empty switches in `\riscv32_npc_system.$4088'.
Found and cleaned up 1 empty switch in `\riscv32_npc_system.$4048'.
Found and cleaned up 1 empty switch in `\riscv32_npc_system.$4045'.
Removing empty process `riscv32_npc_system.$4045'.
Found and cleaned up 1 empty switch in `\riscv32_npc_system.$4041'.
Removing empty process `riscv32_npc_system.$4041'.
Found and cleaned up 1 empty switch in `\riscv32_npc_system.$3818'.
Found and cleaned up 2 empty switches in `\riscv32_npc_system.$3763'.
Found and cleaned up 4 empty switches in `\riscv32_npc_system.$3748'.
Removing empty process `riscv32_npc_system.$3745'.
Found and cleaned up 1 empty switch in `\riscv32_npc_system.$3743'.
Found and cleaned up 1 empty switch in `\riscv32_npc_system.$3740'.
Removing empty process `riscv32_npc_system.$3730'.
Removing empty process `riscv32_npc_system.$3727'.
Found and cleaned up 1 empty switch in `\riscv32_npc_system.$3719'.
Found and cleaned up 1 empty switch in `\riscv32_npc_system.$3687'.
Found and cleaned up 1 empty switch in `\riscv32_npc_system.$3685'.
Found and cleaned up 1 empty switch in `\riscv32_npc_system.$3667'.
Found and cleaned up 1 empty switch in `\riscv32_npc_system.$3661'.
Removing empty process `riscv32_npc_system.$3618'.
Found and cleaned up 1 empty switch in `\riscv32_npc_system.$3616'.
Removing empty process `riscv32_npc_system.$3613'.
Found and cleaned up 1 empty switch in `\riscv32_npc_system.$3602'.
Found and cleaned up 1 empty switch in `\riscv32_npc_system.$3596'.
Found and cleaned up 1 empty switch in `\riscv32_npc_system.$3557'.
Found and cleaned up 1 empty switch in `\riscv32_npc_system.$3547'.
Found and cleaned up 1 empty switch in `\riscv32_npc_system.$3540'.
Removing empty process `riscv32_npc_system.$3537'.
Found and cleaned up 1 empty switch in `\riscv32_npc_system.$3510'.
Removing empty process `riscv32_npc_system.$3509'.
Removing empty process `riscv32_npc_system.$3499'.
Found and cleaned up 1 empty switch in `\riscv32_npc_system.$3493'.
Found and cleaned up 1 empty switch in `\riscv32_npc_system.$3490'.
Found and cleaned up 1 empty switch in `\riscv32_npc_system.$3484'.
Removing empty process `riscv32_npc_system.$3471'.
Removing empty process `riscv32_npc_system.$3462'.
Found and cleaned up 1 empty switch in `\riscv32_npc_system.$3446'.
Found and cleaned up 1 empty switch in `\riscv32_npc_system.$3440'.
Found and cleaned up 1 empty switch in `\riscv32_npc_system.$3428'.
Found and cleaned up 1 empty switch in `\riscv32_npc_system.$3420'.
Found and cleaned up 1 empty switch in `\riscv32_npc_system.$3408'.
Found and cleaned up 1 empty switch in `\riscv32_npc_system.$3401'.
Found and cleaned up 1 empty switch in `\riscv32_npc_system.$3385'.
Found and cleaned up 1 empty switch in `\riscv32_npc_system.$3383'.
Found and cleaned up 1 empty switch in `\riscv32_npc_system.$3353'.
Removing empty process `riscv32_npc_system.$3183'.
Found and cleaned up 1 empty switch in `\riscv32_npc_system.$3135'.
Found and cleaned up 1 empty switch in `\riscv32_npc_system.$3123'.
Removing empty process `riscv32_npc_system.$3122'.
Removing empty process `riscv32_npc_system.$3117'.
Found and cleaned up 1 empty switch in `\riscv32_npc_system.$3112'.
Removing empty process `riscv32_npc_system.$3109'.
Found and cleaned up 3 empty switches in `\riscv32_npc_system.$3090'.
Removing empty process `riscv32_npc_system.$3087'.
Found and cleaned up 3 empty switches in `\riscv32_npc_system.$3068'.
Found and cleaned up 9 empty switches in `\riscv32_npc_system.$3059'.
Found and cleaned up 2 empty switches in `\riscv32_npc_system.$3056'.
Found and cleaned up 13 empty switches in `\riscv32_npc_system.$2919'.
Removing empty process `riscv32_npc_system.$2918'.
Removing empty process `riscv32_npc_system.$2917'.
Removing empty process `riscv32_npc_system.$2914'.
Found and cleaned up 1 empty switch in `\riscv32_npc_system.$2890'.
Found and cleaned up 1 empty switch in `\riscv32_npc_system.$2877'.
Removing empty process `riscv32_npc_system.$2875'.
Removing empty process `riscv32_npc_system.$2851'.
Removing empty process `riscv32_npc_system.$2850'.
Found and cleaned up 1 empty switch in `\riscv32_npc_system.$2845'.
Found and cleaned up 1 empty switch in `\riscv32_npc_system.$2829'.
Removing empty process `riscv32_npc_system.$2822'.
Found and cleaned up 1 empty switch in `\riscv32_npc_system.$2805'.
Found and cleaned up 1 empty switch in `\riscv32_npc_system.$2799'.
Found and cleaned up 1 empty switch in `\riscv32_npc_system.$2790'.
Found and cleaned up 2 empty switches in `\riscv32_npc_system.$2737'.
Found and cleaned up 1 empty switch in `\riscv32_npc_system.$2654'.
Found and cleaned up 1 empty switch in `\riscv32_npc_system.$2616'.
Found and cleaned up 1 empty switch in `\riscv32_npc_system.$2603'.
Found and cleaned up 1 empty switch in `\riscv32_npc_system.$2602'.
Found and cleaned up 1 empty switch in `\riscv32_npc_system.$2577'.
Removing empty process `riscv32_npc_system.$2557'.
Found and cleaned up 1 empty switch in `\riscv32_npc_system.$2542'.
Removing empty process `riscv32_npc_system.$2513'.
Removing empty process `riscv32_npc_system.$2510'.
Removing empty process `riscv32_npc_system.$2509'.
Removing empty process `riscv32_npc_system.$2508'.
Removing empty process `riscv32_npc_system.$2505'.
Found and cleaned up 1 empty switch in `\riscv32_npc_system.$2466'.
Removing empty process `riscv32_npc_system.$2460'.
Found and cleaned up 1 empty switch in `\riscv32_npc_system.$2431'.
Found and cleaned up 1 empty switch in `\riscv32_npc_system.$2410'.
Found and cleaned up 1 empty switch in `\riscv32_npc_system.$2400'.
Removing empty process `riscv32_npc_system.$2399'.
Found and cleaned up 1 empty switch in `\riscv32_npc_system.$2379'.
Found and cleaned up 1 empty switch in `\riscv32_npc_system.$308'.
Removing empty process `riscv32_npc_system.$305'.
Removing empty process `riscv32_npc_system.$304'.
Found and cleaned up 2 empty switches in `\riscv32_npc_system.$200'.
Found and cleaned up 1 empty switch in `\riscv32_npc_system.$192'.
Found and cleaned up 1 empty switch in `\riscv32_npc_system.$180'.
Found and cleaned up 1 empty switch in `\riscv32_npc_system.$179'.
Removing empty process `riscv32_npc_system.$179'.
Found and cleaned up 1 empty switch in `\riscv32_npc_system.$177'.
Removing empty process `riscv32_npc_system.$177'.
Found and cleaned up 1 empty switch in `\riscv32_npc_system.$170'.
Removing empty process `riscv32_npc_system.$127'.
Found and cleaned up 1 empty switch in `\riscv32_npc_system.$109'.
Removing empty process `riscv32_npc_system.$102'.
Found and cleaned up 1 empty switch in `\riscv32_npc_system.$54'.
Found and cleaned up 1 empty switch in `\riscv32_npc_system.$40'.
Removing empty process `riscv32_npc_system.$37'.
Found and cleaned up 1 empty switch in `\riscv32_npc_system.$26'.
Removing empty process `riscv32_npc_system.$3'.
Removing empty process `riscv32_npc_system.$0'.
Cleaned up 151 empty switches.

1.3. Executing TRIBUF pass.

1.4. Executing PROC_RMDEAD pass (remove dead branches from decision trees).
Marked 1 switch rules as full_case in process $3748 in module riscv32_npc_system.
Marked 1 switch rules as full_case in process $4862 in module riscv32_npc_system.
Marked 2 switch rules as full_case in process $3740 in module riscv32_npc_system.
Marked 1 switch rules as full_case in process $4859 in module riscv32_npc_system.
Marked 3 switch rules as full_case in process $4832 in module riscv32_npc_system.
Marked 3 switch rules as full_case in process $3719 in module riscv32_npc_system.
Marked 4 switch rules as full_case in process $3667 in module riscv32_npc_system.
Marked 8 switch rules as full_case in process $3661 in module riscv32_npc_system.
Removed 1 dead cases from process $5030 in module riscv32_npc_system.
Marked 7 switch rules as full_case in process $5030 in module riscv32_npc_system.
Marked 9 switch rules as full_case in process $4617 in module riscv32_npc_system.
Marked 6 switch rules as full_case in process $3602 in module riscv32_npc_system.
Marked 1 switch rules as full_case in process $3596 in module riscv32_npc_system.
Removed 2 dead cases from process $3557 in module riscv32_npc_system.
Marked 2 switch rules as full_case in process $3557 in module riscv32_npc_system.
Marked 1 switch rules as full_case in process $3547 in module riscv32_npc_system.
Removed 1 dead cases from process $3540 in module riscv32_npc_system.
Marked 1 switch rules as full_case in process $4598 in module riscv32_npc_system.
Removed 2 dead cases from process $3510 in module riscv32_npc_system.
Marked 2 switch rules as full_case in process $3510 in module riscv32_npc_system.
Marked 9 switch rules as full_case in process $5149 in module riscv32_npc_system.
Removed 1 dead cases from process $4804 in module riscv32_npc_system.
Marked 4 switch rules as full_case in process $4804 in module riscv32_npc_system.
Marked 1 switch rules as full_case in process $3490 in module riscv32_npc_system.
Marked 1 switch rules as full_case in process $4772 in module riscv32_npc_system.
Marked 3 switch rules as full_case in process $4764 in module riscv32_npc_system.
Marked 3 switch rules as full_case in process $3446 in module riscv32_npc_system.
Marked 2 switch rules as full_case in process $3385 in module riscv32_npc_system.
Marked 10 switch rules as full_case in process $3353 in module riscv32_npc_system.
Marked 4 switch rules as full_case in process $4733 in module riscv32_npc_system.
Marked 5 switch rules as full_case in process $3135 in module riscv32_npc_system.
Marked 1 switch rules as full_case in process $3123 in module riscv32_npc_system.
Marked 2 switch rules as full_case in process $4722 in module riscv32_npc_system.
Marked 9 switch rules as full_case in process $4513 in module riscv32_npc_system.
Marked 5 switch rules as full_case in process $4500 in module riscv32_npc_system.
Marked 5 switch rules as full_case in process $3090 in module riscv32_npc_system.
Marked 3 switch rules as full_case in process $4470 in module riscv32_npc_system.
Marked 5 switch rules as full_case in process $3068 in module riscv32_npc_system.
Removed 2 dead cases from process $2919 in module riscv32_npc_system.
Marked 38 switch rules as full_case in process $2919 in module riscv32_npc_system.
Marked 10 switch rules as full_case in process $5089 in module riscv32_npc_system.
Marked 4 switch rules as full_case in process $4697 in module riscv32_npc_system.
Marked 7 switch rules as full_case in process $2890 in module riscv32_npc_system.
Removed 1 dead cases from process $4368 in module riscv32_npc_system.
Marked 21 switch rules as full_case in process $4368 in module riscv32_npc_system.
Marked 6 switch rules as full_case in process $4303 in module riscv32_npc_system.
Marked 3 switch rules as full_case in process $4281 in module riscv32_npc_system.
Marked 2 switch rules as full_case in process $2845 in module riscv32_npc_system.
Removed 1 dead cases from process $2829 in module riscv32_npc_system.
Marked 3 switch rules as full_case in process $2829 in module riscv32_npc_system.
Marked 4 switch rules as full_case in process $2805 in module riscv32_npc_system.
Marked 2 switch rules as full_case in process $2799 in module riscv32_npc_system.
Marked 1 switch rules as full_case in process $2790 in module riscv32_npc_system.
Marked 3 switch rules as full_case in process $2737 in module riscv32_npc_system.
Marked 6 switch rules as full_case in process $2654 in module riscv32_npc_system.
Marked 1 switch rules as full_case in process $2616 in module riscv32_npc_system.
Marked 1 switch rules as full_case in process $2602 in module riscv32_npc_system.
Marked 3 switch rules as full_case in process $2542 in module riscv32_npc_system.
Marked 12 switch rules as full_case in process $5126 in module riscv32_npc_system.
Marked 5 switch rules as full_case in process $4982 in module riscv32_npc_system.
Marked 1 switch rules as full_case in process $4977 in module riscv32_npc_system.
Marked 6 switch rules as full_case in process $4201 in module riscv32_npc_system.
Marked 1 switch rules as full_case in process $4168 in module riscv32_npc_system.
Removed 1 dead cases from process $2466 in module riscv32_npc_system.
Marked 7 switch rules as full_case in process $2466 in module riscv32_npc_system.
Marked 1 switch rules as full_case in process $4148 in module riscv32_npc_system.
Removed 1 dead cases from process $2431 in module riscv32_npc_system.
Marked 1 switch rules as full_case in process $219 in module riscv32_npc_system.
Marked 1 switch rules as full_case in process $192 in module riscv32_npc_system.
Marked 3 switch rules as full_case in process $180 in module riscv32_npc_system.
Marked 1 switch rules as full_case in process $4088 in module riscv32_npc_system.
Marked 12 switch rules as full_case in process $4048 in module riscv32_npc_system.
Marked 8 switch rules as full_case in process $170 in module riscv32_npc_system.
Marked 1 switch rules as full_case in process $4660 in module riscv32_npc_system.
Marked 6 switch rules as full_case in process $54 in module riscv32_npc_system.
Marked 5 switch rules as full_case in process $26 in module riscv32_npc_system.
Marked 1 switch rules as full_case in process $3818 in module riscv32_npc_system.
Removed a total of 13 dead cases.

1.5. Executing PROC_PRUNE pass (remove redundant assignments in processes).
Removed 118 redundant assignments.
Promoted 1 assignment to connection.

1.6. Executing PROC_INIT pass (extract init attributes).

1.7. Executing PROC_ROM pass (convert switches to ROMs).
Converted 0 switches.
<suppressed ~2661 debug messages>

1.8. Executing PROC_MUX pass (convert decision trees to multiplexers).
Creating decoders for process `\riscv32_npc_system.$3763'.
     1/4: $u_core.u_data_mem.gen_dcache.u_dcache.u_tag_array.read_line_dirty_vector_q$3813
     2/4: $u_core.u_data_mem.gen_dcache.u_dcache.u_tag_array.read_line_present_vector_q$3812
     3/4: $3796
     4/4: $3772
Creating decoders for process `\riscv32_npc_system.$3748'.
     1/5: $u_core.u_data_mem.gen_dcache.u_dcache.data_read_word_index$3762
     2/5: $u_core.u_data_mem.gen_dcache.u_dcache.data_read_set_index$3761
     3/5: $u_core.u_data_mem.gen_dcache.u_dcache.data_read_enable$3760
     4/5: $u_core.u_data_mem.gen_dcache.u_dcache.tag_read_set_index$3757
     5/5: $u_core.u_data_mem.gen_dcache.u_dcache.tag_read_enable$3756
Creating decoders for process `\riscv32_npc_system.$4862'.
     1/2: $u_local_address_router.select_index_from_vector.selected_index$4861
     2/2: $u_local_address_router.select_index_from_vector.selected_index$4860
Creating decoders for process `\riscv32_npc_system.$3743'.
     1/1: $u_core.u_data_mem.gen_dcache.u_dcache.lookup_s1_q$3744
Creating decoders for process `\riscv32_npc_system.$3740'.
     1/2: $u_core.u_data_mem.gen_dcache.u_dcache.lookup_s1_present_d$3741
     2/2: $u_core.u_data_mem.gen_dcache.u_dcache.lookup_s1_present_d$3742
Creating decoders for process `\riscv32_npc_system.$4859'.
     1/2: $u_local_address_router.select_index_from_vector.selected_index$4858
     2/2: $u_local_address_router.select_index_from_vector.selected_index$4857
Creating decoders for process `\riscv32_npc_system.$4832'.
     1/4: $u_local_address_router.write_target_select_vector[1]$4854
     2/4: $u_local_address_router.read_target_select_vector[1]$4850
     3/4: $u_local_address_router.write_target_select_vector[0]$4842
     4/4: $u_local_address_router.read_target_select_vector[0]$4837
Creating decoders for process `\riscv32_npc_system.$3719'.
     1/4: $u_core.u_data_mem.route_state_d$3724
     2/4: $u_core.u_data_mem.route_state_d$3725
     3/4: $u_core.u_data_mem.fault_transaction_id_d$3721
     4/4: $u_core.u_data_mem.fault_transaction_id_d$3726
Creating decoders for process `\riscv32_npc_system.$3687'.
     1/5: $u_core.u_data_mem.data_memory_resp_o$3688 [36:5]
     2/5: $u_core.u_data_mem.data_memory_resp_o$3688 [4:0]
     3/5: $u_core.u_data_mem.dcache_resp_ready$3690
     4/5: $u_core.u_data_mem.data_memory_resp_valid_o$3689
     5/5: $u_core.u_data_mem.uncached_resp_ready$3691
Creating decoders for process `\riscv32_npc_system.$3685'.
     1/1: $u_core.u_data_mem.selected_data_request_ready$3686
Creating decoders for process `\riscv32_npc_system.$3667'.
     1/3: $u_core.u_data_mem.selected_request_route$3671
     2/3: $u_core.u_data_mem.selected_request_route$3672
     3/3: $u_core.u_data_mem.request_access_allowed$3668
Creating decoders for process `\riscv32_npc_system.$3661'.
     1/14: $u_core.u_data_mem.u_data_pma.memory_attr_o$3666 [5:3]
     2/14: $u_core.u_data_mem.u_data_pma.memory_attr_o$3665 [2]
     3/14: $u_core.u_data_mem.u_data_pma.memory_attr_o$3663 [5:4]
     4/14: $u_core.u_data_mem.u_data_pma.memory_attr_o$3663 [3:0]
     5/14: $u_core.u_data_mem.u_data_pma.memory_attr_o$3664 [4]
     6/14: $u_core.u_data_mem.u_data_pma.memory_attr_o[5:4]$3662
     7/14: $u_core.u_data_mem.u_data_pma.memory_attr_o$3664 [3:0]
     8/14: $u_core.u_data_mem.u_data_pma.memory_attr_o$3665 [4]
     9/14: $u_core.u_data_mem.u_data_pma.memory_attr_o$3665 [3]
    10/14: $u_core.u_data_mem.u_data_pma.memory_attr_o$3664 [5]
    11/14: $u_core.u_data_mem.u_data_pma.memory_attr_o$3665 [1:0]
    12/14: $u_core.u_data_mem.u_data_pma.memory_attr_o$3666 [2]
    13/14: $u_core.u_data_mem.u_data_pma.memory_attr_o$3665 [5]
    14/14: $u_core.u_data_mem.u_data_pma.memory_attr_o$3666 [1:0]
Creating decoders for process `\riscv32_npc_system.$5030'.
     1/30: $u_clint.mtime_read_snapshot_present_d$5067
     2/30: $u_clint.mtime_high_snapshot_d$5066
     3/30: $u_clint.read_response_d[38:7]$5065
     4/30: $u_clint.read_response_d[2:1]$5064
     5/30: $u_clint.mtime_read_snapshot_present_d$5059
     6/30: $u_clint.mtime_high_snapshot_d$5058
     7/30: $u_clint.read_response_d[38:7]$5057
     8/30: $u_clint.read_response_d[2:1]$5056
     9/30: $u_clint.mtime_read_snapshot_present_d$5063
    10/30: $u_clint.mtime_high_snapshot_d$5062
    11/30: $u_clint.read_response_d[38:7]$5061
    12/30: $u_clint.read_response_d[2:1]$5060
    13/30: $u_clint.mtime_read_snapshot_present_d$5073
    14/30: $u_clint.mtime_high_snapshot_d$5072
    15/30: $u_clint.read_beat_index_d$5071
    16/30: $u_clint.read_burst_length_d$5070
    17/30: $u_clint.read_response_d$5069
    18/30: $u_clint.read_state_d$5068
    19/30: $u_clint.read_beat_index_d$5038
    20/30: $u_clint.read_response_d[38:7]$5037
    21/30: $u_clint.read_response_d[2:0]$5036
    22/30: $u_clint.read_state_d$5035
    23/30: $u_clint.read_beat_index_d$5042
    24/30: $u_clint.read_response_d[38:7]$5041
    25/30: $u_clint.read_response_d[2:0]$5040
    26/30: $u_clint.read_state_d$5039
    27/30: $u_clint.read_beat_index_d$5046
    28/30: $u_clint.read_response_d[38:7]$5045
    29/30: $u_clint.read_response_d[2:0]$5044
    30/30: $u_clint.read_state_d$5043
Creating decoders for process `\riscv32_npc_system.$3616'.
     1/1: $u_core.u_lsu.pending_lsu_context_q$3617
Creating decoders for process `\riscv32_npc_system.$4617'.
     1/16: $u_core.u_data_mem.u_uncached_axi.state_d$4638
     2/16: $u_core.u_data_mem.u_uncached_axi.write_data_pending_d$4640
     3/16: $u_core.u_data_mem.u_uncached_axi.write_address_pending_d$4639
     4/16: $u_core.u_data_mem.u_uncached_axi.write_data_pending_d$4644
     5/16: $u_core.u_data_mem.u_uncached_axi.write_address_pending_d$4643
     6/16: $u_core.u_data_mem.u_uncached_axi.request_context_d$4642
     7/16: $u_core.u_data_mem.u_uncached_axi.state_d$4641
     8/16: $u_core.u_data_mem.u_uncached_axi.state_d$4628
     9/16: $u_core.u_data_mem.u_uncached_axi.state_d$4627
    10/16: $u_core.u_data_mem.u_uncached_axi.write_data_pending_d$4621
    11/16: $u_core.u_data_mem.u_uncached_axi.write_address_pending_d$4620
    12/16: $u_core.u_data_mem.u_uncached_axi.state_d$4619
    13/16: $u_core.u_data_mem.u_uncached_axi.state_d$4618
    14/16: $u_core.u_data_mem.u_uncached_axi.write_data_pending_d$4631
    15/16: $u_core.u_data_mem.u_uncached_axi.write_address_pending_d$4630
    16/16: $u_core.u_data_mem.u_uncached_axi.state_d$4629
Creating decoders for process `\riscv32_npc_system.$3602'.
     1/6: $u_core.u_lsu.state_d$3612
     2/6: $u_core.u_lsu.state_d$3609
     3/6: $u_core.u_lsu.state_d$3607
     4/6: $u_core.u_lsu.state_d$3608
     5/6: $u_core.u_lsu.state_d$3610
     6/6: $u_core.u_lsu.state_d$3603
Creating decoders for process `\riscv32_npc_system.$3596'.
     1/5: $u_core.u_lsu.lsu_writeback_valid_o$3598
     2/5: $u_core.u_lsu.lsu_writeback_o$3597
     3/5: $u_core.u_lsu.lsu_writeback_valid_o$3601
     4/5: $u_core.u_lsu.lsu_writeback_o$3600
     5/5: $u_core.u_lsu.data_memory_resp_ready_o$3599
Creating decoders for process `\riscv32_npc_system.$3557'.
     1/7: $u_core.u_lsu.memory_writeback[308]$3583
     2/7: $u_core.u_lsu.memory_writeback[233:164]$3582
     3/7: $u_core.u_lsu.memory_writeback[67:36]$3581
     4/7: $3577
     5/7: $u_core.u_lsu.request_store_byte_strobe.request_store_byte_strobe$3576
     6/7: $3570
     7/7: $u_core.u_lsu.request_store_write_data.request_store_write_data$3569
Creating decoders for process `\riscv32_npc_system.$3547'.
     1/4: $u_core.u_lsu.local_writeback[308]$3556
     2/4: $u_core.u_lsu.local_writeback[195:164]$3555
     3/4: $u_core.u_lsu.local_writeback[3:0]$3554
     4/4: $u_core.u_lsu.local_writeback[233:196]$3553
Creating decoders for process `\riscv32_npc_system.$3540'.
     1/1: $u_core.u_lsu.formatted_load_data$3546
Creating decoders for process `\riscv32_npc_system.$4598'.
     1/10: $u_core.u_data_mem.u_uncached_axi.axi_manager_o[90]$4616
     2/10: $u_core.u_data_mem.u_uncached_axi.axi_manager_o[52]$4615
     3/10: $u_core.u_data_mem.u_uncached_axi.axi_manager_o[1]$4614
     4/10: $u_core.u_data_mem.u_uncached_axi.axi_manager_o[52:51]$4608 [1]
     5/10: $u_core.u_data_mem.u_uncached_axi.axi_manager_o[52:51]$4608 [0]
     6/10: $u_core.u_data_mem.u_uncached_axi.axi_manager_o[1:0]$4607 [0]
     7/10: $u_core.u_data_mem.u_uncached_axi.axi_manager_o[1:0]$4607 [1]
     8/10: $u_core.u_data_mem.u_uncached_axi.axi_manager_o[90]$4609
     9/10: $u_core.u_data_mem.u_uncached_axi.data_memory_resp_valid_o$4606
    10/10: $u_core.u_data_mem.u_uncached_axi.data_memory_resp_o$4605
Creating decoders for process `\riscv32_npc_system.$3510'.
     1/6: $3536
     2/6: $u_core.u_lsu.request_store_byte_strobe.request_store_byte_strobe$3535
     3/6: $3531
     4/6: $u_core.u_lsu.request_store_write_data.request_store_write_data$3530
     5/6: $3519
     6/6: $u_core.u_lsu.request_address_misaligned.request_address_misaligned$3518
Creating decoders for process `\riscv32_npc_system.$5149'.
     1/11: $u_clint.merge_write_bytes.merged_data[31:24]$5159
     2/11: $u_clint.merge_write_bytes.merged_data[23:16]$5158
     3/11: $u_clint.merge_write_bytes.merged_data[15:8]$5157
     4/11: $u_clint.merge_write_bytes.merged_data[7:0]$5156
     5/11: $u_clint.mtimecmp_q$5160 [63:32]
     6/11: $u_clint.mtimecmp_q$5160 [31:0]
     7/11: $u_clint.merge_write_bytes.merged_data[23:16]$5154
     8/11: $u_clint.merge_write_bytes.merged_data[15:8]$5153
     9/11: $u_clint.merge_write_bytes.merged_data[7:0]$5152
    10/11: $u_clint.merge_write_bytes.merged_data[31:24]$5155
    11/11: $u_clint.mtimecmp_q$5161
Creating decoders for process `\riscv32_npc_system.$4804'.
     1/11: $u_axi4_arbiter.read_address_pending_d$4815
     2/11: $u_axi4_arbiter.read_transaction_present_d$4814
     3/11: $u_axi4_arbiter.read_transaction_requester_d$4813
     4/11: $u_axi4_arbiter.read_address_pending_d$4812
     5/11: $u_axi4_arbiter.read_transaction_requester_d$4811
     6/11: $u_axi4_arbiter.read_address_pending_d$4818
     7/11: $u_axi4_arbiter.read_transaction_present_d$4817
     8/11: $u_axi4_arbiter.read_transaction_requester_d$4816
     9/11: $u_axi4_arbiter.next_priority_read_requester_d$4805
    10/11: $u_axi4_arbiter.read_transaction_present_d$4807
    11/11: $u_axi4_arbiter.next_priority_read_requester_d$4806
Creating decoders for process `\riscv32_npc_system.$3493'.
     1/2: $u_core.u_ex_result_reg.predicted_next_pc_q$3498
     2/2: $u_core.u_ex_result_reg.execute_result_q$3497
Creating decoders for process `\riscv32_npc_system.$3490'.
     1/2: $u_core.u_ex_result_reg.execute_result_valid_d$3492
     2/2: $u_core.u_ex_result_reg.execute_result_valid_d$3491
Creating decoders for process `\riscv32_npc_system.$3484'.
     1/1: $u_core.u_ex_result_reg.resolved_result_o[74]$3489
Creating decoders for process `\riscv32_npc_system.$4772'.
     1/2: $u_axi4_arbiter.selected_read_requester$4779
     2/2: $u_axi4_arbiter.selected_read_requester$4780
Creating decoders for process `\riscv32_npc_system.$4764'.
     1/4: $u_core.u_redirect_mux.redirect_req_o$4769
     2/4: $u_core.u_redirect_mux.redirect_req_o$4768
     3/4: $u_core.u_redirect_mux.redirect_req_o$4767
     4/4: $u_core.u_redirect_mux.redirect_req_o$4766
Creating decoders for process `\riscv32_npc_system.$3446'.
     1/8: $u_core.u_exu.exu_result[170:139]$3461
     2/8: $u_core.u_exu.exu_result[138:107]$3460
     3/8: $u_core.u_exu.exu_result[283]$3458
     4/8: $u_core.u_exu.exu_result[208:171]$3457
     5/8: $u_core.u_exu.exu_result[74]$3456
     6/8: $u_core.u_exu.exu_result[283]$3453
     7/8: $u_core.u_exu.exu_result[214]$3452
     8/8: $u_core.u_exu.exu_result[208:171]$3451
Creating decoders for process `\riscv32_npc_system.$3440'.
     1/1: $u_core.u_exu.csr_wdata$3444
Creating decoders for process `\riscv32_npc_system.$3428'.
     1/2: $u_core.u_exu.branch_target$3434
     2/2: $u_core.u_exu.branch_taken$3433
Creating decoders for process `\riscv32_npc_system.$3420'.
     1/1: $u_core.u_exu.branch_condition_met$3427
Creating decoders for process `\riscv32_npc_system.$3408'.
     1/2: $u_core.u_exu.alu_result$3419 [31:1]
     2/2: $u_core.u_exu.alu_result$3419 [0]
Creating decoders for process `\riscv32_npc_system.$3401'.
     1/1: $u_core.u_exu.word_result$3407
Creating decoders for process `\riscv32_npc_system.$3385'.
     1/8: $u_core.u_id_ex_reg.serializing_instruction_present_q$3394
     2/8: $u_core.u_id_ex_reg.blocking_producer_present_q$3393
     3/8: $u_core.u_id_ex_reg.forwardable_producer_present_q$3392
     4/8: $u_core.u_id_ex_reg.execute_packet_valid_q$3391
     5/8: $u_core.u_id_ex_reg.serializing_instruction_present_q$3398
     6/8: $u_core.u_id_ex_reg.blocking_producer_present_q$3397
     7/8: $u_core.u_id_ex_reg.forwardable_producer_present_q$3396
     8/8: $u_core.u_id_ex_reg.execute_packet_valid_q$3395
Creating decoders for process `\riscv32_npc_system.$3383'.
     1/1: $u_core.u_id_ex_reg.execute_packet_q$3384
Creating decoders for process `\riscv32_npc_system.$3353'.
     1/11: $u_core.u_operand_mux.decoded_execute_packet_o[64:33]$3365
     2/11: $u_core.u_operand_mux.decoded_execute_packet_o[96:65]$3364
     3/11: $u_core.u_operand_mux.decoded_execute_packet_o[64:33]$3363
     4/11: $u_core.u_operand_mux.decoded_execute_packet_o[96:65]$3362
     5/11: $u_core.u_operand_mux.decoded_execute_packet_o[64:33]$3361
     6/11: $u_core.u_operand_mux.decoded_execute_packet_o[96:65]$3360
     7/11: $u_core.u_operand_mux.decoded_execute_packet_o[64:33]$3359
     8/11: $u_core.u_operand_mux.decoded_execute_packet_o[96:65]$3358
     9/11: $u_core.u_operand_mux.decoded_execute_packet_o[64:33]$3356
    10/11: $u_core.u_operand_mux.decoded_execute_packet_o[96:65]$3355
    11/11: $u_core.u_operand_mux.decoded_execute_packet_o[96:33]$3357
Creating decoders for process `\riscv32_npc_system.$4733'.
     1/21: $u_core.u_trap_ctrl.redirect_req_valid_o$4745
     2/21: $u_core.u_trap_ctrl.redirect_req_o[73:10]$4744
     3/21: $u_core.u_trap_ctrl.redirect_req_o[3:0]$4743
     4/21: $u_core.u_trap_ctrl.trap_tval_o$4742
     5/21: $u_core.u_trap_ctrl.trap_cause_o$4741
     6/21: $u_core.u_trap_ctrl.trap_pc_o$4740
     7/21: $u_core.u_trap_ctrl.trap_valid_o$4739
     8/21: $u_core.u_trap_ctrl.redirect_req_valid_o$4752
     9/21: $u_core.u_trap_ctrl.redirect_req_o[73:10]$4751
    10/21: $u_core.u_trap_ctrl.redirect_req_o[3:0]$4750
    11/21: $u_core.u_trap_ctrl.trap_tval_o$4749
    12/21: $u_core.u_trap_ctrl.trap_cause_o$4748
    13/21: $u_core.u_trap_ctrl.trap_pc_o$4747
    14/21: $u_core.u_trap_ctrl.trap_valid_o$4746
    15/21: $u_core.u_trap_ctrl.redirect_req_valid_o$4759
    16/21: $u_core.u_trap_ctrl.redirect_req_o[73:10]$4758
    17/21: $u_core.u_trap_ctrl.redirect_req_o[3:0]$4757
    18/21: $u_core.u_trap_ctrl.trap_tval_o$4756
    19/21: $u_core.u_trap_ctrl.trap_cause_o$4755
    20/21: $u_core.u_trap_ctrl.trap_pc_o$4754
    21/21: $u_core.u_trap_ctrl.trap_valid_o$4753
Creating decoders for process `\riscv32_npc_system.$3135'.
     1/36: $u_core.u_csr_file.mtval_q$3146
     2/36: $u_core.u_csr_file.mcause_code_q$3145
     3/36: $u_core.u_csr_file.mcause_interrupt_q$3144
     4/36: $u_core.u_csr_file.mepc_base_q$3143
     5/36: $u_core.u_csr_file.mscratch_q$3142
     6/36: $u_core.u_csr_file.mtvec_base_q$3141
     7/36: $u_core.u_csr_file.mie_mtie_q$3140
     8/36: $u_core.u_csr_file.mstatus_mpie_q$3139
     9/36: $u_core.u_csr_file.mstatus_mie_q$3138
    10/36: $u_core.u_csr_file.mtval_q$3155
    11/36: $u_core.u_csr_file.mcause_code_q$3154
    12/36: $u_core.u_csr_file.mcause_interrupt_q$3153
    13/36: $u_core.u_csr_file.mepc_base_q$3152
    14/36: $u_core.u_csr_file.mscratch_q$3151
    15/36: $u_core.u_csr_file.mtvec_base_q$3150
    16/36: $u_core.u_csr_file.mie_mtie_q$3149
    17/36: $u_core.u_csr_file.mstatus_mpie_q$3148
    18/36: $u_core.u_csr_file.mstatus_mie_q$3147
    19/36: $u_core.u_csr_file.mstatus_mpie_q$3157
    20/36: $u_core.u_csr_file.mstatus_mie_q$3156
    21/36: $u_core.u_csr_file.mtval_q$3164
    22/36: $u_core.u_csr_file.mcause_code_q$3163
    23/36: $u_core.u_csr_file.mcause_interrupt_q$3162
    24/36: $u_core.u_csr_file.mepc_base_q$3161
    25/36: $u_core.u_csr_file.mscratch_q$3160
    26/36: $u_core.u_csr_file.mtvec_base_q$3159
    27/36: $u_core.u_csr_file.mie_mtie_q$3158
    28/36: $u_core.u_csr_file.mtval_q$3173
    29/36: $u_core.u_csr_file.mcause_code_q$3172
    30/36: $u_core.u_csr_file.mcause_interrupt_q$3171
    31/36: $u_core.u_csr_file.mepc_base_q$3170
    32/36: $u_core.u_csr_file.mstatus_mpie_q$3166
    33/36: $u_core.u_csr_file.mstatus_mie_q$3165
    34/36: $u_core.u_csr_file.mscratch_q$3169
    35/36: $u_core.u_csr_file.mtvec_base_q$3168
    36/36: $u_core.u_csr_file.mie_mtie_q$3167
Creating decoders for process `\riscv32_npc_system.$3123'.
     1/3: $u_core.u_csr_file.csr_read_data_o$3134
     2/3: $u_core.u_csr_file.csr_selected_read_data$3125
     3/3: $u_core.u_csr_file.csr_addr_implemented$3124
Creating decoders for process `\riscv32_npc_system.$4722'.
     1/2: $u_core.u_interrupt_ctrl.resume_pc_q$4727
     2/2: $u_core.u_interrupt_ctrl.resume_pc_q$4728
Creating decoders for process `\riscv32_npc_system.$4513'.
     1/19: $u_core.u_data_mem.gen_dcache.u_dcache.u_dcache_axi.writeback_state_d$4539
     2/19: $u_core.u_data_mem.gen_dcache.u_dcache.u_dcache_axi.writeback_state_d$4538
     3/19: $u_core.u_data_mem.gen_dcache.u_dcache.u_dcache_axi.write_data_pending_d$4529
     4/19: $u_core.u_data_mem.gen_dcache.u_dcache.u_dcache_axi.writeback_word_index_d$4528
     5/19: $u_core.u_data_mem.gen_dcache.u_dcache.u_dcache_axi.write_data_pending_d$4531
     6/19: $u_core.u_data_mem.gen_dcache.u_dcache.u_dcache_axi.writeback_word_index_d$4530
     7/19: $u_core.u_data_mem.gen_dcache.u_dcache.u_dcache_axi.write_address_pending_d$4526
     8/19: $u_core.u_data_mem.gen_dcache.u_dcache.u_dcache_axi.writeback_state_d$4540
     9/19: $u_core.u_data_mem.gen_dcache.u_dcache.u_dcache_axi.write_data_pending_d$4516
    10/19: $u_core.u_data_mem.gen_dcache.u_dcache.u_dcache_axi.writeback_word_index_d$4515
    11/19: $u_core.u_data_mem.gen_dcache.u_dcache.u_dcache_axi.write_data_pending_d$4525
    12/19: $u_core.u_data_mem.gen_dcache.u_dcache.u_dcache_axi.write_address_pending_d$4524
    13/19: $u_core.u_data_mem.gen_dcache.u_dcache.u_dcache_axi.writeback_word_index_d$4523
    14/19: $u_core.u_data_mem.gen_dcache.u_dcache.u_dcache_axi.writeback_context_d$4522
    15/19: $u_core.u_data_mem.gen_dcache.u_dcache.u_dcache_axi.writeback_state_d$4521
    16/19: $u_core.u_data_mem.gen_dcache.u_dcache.u_dcache_axi.write_data_pending_d$4544
    17/19: $u_core.u_data_mem.gen_dcache.u_dcache.u_dcache_axi.write_address_pending_d$4543
    18/19: $u_core.u_data_mem.gen_dcache.u_dcache.u_dcache_axi.writeback_word_index_d$4542
    19/19: $u_core.u_data_mem.gen_dcache.u_dcache.u_dcache_axi.writeback_context_d$4541
Creating decoders for process `\riscv32_npc_system.$3112'.
     1/2: $u_core.u_csr_file.u_pmu.minstret_inhibit_d$3116
     2/2: $u_core.u_csr_file.u_pmu.mcycle_inhibit_d$3115
Creating decoders for process `\riscv32_npc_system.$4500'.
     1/10: $u_core.u_data_mem.gen_dcache.u_dcache.u_dcache_axi.refill_word_index_d$4507
     2/10: $u_core.u_data_mem.gen_dcache.u_dcache.u_dcache_axi.refill_state_d$4506
     3/10: $u_core.u_data_mem.gen_dcache.u_dcache.u_dcache_axi.refill_word_index_d$4509
     4/10: $u_core.u_data_mem.gen_dcache.u_dcache.u_dcache_axi.refill_state_d$4508
     5/10: $u_core.u_data_mem.gen_dcache.u_dcache.u_dcache_axi.refill_state_d$4504
     6/10: $u_core.u_data_mem.gen_dcache.u_dcache.u_dcache_axi.refill_state_d$4510
     7/10: $u_core.u_data_mem.gen_dcache.u_dcache.u_dcache_axi.refill_context_d$4503
     8/10: $u_core.u_data_mem.gen_dcache.u_dcache.u_dcache_axi.refill_state_d$4502
     9/10: $u_core.u_data_mem.gen_dcache.u_dcache.u_dcache_axi.refill_word_index_d$4512
    10/10: $u_core.u_data_mem.gen_dcache.u_dcache.u_dcache_axi.refill_context_d$4511
Creating decoders for process `\riscv32_npc_system.$3090'.
     1/9: $u_core.u_csr_file.u_pmu.minstret_high_d$3102
     2/9: $u_core.u_csr_file.u_pmu.minstret_high_d$3104
     3/9: $u_core.u_csr_file.u_pmu.minstret_low_d$3103
     4/9: $u_core.u_csr_file.u_pmu.minstret_high_d$3106
     5/9: $u_core.u_csr_file.u_pmu.minstret_low_d$3105
     6/9: $u_core.u_csr_file.u_pmu.minstret_high_d$3108
     7/9: $u_core.u_csr_file.u_pmu.minstret_low_d$3107
     8/9: $u_core.u_csr_file.u_pmu.minstret_low_d$3093
     9/9: $u_core.u_csr_file.u_pmu.minstret_high_d$3094
Creating decoders for process `\riscv32_npc_system.$4470'.
     1/8: $u_core.u_data_mem.gen_dcache.u_dcache.u_dcache_axi.axi_manager_o[51]$4499
     2/8: $u_core.u_data_mem.gen_dcache.u_dcache.u_dcache_axi.writeback_resp_valid_o$4498
     3/8: $u_core.u_data_mem.gen_dcache.u_dcache.u_dcache_axi.writeback_resp_o$4497
     4/8: $u_core.u_data_mem.gen_dcache.u_dcache.u_dcache_axi.axi_manager_o[139:52]$4495
     5/8: $u_core.u_data_mem.gen_dcache.u_dcache.u_dcache_axi.axi_manager_o[0]$4481
     6/8: $u_core.u_data_mem.gen_dcache.u_dcache.u_dcache_axi.refill_resp_valid_o$4480
     7/8: $u_core.u_data_mem.gen_dcache.u_dcache.u_dcache_axi.refill_resp_o$4479
     8/8: $u_core.u_data_mem.gen_dcache.u_dcache.u_dcache_axi.axi_manager_o[50:1]$4477
Creating decoders for process `\riscv32_npc_system.$3068'.
     1/9: $u_core.u_csr_file.u_pmu.mcycle_high_d$3080
     2/9: $u_core.u_csr_file.u_pmu.mcycle_high_d$3082
     3/9: $u_core.u_csr_file.u_pmu.mcycle_low_d$3081
     4/9: $u_core.u_csr_file.u_pmu.mcycle_high_d$3084
     5/9: $u_core.u_csr_file.u_pmu.mcycle_low_d$3083
     6/9: $u_core.u_csr_file.u_pmu.mcycle_high_d$3086
     7/9: $u_core.u_csr_file.u_pmu.mcycle_low_d$3085
     8/9: $u_core.u_csr_file.u_pmu.mcycle_low_d$3071
     9/9: $u_core.u_csr_file.u_pmu.mcycle_high_d$3072
Creating decoders for process `\riscv32_npc_system.$3059'.
     1/8: $u_core.u_csr_file.u_pmu.csr_read_data_o$3065
     2/8: $u_core.u_csr_file.u_pmu.csr_read_select_o$3064
     3/8: $u_core.u_csr_file.u_pmu.csr_read_data_o$3063
     4/8: $u_core.u_csr_file.u_pmu.csr_read_data_o$3062
     5/8: $u_core.u_csr_file.u_pmu.csr_read_select_o$3061
     6/8: $u_core.u_csr_file.u_pmu.csr_read_data_o$3060
     7/8: $u_core.u_csr_file.u_pmu.csr_read_data_o$3067
     8/8: $u_core.u_csr_file.u_pmu.csr_read_select_o$3066
Creating decoders for process `\riscv32_npc_system.$3056'.
Creating decoders for process `\riscv32_npc_system.$3050'.
     1/1: $3054
Creating decoders for process `\riscv32_npc_system.$2919'.
     1/80: $u_core.u_idu.decoded_uop_o[112:109]$3041
     2/80: $u_core.u_idu.decoded_uop_o[68:62]$3040
     3/80: $u_core.u_idu.decoded_uop_o[43]$3039
     4/80: $u_core.u_idu.decoded_uop_o[36:0]$3037
     5/80: $u_core.u_idu.decoded_uop_o[37:0]$3038 [37]
     6/80: $u_core.u_idu.decoded_uop_o[37:0]$3038 [36:0]
     7/80: $u_core.u_idu.decoded_uop_o[114:0]$3032 [58:42]
     8/80: $u_core.u_idu.decoded_uop_o[114:0]$3032 [41:38]
     9/80: $u_core.u_idu.decoded_uop_o[41:37]$3031 [1]
    10/80: $u_core.u_idu.decoded_uop_o[41:37]$3031 [0]
    11/80: $u_core.u_idu.decoded_uop_o[114:0]$3032 [112]
    12/80: $u_core.u_idu.decoded_uop_o[44:43]$3022
    13/80: $u_core.u_idu.decoded_uop_o[37]$3021
    14/80: $u_core.u_idu.decoded_uop_o[58:57]$3023
    15/80: $u_core.u_idu.decoded_uop_o[58:39]$3028 [19:3]
    16/80: $u_core.u_idu.decoded_uop_o[58:39]$3028 [2:0]
    17/80: $u_core.u_idu.decoded_uop_o[37:0]$3027 [36:0]
    18/80: $u_core.u_idu.decoded_uop_o[37:0]$3013 [36:0]
    19/80: $u_core.u_idu.decoded_uop_o[41:39]$3014
    20/80: $u_core.u_idu.decoded_uop_o[37:0]$3015 [36:0]
    21/80: $u_core.u_idu.decoded_uop_o[41:39]$3016
    22/80: $u_core.u_idu.decoded_uop_o[37:0]$3013 [37]
    23/80: $u_core.u_idu.decoded_uop_o[114]$3030
    24/80: $u_core.u_idu.decoded_uop_o[112:109]$3029 [2:0]
    25/80: $u_core.u_idu.decoded_uop_o[37:0]$3027 [37]
    26/80: $u_core.u_idu.decoded_uop_o[37:0]$3015 [37]
    27/80: $u_core.u_idu.decoded_uop_o[114:0]$3032 [114]
    28/80: $u_core.u_idu.decoded_uop_o[114:0]$3032 [59]
    29/80: $u_core.u_idu.decoded_uop_o[61:60]$3008
    30/80: $u_core.u_idu.decoded_uop_o[37]$3007
    31/80: $u_core.u_idu.decoded_uop_o[114:0]$3032 [111:109]
    32/80: $u_core.u_idu.decoded_uop_o[41:37]$3031 [4:2]
    33/80: $u_core.u_idu.decoded_uop_o[37]$3002
    34/80: $u_core.u_idu.decoded_uop_o[61:59]$3005
    35/80: $u_core.u_idu.decoded_uop_o[37]$3004
    36/80: $u_core.u_idu.decoded_uop_o[114:0]$3032 [113]
    37/80: $u_core.u_idu.decoded_uop_o[114:0]$3032 [63:60]
    38/80: $u_core.u_idu.decoded_uop_o[37]$3003
    39/80: $u_core.u_idu.decoded_uop_o[37]$2999
    40/80: $u_core.u_idu.decoded_uop_o[37]$3006
    41/80: $u_core.u_idu.decoded_uop_o[114:0]$3032 [68:67]
    42/80: $u_core.u_idu.decoded_uop_o[66:64]$3000
    43/80: $u_core.u_idu.decoded_uop_o[114:0]$3032 [72:69]
    44/80: $u_core.u_idu.decoded_uop_o[76:73]$2992
    45/80: $u_core.u_idu.decoded_uop_o[37]$2991
    46/80: $u_core.u_idu.decoded_uop_o[76:73]$2973
    47/80: $u_core.u_idu.decoded_uop_o[114:0]$3032 [108:77]
    48/80: $u_core.u_idu.decoded_uop_o[114:0]$3032 [66:64]
    49/80: $u_core.u_idu.decoded_uop_o[114:0]$3032 [76:73]
    50/80: $u_core.u_idu.decoded_uop_o[37]$2957
    51/80: $u_core.u_idu.decoded_uop_o[76:73]$2954
    52/80: $u_core.u_idu.decoded_uop_o[37]$2953
    53/80: $u_core.u_idu.decoded_uop_o[76:73]$2956
    54/80: $u_core.u_idu.decoded_uop_o[37]$2955
    55/80: $u_core.u_idu.decoded_uop_o[37]$2950
    56/80: $u_core.u_idu.decoded_uop_o[37]$2949
    57/80: $u_core.u_idu.decoded_uop_o[76:73]$2960
    58/80: $u_core.u_idu.decoded_uop_o[37]$2959
    59/80: $u_core.u_idu.decoded_uop_o[114:0]$3032 [37]
    60/80: $u_core.u_idu.decoded_uop_o[37]$2972
    61/80: $u_core.u_idu.decoded_uop_o[76:73]$2958
    62/80: $u_core.u_idu.decoded_uop_o[37]$2998
    63/80: $u_core.u_idu.decoded_uop_o[114:0]$3032 [36:0]
    64/80: $u_core.u_idu.decoded_uop_o[112:109]$3029 [3]
    65/80: $u_core.u_idu.decoded_uop_o[37]$2942
    66/80: $u_core.u_idu.decoded_uop_o[76:73]$2938
    67/80: $u_core.u_idu.decoded_uop_o[37]$2937
    68/80: $u_core.u_idu.decoded_uop_o[76:73]$2940
    69/80: $u_core.u_idu.decoded_uop_o[37]$2939
    70/80: $u_core.u_idu.decoded_uop_o[37]$2934
    71/80: $u_core.u_idu.decoded_uop_o[37]$2932
    72/80: $u_core.u_idu.decoded_uop_o[37]$2930
    73/80: $u_core.u_idu.decoded_uop_o[37]$2928
    74/80: $u_core.u_idu.decoded_uop_o[76:73]$2946
    75/80: $u_core.u_idu.decoded_uop_o[37]$2945
    76/80: $u_core.u_idu.decoded_uop_o[76:73]$2924
    77/80: $u_core.u_idu.decoded_uop_o[37]$2923
    78/80: $u_core.u_idu.decoded_uop_o[76:73]$2926
    79/80: $u_core.u_idu.decoded_uop_o[37]$2925
    80/80: $u_core.u_idu.decoded_uop_o[37]$2944
Creating decoders for process `\riscv32_npc_system.$5089'.
     1/23: $u_clint.write_response_d[1:0]$5106
     2/23: $u_clint.write_beats_remaining_d$5110
     3/23: $u_clint.write_response_d[1:0]$5109
     4/23: $u_clint.write_state_d$5108
     5/23: $u_clint.write_beats_remaining_d$5113
     6/23: $u_clint.write_response_d[1:0]$5112
     7/23: $u_clint.write_state_d$5111
     8/23: $u_clint.write_beats_remaining_d$5118
     9/23: $u_clint.write_request_supported_d$5117
    10/23: $u_clint.write_response_d$5116
    11/23: $u_clint.write_state_d$5115
    12/23: $u_clint.write_register_index_d$5114
    13/23: $u_clint.write_state_d$5100
    14/23: $u_clint.write_response_d[1:0]$5092
    15/23: $u_clint.write_beats_remaining_d$5096
    16/23: $u_clint.write_response_d[1:0]$5095
    17/23: $u_clint.write_state_d$5094
    18/23: $u_clint.write_beats_remaining_d$5099
    19/23: $u_clint.write_response_d[1:0]$5098
    20/23: $u_clint.write_state_d$5097
    21/23: $u_clint.write_beats_remaining_d$5103
    22/23: $u_clint.write_response_d[1:0]$5102
    23/23: $u_clint.write_state_d$5101
Creating decoders for process `\riscv32_npc_system.$5077'.
     1/2: $u_clint.request_write_supported$5086
     2/2: $u_clint.request_write_register$5085
Creating decoders for process `\riscv32_npc_system.$4697'.
     1/5: $u_core.u_fence_i_ctrl.fence_i_maintenance_state_d$4705
     2/5: $u_core.u_fence_i_ctrl.fence_i_maintenance_state_d$4704
     3/5: $u_core.u_fence_i_ctrl.fence_i_maintenance_state_d$4702
     4/5: $u_core.u_fence_i_ctrl.fence_i_maintenance_state_d$4698
     5/5: $u_core.u_fence_i_ctrl.fence_i_maintenance_state_d$4706
Creating decoders for process `\riscv32_npc_system.$2890'.
     1/18: $u_core.u_icache_axi.current_word_addr_d$2913 [31:2]
     2/18: $u_core.u_icache_axi.current_word_addr_d$2913 [1:0]
     3/18: $u_core.u_icache_axi.received_word_index_d$2905
     4/18: $u_core.u_icache_axi.state_d$2904
     5/18: $u_core.u_icache_axi.current_word_addr_d[1:0]$2909
     6/18: $u_core.u_icache_axi.received_word_index_d$2908
     7/18: $u_core.u_icache_axi.state_d$2907
     8/18: $u_core.u_icache_axi.state_d$2901
     9/18: $u_core.u_icache_axi.state_d$2910
    10/18: $u_core.u_icache_axi.current_word_addr_d$2895
    11/18: $u_core.u_icache_axi.received_word_index_d$2894
    12/18: $u_core.u_icache_axi.current_word_addr_d$2900
    13/18: $u_core.u_icache_axi.received_word_index_d$2899
    14/18: $u_core.u_icache_axi.refill_transaction_context_d$2898
    15/18: $u_core.u_icache_axi.state_d$2897
    16/18: $u_core.u_icache_axi.current_word_addr_d[1:0]$2906
    17/18: $u_core.u_icache_axi.received_word_index_d$2912
    18/18: $u_core.u_icache_axi.refill_transaction_context_d$2911
Creating decoders for process `\riscv32_npc_system.$2877'.
     1/4: $u_core.u_icache_axi.axi_manager_o[50:0]$2889 [50:1]
     2/4: $u_core.u_icache_axi.axi_manager_o[50:0]$2889 [0]
     3/4: $u_core.u_icache_axi.refill_resp_valid_o$2888
     4/4: $u_core.u_icache_axi.refill_resp_o$2887
Creating decoders for process `\riscv32_npc_system.$4368'.
     1/48: $u_core.u_data_mem.gen_dcache.u_dcache.u_miss_unit.writeback_response_pending_d$4440
     2/48: $u_core.u_data_mem.gen_dcache.u_dcache.u_miss_unit.state_d$4439
     3/48: $u_core.u_data_mem.gen_dcache.u_dcache.u_miss_unit.victim_word_index_d$4437
     4/48: $u_core.u_data_mem.gen_dcache.u_dcache.u_miss_unit.state_d$4436
     5/48: $u_core.u_data_mem.gen_dcache.u_dcache.u_miss_unit.state_d$4422
     6/48: $u_core.u_data_mem.gen_dcache.u_dcache.u_miss_unit.victim_word_index_d$4420
     7/48: $u_core.u_data_mem.gen_dcache.u_dcache.u_miss_unit.state_d$4419
     8/48: $u_core.u_data_mem.gen_dcache.u_dcache.u_miss_unit.state_d$4412
     9/48: $u_core.u_data_mem.gen_dcache.u_dcache.u_miss_unit.state_d$4413
    10/48: $u_core.u_data_mem.gen_dcache.u_dcache.u_miss_unit.requested_word_data_d$4409
    11/48: $u_core.u_data_mem.gen_dcache.u_dcache.u_miss_unit.transaction_access_fault_d$4416
    12/48: $u_core.u_data_mem.gen_dcache.u_dcache.u_miss_unit.requested_word_data_d$4415
    13/48: $u_core.u_data_mem.gen_dcache.u_dcache.u_miss_unit.state_d$4414
    14/48: $u_core.u_data_mem.gen_dcache.u_dcache.u_miss_unit.state_d$4407
    15/48: $u_core.u_data_mem.gen_dcache.u_dcache.u_miss_unit.state_d$4406
    16/48: $u_core.u_data_mem.gen_dcache.u_dcache.u_miss_unit.state_d$4402
    17/48: $u_core.u_data_mem.gen_dcache.u_dcache.u_miss_unit.victim_word_index_d$4403
    18/48: $u_core.u_data_mem.gen_dcache.u_dcache.u_miss_unit.victim_tag_d$4383
    19/48: $u_core.u_data_mem.gen_dcache.u_dcache.u_miss_unit.active_way_index_d$4382
    20/48: $u_core.u_data_mem.gen_dcache.u_dcache.u_miss_unit.active_set_index_d$4381
    21/48: $u_core.u_data_mem.gen_dcache.u_dcache.u_miss_unit.clean_operation_d$4380
    22/48: $u_core.u_data_mem.gen_dcache.u_dcache.u_miss_unit.miss_context_d$4379
    23/48: $u_core.u_data_mem.gen_dcache.u_dcache.u_miss_unit.state_d$4378
    24/48: $u_core.u_data_mem.gen_dcache.u_dcache.u_miss_unit.victim_tag_d$4389
    25/48: $u_core.u_data_mem.gen_dcache.u_dcache.u_miss_unit.active_way_index_d$4388
    26/48: $u_core.u_data_mem.gen_dcache.u_dcache.u_miss_unit.active_set_index_d$4387
    27/48: $u_core.u_data_mem.gen_dcache.u_dcache.u_miss_unit.clean_operation_d$4386
    28/48: $u_core.u_data_mem.gen_dcache.u_dcache.u_miss_unit.state_d$4384
    29/48: $u_core.u_data_mem.gen_dcache.u_dcache.u_miss_unit.miss_context_d$4385
    30/48: $u_core.u_data_mem.gen_dcache.u_dcache.u_miss_unit.writeback_response_pending_d$4434
    31/48: $u_core.u_data_mem.gen_dcache.u_dcache.u_miss_unit.clean_access_fault_d$4433
    32/48: $u_core.u_data_mem.gen_dcache.u_dcache.u_miss_unit.transaction_access_fault_d$4432
    33/48: $u_core.u_data_mem.gen_dcache.u_dcache.u_miss_unit.requested_word_data_d$4431
    34/48: $u_core.u_data_mem.gen_dcache.u_dcache.u_miss_unit.victim_line_data_d$4430
    35/48: $u_core.u_data_mem.gen_dcache.u_dcache.u_miss_unit.victim_word_index_d$4429
    36/48: $u_core.u_data_mem.gen_dcache.u_dcache.u_miss_unit.victim_tag_d$4428
    37/48: $u_core.u_data_mem.gen_dcache.u_dcache.u_miss_unit.active_way_index_d$4427
    38/48: $u_core.u_data_mem.gen_dcache.u_dcache.u_miss_unit.active_set_index_d$4426
    39/48: $u_core.u_data_mem.gen_dcache.u_dcache.u_miss_unit.clean_operation_d$4425
    40/48: $u_core.u_data_mem.gen_dcache.u_dcache.u_miss_unit.miss_context_d$4424
    41/48: $u_core.u_data_mem.gen_dcache.u_dcache.u_miss_unit.state_d$4423
    42/48: $u_core.u_data_mem.gen_dcache.u_dcache.u_miss_unit.clean_access_fault_d$4370
    43/48: $u_core.u_data_mem.gen_dcache.u_dcache.u_miss_unit.transaction_access_fault_d$4369
    44/48: $u_core.u_data_mem.gen_dcache.u_dcache.u_miss_unit.clean_access_fault_d$4372
    45/48: $u_core.u_data_mem.gen_dcache.u_dcache.u_miss_unit.transaction_access_fault_d$4371
    46/48: $u_core.u_data_mem.gen_dcache.u_dcache.u_miss_unit.writeback_response_pending_d$4375
    47/48: $u_core.u_data_mem.gen_dcache.u_dcache.u_miss_unit.clean_access_fault_d$4374
    48/48: $u_core.u_data_mem.gen_dcache.u_dcache.u_miss_unit.transaction_access_fault_d$4373
Creating decoders for process `\riscv32_npc_system.$4303'.
     1/34: $u_core.u_data_mem.gen_dcache.u_dcache.u_miss_unit.metadata_write_line_dirty_o$4367
     2/34: $u_core.u_data_mem.gen_dcache.u_dcache.u_miss_unit.metadata_write_line_present_o$4366
     3/34: $u_core.u_data_mem.gen_dcache.u_dcache.u_miss_unit.metadata_write_valid_o$4365
     4/34: $u_core.u_data_mem.gen_dcache.u_dcache.u_miss_unit.clean_access_fault_o$4364
     5/34: $u_core.u_data_mem.gen_dcache.u_dcache.u_miss_unit.clean_done_o$4363
     6/34: $u_core.u_data_mem.gen_dcache.u_dcache.u_miss_unit.line_install_event_o$4360
     7/34: $u_core.u_data_mem.gen_dcache.u_dcache.u_miss_unit.metadata_write_line_dirty_o$4359
     8/34: $u_core.u_data_mem.gen_dcache.u_dcache.u_miss_unit.metadata_write_line_present_o$4358
     9/34: $u_core.u_data_mem.gen_dcache.u_dcache.u_miss_unit.metadata_write_tag_o$4357
    10/34: $u_core.u_data_mem.gen_dcache.u_dcache.u_miss_unit.metadata_write_valid_o$4356
    11/34: $u_core.u_data_mem.gen_dcache.u_dcache.u_miss_unit.miss_resp_valid_o$4355
    12/34: $u_core.u_data_mem.gen_dcache.u_dcache.u_miss_unit.miss_resp_o$4354
    13/34: $u_core.u_data_mem.gen_dcache.u_dcache.u_miss_unit.writeback_line_data_o[127:96]$4348
    14/34: $u_core.u_data_mem.gen_dcache.u_dcache.u_miss_unit.writeback_req_valid_o$4350
    15/34: $u_core.u_data_mem.gen_dcache.u_dcache.u_miss_unit.writeback_line_data_o[127:96]$4349
    16/34: $u_core.u_data_mem.gen_dcache.u_dcache.u_miss_unit.data_write_valid_o$4323
    17/34: $u_core.u_data_mem.gen_dcache.u_dcache.u_miss_unit.victim_read_word_index_o$4320
    18/34: $u_core.u_data_mem.gen_dcache.u_dcache.u_miss_unit.victim_read_enable_o$4319
    19/34: $u_core.u_data_mem.gen_dcache.u_dcache.u_miss_unit.refill_resp_ready_o$4341
    20/34: $u_core.u_data_mem.gen_dcache.u_dcache.u_miss_unit.refill_req_valid_o$4340
    21/34: $u_core.u_data_mem.gen_dcache.u_dcache.u_miss_unit.refill_req_o$4339
    22/34: $u_core.u_data_mem.gen_dcache.u_dcache.u_miss_unit.metadata_write_line_dirty_o$4338
    23/34: $u_core.u_data_mem.gen_dcache.u_dcache.u_miss_unit.metadata_write_line_present_o$4337
    24/34: $u_core.u_data_mem.gen_dcache.u_dcache.u_miss_unit.metadata_write_way_index_o$4336
    25/34: $u_core.u_data_mem.gen_dcache.u_dcache.u_miss_unit.metadata_write_set_index_o$4335
    26/34: $u_core.u_data_mem.gen_dcache.u_dcache.u_miss_unit.metadata_write_valid_o$4334
    27/34: $u_core.u_data_mem.gen_dcache.u_dcache.u_miss_unit.data_write_word_data_o$4333
    28/34: $u_core.u_data_mem.gen_dcache.u_dcache.u_miss_unit.data_write_word_index_o$4332
    29/34: $u_core.u_data_mem.gen_dcache.u_dcache.u_miss_unit.data_write_valid_o$4331
    30/34: $u_core.u_data_mem.gen_dcache.u_dcache.u_miss_unit.victim_read_word_index_o$4330
    31/34: $u_core.u_data_mem.gen_dcache.u_dcache.u_miss_unit.victim_read_set_index_o$4329
    32/34: $u_core.u_data_mem.gen_dcache.u_dcache.u_miss_unit.victim_read_enable_o$4328
    33/34: $u_core.u_data_mem.gen_dcache.u_dcache.u_miss_unit.miss_resp_valid_o$4327
    34/34: $u_core.u_data_mem.gen_dcache.u_dcache.u_miss_unit.miss_resp_o$4326
Creating decoders for process `\riscv32_npc_system.$4281'.
     1/4: $$root.riscv32_pkg.merge_store_bytes.merged_word[31:24]$4280
     2/4: $$root.riscv32_pkg.merge_store_bytes.merged_word[23:16]$4279
     3/4: $$root.riscv32_pkg.merge_store_bytes.merged_word[15:8]$4278
     4/4: $$root.riscv32_pkg.merge_store_bytes.merged_word[7:0]$4277
Creating decoders for process `\riscv32_npc_system.$2845'.
     1/4: $u_core.u_branch_predictor.response_present_d$2849
     2/4: $u_core.u_branch_predictor.response_present_d$2848
     3/4: $u_core.u_branch_predictor.response_d$2847
     4/4: $u_core.u_branch_predictor.response_present_d$2846
Creating decoders for process `\riscv32_npc_system.$2829'.
     1/6: $u_core.u_branch_predictor.selected_taken$2836
     2/6: $u_core.u_branch_predictor.selected_target_pc$2830
     3/6: $u_core.u_branch_predictor.selected_taken$2832
     4/6: $u_core.u_branch_predictor.selected_target_pc$2831
     5/6: $u_core.u_branch_predictor.selected_taken$2834
     6/6: $u_core.u_branch_predictor.selected_target_pc$2833
Creating decoders for process `\riscv32_npc_system.$2825'.
     1/1: $2827
Creating decoders for process `\riscv32_npc_system.$4242'.
     1/6: $u_core.u_data_mem.gen_dcache.u_dcache.metadata_write_line_dirty$4252
     2/6: $u_core.u_data_mem.gen_dcache.u_dcache.metadata_write_line_present$4251
     3/6: $u_core.u_data_mem.gen_dcache.u_dcache.metadata_write_tag$4250
     4/6: $u_core.u_data_mem.gen_dcache.u_dcache.metadata_write_way_index$4249
     5/6: $u_core.u_data_mem.gen_dcache.u_dcache.metadata_write_set_index$4248
     6/6: $u_core.u_data_mem.gen_dcache.u_dcache.metadata_write_valid$4247
Creating decoders for process `\riscv32_npc_system.$2805'.
     1/9: $u_core.u_branch_predictor.u_ras.entry_count_d$2821
     2/9: $u_core.u_branch_predictor.u_ras.write_index_d$2820
     3/9: $u_core.u_branch_predictor.u_ras.entry_count_d$2817
     4/9: $u_core.u_branch_predictor.u_ras.write_index_d$2816
     5/9: $u_core.u_branch_predictor.u_ras.entry_count_d$2813
     6/9: $u_core.u_branch_predictor.u_ras.write_index_d$2812
     7/9: $u_core.u_branch_predictor.u_ras.entry_count_d$2809
     8/9: $u_core.u_branch_predictor.u_ras.entry_count_d$2819
     9/9: $u_core.u_branch_predictor.u_ras.write_index_d$2818
Creating decoders for process `\riscv32_npc_system.$2799'.
     1/4: $u_core.u_branch_predictor.u_ras.array_write_enable$2804
     2/4: $u_core.u_branch_predictor.u_ras.array_write_index$2801
     3/4: $u_core.u_branch_predictor.u_ras.array_write_index$2803
     4/4: $u_core.u_branch_predictor.u_ras.array_write_enable$2802
Creating decoders for process `\riscv32_npc_system.$2790'.
     1/2: $u_core.u_branch_predictor.u_ras.operation$2792
     2/2: $u_core.u_branch_predictor.u_ras.operation$2793
Creating decoders for process `\riscv32_npc_system.$2737'.
     1/5: $u_core.u_branch_predictor.u_btb.replacement_way_array_q$2763
     2/5: $u_core.u_branch_predictor.u_btb.replacement_way_array_q$2765
     3/5: $u_core.u_branch_predictor.u_btb.entry_present_array_q$2764
     4/5: $u_core.u_branch_predictor.u_btb.replacement_way_array_q$2767
     5/5: $u_core.u_branch_predictor.u_btb.entry_present_array_q$2766
Creating decoders for process `\riscv32_npc_system.$2709'.
     1/3: $2735
     2/3: $2726
     3/3: $2717
Creating decoders for process `\riscv32_npc_system.$2654'.
     1/11: $u_core.u_branch_predictor.u_btb.replacement_next_way$2708
     2/11: $u_core.u_branch_predictor.u_btb.empty_way_present$2702
     3/11: $u_core.u_branch_predictor.u_btb.training_way_index$2701
     4/11: $u_core.u_branch_predictor.u_btb.training_way_index$2703
     5/11: $u_core.u_branch_predictor.u_btb.empty_way_present$2705
     6/11: $u_core.u_branch_predictor.u_btb.training_hit_present$2704
     7/11: $u_core.u_branch_predictor.u_btb.empty_way_present$2678
     8/11: $u_core.u_branch_predictor.u_btb.training_way_index$2677
     9/11: $u_core.u_branch_predictor.u_btb.training_way_index$2679
    10/11: $u_core.u_branch_predictor.u_btb.empty_way_present$2681
    11/11: $u_core.u_branch_predictor.u_btb.training_hit_present$2680
Creating decoders for process `\riscv32_npc_system.$2616'.
     1/4: $u_core.u_branch_predictor.u_btb.lookup_target_kind_o$2650
     2/4: $u_core.u_branch_predictor.u_btb.lookup_target_pc_o$2649
     3/4: $u_core.u_branch_predictor.u_btb.lookup_target_kind_o$2633
     4/4: $u_core.u_branch_predictor.u_btb.lookup_target_pc_o$2632
Creating decoders for process `\riscv32_npc_system.$2603'.
     1/1: $u_core.u_branch_predictor.u_bht.counter_array_q$2613
Creating decoders for process `\riscv32_npc_system.$2602'.
     1/4: $2601
     2/4: $u_core.u_branch_predictor.u_bht.update_counter.update_counter$2600
     3/4: $2596
     4/4: $u_core.u_branch_predictor.u_bht.update_counter.update_counter$2595
Creating decoders for process `\riscv32_npc_system.$2577'.
     1/1: $u_core.u_branch_predictor.training[2:1]$2579
Creating decoders for process `\riscv32_npc_system.$4231'.
     1/5: $u_core.u_data_mem.gen_dcache.u_dcache.data_write_byte_strobe$4241
     2/5: $u_core.u_data_mem.gen_dcache.u_dcache.data_write_word_index$4240
     3/5: $u_core.u_data_mem.gen_dcache.u_dcache.data_write_way_index$4239
     4/5: $u_core.u_data_mem.gen_dcache.u_dcache.data_write_set_index$4238
     5/5: $u_core.u_data_mem.gen_dcache.u_dcache.data_write_valid$4237
Creating decoders for process `\riscv32_npc_system.$2553'.
     1/1: $2555
Creating decoders for process `\riscv32_npc_system.$2542'.
     1/6: $u_core.u_fetch_buffer.entry_count_d$2552
     2/6: $u_core.u_fetch_buffer.write_index_d$2551
     3/6: $u_core.u_fetch_buffer.read_index_d$2550
     4/6: $u_core.u_fetch_buffer.entry_count_d$2549
     5/6: $u_core.u_fetch_buffer.read_index_d$2546
     6/6: $u_core.u_fetch_buffer.write_index_d$2544
Creating decoders for process `\riscv32_npc_system.$5126'.
     1/14: $u_clint.merge_write_bytes.merged_data[31:24]$5143
     2/14: $u_clint.merge_write_bytes.merged_data[23:16]$5142
     3/14: $u_clint.merge_write_bytes.merged_data[15:8]$5141
     4/14: $u_clint.merge_write_bytes.merged_data[7:0]$5140
     5/14: $u_clint.merge_write_bytes.merged_data[31:24]$5139
     6/14: $u_clint.merge_write_bytes.merged_data[23:16]$5138
     7/14: $u_clint.merge_write_bytes.merged_data[15:8]$5137
     8/14: $u_clint.merge_write_bytes.merged_data[7:0]$5136
     9/14: $u_clint.mtime_d$5144
    10/14: $u_clint.mtime_d$5145
    11/14: $u_clint.clint_clock_cycle_count_d$5133
    12/14: $u_clint.mtime_d$5132
    13/14: $u_clint.clint_clock_cycle_count_d$5131
    14/14: $u_clint.mtime_d$5130
Creating decoders for process `\riscv32_npc_system.$4982'.
     1/10: $u_local_address_router.write_last_data_occurred_d$4996
     2/10: $u_local_address_router.write_state_d$4995
     3/10: $u_local_address_router.write_last_data_occurred_d$4999
     4/10: $u_local_address_router.write_state_d$4997
     5/10: $u_local_address_router.selected_write_target_index_d$4991
     6/10: $u_local_address_router.write_state_d$4990
     7/10: $u_local_address_router.write_last_data_occurred_d$4986
     8/10: $u_local_address_router.selected_write_target_index_d$4998
     9/10: $u_local_address_router.write_last_data_occurred_d$4984
    10/10: $u_local_address_router.write_state_d$4983
Creating decoders for process `\riscv32_npc_system.$4977'.
     1/3: $u_local_address_router.selected_read_target_index_d$4981
     2/3: $u_local_address_router.read_state_d$4980
     3/3: $u_local_address_router.read_state_d$4979
Creating decoders for process `\riscv32_npc_system.$4201'.
     1/18: $u_core.u_data_mem.gen_dcache.u_dcache.clean_way_index_d$4220
     2/18: $u_core.u_data_mem.gen_dcache.u_dcache.clean_set_index_d$4219
     3/18: $u_core.u_data_mem.gen_dcache.u_dcache.clean_state_d$4218
     4/18: $u_core.u_data_mem.gen_dcache.u_dcache.clean_state_d$4221
     5/18: $u_core.u_data_mem.gen_dcache.u_dcache.clean_way_index_d$4223
     6/18: $u_core.u_data_mem.gen_dcache.u_dcache.clean_set_index_d$4222
     7/18: $u_core.u_data_mem.gen_dcache.u_dcache.clean_access_fault_d$4212
     8/18: $u_core.u_data_mem.gen_dcache.u_dcache.clean_way_index_d$4211
     9/18: $u_core.u_data_mem.gen_dcache.u_dcache.clean_state_d$4210
    10/18: $u_core.u_data_mem.gen_dcache.u_dcache.clean_way_index_d$4207
    11/18: $u_core.u_data_mem.gen_dcache.u_dcache.clean_state_d$4206
    12/18: $u_core.u_data_mem.gen_dcache.u_dcache.clean_state_d$4213
    13/18: $u_core.u_data_mem.gen_dcache.u_dcache.clean_way_index_d$4204
    14/18: $u_core.u_data_mem.gen_dcache.u_dcache.clean_set_index_d$4203
    15/18: $u_core.u_data_mem.gen_dcache.u_dcache.clean_state_d$4202
    16/18: $u_core.u_data_mem.gen_dcache.u_dcache.clean_access_fault_d$4216
    17/18: $u_core.u_data_mem.gen_dcache.u_dcache.clean_way_index_d$4215
    18/18: $u_core.u_data_mem.gen_dcache.u_dcache.clean_set_index_d$4214
Creating decoders for process `\riscv32_npc_system.$4168'.
     1/4: $u_core.u_data_mem.gen_dcache.u_dcache.clean_selected_way_index$4180
     2/4: $u_core.u_data_mem.gen_dcache.u_dcache.clean_dirty_way_present$4179
     3/4: $u_core.u_data_mem.gen_dcache.u_dcache.clean_selected_way_index$4174
     4/4: $u_core.u_data_mem.gen_dcache.u_dcache.clean_dirty_way_present$4173
Creating decoders for process `\riscv32_npc_system.$2466'.
     1/32: $u_core.u_icache.u_riscv32_icache_miss_unit.lookup_response_generated_d$2497
     2/32: $u_core.u_icache.u_riscv32_icache_miss_unit.lookup_resp_access_fault_d$2496
     3/32: $u_core.u_icache.u_riscv32_icache_miss_unit.lookup_resp_data_d$2495
     4/32: $u_core.u_icache.u_riscv32_icache_miss_unit.refill_access_fault_seen_d$2494
     5/32: $u_core.u_icache.u_riscv32_icache_miss_unit.state_d$2493
     6/32: $u_core.u_icache.u_riscv32_icache_miss_unit.state_d$2485
     7/32: $u_core.u_icache.u_riscv32_icache_miss_unit.lookup_response_generated_d$2483
     8/32: $u_core.u_icache.u_riscv32_icache_miss_unit.lookup_resp_present_d$2482
     9/32: $u_core.u_icache.u_riscv32_icache_miss_unit.lookup_resp_access_fault_d$2481
    10/32: $u_core.u_icache.u_riscv32_icache_miss_unit.lookup_resp_data_d$2480
    11/32: $u_core.u_icache.u_riscv32_icache_miss_unit.lookup_response_generated_d$2491
    12/32: $u_core.u_icache.u_riscv32_icache_miss_unit.lookup_resp_present_d$2490
    13/32: $u_core.u_icache.u_riscv32_icache_miss_unit.lookup_resp_access_fault_d$2489
    14/32: $u_core.u_icache.u_riscv32_icache_miss_unit.lookup_resp_data_d$2488
    15/32: $u_core.u_icache.u_riscv32_icache_miss_unit.refill_access_fault_seen_d$2487
    16/32: $u_core.u_icache.u_riscv32_icache_miss_unit.state_d$2486
    17/32: $u_core.u_icache.u_riscv32_icache_miss_unit.state_d$2476
    18/32: $u_core.u_icache.u_riscv32_icache_miss_unit.state_d$2498
    19/32: $u_core.u_icache.u_riscv32_icache_miss_unit.lookup_response_generated_d$2475
    20/32: $u_core.u_icache.u_riscv32_icache_miss_unit.lookup_resp_present_d$2474
    21/32: $u_core.u_icache.u_riscv32_icache_miss_unit.lookup_resp_access_fault_d$2473
    22/32: $u_core.u_icache.u_riscv32_icache_miss_unit.lookup_resp_data_d$2472
    23/32: $u_core.u_icache.u_riscv32_icache_miss_unit.refill_access_fault_seen_d$2471
    24/32: $u_core.u_icache.u_riscv32_icache_miss_unit.miss_context_d$2470
    25/32: $u_core.u_icache.u_riscv32_icache_miss_unit.state_d$2469
    26/32: $u_core.u_icache.u_riscv32_icache_miss_unit.lookup_response_generated_d$2504
    27/32: $u_core.u_icache.u_riscv32_icache_miss_unit.lookup_resp_present_d$2503
    28/32: $u_core.u_icache.u_riscv32_icache_miss_unit.lookup_resp_access_fault_d$2502
    29/32: $u_core.u_icache.u_riscv32_icache_miss_unit.lookup_resp_data_d$2501
    30/32: $u_core.u_icache.u_riscv32_icache_miss_unit.refill_access_fault_seen_d$2500
    31/32: $u_core.u_icache.u_riscv32_icache_miss_unit.miss_context_d$2499
    32/32: $u_core.u_icache.u_riscv32_icache_miss_unit.lookup_resp_present_d$2467
Creating decoders for process `\riscv32_npc_system.$4148'.
     1/11: $u_core.u_data_mem.gen_dcache.u_dcache.store_write_bypass_byte_strobe_q$4161
     2/11: $u_core.u_data_mem.gen_dcache.u_dcache.store_write_bypass_data_q$4160
     3/11: $u_core.u_data_mem.gen_dcache.u_dcache.store_write_bypass_word_index_q$4159
     4/11: $u_core.u_data_mem.gen_dcache.u_dcache.store_write_bypass_way_index_q$4158
     5/11: $u_core.u_data_mem.gen_dcache.u_dcache.store_write_bypass_set_index_q$4157
     6/11: $u_core.u_data_mem.gen_dcache.u_dcache.store_write_bypass_byte_strobe_q$4167
     7/11: $u_core.u_data_mem.gen_dcache.u_dcache.store_write_bypass_data_q$4166
     8/11: $u_core.u_data_mem.gen_dcache.u_dcache.store_write_bypass_word_index_q$4165
     9/11: $u_core.u_data_mem.gen_dcache.u_dcache.store_write_bypass_way_index_q$4164
    10/11: $u_core.u_data_mem.gen_dcache.u_dcache.store_write_bypass_set_index_q$4163
    11/11: $u_core.u_data_mem.gen_dcache.u_dcache.store_write_bypass_present_q$4162
Creating decoders for process `\riscv32_npc_system.$2431'.
     1/7: $u_core.u_icache.u_riscv32_icache_miss_unit.metadata_write_line_present_o$2459
     2/7: $u_core.u_icache.u_riscv32_icache_miss_unit.metadata_write_valid_o$2458
     3/7: $u_core.u_icache.u_riscv32_icache_miss_unit.data_write_valid_o$2457
     4/7: $u_core.u_icache.u_riscv32_icache_miss_unit.refill_resp_ready_o$2456
     5/7: $u_core.u_icache.u_riscv32_icache_miss_unit.refill_req_valid_o$2455
     6/7: $u_core.u_icache.u_riscv32_icache_miss_unit.refill_req_o$2454
     7/7: $u_core.u_icache.u_riscv32_icache_miss_unit.miss_req_ready_o$2453
Creating decoders for process `\riscv32_npc_system.$2410'.
     1/1: $u_core.u_icache.u_riscv32_icache_miss_unit.refill_context$2412
Creating decoders for process `\riscv32_npc_system.$2400'.
     1/3: $u_core.u_icache.miss_lookup_resp_ready$2403
     2/3: $u_core.u_icache.lookup_resp_valid_o$2402
     3/3: $u_core.u_icache.lookup_resp_o$2401
Creating decoders for process `\riscv32_npc_system.$4663'.
     1/1: $u_core.u_wb_reg.writeback_result_q$4665
Creating decoders for process `\riscv32_npc_system.$2379'.
     1/2: $u_core.u_icache.lookup_hit_word_data$2387
     2/2: $u_core.u_icache.lookup_hit$2386
Creating decoders for process `\riscv32_npc_system.$308'.
     1/4097: $329 [2047]
     2/4097: $329 [2046]
     3/4097: $330 [2046]
     4/4097: $329 [2045]
     5/4097: $330 [2045]
     6/4097: $329 [2044]
     7/4097: $330 [2044]
     8/4097: $329 [2043]
     9/4097: $330 [2043]
    10/4097: $329 [2042]
    11/4097: $330 [2042]
    12/4097: $329 [2041]
    13/4097: $330 [2041]
    14/4097: $329 [2040]
    15/4097: $330 [2040]
    16/4097: $329 [2039]
    17/4097: $330 [2039]
    18/4097: $329 [2038]
    19/4097: $330 [2038]
    20/4097: $329 [2037]
    21/4097: $330 [2037]
    22/4097: $329 [2036]
    23/4097: $330 [2036]
    24/4097: $329 [2035]
    25/4097: $330 [2035]
    26/4097: $329 [2034]
    27/4097: $330 [2034]
    28/4097: $329 [2033]
    29/4097: $330 [2033]
    30/4097: $329 [2032]
    31/4097: $330 [2032]
    32/4097: $329 [2031]
    33/4097: $330 [2031]
    34/4097: $329 [2030]
    35/4097: $330 [2030]
    36/4097: $329 [2029]
    37/4097: $330 [2029]
    38/4097: $329 [2028]
    39/4097: $330 [2028]
    40/4097: $329 [2027]
    41/4097: $330 [2027]
    42/4097: $329 [2026]
    43/4097: $330 [2026]
    44/4097: $329 [2025]
    45/4097: $330 [2025]
    46/4097: $329 [2024]
    47/4097: $330 [2024]
    48/4097: $329 [2023]
    49/4097: $330 [2023]
    50/4097: $329 [2022]
    51/4097: $330 [2022]
    52/4097: $329 [2021]
    53/4097: $330 [2021]
    54/4097: $329 [2020]
    55/4097: $330 [2020]
    56/4097: $329 [2019]
    57/4097: $330 [2019]
    58/4097: $329 [2018]
    59/4097: $330 [2018]
    60/4097: $329 [2017]
    61/4097: $330 [2017]
    62/4097: $329 [2016]
    63/4097: $330 [2016]
    64/4097: $329 [2015]
    65/4097: $330 [2015]
    66/4097: $329 [2014]
    67/4097: $330 [2014]
    68/4097: $329 [2013]
    69/4097: $330 [2013]
    70/4097: $329 [2012]
    71/4097: $330 [2012]
    72/4097: $329 [2011]
    73/4097: $330 [2011]
    74/4097: $329 [2010]
    75/4097: $330 [2010]
    76/4097: $329 [2009]
    77/4097: $330 [2009]
    78/4097: $329 [2008]
    79/4097: $330 [2008]
    80/4097: $329 [2007]
    81/4097: $330 [2007]
    82/4097: $329 [2006]
    83/4097: $330 [2006]
    84/4097: $329 [2005]
    85/4097: $330 [2005]
    86/4097: $329 [2004]
    87/4097: $330 [2004]
    88/4097: $329 [2003]
    89/4097: $330 [2003]
    90/4097: $329 [2002]
    91/4097: $330 [2002]
    92/4097: $329 [2001]
    93/4097: $330 [2001]
    94/4097: $329 [2000]
    95/4097: $330 [2000]
    96/4097: $329 [1999]
    97/4097: $330 [1999]
    98/4097: $329 [1998]
    99/4097: $330 [1998]
   100/4097: $329 [1997]
   101/4097: $330 [1997]
   102/4097: $329 [1996]
   103/4097: $330 [1996]
   104/4097: $329 [1995]
   105/4097: $330 [1995]
   106/4097: $329 [1994]
   107/4097: $330 [1994]
   108/4097: $329 [1993]
   109/4097: $330 [1993]
   110/4097: $329 [1992]
   111/4097: $330 [1992]
   112/4097: $329 [1991]
   113/4097: $330 [1991]
   114/4097: $329 [1990]
   115/4097: $330 [1990]
   116/4097: $329 [1989]
   117/4097: $330 [1989]
   118/4097: $329 [1988]
   119/4097: $330 [1988]
   120/4097: $329 [1987]
   121/4097: $330 [1987]
   122/4097: $329 [1986]
   123/4097: $330 [1986]
   124/4097: $329 [1985]
   125/4097: $330 [1985]
   126/4097: $329 [1984]
   127/4097: $330 [1984]
   128/4097: $329 [1983]
   129/4097: $330 [1983]
   130/4097: $329 [1982]
   131/4097: $330 [1982]
   132/4097: $329 [1981]
   133/4097: $330 [1981]
   134/4097: $329 [1980]
   135/4097: $330 [1980]
   136/4097: $329 [1979]
   137/4097: $330 [1979]
   138/4097: $329 [1978]
   139/4097: $330 [1978]
   140/4097: $329 [1977]
   141/4097: $330 [1977]
   142/4097: $329 [1976]
   143/4097: $330 [1976]
   144/4097: $329 [1975]
   145/4097: $330 [1975]
   146/4097: $329 [1974]
   147/4097: $330 [1974]
   148/4097: $329 [1973]
   149/4097: $330 [1973]
   150/4097: $329 [1972]
   151/4097: $330 [1972]
   152/4097: $329 [1971]
   153/4097: $330 [1971]
   154/4097: $329 [1970]
   155/4097: $330 [1970]
   156/4097: $329 [1969]
   157/4097: $330 [1969]
   158/4097: $329 [1968]
   159/4097: $330 [1968]
   160/4097: $329 [1967]
   161/4097: $330 [1967]
   162/4097: $329 [1966]
   163/4097: $330 [1966]
   164/4097: $329 [1965]
   165/4097: $330 [1965]
   166/4097: $329 [1964]
   167/4097: $330 [1964]
   168/4097: $329 [1963]
   169/4097: $330 [1963]
   170/4097: $329 [1962]
   171/4097: $330 [1962]
   172/4097: $329 [1961]
   173/4097: $330 [1961]
   174/4097: $329 [1960]
   175/4097: $330 [1960]
   176/4097: $329 [1959]
   177/4097: $330 [1959]
   178/4097: $329 [1958]
   179/4097: $330 [1958]
   180/4097: $329 [1957]
   181/4097: $330 [1957]
   182/4097: $329 [1956]
   183/4097: $330 [1956]
   184/4097: $329 [1955]
   185/4097: $330 [1955]
   186/4097: $329 [1954]
   187/4097: $330 [1954]
   188/4097: $329 [1953]
   189/4097: $330 [1953]
   190/4097: $329 [1952]
   191/4097: $330 [1952]
   192/4097: $329 [1951]
   193/4097: $330 [1951]
   194/4097: $329 [1950]
   195/4097: $330 [1950]
   196/4097: $329 [1949]
   197/4097: $330 [1949]
   198/4097: $329 [1948]
   199/4097: $330 [1948]
   200/4097: $329 [1947]
   201/4097: $330 [1947]
   202/4097: $329 [1946]
   203/4097: $330 [1946]
   204/4097: $329 [1945]
   205/4097: $330 [1945]
   206/4097: $329 [1944]
   207/4097: $330 [1944]
   208/4097: $329 [1943]
   209/4097: $330 [1943]
   210/4097: $329 [1942]
   211/4097: $330 [1942]
   212/4097: $329 [1941]
   213/4097: $330 [1941]
   214/4097: $329 [1940]
   215/4097: $330 [1940]
   216/4097: $329 [1939]
   217/4097: $330 [1939]
   218/4097: $329 [1938]
   219/4097: $330 [1938]
   220/4097: $329 [1937]
   221/4097: $330 [1937]
   222/4097: $329 [1936]
   223/4097: $330 [1936]
   224/4097: $329 [1935]
   225/4097: $330 [1935]
   226/4097: $329 [1934]
   227/4097: $330 [1934]
   228/4097: $329 [1933]
   229/4097: $330 [1933]
   230/4097: $329 [1932]
   231/4097: $330 [1932]
   232/4097: $329 [1931]
   233/4097: $330 [1931]
   234/4097: $329 [1930]
   235/4097: $330 [1930]
   236/4097: $329 [1929]
   237/4097: $330 [1929]
   238/4097: $329 [1928]
   239/4097: $330 [1928]
   240/4097: $329 [1927]
   241/4097: $330 [1927]
   242/4097: $329 [1926]
   243/4097: $330 [1926]
   244/4097: $329 [1925]
   245/4097: $330 [1925]
   246/4097: $329 [1924]
   247/4097: $330 [1924]
   248/4097: $329 [1923]
   249/4097: $330 [1923]
   250/4097: $329 [1922]
   251/4097: $330 [1922]
   252/4097: $329 [1921]
   253/4097: $330 [1921]
   254/4097: $329 [1920]
   255/4097: $330 [1920]
   256/4097: $329 [1919]
   257/4097: $330 [1919]
   258/4097: $329 [1918]
   259/4097: $330 [1918]
   260/4097: $329 [1917]
   261/4097: $330 [1917]
   262/4097: $329 [1916]
   263/4097: $330 [1916]
   264/4097: $329 [1915]
   265/4097: $330 [1915]
   266/4097: $329 [1914]
   267/4097: $330 [1914]
   268/4097: $329 [1913]
   269/4097: $330 [1913]
   270/4097: $329 [1912]
   271/4097: $330 [1912]
   272/4097: $329 [1911]
   273/4097: $330 [1911]
   274/4097: $329 [1910]
   275/4097: $330 [1910]
   276/4097: $329 [1909]
   277/4097: $330 [1909]
   278/4097: $329 [1908]
   279/4097: $330 [1908]
   280/4097: $329 [1907]
   281/4097: $330 [1907]
   282/4097: $329 [1906]
   283/4097: $330 [1906]
   284/4097: $329 [1905]
   285/4097: $330 [1905]
   286/4097: $329 [1904]
   287/4097: $330 [1904]
   288/4097: $329 [1903]
   289/4097: $330 [1903]
   290/4097: $329 [1902]
   291/4097: $330 [1902]
   292/4097: $329 [1901]
   293/4097: $330 [1901]
   294/4097: $329 [1900]
   295/4097: $330 [1900]
   296/4097: $329 [1899]
   297/4097: $330 [1899]
   298/4097: $329 [1898]
   299/4097: $330 [1898]
   300/4097: $329 [1897]
   301/4097: $330 [1897]
   302/4097: $329 [1896]
   303/4097: $330 [1896]
   304/4097: $329 [1895]
   305/4097: $330 [1895]
   306/4097: $329 [1894]
   307/4097: $330 [1894]
   308/4097: $329 [1893]
   309/4097: $330 [1893]
   310/4097: $329 [1892]
   311/4097: $330 [1892]
   312/4097: $329 [1891]
   313/4097: $330 [1891]
   314/4097: $329 [1890]
   315/4097: $330 [1890]
   316/4097: $329 [1889]
   317/4097: $330 [1889]
   318/4097: $329 [1888]
   319/4097: $330 [1888]
   320/4097: $329 [1887]
   321/4097: $330 [1887]
   322/4097: $329 [1886]
   323/4097: $330 [1886]
   324/4097: $329 [1885]
   325/4097: $330 [1885]
   326/4097: $329 [1884]
   327/4097: $330 [1884]
   328/4097: $329 [1883]
   329/4097: $330 [1883]
   330/4097: $329 [1882]
   331/4097: $330 [1882]
   332/4097: $329 [1881]
   333/4097: $330 [1881]
   334/4097: $329 [1880]
   335/4097: $330 [1880]
   336/4097: $329 [1879]
   337/4097: $330 [1879]
   338/4097: $329 [1878]
   339/4097: $330 [1878]
   340/4097: $329 [1877]
   341/4097: $330 [1877]
   342/4097: $329 [1876]
   343/4097: $330 [1876]
   344/4097: $329 [1875]
   345/4097: $330 [1875]
   346/4097: $329 [1874]
   347/4097: $330 [1874]
   348/4097: $329 [1873]
   349/4097: $330 [1873]
   350/4097: $329 [1872]
   351/4097: $330 [1872]
   352/4097: $329 [1871]
   353/4097: $330 [1871]
   354/4097: $329 [1870]
   355/4097: $330 [1870]
   356/4097: $329 [1869]
   357/4097: $330 [1869]
   358/4097: $329 [1868]
   359/4097: $330 [1868]
   360/4097: $329 [1867]
   361/4097: $330 [1867]
   362/4097: $329 [1866]
   363/4097: $330 [1866]
   364/4097: $329 [1865]
   365/4097: $330 [1865]
   366/4097: $329 [1864]
   367/4097: $330 [1864]
   368/4097: $329 [1863]
   369/4097: $330 [1863]
   370/4097: $329 [1862]
   371/4097: $330 [1862]
   372/4097: $329 [1861]
   373/4097: $330 [1861]
   374/4097: $329 [1860]
   375/4097: $330 [1860]
   376/4097: $329 [1859]
   377/4097: $330 [1859]
   378/4097: $329 [1858]
   379/4097: $330 [1858]
   380/4097: $329 [1857]
   381/4097: $330 [1857]
   382/4097: $329 [1856]
   383/4097: $330 [1856]
   384/4097: $329 [1855]
   385/4097: $330 [1855]
   386/4097: $329 [1854]
   387/4097: $330 [1854]
   388/4097: $329 [1853]
   389/4097: $330 [1853]
   390/4097: $329 [1852]
   391/4097: $330 [1852]
   392/4097: $329 [1851]
   393/4097: $330 [1851]
   394/4097: $329 [1850]
   395/4097: $330 [1850]
   396/4097: $329 [1849]
   397/4097: $330 [1849]
   398/4097: $329 [1848]
   399/4097: $330 [1848]
   400/4097: $329 [1847]
   401/4097: $330 [1847]
   402/4097: $329 [1846]
   403/4097: $330 [1846]
   404/4097: $329 [1845]
   405/4097: $330 [1845]
   406/4097: $329 [1844]
   407/4097: $330 [1844]
   408/4097: $329 [1843]
   409/4097: $330 [1843]
   410/4097: $329 [1842]
   411/4097: $330 [1842]
   412/4097: $329 [1841]
   413/4097: $330 [1841]
   414/4097: $329 [1840]
   415/4097: $330 [1840]
   416/4097: $329 [1839]
   417/4097: $330 [1839]
   418/4097: $329 [1838]
   419/4097: $330 [1838]
   420/4097: $329 [1837]
   421/4097: $330 [1837]
   422/4097: $329 [1836]
   423/4097: $330 [1836]
   424/4097: $329 [1835]
   425/4097: $330 [1835]
   426/4097: $329 [1834]
   427/4097: $330 [1834]
   428/4097: $329 [1833]
   429/4097: $330 [1833]
   430/4097: $329 [1832]
   431/4097: $330 [1832]
   432/4097: $329 [1831]
   433/4097: $330 [1831]
   434/4097: $329 [1830]
   435/4097: $330 [1830]
   436/4097: $329 [1829]
   437/4097: $330 [1829]
   438/4097: $329 [1828]
   439/4097: $330 [1828]
   440/4097: $329 [1827]
   441/4097: $330 [1827]
   442/4097: $329 [1826]
   443/4097: $330 [1826]
   444/4097: $329 [1825]
   445/4097: $330 [1825]
   446/4097: $329 [1824]
   447/4097: $330 [1824]
   448/4097: $329 [1823]
   449/4097: $330 [1823]
   450/4097: $329 [1822]
   451/4097: $330 [1822]
   452/4097: $329 [1821]
   453/4097: $330 [1821]
   454/4097: $329 [1820]
   455/4097: $330 [1820]
   456/4097: $329 [1819]
   457/4097: $330 [1819]
   458/4097: $329 [1818]
   459/4097: $330 [1818]
   460/4097: $329 [1817]
   461/4097: $330 [1817]
   462/4097: $329 [1816]
   463/4097: $330 [1816]
   464/4097: $329 [1815]
   465/4097: $330 [1815]
   466/4097: $329 [1814]
   467/4097: $330 [1814]
   468/4097: $329 [1813]
   469/4097: $330 [1813]
   470/4097: $329 [1812]
   471/4097: $330 [1812]
   472/4097: $329 [1811]
   473/4097: $330 [1811]
   474/4097: $329 [1810]
   475/4097: $330 [1810]
   476/4097: $329 [1809]
   477/4097: $330 [1809]
   478/4097: $329 [1808]
   479/4097: $330 [1808]
   480/4097: $329 [1807]
   481/4097: $330 [1807]
   482/4097: $329 [1806]
   483/4097: $330 [1806]
   484/4097: $329 [1805]
   485/4097: $330 [1805]
   486/4097: $329 [1804]
   487/4097: $330 [1804]
   488/4097: $329 [1803]
   489/4097: $330 [1803]
   490/4097: $329 [1802]
   491/4097: $330 [1802]
   492/4097: $329 [1801]
   493/4097: $330 [1801]
   494/4097: $329 [1800]
   495/4097: $330 [1800]
   496/4097: $329 [1799]
   497/4097: $330 [1799]
   498/4097: $329 [1798]
   499/4097: $330 [1798]
   500/4097: $329 [1797]
   501/4097: $330 [1797]
   502/4097: $329 [1796]
   503/4097: $330 [1796]
   504/4097: $329 [1795]
   505/4097: $330 [1795]
   506/4097: $329 [1794]
   507/4097: $330 [1794]
   508/4097: $329 [1793]
   509/4097: $330 [1793]
   510/4097: $329 [1792]
   511/4097: $330 [1792]
   512/4097: $329 [1791]
   513/4097: $330 [1791]
   514/4097: $329 [1790]
   515/4097: $330 [1790]
   516/4097: $329 [1789]
   517/4097: $330 [1789]
   518/4097: $329 [1788]
   519/4097: $330 [1788]
   520/4097: $329 [1787]
   521/4097: $330 [1787]
   522/4097: $329 [1786]
   523/4097: $330 [1786]
   524/4097: $329 [1785]
   525/4097: $330 [1785]
   526/4097: $329 [1784]
   527/4097: $330 [1784]
   528/4097: $329 [1783]
   529/4097: $330 [1783]
   530/4097: $329 [1782]
   531/4097: $330 [1782]
   532/4097: $329 [1781]
   533/4097: $330 [1781]
   534/4097: $329 [1780]
   535/4097: $330 [1780]
   536/4097: $329 [1779]
   537/4097: $330 [1779]
   538/4097: $329 [1778]
   539/4097: $330 [1778]
   540/4097: $329 [1777]
   541/4097: $330 [1777]
   542/4097: $329 [1776]
   543/4097: $330 [1776]
   544/4097: $329 [1775]
   545/4097: $330 [1775]
   546/4097: $329 [1774]
   547/4097: $330 [1774]
   548/4097: $329 [1773]
   549/4097: $330 [1773]
   550/4097: $329 [1772]
   551/4097: $330 [1772]
   552/4097: $329 [1771]
   553/4097: $330 [1771]
   554/4097: $329 [1770]
   555/4097: $330 [1770]
   556/4097: $329 [1769]
   557/4097: $330 [1769]
   558/4097: $329 [1768]
   559/4097: $330 [1768]
   560/4097: $329 [1767]
   561/4097: $330 [1767]
   562/4097: $329 [1766]
   563/4097: $330 [1766]
   564/4097: $329 [1765]
   565/4097: $330 [1765]
   566/4097: $329 [1764]
   567/4097: $330 [1764]
   568/4097: $329 [1763]
   569/4097: $330 [1763]
   570/4097: $329 [1762]
   571/4097: $330 [1762]
   572/4097: $329 [1761]
   573/4097: $330 [1761]
   574/4097: $329 [1760]
   575/4097: $330 [1760]
   576/4097: $329 [1759]
   577/4097: $330 [1759]
   578/4097: $329 [1758]
   579/4097: $330 [1758]
   580/4097: $329 [1757]
   581/4097: $330 [1757]
   582/4097: $329 [1756]
   583/4097: $330 [1756]
   584/4097: $329 [1755]
   585/4097: $330 [1755]
   586/4097: $329 [1754]
   587/4097: $330 [1754]
   588/4097: $329 [1753]
   589/4097: $330 [1753]
   590/4097: $329 [1752]
   591/4097: $330 [1752]
   592/4097: $329 [1751]
   593/4097: $330 [1751]
   594/4097: $329 [1750]
   595/4097: $330 [1750]
   596/4097: $329 [1749]
   597/4097: $330 [1749]
   598/4097: $329 [1748]
   599/4097: $330 [1748]
   600/4097: $329 [1747]
   601/4097: $330 [1747]
   602/4097: $329 [1746]
   603/4097: $330 [1746]
   604/4097: $329 [1745]
   605/4097: $330 [1745]
   606/4097: $329 [1744]
   607/4097: $330 [1744]
   608/4097: $329 [1743]
   609/4097: $330 [1743]
   610/4097: $329 [1742]
   611/4097: $330 [1742]
   612/4097: $329 [1741]
   613/4097: $330 [1741]
   614/4097: $329 [1740]
   615/4097: $330 [1740]
   616/4097: $329 [1739]
   617/4097: $330 [1739]
   618/4097: $329 [1738]
   619/4097: $330 [1738]
   620/4097: $329 [1737]
   621/4097: $330 [1737]
   622/4097: $329 [1736]
   623/4097: $330 [1736]
   624/4097: $329 [1735]
   625/4097: $330 [1735]
   626/4097: $329 [1734]
   627/4097: $330 [1734]
   628/4097: $329 [1733]
   629/4097: $330 [1733]
   630/4097: $329 [1732]
   631/4097: $330 [1732]
   632/4097: $329 [1731]
   633/4097: $330 [1731]
   634/4097: $329 [1730]
   635/4097: $330 [1730]
   636/4097: $329 [1729]
   637/4097: $330 [1729]
   638/4097: $329 [1728]
   639/4097: $330 [1728]
   640/4097: $329 [1727]
   641/4097: $330 [1727]
   642/4097: $329 [1726]
   643/4097: $330 [1726]
   644/4097: $329 [1725]
   645/4097: $330 [1725]
   646/4097: $329 [1724]
   647/4097: $330 [1724]
   648/4097: $329 [1723]
   649/4097: $330 [1723]
   650/4097: $329 [1722]
   651/4097: $330 [1722]
   652/4097: $329 [1721]
   653/4097: $330 [1721]
   654/4097: $329 [1720]
   655/4097: $330 [1720]
   656/4097: $329 [1719]
   657/4097: $330 [1719]
   658/4097: $329 [1718]
   659/4097: $330 [1718]
   660/4097: $329 [1717]
   661/4097: $330 [1717]
   662/4097: $329 [1716]
   663/4097: $330 [1716]
   664/4097: $329 [1715]
   665/4097: $330 [1715]
   666/4097: $329 [1714]
   667/4097: $330 [1714]
   668/4097: $329 [1713]
   669/4097: $330 [1713]
   670/4097: $329 [1712]
   671/4097: $330 [1712]
   672/4097: $329 [1711]
   673/4097: $330 [1711]
   674/4097: $329 [1710]
   675/4097: $330 [1710]
   676/4097: $329 [1709]
   677/4097: $330 [1709]
   678/4097: $329 [1708]
   679/4097: $330 [1708]
   680/4097: $329 [1707]
   681/4097: $330 [1707]
   682/4097: $329 [1706]
   683/4097: $330 [1706]
   684/4097: $329 [1705]
   685/4097: $330 [1705]
   686/4097: $329 [1704]
   687/4097: $330 [1704]
   688/4097: $329 [1703]
   689/4097: $330 [1703]
   690/4097: $329 [1702]
   691/4097: $330 [1702]
   692/4097: $329 [1701]
   693/4097: $330 [1701]
   694/4097: $329 [1700]
   695/4097: $330 [1700]
   696/4097: $329 [1699]
   697/4097: $330 [1699]
   698/4097: $329 [1698]
   699/4097: $330 [1698]
   700/4097: $329 [1697]
   701/4097: $330 [1697]
   702/4097: $329 [1696]
   703/4097: $330 [1696]
   704/4097: $329 [1695]
   705/4097: $330 [1695]
   706/4097: $329 [1694]
   707/4097: $330 [1694]
   708/4097: $329 [1693]
   709/4097: $330 [1693]
   710/4097: $329 [1692]
   711/4097: $330 [1692]
   712/4097: $329 [1691]
   713/4097: $330 [1691]
   714/4097: $329 [1690]
   715/4097: $330 [1690]
   716/4097: $329 [1689]
   717/4097: $330 [1689]
   718/4097: $329 [1688]
   719/4097: $330 [1688]
   720/4097: $329 [1687]
   721/4097: $330 [1687]
   722/4097: $329 [1686]
   723/4097: $330 [1686]
   724/4097: $329 [1685]
   725/4097: $330 [1685]
   726/4097: $329 [1684]
   727/4097: $330 [1684]
   728/4097: $329 [1683]
   729/4097: $330 [1683]
   730/4097: $329 [1682]
   731/4097: $330 [1682]
   732/4097: $329 [1681]
   733/4097: $330 [1681]
   734/4097: $329 [1680]
   735/4097: $330 [1680]
   736/4097: $329 [1679]
   737/4097: $330 [1679]
   738/4097: $329 [1678]
   739/4097: $330 [1678]
   740/4097: $329 [1677]
   741/4097: $330 [1677]
   742/4097: $329 [1676]
   743/4097: $330 [1676]
   744/4097: $329 [1675]
   745/4097: $330 [1675]
   746/4097: $329 [1674]
   747/4097: $330 [1674]
   748/4097: $329 [1673]
   749/4097: $330 [1673]
   750/4097: $329 [1672]
   751/4097: $330 [1672]
   752/4097: $329 [1671]
   753/4097: $330 [1671]
   754/4097: $329 [1670]
   755/4097: $330 [1670]
   756/4097: $329 [1669]
   757/4097: $330 [1669]
   758/4097: $329 [1668]
   759/4097: $330 [1668]
   760/4097: $329 [1667]
   761/4097: $330 [1667]
   762/4097: $329 [1666]
   763/4097: $330 [1666]
   764/4097: $329 [1665]
   765/4097: $330 [1665]
   766/4097: $329 [1664]
   767/4097: $330 [1664]
   768/4097: $329 [1663]
   769/4097: $330 [1663]
   770/4097: $329 [1662]
   771/4097: $330 [1662]
   772/4097: $329 [1661]
   773/4097: $330 [1661]
   774/4097: $329 [1660]
   775/4097: $330 [1660]
   776/4097: $329 [1659]
   777/4097: $330 [1659]
   778/4097: $329 [1658]
   779/4097: $330 [1658]
   780/4097: $329 [1657]
   781/4097: $330 [1657]
   782/4097: $329 [1656]
   783/4097: $330 [1656]
   784/4097: $329 [1655]
   785/4097: $330 [1655]
   786/4097: $329 [1654]
   787/4097: $330 [1654]
   788/4097: $329 [1653]
   789/4097: $330 [1653]
   790/4097: $329 [1652]
   791/4097: $330 [1652]
   792/4097: $329 [1651]
   793/4097: $330 [1651]
   794/4097: $329 [1650]
   795/4097: $330 [1650]
   796/4097: $329 [1649]
   797/4097: $330 [1649]
   798/4097: $329 [1648]
   799/4097: $330 [1648]
   800/4097: $329 [1647]
   801/4097: $330 [1647]
   802/4097: $329 [1646]
   803/4097: $330 [1646]
   804/4097: $329 [1645]
   805/4097: $330 [1645]
   806/4097: $329 [1644]
   807/4097: $330 [1644]
   808/4097: $329 [1643]
   809/4097: $330 [1643]
   810/4097: $329 [1642]
   811/4097: $330 [1642]
   812/4097: $329 [1641]
   813/4097: $330 [1641]
   814/4097: $329 [1640]
   815/4097: $330 [1640]
   816/4097: $329 [1639]
   817/4097: $330 [1639]
   818/4097: $329 [1638]
   819/4097: $330 [1638]
   820/4097: $329 [1637]
   821/4097: $330 [1637]
   822/4097: $329 [1636]
   823/4097: $330 [1636]
   824/4097: $329 [1635]
   825/4097: $330 [1635]
   826/4097: $329 [1634]
   827/4097: $330 [1634]
   828/4097: $329 [1633]
   829/4097: $330 [1633]
   830/4097: $329 [1632]
   831/4097: $330 [1632]
   832/4097: $329 [1631]
   833/4097: $330 [1631]
   834/4097: $329 [1630]
   835/4097: $330 [1630]
   836/4097: $329 [1629]
   837/4097: $330 [1629]
   838/4097: $329 [1628]
   839/4097: $330 [1628]
   840/4097: $329 [1627]
   841/4097: $330 [1627]
   842/4097: $329 [1626]
   843/4097: $330 [1626]
   844/4097: $329 [1625]
   845/4097: $330 [1625]
   846/4097: $329 [1624]
   847/4097: $330 [1624]
   848/4097: $329 [1623]
   849/4097: $330 [1623]
   850/4097: $329 [1622]
   851/4097: $330 [1622]
   852/4097: $329 [1621]
   853/4097: $330 [1621]
   854/4097: $329 [1620]
   855/4097: $330 [1620]
   856/4097: $329 [1619]
   857/4097: $330 [1619]
   858/4097: $329 [1618]
   859/4097: $330 [1618]
   860/4097: $329 [1617]
   861/4097: $330 [1617]
   862/4097: $329 [1616]
   863/4097: $330 [1616]
   864/4097: $329 [1615]
   865/4097: $330 [1615]
   866/4097: $329 [1614]
   867/4097: $330 [1614]
   868/4097: $329 [1613]
   869/4097: $330 [1613]
   870/4097: $329 [1612]
   871/4097: $330 [1612]
   872/4097: $329 [1611]
   873/4097: $330 [1611]
   874/4097: $329 [1610]
   875/4097: $330 [1610]
   876/4097: $329 [1609]
   877/4097: $330 [1609]
   878/4097: $329 [1608]
   879/4097: $330 [1608]
   880/4097: $329 [1607]
   881/4097: $330 [1607]
   882/4097: $329 [1606]
   883/4097: $330 [1606]
   884/4097: $329 [1605]
   885/4097: $330 [1605]
   886/4097: $329 [1604]
   887/4097: $330 [1604]
   888/4097: $329 [1603]
   889/4097: $330 [1603]
   890/4097: $329 [1602]
   891/4097: $330 [1602]
   892/4097: $329 [1601]
   893/4097: $330 [1601]
   894/4097: $329 [1600]
   895/4097: $330 [1600]
   896/4097: $329 [1599]
   897/4097: $330 [1599]
   898/4097: $329 [1598]
   899/4097: $330 [1598]
   900/4097: $329 [1597]
   901/4097: $330 [1597]
   902/4097: $329 [1596]
   903/4097: $330 [1596]
   904/4097: $329 [1595]
   905/4097: $330 [1595]
   906/4097: $329 [1594]
   907/4097: $330 [1594]
   908/4097: $329 [1593]
   909/4097: $330 [1593]
   910/4097: $329 [1592]
   911/4097: $330 [1592]
   912/4097: $329 [1591]
   913/4097: $330 [1591]
   914/4097: $329 [1590]
   915/4097: $330 [1590]
   916/4097: $329 [1589]
   917/4097: $330 [1589]
   918/4097: $329 [1588]
   919/4097: $330 [1588]
   920/4097: $329 [1587]
   921/4097: $330 [1587]
   922/4097: $329 [1586]
   923/4097: $330 [1586]
   924/4097: $329 [1585]
   925/4097: $330 [1585]
   926/4097: $329 [1584]
   927/4097: $330 [1584]
   928/4097: $329 [1583]
   929/4097: $330 [1583]
   930/4097: $329 [1582]
   931/4097: $330 [1582]
   932/4097: $329 [1581]
   933/4097: $330 [1581]
   934/4097: $329 [1580]
   935/4097: $330 [1580]
   936/4097: $329 [1579]
   937/4097: $330 [1579]
   938/4097: $329 [1578]
   939/4097: $330 [1578]
   940/4097: $329 [1577]
   941/4097: $330 [1577]
   942/4097: $329 [1576]
   943/4097: $330 [1576]
   944/4097: $329 [1575]
   945/4097: $330 [1575]
   946/4097: $329 [1574]
   947/4097: $330 [1574]
   948/4097: $329 [1573]
   949/4097: $330 [1573]
   950/4097: $329 [1572]
   951/4097: $330 [1572]
   952/4097: $329 [1571]
   953/4097: $330 [1571]
   954/4097: $329 [1570]
   955/4097: $330 [1570]
   956/4097: $329 [1569]
   957/4097: $330 [1569]
   958/4097: $329 [1568]
   959/4097: $330 [1568]
   960/4097: $329 [1567]
   961/4097: $330 [1567]
   962/4097: $329 [1566]
   963/4097: $330 [1566]
   964/4097: $329 [1565]
   965/4097: $330 [1565]
   966/4097: $329 [1564]
   967/4097: $330 [1564]
   968/4097: $329 [1563]
   969/4097: $330 [1563]
   970/4097: $329 [1562]
   971/4097: $330 [1562]
   972/4097: $329 [1561]
   973/4097: $330 [1561]
   974/4097: $329 [1560]
   975/4097: $330 [1560]
   976/4097: $329 [1559]
   977/4097: $330 [1559]
   978/4097: $329 [1558]
   979/4097: $330 [1558]
   980/4097: $329 [1557]
   981/4097: $330 [1557]
   982/4097: $329 [1556]
   983/4097: $330 [1556]
   984/4097: $329 [1555]
   985/4097: $330 [1555]
   986/4097: $329 [1554]
   987/4097: $330 [1554]
   988/4097: $329 [1553]
   989/4097: $330 [1553]
   990/4097: $329 [1552]
   991/4097: $330 [1552]
   992/4097: $329 [1551]
   993/4097: $330 [1551]
   994/4097: $329 [1550]
   995/4097: $330 [1550]
   996/4097: $329 [1549]
   997/4097: $330 [1549]
   998/4097: $329 [1548]
   999/4097: $330 [1548]
  1000/4097: $329 [1547]
  1001/4097: $330 [1547]
  1002/4097: $329 [1546]
  1003/4097: $330 [1546]
  1004/4097: $329 [1545]
  1005/4097: $330 [1545]
  1006/4097: $329 [1544]
  1007/4097: $330 [1544]
  1008/4097: $329 [1543]
  1009/4097: $330 [1543]
  1010/4097: $329 [1542]
  1011/4097: $330 [1542]
  1012/4097: $329 [1541]
  1013/4097: $330 [1541]
  1014/4097: $329 [1540]
  1015/4097: $330 [1540]
  1016/4097: $329 [1539]
  1017/4097: $330 [1539]
  1018/4097: $329 [1538]
  1019/4097: $330 [1538]
  1020/4097: $329 [1537]
  1021/4097: $330 [1537]
  1022/4097: $329 [1536]
  1023/4097: $330 [1536]
  1024/4097: $329 [1535]
  1025/4097: $330 [1535]
  1026/4097: $329 [1534]
  1027/4097: $330 [1534]
  1028/4097: $329 [1533]
  1029/4097: $330 [1533]
  1030/4097: $329 [1532]
  1031/4097: $330 [1532]
  1032/4097: $329 [1531]
  1033/4097: $330 [1531]
  1034/4097: $329 [1530]
  1035/4097: $330 [1530]
  1036/4097: $329 [1529]
  1037/4097: $330 [1529]
  1038/4097: $329 [1528]
  1039/4097: $330 [1528]
  1040/4097: $329 [1527]
  1041/4097: $330 [1527]
  1042/4097: $329 [1526]
  1043/4097: $330 [1526]
  1044/4097: $329 [1525]
  1045/4097: $330 [1525]
  1046/4097: $329 [1524]
  1047/4097: $330 [1524]
  1048/4097: $329 [1523]
  1049/4097: $330 [1523]
  1050/4097: $329 [1522]
  1051/4097: $330 [1522]
  1052/4097: $329 [1521]
  1053/4097: $330 [1521]
  1054/4097: $329 [1520]
  1055/4097: $330 [1520]
  1056/4097: $329 [1519]
  1057/4097: $330 [1519]
  1058/4097: $329 [1518]
  1059/4097: $330 [1518]
  1060/4097: $329 [1517]
  1061/4097: $330 [1517]
  1062/4097: $329 [1516]
  1063/4097: $330 [1516]
  1064/4097: $329 [1515]
  1065/4097: $330 [1515]
  1066/4097: $329 [1514]
  1067/4097: $330 [1514]
  1068/4097: $329 [1513]
  1069/4097: $330 [1513]
  1070/4097: $329 [1512]
  1071/4097: $330 [1512]
  1072/4097: $329 [1511]
  1073/4097: $330 [1511]
  1074/4097: $329 [1510]
  1075/4097: $330 [1510]
  1076/4097: $329 [1509]
  1077/4097: $330 [1509]
  1078/4097: $329 [1508]
  1079/4097: $330 [1508]
  1080/4097: $329 [1507]
  1081/4097: $330 [1507]
  1082/4097: $329 [1506]
  1083/4097: $330 [1506]
  1084/4097: $329 [1505]
  1085/4097: $330 [1505]
  1086/4097: $329 [1504]
  1087/4097: $330 [1504]
  1088/4097: $329 [1503]
  1089/4097: $330 [1503]
  1090/4097: $329 [1502]
  1091/4097: $330 [1502]
  1092/4097: $329 [1501]
  1093/4097: $330 [1501]
  1094/4097: $329 [1500]
  1095/4097: $330 [1500]
  1096/4097: $329 [1499]
  1097/4097: $330 [1499]
  1098/4097: $329 [1498]
  1099/4097: $330 [1498]
  1100/4097: $329 [1497]
  1101/4097: $330 [1497]
  1102/4097: $329 [1496]
  1103/4097: $330 [1496]
  1104/4097: $329 [1495]
  1105/4097: $330 [1495]
  1106/4097: $329 [1494]
  1107/4097: $330 [1494]
  1108/4097: $329 [1493]
  1109/4097: $330 [1493]
  1110/4097: $329 [1492]
  1111/4097: $330 [1492]
  1112/4097: $329 [1491]
  1113/4097: $330 [1491]
  1114/4097: $329 [1490]
  1115/4097: $330 [1490]
  1116/4097: $329 [1489]
  1117/4097: $330 [1489]
  1118/4097: $329 [1488]
  1119/4097: $330 [1488]
  1120/4097: $329 [1487]
  1121/4097: $330 [1487]
  1122/4097: $329 [1486]
  1123/4097: $330 [1486]
  1124/4097: $329 [1485]
  1125/4097: $330 [1485]
  1126/4097: $329 [1484]
  1127/4097: $330 [1484]
  1128/4097: $329 [1483]
  1129/4097: $330 [1483]
  1130/4097: $329 [1482]
  1131/4097: $330 [1482]
  1132/4097: $329 [1481]
  1133/4097: $330 [1481]
  1134/4097: $329 [1480]
  1135/4097: $330 [1480]
  1136/4097: $329 [1479]
  1137/4097: $330 [1479]
  1138/4097: $329 [1478]
  1139/4097: $330 [1478]
  1140/4097: $329 [1477]
  1141/4097: $330 [1477]
  1142/4097: $329 [1476]
  1143/4097: $330 [1476]
  1144/4097: $329 [1475]
  1145/4097: $330 [1475]
  1146/4097: $329 [1474]
  1147/4097: $330 [1474]
  1148/4097: $329 [1473]
  1149/4097: $330 [1473]
  1150/4097: $329 [1472]
  1151/4097: $330 [1472]
  1152/4097: $329 [1471]
  1153/4097: $330 [1471]
  1154/4097: $329 [1470]
  1155/4097: $330 [1470]
  1156/4097: $329 [1469]
  1157/4097: $330 [1469]
  1158/4097: $329 [1468]
  1159/4097: $330 [1468]
  1160/4097: $329 [1467]
  1161/4097: $330 [1467]
  1162/4097: $329 [1466]
  1163/4097: $330 [1466]
  1164/4097: $329 [1465]
  1165/4097: $330 [1465]
  1166/4097: $329 [1464]
  1167/4097: $330 [1464]
  1168/4097: $329 [1463]
  1169/4097: $330 [1463]
  1170/4097: $329 [1462]
  1171/4097: $330 [1462]
  1172/4097: $329 [1461]
  1173/4097: $330 [1461]
  1174/4097: $329 [1460]
  1175/4097: $330 [1460]
  1176/4097: $329 [1459]
  1177/4097: $330 [1459]
  1178/4097: $329 [1458]
  1179/4097: $330 [1458]
  1180/4097: $329 [1457]
  1181/4097: $330 [1457]
  1182/4097: $329 [1456]
  1183/4097: $330 [1456]
  1184/4097: $329 [1455]
  1185/4097: $330 [1455]
  1186/4097: $329 [1454]
  1187/4097: $330 [1454]
  1188/4097: $329 [1453]
  1189/4097: $330 [1453]
  1190/4097: $329 [1452]
  1191/4097: $330 [1452]
  1192/4097: $329 [1451]
  1193/4097: $330 [1451]
  1194/4097: $329 [1450]
  1195/4097: $330 [1450]
  1196/4097: $329 [1449]
  1197/4097: $330 [1449]
  1198/4097: $329 [1448]
  1199/4097: $330 [1448]
  1200/4097: $329 [1447]
  1201/4097: $330 [1447]
  1202/4097: $329 [1446]
  1203/4097: $330 [1446]
  1204/4097: $329 [1445]
  1205/4097: $330 [1445]
  1206/4097: $329 [1444]
  1207/4097: $330 [1444]
  1208/4097: $329 [1443]
  1209/4097: $330 [1443]
  1210/4097: $329 [1442]
  1211/4097: $330 [1442]
  1212/4097: $329 [1441]
  1213/4097: $330 [1441]
  1214/4097: $329 [1440]
  1215/4097: $330 [1440]
  1216/4097: $329 [1439]
  1217/4097: $330 [1439]
  1218/4097: $329 [1438]
  1219/4097: $330 [1438]
  1220/4097: $329 [1437]
  1221/4097: $330 [1437]
  1222/4097: $329 [1436]
  1223/4097: $330 [1436]
  1224/4097: $329 [1435]
  1225/4097: $330 [1435]
  1226/4097: $329 [1434]
  1227/4097: $330 [1434]
  1228/4097: $329 [1433]
  1229/4097: $330 [1433]
  1230/4097: $329 [1432]
  1231/4097: $330 [1432]
  1232/4097: $329 [1431]
  1233/4097: $330 [1431]
  1234/4097: $329 [1430]
  1235/4097: $330 [1430]
  1236/4097: $329 [1429]
  1237/4097: $330 [1429]
  1238/4097: $329 [1428]
  1239/4097: $330 [1428]
  1240/4097: $329 [1427]
  1241/4097: $330 [1427]
  1242/4097: $329 [1426]
  1243/4097: $330 [1426]
  1244/4097: $329 [1425]
  1245/4097: $330 [1425]
  1246/4097: $329 [1424]
  1247/4097: $330 [1424]
  1248/4097: $329 [1423]
  1249/4097: $330 [1423]
  1250/4097: $329 [1422]
  1251/4097: $330 [1422]
  1252/4097: $329 [1421]
  1253/4097: $330 [1421]
  1254/4097: $329 [1420]
  1255/4097: $330 [1420]
  1256/4097: $329 [1419]
  1257/4097: $330 [1419]
  1258/4097: $329 [1418]
  1259/4097: $330 [1418]
  1260/4097: $329 [1417]
  1261/4097: $330 [1417]
  1262/4097: $329 [1416]
  1263/4097: $330 [1416]
  1264/4097: $329 [1415]
  1265/4097: $330 [1415]
  1266/4097: $329 [1414]
  1267/4097: $330 [1414]
  1268/4097: $329 [1413]
  1269/4097: $330 [1413]
  1270/4097: $329 [1412]
  1271/4097: $330 [1412]
  1272/4097: $329 [1411]
  1273/4097: $330 [1411]
  1274/4097: $329 [1410]
  1275/4097: $330 [1410]
  1276/4097: $329 [1409]
  1277/4097: $330 [1409]
  1278/4097: $329 [1408]
  1279/4097: $330 [1408]
  1280/4097: $329 [1407]
  1281/4097: $330 [1407]
  1282/4097: $329 [1406]
  1283/4097: $330 [1406]
  1284/4097: $329 [1405]
  1285/4097: $330 [1405]
  1286/4097: $329 [1404]
  1287/4097: $330 [1404]
  1288/4097: $329 [1403]
  1289/4097: $330 [1403]
  1290/4097: $329 [1402]
  1291/4097: $330 [1402]
  1292/4097: $329 [1401]
  1293/4097: $330 [1401]
  1294/4097: $329 [1400]
  1295/4097: $330 [1400]
  1296/4097: $329 [1399]
  1297/4097: $330 [1399]
  1298/4097: $329 [1398]
  1299/4097: $330 [1398]
  1300/4097: $329 [1397]
  1301/4097: $330 [1397]
  1302/4097: $329 [1396]
  1303/4097: $330 [1396]
  1304/4097: $329 [1395]
  1305/4097: $330 [1395]
  1306/4097: $329 [1394]
  1307/4097: $330 [1394]
  1308/4097: $329 [1393]
  1309/4097: $330 [1393]
  1310/4097: $329 [1392]
  1311/4097: $330 [1392]
  1312/4097: $329 [1391]
  1313/4097: $330 [1391]
  1314/4097: $329 [1390]
  1315/4097: $330 [1390]
  1316/4097: $329 [1389]
  1317/4097: $330 [1389]
  1318/4097: $329 [1388]
  1319/4097: $330 [1388]
  1320/4097: $329 [1387]
  1321/4097: $330 [1387]
  1322/4097: $329 [1386]
  1323/4097: $330 [1386]
  1324/4097: $329 [1385]
  1325/4097: $330 [1385]
  1326/4097: $329 [1384]
  1327/4097: $330 [1384]
  1328/4097: $329 [1383]
  1329/4097: $330 [1383]
  1330/4097: $329 [1382]
  1331/4097: $330 [1382]
  1332/4097: $329 [1381]
  1333/4097: $330 [1381]
  1334/4097: $329 [1380]
  1335/4097: $330 [1380]
  1336/4097: $329 [1379]
  1337/4097: $330 [1379]
  1338/4097: $329 [1378]
  1339/4097: $330 [1378]
  1340/4097: $329 [1377]
  1341/4097: $330 [1377]
  1342/4097: $329 [1376]
  1343/4097: $330 [1376]
  1344/4097: $329 [1375]
  1345/4097: $330 [1375]
  1346/4097: $329 [1374]
  1347/4097: $330 [1374]
  1348/4097: $329 [1373]
  1349/4097: $330 [1373]
  1350/4097: $329 [1372]
  1351/4097: $330 [1372]
  1352/4097: $329 [1371]
  1353/4097: $330 [1371]
  1354/4097: $329 [1370]
  1355/4097: $330 [1370]
  1356/4097: $329 [1369]
  1357/4097: $330 [1369]
  1358/4097: $329 [1368]
  1359/4097: $330 [1368]
  1360/4097: $329 [1367]
  1361/4097: $330 [1367]
  1362/4097: $329 [1366]
  1363/4097: $330 [1366]
  1364/4097: $329 [1365]
  1365/4097: $330 [1365]
  1366/4097: $329 [1364]
  1367/4097: $330 [1364]
  1368/4097: $329 [1363]
  1369/4097: $330 [1363]
  1370/4097: $329 [1362]
  1371/4097: $330 [1362]
  1372/4097: $329 [1361]
  1373/4097: $330 [1361]
  1374/4097: $329 [1360]
  1375/4097: $330 [1360]
  1376/4097: $329 [1359]
  1377/4097: $330 [1359]
  1378/4097: $329 [1358]
  1379/4097: $330 [1358]
  1380/4097: $329 [1357]
  1381/4097: $330 [1357]
  1382/4097: $329 [1356]
  1383/4097: $330 [1356]
  1384/4097: $329 [1355]
  1385/4097: $330 [1355]
  1386/4097: $329 [1354]
  1387/4097: $330 [1354]
  1388/4097: $329 [1353]
  1389/4097: $330 [1353]
  1390/4097: $329 [1352]
  1391/4097: $330 [1352]
  1392/4097: $329 [1351]
  1393/4097: $330 [1351]
  1394/4097: $329 [1350]
  1395/4097: $330 [1350]
  1396/4097: $329 [1349]
  1397/4097: $330 [1349]
  1398/4097: $329 [1348]
  1399/4097: $330 [1348]
  1400/4097: $329 [1347]
  1401/4097: $330 [1347]
  1402/4097: $329 [1346]
  1403/4097: $330 [1346]
  1404/4097: $329 [1345]
  1405/4097: $330 [1345]
  1406/4097: $329 [1344]
  1407/4097: $330 [1344]
  1408/4097: $329 [1343]
  1409/4097: $330 [1343]
  1410/4097: $329 [1342]
  1411/4097: $330 [1342]
  1412/4097: $329 [1341]
  1413/4097: $330 [1341]
  1414/4097: $329 [1340]
  1415/4097: $330 [1340]
  1416/4097: $329 [1339]
  1417/4097: $330 [1339]
  1418/4097: $329 [1338]
  1419/4097: $330 [1338]
  1420/4097: $329 [1337]
  1421/4097: $330 [1337]
  1422/4097: $329 [1336]
  1423/4097: $330 [1336]
  1424/4097: $329 [1335]
  1425/4097: $330 [1335]
  1426/4097: $329 [1334]
  1427/4097: $330 [1334]
  1428/4097: $329 [1333]
  1429/4097: $330 [1333]
  1430/4097: $329 [1332]
  1431/4097: $330 [1332]
  1432/4097: $329 [1331]
  1433/4097: $330 [1331]
  1434/4097: $329 [1330]
  1435/4097: $330 [1330]
  1436/4097: $329 [1329]
  1437/4097: $330 [1329]
  1438/4097: $329 [1328]
  1439/4097: $330 [1328]
  1440/4097: $329 [1327]
  1441/4097: $330 [1327]
  1442/4097: $329 [1326]
  1443/4097: $330 [1326]
  1444/4097: $329 [1325]
  1445/4097: $330 [1325]
  1446/4097: $329 [1324]
  1447/4097: $330 [1324]
  1448/4097: $329 [1323]
  1449/4097: $330 [1323]
  1450/4097: $329 [1322]
  1451/4097: $330 [1322]
  1452/4097: $329 [1321]
  1453/4097: $330 [1321]
  1454/4097: $329 [1320]
  1455/4097: $330 [1320]
  1456/4097: $329 [1319]
  1457/4097: $330 [1319]
  1458/4097: $329 [1318]
  1459/4097: $330 [1318]
  1460/4097: $329 [1317]
  1461/4097: $330 [1317]
  1462/4097: $329 [1316]
  1463/4097: $330 [1316]
  1464/4097: $329 [1315]
  1465/4097: $330 [1315]
  1466/4097: $329 [1314]
  1467/4097: $330 [1314]
  1468/4097: $329 [1313]
  1469/4097: $330 [1313]
  1470/4097: $329 [1312]
  1471/4097: $330 [1312]
  1472/4097: $329 [1311]
  1473/4097: $330 [1311]
  1474/4097: $329 [1310]
  1475/4097: $330 [1310]
  1476/4097: $329 [1309]
  1477/4097: $330 [1309]
  1478/4097: $329 [1308]
  1479/4097: $330 [1308]
  1480/4097: $329 [1307]
  1481/4097: $330 [1307]
  1482/4097: $329 [1306]
  1483/4097: $330 [1306]
  1484/4097: $329 [1305]
  1485/4097: $330 [1305]
  1486/4097: $329 [1304]
  1487/4097: $330 [1304]
  1488/4097: $329 [1303]
  1489/4097: $330 [1303]
  1490/4097: $329 [1302]
  1491/4097: $330 [1302]
  1492/4097: $329 [1301]
  1493/4097: $330 [1301]
  1494/4097: $329 [1300]
  1495/4097: $330 [1300]
  1496/4097: $329 [1299]
  1497/4097: $330 [1299]
  1498/4097: $329 [1298]
  1499/4097: $330 [1298]
  1500/4097: $329 [1297]
  1501/4097: $330 [1297]
  1502/4097: $329 [1296]
  1503/4097: $330 [1296]
  1504/4097: $329 [1295]
  1505/4097: $330 [1295]
  1506/4097: $329 [1294]
  1507/4097: $330 [1294]
  1508/4097: $329 [1293]
  1509/4097: $330 [1293]
  1510/4097: $329 [1292]
  1511/4097: $330 [1292]
  1512/4097: $329 [1291]
  1513/4097: $330 [1291]
  1514/4097: $329 [1290]
  1515/4097: $330 [1290]
  1516/4097: $329 [1289]
  1517/4097: $330 [1289]
  1518/4097: $329 [1288]
  1519/4097: $330 [1288]
  1520/4097: $329 [1287]
  1521/4097: $330 [1287]
  1522/4097: $329 [1286]
  1523/4097: $330 [1286]
  1524/4097: $329 [1285]
  1525/4097: $330 [1285]
  1526/4097: $329 [1284]
  1527/4097: $330 [1284]
  1528/4097: $329 [1283]
  1529/4097: $330 [1283]
  1530/4097: $329 [1282]
  1531/4097: $330 [1282]
  1532/4097: $329 [1281]
  1533/4097: $330 [1281]
  1534/4097: $329 [1280]
  1535/4097: $330 [1280]
  1536/4097: $329 [1279]
  1537/4097: $330 [1279]
  1538/4097: $329 [1278]
  1539/4097: $330 [1278]
  1540/4097: $329 [1277]
  1541/4097: $330 [1277]
  1542/4097: $329 [1276]
  1543/4097: $330 [1276]
  1544/4097: $329 [1275]
  1545/4097: $330 [1275]
  1546/4097: $329 [1274]
  1547/4097: $330 [1274]
  1548/4097: $329 [1273]
  1549/4097: $330 [1273]
  1550/4097: $329 [1272]
  1551/4097: $330 [1272]
  1552/4097: $329 [1271]
  1553/4097: $330 [1271]
  1554/4097: $329 [1270]
  1555/4097: $330 [1270]
  1556/4097: $329 [1269]
  1557/4097: $330 [1269]
  1558/4097: $329 [1268]
  1559/4097: $330 [1268]
  1560/4097: $329 [1267]
  1561/4097: $330 [1267]
  1562/4097: $329 [1266]
  1563/4097: $330 [1266]
  1564/4097: $329 [1265]
  1565/4097: $330 [1265]
  1566/4097: $329 [1264]
  1567/4097: $330 [1264]
  1568/4097: $329 [1263]
  1569/4097: $330 [1263]
  1570/4097: $329 [1262]
  1571/4097: $330 [1262]
  1572/4097: $329 [1261]
  1573/4097: $330 [1261]
  1574/4097: $329 [1260]
  1575/4097: $330 [1260]
  1576/4097: $329 [1259]
  1577/4097: $330 [1259]
  1578/4097: $329 [1258]
  1579/4097: $330 [1258]
  1580/4097: $329 [1257]
  1581/4097: $330 [1257]
  1582/4097: $329 [1256]
  1583/4097: $330 [1256]
  1584/4097: $329 [1255]
  1585/4097: $330 [1255]
  1586/4097: $329 [1254]
  1587/4097: $330 [1254]
  1588/4097: $329 [1253]
  1589/4097: $330 [1253]
  1590/4097: $329 [1252]
  1591/4097: $330 [1252]
  1592/4097: $329 [1251]
  1593/4097: $330 [1251]
  1594/4097: $329 [1250]
  1595/4097: $330 [1250]
  1596/4097: $329 [1249]
  1597/4097: $330 [1249]
  1598/4097: $329 [1248]
  1599/4097: $330 [1248]
  1600/4097: $329 [1247]
  1601/4097: $330 [1247]
  1602/4097: $329 [1246]
  1603/4097: $330 [1246]
  1604/4097: $329 [1245]
  1605/4097: $330 [1245]
  1606/4097: $329 [1244]
  1607/4097: $330 [1244]
  1608/4097: $329 [1243]
  1609/4097: $330 [1243]
  1610/4097: $329 [1242]
  1611/4097: $330 [1242]
  1612/4097: $329 [1241]
  1613/4097: $330 [1241]
  1614/4097: $329 [1240]
  1615/4097: $330 [1240]
  1616/4097: $329 [1239]
  1617/4097: $330 [1239]
  1618/4097: $329 [1238]
  1619/4097: $330 [1238]
  1620/4097: $329 [1237]
  1621/4097: $330 [1237]
  1622/4097: $329 [1236]
  1623/4097: $330 [1236]
  1624/4097: $329 [1235]
  1625/4097: $330 [1235]
  1626/4097: $329 [1234]
  1627/4097: $330 [1234]
  1628/4097: $329 [1233]
  1629/4097: $330 [1233]
  1630/4097: $329 [1232]
  1631/4097: $330 [1232]
  1632/4097: $329 [1231]
  1633/4097: $330 [1231]
  1634/4097: $329 [1230]
  1635/4097: $330 [1230]
  1636/4097: $329 [1229]
  1637/4097: $330 [1229]
  1638/4097: $329 [1228]
  1639/4097: $330 [1228]
  1640/4097: $329 [1227]
  1641/4097: $330 [1227]
  1642/4097: $329 [1226]
  1643/4097: $330 [1226]
  1644/4097: $329 [1225]
  1645/4097: $330 [1225]
  1646/4097: $329 [1224]
  1647/4097: $330 [1224]
  1648/4097: $329 [1223]
  1649/4097: $330 [1223]
  1650/4097: $329 [1222]
  1651/4097: $330 [1222]
  1652/4097: $329 [1221]
  1653/4097: $330 [1221]
  1654/4097: $329 [1220]
  1655/4097: $330 [1220]
  1656/4097: $329 [1219]
  1657/4097: $330 [1219]
  1658/4097: $329 [1218]
  1659/4097: $330 [1218]
  1660/4097: $329 [1217]
  1661/4097: $330 [1217]
  1662/4097: $329 [1216]
  1663/4097: $330 [1216]
  1664/4097: $329 [1215]
  1665/4097: $330 [1215]
  1666/4097: $329 [1214]
  1667/4097: $330 [1214]
  1668/4097: $329 [1213]
  1669/4097: $330 [1213]
  1670/4097: $329 [1212]
  1671/4097: $330 [1212]
  1672/4097: $329 [1211]
  1673/4097: $330 [1211]
  1674/4097: $329 [1210]
  1675/4097: $330 [1210]
  1676/4097: $329 [1209]
  1677/4097: $330 [1209]
  1678/4097: $329 [1208]
  1679/4097: $330 [1208]
  1680/4097: $329 [1207]
  1681/4097: $330 [1207]
  1682/4097: $329 [1206]
  1683/4097: $330 [1206]
  1684/4097: $329 [1205]
  1685/4097: $330 [1205]
  1686/4097: $329 [1204]
  1687/4097: $330 [1204]
  1688/4097: $329 [1203]
  1689/4097: $330 [1203]
  1690/4097: $329 [1202]
  1691/4097: $330 [1202]
  1692/4097: $329 [1201]
  1693/4097: $330 [1201]
  1694/4097: $329 [1200]
  1695/4097: $330 [1200]
  1696/4097: $329 [1199]
  1697/4097: $330 [1199]
  1698/4097: $329 [1198]
  1699/4097: $330 [1198]
  1700/4097: $329 [1197]
  1701/4097: $330 [1197]
  1702/4097: $329 [1196]
  1703/4097: $330 [1196]
  1704/4097: $329 [1195]
  1705/4097: $330 [1195]
  1706/4097: $329 [1194]
  1707/4097: $330 [1194]
  1708/4097: $329 [1193]
  1709/4097: $330 [1193]
  1710/4097: $329 [1192]
  1711/4097: $330 [1192]
  1712/4097: $329 [1191]
  1713/4097: $330 [1191]
  1714/4097: $329 [1190]
  1715/4097: $330 [1190]
  1716/4097: $329 [1189]
  1717/4097: $330 [1189]
  1718/4097: $329 [1188]
  1719/4097: $330 [1188]
  1720/4097: $329 [1187]
  1721/4097: $330 [1187]
  1722/4097: $329 [1186]
  1723/4097: $330 [1186]
  1724/4097: $329 [1185]
  1725/4097: $330 [1185]
  1726/4097: $329 [1184]
  1727/4097: $330 [1184]
  1728/4097: $329 [1183]
  1729/4097: $330 [1183]
  1730/4097: $329 [1182]
  1731/4097: $330 [1182]
  1732/4097: $329 [1181]
  1733/4097: $330 [1181]
  1734/4097: $329 [1180]
  1735/4097: $330 [1180]
  1736/4097: $329 [1179]
  1737/4097: $330 [1179]
  1738/4097: $329 [1178]
  1739/4097: $330 [1178]
  1740/4097: $329 [1177]
  1741/4097: $330 [1177]
  1742/4097: $329 [1176]
  1743/4097: $330 [1176]
  1744/4097: $329 [1175]
  1745/4097: $330 [1175]
  1746/4097: $329 [1174]
  1747/4097: $330 [1174]
  1748/4097: $329 [1173]
  1749/4097: $330 [1173]
  1750/4097: $329 [1172]
  1751/4097: $330 [1172]
  1752/4097: $329 [1171]
  1753/4097: $330 [1171]
  1754/4097: $329 [1170]
  1755/4097: $330 [1170]
  1756/4097: $329 [1169]
  1757/4097: $330 [1169]
  1758/4097: $329 [1168]
  1759/4097: $330 [1168]
  1760/4097: $329 [1167]
  1761/4097: $330 [1167]
  1762/4097: $329 [1166]
  1763/4097: $330 [1166]
  1764/4097: $329 [1165]
  1765/4097: $330 [1165]
  1766/4097: $329 [1164]
  1767/4097: $330 [1164]
  1768/4097: $329 [1163]
  1769/4097: $330 [1163]
  1770/4097: $329 [1162]
  1771/4097: $330 [1162]
  1772/4097: $329 [1161]
  1773/4097: $330 [1161]
  1774/4097: $329 [1160]
  1775/4097: $330 [1160]
  1776/4097: $329 [1159]
  1777/4097: $330 [1159]
  1778/4097: $329 [1158]
  1779/4097: $330 [1158]
  1780/4097: $329 [1157]
  1781/4097: $330 [1157]
  1782/4097: $329 [1156]
  1783/4097: $330 [1156]
  1784/4097: $329 [1155]
  1785/4097: $330 [1155]
  1786/4097: $329 [1154]
  1787/4097: $330 [1154]
  1788/4097: $329 [1153]
  1789/4097: $330 [1153]
  1790/4097: $329 [1152]
  1791/4097: $330 [1152]
  1792/4097: $329 [1151]
  1793/4097: $330 [1151]
  1794/4097: $329 [1150]
  1795/4097: $330 [1150]
  1796/4097: $329 [1149]
  1797/4097: $330 [1149]
  1798/4097: $329 [1148]
  1799/4097: $330 [1148]
  1800/4097: $329 [1147]
  1801/4097: $330 [1147]
  1802/4097: $329 [1146]
  1803/4097: $330 [1146]
  1804/4097: $329 [1145]
  1805/4097: $330 [1145]
  1806/4097: $329 [1144]
  1807/4097: $330 [1144]
  1808/4097: $329 [1143]
  1809/4097: $330 [1143]
  1810/4097: $329 [1142]
  1811/4097: $330 [1142]
  1812/4097: $329 [1141]
  1813/4097: $330 [1141]
  1814/4097: $329 [1140]
  1815/4097: $330 [1140]
  1816/4097: $329 [1139]
  1817/4097: $330 [1139]
  1818/4097: $329 [1138]
  1819/4097: $330 [1138]
  1820/4097: $329 [1137]
  1821/4097: $330 [1137]
  1822/4097: $329 [1136]
  1823/4097: $330 [1136]
  1824/4097: $329 [1135]
  1825/4097: $330 [1135]
  1826/4097: $329 [1134]
  1827/4097: $330 [1134]
  1828/4097: $329 [1133]
  1829/4097: $330 [1133]
  1830/4097: $329 [1132]
  1831/4097: $330 [1132]
  1832/4097: $329 [1131]
  1833/4097: $330 [1131]
  1834/4097: $329 [1130]
  1835/4097: $330 [1130]
  1836/4097: $329 [1129]
  1837/4097: $330 [1129]
  1838/4097: $329 [1128]
  1839/4097: $330 [1128]
  1840/4097: $329 [1127]
  1841/4097: $330 [1127]
  1842/4097: $329 [1126]
  1843/4097: $330 [1126]
  1844/4097: $329 [1125]
  1845/4097: $330 [1125]
  1846/4097: $329 [1124]
  1847/4097: $330 [1124]
  1848/4097: $329 [1123]
  1849/4097: $330 [1123]
  1850/4097: $329 [1122]
  1851/4097: $330 [1122]
  1852/4097: $329 [1121]
  1853/4097: $330 [1121]
  1854/4097: $329 [1120]
  1855/4097: $330 [1120]
  1856/4097: $329 [1119]
  1857/4097: $330 [1119]
  1858/4097: $329 [1118]
  1859/4097: $330 [1118]
  1860/4097: $329 [1117]
  1861/4097: $330 [1117]
  1862/4097: $329 [1116]
  1863/4097: $330 [1116]
  1864/4097: $329 [1115]
  1865/4097: $330 [1115]
  1866/4097: $329 [1114]
  1867/4097: $330 [1114]
  1868/4097: $329 [1113]
  1869/4097: $330 [1113]
  1870/4097: $329 [1112]
  1871/4097: $330 [1112]
  1872/4097: $329 [1111]
  1873/4097: $330 [1111]
  1874/4097: $329 [1110]
  1875/4097: $330 [1110]
  1876/4097: $329 [1109]
  1877/4097: $330 [1109]
  1878/4097: $329 [1108]
  1879/4097: $330 [1108]
  1880/4097: $329 [1107]
  1881/4097: $330 [1107]
  1882/4097: $329 [1106]
  1883/4097: $330 [1106]
  1884/4097: $329 [1105]
  1885/4097: $330 [1105]
  1886/4097: $329 [1104]
  1887/4097: $330 [1104]
  1888/4097: $329 [1103]
  1889/4097: $330 [1103]
  1890/4097: $329 [1102]
  1891/4097: $330 [1102]
  1892/4097: $329 [1101]
  1893/4097: $330 [1101]
  1894/4097: $329 [1100]
  1895/4097: $330 [1100]
  1896/4097: $329 [1099]
  1897/4097: $330 [1099]
  1898/4097: $329 [1098]
  1899/4097: $330 [1098]
  1900/4097: $329 [1097]
  1901/4097: $330 [1097]
  1902/4097: $329 [1096]
  1903/4097: $330 [1096]
  1904/4097: $329 [1095]
  1905/4097: $330 [1095]
  1906/4097: $329 [1094]
  1907/4097: $330 [1094]
  1908/4097: $329 [1093]
  1909/4097: $330 [1093]
  1910/4097: $329 [1092]
  1911/4097: $330 [1092]
  1912/4097: $329 [1091]
  1913/4097: $330 [1091]
  1914/4097: $329 [1090]
  1915/4097: $330 [1090]
  1916/4097: $329 [1089]
  1917/4097: $330 [1089]
  1918/4097: $329 [1088]
  1919/4097: $330 [1088]
  1920/4097: $329 [1087]
  1921/4097: $330 [1087]
  1922/4097: $329 [1086]
  1923/4097: $330 [1086]
  1924/4097: $329 [1085]
  1925/4097: $330 [1085]
  1926/4097: $329 [1084]
  1927/4097: $330 [1084]
  1928/4097: $329 [1083]
  1929/4097: $330 [1083]
  1930/4097: $329 [1082]
  1931/4097: $330 [1082]
  1932/4097: $329 [1081]
  1933/4097: $330 [1081]
  1934/4097: $329 [1080]
  1935/4097: $330 [1080]
  1936/4097: $329 [1079]
  1937/4097: $330 [1079]
  1938/4097: $329 [1078]
  1939/4097: $330 [1078]
  1940/4097: $329 [1077]
  1941/4097: $330 [1077]
  1942/4097: $329 [1076]
  1943/4097: $330 [1076]
  1944/4097: $329 [1075]
  1945/4097: $330 [1075]
  1946/4097: $329 [1074]
  1947/4097: $330 [1074]
  1948/4097: $329 [1073]
  1949/4097: $330 [1073]
  1950/4097: $329 [1072]
  1951/4097: $330 [1072]
  1952/4097: $329 [1071]
  1953/4097: $330 [1071]
  1954/4097: $329 [1070]
  1955/4097: $330 [1070]
  1956/4097: $329 [1069]
  1957/4097: $330 [1069]
  1958/4097: $329 [1068]
  1959/4097: $330 [1068]
  1960/4097: $329 [1067]
  1961/4097: $330 [1067]
  1962/4097: $329 [1066]
  1963/4097: $330 [1066]
  1964/4097: $329 [1065]
  1965/4097: $330 [1065]
  1966/4097: $329 [1064]
  1967/4097: $330 [1064]
  1968/4097: $329 [1063]
  1969/4097: $330 [1063]
  1970/4097: $329 [1062]
  1971/4097: $330 [1062]
  1972/4097: $329 [1061]
  1973/4097: $330 [1061]
  1974/4097: $329 [1060]
  1975/4097: $330 [1060]
  1976/4097: $329 [1059]
  1977/4097: $330 [1059]
  1978/4097: $329 [1058]
  1979/4097: $330 [1058]
  1980/4097: $329 [1057]
  1981/4097: $330 [1057]
  1982/4097: $329 [1056]
  1983/4097: $330 [1056]
  1984/4097: $329 [1055]
  1985/4097: $330 [1055]
  1986/4097: $329 [1054]
  1987/4097: $330 [1054]
  1988/4097: $329 [1053]
  1989/4097: $330 [1053]
  1990/4097: $329 [1052]
  1991/4097: $330 [1052]
  1992/4097: $329 [1051]
  1993/4097: $330 [1051]
  1994/4097: $329 [1050]
  1995/4097: $330 [1050]
  1996/4097: $329 [1049]
  1997/4097: $330 [1049]
  1998/4097: $329 [1048]
  1999/4097: $330 [1048]
  2000/4097: $329 [1047]
  2001/4097: $330 [1047]
  2002/4097: $329 [1046]
  2003/4097: $330 [1046]
  2004/4097: $329 [1045]
  2005/4097: $330 [1045]
  2006/4097: $329 [1044]
  2007/4097: $330 [1044]
  2008/4097: $329 [1043]
  2009/4097: $330 [1043]
  2010/4097: $329 [1042]
  2011/4097: $330 [1042]
  2012/4097: $329 [1041]
  2013/4097: $330 [1041]
  2014/4097: $329 [1040]
  2015/4097: $330 [1040]
  2016/4097: $329 [1039]
  2017/4097: $330 [1039]
  2018/4097: $329 [1038]
  2019/4097: $330 [1038]
  2020/4097: $329 [1037]
  2021/4097: $330 [1037]
  2022/4097: $329 [1036]
  2023/4097: $330 [1036]
  2024/4097: $329 [1035]
  2025/4097: $330 [1035]
  2026/4097: $329 [1034]
  2027/4097: $330 [1034]
  2028/4097: $329 [1033]
  2029/4097: $330 [1033]
  2030/4097: $329 [1032]
  2031/4097: $330 [1032]
  2032/4097: $329 [1031]
  2033/4097: $330 [1031]
  2034/4097: $329 [1030]
  2035/4097: $330 [1030]
  2036/4097: $329 [1029]
  2037/4097: $330 [1029]
  2038/4097: $329 [1028]
  2039/4097: $330 [1028]
  2040/4097: $329 [1027]
  2041/4097: $330 [1027]
  2042/4097: $329 [1026]
  2043/4097: $330 [1026]
  2044/4097: $329 [1025]
  2045/4097: $330 [1025]
  2046/4097: $329 [1024]
  2047/4097: $330 [1024]
  2048/4097: $329 [1023]
  2049/4097: $330 [1023]
  2050/4097: $329 [1022]
  2051/4097: $330 [1022]
  2052/4097: $329 [1021]
  2053/4097: $330 [1021]
  2054/4097: $329 [1020]
  2055/4097: $330 [1020]
  2056/4097: $329 [1019]
  2057/4097: $330 [1019]
  2058/4097: $329 [1018]
  2059/4097: $330 [1018]
  2060/4097: $329 [1017]
  2061/4097: $330 [1017]
  2062/4097: $329 [1016]
  2063/4097: $330 [1016]
  2064/4097: $329 [1015]
  2065/4097: $330 [1015]
  2066/4097: $329 [1014]
  2067/4097: $330 [1014]
  2068/4097: $329 [1013]
  2069/4097: $330 [1013]
  2070/4097: $329 [1012]
  2071/4097: $330 [1012]
  2072/4097: $329 [1011]
  2073/4097: $330 [1011]
  2074/4097: $329 [1010]
  2075/4097: $330 [1010]
  2076/4097: $329 [1009]
  2077/4097: $330 [1009]
  2078/4097: $329 [1008]
  2079/4097: $330 [1008]
  2080/4097: $329 [1007]
  2081/4097: $330 [1007]
  2082/4097: $329 [1006]
  2083/4097: $330 [1006]
  2084/4097: $329 [1005]
  2085/4097: $330 [1005]
  2086/4097: $329 [1004]
  2087/4097: $330 [1004]
  2088/4097: $329 [1003]
  2089/4097: $330 [1003]
  2090/4097: $329 [1002]
  2091/4097: $330 [1002]
  2092/4097: $329 [1001]
  2093/4097: $330 [1001]
  2094/4097: $329 [1000]
  2095/4097: $330 [1000]
  2096/4097: $329 [999]
  2097/4097: $330 [999]
  2098/4097: $329 [998]
  2099/4097: $330 [998]
  2100/4097: $329 [997]
  2101/4097: $330 [997]
  2102/4097: $329 [996]
  2103/4097: $330 [996]
  2104/4097: $329 [995]
  2105/4097: $330 [995]
  2106/4097: $329 [994]
  2107/4097: $330 [994]
  2108/4097: $329 [993]
  2109/4097: $330 [993]
  2110/4097: $329 [992]
  2111/4097: $330 [992]
  2112/4097: $329 [991]
  2113/4097: $330 [991]
  2114/4097: $329 [990]
  2115/4097: $330 [990]
  2116/4097: $329 [989]
  2117/4097: $330 [989]
  2118/4097: $329 [988]
  2119/4097: $330 [988]
  2120/4097: $329 [987]
  2121/4097: $330 [987]
  2122/4097: $329 [986]
  2123/4097: $330 [986]
  2124/4097: $329 [985]
  2125/4097: $330 [985]
  2126/4097: $329 [984]
  2127/4097: $330 [984]
  2128/4097: $329 [983]
  2129/4097: $330 [983]
  2130/4097: $329 [982]
  2131/4097: $330 [982]
  2132/4097: $329 [981]
  2133/4097: $330 [981]
  2134/4097: $329 [980]
  2135/4097: $330 [980]
  2136/4097: $329 [979]
  2137/4097: $330 [979]
  2138/4097: $329 [978]
  2139/4097: $330 [978]
  2140/4097: $329 [977]
  2141/4097: $330 [977]
  2142/4097: $329 [976]
  2143/4097: $330 [976]
  2144/4097: $329 [975]
  2145/4097: $330 [975]
  2146/4097: $329 [974]
  2147/4097: $330 [974]
  2148/4097: $329 [973]
  2149/4097: $330 [973]
  2150/4097: $329 [972]
  2151/4097: $330 [972]
  2152/4097: $329 [971]
  2153/4097: $330 [971]
  2154/4097: $329 [970]
  2155/4097: $330 [970]
  2156/4097: $329 [969]
  2157/4097: $330 [969]
  2158/4097: $329 [968]
  2159/4097: $330 [968]
  2160/4097: $329 [967]
  2161/4097: $330 [967]
  2162/4097: $329 [966]
  2163/4097: $330 [966]
  2164/4097: $329 [965]
  2165/4097: $330 [965]
  2166/4097: $329 [964]
  2167/4097: $330 [964]
  2168/4097: $329 [963]
  2169/4097: $330 [963]
  2170/4097: $329 [962]
  2171/4097: $330 [962]
  2172/4097: $329 [961]
  2173/4097: $330 [961]
  2174/4097: $329 [960]
  2175/4097: $330 [960]
  2176/4097: $329 [959]
  2177/4097: $330 [959]
  2178/4097: $329 [958]
  2179/4097: $330 [958]
  2180/4097: $329 [957]
  2181/4097: $330 [957]
  2182/4097: $329 [956]
  2183/4097: $330 [956]
  2184/4097: $329 [955]
  2185/4097: $330 [955]
  2186/4097: $329 [954]
  2187/4097: $330 [954]
  2188/4097: $329 [953]
  2189/4097: $330 [953]
  2190/4097: $329 [952]
  2191/4097: $330 [952]
  2192/4097: $329 [951]
  2193/4097: $330 [951]
  2194/4097: $329 [950]
  2195/4097: $330 [950]
  2196/4097: $329 [949]
  2197/4097: $330 [949]
  2198/4097: $329 [948]
  2199/4097: $330 [948]
  2200/4097: $329 [947]
  2201/4097: $330 [947]
  2202/4097: $329 [946]
  2203/4097: $330 [946]
  2204/4097: $329 [945]
  2205/4097: $330 [945]
  2206/4097: $329 [944]
  2207/4097: $330 [944]
  2208/4097: $329 [943]
  2209/4097: $330 [943]
  2210/4097: $329 [942]
  2211/4097: $330 [942]
  2212/4097: $329 [941]
  2213/4097: $330 [941]
  2214/4097: $329 [940]
  2215/4097: $330 [940]
  2216/4097: $329 [939]
  2217/4097: $330 [939]
  2218/4097: $329 [938]
  2219/4097: $330 [938]
  2220/4097: $329 [937]
  2221/4097: $330 [937]
  2222/4097: $329 [936]
  2223/4097: $330 [936]
  2224/4097: $329 [935]
  2225/4097: $330 [935]
  2226/4097: $329 [934]
  2227/4097: $330 [934]
  2228/4097: $329 [933]
  2229/4097: $330 [933]
  2230/4097: $329 [932]
  2231/4097: $330 [932]
  2232/4097: $329 [931]
  2233/4097: $330 [931]
  2234/4097: $329 [930]
  2235/4097: $330 [930]
  2236/4097: $329 [929]
  2237/4097: $330 [929]
  2238/4097: $329 [928]
  2239/4097: $330 [928]
  2240/4097: $329 [927]
  2241/4097: $330 [927]
  2242/4097: $329 [926]
  2243/4097: $330 [926]
  2244/4097: $329 [925]
  2245/4097: $330 [925]
  2246/4097: $329 [924]
  2247/4097: $330 [924]
  2248/4097: $329 [923]
  2249/4097: $330 [923]
  2250/4097: $329 [922]
  2251/4097: $330 [922]
  2252/4097: $329 [921]
  2253/4097: $330 [921]
  2254/4097: $329 [920]
  2255/4097: $330 [920]
  2256/4097: $329 [919]
  2257/4097: $330 [919]
  2258/4097: $329 [918]
  2259/4097: $330 [918]
  2260/4097: $329 [917]
  2261/4097: $330 [917]
  2262/4097: $329 [916]
  2263/4097: $330 [916]
  2264/4097: $329 [915]
  2265/4097: $330 [915]
  2266/4097: $329 [914]
  2267/4097: $330 [914]
  2268/4097: $329 [913]
  2269/4097: $330 [913]
  2270/4097: $329 [912]
  2271/4097: $330 [912]
  2272/4097: $329 [911]
  2273/4097: $330 [911]
  2274/4097: $329 [910]
  2275/4097: $330 [910]
  2276/4097: $329 [909]
  2277/4097: $330 [909]
  2278/4097: $329 [908]
  2279/4097: $330 [908]
  2280/4097: $329 [907]
  2281/4097: $330 [907]
  2282/4097: $329 [906]
  2283/4097: $330 [906]
  2284/4097: $329 [905]
  2285/4097: $330 [905]
  2286/4097: $329 [904]
  2287/4097: $330 [904]
  2288/4097: $329 [903]
  2289/4097: $330 [903]
  2290/4097: $329 [902]
  2291/4097: $330 [902]
  2292/4097: $329 [901]
  2293/4097: $330 [901]
  2294/4097: $329 [900]
  2295/4097: $330 [900]
  2296/4097: $329 [899]
  2297/4097: $330 [899]
  2298/4097: $329 [898]
  2299/4097: $330 [898]
  2300/4097: $329 [897]
  2301/4097: $330 [897]
  2302/4097: $329 [896]
  2303/4097: $330 [896]
  2304/4097: $329 [895]
  2305/4097: $330 [895]
  2306/4097: $329 [894]
  2307/4097: $330 [894]
  2308/4097: $329 [893]
  2309/4097: $330 [893]
  2310/4097: $329 [892]
  2311/4097: $330 [892]
  2312/4097: $329 [891]
  2313/4097: $330 [891]
  2314/4097: $329 [890]
  2315/4097: $330 [890]
  2316/4097: $329 [889]
  2317/4097: $330 [889]
  2318/4097: $329 [888]
  2319/4097: $330 [888]
  2320/4097: $329 [887]
  2321/4097: $330 [887]
  2322/4097: $329 [886]
  2323/4097: $330 [886]
  2324/4097: $329 [885]
  2325/4097: $330 [885]
  2326/4097: $329 [884]
  2327/4097: $330 [884]
  2328/4097: $329 [883]
  2329/4097: $330 [883]
  2330/4097: $329 [882]
  2331/4097: $330 [882]
  2332/4097: $329 [881]
  2333/4097: $330 [881]
  2334/4097: $329 [880]
  2335/4097: $330 [880]
  2336/4097: $329 [879]
  2337/4097: $330 [879]
  2338/4097: $329 [878]
  2339/4097: $330 [878]
  2340/4097: $329 [877]
  2341/4097: $330 [877]
  2342/4097: $329 [876]
  2343/4097: $330 [876]
  2344/4097: $329 [875]
  2345/4097: $330 [875]
  2346/4097: $329 [874]
  2347/4097: $330 [874]
  2348/4097: $329 [873]
  2349/4097: $330 [873]
  2350/4097: $329 [872]
  2351/4097: $330 [872]
  2352/4097: $329 [871]
  2353/4097: $330 [871]
  2354/4097: $329 [870]
  2355/4097: $330 [870]
  2356/4097: $329 [869]
  2357/4097: $330 [869]
  2358/4097: $329 [868]
  2359/4097: $330 [868]
  2360/4097: $329 [867]
  2361/4097: $330 [867]
  2362/4097: $329 [866]
  2363/4097: $330 [866]
  2364/4097: $329 [865]
  2365/4097: $330 [865]
  2366/4097: $329 [864]
  2367/4097: $330 [864]
  2368/4097: $329 [863]
  2369/4097: $330 [863]
  2370/4097: $329 [862]
  2371/4097: $330 [862]
  2372/4097: $329 [861]
  2373/4097: $330 [861]
  2374/4097: $329 [860]
  2375/4097: $330 [860]
  2376/4097: $329 [859]
  2377/4097: $330 [859]
  2378/4097: $329 [858]
  2379/4097: $330 [858]
  2380/4097: $329 [857]
  2381/4097: $330 [857]
  2382/4097: $329 [856]
  2383/4097: $330 [856]
  2384/4097: $329 [855]
  2385/4097: $330 [855]
  2386/4097: $329 [854]
  2387/4097: $330 [854]
  2388/4097: $329 [853]
  2389/4097: $330 [853]
  2390/4097: $329 [852]
  2391/4097: $330 [852]
  2392/4097: $329 [851]
  2393/4097: $330 [851]
  2394/4097: $329 [850]
  2395/4097: $330 [850]
  2396/4097: $329 [849]
  2397/4097: $330 [849]
  2398/4097: $329 [848]
  2399/4097: $330 [848]
  2400/4097: $329 [847]
  2401/4097: $330 [847]
  2402/4097: $329 [846]
  2403/4097: $330 [846]
  2404/4097: $329 [845]
  2405/4097: $330 [845]
  2406/4097: $329 [844]
  2407/4097: $330 [844]
  2408/4097: $329 [843]
  2409/4097: $330 [843]
  2410/4097: $329 [842]
  2411/4097: $330 [842]
  2412/4097: $329 [841]
  2413/4097: $330 [841]
  2414/4097: $329 [840]
  2415/4097: $330 [840]
  2416/4097: $329 [839]
  2417/4097: $330 [839]
  2418/4097: $329 [838]
  2419/4097: $330 [838]
  2420/4097: $329 [837]
  2421/4097: $330 [837]
  2422/4097: $329 [836]
  2423/4097: $330 [836]
  2424/4097: $329 [835]
  2425/4097: $330 [835]
  2426/4097: $329 [834]
  2427/4097: $330 [834]
  2428/4097: $329 [833]
  2429/4097: $330 [833]
  2430/4097: $329 [832]
  2431/4097: $330 [832]
  2432/4097: $329 [831]
  2433/4097: $330 [831]
  2434/4097: $329 [830]
  2435/4097: $330 [830]
  2436/4097: $329 [829]
  2437/4097: $330 [829]
  2438/4097: $329 [828]
  2439/4097: $330 [828]
  2440/4097: $329 [827]
  2441/4097: $330 [827]
  2442/4097: $329 [826]
  2443/4097: $330 [826]
  2444/4097: $329 [825]
  2445/4097: $330 [825]
  2446/4097: $329 [824]
  2447/4097: $330 [824]
  2448/4097: $329 [823]
  2449/4097: $330 [823]
  2450/4097: $329 [822]
  2451/4097: $330 [822]
  2452/4097: $329 [821]
  2453/4097: $330 [821]
  2454/4097: $329 [820]
  2455/4097: $330 [820]
  2456/4097: $329 [819]
  2457/4097: $330 [819]
  2458/4097: $329 [818]
  2459/4097: $330 [818]
  2460/4097: $329 [817]
  2461/4097: $330 [817]
  2462/4097: $329 [816]
  2463/4097: $330 [816]
  2464/4097: $329 [815]
  2465/4097: $330 [815]
  2466/4097: $329 [814]
  2467/4097: $330 [814]
  2468/4097: $329 [813]
  2469/4097: $330 [813]
  2470/4097: $329 [812]
  2471/4097: $330 [812]
  2472/4097: $329 [811]
  2473/4097: $330 [811]
  2474/4097: $329 [810]
  2475/4097: $330 [810]
  2476/4097: $329 [809]
  2477/4097: $330 [809]
  2478/4097: $329 [808]
  2479/4097: $330 [808]
  2480/4097: $329 [807]
  2481/4097: $330 [807]
  2482/4097: $329 [806]
  2483/4097: $330 [806]
  2484/4097: $329 [805]
  2485/4097: $330 [805]
  2486/4097: $329 [804]
  2487/4097: $330 [804]
  2488/4097: $329 [803]
  2489/4097: $330 [803]
  2490/4097: $329 [802]
  2491/4097: $330 [802]
  2492/4097: $329 [801]
  2493/4097: $330 [801]
  2494/4097: $329 [800]
  2495/4097: $330 [800]
  2496/4097: $329 [799]
  2497/4097: $330 [799]
  2498/4097: $329 [798]
  2499/4097: $330 [798]
  2500/4097: $329 [797]
  2501/4097: $330 [797]
  2502/4097: $329 [796]
  2503/4097: $330 [796]
  2504/4097: $329 [795]
  2505/4097: $330 [795]
  2506/4097: $329 [794]
  2507/4097: $330 [794]
  2508/4097: $329 [793]
  2509/4097: $330 [793]
  2510/4097: $329 [792]
  2511/4097: $330 [792]
  2512/4097: $329 [791]
  2513/4097: $330 [791]
  2514/4097: $329 [790]
  2515/4097: $330 [790]
  2516/4097: $329 [789]
  2517/4097: $330 [789]
  2518/4097: $329 [788]
  2519/4097: $330 [788]
  2520/4097: $329 [787]
  2521/4097: $330 [787]
  2522/4097: $329 [786]
  2523/4097: $330 [786]
  2524/4097: $329 [785]
  2525/4097: $330 [785]
  2526/4097: $329 [784]
  2527/4097: $330 [784]
  2528/4097: $329 [783]
  2529/4097: $330 [783]
  2530/4097: $329 [782]
  2531/4097: $330 [782]
  2532/4097: $329 [781]
  2533/4097: $330 [781]
  2534/4097: $329 [780]
  2535/4097: $330 [780]
  2536/4097: $329 [779]
  2537/4097: $330 [779]
  2538/4097: $329 [778]
  2539/4097: $330 [778]
  2540/4097: $329 [777]
  2541/4097: $330 [777]
  2542/4097: $329 [776]
  2543/4097: $330 [776]
  2544/4097: $329 [775]
  2545/4097: $330 [775]
  2546/4097: $329 [774]
  2547/4097: $330 [774]
  2548/4097: $329 [773]
  2549/4097: $330 [773]
  2550/4097: $329 [772]
  2551/4097: $330 [772]
  2552/4097: $329 [771]
  2553/4097: $330 [771]
  2554/4097: $329 [770]
  2555/4097: $330 [770]
  2556/4097: $329 [769]
  2557/4097: $330 [769]
  2558/4097: $329 [768]
  2559/4097: $330 [768]
  2560/4097: $329 [767]
  2561/4097: $330 [767]
  2562/4097: $329 [766]
  2563/4097: $330 [766]
  2564/4097: $329 [765]
  2565/4097: $330 [765]
  2566/4097: $329 [764]
  2567/4097: $330 [764]
  2568/4097: $329 [763]
  2569/4097: $330 [763]
  2570/4097: $329 [762]
  2571/4097: $330 [762]
  2572/4097: $329 [761]
  2573/4097: $330 [761]
  2574/4097: $329 [760]
  2575/4097: $330 [760]
  2576/4097: $329 [759]
  2577/4097: $330 [759]
  2578/4097: $329 [758]
  2579/4097: $330 [758]
  2580/4097: $329 [757]
  2581/4097: $330 [757]
  2582/4097: $329 [756]
  2583/4097: $330 [756]
  2584/4097: $329 [755]
  2585/4097: $330 [755]
  2586/4097: $329 [754]
  2587/4097: $330 [754]
  2588/4097: $329 [753]
  2589/4097: $330 [753]
  2590/4097: $329 [752]
  2591/4097: $330 [752]
  2592/4097: $329 [751]
  2593/4097: $330 [751]
  2594/4097: $329 [750]
  2595/4097: $330 [750]
  2596/4097: $329 [749]
  2597/4097: $330 [749]
  2598/4097: $329 [748]
  2599/4097: $330 [748]
  2600/4097: $329 [747]
  2601/4097: $330 [747]
  2602/4097: $329 [746]
  2603/4097: $330 [746]
  2604/4097: $329 [745]
  2605/4097: $330 [745]
  2606/4097: $329 [744]
  2607/4097: $330 [744]
  2608/4097: $329 [743]
  2609/4097: $330 [743]
  2610/4097: $329 [742]
  2611/4097: $330 [742]
  2612/4097: $329 [741]
  2613/4097: $330 [741]
  2614/4097: $329 [740]
  2615/4097: $330 [740]
  2616/4097: $329 [739]
  2617/4097: $330 [739]
  2618/4097: $329 [738]
  2619/4097: $330 [738]
  2620/4097: $329 [737]
  2621/4097: $330 [737]
  2622/4097: $329 [736]
  2623/4097: $330 [736]
  2624/4097: $329 [735]
  2625/4097: $330 [735]
  2626/4097: $329 [734]
  2627/4097: $330 [734]
  2628/4097: $329 [733]
  2629/4097: $330 [733]
  2630/4097: $329 [732]
  2631/4097: $330 [732]
  2632/4097: $329 [731]
  2633/4097: $330 [731]
  2634/4097: $329 [730]
  2635/4097: $330 [730]
  2636/4097: $329 [729]
  2637/4097: $330 [729]
  2638/4097: $329 [728]
  2639/4097: $330 [728]
  2640/4097: $329 [727]
  2641/4097: $330 [727]
  2642/4097: $329 [726]
  2643/4097: $330 [726]
  2644/4097: $329 [725]
  2645/4097: $330 [725]
  2646/4097: $329 [724]
  2647/4097: $330 [724]
  2648/4097: $329 [723]
  2649/4097: $330 [723]
  2650/4097: $329 [722]
  2651/4097: $330 [722]
  2652/4097: $329 [721]
  2653/4097: $330 [721]
  2654/4097: $329 [720]
  2655/4097: $330 [720]
  2656/4097: $329 [719]
  2657/4097: $330 [719]
  2658/4097: $329 [718]
  2659/4097: $330 [718]
  2660/4097: $329 [717]
  2661/4097: $330 [717]
  2662/4097: $329 [716]
  2663/4097: $330 [716]
  2664/4097: $329 [715]
  2665/4097: $330 [715]
  2666/4097: $329 [714]
  2667/4097: $330 [714]
  2668/4097: $329 [713]
  2669/4097: $330 [713]
  2670/4097: $329 [712]
  2671/4097: $330 [712]
  2672/4097: $329 [711]
  2673/4097: $330 [711]
  2674/4097: $329 [710]
  2675/4097: $330 [710]
  2676/4097: $329 [709]
  2677/4097: $330 [709]
  2678/4097: $329 [708]
  2679/4097: $330 [708]
  2680/4097: $329 [707]
  2681/4097: $330 [707]
  2682/4097: $329 [706]
  2683/4097: $330 [706]
  2684/4097: $329 [705]
  2685/4097: $330 [705]
  2686/4097: $329 [704]
  2687/4097: $330 [704]
  2688/4097: $329 [703]
  2689/4097: $330 [703]
  2690/4097: $329 [702]
  2691/4097: $330 [702]
  2692/4097: $329 [701]
  2693/4097: $330 [701]
  2694/4097: $329 [700]
  2695/4097: $330 [700]
  2696/4097: $329 [699]
  2697/4097: $330 [699]
  2698/4097: $329 [698]
  2699/4097: $330 [698]
  2700/4097: $329 [697]
  2701/4097: $330 [697]
  2702/4097: $329 [696]
  2703/4097: $330 [696]
  2704/4097: $329 [695]
  2705/4097: $330 [695]
  2706/4097: $329 [694]
  2707/4097: $330 [694]
  2708/4097: $329 [693]
  2709/4097: $330 [693]
  2710/4097: $329 [692]
  2711/4097: $330 [692]
  2712/4097: $329 [691]
  2713/4097: $330 [691]
  2714/4097: $329 [690]
  2715/4097: $330 [690]
  2716/4097: $329 [689]
  2717/4097: $330 [689]
  2718/4097: $329 [688]
  2719/4097: $330 [688]
  2720/4097: $329 [687]
  2721/4097: $330 [687]
  2722/4097: $329 [686]
  2723/4097: $330 [686]
  2724/4097: $329 [685]
  2725/4097: $330 [685]
  2726/4097: $329 [684]
  2727/4097: $330 [684]
  2728/4097: $329 [683]
  2729/4097: $330 [683]
  2730/4097: $329 [682]
  2731/4097: $330 [682]
  2732/4097: $329 [681]
  2733/4097: $330 [681]
  2734/4097: $329 [680]
  2735/4097: $330 [680]
  2736/4097: $329 [679]
  2737/4097: $330 [679]
  2738/4097: $329 [678]
  2739/4097: $330 [678]
  2740/4097: $329 [677]
  2741/4097: $330 [677]
  2742/4097: $329 [676]
  2743/4097: $330 [676]
  2744/4097: $329 [675]
  2745/4097: $330 [675]
  2746/4097: $329 [674]
  2747/4097: $330 [674]
  2748/4097: $329 [673]
  2749/4097: $330 [673]
  2750/4097: $329 [672]
  2751/4097: $330 [672]
  2752/4097: $329 [671]
  2753/4097: $330 [671]
  2754/4097: $329 [670]
  2755/4097: $330 [670]
  2756/4097: $329 [669]
  2757/4097: $330 [669]
  2758/4097: $329 [668]
  2759/4097: $330 [668]
  2760/4097: $329 [667]
  2761/4097: $330 [667]
  2762/4097: $329 [666]
  2763/4097: $330 [666]
  2764/4097: $329 [665]
  2765/4097: $330 [665]
  2766/4097: $329 [664]
  2767/4097: $330 [664]
  2768/4097: $329 [663]
  2769/4097: $330 [663]
  2770/4097: $329 [662]
  2771/4097: $330 [662]
  2772/4097: $329 [661]
  2773/4097: $330 [661]
  2774/4097: $329 [660]
  2775/4097: $330 [660]
  2776/4097: $329 [659]
  2777/4097: $330 [659]
  2778/4097: $329 [658]
  2779/4097: $330 [658]
  2780/4097: $329 [657]
  2781/4097: $330 [657]
  2782/4097: $329 [656]
  2783/4097: $330 [656]
  2784/4097: $329 [655]
  2785/4097: $330 [655]
  2786/4097: $329 [654]
  2787/4097: $330 [654]
  2788/4097: $329 [653]
  2789/4097: $330 [653]
  2790/4097: $329 [652]
  2791/4097: $330 [652]
  2792/4097: $329 [651]
  2793/4097: $330 [651]
  2794/4097: $329 [650]
  2795/4097: $330 [650]
  2796/4097: $329 [649]
  2797/4097: $330 [649]
  2798/4097: $329 [648]
  2799/4097: $330 [648]
  2800/4097: $329 [647]
  2801/4097: $330 [647]
  2802/4097: $329 [646]
  2803/4097: $330 [646]
  2804/4097: $329 [645]
  2805/4097: $330 [645]
  2806/4097: $329 [644]
  2807/4097: $330 [644]
  2808/4097: $329 [643]
  2809/4097: $330 [643]
  2810/4097: $329 [642]
  2811/4097: $330 [642]
  2812/4097: $329 [641]
  2813/4097: $330 [641]
  2814/4097: $329 [640]
  2815/4097: $330 [640]
  2816/4097: $329 [639]
  2817/4097: $330 [639]
  2818/4097: $329 [638]
  2819/4097: $330 [638]
  2820/4097: $329 [637]
  2821/4097: $330 [637]
  2822/4097: $329 [636]
  2823/4097: $330 [636]
  2824/4097: $329 [635]
  2825/4097: $330 [635]
  2826/4097: $329 [634]
  2827/4097: $330 [634]
  2828/4097: $329 [633]
  2829/4097: $330 [633]
  2830/4097: $329 [632]
  2831/4097: $330 [632]
  2832/4097: $329 [631]
  2833/4097: $330 [631]
  2834/4097: $329 [630]
  2835/4097: $330 [630]
  2836/4097: $329 [629]
  2837/4097: $330 [629]
  2838/4097: $329 [628]
  2839/4097: $330 [628]
  2840/4097: $329 [627]
  2841/4097: $330 [627]
  2842/4097: $329 [626]
  2843/4097: $330 [626]
  2844/4097: $329 [625]
  2845/4097: $330 [625]
  2846/4097: $329 [624]
  2847/4097: $330 [624]
  2848/4097: $329 [623]
  2849/4097: $330 [623]
  2850/4097: $329 [622]
  2851/4097: $330 [622]
  2852/4097: $329 [621]
  2853/4097: $330 [621]
  2854/4097: $329 [620]
  2855/4097: $330 [620]
  2856/4097: $329 [619]
  2857/4097: $330 [619]
  2858/4097: $329 [618]
  2859/4097: $330 [618]
  2860/4097: $329 [617]
  2861/4097: $330 [617]
  2862/4097: $329 [616]
  2863/4097: $330 [616]
  2864/4097: $329 [615]
  2865/4097: $330 [615]
  2866/4097: $329 [614]
  2867/4097: $330 [614]
  2868/4097: $329 [613]
  2869/4097: $330 [613]
  2870/4097: $329 [612]
  2871/4097: $330 [612]
  2872/4097: $329 [611]
  2873/4097: $330 [611]
  2874/4097: $329 [610]
  2875/4097: $330 [610]
  2876/4097: $329 [609]
  2877/4097: $330 [609]
  2878/4097: $329 [608]
  2879/4097: $330 [608]
  2880/4097: $329 [607]
  2881/4097: $330 [607]
  2882/4097: $329 [606]
  2883/4097: $330 [606]
  2884/4097: $329 [605]
  2885/4097: $330 [605]
  2886/4097: $329 [604]
  2887/4097: $330 [604]
  2888/4097: $329 [603]
  2889/4097: $330 [603]
  2890/4097: $329 [602]
  2891/4097: $330 [602]
  2892/4097: $329 [601]
  2893/4097: $330 [601]
  2894/4097: $329 [600]
  2895/4097: $330 [600]
  2896/4097: $329 [599]
  2897/4097: $330 [599]
  2898/4097: $329 [598]
  2899/4097: $330 [598]
  2900/4097: $329 [597]
  2901/4097: $330 [597]
  2902/4097: $329 [596]
  2903/4097: $330 [596]
  2904/4097: $329 [595]
  2905/4097: $330 [595]
  2906/4097: $329 [594]
  2907/4097: $330 [594]
  2908/4097: $329 [593]
  2909/4097: $330 [593]
  2910/4097: $329 [592]
  2911/4097: $330 [592]
  2912/4097: $329 [591]
  2913/4097: $330 [591]
  2914/4097: $329 [590]
  2915/4097: $330 [590]
  2916/4097: $329 [589]
  2917/4097: $330 [589]
  2918/4097: $329 [588]
  2919/4097: $330 [588]
  2920/4097: $329 [587]
  2921/4097: $330 [587]
  2922/4097: $329 [586]
  2923/4097: $330 [586]
  2924/4097: $329 [585]
  2925/4097: $330 [585]
  2926/4097: $329 [584]
  2927/4097: $330 [584]
  2928/4097: $329 [583]
  2929/4097: $330 [583]
  2930/4097: $329 [582]
  2931/4097: $330 [582]
  2932/4097: $329 [581]
  2933/4097: $330 [581]
  2934/4097: $329 [580]
  2935/4097: $330 [580]
  2936/4097: $329 [579]
  2937/4097: $330 [579]
  2938/4097: $329 [578]
  2939/4097: $330 [578]
  2940/4097: $329 [577]
  2941/4097: $330 [577]
  2942/4097: $329 [576]
  2943/4097: $330 [576]
  2944/4097: $329 [575]
  2945/4097: $330 [575]
  2946/4097: $329 [574]
  2947/4097: $330 [574]
  2948/4097: $329 [573]
  2949/4097: $330 [573]
  2950/4097: $329 [572]
  2951/4097: $330 [572]
  2952/4097: $329 [571]
  2953/4097: $330 [571]
  2954/4097: $329 [570]
  2955/4097: $330 [570]
  2956/4097: $329 [569]
  2957/4097: $330 [569]
  2958/4097: $329 [568]
  2959/4097: $330 [568]
  2960/4097: $329 [567]
  2961/4097: $330 [567]
  2962/4097: $329 [566]
  2963/4097: $330 [566]
  2964/4097: $329 [565]
  2965/4097: $330 [565]
  2966/4097: $329 [564]
  2967/4097: $330 [564]
  2968/4097: $329 [563]
  2969/4097: $330 [563]
  2970/4097: $329 [562]
  2971/4097: $330 [562]
  2972/4097: $329 [561]
  2973/4097: $330 [561]
  2974/4097: $329 [560]
  2975/4097: $330 [560]
  2976/4097: $329 [559]
  2977/4097: $330 [559]
  2978/4097: $329 [558]
  2979/4097: $330 [558]
  2980/4097: $329 [557]
  2981/4097: $330 [557]
  2982/4097: $329 [556]
  2983/4097: $330 [556]
  2984/4097: $329 [555]
  2985/4097: $330 [555]
  2986/4097: $329 [554]
  2987/4097: $330 [554]
  2988/4097: $329 [553]
  2989/4097: $330 [553]
  2990/4097: $329 [552]
  2991/4097: $330 [552]
  2992/4097: $329 [551]
  2993/4097: $330 [551]
  2994/4097: $329 [550]
  2995/4097: $330 [550]
  2996/4097: $329 [549]
  2997/4097: $330 [549]
  2998/4097: $329 [548]
  2999/4097: $330 [548]
  3000/4097: $329 [547]
  3001/4097: $330 [547]
  3002/4097: $329 [546]
  3003/4097: $330 [546]
  3004/4097: $329 [545]
  3005/4097: $330 [545]
  3006/4097: $329 [544]
  3007/4097: $330 [544]
  3008/4097: $329 [543]
  3009/4097: $330 [543]
  3010/4097: $329 [542]
  3011/4097: $330 [542]
  3012/4097: $329 [541]
  3013/4097: $330 [541]
  3014/4097: $329 [540]
  3015/4097: $330 [540]
  3016/4097: $329 [539]
  3017/4097: $330 [539]
  3018/4097: $329 [538]
  3019/4097: $330 [538]
  3020/4097: $329 [537]
  3021/4097: $330 [537]
  3022/4097: $329 [536]
  3023/4097: $330 [536]
  3024/4097: $329 [535]
  3025/4097: $330 [535]
  3026/4097: $329 [534]
  3027/4097: $330 [534]
  3028/4097: $329 [533]
  3029/4097: $330 [533]
  3030/4097: $329 [532]
  3031/4097: $330 [532]
  3032/4097: $329 [531]
  3033/4097: $330 [531]
  3034/4097: $329 [530]
  3035/4097: $330 [530]
  3036/4097: $329 [529]
  3037/4097: $330 [529]
  3038/4097: $329 [528]
  3039/4097: $330 [528]
  3040/4097: $329 [527]
  3041/4097: $330 [527]
  3042/4097: $329 [526]
  3043/4097: $330 [526]
  3044/4097: $329 [525]
  3045/4097: $330 [525]
  3046/4097: $329 [524]
  3047/4097: $330 [524]
  3048/4097: $329 [523]
  3049/4097: $330 [523]
  3050/4097: $329 [522]
  3051/4097: $330 [522]
  3052/4097: $329 [521]
  3053/4097: $330 [521]
  3054/4097: $329 [520]
  3055/4097: $330 [520]
  3056/4097: $329 [519]
  3057/4097: $330 [519]
  3058/4097: $329 [518]
  3059/4097: $330 [518]
  3060/4097: $329 [517]
  3061/4097: $330 [517]
  3062/4097: $329 [516]
  3063/4097: $330 [516]
  3064/4097: $329 [515]
  3065/4097: $330 [515]
  3066/4097: $329 [514]
  3067/4097: $330 [514]
  3068/4097: $329 [513]
  3069/4097: $330 [513]
  3070/4097: $329 [512]
  3071/4097: $330 [512]
  3072/4097: $329 [511]
  3073/4097: $330 [511]
  3074/4097: $329 [510]
  3075/4097: $330 [510]
  3076/4097: $329 [509]
  3077/4097: $330 [509]
  3078/4097: $329 [508]
  3079/4097: $330 [508]
  3080/4097: $329 [507]
  3081/4097: $330 [507]
  3082/4097: $329 [506]
  3083/4097: $330 [506]
  3084/4097: $329 [505]
  3085/4097: $330 [505]
  3086/4097: $329 [504]
  3087/4097: $330 [504]
  3088/4097: $329 [503]
  3089/4097: $330 [503]
  3090/4097: $329 [502]
  3091/4097: $330 [502]
  3092/4097: $329 [501]
  3093/4097: $330 [501]
  3094/4097: $329 [500]
  3095/4097: $330 [500]
  3096/4097: $329 [499]
  3097/4097: $330 [499]
  3098/4097: $329 [498]
  3099/4097: $330 [498]
  3100/4097: $329 [497]
  3101/4097: $330 [497]
  3102/4097: $329 [496]
  3103/4097: $330 [496]
  3104/4097: $329 [495]
  3105/4097: $330 [495]
  3106/4097: $329 [494]
  3107/4097: $330 [494]
  3108/4097: $329 [493]
  3109/4097: $330 [493]
  3110/4097: $329 [492]
  3111/4097: $330 [492]
  3112/4097: $329 [491]
  3113/4097: $330 [491]
  3114/4097: $329 [490]
  3115/4097: $330 [490]
  3116/4097: $329 [489]
  3117/4097: $330 [489]
  3118/4097: $329 [488]
  3119/4097: $330 [488]
  3120/4097: $329 [487]
  3121/4097: $330 [487]
  3122/4097: $329 [486]
  3123/4097: $330 [486]
  3124/4097: $329 [485]
  3125/4097: $330 [485]
  3126/4097: $329 [484]
  3127/4097: $330 [484]
  3128/4097: $329 [483]
  3129/4097: $330 [483]
  3130/4097: $329 [482]
  3131/4097: $330 [482]
  3132/4097: $329 [481]
  3133/4097: $330 [481]
  3134/4097: $329 [480]
  3135/4097: $330 [480]
  3136/4097: $329 [479]
  3137/4097: $330 [479]
  3138/4097: $329 [478]
  3139/4097: $330 [478]
  3140/4097: $329 [477]
  3141/4097: $330 [477]
  3142/4097: $329 [476]
  3143/4097: $330 [476]
  3144/4097: $329 [475]
  3145/4097: $330 [475]
  3146/4097: $329 [474]
  3147/4097: $330 [474]
  3148/4097: $329 [473]
  3149/4097: $330 [473]
  3150/4097: $329 [472]
  3151/4097: $330 [472]
  3152/4097: $329 [471]
  3153/4097: $330 [471]
  3154/4097: $329 [470]
  3155/4097: $330 [470]
  3156/4097: $329 [469]
  3157/4097: $330 [469]
  3158/4097: $329 [468]
  3159/4097: $330 [468]
  3160/4097: $329 [467]
  3161/4097: $330 [467]
  3162/4097: $329 [466]
  3163/4097: $330 [466]
  3164/4097: $329 [465]
  3165/4097: $330 [465]
  3166/4097: $329 [464]
  3167/4097: $330 [464]
  3168/4097: $329 [463]
  3169/4097: $330 [463]
  3170/4097: $329 [462]
  3171/4097: $330 [462]
  3172/4097: $329 [461]
  3173/4097: $330 [461]
  3174/4097: $329 [460]
  3175/4097: $330 [460]
  3176/4097: $329 [459]
  3177/4097: $330 [459]
  3178/4097: $329 [458]
  3179/4097: $330 [458]
  3180/4097: $329 [457]
  3181/4097: $330 [457]
  3182/4097: $329 [456]
  3183/4097: $330 [456]
  3184/4097: $329 [455]
  3185/4097: $330 [455]
  3186/4097: $329 [454]
  3187/4097: $330 [454]
  3188/4097: $329 [453]
  3189/4097: $330 [453]
  3190/4097: $329 [452]
  3191/4097: $330 [452]
  3192/4097: $329 [451]
  3193/4097: $330 [451]
  3194/4097: $329 [450]
  3195/4097: $330 [450]
  3196/4097: $329 [449]
  3197/4097: $330 [449]
  3198/4097: $329 [448]
  3199/4097: $330 [448]
  3200/4097: $329 [447]
  3201/4097: $330 [447]
  3202/4097: $329 [446]
  3203/4097: $330 [446]
  3204/4097: $329 [445]
  3205/4097: $330 [445]
  3206/4097: $329 [444]
  3207/4097: $330 [444]
  3208/4097: $329 [443]
  3209/4097: $330 [443]
  3210/4097: $329 [442]
  3211/4097: $330 [442]
  3212/4097: $329 [441]
  3213/4097: $330 [441]
  3214/4097: $329 [440]
  3215/4097: $330 [440]
  3216/4097: $329 [439]
  3217/4097: $330 [439]
  3218/4097: $329 [438]
  3219/4097: $330 [438]
  3220/4097: $329 [437]
  3221/4097: $330 [437]
  3222/4097: $329 [436]
  3223/4097: $330 [436]
  3224/4097: $329 [435]
  3225/4097: $330 [435]
  3226/4097: $329 [434]
  3227/4097: $330 [434]
  3228/4097: $329 [433]
  3229/4097: $330 [433]
  3230/4097: $329 [432]
  3231/4097: $330 [432]
  3232/4097: $329 [431]
  3233/4097: $330 [431]
  3234/4097: $329 [430]
  3235/4097: $330 [430]
  3236/4097: $329 [429]
  3237/4097: $330 [429]
  3238/4097: $329 [428]
  3239/4097: $330 [428]
  3240/4097: $329 [427]
  3241/4097: $330 [427]
  3242/4097: $329 [426]
  3243/4097: $330 [426]
  3244/4097: $329 [425]
  3245/4097: $330 [425]
  3246/4097: $329 [424]
  3247/4097: $330 [424]
  3248/4097: $329 [423]
  3249/4097: $330 [423]
  3250/4097: $329 [422]
  3251/4097: $330 [422]
  3252/4097: $329 [421]
  3253/4097: $330 [421]
  3254/4097: $329 [420]
  3255/4097: $330 [420]
  3256/4097: $329 [419]
  3257/4097: $330 [419]
  3258/4097: $329 [418]
  3259/4097: $330 [418]
  3260/4097: $329 [417]
  3261/4097: $330 [417]
  3262/4097: $329 [416]
  3263/4097: $330 [416]
  3264/4097: $329 [415]
  3265/4097: $330 [415]
  3266/4097: $329 [414]
  3267/4097: $330 [414]
  3268/4097: $329 [413]
  3269/4097: $330 [413]
  3270/4097: $329 [412]
  3271/4097: $330 [412]
  3272/4097: $329 [411]
  3273/4097: $330 [411]
  3274/4097: $329 [410]
  3275/4097: $330 [410]
  3276/4097: $329 [409]
  3277/4097: $330 [409]
  3278/4097: $329 [408]
  3279/4097: $330 [408]
  3280/4097: $329 [407]
  3281/4097: $330 [407]
  3282/4097: $329 [406]
  3283/4097: $330 [406]
  3284/4097: $329 [405]
  3285/4097: $330 [405]
  3286/4097: $329 [404]
  3287/4097: $330 [404]
  3288/4097: $329 [403]
  3289/4097: $330 [403]
  3290/4097: $329 [402]
  3291/4097: $330 [402]
  3292/4097: $329 [401]
  3293/4097: $330 [401]
  3294/4097: $329 [400]
  3295/4097: $330 [400]
  3296/4097: $329 [399]
  3297/4097: $330 [399]
  3298/4097: $329 [398]
  3299/4097: $330 [398]
  3300/4097: $329 [397]
  3301/4097: $330 [397]
  3302/4097: $329 [396]
  3303/4097: $330 [396]
  3304/4097: $329 [395]
  3305/4097: $330 [395]
  3306/4097: $329 [394]
  3307/4097: $330 [394]
  3308/4097: $329 [393]
  3309/4097: $330 [393]
  3310/4097: $329 [392]
  3311/4097: $330 [392]
  3312/4097: $329 [391]
  3313/4097: $330 [391]
  3314/4097: $329 [390]
  3315/4097: $330 [390]
  3316/4097: $329 [389]
  3317/4097: $330 [389]
  3318/4097: $329 [388]
  3319/4097: $330 [388]
  3320/4097: $329 [387]
  3321/4097: $330 [387]
  3322/4097: $329 [386]
  3323/4097: $330 [386]
  3324/4097: $329 [385]
  3325/4097: $330 [385]
  3326/4097: $329 [384]
  3327/4097: $330 [384]
  3328/4097: $329 [383]
  3329/4097: $330 [383]
  3330/4097: $329 [382]
  3331/4097: $330 [382]
  3332/4097: $329 [381]
  3333/4097: $330 [381]
  3334/4097: $329 [380]
  3335/4097: $330 [380]
  3336/4097: $329 [379]
  3337/4097: $330 [379]
  3338/4097: $329 [378]
  3339/4097: $330 [378]
  3340/4097: $329 [377]
  3341/4097: $330 [377]
  3342/4097: $329 [376]
  3343/4097: $330 [376]
  3344/4097: $329 [375]
  3345/4097: $330 [375]
  3346/4097: $329 [374]
  3347/4097: $330 [374]
  3348/4097: $329 [373]
  3349/4097: $330 [373]
  3350/4097: $329 [372]
  3351/4097: $330 [372]
  3352/4097: $329 [371]
  3353/4097: $330 [371]
  3354/4097: $329 [370]
  3355/4097: $330 [370]
  3356/4097: $329 [369]
  3357/4097: $330 [369]
  3358/4097: $329 [368]
  3359/4097: $330 [368]
  3360/4097: $329 [367]
  3361/4097: $330 [367]
  3362/4097: $329 [366]
  3363/4097: $330 [366]
  3364/4097: $329 [365]
  3365/4097: $330 [365]
  3366/4097: $329 [364]
  3367/4097: $330 [364]
  3368/4097: $329 [363]
  3369/4097: $330 [363]
  3370/4097: $329 [362]
  3371/4097: $330 [362]
  3372/4097: $329 [361]
  3373/4097: $330 [361]
  3374/4097: $329 [360]
  3375/4097: $330 [360]
  3376/4097: $329 [359]
  3377/4097: $330 [359]
  3378/4097: $329 [358]
  3379/4097: $330 [358]
  3380/4097: $329 [357]
  3381/4097: $330 [357]
  3382/4097: $329 [356]
  3383/4097: $330 [356]
  3384/4097: $329 [355]
  3385/4097: $330 [355]
  3386/4097: $329 [354]
  3387/4097: $330 [354]
  3388/4097: $329 [353]
  3389/4097: $330 [353]
  3390/4097: $329 [352]
  3391/4097: $330 [352]
  3392/4097: $329 [351]
  3393/4097: $330 [351]
  3394/4097: $329 [350]
  3395/4097: $330 [350]
  3396/4097: $329 [349]
  3397/4097: $330 [349]
  3398/4097: $329 [348]
  3399/4097: $330 [348]
  3400/4097: $329 [347]
  3401/4097: $330 [347]
  3402/4097: $329 [346]
  3403/4097: $330 [346]
  3404/4097: $329 [345]
  3405/4097: $330 [345]
  3406/4097: $329 [344]
  3407/4097: $330 [344]
  3408/4097: $329 [343]
  3409/4097: $330 [343]
  3410/4097: $329 [342]
  3411/4097: $330 [342]
  3412/4097: $329 [341]
  3413/4097: $330 [341]
  3414/4097: $329 [340]
  3415/4097: $330 [340]
  3416/4097: $329 [339]
  3417/4097: $330 [339]
  3418/4097: $329 [338]
  3419/4097: $330 [338]
  3420/4097: $329 [337]
  3421/4097: $330 [337]
  3422/4097: $329 [336]
  3423/4097: $330 [336]
  3424/4097: $329 [335]
  3425/4097: $330 [335]
  3426/4097: $329 [334]
  3427/4097: $330 [334]
  3428/4097: $329 [333]
  3429/4097: $330 [333]
  3430/4097: $329 [332]
  3431/4097: $330 [332]
  3432/4097: $329 [331]
  3433/4097: $330 [331]
  3434/4097: $329 [330]
  3435/4097: $330 [330]
  3436/4097: $329 [329]
  3437/4097: $330 [329]
  3438/4097: $329 [328]
  3439/4097: $330 [328]
  3440/4097: $329 [327]
  3441/4097: $330 [327]
  3442/4097: $329 [326]
  3443/4097: $330 [326]
  3444/4097: $329 [325]
  3445/4097: $330 [325]
  3446/4097: $329 [324]
  3447/4097: $330 [324]
  3448/4097: $329 [323]
  3449/4097: $330 [323]
  3450/4097: $329 [322]
  3451/4097: $330 [322]
  3452/4097: $329 [321]
  3453/4097: $330 [321]
  3454/4097: $329 [320]
  3455/4097: $330 [320]
  3456/4097: $329 [319]
  3457/4097: $330 [319]
  3458/4097: $329 [318]
  3459/4097: $330 [318]
  3460/4097: $329 [317]
  3461/4097: $330 [317]
  3462/4097: $329 [316]
  3463/4097: $330 [316]
  3464/4097: $329 [315]
  3465/4097: $330 [315]
  3466/4097: $329 [314]
  3467/4097: $330 [314]
  3468/4097: $329 [313]
  3469/4097: $330 [313]
  3470/4097: $329 [312]
  3471/4097: $330 [312]
  3472/4097: $329 [311]
  3473/4097: $330 [311]
  3474/4097: $329 [310]
  3475/4097: $330 [310]
  3476/4097: $329 [309]
  3477/4097: $330 [309]
  3478/4097: $329 [308]
  3479/4097: $330 [308]
  3480/4097: $329 [307]
  3481/4097: $330 [307]
  3482/4097: $329 [306]
  3483/4097: $330 [306]
  3484/4097: $329 [305]
  3485/4097: $330 [305]
  3486/4097: $329 [304]
  3487/4097: $330 [304]
  3488/4097: $329 [303]
  3489/4097: $330 [303]
  3490/4097: $329 [302]
  3491/4097: $330 [302]
  3492/4097: $329 [301]
  3493/4097: $330 [301]
  3494/4097: $329 [300]
  3495/4097: $330 [300]
  3496/4097: $329 [299]
  3497/4097: $330 [299]
  3498/4097: $329 [298]
  3499/4097: $330 [298]
  3500/4097: $329 [297]
  3501/4097: $330 [297]
  3502/4097: $329 [296]
  3503/4097: $330 [296]
  3504/4097: $329 [295]
  3505/4097: $330 [295]
  3506/4097: $329 [294]
  3507/4097: $330 [294]
  3508/4097: $329 [293]
  3509/4097: $330 [293]
  3510/4097: $329 [292]
  3511/4097: $330 [292]
  3512/4097: $329 [291]
  3513/4097: $330 [291]
  3514/4097: $329 [290]
  3515/4097: $330 [290]
  3516/4097: $329 [289]
  3517/4097: $330 [289]
  3518/4097: $329 [288]
  3519/4097: $330 [288]
  3520/4097: $329 [287]
  3521/4097: $330 [287]
  3522/4097: $329 [286]
  3523/4097: $330 [286]
  3524/4097: $329 [285]
  3525/4097: $330 [285]
  3526/4097: $329 [284]
  3527/4097: $330 [284]
  3528/4097: $329 [283]
  3529/4097: $330 [283]
  3530/4097: $329 [282]
  3531/4097: $330 [282]
  3532/4097: $329 [281]
  3533/4097: $330 [281]
  3534/4097: $329 [280]
  3535/4097: $330 [280]
  3536/4097: $329 [279]
  3537/4097: $330 [279]
  3538/4097: $329 [278]
  3539/4097: $330 [278]
  3540/4097: $329 [277]
  3541/4097: $330 [277]
  3542/4097: $329 [276]
  3543/4097: $330 [276]
  3544/4097: $329 [275]
  3545/4097: $330 [275]
  3546/4097: $329 [274]
  3547/4097: $330 [274]
  3548/4097: $329 [273]
  3549/4097: $330 [273]
  3550/4097: $329 [272]
  3551/4097: $330 [272]
  3552/4097: $329 [271]
  3553/4097: $330 [271]
  3554/4097: $329 [270]
  3555/4097: $330 [270]
  3556/4097: $329 [269]
  3557/4097: $330 [269]
  3558/4097: $329 [268]
  3559/4097: $330 [268]
  3560/4097: $329 [267]
  3561/4097: $330 [267]
  3562/4097: $329 [266]
  3563/4097: $330 [266]
  3564/4097: $329 [265]
  3565/4097: $330 [265]
  3566/4097: $329 [264]
  3567/4097: $330 [264]
  3568/4097: $329 [263]
  3569/4097: $330 [263]
  3570/4097: $329 [262]
  3571/4097: $330 [262]
  3572/4097: $329 [261]
  3573/4097: $330 [261]
  3574/4097: $329 [260]
  3575/4097: $330 [260]
  3576/4097: $329 [259]
  3577/4097: $330 [259]
  3578/4097: $329 [258]
  3579/4097: $330 [258]
  3580/4097: $329 [257]
  3581/4097: $330 [257]
  3582/4097: $329 [256]
  3583/4097: $330 [256]
  3584/4097: $329 [255]
  3585/4097: $330 [255]
  3586/4097: $329 [254]
  3587/4097: $330 [254]
  3588/4097: $329 [253]
  3589/4097: $330 [253]
  3590/4097: $329 [252]
  3591/4097: $330 [252]
  3592/4097: $329 [251]
  3593/4097: $330 [251]
  3594/4097: $329 [250]
  3595/4097: $330 [250]
  3596/4097: $329 [249]
  3597/4097: $330 [249]
  3598/4097: $329 [248]
  3599/4097: $330 [248]
  3600/4097: $329 [247]
  3601/4097: $330 [247]
  3602/4097: $329 [246]
  3603/4097: $330 [246]
  3604/4097: $329 [245]
  3605/4097: $330 [245]
  3606/4097: $329 [244]
  3607/4097: $330 [244]
  3608/4097: $329 [243]
  3609/4097: $330 [243]
  3610/4097: $329 [242]
  3611/4097: $330 [242]
  3612/4097: $329 [241]
  3613/4097: $330 [241]
  3614/4097: $329 [240]
  3615/4097: $330 [240]
  3616/4097: $329 [239]
  3617/4097: $330 [239]
  3618/4097: $329 [238]
  3619/4097: $330 [238]
  3620/4097: $329 [237]
  3621/4097: $330 [237]
  3622/4097: $329 [236]
  3623/4097: $330 [236]
  3624/4097: $329 [235]
  3625/4097: $330 [235]
  3626/4097: $329 [234]
  3627/4097: $330 [234]
  3628/4097: $329 [233]
  3629/4097: $330 [233]
  3630/4097: $329 [232]
  3631/4097: $330 [232]
  3632/4097: $329 [231]
  3633/4097: $330 [231]
  3634/4097: $329 [230]
  3635/4097: $330 [230]
  3636/4097: $329 [229]
  3637/4097: $330 [229]
  3638/4097: $329 [228]
  3639/4097: $330 [228]
  3640/4097: $329 [227]
  3641/4097: $330 [227]
  3642/4097: $329 [226]
  3643/4097: $330 [226]
  3644/4097: $329 [225]
  3645/4097: $330 [225]
  3646/4097: $329 [224]
  3647/4097: $330 [224]
  3648/4097: $329 [223]
  3649/4097: $330 [223]
  3650/4097: $329 [222]
  3651/4097: $330 [222]
  3652/4097: $329 [221]
  3653/4097: $330 [221]
  3654/4097: $329 [220]
  3655/4097: $330 [220]
  3656/4097: $329 [219]
  3657/4097: $330 [219]
  3658/4097: $329 [218]
  3659/4097: $330 [218]
  3660/4097: $329 [217]
  3661/4097: $330 [217]
  3662/4097: $329 [216]
  3663/4097: $330 [216]
  3664/4097: $329 [215]
  3665/4097: $330 [215]
  3666/4097: $329 [214]
  3667/4097: $330 [214]
  3668/4097: $329 [213]
  3669/4097: $330 [213]
  3670/4097: $329 [212]
  3671/4097: $330 [212]
  3672/4097: $329 [211]
  3673/4097: $330 [211]
  3674/4097: $329 [210]
  3675/4097: $330 [210]
  3676/4097: $329 [209]
  3677/4097: $330 [209]
  3678/4097: $329 [208]
  3679/4097: $330 [208]
  3680/4097: $329 [207]
  3681/4097: $330 [207]
  3682/4097: $329 [206]
  3683/4097: $330 [206]
  3684/4097: $329 [205]
  3685/4097: $330 [205]
  3686/4097: $329 [204]
  3687/4097: $330 [204]
  3688/4097: $329 [203]
  3689/4097: $330 [203]
  3690/4097: $329 [202]
  3691/4097: $330 [202]
  3692/4097: $329 [201]
  3693/4097: $330 [201]
  3694/4097: $329 [200]
  3695/4097: $330 [200]
  3696/4097: $329 [199]
  3697/4097: $330 [199]
  3698/4097: $329 [198]
  3699/4097: $330 [198]
  3700/4097: $329 [197]
  3701/4097: $330 [197]
  3702/4097: $329 [196]
  3703/4097: $330 [196]
  3704/4097: $329 [195]
  3705/4097: $330 [195]
  3706/4097: $329 [194]
  3707/4097: $330 [194]
  3708/4097: $329 [193]
  3709/4097: $330 [193]
  3710/4097: $329 [192]
  3711/4097: $330 [192]
  3712/4097: $329 [191]
  3713/4097: $330 [191]
  3714/4097: $329 [190]
  3715/4097: $330 [190]
  3716/4097: $329 [189]
  3717/4097: $330 [189]
  3718/4097: $329 [188]
  3719/4097: $330 [188]
  3720/4097: $329 [187]
  3721/4097: $330 [187]
  3722/4097: $329 [186]
  3723/4097: $330 [186]
  3724/4097: $329 [185]
  3725/4097: $330 [185]
  3726/4097: $329 [184]
  3727/4097: $330 [184]
  3728/4097: $329 [183]
  3729/4097: $330 [183]
  3730/4097: $329 [182]
  3731/4097: $330 [182]
  3732/4097: $329 [181]
  3733/4097: $330 [181]
  3734/4097: $329 [180]
  3735/4097: $330 [180]
  3736/4097: $329 [179]
  3737/4097: $330 [179]
  3738/4097: $329 [178]
  3739/4097: $330 [178]
  3740/4097: $329 [177]
  3741/4097: $330 [177]
  3742/4097: $329 [176]
  3743/4097: $330 [176]
  3744/4097: $329 [175]
  3745/4097: $330 [175]
  3746/4097: $329 [174]
  3747/4097: $330 [174]
  3748/4097: $329 [173]
  3749/4097: $330 [173]
  3750/4097: $329 [172]
  3751/4097: $330 [172]
  3752/4097: $329 [171]
  3753/4097: $330 [171]
  3754/4097: $329 [170]
  3755/4097: $330 [170]
  3756/4097: $329 [169]
  3757/4097: $330 [169]
  3758/4097: $329 [168]
  3759/4097: $330 [168]
  3760/4097: $329 [167]
  3761/4097: $330 [167]
  3762/4097: $329 [166]
  3763/4097: $330 [166]
  3764/4097: $329 [165]
  3765/4097: $330 [165]
  3766/4097: $329 [164]
  3767/4097: $330 [164]
  3768/4097: $329 [163]
  3769/4097: $330 [163]
  3770/4097: $329 [162]
  3771/4097: $330 [162]
  3772/4097: $329 [161]
  3773/4097: $330 [161]
  3774/4097: $329 [160]
  3775/4097: $330 [160]
  3776/4097: $329 [159]
  3777/4097: $330 [159]
  3778/4097: $329 [158]
  3779/4097: $330 [158]
  3780/4097: $329 [157]
  3781/4097: $330 [157]
  3782/4097: $329 [156]
  3783/4097: $330 [156]
  3784/4097: $329 [155]
  3785/4097: $330 [155]
  3786/4097: $329 [154]
  3787/4097: $330 [154]
  3788/4097: $329 [153]
  3789/4097: $330 [153]
  3790/4097: $329 [152]
  3791/4097: $330 [152]
  3792/4097: $329 [151]
  3793/4097: $330 [151]
  3794/4097: $329 [150]
  3795/4097: $330 [150]
  3796/4097: $329 [149]
  3797/4097: $330 [149]
  3798/4097: $329 [148]
  3799/4097: $330 [148]
  3800/4097: $329 [147]
  3801/4097: $330 [147]
  3802/4097: $329 [146]
  3803/4097: $330 [146]
  3804/4097: $329 [145]
  3805/4097: $330 [145]
  3806/4097: $329 [144]
  3807/4097: $330 [144]
  3808/4097: $329 [143]
  3809/4097: $330 [143]
  3810/4097: $329 [142]
  3811/4097: $330 [142]
  3812/4097: $329 [141]
  3813/4097: $330 [141]
  3814/4097: $329 [140]
  3815/4097: $330 [140]
  3816/4097: $329 [139]
  3817/4097: $330 [139]
  3818/4097: $329 [138]
  3819/4097: $330 [138]
  3820/4097: $329 [137]
  3821/4097: $330 [137]
  3822/4097: $329 [136]
  3823/4097: $330 [136]
  3824/4097: $329 [135]
  3825/4097: $330 [135]
  3826/4097: $329 [134]
  3827/4097: $330 [134]
  3828/4097: $329 [133]
  3829/4097: $330 [133]
  3830/4097: $329 [132]
  3831/4097: $330 [132]
  3832/4097: $329 [131]
  3833/4097: $330 [131]
  3834/4097: $329 [130]
  3835/4097: $330 [130]
  3836/4097: $329 [129]
  3837/4097: $330 [129]
  3838/4097: $329 [128]
  3839/4097: $330 [128]
  3840/4097: $329 [127]
  3841/4097: $330 [127]
  3842/4097: $329 [126]
  3843/4097: $330 [126]
  3844/4097: $329 [125]
  3845/4097: $330 [125]
  3846/4097: $329 [124]
  3847/4097: $330 [124]
  3848/4097: $329 [123]
  3849/4097: $330 [123]
  3850/4097: $329 [122]
  3851/4097: $330 [122]
  3852/4097: $329 [121]
  3853/4097: $330 [121]
  3854/4097: $329 [120]
  3855/4097: $330 [120]
  3856/4097: $329 [119]
  3857/4097: $330 [119]
  3858/4097: $329 [118]
  3859/4097: $330 [118]
  3860/4097: $329 [117]
  3861/4097: $330 [117]
  3862/4097: $329 [116]
  3863/4097: $330 [116]
  3864/4097: $329 [115]
  3865/4097: $330 [115]
  3866/4097: $329 [114]
  3867/4097: $330 [114]
  3868/4097: $329 [113]
  3869/4097: $330 [113]
  3870/4097: $329 [112]
  3871/4097: $330 [112]
  3872/4097: $329 [111]
  3873/4097: $330 [111]
  3874/4097: $329 [110]
  3875/4097: $330 [110]
  3876/4097: $329 [109]
  3877/4097: $330 [109]
  3878/4097: $329 [108]
  3879/4097: $330 [108]
  3880/4097: $329 [107]
  3881/4097: $330 [107]
  3882/4097: $329 [106]
  3883/4097: $330 [106]
  3884/4097: $329 [105]
  3885/4097: $330 [105]
  3886/4097: $329 [104]
  3887/4097: $330 [104]
  3888/4097: $329 [103]
  3889/4097: $330 [103]
  3890/4097: $329 [102]
  3891/4097: $330 [102]
  3892/4097: $329 [101]
  3893/4097: $330 [101]
  3894/4097: $329 [100]
  3895/4097: $330 [100]
  3896/4097: $329 [99]
  3897/4097: $330 [99]
  3898/4097: $329 [98]
  3899/4097: $330 [98]
  3900/4097: $329 [97]
  3901/4097: $330 [97]
  3902/4097: $329 [96]
  3903/4097: $330 [96]
  3904/4097: $329 [95]
  3905/4097: $330 [95]
  3906/4097: $329 [94]
  3907/4097: $330 [94]
  3908/4097: $329 [93]
  3909/4097: $330 [93]
  3910/4097: $329 [92]
  3911/4097: $330 [92]
  3912/4097: $329 [91]
  3913/4097: $330 [91]
  3914/4097: $329 [90]
  3915/4097: $330 [90]
  3916/4097: $329 [89]
  3917/4097: $330 [89]
  3918/4097: $329 [88]
  3919/4097: $330 [88]
  3920/4097: $329 [87]
  3921/4097: $330 [87]
  3922/4097: $329 [86]
  3923/4097: $330 [86]
  3924/4097: $329 [85]
  3925/4097: $330 [85]
  3926/4097: $329 [84]
  3927/4097: $330 [84]
  3928/4097: $329 [83]
  3929/4097: $330 [83]
  3930/4097: $329 [82]
  3931/4097: $330 [82]
  3932/4097: $329 [81]
  3933/4097: $330 [81]
  3934/4097: $329 [80]
  3935/4097: $330 [80]
  3936/4097: $329 [79]
  3937/4097: $330 [79]
  3938/4097: $329 [78]
  3939/4097: $330 [78]
  3940/4097: $329 [77]
  3941/4097: $330 [77]
  3942/4097: $329 [76]
  3943/4097: $330 [76]
  3944/4097: $329 [75]
  3945/4097: $330 [75]
  3946/4097: $329 [74]
  3947/4097: $330 [74]
  3948/4097: $329 [73]
  3949/4097: $330 [73]
  3950/4097: $329 [72]
  3951/4097: $330 [72]
  3952/4097: $329 [71]
  3953/4097: $330 [71]
  3954/4097: $329 [70]
  3955/4097: $330 [70]
  3956/4097: $329 [69]
  3957/4097: $330 [69]
  3958/4097: $329 [68]
  3959/4097: $330 [68]
  3960/4097: $329 [67]
  3961/4097: $330 [67]
  3962/4097: $329 [66]
  3963/4097: $330 [66]
  3964/4097: $329 [65]
  3965/4097: $330 [65]
  3966/4097: $329 [64]
  3967/4097: $330 [64]
  3968/4097: $329 [63]
  3969/4097: $330 [63]
  3970/4097: $329 [62]
  3971/4097: $330 [62]
  3972/4097: $329 [61]
  3973/4097: $330 [61]
  3974/4097: $329 [60]
  3975/4097: $330 [60]
  3976/4097: $329 [59]
  3977/4097: $330 [59]
  3978/4097: $329 [58]
  3979/4097: $330 [58]
  3980/4097: $329 [57]
  3981/4097: $330 [57]
  3982/4097: $329 [56]
  3983/4097: $330 [56]
  3984/4097: $329 [55]
  3985/4097: $330 [55]
  3986/4097: $329 [54]
  3987/4097: $330 [54]
  3988/4097: $329 [53]
  3989/4097: $330 [53]
  3990/4097: $329 [52]
  3991/4097: $330 [52]
  3992/4097: $329 [51]
  3993/4097: $330 [51]
  3994/4097: $329 [50]
  3995/4097: $330 [50]
  3996/4097: $329 [49]
  3997/4097: $330 [49]
  3998/4097: $329 [48]
  3999/4097: $330 [48]
  4000/4097: $329 [47]
  4001/4097: $330 [47]
  4002/4097: $329 [46]
  4003/4097: $330 [46]
  4004/4097: $329 [45]
  4005/4097: $330 [45]
  4006/4097: $329 [44]
  4007/4097: $330 [44]
  4008/4097: $329 [43]
  4009/4097: $330 [43]
  4010/4097: $329 [42]
  4011/4097: $330 [42]
  4012/4097: $329 [41]
  4013/4097: $330 [41]
  4014/4097: $329 [40]
  4015/4097: $330 [40]
  4016/4097: $329 [39]
  4017/4097: $330 [39]
  4018/4097: $329 [38]
  4019/4097: $330 [38]
  4020/4097: $329 [37]
  4021/4097: $330 [37]
  4022/4097: $329 [36]
  4023/4097: $330 [36]
  4024/4097: $329 [35]
  4025/4097: $330 [35]
  4026/4097: $329 [34]
  4027/4097: $330 [34]
  4028/4097: $329 [33]
  4029/4097: $330 [33]
  4030/4097: $329 [32]
  4031/4097: $330 [32]
  4032/4097: $329 [31]
  4033/4097: $330 [31]
  4034/4097: $329 [30]
  4035/4097: $330 [30]
  4036/4097: $329 [29]
  4037/4097: $330 [29]
  4038/4097: $329 [28]
  4039/4097: $330 [28]
  4040/4097: $329 [27]
  4041/4097: $330 [27]
  4042/4097: $329 [26]
  4043/4097: $330 [26]
  4044/4097: $329 [25]
  4045/4097: $330 [25]
  4046/4097: $329 [24]
  4047/4097: $330 [24]
  4048/4097: $329 [23]
  4049/4097: $330 [23]
  4050/4097: $329 [22]
  4051/4097: $330 [22]
  4052/4097: $329 [21]
  4053/4097: $330 [21]
  4054/4097: $329 [20]
  4055/4097: $330 [20]
  4056/4097: $329 [19]
  4057/4097: $330 [19]
  4058/4097: $329 [18]
  4059/4097: $330 [18]
  4060/4097: $329 [17]
  4061/4097: $330 [17]
  4062/4097: $329 [16]
  4063/4097: $330 [16]
  4064/4097: $329 [15]
  4065/4097: $330 [15]
  4066/4097: $329 [14]
  4067/4097: $330 [14]
  4068/4097: $329 [13]
  4069/4097: $330 [13]
  4070/4097: $329 [12]
  4071/4097: $330 [12]
  4072/4097: $329 [11]
  4073/4097: $330 [11]
  4074/4097: $329 [10]
  4075/4097: $330 [10]
  4076/4097: $329 [9]
  4077/4097: $330 [9]
  4078/4097: $329 [8]
  4079/4097: $330 [8]
  4080/4097: $329 [7]
  4081/4097: $330 [7]
  4082/4097: $329 [6]
  4083/4097: $330 [6]
  4084/4097: $329 [5]
  4085/4097: $330 [5]
  4086/4097: $329 [4]
  4087/4097: $330 [4]
  4088/4097: $329 [3]
  4089/4097: $330 [3]
  4090/4097: $329 [2]
  4091/4097: $330 [2]
  4092/4097: $329 [1]
  4093/4097: $330 [1]
  4094/4097: $329 [0]
  4095/4097: $330 [0]
  4096/4097: $u_core.u_icache.u_riscv32_icache_data_array.data_array_q$328
  4097/4097: $330 [2047]
Creating decoders for process `\riscv32_npc_system.$4118'.
     1/3: $u_core.u_data_mem.gen_dcache.u_dcache.miss_resp_ready$4122
     2/3: $u_core.u_data_mem.gen_dcache.u_dcache.data_memory_resp_valid_o$4121
     3/3: $u_core.u_data_mem.gen_dcache.u_dcache.data_memory_resp_o$4120
Creating decoders for process `\riscv32_npc_system.$4104'.
     1/1: $u_core.u_data_mem.gen_dcache.u_dcache.replacement_way_index_array_q$4117
Creating decoders for process `\riscv32_npc_system.$288'.
     1/1: $300
Creating decoders for process `\riscv32_npc_system.$219'.
     1/18: $286
     2/18: $277
     3/18: $268
     4/18: $265
     5/18: $262
     6/18: $259
     7/18: $256
     8/18: $253
     9/18: $250
    10/18: $247
    11/18: $244
    12/18: $241
    13/18: $238
    14/18: $235
    15/18: $232
    16/18: $229
    17/18: $226
    18/18: $223
Creating decoders for process `\riscv32_npc_system.$200'.
     1/2: $u_core.u_icache.u_riscv32_icache_tag_array.read_line_present_vector_q$218
     2/2: $209
Creating decoders for process `\riscv32_npc_system.$192'.
     1/4: $u_core.u_icache.lookup_s1_present_q$197
     2/4: $u_core.u_icache.lookup_cacheable_s1_q$196
     3/4: $u_core.u_icache.lookup_executable_s1_q$195
     4/4: $u_core.u_icache.lookup_s1_q$194
Creating decoders for process `\riscv32_npc_system.$180'.
     1/11: $u_core.u_icache.lookup_cacheable_s1_d$183
     2/11: $u_core.u_icache.lookup_executable_s1_d$182
     3/11: $u_core.u_icache.lookup_s1_d$181
     4/11: $u_core.u_icache.lookup_s1_present_d$187
     5/11: $u_core.u_icache.lookup_cacheable_s1_d$186
     6/11: $u_core.u_icache.lookup_executable_s1_d$185
     7/11: $u_core.u_icache.lookup_s1_d$184
     8/11: $u_core.u_icache.lookup_s1_present_d$191
     9/11: $u_core.u_icache.lookup_cacheable_s1_d$190
    10/11: $u_core.u_icache.lookup_executable_s1_d$189
    11/11: $u_core.u_icache.lookup_s1_d$188
Creating decoders for process `\riscv32_npc_system.$4088'.
     1/4: $u_core.u_data_mem.gen_dcache.u_dcache.replacement_invalid_way_found$4103
     2/4: $u_core.u_data_mem.gen_dcache.u_dcache.replacement_way_index$4102
     3/4: $u_core.u_data_mem.gen_dcache.u_dcache.replacement_invalid_way_found$4098
     4/4: $u_core.u_data_mem.gen_dcache.u_dcache.replacement_way_index$4097
Creating decoders for process `\riscv32_npc_system.$4048'.
     1/17: $$root.riscv32_pkg.merge_store_bytes.merged_word[31:24]$4083
     2/17: $$root.riscv32_pkg.merge_store_bytes.merged_word[23:16]$4082
     3/17: $$root.riscv32_pkg.merge_store_bytes.merged_word[15:8]$4081
     4/17: $$root.riscv32_pkg.merge_store_bytes.merged_word[7:0]$4080
     5/17: $u_core.u_data_mem.gen_dcache.u_dcache.lookup_hit_word_data$4084
     6/17: $u_core.u_data_mem.gen_dcache.u_dcache.lookup_hit_word_data$4087
     7/17: $u_core.u_data_mem.gen_dcache.u_dcache.lookup_hit_way_index$4086
     8/17: $u_core.u_data_mem.gen_dcache.u_dcache.lookup_hit$4085
     9/17: $$root.riscv32_pkg.merge_store_bytes.merged_word[31:24]$4067
    10/17: $$root.riscv32_pkg.merge_store_bytes.merged_word[23:16]$4066
    11/17: $$root.riscv32_pkg.merge_store_bytes.merged_word[15:8]$4065
    12/17: $$root.riscv32_pkg.merge_store_bytes.merged_word[7:0]$4064
    13/17: $u_core.u_data_mem.gen_dcache.u_dcache.lookup_hit_word_data$4068
    14/17: $u_core.u_data_mem.gen_dcache.u_dcache.lookup_hit_word_data$4071
    15/17: $u_core.u_data_mem.gen_dcache.u_dcache.lookup_hit_way_index$4070
    16/17: $u_core.u_data_mem.gen_dcache.u_dcache.lookup_hit$4069
    17/17: $u_core.u_data_mem.gen_dcache.u_dcache.lookup_line_dirty_vector$4056
Creating decoders for process `\riscv32_npc_system.$170'.
     1/14: $u_core.u_icache.u_riscv32_pma.memory_attr_o$175 [5:3]
     2/14: $u_core.u_icache.u_riscv32_pma.memory_attr_o$174 [2]
     3/14: $u_core.u_icache.u_riscv32_pma.memory_attr_o$172 [5:4]
     4/14: $u_core.u_icache.u_riscv32_pma.memory_attr_o$172 [3:0]
     5/14: $u_core.u_icache.u_riscv32_pma.memory_attr_o$173 [4]
     6/14: $u_core.u_icache.u_riscv32_pma.memory_attr_o[5:4]$171
     7/14: $u_core.u_icache.u_riscv32_pma.memory_attr_o$173 [3:0]
     8/14: $u_core.u_icache.u_riscv32_pma.memory_attr_o$174 [4]
     9/14: $u_core.u_icache.u_riscv32_pma.memory_attr_o$174 [3]
    10/14: $u_core.u_icache.u_riscv32_pma.memory_attr_o$173 [5]
    11/14: $u_core.u_icache.u_riscv32_pma.memory_attr_o$174 [1:0]
    12/14: $u_core.u_icache.u_riscv32_pma.memory_attr_o$175 [2]
    13/14: $u_core.u_icache.u_riscv32_pma.memory_attr_o$174 [5]
    14/14: $u_core.u_icache.u_riscv32_pma.memory_attr_o$175 [1:0]
Creating decoders for process `\riscv32_npc_system.$4660'.
     1/2: $u_core.u_wb_reg.writeback_result_valid_d$4662
     2/2: $u_core.u_wb_reg.writeback_result_valid_d$4661
Creating decoders for process `\riscv32_npc_system.$109'.
     1/1: $u_core.u_ifu.pending_prediction_q$110
Creating decoders for process `\riscv32_npc_system.$4653'.
     1/2: $u_core.u_completion_mux.writeback_result_valid_o$4655
     2/2: $u_core.u_completion_mux.writeback_result_o$4654
Creating decoders for process `\riscv32_npc_system.$77'.
     1/4: $97
     2/4: $93
     3/4: $89
     4/4: $85
Creating decoders for process `\riscv32_npc_system.$54'.
     1/12: $u_core.u_ifu.lookup_queue_write_index_d$73
     2/12: $u_core.u_ifu.lookup_queue_read_index_d$72
     3/12: $u_core.u_ifu.lookup_queue_entry_count_d$71
     4/12: $u_core.u_ifu.lookup_queue_write_index_d$76
     5/12: $u_core.u_ifu.lookup_queue_read_index_d$75
     6/12: $u_core.u_ifu.lookup_queue_entry_count_d$74
     7/12: $u_core.u_ifu.lookup_queue_write_index_d$61
     8/12: $u_core.u_ifu.lookup_queue_entry_count_d$59
     9/12: $u_core.u_ifu.lookup_queue_read_index_d$60
    10/12: $u_core.u_ifu.lookup_queue_entry_count_d$62
    11/12: $u_core.u_ifu.lookup_queue_write_index_d$64
    12/12: $u_core.u_ifu.lookup_queue_read_index_d$63
Creating decoders for process `\riscv32_npc_system.$40'.
     1/2: $u_core.u_ifu.lookup_queue_front_prediction$47
     2/2: $u_core.u_ifu.lookup_queue_front_request$46
Creating decoders for process `\riscv32_npc_system.$3979'.
     1/4: $4038
     2/4: $4023
     3/4: $4008
     4/4: $3993
Creating decoders for process `\riscv32_npc_system.$26'.
     1/5: $u_core.u_ifu.next_frontend_tag_d$36
     2/5: $u_core.u_ifu.predictor_fetch_pc_d$31
     3/5: $u_core.u_ifu.predictor_fetch_pc_d$32
     4/5: $u_core.u_ifu.predictor_fetch_pc_d$33
     5/5: $u_core.u_ifu.current_fetch_epoch_d$34
Creating decoders for process `\riscv32_npc_system.$3944'.
     1/2: $3973
     2/2: $3958
Creating decoders for process `\riscv32_npc_system.$3818'.
     1/35: $3942
     2/35: $3933
     3/35: $3923
     4/35: $3914
     5/35: $3911
     6/35: $3908
     7/35: $3905
     8/35: $3902
     9/35: $3899
    10/35: $3896
    11/35: $3893
    12/35: $3890
    13/35: $3887
    14/35: $3884
    15/35: $3881
    16/35: $3878
    17/35: $3875
    18/35: $3872
    19/35: $3869
    20/35: $3866
    21/35: $3863
    22/35: $3860
    23/35: $3857
    24/35: $3854
    25/35: $3851
    26/35: $3848
    27/35: $3845
    28/35: $3842
    29/35: $3839
    30/35: $3836
    31/35: $3833
    32/35: $3830
    33/35: $3827
    34/35: $3824
    35/35: $3821

1.9. Executing PROC_CLEAN pass (remove empty switches from decision trees).
Found and cleaned up 1 empty switch in `\riscv32_npc_system.$3763'.
Removing empty process `riscv32_npc_system.$3763'.
Found and cleaned up 3 empty switches in `\riscv32_npc_system.$3748'.
Removing empty process `riscv32_npc_system.$3748'.
Found and cleaned up 3 empty switches in `\riscv32_npc_system.$4862'.
Removing empty process `riscv32_npc_system.$4862'.
Found and cleaned up 1 empty switch in `\riscv32_npc_system.$3743'.
Removing empty process `riscv32_npc_system.$3743'.
Found and cleaned up 3 empty switches in `\riscv32_npc_system.$3740'.
Removing empty process `riscv32_npc_system.$3740'.
Found and cleaned up 3 empty switches in `\riscv32_npc_system.$4859'.
Removing empty process `riscv32_npc_system.$4859'.
Found and cleaned up 7 empty switches in `\riscv32_npc_system.$4832'.
Removing empty process `riscv32_npc_system.$4832'.
Found and cleaned up 5 empty switches in `\riscv32_npc_system.$3719'.
Removing empty process `riscv32_npc_system.$3719'.
Found and cleaned up 1 empty switch in `\riscv32_npc_system.$3687'.
Removing empty process `riscv32_npc_system.$3687'.
Found and cleaned up 1 empty switch in `\riscv32_npc_system.$3685'.
Removing empty process `riscv32_npc_system.$3685'.
Found and cleaned up 5 empty switches in `\riscv32_npc_system.$3667'.
Removing empty process `riscv32_npc_system.$3667'.
Found and cleaned up 9 empty switches in `\riscv32_npc_system.$3661'.
Removing empty process `riscv32_npc_system.$3661'.
Found and cleaned up 12 empty switches in `\riscv32_npc_system.$5030'.
Removing empty process `riscv32_npc_system.$5030'.
Found and cleaned up 1 empty switch in `\riscv32_npc_system.$3616'.
Removing empty process `riscv32_npc_system.$3616'.
Found and cleaned up 17 empty switches in `\riscv32_npc_system.$4617'.
Removing empty process `riscv32_npc_system.$4617'.
Found and cleaned up 11 empty switches in `\riscv32_npc_system.$3602'.
Removing empty process `riscv32_npc_system.$3602'.
Found and cleaned up 3 empty switches in `\riscv32_npc_system.$3596'.
Removing empty process `riscv32_npc_system.$3596'.
Found and cleaned up 5 empty switches in `\riscv32_npc_system.$3557'.
Removing empty process `riscv32_npc_system.$3557'.
Found and cleaned up 3 empty switches in `\riscv32_npc_system.$3547'.
Removing empty process `riscv32_npc_system.$3547'.
Found and cleaned up 1 empty switch in `\riscv32_npc_system.$3540'.
Removing empty process `riscv32_npc_system.$3540'.
Found and cleaned up 3 empty switches in `\riscv32_npc_system.$4598'.
Removing empty process `riscv32_npc_system.$4598'.
Found and cleaned up 5 empty switches in `\riscv32_npc_system.$3510'.
Removing empty process `riscv32_npc_system.$3510'.
Found and cleaned up 19 empty switches in `\riscv32_npc_system.$5149'.
Removing empty process `riscv32_npc_system.$5149'.
Found and cleaned up 9 empty switches in `\riscv32_npc_system.$4804'.
Removing empty process `riscv32_npc_system.$4804'.
Found and cleaned up 1 empty switch in `\riscv32_npc_system.$3493'.
Removing empty process `riscv32_npc_system.$3493'.
Found and cleaned up 3 empty switches in `\riscv32_npc_system.$3490'.
Removing empty process `riscv32_npc_system.$3490'.
Found and cleaned up 1 empty switch in `\riscv32_npc_system.$3484'.
Removing empty process `riscv32_npc_system.$3484'.
Found and cleaned up 3 empty switches in `\riscv32_npc_system.$4772'.
Removing empty process `riscv32_npc_system.$4772'.
Found and cleaned up 7 empty switches in `\riscv32_npc_system.$4764'.
Removing empty process `riscv32_npc_system.$4764'.
Found and cleaned up 7 empty switches in `\riscv32_npc_system.$3446'.
Removing empty process `riscv32_npc_system.$3446'.
Found and cleaned up 1 empty switch in `\riscv32_npc_system.$3440'.
Removing empty process `riscv32_npc_system.$3440'.
Found and cleaned up 1 empty switch in `\riscv32_npc_system.$3428'.
Removing empty process `riscv32_npc_system.$3428'.
Found and cleaned up 1 empty switch in `\riscv32_npc_system.$3420'.
Removing empty process `riscv32_npc_system.$3420'.
Found and cleaned up 1 empty switch in `\riscv32_npc_system.$3408'.
Removing empty process `riscv32_npc_system.$3408'.
Found and cleaned up 1 empty switch in `\riscv32_npc_system.$3401'.
Removing empty process `riscv32_npc_system.$3401'.
Found and cleaned up 3 empty switches in `\riscv32_npc_system.$3385'.
Removing empty process `riscv32_npc_system.$3385'.
Found and cleaned up 1 empty switch in `\riscv32_npc_system.$3383'.
Removing empty process `riscv32_npc_system.$3383'.
Found and cleaned up 21 empty switches in `\riscv32_npc_system.$3353'.
Removing empty process `riscv32_npc_system.$3353'.
Found and cleaned up 5 empty switches in `\riscv32_npc_system.$4733'.
Removing empty process `riscv32_npc_system.$4733'.
Found and cleaned up 7 empty switches in `\riscv32_npc_system.$3135'.
Removing empty process `riscv32_npc_system.$3135'.
Found and cleaned up 3 empty switches in `\riscv32_npc_system.$3123'.
Removing empty process `riscv32_npc_system.$3123'.
Found and cleaned up 3 empty switches in `\riscv32_npc_system.$4722'.
Removing empty process `riscv32_npc_system.$4722'.
Found and cleaned up 15 empty switches in `\riscv32_npc_system.$4513'.
Removing empty process `riscv32_npc_system.$4513'.
Found and cleaned up 1 empty switch in `\riscv32_npc_system.$3112'.
Removing empty process `riscv32_npc_system.$3112'.
Found and cleaned up 9 empty switches in `\riscv32_npc_system.$4500'.
Removing empty process `riscv32_npc_system.$4500'.
Found and cleaned up 7 empty switches in `\riscv32_npc_system.$3090'.
Removing empty process `riscv32_npc_system.$3090'.
Found and cleaned up 7 empty switches in `\riscv32_npc_system.$4470'.
Removing empty process `riscv32_npc_system.$4470'.
Found and cleaned up 7 empty switches in `\riscv32_npc_system.$3068'.
Removing empty process `riscv32_npc_system.$3068'.
Found and cleaned up 1 empty switch in `\riscv32_npc_system.$3059'.
Removing empty process `riscv32_npc_system.$3059'.
Removing empty process `riscv32_npc_system.$3056'.
Found and cleaned up 1 empty switch in `\riscv32_npc_system.$3050'.
Removing empty process `riscv32_npc_system.$3050'.
Found and cleaned up 57 empty switches in `\riscv32_npc_system.$2919'.
Removing empty process `riscv32_npc_system.$2919'.
Found and cleaned up 17 empty switches in `\riscv32_npc_system.$5089'.
Removing empty process `riscv32_npc_system.$5089'.
Found and cleaned up 1 empty switch in `\riscv32_npc_system.$5077'.
Removing empty process `riscv32_npc_system.$5077'.
Found and cleaned up 9 empty switches in `\riscv32_npc_system.$4697'.
Removing empty process `riscv32_npc_system.$4697'.
Found and cleaned up 11 empty switches in `\riscv32_npc_system.$2890'.
Removing empty process `riscv32_npc_system.$2890'.
Found and cleaned up 1 empty switch in `\riscv32_npc_system.$2877'.
Removing empty process `riscv32_npc_system.$2877'.
Found and cleaned up 33 empty switches in `\riscv32_npc_system.$4368'.
Removing empty process `riscv32_npc_system.$4368'.
Found and cleaned up 13 empty switches in `\riscv32_npc_system.$4303'.
Removing empty process `riscv32_npc_system.$4303'.
Found and cleaned up 7 empty switches in `\riscv32_npc_system.$4281'.
Removing empty process `riscv32_npc_system.$4281'.
Found and cleaned up 5 empty switches in `\riscv32_npc_system.$2845'.
Removing empty process `riscv32_npc_system.$2845'.
Found and cleaned up 7 empty switches in `\riscv32_npc_system.$2829'.
Removing empty process `riscv32_npc_system.$2829'.
Found and cleaned up 1 empty switch in `\riscv32_npc_system.$2825'.
Removing empty process `riscv32_npc_system.$2825'.
Found and cleaned up 1 empty switch in `\riscv32_npc_system.$4242'.
Removing empty process `riscv32_npc_system.$4242'.
Found and cleaned up 9 empty switches in `\riscv32_npc_system.$2805'.
Removing empty process `riscv32_npc_system.$2805'.
Found and cleaned up 5 empty switches in `\riscv32_npc_system.$2799'.
Removing empty process `riscv32_npc_system.$2799'.
Found and cleaned up 3 empty switches in `\riscv32_npc_system.$2790'.
Removing empty process `riscv32_npc_system.$2790'.
Found and cleaned up 5 empty switches in `\riscv32_npc_system.$2737'.
Removing empty process `riscv32_npc_system.$2737'.
Found and cleaned up 1 empty switch in `\riscv32_npc_system.$2709'.
Removing empty process `riscv32_npc_system.$2709'.
Found and cleaned up 9 empty switches in `\riscv32_npc_system.$2654'.
Removing empty process `riscv32_npc_system.$2654'.
Found and cleaned up 3 empty switches in `\riscv32_npc_system.$2616'.
Removing empty process `riscv32_npc_system.$2616'.
Found and cleaned up 1 empty switch in `\riscv32_npc_system.$2603'.
Removing empty process `riscv32_npc_system.$2603'.
Found and cleaned up 3 empty switches in `\riscv32_npc_system.$2602'.
Removing empty process `riscv32_npc_system.$2602'.
Found and cleaned up 1 empty switch in `\riscv32_npc_system.$2577'.
Removing empty process `riscv32_npc_system.$2577'.
Found and cleaned up 1 empty switch in `\riscv32_npc_system.$4231'.
Removing empty process `riscv32_npc_system.$4231'.
Found and cleaned up 1 empty switch in `\riscv32_npc_system.$2553'.
Removing empty process `riscv32_npc_system.$2553'.
Found and cleaned up 7 empty switches in `\riscv32_npc_system.$2542'.
Removing empty process `riscv32_npc_system.$2542'.
Found and cleaned up 22 empty switches in `\riscv32_npc_system.$5126'.
Removing empty process `riscv32_npc_system.$5126'.
Found and cleaned up 9 empty switches in `\riscv32_npc_system.$4982'.
Removing empty process `riscv32_npc_system.$4982'.
Found and cleaned up 3 empty switches in `\riscv32_npc_system.$4977'.
Removing empty process `riscv32_npc_system.$4977'.
Found and cleaned up 11 empty switches in `\riscv32_npc_system.$4201'.
Removing empty process `riscv32_npc_system.$4201'.
Found and cleaned up 3 empty switches in `\riscv32_npc_system.$4168'.
Removing empty process `riscv32_npc_system.$4168'.
Found and cleaned up 15 empty switches in `\riscv32_npc_system.$2466'.
Removing empty process `riscv32_npc_system.$2466'.
Found and cleaned up 3 empty switches in `\riscv32_npc_system.$4148'.
Removing empty process `riscv32_npc_system.$4148'.
Found and cleaned up 1 empty switch in `\riscv32_npc_system.$2431'.
Removing empty process `riscv32_npc_system.$2431'.
Found and cleaned up 1 empty switch in `\riscv32_npc_system.$2410'.
Removing empty process `riscv32_npc_system.$2410'.
Found and cleaned up 1 empty switch in `\riscv32_npc_system.$2400'.
Removing empty process `riscv32_npc_system.$2400'.
Found and cleaned up 1 empty switch in `\riscv32_npc_system.$4663'.
Removing empty process `riscv32_npc_system.$4663'.
Found and cleaned up 1 empty switch in `\riscv32_npc_system.$2379'.
Removing empty process `riscv32_npc_system.$2379'.
Found and cleaned up 2049 empty switches in `\riscv32_npc_system.$308'.
Removing empty process `riscv32_npc_system.$308'.
Found and cleaned up 1 empty switch in `\riscv32_npc_system.$4118'.
Removing empty process `riscv32_npc_system.$4118'.
Found and cleaned up 1 empty switch in `\riscv32_npc_system.$4104'.
Removing empty process `riscv32_npc_system.$4104'.
Found and cleaned up 1 empty switch in `\riscv32_npc_system.$288'.
Removing empty process `riscv32_npc_system.$288'.
Found and cleaned up 3 empty switches in `\riscv32_npc_system.$219'.
Removing empty process `riscv32_npc_system.$219'.
Found and cleaned up 1 empty switch in `\riscv32_npc_system.$200'.
Removing empty process `riscv32_npc_system.$200'.
Found and cleaned up 1 empty switch in `\riscv32_npc_system.$192'.
Removing empty process `riscv32_npc_system.$192'.
Found and cleaned up 5 empty switches in `\riscv32_npc_system.$180'.
Removing empty process `riscv32_npc_system.$180'.
Found and cleaned up 3 empty switches in `\riscv32_npc_system.$4088'.
Removing empty process `riscv32_npc_system.$4088'.
Found and cleaned up 25 empty switches in `\riscv32_npc_system.$4048'.
Removing empty process `riscv32_npc_system.$4048'.
Found and cleaned up 9 empty switches in `\riscv32_npc_system.$170'.
Removing empty process `riscv32_npc_system.$170'.
Found and cleaned up 3 empty switches in `\riscv32_npc_system.$4660'.
Removing empty process `riscv32_npc_system.$4660'.
Found and cleaned up 1 empty switch in `\riscv32_npc_system.$109'.
Removing empty process `riscv32_npc_system.$109'.
Found and cleaned up 1 empty switch in `\riscv32_npc_system.$4653'.
Removing empty process `riscv32_npc_system.$4653'.
Found and cleaned up 1 empty switch in `\riscv32_npc_system.$77'.
Removing empty process `riscv32_npc_system.$77'.
Found and cleaned up 7 empty switches in `\riscv32_npc_system.$54'.
Removing empty process `riscv32_npc_system.$54'.
Found and cleaned up 1 empty switch in `\riscv32_npc_system.$40'.
Removing empty process `riscv32_npc_system.$40'.
Found and cleaned up 5 empty switches in `\riscv32_npc_system.$3979'.
Removing empty process `riscv32_npc_system.$3979'.
Found and cleaned up 7 empty switches in `\riscv32_npc_system.$26'.
Removing empty process `riscv32_npc_system.$26'.
Found and cleaned up 1 empty switch in `\riscv32_npc_system.$3944'.
Removing empty process `riscv32_npc_system.$3944'.
Found and cleaned up 3 empty switches in `\riscv32_npc_system.$3818'.
Removing empty process `riscv32_npc_system.$3818'.
Cleaned up 2661 empty switches.

1.10. Executing OPT_EXPR pass (perform const folding).
Optimizing module riscv32_npc_system.
Couldn't topologically sort cells, optimizing module riscv32_npc_system may take a longer time.
Couldn't topologically sort cells, optimizing module riscv32_npc_system may take a longer time.
Couldn't topologically sort cells, optimizing module riscv32_npc_system may take a longer time.
<suppressed ~484 debug messages>

2. Executing PROC pass (convert processes to netlists).

2.1. Executing PROC_CLEAN pass (remove empty switches from decision trees).
Cleaned up 0 empty switches.

2.2. Executing PROC_RMDEAD pass (remove dead branches from decision trees).
Removed a total of 0 dead cases.

2.3. Executing PROC_PRUNE pass (remove redundant assignments in processes).
Removed 0 redundant assignments.
Promoted 0 assignments to connections.

2.4. Executing PROC_INIT pass (extract init attributes).

2.5. Executing PROC_ARST pass (detect async resets in processes).

2.6. Executing PROC_ROM pass (convert switches to ROMs).
Converted 0 switches.

2.7. Executing PROC_MUX pass (convert decision trees to multiplexers).

2.8. Executing PROC_DLATCH pass (convert process syncs to latches).

2.9. Executing PROC_DFF pass (convert process syncs to FFs).

2.10. Executing PROC_MEMWR pass (convert process memory writes to cells).

2.11. Executing PROC_CLEAN pass (remove empty switches from decision trees).
Cleaned up 0 empty switches.

2.12. Executing OPT_EXPR pass (perform const folding).
Optimizing module riscv32_npc_system.
Couldn't topologically sort cells, optimizing module riscv32_npc_system may take a longer time.
Couldn't topologically sort cells, optimizing module riscv32_npc_system may take a longer time.
<suppressed ~3 debug messages>

3. Executing OPT pass (performing simple optimizations).

3.1. Executing OPT_EXPR pass (perform const folding).
Optimizing module riscv32_npc_system.
Couldn't topologically sort cells, optimizing module riscv32_npc_system may take a longer time.
Couldn't topologically sort cells, optimizing module riscv32_npc_system may take a longer time.
Couldn't topologically sort cells, optimizing module riscv32_npc_system may take a longer time.
Couldn't topologically sort cells, optimizing module riscv32_npc_system may take a longer time.
Couldn't topologically sort cells, optimizing module riscv32_npc_system may take a longer time.
Couldn't topologically sort cells, optimizing module riscv32_npc_system may take a longer time.
<suppressed ~27 debug messages>

3.2. Executing OPT_MERGE pass (detect identical cells).
Finding identical cells in module `\riscv32_npc_system'.
<suppressed ~3228 debug messages>
Removed a total of 1076 cells.

3.3. Executing OPT_MUXTREE pass (detect dead branches in mux trees).
Running muxtree optimizer on module \riscv32_npc_system..
  Creating internal representation of mux trees.
  Evaluating internal representation of mux trees.
      Replacing known input bits on port B of cell $procmux$1096: $4734y -> 1'1
      Replacing known input bits on port B of cell $procmux$1065: $4734y -> 1'0
      Replacing known input bits on port A of cell $procmux$1013: $4734y -> 1'0
      Replacing known input bits on port A of cell $procmux$384: \u_clint.read_state_q -> 1'0
      Replacing known input bits on port A of cell $procmux$370: \u_clint.read_state_q -> 1'1
      Replacing known input bits on port A of cell $procmux$348: \u_clint.read_state_q -> 1'1
  Analyzing evaluation results.
    dead port 2/2 on $mux $procmux$21361.
    dead port 2/2 on $mux $procmux$21359.
    dead port 2/2 on $mux $procmux$21355.
    dead port 2/2 on $mux $procmux$21353.
    dead port 2/2 on $mux $procmux$21348.
    dead port 2/2 on $mux $procmux$21346.
    dead port 2/2 on $mux $procmux$4734.
    dead port 2/2 on $mux $procmux$4730.
    dead port 2/2 on $mux $procmux$4726.
    dead port 2/2 on $mux $procmux$4722.
    dead port 2/2 on $mux $procmux$4718.
    dead port 2/2 on $mux $procmux$21341.
    dead port 2/2 on $mux $procmux$21339.
    dead port 1/2 on $mux $procmux$21332.
    dead port 2/2 on $mux $procmux$21332.
    dead port 1/2 on $mux $procmux$21327.
    dead port 2/2 on $mux $procmux$21327.
    dead port 1/2 on $mux $procmux$21308.
    dead port 1/2 on $mux $procmux$21302.
    dead port 2/2 on $mux $procmux$4666.
    dead port 2/2 on $mux $procmux$4659.
    dead port 1/2 on $mux $procmux$21296.
    dead port 2/2 on $mux $procmux$4652.
    dead port 2/2 on $mux $procmux$4645.
    dead port 1/2 on $mux $procmux$21290.
    dead port 2/2 on $mux $procmux$4638.
    dead port 2/2 on $mux $procmux$4631.
    dead port 1/2 on $mux $procmux$21284.
    dead port 2/2 on $mux $procmux$4624.
    dead port 2/2 on $mux $procmux$21281.
    dead port 1/2 on $mux $procmux$21277.
    dead port 2/2 on $mux $procmux$21274.
    dead port 2/2 on $mux $procmux$4608.
    dead port 1/2 on $mux $procmux$21270.
    dead port 2/2 on $mux $procmux$4602.
    dead port 2/2 on $mux $procmux$21267.
    dead port 2/2 on $mux $procmux$4596.
    dead port 2/2 on $mux $procmux$4590.
    dead port 2/2 on $mux $procmux$4584.
    dead port 2/2 on $mux $procmux$4578.
    dead port 2/2 on $mux $procmux$4572.
    dead port 2/2 on $mux $procmux$4566.
    dead port 2/2 on $mux $procmux$4564.
    dead port 2/2 on $mux $procmux$4559.
    dead port 2/2 on $mux $procmux$4557.
    dead port 2/2 on $mux $procmux$4545.
    dead port 2/2 on $mux $procmux$4543.
    dead port 2/2 on $mux $procmux$4538.
    dead port 2/2 on $mux $procmux$4536.
    dead port 2/2 on $mux $procmux$4530.
    dead port 2/2 on $mux $procmux$4526.
    dead port 2/2 on $mux $procmux$4522.
    dead port 2/2 on $mux $procmux$4518.
    dead port 2/2 on $mux $procmux$4514.
    dead port 2/2 on $mux $procmux$4480.
    dead port 2/2 on $mux $procmux$4473.
    dead port 2/2 on $mux $procmux$4466.
    dead port 2/2 on $mux $procmux$4451.
    dead port 2/2 on $mux $procmux$4445.
    dead port 2/2 on $mux $procmux$4439.
    dead port 2/2 on $mux $procmux$4434.
    dead port 2/2 on $mux $procmux$4429.
    dead port 1/2 on $mux $procmux$4410.
    dead port 1/2 on $mux $procmux$4405.
    dead port 1/2 on $mux $procmux$4400.
    dead port 2/2 on $mux $procmux$4378.
    dead port 2/2 on $mux $procmux$4373.
    dead port 2/2 on $mux $procmux$4367.
    dead port 1/2 on $mux $procmux$4351.
    dead port 1/2 on $mux $procmux$4346.
    dead port 2/2 on $mux $procmux$4329.
    dead port 2/2 on $mux $procmux$4322.
    dead port 2/2 on $mux $procmux$4320.
    dead port 2/2 on $mux $procmux$4315.
    dead port 2/2 on $mux $procmux$4313.
    dead port 2/2 on $mux $procmux$4307.
    dead port 2/2 on $mux $procmux$4305.
    dead port 2/2 on $mux $procmux$4299.
    dead port 2/2 on $mux $procmux$4297.
    dead port 2/2 on $mux $procmux$4291.
    dead port 2/2 on $mux $procmux$4289.
    dead port 2/2 on $mux $procmux$4285.
    dead port 2/2 on $mux $procmux$4283.
    dead port 2/2 on $mux $procmux$4278.
    dead port 2/2 on $mux $procmux$4276.
    dead port 1/2 on $mux $procmux$21173.
    dead port 2/2 on $mux $procmux$21173.
    dead port 2/2 on $mux $procmux$4271.
    dead port 2/2 on $mux $procmux$4269.
    dead port 1/2 on $mux $procmux$4222.
    dead port 2/2 on $mux $procmux$4222.
    dead port 1/2 on $mux $procmux$4196.
    dead port 1/2 on $mux $procmux$4191.
    dead port 1/2 on $mux $procmux$4173.
    dead port 1/2 on $mux $procmux$4168.
    dead port 1/2 on $mux $procmux$4146.
    dead port 1/2 on $mux $procmux$4140.
    dead port 1/2 on $mux $procmux$4134.
    dead port 2/2 on $mux $procmux$4131.
    dead port 1/2 on $mux $procmux$4124.
    dead port 2/2 on $mux $procmux$4108.
    dead port 2/2 on $mux $procmux$4084.
    dead port 2/2 on $mux $procmux$4077.
    dead port 2/2 on $mux $procmux$4071.
    dead port 2/2 on $mux $procmux$4065.
    dead port 2/2 on $mux $procmux$4060.
    dead port 2/2 on $mux $procmux$4029.
    dead port 2/2 on $mux $procmux$4024.
    dead port 2/2 on $mux $procmux$4017.
    dead port 2/2 on $mux $procmux$4015.
    dead port 2/2 on $mux $procmux$3887.
    dead port 2/2 on $mux $procmux$3878.
    dead port 2/2 on $mux $procmux$3869.
    dead port 2/2 on $mux $procmux$3854.
    dead port 2/2 on $mux $procmux$3805.
    dead port 2/2 on $mux $procmux$3800.
    dead port 2/2 on $mux $procmux$3795.
    dead port 2/2 on $mux $procmux$3793.
    dead port 2/2 on $mux $procmux$3788.
    dead port 2/2 on $mux $procmux$3786.
    dead port 2/2 on $mux $procmux$3655.
    dead port 2/2 on $mux $procmux$3642.
    dead port 2/2 on $mux $procmux$3629.
    dead port 2/2 on $mux $procmux$3616.
    dead port 2/2 on $mux $procmux$3603.
    dead port 2/2 on $mux $procmux$3590.
    dead port 2/2 on $mux $procmux$3577.
    dead port 1/2 on $mux $procmux$3575.
    dead port 2/2 on $mux $procmux$3563.
    dead port 1/2 on $mux $procmux$3561.
    dead port 2/2 on $mux $procmux$3549.
    dead port 1/2 on $mux $procmux$3547.
    dead port 2/2 on $mux $procmux$3535.
    dead port 1/2 on $mux $procmux$3533.
    dead port 2/2 on $mux $procmux$3521.
    dead port 1/2 on $mux $procmux$3519.
    dead port 2/2 on $mux $procmux$3507.
    dead port 1/2 on $mux $procmux$3505.
    dead port 2/2 on $mux $procmux$3493.
    dead port 2/2 on $mux $procmux$3482.
    dead port 2/2 on $mux $procmux$3471.
    dead port 2/2 on $mux $procmux$3463.
    dead port 2/2 on $mux $procmux$3456.
    dead port 2/2 on $mux $procmux$3449.
    dead port 2/2 on $mux $procmux$3442.
    dead port 2/2 on $mux $procmux$3435.
    dead port 2/2 on $mux $procmux$3433.
    dead port 2/2 on $mux $procmux$3427.
    dead port 2/2 on $mux $procmux$3425.
    dead port 2/2 on $mux $procmux$3417.
    dead port 2/2 on $mux $procmux$3415.
    dead port 2/2 on $mux $procmux$3413.
    dead port 2/2 on $mux $procmux$3406.
    dead port 2/2 on $mux $procmux$3400.
    dead port 2/2 on $mux $procmux$3394.
    dead port 2/2 on $mux $procmux$3353.
    dead port 2/2 on $mux $procmux$3351.
    dead port 2/2 on $mux $procmux$3345.
    dead port 2/2 on $mux $procmux$3337.
    dead port 2/2 on $mux $procmux$3329.
    dead port 2/2 on $mux $procmux$3321.
    dead port 2/2 on $mux $procmux$3313.
    dead port 2/2 on $mux $procmux$3311.
    dead port 2/2 on $mux $procmux$3303.
    dead port 2/2 on $mux $procmux$3301.
    dead port 2/2 on $mux $procmux$3285.
    dead port 2/2 on $mux $procmux$3279.
    dead port 2/2 on $mux $procmux$3273.
    dead port 2/2 on $mux $procmux$3267.
    dead port 2/2 on $mux $procmux$3261.
    dead port 2/2 on $mux $procmux$3259.
    dead port 2/2 on $mux $procmux$3253.
    dead port 2/2 on $mux $procmux$3251.
    dead port 2/2 on $mux $procmux$3222.
    dead port 2/2 on $mux $procmux$3213.
    dead port 2/2 on $mux $procmux$3205.
    dead port 2/2 on $mux $procmux$3198.
    dead port 2/2 on $mux $procmux$3164.
    dead port 2/2 on $mux $procmux$3157.
    dead port 2/2 on $mux $procmux$3150.
    dead port 2/2 on $mux $procmux$3143.
    dead port 2/2 on $mux $procmux$3141.
    dead port 2/2 on $mux $procmux$3133.
    dead port 2/2 on $mux $procmux$3131.
    dead port 2/2 on $mux $procmux$3123.
    dead port 2/2 on $mux $procmux$3121.
    dead port 2/2 on $mux $procmux$3114.
    dead port 2/2 on $mux $procmux$3112.
    dead port 2/2 on $mux $procmux$3110.
    dead port 2/2 on $mux $procmux$3103.
    dead port 2/2 on $mux $procmux$3078.
    dead port 2/2 on $mux $procmux$3073.
    dead port 2/2 on $mux $procmux$3068.
    dead port 2/2 on $mux $procmux$3063.
    dead port 2/2 on $mux $procmux$3061.
    dead port 2/2 on $mux $procmux$3055.
    dead port 2/2 on $mux $procmux$3053.
    dead port 2/2 on $mux $procmux$3047.
    dead port 2/2 on $mux $procmux$3045.
    dead port 2/2 on $mux $procmux$3040.
    dead port 2/2 on $mux $procmux$3038.
    dead port 2/2 on $mux $procmux$3036.
    dead port 2/2 on $mux $procmux$3031.
    dead port 2/2 on $mux $procmux$3029.
    dead port 2/2 on $mux $procmux$3012.
    dead port 2/2 on $mux $procmux$3010.
    dead port 2/2 on $mux $procmux$2984.
    dead port 2/2 on $mux $procmux$2982.
    dead port 2/2 on $mux $procmux$2956.
    dead port 2/2 on $mux $procmux$2954.
    dead port 1/2 on $mux $procmux$2952.
    dead port 2/2 on $mux $procmux$2926.
    dead port 2/2 on $mux $procmux$2924.
    dead port 1/2 on $mux $procmux$2922.
    dead port 2/2 on $mux $procmux$2896.
    dead port 2/2 on $mux $procmux$2864.
    dead port 2/2 on $mux $procmux$2832.
    dead port 2/2 on $mux $procmux$2830.
    dead port 2/2 on $mux $procmux$2807.
    dead port 2/2 on $mux $procmux$2805.
    dead port 2/2 on $mux $procmux$2783.
    dead port 2/2 on $mux $procmux$2781.
    dead port 2/2 on $mux $procmux$2760.
    dead port 2/2 on $mux $procmux$2758.
    dead port 2/2 on $mux $procmux$2738.
    dead port 2/2 on $mux $procmux$2736.
    dead port 2/2 on $mux $procmux$2715.
    dead port 2/2 on $mux $procmux$2713.
    dead port 2/2 on $mux $procmux$2692.
    dead port 2/2 on $mux $procmux$2690.
    dead port 1/2 on $mux $procmux$2688.
    dead port 2/2 on $mux $procmux$2667.
    dead port 2/2 on $mux $procmux$2665.
    dead port 1/2 on $mux $procmux$2663.
    dead port 2/2 on $mux $procmux$2642.
    dead port 2/2 on $mux $procmux$2640.
    dead port 2/2 on $mux $procmux$2622.
    dead port 2/2 on $mux $procmux$2609.
    dead port 2/2 on $mux $procmux$2599.
    dead port 2/2 on $mux $procmux$2597.
    dead port 2/2 on $mux $procmux$2582.
    dead port 2/2 on $mux $procmux$2546.
    dead port 2/2 on $mux $procmux$2527.
    dead port 2/2 on $mux $procmux$2502.
    dead port 2/2 on $mux $procmux$2500.
    dead port 2/2 on $mux $procmux$2483.
    dead port 2/2 on $mux $procmux$2481.
    dead port 2/2 on $mux $procmux$2465.
    dead port 2/2 on $mux $procmux$2463.
    dead port 2/2 on $mux $procmux$2445.
    dead port 2/2 on $mux $procmux$2443.
    dead port 2/2 on $mux $procmux$2425.
    dead port 2/2 on $mux $procmux$2423.
    dead port 1/2 on $mux $procmux$2421.
    dead port 2/2 on $mux $procmux$2403.
    dead port 2/2 on $mux $procmux$2401.
    dead port 1/2 on $mux $procmux$2399.
    dead port 2/2 on $mux $procmux$2381.
    dead port 2/2 on $mux $procmux$2379.
    dead port 2/2 on $mux $procmux$2321.
    dead port 2/2 on $mux $procmux$2308.
    dead port 2/2 on $mux $procmux$2296.
    dead port 2/2 on $mux $procmux$2268.
    dead port 2/2 on $mux $procmux$2242.
    dead port 2/2 on $mux $procmux$2240.
    dead port 2/2 on $mux $procmux$2234.
    dead port 2/2 on $mux $procmux$2219.
    dead port 2/2 on $mux $procmux$2217.
    dead port 2/2 on $mux $procmux$2191.
    dead port 2/2 on $mux $procmux$2176.
    dead port 2/2 on $mux $procmux$2162.
    dead port 2/2 on $mux $procmux$2160.
    dead port 2/2 on $mux $procmux$2150.
    dead port 2/2 on $mux $procmux$2120.
    dead port 2/2 on $mux $procmux$2109.
    dead port 2/2 on $mux $procmux$2073.
    dead port 2/2 on $mux $procmux$2071.
    dead port 2/2 on $mux $procmux$2062.
    dead port 2/2 on $mux $procmux$2053.
    dead port 2/2 on $mux $procmux$2044.
    dead port 2/2 on $mux $procmux$2036.
    dead port 2/2 on $mux $procmux$2034.
    dead port 1/2 on $mux $procmux$2032.
    dead port 2/2 on $mux $procmux$2023.
    dead port 2/2 on $mux $procmux$2021.
    dead port 2/2 on $mux $procmux$2012.
    dead port 2/2 on $mux $procmux$2010.
    dead port 2/2 on $mux $procmux$2001.
    dead port 2/2 on $mux $procmux$1999.
    dead port 1/2 on $mux $procmux$1997.
    dead port 2/2 on $mux $procmux$1986.
    dead port 2/2 on $mux $procmux$1984.
    dead port 1/2 on $mux $procmux$1982.
    dead port 2/2 on $mux $procmux$1971.
    dead port 2/2 on $mux $procmux$1963.
    dead port 2/2 on $mux $procmux$1955.
    dead port 2/2 on $mux $procmux$1947.
    dead port 1/2 on $mux $procmux$1945.
    dead port 2/2 on $mux $procmux$1935.
    dead port 1/2 on $mux $procmux$1933.
    dead port 2/2 on $mux $procmux$1923.
    dead port 1/2 on $mux $procmux$1921.
    dead port 2/2 on $mux $procmux$1893.
    dead port 2/2 on $mux $procmux$1886.
    dead port 1/2 on $mux $procmux$1860.
    dead port 2/2 on $mux $procmux$1830.
    dead port 2/2 on $mux $procmux$1823.
    dead port 2/2 on $mux $procmux$1817.
    dead port 2/2 on $mux $procmux$1811.
    dead port 2/2 on $mux $procmux$1806.
    dead port 2/2 on $mux $procmux$1802.
    dead port 2/2 on $mux $procmux$1798.
    dead port 2/2 on $mux $procmux$1795.
    dead port 1/2 on $mux $procmux$1784.
    dead port 1/2 on $mux $procmux$1777.
    dead port 1/2 on $mux $procmux$1770.
    dead port 1/2 on $mux $procmux$1767.
    dead port 1/2 on $mux $procmux$1761.
    dead port 1/2 on $mux $procmux$1758.
    dead port 1/2 on $mux $procmux$1752.
    dead port 1/2 on $mux $procmux$1749.
    dead port 1/2 on $mux $procmux$1746.
    dead port 2/2 on $mux $procmux$1719.
    dead port 2/2 on $mux $procmux$1716.
    dead port 1/2 on $mux $procmux$1705.
    dead port 1/2 on $mux $procmux$1698.
    dead port 1/2 on $mux $procmux$1691.
    dead port 1/2 on $mux $procmux$1688.
    dead port 1/2 on $mux $procmux$1682.
    dead port 1/2 on $mux $procmux$1679.
    dead port 1/2 on $mux $procmux$1673.
    dead port 1/2 on $mux $procmux$1670.
    dead port 2/2 on $mux $procmux$1667.
    dead port 2/2 on $mux $procmux$1651.
    dead port 2/2 on $mux $procmux$1644.
    dead port 2/2 on $mux $procmux$1629.
    dead port 2/2 on $mux $procmux$1623.
    dead port 2/2 on $mux $procmux$1617.
    dead port 2/2 on $mux $procmux$1611.
    dead port 2/2 on $mux $procmux$1609.
    dead port 2/2 on $mux $procmux$1603.
    dead port 2/2 on $mux $procmux$1601.
    dead port 2/2 on $mux $procmux$1564.
    dead port 2/2 on $mux $procmux$1556.
    dead port 2/2 on $mux $procmux$1548.
    dead port 2/2 on $mux $procmux$1540.
    dead port 2/2 on $mux $procmux$1532.
    dead port 2/2 on $mux $procmux$1524.
    dead port 2/2 on $mux $procmux$1522.
    dead port 2/2 on $mux $procmux$1497.
    dead port 2/2 on $mux $procmux$1491.
    dead port 2/2 on $mux $procmux$1483.
    dead port 2/2 on $mux $procmux$1475.
    dead port 2/2 on $mux $procmux$1473.
    dead port 2/2 on $mux $procmux$1466.
    dead port 2/2 on $mux $procmux$1464.
    dead port 2/2 on $mux $procmux$1457.
    dead port 2/2 on $mux $procmux$1450.
    dead port 1/2 on $mux $procmux$1441.
    dead port 1/2 on $mux $procmux$1367.
    dead port 1/2 on $mux $procmux$1360.
    dead port 1/2 on $mux $procmux$1353.
    dead port 1/2 on $mux $procmux$1346.
    dead port 1/2 on $mux $procmux$1339.
    dead port 1/2 on $mux $procmux$1332.
    dead port 1/2 on $mux $procmux$1325.
    dead port 1/2 on $mux $procmux$1318.
    dead port 1/2 on $mux $procmux$1311.
    dead port 1/2 on $mux $procmux$1304.
    dead port 1/2 on $mux $procmux$1301.
    dead port 1/2 on $mux $procmux$1295.
    dead port 1/2 on $mux $procmux$1292.
    dead port 1/2 on $mux $procmux$1286.
    dead port 1/2 on $mux $procmux$1283.
    dead port 1/2 on $mux $procmux$1277.
    dead port 1/2 on $mux $procmux$1274.
    dead port 1/2 on $mux $procmux$1268.
    dead port 1/2 on $mux $procmux$1265.
    dead port 1/2 on $mux $procmux$1259.
    dead port 1/2 on $mux $procmux$1256.
    dead port 1/2 on $mux $procmux$1250.
    dead port 1/2 on $mux $procmux$1247.
    dead port 1/2 on $mux $procmux$1241.
    dead port 1/2 on $mux $procmux$1238.
    dead port 1/2 on $mux $procmux$1232.
    dead port 1/2 on $mux $procmux$1229.
    dead port 1/2 on $mux $procmux$1223.
    dead port 1/2 on $mux $procmux$1220.
    dead port 2/2 on $mux $procmux$1217.
    dead port 1/2 on $mux $procmux$1206.
    dead port 1/2 on $mux $procmux$1203.
    dead port 2/2 on $mux $procmux$1200.
    dead port 1/2 on $mux $procmux$1189.
    dead port 1/2 on $mux $procmux$1186.
    dead port 2/2 on $mux $procmux$1183.
    dead port 1/2 on $mux $procmux$1173.
    dead port 1/2 on $mux $procmux$1170.
    dead port 2/2 on $mux $procmux$1167.
    dead port 1/2 on $mux $procmux$1158.
    dead port 1/2 on $mux $procmux$1155.
    dead port 2/2 on $mux $procmux$1152.
    dead port 1/2 on $mux $procmux$1144.
    dead port 1/2 on $mux $procmux$1141.
    dead port 2/2 on $mux $procmux$1138.
    dead port 1/2 on $mux $procmux$1131.
    dead port 1/2 on $mux $procmux$1128.
    dead port 2/2 on $mux $procmux$1125.
    dead port 1/2 on $mux $procmux$1119.
    dead port 1/2 on $mux $procmux$1116.
    dead port 2/2 on $mux $procmux$1113.
    dead port 1/2 on $mux $procmux$1107.
    dead port 1/2 on $mux $procmux$1104.
    dead port 2/2 on $mux $procmux$1101.
    dead port 1/2 on $mux $procmux$1068.
    dead port 1/2 on $mux $procmux$1061.
    dead port 1/2 on $mux $procmux$1054.
    dead port 1/2 on $mux $procmux$1047.
    dead port 1/2 on $mux $procmux$1040.
    dead port 1/2 on $mux $procmux$1033.
    dead port 1/2 on $mux $procmux$1026.
    dead port 1/2 on $mux $procmux$1019.
    dead port 1/2 on $mux $procmux$1016.
    dead port 1/2 on $mux $procmux$1011.
    dead port 1/2 on $mux $procmux$1008.
    dead port 1/2 on $mux $procmux$1003.
    dead port 1/2 on $mux $procmux$1000.
    dead port 1/2 on $mux $procmux$995.
    dead port 1/2 on $mux $procmux$992.
    dead port 1/2 on $mux $procmux$987.
    dead port 1/2 on $mux $procmux$984.
    dead port 1/2 on $mux $procmux$979.
    dead port 1/2 on $mux $procmux$976.
    dead port 1/2 on $mux $procmux$971.
    dead port 1/2 on $mux $procmux$968.
    dead port 2/2 on $mux $procmux$960.
    dead port 2/2 on $mux $procmux$954.
    dead port 1/2 on $mux $procmux$906.
    dead port 1/2 on $mux $procmux$901.
    dead port 1/2 on $mux $procmux$896.
    dead port 1/2 on $mux $procmux$891.
    dead port 2/2 on $mux $procmux$797.
    dead port 2/2 on $mux $procmux$773.
    dead port 2/2 on $mux $procmux$756.
    dead port 2/2 on $mux $procmux$752.
    dead port 2/2 on $mux $procmux$748.
    dead port 2/2 on $mux $procmux$743.
    dead port 2/2 on $mux $procmux$738.
    dead port 2/2 on $mux $procmux$730.
    dead port 2/2 on $mux $procmux$728.
    dead port 2/2 on $mux $procmux$722.
    dead port 2/2 on $mux $procmux$720.
    dead port 2/2 on $mux $procmux$715.
    dead port 2/2 on $mux $procmux$713.
    dead port 2/2 on $mux $procmux$707.
    dead port 2/2 on $mux $procmux$705.
    dead port 2/2 on $mux $procmux$699.
    dead port 2/2 on $mux $procmux$693.
    dead port 2/2 on $mux $procmux$688.
    dead port 2/2 on $mux $procmux$686.
    dead port 2/2 on $mux $procmux$682.
    dead port 2/2 on $mux $procmux$680.
    dead port 2/2 on $mux $procmux$675.
    dead port 2/2 on $mux $procmux$673.
    dead port 2/2 on $mux $procmux$668.
    dead port 2/2 on $mux $procmux$666.
    dead port 1/5 on $pmux $procmux$644.
    dead port 2/5 on $pmux $procmux$644.
    dead port 3/5 on $pmux $procmux$644.
    dead port 4/5 on $pmux $procmux$644.
    dead port 5/5 on $pmux $procmux$644.
    dead port 1/5 on $pmux $procmux$634.
    dead port 2/5 on $pmux $procmux$634.
    dead port 3/5 on $pmux $procmux$634.
    dead port 4/5 on $pmux $procmux$634.
    dead port 5/5 on $pmux $procmux$634.
    dead port 1/5 on $pmux $procmux$570.
    dead port 2/5 on $pmux $procmux$570.
    dead port 3/5 on $pmux $procmux$570.
    dead port 4/5 on $pmux $procmux$570.
    dead port 5/5 on $pmux $procmux$570.
    dead port 1/5 on $pmux $procmux$560.
    dead port 2/5 on $pmux $procmux$560.
    dead port 3/5 on $pmux $procmux$560.
    dead port 4/5 on $pmux $procmux$560.
    dead port 5/5 on $pmux $procmux$560.
    dead port 2/2 on $mux $procmux$536.
    dead port 2/2 on $mux $procmux$530.
    dead port 2/2 on $mux $procmux$524.
    dead port 1/2 on $mux $procmux$522.
    dead port 2/2 on $mux $procmux$509.
    dead port 2/2 on $mux $procmux$501.
    dead port 1/2 on $mux $procmux$499.
    dead port 2/2 on $mux $procmux$492.
    dead port 2/2 on $mux $procmux$457.
    dead port 2/2 on $mux $procmux$449.
    dead port 2/2 on $mux $procmux$442.
    dead port 2/2 on $mux $procmux$436.
    dead port 2/2 on $mux $procmux$429.
    dead port 2/2 on $mux $procmux$422.
    dead port 2/2 on $mux $procmux$401.
    dead port 2/2 on $mux $procmux$396.
    dead port 2/2 on $mux $procmux$391.
    dead port 2/2 on $mux $procmux$372.
    dead port 2/2 on $mux $procmux$367.
    dead port 2/2 on $mux $procmux$362.
    dead port 2/2 on $mux $procmux$357.
    dead port 2/2 on $mux $procmux$352.
    dead port 2/2 on $mux $procmux$350.
    dead port 2/2 on $mux $procmux$345.
    dead port 2/2 on $mux $procmux$343.
    dead port 2/2 on $mux $procmux$338.
    dead port 2/2 on $mux $procmux$336.
    dead port 2/2 on $mux $procmux$331.
    dead port 2/2 on $mux $procmux$329.
    dead port 2/2 on $mux $procmux$300.
    dead port 2/2 on $mux $procmux$295.
    dead port 2/2 on $mux $procmux$290.
    dead port 2/2 on $mux $procmux$285.
    dead port 2/2 on $mux $procmux$280.
    dead port 2/2 on $mux $procmux$278.
    dead port 2/2 on $mux $procmux$270.
    dead port 2/2 on $mux $procmux$268.
    dead port 2/2 on $mux $procmux$260.
    dead port 2/2 on $mux $procmux$258.
    dead port 2/2 on $mux $procmux$250.
    dead port 2/2 on $mux $procmux$248.
    dead port 2/2 on $mux $procmux$240.
    dead port 2/2 on $mux $procmux$237.
    dead port 2/2 on $mux $procmux$234.
    dead port 2/2 on $mux $procmux$231.
    dead port 1/2 on $mux $procmux$228.
    dead port 2/2 on $mux $procmux$228.
    dead port 1/2 on $mux $procmux$224.
    dead port 1/2 on $mux $procmux$213.
    dead port 2/2 on $mux $procmux$213.
    dead port 1/2 on $mux $procmux$210.
    dead port 2/2 on $mux $procmux$210.
    dead port 1/2 on $mux $procmux$206.
    dead port 1/2 on $mux $procmux$203.
    dead port 1/2 on $mux $procmux$196.
    dead port 1/2 on $mux $procmux$189.
    dead port 1/2 on $mux $procmux$182.
    dead port 1/2 on $mux $procmux$179.
    dead port 1/2 on $mux $procmux$172.
    dead port 1/2 on $mux $procmux$169.
    dead port 1/2 on $mux $procmux$166.
    dead port 1/2 on $mux $procmux$163.
    dead port 1/2 on $mux $procmux$158.
    dead port 1/2 on $mux $procmux$155.
    dead port 1/2 on $mux $procmux$148.
    dead port 1/2 on $mux $procmux$145.
    dead port 1/2 on $mux $procmux$142.
    dead port 1/2 on $mux $procmux$136.
    dead port 1/2 on $mux $procmux$133.
    dead port 1/2 on $mux $procmux$130.
    dead port 1/2 on $mux $procmux$123.
    dead port 2/2 on $mux $procmux$104.
    dead port 2/2 on $mux $procmux$65.
    dead port 1/2 on $mux $procmux$55.
    dead port 1/2 on $mux $procmux$45.
    dead port 2/2 on $mux $procmux$45.
    dead port 1/2 on $mux $procmux$42.
    dead port 2/2 on $mux $procmux$42.
    dead port 1/2 on $mux $procmux$31.
    dead port 1/2 on $mux $procmux$21453.
    dead port 1/2 on $mux $procmux$21456.
    dead port 1/2 on $mux $procmux$21459.
    dead port 1/2 on $mux $procmux$21784.
    dead port 2/2 on $mux $procmux$21784.
    dead port 1/2 on $mux $procmux$21787.
    dead port 2/2 on $mux $procmux$21787.
    dead port 1/2 on $mux $procmux$21466.
    dead port 1/2 on $mux $procmux$21469.
    dead port 1/2 on $mux $procmux$21778.
    dead port 2/2 on $mux $procmux$21778.
    dead port 1/2 on $mux $procmux$21474.
    dead port 1/2 on $mux $procmux$21477.
    dead port 2/2 on $mux $procmux$21405.
    dead port 1/2 on $mux $procmux$21480.
    dead port 1/2 on $mux $procmux$21483.
    dead port 1/2 on $mux $procmux$21490.
    dead port 2/2 on $mux $procmux$21410.
    dead port 2/2 on $mux $procmux$21399.
    dead port 2/2 on $mux $procmux$21403.
    dead port 1/2 on $mux $procmux$21441.
    dead port 1/2 on $mux $procmux$21790.
    dead port 2/2 on $mux $procmux$21790.
    dead port 1/2 on $mux $procmux$21444.
    dead port 1/2 on $mux $procmux$21434.
    dead port 1/2 on $mux $procmux$21718.
    dead port 2/2 on $mux $procmux$21718.
    dead port 1/2 on $mux $procmux$21721.
    dead port 2/2 on $mux $procmux$21721.
    dead port 2/2 on $mux $procmux$21636.
    dead port 1/2 on $mux $procmux$21724.
    dead port 2/2 on $mux $procmux$21724.
    dead port 1/2 on $mux $procmux$21493.
    dead port 1/2 on $mux $procmux$21781.
    dead port 2/2 on $mux $procmux$21781.
    dead port 1/2 on $mux $procmux$21793.
    dead port 2/2 on $mux $procmux$21793.
    dead port 1/2 on $mux $procmux$21500.
    dead port 2/2 on $mux $procmux$21643.
    dead port 1/2 on $mux $procmux$21507.
    dead port 1/2 on $mux $procmux$21745.
    dead port 2/2 on $mux $procmux$21745.
    dead port 1/2 on $mux $procmux$21514.
    dead port 1/2 on $mux $procmux$21517.
    dead port 1/2 on $mux $procmux$21796.
    dead port 2/2 on $mux $procmux$21796.
    dead port 1/2 on $mux $procmux$21766.
    dead port 2/2 on $mux $procmux$21766.
    dead port 1/2 on $mux $procmux$21521.
    dead port 2/2 on $mux $procmux$21521.
    dead port 1/2 on $mux $procmux$21524.
    dead port 2/2 on $mux $procmux$21524.
    dead port 1/2 on $mux $procmux$21535.
    dead port 1/2 on $mux $procmux$21539.
    dead port 2/2 on $mux $procmux$21539.
    dead port 1/2 on $mux $procmux$21447.
    dead port 2/2 on $mux $procmux$21366.
    dead port 1/2 on $mux $procmux$21727.
    dead port 2/2 on $mux $procmux$21727.
    dead port 1/2 on $mux $procmux$21730.
    dead port 2/2 on $mux $procmux$21730.
    dead port 1/2 on $mux $procmux$21565.
    dead port 1/2 on $mux $procmux$21751.
    dead port 2/2 on $mux $procmux$21751.
    dead port 1/2 on $mux $procmux$21775.
    dead port 2/2 on $mux $procmux$21775.
    dead port 1/2 on $mux $procmux$21769.
    dead port 2/2 on $mux $procmux$21769.
    dead port 1/2 on $mux $procmux$21772.
    dead port 2/2 on $mux $procmux$21772.
    dead port 1/2 on $mux $procmux$21754.
    dead port 2/2 on $mux $procmux$21754.
    dead port 1/2 on $mux $procmux$21757.
    dead port 2/2 on $mux $procmux$21757.
    dead port 1/2 on $mux $procmux$21572.
    dead port 1/2 on $mux $procmux$21580.
    dead port 1/2 on $mux $procmux$21733.
    dead port 2/2 on $mux $procmux$21733.
    dead port 1/2 on $mux $procmux$21739.
    dead port 2/2 on $mux $procmux$21739.
    dead port 1/2 on $mux $procmux$21736.
    dead port 2/2 on $mux $procmux$21736.
    dead port 1/2 on $mux $procmux$21742.
    dead port 2/2 on $mux $procmux$21742.
    dead port 2/2 on $mux $procmux$21392.
    dead port 2/2 on $mux $procmux$21397.
    dead port 1/2 on $mux $procmux$21748.
    dead port 2/2 on $mux $procmux$21748.
    dead port 2/2 on $mux $procmux$21383.
    dead port 2/2 on $mux $procmux$21385.
    dead port 2/2 on $mux $procmux$21390.
    dead port 1/2 on $mux $procmux$21602.
    dead port 2/2 on $mux $procmux$21604.
    dead port 1/2 on $mux $procmux$21760.
    dead port 2/2 on $mux $procmux$21760.
    dead port 1/2 on $mux $procmux$21763.
    dead port 2/2 on $mux $procmux$21763.
    dead port 1/2 on $mux $procmux$21611.
    dead port 2/2 on $mux $procmux$21613.
    dead port 1/2 on $mux $procmux$21620.
    dead port 2/2 on $mux $procmux$21622.
    dead port 2/2 on $mux $procmux$21629.
    dead port 1/2 on $mux $2839.
    dead port 2/2 on $mux $2839.
    dead port 2/2 on $mux $2798.
    dead port 1/2 on $mux $procmux$21671.
    dead port 1/2 on $mux $procmux$21674.
    dead port 1/2 on $mux $procmux$21681.
    dead port 1/2 on $mux $procmux$21715.
    dead port 2/2 on $mux $procmux$21715.
    dead port 1/2 on $mux $procmux$21799.
    dead port 2/2 on $mux $procmux$21799.
    dead port 1/2 on $mux $procmux$21712.
    dead port 2/2 on $mux $procmux$21712.
    dead port 1/2 on $mux $procmux$21802.
    dead port 2/2 on $mux $procmux$21802.
    dead port 1/2 on $mux $procmux$21805.
    dead port 2/2 on $mux $procmux$21805.
Removed 682 multiplexer ports.
<suppressed ~14767 debug messages>

3.4. Executing OPT_REDUCE pass (consolidate $*mux and $reduce_* inputs).
  Optimizing cells in module \riscv32_npc_system.
    New ctrl vector for $pmux cell $procmux$4116: $auto$opt_reduce.cc:137:opt_pmux$21812
    New ctrl vector for $pmux cell $procmux$4020: { $procmux$4023_CMP $auto$opt_reduce.cc:137:opt_pmux$21814 }
    New ctrl vector for $pmux cell $procmux$3184: $auto$opt_reduce.cc:137:opt_pmux$21816
    New ctrl vector for $pmux cell $procmux$2550: { $procmux$3032_CMP $procmux$2600_CMP $auto$opt_reduce.cc:137:opt_pmux$21818 $procmux$2610_CMP $procmux$2559_CMP $procmux$2557_CMP $procmux$2555_CMP $procmux$2623_CMP $procmux$2551_CMP }
    New ctrl vector for $pmux cell $procmux$2359: { $procmux$3032_CMP $procmux$2600_CMP }
    New ctrl vector for $pmux cell $procmux$2327: { $auto$opt_reduce.cc:137:opt_pmux$21822 $procmux$2562_CMP $procmux$2559_CMP $auto$opt_reduce.cc:137:opt_pmux$21820 $procmux$2555_CMP }
    New ctrl vector for $pmux cell $procmux$2274: { $auto$opt_reduce.cc:137:opt_pmux$21826 $procmux$2564_CMP $procmux$2563_CMP $auto$opt_reduce.cc:137:opt_pmux$21824 }
    New ctrl vector for $pmux cell $procmux$2227: $auto$opt_reduce.cc:137:opt_pmux$21828
    New ctrl vector for $pmux cell $procmux$2197: $auto$opt_reduce.cc:137:opt_pmux$21830
    New ctrl vector for $pmux cell $procmux$2183: $auto$opt_reduce.cc:137:opt_pmux$21832
    New ctrl vector for $pmux cell $procmux$2124: { $auto$opt_reduce.cc:137:opt_pmux$21838 $auto$opt_reduce.cc:137:opt_pmux$21836 $auto$opt_reduce.cc:137:opt_pmux$21834 $procmux$2623_CMP $procmux$2551_CMP }
    New ctrl vector for $pmux cell $procmux$2115: $auto$opt_reduce.cc:137:opt_pmux$21840
    New ctrl vector for $pmux cell $procmux$2078: { $auto$opt_reduce.cc:137:opt_pmux$21842 $procmux$2623_CMP }
    New ctrl vector for $pmux cell $procmux$1928: $auto$opt_reduce.cc:137:opt_pmux$21844
    New ctrl vector for $pmux cell $procmux$1916: { $procmux$1943_CTRL $auto$opt_reduce.cc:137:opt_pmux$21846 }
    New ctrl vector for $pmux cell $procmux$1898: { $auto$opt_reduce.cc:137:opt_pmux$21848 $procmux$2623_CMP }
    New ctrl vector for $pmux cell $procmux$1890: $auto$opt_reduce.cc:137:opt_pmux$21850
    New ctrl vector for $pmux cell $procmux$1840: $auto$opt_reduce.cc:137:opt_pmux$21852
    New ctrl vector for $pmux cell $procmux$1424: $auto$opt_reduce.cc:137:opt_pmux$21854
    New ctrl vector for $pmux cell $procmux$1409: { $procmux$1437_CMP $procmux$1436_CMP $auto$opt_reduce.cc:137:opt_pmux$21856 $procmux$1433_CMP $procmux$1432_CMP $procmux$1431_CMP $procmux$1430_CMP $procmux$1429_CMP $procmux$1428_CMP $procmux$1427_CMP $procmux$1426_CMP $procmux$1425_CMP }
    New ctrl vector for $pmux cell $procmux$468: { $procmux$625_CMP $auto$opt_reduce.cc:137:opt_pmux$21858 }
    New ctrl vector for $pmux cell $procmux$460: { $procmux$625_CMP $auto$opt_reduce.cc:137:opt_pmux$21860 }
    New ctrl vector for $pmux cell $procmux$273: $auto$opt_reduce.cc:137:opt_pmux$21862
    New ctrl vector for $pmux cell $procmux$21568: $auto$opt_reduce.cc:137:opt_pmux$21864
    New ctrl vector for $pmux cell $procmux$21561: $auto$opt_reduce.cc:137:opt_pmux$21866
    Consolidated identical input bits for $mux cell $3974:
      Old ports: A=0, B=32'11111111111111111111111111111111, Y=$3974y
      New ports: A=1'0, B=1'1, Y=$3974y [0]
      New connections: $3974y [31:1] = { $3974y [0] $3974y [0] $3974y [0] $3974y [0] $3974y [0] $3974y [0] $3974y [0] $3974y [0] $3974y [0] $3974y [0] $3974y [0] $3974y [0] $3974y [0] $3974y [0] $3974y [0] $3974y [0] $3974y [0] $3974y [0] $3974y [0] $3974y [0] $3974y [0] $3974y [0] $3974y [0] $3974y [0] $3974y [0] $3974y [0] $3974y [0] $3974y [0] $3974y [0] $3974y [0] $3974y [0] }
    Consolidated identical input bits for $mux cell $3959:
      Old ports: A=0, B=32'11111111111111111111111111111111, Y=$3959y
      New ports: A=1'0, B=1'1, Y=$3959y [0]
      New connections: $3959y [31:1] = { $3959y [0] $3959y [0] $3959y [0] $3959y [0] $3959y [0] $3959y [0] $3959y [0] $3959y [0] $3959y [0] $3959y [0] $3959y [0] $3959y [0] $3959y [0] $3959y [0] $3959y [0] $3959y [0] $3959y [0] $3959y [0] $3959y [0] $3959y [0] $3959y [0] $3959y [0] $3959y [0] $3959y [0] $3959y [0] $3959y [0] $3959y [0] $3959y [0] $3959y [0] $3959y [0] $3959y [0] }
    Consolidated identical input bits for $mux cell $3915:
      Old ports: A=8'00000001, B=8'00000000, Y=$3915y
      New ports: A=1'1, B=1'0, Y=$3915y [0]
      New connections: $3915y [7:1] = 7'0000000
    Consolidated identical input bits for $mux cell $3912:
      Old ports: A=8'00000001, B=8'00000000, Y=$3912y
      New ports: A=1'1, B=1'0, Y=$3912y [0]
      New connections: $3912y [7:1] = 7'0000000
    Consolidated identical input bits for $mux cell $3909:
      Old ports: A=8'00000010, B=8'00000000, Y=$3909y
      New ports: A=1'1, B=1'0, Y=$3909y [1]
      New connections: { $3909y [7:2] $3909y [0] } = 7'0000000
    Consolidated identical input bits for $mux cell $3906:
      Old ports: A=8'00000010, B=8'00000000, Y=$3906y
      New ports: A=1'1, B=1'0, Y=$3906y [1]
      New connections: { $3906y [7:2] $3906y [0] } = 7'0000000
    Consolidated identical input bits for $mux cell $3903:
      Old ports: A=8'00000100, B=8'00000000, Y=$3903y
      New ports: A=1'1, B=1'0, Y=$3903y [2]
      New connections: { $3903y [7:3] $3903y [1:0] } = 7'0000000
    Consolidated identical input bits for $mux cell $3900:
      Old ports: A=8'00000100, B=8'00000000, Y=$3900y
      New ports: A=1'1, B=1'0, Y=$3900y [2]
      New connections: { $3900y [7:3] $3900y [1:0] } = 7'0000000
    Consolidated identical input bits for $mux cell $3897:
      Old ports: A=8'00001000, B=8'00000000, Y=$3897y
      New ports: A=1'1, B=1'0, Y=$3897y [3]
      New connections: { $3897y [7:4] $3897y [2:0] } = 7'0000000
    Consolidated identical input bits for $mux cell $3894:
      Old ports: A=8'00001000, B=8'00000000, Y=$3894y
      New ports: A=1'1, B=1'0, Y=$3894y [3]
      New connections: { $3894y [7:4] $3894y [2:0] } = 7'0000000
    Consolidated identical input bits for $mux cell $3891:
      Old ports: A=8'00010000, B=8'00000000, Y=$3891y
      New ports: A=1'1, B=1'0, Y=$3891y [4]
      New connections: { $3891y [7:5] $3891y [3:0] } = 7'0000000
    Consolidated identical input bits for $mux cell $3888:
      Old ports: A=8'00010000, B=8'00000000, Y=$3888y
      New ports: A=1'1, B=1'0, Y=$3888y [4]
      New connections: { $3888y [7:5] $3888y [3:0] } = 7'0000000
    Consolidated identical input bits for $mux cell $3885:
      Old ports: A=8'00100000, B=8'00000000, Y=$3885y
      New ports: A=1'1, B=1'0, Y=$3885y [5]
      New connections: { $3885y [7:6] $3885y [4:0] } = 7'0000000
    Consolidated identical input bits for $mux cell $3882:
      Old ports: A=8'00100000, B=8'00000000, Y=$3882y
      New ports: A=1'1, B=1'0, Y=$3882y [5]
      New connections: { $3882y [7:6] $3882y [4:0] } = 7'0000000
    Consolidated identical input bits for $mux cell $3879:
      Old ports: A=8'01000000, B=8'00000000, Y=$3879y
      New ports: A=1'1, B=1'0, Y=$3879y [6]
      New connections: { $3879y [7] $3879y [5:0] } = 7'0000000
    Consolidated identical input bits for $mux cell $3876:
      Old ports: A=8'01000000, B=8'00000000, Y=$3876y
      New ports: A=1'1, B=1'0, Y=$3876y [6]
      New connections: { $3876y [7] $3876y [5:0] } = 7'0000000
    Consolidated identical input bits for $mux cell $3873:
      Old ports: A=8'10000000, B=8'00000000, Y=$3873y
      New ports: A=1'1, B=1'0, Y=$3873y [7]
      New connections: $3873y [6:0] = 7'0000000
    Consolidated identical input bits for $mux cell $3870:
      Old ports: A=8'10000000, B=8'00000000, Y=$3870y
      New ports: A=1'1, B=1'0, Y=$3870y [7]
      New connections: $3870y [6:0] = 7'0000000
    Consolidated identical input bits for $mux cell $3867:
      Old ports: A=8'00000001, B=8'00000000, Y=$3867y
      New ports: A=1'1, B=1'0, Y=$3867y [0]
      New connections: $3867y [7:1] = 7'0000000
    Consolidated identical input bits for $mux cell $3864:
      Old ports: A=8'00000001, B=8'00000000, Y=$3864y
      New ports: A=1'1, B=1'0, Y=$3864y [0]
      New connections: $3864y [7:1] = 7'0000000
    Consolidated identical input bits for $mux cell $3861:
      Old ports: A=8'00000010, B=8'00000000, Y=$3861y
      New ports: A=1'1, B=1'0, Y=$3861y [1]
      New connections: { $3861y [7:2] $3861y [0] } = 7'0000000
    Consolidated identical input bits for $mux cell $3858:
      Old ports: A=8'00000010, B=8'00000000, Y=$3858y
      New ports: A=1'1, B=1'0, Y=$3858y [1]
      New connections: { $3858y [7:2] $3858y [0] } = 7'0000000
    Consolidated identical input bits for $mux cell $3855:
      Old ports: A=8'00000100, B=8'00000000, Y=$3855y
      New ports: A=1'1, B=1'0, Y=$3855y [2]
      New connections: { $3855y [7:3] $3855y [1:0] } = 7'0000000
    Consolidated identical input bits for $mux cell $3852:
      Old ports: A=8'00000100, B=8'00000000, Y=$3852y
      New ports: A=1'1, B=1'0, Y=$3852y [2]
      New connections: { $3852y [7:3] $3852y [1:0] } = 7'0000000
    Consolidated identical input bits for $mux cell $3849:
      Old ports: A=8'00001000, B=8'00000000, Y=$3849y
      New ports: A=1'1, B=1'0, Y=$3849y [3]
      New connections: { $3849y [7:4] $3849y [2:0] } = 7'0000000
    Consolidated identical input bits for $mux cell $3846:
      Old ports: A=8'00001000, B=8'00000000, Y=$3846y
      New ports: A=1'1, B=1'0, Y=$3846y [3]
      New connections: { $3846y [7:4] $3846y [2:0] } = 7'0000000
    Consolidated identical input bits for $mux cell $3843:
      Old ports: A=8'00010000, B=8'00000000, Y=$3843y
      New ports: A=1'1, B=1'0, Y=$3843y [4]
      New connections: { $3843y [7:5] $3843y [3:0] } = 7'0000000
    Consolidated identical input bits for $mux cell $3840:
      Old ports: A=8'00010000, B=8'00000000, Y=$3840y
      New ports: A=1'1, B=1'0, Y=$3840y [4]
      New connections: { $3840y [7:5] $3840y [3:0] } = 7'0000000
    Consolidated identical input bits for $mux cell $3837:
      Old ports: A=8'00100000, B=8'00000000, Y=$3837y
      New ports: A=1'1, B=1'0, Y=$3837y [5]
      New connections: { $3837y [7:6] $3837y [4:0] } = 7'0000000
    Consolidated identical input bits for $mux cell $3834:
      Old ports: A=8'00100000, B=8'00000000, Y=$3834y
      New ports: A=1'1, B=1'0, Y=$3834y [5]
      New connections: { $3834y [7:6] $3834y [4:0] } = 7'0000000
    Consolidated identical input bits for $mux cell $3831:
      Old ports: A=8'01000000, B=8'00000000, Y=$3831y
      New ports: A=1'1, B=1'0, Y=$3831y [6]
      New connections: { $3831y [7] $3831y [5:0] } = 7'0000000
    Consolidated identical input bits for $mux cell $3828:
      Old ports: A=8'01000000, B=8'00000000, Y=$3828y
      New ports: A=1'1, B=1'0, Y=$3828y [6]
      New connections: { $3828y [7] $3828y [5:0] } = 7'0000000
    Consolidated identical input bits for $mux cell $3825:
      Old ports: A=8'10000000, B=8'00000000, Y=$3825y
      New ports: A=1'1, B=1'0, Y=$3825y [7]
      New connections: $3825y [6:0] = 7'0000000
    Consolidated identical input bits for $mux cell $3822:
      Old ports: A=8'10000000, B=8'00000000, Y=$3822y
      New ports: A=1'1, B=1'0, Y=$3822y [7]
      New connections: $3822y [6:0] = 7'0000000
    Consolidated identical input bits for $mux cell $3797:
      Old ports: A=25'0000000000000000000000000, B=25'1111111111111111111111111, Y=$3797y
      New ports: A=1'0, B=1'1, Y=$3797y [0]
      New connections: $3797y [24:1] = { $3797y [0] $3797y [0] $3797y [0] $3797y [0] $3797y [0] $3797y [0] $3797y [0] $3797y [0] $3797y [0] $3797y [0] $3797y [0] $3797y [0] $3797y [0] $3797y [0] $3797y [0] $3797y [0] $3797y [0] $3797y [0] $3797y [0] $3797y [0] $3797y [0] $3797y [0] $3797y [0] $3797y [0] }
    Consolidated identical input bits for $mux cell $3773:
      Old ports: A=25'0000000000000000000000000, B=25'1111111111111111111111111, Y=$3773y
      New ports: A=1'0, B=1'1, Y=$3773y [0]
      New connections: $3773y [24:1] = { $3773y [0] $3773y [0] $3773y [0] $3773y [0] $3773y [0] $3773y [0] $3773y [0] $3773y [0] $3773y [0] $3773y [0] $3773y [0] $3773y [0] $3773y [0] $3773y [0] $3773y [0] $3773y [0] $3773y [0] $3773y [0] $3773y [0] $3773y [0] $3773y [0] $3773y [0] $3773y [0] $3773y [0] }
    Consolidated identical input bits for $mux cell $3055:
      Old ports: A=0, B=32'11111111111111111111111111111111, Y=$3055y
      New ports: A=1'0, B=1'1, Y=$3055y [0]
      New connections: $3055y [31:1] = { $3055y [0] $3055y [0] $3055y [0] $3055y [0] $3055y [0] $3055y [0] $3055y [0] $3055y [0] $3055y [0] $3055y [0] $3055y [0] $3055y [0] $3055y [0] $3055y [0] $3055y [0] $3055y [0] $3055y [0] $3055y [0] $3055y [0] $3055y [0] $3055y [0] $3055y [0] $3055y [0] $3055y [0] $3055y [0] $3055y [0] $3055y [0] $3055y [0] $3055y [0] $3055y [0] $3055y [0] }
    Consolidated identical input bits for $mux cell $2828:
      Old ports: A=0, B=32'11111111111111111111111111111111, Y=$2828y
      New ports: A=1'0, B=1'1, Y=$2828y [0]
      New connections: $2828y [31:1] = { $2828y [0] $2828y [0] $2828y [0] $2828y [0] $2828y [0] $2828y [0] $2828y [0] $2828y [0] $2828y [0] $2828y [0] $2828y [0] $2828y [0] $2828y [0] $2828y [0] $2828y [0] $2828y [0] $2828y [0] $2828y [0] $2828y [0] $2828y [0] $2828y [0] $2828y [0] $2828y [0] $2828y [0] $2828y [0] $2828y [0] $2828y [0] $2828y [0] $2828y [0] $2828y [0] $2828y [0] }
    Consolidated identical input bits for $mux cell $2556:
      Old ports: A=137'00000000000000000000000000000000000000000000000000000000000000000000000000000000000000000000000000000000000000000000000000000000000000000, B=137'11111111111111111111111111111111111111111111111111111111111111111111111111111111111111111111111111111111111111111111111111111111111111111, Y=$2556y
      New ports: A=1'0, B=1'1, Y=$2556y [0]
      New connections: $2556y [136:1] = { $2556y [0] $2556y [0] $2556y [0] $2556y [0] $2556y [0] $2556y [0] $2556y [0] $2556y [0] $2556y [0] $2556y [0] $2556y [0] $2556y [0] $2556y [0] $2556y [0] $2556y [0] $2556y [0] $2556y [0] $2556y [0] $2556y [0] $2556y [0] $2556y [0] $2556y [0] $2556y [0] $2556y [0] $2556y [0] $2556y [0] $2556y [0] $2556y [0] $2556y [0] $2556y [0] $2556y [0] $2556y [0] $2556y [0] $2556y [0] $2556y [0] $2556y [0] $2556y [0] $2556y [0] $2556y [0] $2556y [0] $2556y [0] $2556y [0] $2556y [0] $2556y [0] $2556y [0] $2556y [0] $2556y [0] $2556y [0] $2556y [0] $2556y [0] $2556y [0] $2556y [0] $2556y [0] $2556y [0] $2556y [0] $2556y [0] $2556y [0] $2556y [0] $2556y [0] $2556y [0] $2556y [0] $2556y [0] $2556y [0] $2556y [0] $2556y [0] $2556y [0] $2556y [0] $2556y [0] $2556y [0] $2556y [0] $2556y [0] $2556y [0] $2556y [0] $2556y [0] $2556y [0] $2556y [0] $2556y [0] $2556y [0] $2556y [0] $2556y [0] $2556y [0] $2556y [0] $2556y [0] $2556y [0] $2556y [0] $2556y [0] $2556y [0] $2556y [0] $2556y [0] $2556y [0] $2556y [0] $2556y [0] $2556y [0] $2556y [0] $2556y [0] $2556y [0] $2556y [0] $2556y [0] $2556y [0] $2556y [0] $2556y [0] $2556y [0] $2556y [0] $2556y [0] $2556y [0] $2556y [0] $2556y [0] $2556y [0] $2556y [0] $2556y [0] $2556y [0] $2556y [0] $2556y [0] $2556y [0] $2556y [0] $2556y [0] $2556y [0] $2556y [0] $2556y [0] $2556y [0] $2556y [0] $2556y [0] $2556y [0] $2556y [0] $2556y [0] $2556y [0] $2556y [0] $2556y [0] $2556y [0] $2556y [0] $2556y [0] $2556y [0] $2556y [0] $2556y [0] $2556y [0] $2556y [0] }
    Consolidated identical input bits for $mux cell $301:
      Old ports: A=0, B=32'11111111111111111111111111111111, Y=$301y
      New ports: A=1'0, B=1'1, Y=$301y [0]
      New connections: $301y [31:1] = { $301y [0] $301y [0] $301y [0] $301y [0] $301y [0] $301y [0] $301y [0] $301y [0] $301y [0] $301y [0] $301y [0] $301y [0] $301y [0] $301y [0] $301y [0] $301y [0] $301y [0] $301y [0] $301y [0] $301y [0] $301y [0] $301y [0] $301y [0] $301y [0] $301y [0] $301y [0] $301y [0] $301y [0] $301y [0] $301y [0] $301y [0] }
    Consolidated identical input bits for $mux cell $269:
      Old ports: A=16'0000000000000000, B=16'0000000000000001, Y=$269y
      New ports: A=1'0, B=1'1, Y=$269y [0]
      New connections: $269y [15:1] = 15'000000000000000
    Consolidated identical input bits for $mux cell $266:
      Old ports: A=16'0000000000000000, B=16'0000000000000010, Y=$266y
      New ports: A=1'0, B=1'1, Y=$266y [1]
      New connections: { $266y [15:2] $266y [0] } = 15'000000000000000
    Consolidated identical input bits for $mux cell $263:
      Old ports: A=16'0000000000000000, B=16'0000000000000100, Y=$263y
      New ports: A=1'0, B=1'1, Y=$263y [2]
      New connections: { $263y [15:3] $263y [1:0] } = 15'000000000000000
    Consolidated identical input bits for $mux cell $260:
      Old ports: A=16'0000000000000000, B=16'0000000000001000, Y=$260y
      New ports: A=1'0, B=1'1, Y=$260y [3]
      New connections: { $260y [15:4] $260y [2:0] } = 15'000000000000000
    Consolidated identical input bits for $mux cell $257:
      Old ports: A=16'0000000000000000, B=16'0000000000010000, Y=$257y
      New ports: A=1'0, B=1'1, Y=$257y [4]
      New connections: { $257y [15:5] $257y [3:0] } = 15'000000000000000
    Consolidated identical input bits for $mux cell $254:
      Old ports: A=16'0000000000000000, B=16'0000000000100000, Y=$254y
      New ports: A=1'0, B=1'1, Y=$254y [5]
      New connections: { $254y [15:6] $254y [4:0] } = 15'000000000000000
    Consolidated identical input bits for $mux cell $251:
      Old ports: A=16'0000000000000000, B=16'0000000001000000, Y=$251y
      New ports: A=1'0, B=1'1, Y=$251y [6]
      New connections: { $251y [15:7] $251y [5:0] } = 15'000000000000000
    Consolidated identical input bits for $mux cell $248:
      Old ports: A=16'0000000000000000, B=16'0000000010000000, Y=$248y
      New ports: A=1'0, B=1'1, Y=$248y [7]
      New connections: { $248y [15:8] $248y [6:0] } = 15'000000000000000
    Consolidated identical input bits for $mux cell $245:
      Old ports: A=16'0000000000000000, B=16'0000000100000000, Y=$245y
      New ports: A=1'0, B=1'1, Y=$245y [8]
      New connections: { $245y [15:9] $245y [7:0] } = 15'000000000000000
    Consolidated identical input bits for $mux cell $242:
      Old ports: A=16'0000000000000000, B=16'0000001000000000, Y=$242y
      New ports: A=1'0, B=1'1, Y=$242y [9]
      New connections: { $242y [15:10] $242y [8:0] } = 15'000000000000000
    Consolidated identical input bits for $mux cell $239:
      Old ports: A=16'0000000000000000, B=16'0000010000000000, Y=$239y
      New ports: A=1'0, B=1'1, Y=$239y [10]
      New connections: { $239y [15:11] $239y [9:0] } = 15'000000000000000
    Consolidated identical input bits for $mux cell $236:
      Old ports: A=16'0000000000000000, B=16'0000100000000000, Y=$236y
      New ports: A=1'0, B=1'1, Y=$236y [11]
      New connections: { $236y [15:12] $236y [10:0] } = 15'000000000000000
    Consolidated identical input bits for $mux cell $233:
      Old ports: A=16'0000000000000000, B=16'0001000000000000, Y=$233y
      New ports: A=1'0, B=1'1, Y=$233y [12]
      New connections: { $233y [15:13] $233y [11:0] } = 15'000000000000000
    Consolidated identical input bits for $mux cell $230:
      Old ports: A=16'0000000000000000, B=16'0010000000000000, Y=$230y
      New ports: A=1'0, B=1'1, Y=$230y [13]
      New connections: { $230y [15:14] $230y [12:0] } = 15'000000000000000
    Consolidated identical input bits for $mux cell $227:
      Old ports: A=16'0000000000000000, B=16'0100000000000000, Y=$227y
      New ports: A=1'0, B=1'1, Y=$227y [14]
      New connections: { $227y [15] $227y [13:0] } = 15'000000000000000
    Consolidated identical input bits for $mux cell $224:
      Old ports: A=16'0000000000000000, B=16'1000000000000000, Y=$224y
      New ports: A=1'0, B=1'1, Y=$224y [15]
      New connections: $224y [14:0] = 15'000000000000000
    Consolidated identical input bits for $mux cell $210:
      Old ports: A=24'000000000000000000000000, B=24'111111111111111111111111, Y=$210y
      New ports: A=1'0, B=1'1, Y=$210y [0]
      New connections: $210y [23:1] = { $210y [0] $210y [0] $210y [0] $210y [0] $210y [0] $210y [0] $210y [0] $210y [0] $210y [0] $210y [0] $210y [0] $210y [0] $210y [0] $210y [0] $210y [0] $210y [0] $210y [0] $210y [0] $210y [0] $210y [0] $210y [0] $210y [0] $210y [0] }
    Consolidated identical input bits for $mux cell $99:
      Old ports: A=33'000000000000000000000000000000000, B=33'111111111111111111111111111111111, Y=$99y
      New ports: A=1'0, B=1'1, Y=$99y [0]
      New connections: $99y [32:1] = { $99y [0] $99y [0] $99y [0] $99y [0] $99y [0] $99y [0] $99y [0] $99y [0] $99y [0] $99y [0] $99y [0] $99y [0] $99y [0] $99y [0] $99y [0] $99y [0] $99y [0] $99y [0] $99y [0] $99y [0] $99y [0] $99y [0] $99y [0] $99y [0] $99y [0] $99y [0] $99y [0] $99y [0] $99y [0] $99y [0] $99y [0] $99y [0] }
    Consolidated identical input bits for $mux cell $95:
      Old ports: A=36'000000000000000000000000000000000000, B=36'000000000000000000000000000000000011, Y=$95y
      New ports: A=1'0, B=1'1, Y=$95y [0]
      New connections: $95y [35:1] = { 34'0000000000000000000000000000000000 $95y [0] }
    Consolidated identical input bits for $mux cell $91:
      Old ports: A=36'000000000000000000000000000000000000, B=36'000000000000000000000000000000001100, Y=$91y
      New ports: A=1'0, B=1'1, Y=$91y [2]
      New connections: { $91y [35:3] $91y [1:0] } = { 32'00000000000000000000000000000000 $91y [2] 2'00 }
    Consolidated identical input bits for $mux cell $87:
      Old ports: A=36'000000000000000000000000000000000000, B=36'111111111111111111111111111111110000, Y=$87y
      New ports: A=1'0, B=1'1, Y=$87y [4]
      New connections: { $87y [35:5] $87y [3:0] } = { $87y [4] $87y [4] $87y [4] $87y [4] $87y [4] $87y [4] $87y [4] $87y [4] $87y [4] $87y [4] $87y [4] $87y [4] $87y [4] $87y [4] $87y [4] $87y [4] $87y [4] $87y [4] $87y [4] $87y [4] $87y [4] $87y [4] $87y [4] $87y [4] $87y [4] $87y [4] $87y [4] $87y [4] $87y [4] $87y [4] $87y [4] 4'0000 }
    New input vector for $reduce_or cell $auto$opt_reduce.cc:131:opt_pmux$21813: { $procmux$4028_CMP $procmux$4022_CMP }
    New input vector for $reduce_or cell $auto$opt_reduce.cc:131:opt_pmux$21843: { $procmux$3030_CMP $procmux$2893_CMP $procmux$2891_CMP $procmux$2889_CMP $procmux$2885_CMP $procmux$2883_CMP }
    New input vector for $reduce_or cell $auto$opt_reduce.cc:131:opt_pmux$21845: { $procmux$3030_CMP $procmux$2891_CMP $procmux$2889_CMP $procmux$2883_CMP }
  Optimizing cells in module \riscv32_npc_system.
Performed a total of 99 changes.

3.5. Executing OPT_MERGE pass (detect identical cells).
Finding identical cells in module `\riscv32_npc_system'.
<suppressed ~375 debug messages>
Removed a total of 125 cells.

3.6. Executing OPT_DFF pass (perform DFF optimizations).
Changing const-value async load to async reset on $driver$u_reset_controller.reset_release_sync_q ($aldff) from module riscv32_npc_system.
Changing const-value async load to async reset on $driver$u_reset_controller.reset_release_q ($aldff) from module riscv32_npc_system.
Changing const-value async load to async reset on $driver$u_core.u_ifu.predictor_fetch_pc_q ($aldff) from module riscv32_npc_system.
Changing const-value async load to async reset on $driver$u_core.u_ifu.current_fetch_epoch_q ($aldff) from module riscv32_npc_system.
Changing const-value async load to async reset on $driver$u_core.u_ifu.next_frontend_tag_q ($aldff) from module riscv32_npc_system.
Changing const-value async load to async reset on $driver$u_core.u_ifu.lookup_queue_entry_count_q ($aldff) from module riscv32_npc_system.
Changing const-value async load to async reset on $driver$u_core.u_ifu.lookup_queue_read_index_q ($aldff) from module riscv32_npc_system.
Changing const-value async load to async reset on $driver$u_core.u_ifu.lookup_queue_write_index_q ($aldff) from module riscv32_npc_system.
Changing const-value async load to async reset on $driver$u_core.u_icache.u_riscv32_icache_data_array.staged_refill_write_enable_q ($aldff) from module riscv32_npc_system.
Changing const-value async load to async reset on $driver$u_core.u_icache.u_riscv32_icache_miss_unit.state_q ($aldff) from module riscv32_npc_system.
Changing const-value async load to async reset on $driver$u_core.u_icache.u_riscv32_icache_miss_unit.lookup_resp_present_q ($aldff) from module riscv32_npc_system.
Changing const-value async load to async reset on $driver$u_core.u_icache.u_riscv32_icache_miss_unit.lookup_response_generated_q ($aldff) from module riscv32_npc_system.
Changing const-value async load to async reset on $driver$u_core.u_fetch_buffer.read_index_q ($aldff) from module riscv32_npc_system.
Changing const-value async load to async reset on $driver$u_core.u_fetch_buffer.write_index_q ($aldff) from module riscv32_npc_system.
Changing const-value async load to async reset on $driver$u_core.u_fetch_buffer.entry_count_q ($aldff) from module riscv32_npc_system.
Changing const-value async load to async reset on $driver$u_core.u_branch_predictor.u_bht.counter_array_q[0] ($aldff) from module riscv32_npc_system.
Changing const-value async load to async reset on $driver$u_core.u_branch_predictor.u_bht.counter_array_q[1] ($aldff) from module riscv32_npc_system.
Changing const-value async load to async reset on $driver$u_core.u_branch_predictor.u_bht.counter_array_q[2] ($aldff) from module riscv32_npc_system.
Changing const-value async load to async reset on $driver$u_core.u_branch_predictor.u_bht.counter_array_q[3] ($aldff) from module riscv32_npc_system.
Changing const-value async load to async reset on $driver$u_core.u_branch_predictor.u_bht.counter_array_q[4] ($aldff) from module riscv32_npc_system.
Changing const-value async load to async reset on $driver$u_core.u_branch_predictor.u_bht.counter_array_q[5] ($aldff) from module riscv32_npc_system.
Changing const-value async load to async reset on $driver$u_core.u_branch_predictor.u_bht.counter_array_q[6] ($aldff) from module riscv32_npc_system.
Changing const-value async load to async reset on $driver$u_core.u_branch_predictor.u_bht.counter_array_q[7] ($aldff) from module riscv32_npc_system.
Changing const-value async load to async reset on $driver$u_core.u_branch_predictor.u_bht.counter_array_q[8] ($aldff) from module riscv32_npc_system.
Changing const-value async load to async reset on $driver$u_core.u_branch_predictor.u_bht.counter_array_q[9] ($aldff) from module riscv32_npc_system.
Changing const-value async load to async reset on $driver$u_core.u_branch_predictor.u_bht.counter_array_q[10] ($aldff) from module riscv32_npc_system.
Changing const-value async load to async reset on $driver$u_core.u_branch_predictor.u_bht.counter_array_q[11] ($aldff) from module riscv32_npc_system.
Changing const-value async load to async reset on $driver$u_core.u_branch_predictor.u_bht.counter_array_q[12] ($aldff) from module riscv32_npc_system.
Changing const-value async load to async reset on $driver$u_core.u_branch_predictor.u_bht.counter_array_q[13] ($aldff) from module riscv32_npc_system.
Changing const-value async load to async reset on $driver$u_core.u_branch_predictor.u_bht.counter_array_q[14] ($aldff) from module riscv32_npc_system.
Changing const-value async load to async reset on $driver$u_core.u_branch_predictor.u_bht.counter_array_q[15] ($aldff) from module riscv32_npc_system.
Changing const-value async load to async reset on $driver$u_core.u_branch_predictor.u_btb.entry_present_array_q[0] ($aldff) from module riscv32_npc_system.
Changing const-value async load to async reset on $driver$u_core.u_branch_predictor.u_btb.entry_present_array_q[1] ($aldff) from module riscv32_npc_system.
Changing const-value async load to async reset on $driver$u_core.u_branch_predictor.u_btb.entry_present_array_q[2] ($aldff) from module riscv32_npc_system.
Changing const-value async load to async reset on $driver$u_core.u_branch_predictor.u_btb.entry_present_array_q[3] ($aldff) from module riscv32_npc_system.
Changing const-value async load to async reset on $driver$u_core.u_branch_predictor.u_btb.entry_present_array_q[4] ($aldff) from module riscv32_npc_system.
Changing const-value async load to async reset on $driver$u_core.u_branch_predictor.u_btb.entry_present_array_q[5] ($aldff) from module riscv32_npc_system.
Changing const-value async load to async reset on $driver$u_core.u_branch_predictor.u_btb.entry_present_array_q[6] ($aldff) from module riscv32_npc_system.
Changing const-value async load to async reset on $driver$u_core.u_branch_predictor.u_btb.entry_present_array_q[7] ($aldff) from module riscv32_npc_system.
Changing const-value async load to async reset on $driver$u_core.u_branch_predictor.u_btb.replacement_way_array_q[0] ($aldff) from module riscv32_npc_system.
Changing const-value async load to async reset on $driver$u_core.u_branch_predictor.u_btb.replacement_way_array_q[1] ($aldff) from module riscv32_npc_system.
Changing const-value async load to async reset on $driver$u_core.u_branch_predictor.u_btb.replacement_way_array_q[2] ($aldff) from module riscv32_npc_system.
Changing const-value async load to async reset on $driver$u_core.u_branch_predictor.u_btb.replacement_way_array_q[3] ($aldff) from module riscv32_npc_system.
Changing const-value async load to async reset on $driver$u_core.u_branch_predictor.u_btb.replacement_way_array_q[4] ($aldff) from module riscv32_npc_system.
Changing const-value async load to async reset on $driver$u_core.u_branch_predictor.u_btb.replacement_way_array_q[5] ($aldff) from module riscv32_npc_system.
Changing const-value async load to async reset on $driver$u_core.u_branch_predictor.u_btb.replacement_way_array_q[6] ($aldff) from module riscv32_npc_system.
Changing const-value async load to async reset on $driver$u_core.u_branch_predictor.u_btb.replacement_way_array_q[7] ($aldff) from module riscv32_npc_system.
Changing const-value async load to async reset on $driver$u_core.u_branch_predictor.u_ras.write_index_q ($aldff) from module riscv32_npc_system.
Changing const-value async load to async reset on $driver$u_core.u_branch_predictor.u_ras.entry_count_q ($aldff) from module riscv32_npc_system.
Changing const-value async load to async reset on $driver$u_core.u_branch_predictor.response_present_q ($aldff) from module riscv32_npc_system.
Changing const-value async load to async reset on $driver$u_core.u_icache_axi.state_q ($aldff) from module riscv32_npc_system.
Changing const-value async load to async reset on $driver$u_core.u_csr_file.u_pmu.mcycle_low_q ($aldff) from module riscv32_npc_system.
Changing const-value async load to async reset on $driver$u_core.u_csr_file.u_pmu.mcycle_high_q ($aldff) from module riscv32_npc_system.
Changing const-value async load to async reset on $driver$u_core.u_csr_file.u_pmu.minstret_low_q ($aldff) from module riscv32_npc_system.
Changing const-value async load to async reset on $driver$u_core.u_csr_file.u_pmu.minstret_high_q ($aldff) from module riscv32_npc_system.
Changing const-value async load to async reset on $driver$u_core.u_csr_file.u_pmu.mcycle_inhibit_q ($aldff) from module riscv32_npc_system.
Changing const-value async load to async reset on $driver$u_core.u_csr_file.u_pmu.minstret_inhibit_q ($aldff) from module riscv32_npc_system.
Changing const-value async load to async reset on $driver$u_core.u_csr_file.mstatus_mie_q ($aldff) from module riscv32_npc_system.
Changing const-value async load to async reset on $driver$u_core.u_csr_file.mstatus_mpie_q ($aldff) from module riscv32_npc_system.
Changing const-value async load to async reset on $driver$u_core.u_csr_file.mie_mtie_q ($aldff) from module riscv32_npc_system.
Changing const-value async load to async reset on $driver$u_core.u_csr_file.mtvec_base_q ($aldff) from module riscv32_npc_system.
Changing const-value async load to async reset on $driver$u_core.u_csr_file.mscratch_q ($aldff) from module riscv32_npc_system.
Changing const-value async load to async reset on $driver$u_core.u_csr_file.mepc_base_q ($aldff) from module riscv32_npc_system.
Changing const-value async load to async reset on $driver$u_core.u_csr_file.mcause_interrupt_q ($aldff) from module riscv32_npc_system.
Changing const-value async load to async reset on $driver$u_core.u_csr_file.mcause_code_q ($aldff) from module riscv32_npc_system.
Changing const-value async load to async reset on $driver$u_core.u_csr_file.mtval_q ($aldff) from module riscv32_npc_system.
Changing const-value async load to async reset on $driver$u_core.u_id_ex_reg.execute_packet_valid_q ($aldff) from module riscv32_npc_system.
Changing const-value async load to async reset on $driver$u_core.u_id_ex_reg.forwardable_producer_present_q ($aldff) from module riscv32_npc_system.
Changing const-value async load to async reset on $driver$u_core.u_id_ex_reg.blocking_producer_present_q ($aldff) from module riscv32_npc_system.
Changing const-value async load to async reset on $driver$u_core.u_id_ex_reg.serializing_instruction_present_q ($aldff) from module riscv32_npc_system.
Changing const-value async load to async reset on $driver$u_core.u_ex_result_reg.execute_result_valid_q ($aldff) from module riscv32_npc_system.
Changing const-value async load to async reset on $driver$u_core.u_lsu.state_q ($aldff) from module riscv32_npc_system.
Changing const-value async load to async reset on $driver$u_core.u_data_mem.route_state_q ($aldff) from module riscv32_npc_system.
Changing const-value async load to async reset on $driver$u_core.u_data_mem.gen_dcache.u_dcache.lookup_s1_present_q ($aldff) from module riscv32_npc_system.
Changing const-value async load to async reset on $driver$u_core.u_data_mem.gen_dcache.u_dcache.replacement_way_index_array_q[0] ($aldff) from module riscv32_npc_system.
Changing const-value async load to async reset on $driver$u_core.u_data_mem.gen_dcache.u_dcache.replacement_way_index_array_q[1] ($aldff) from module riscv32_npc_system.
Changing const-value async load to async reset on $driver$u_core.u_data_mem.gen_dcache.u_dcache.replacement_way_index_array_q[2] ($aldff) from module riscv32_npc_system.
Changing const-value async load to async reset on $driver$u_core.u_data_mem.gen_dcache.u_dcache.replacement_way_index_array_q[3] ($aldff) from module riscv32_npc_system.
Changing const-value async load to async reset on $driver$u_core.u_data_mem.gen_dcache.u_dcache.replacement_way_index_array_q[4] ($aldff) from module riscv32_npc_system.
Changing const-value async load to async reset on $driver$u_core.u_data_mem.gen_dcache.u_dcache.replacement_way_index_array_q[5] ($aldff) from module riscv32_npc_system.
Changing const-value async load to async reset on $driver$u_core.u_data_mem.gen_dcache.u_dcache.replacement_way_index_array_q[6] ($aldff) from module riscv32_npc_system.
Changing const-value async load to async reset on $driver$u_core.u_data_mem.gen_dcache.u_dcache.replacement_way_index_array_q[7] ($aldff) from module riscv32_npc_system.
Changing const-value async load to async reset on $driver$u_core.u_data_mem.gen_dcache.u_dcache.store_write_bypass_present_q ($aldff) from module riscv32_npc_system.
Changing const-value async load to async reset on $driver$u_core.u_data_mem.gen_dcache.u_dcache.clean_state_q ($aldff) from module riscv32_npc_system.
Changing const-value async load to async reset on $driver$u_core.u_data_mem.gen_dcache.u_dcache.clean_access_fault_q ($aldff) from module riscv32_npc_system.
Changing const-value async load to async reset on $driver$u_core.u_data_mem.gen_dcache.u_dcache.u_miss_unit.state_q ($aldff) from module riscv32_npc_system.
Changing const-value async load to async reset on $driver$u_core.u_data_mem.gen_dcache.u_dcache.u_miss_unit.clean_operation_q ($aldff) from module riscv32_npc_system.
Changing const-value async load to async reset on $driver$u_core.u_data_mem.gen_dcache.u_dcache.u_miss_unit.transaction_access_fault_q ($aldff) from module riscv32_npc_system.
Changing const-value async load to async reset on $driver$u_core.u_data_mem.gen_dcache.u_dcache.u_miss_unit.clean_access_fault_q ($aldff) from module riscv32_npc_system.
Changing const-value async load to async reset on $driver$u_core.u_data_mem.gen_dcache.u_dcache.u_miss_unit.writeback_response_pending_q ($aldff) from module riscv32_npc_system.
Changing const-value async load to async reset on $driver$u_core.u_data_mem.gen_dcache.u_dcache.u_dcache_axi.refill_state_q ($aldff) from module riscv32_npc_system.
Changing const-value async load to async reset on $driver$u_core.u_data_mem.gen_dcache.u_dcache.u_dcache_axi.writeback_state_q ($aldff) from module riscv32_npc_system.
Changing const-value async load to async reset on $driver$u_core.u_data_mem.gen_dcache.u_dcache.u_dcache_axi.write_address_pending_q ($aldff) from module riscv32_npc_system.
Changing const-value async load to async reset on $driver$u_core.u_data_mem.gen_dcache.u_dcache.u_dcache_axi.write_data_pending_q ($aldff) from module riscv32_npc_system.
Changing const-value async load to async reset on $driver$u_core.u_data_mem.u_uncached_axi.state_q ($aldff) from module riscv32_npc_system.
Changing const-value async load to async reset on $driver$u_core.u_data_mem.u_uncached_axi.write_address_pending_q ($aldff) from module riscv32_npc_system.
Changing const-value async load to async reset on $driver$u_core.u_data_mem.u_uncached_axi.write_data_pending_q ($aldff) from module riscv32_npc_system.
Changing const-value async load to async reset on $driver$u_core.u_wb_reg.writeback_result_valid_q ($aldff) from module riscv32_npc_system.
Changing const-value async load to async reset on $driver$u_core.u_fence_i_ctrl.icache_lookup_stalled_q ($aldff) from module riscv32_npc_system.
Changing const-value async load to async reset on $driver$u_core.u_fence_i_ctrl.fence_i_maintenance_state_q ($aldff) from module riscv32_npc_system.
Changing const-value async load to async reset on $driver$u_core.u_interrupt_ctrl.resume_pc_q ($aldff) from module riscv32_npc_system.
Changing const-value async load to async reset on $driver$u_axi4_arbiter.read_transaction_requester_q ($aldff) from module riscv32_npc_system.
Changing const-value async load to async reset on $driver$u_axi4_arbiter.read_transaction_present_q ($aldff) from module riscv32_npc_system.
Changing const-value async load to async reset on $driver$u_axi4_arbiter.read_address_pending_q ($aldff) from module riscv32_npc_system.
Changing const-value async load to async reset on $driver$u_axi4_arbiter.next_priority_read_requester_q ($aldff) from module riscv32_npc_system.
Changing const-value async load to async reset on $driver$u_local_address_router.read_state_q ($aldff) from module riscv32_npc_system.
Changing const-value async load to async reset on $driver$u_local_address_router.selected_read_target_index_q ($aldff) from module riscv32_npc_system.
Changing const-value async load to async reset on $driver$u_local_address_router.write_state_q ($aldff) from module riscv32_npc_system.
Changing const-value async load to async reset on $driver$u_local_address_router.selected_write_target_index_q ($aldff) from module riscv32_npc_system.
Changing const-value async load to async reset on $driver$u_local_address_router.write_last_data_occurred_q ($aldff) from module riscv32_npc_system.
Changing const-value async load to async reset on $driver$u_clint.read_state_q ($aldff) from module riscv32_npc_system.
Changing const-value async load to async reset on $driver$u_clint.read_response_q.data ($aldff) from module riscv32_npc_system.
Changing const-value async load to async reset on $driver$u_clint.read_response_q.id ($aldff) from module riscv32_npc_system.
Changing const-value async load to async reset on $driver$u_clint.read_response_q.resp ($aldff) from module riscv32_npc_system.
Changing const-value async load to async reset on $driver$u_clint.read_response_q.last ($aldff) from module riscv32_npc_system.
Changing const-value async load to async reset on $driver$u_clint.read_burst_length_q ($aldff) from module riscv32_npc_system.
Changing const-value async load to async reset on $driver$u_clint.read_beat_index_q ($aldff) from module riscv32_npc_system.
Changing const-value async load to async reset on $driver$u_clint.mtime_high_snapshot_q ($aldff) from module riscv32_npc_system.
Changing const-value async load to async reset on $driver$u_clint.mtime_read_snapshot_present_q ($aldff) from module riscv32_npc_system.
Changing const-value async load to async reset on $driver$u_clint.write_register_index_q ($aldff) from module riscv32_npc_system.
Changing const-value async load to async reset on $driver$u_clint.write_state_q ($aldff) from module riscv32_npc_system.
Changing const-value async load to async reset on $driver$u_clint.write_response_q.id ($aldff) from module riscv32_npc_system.
Changing const-value async load to async reset on $driver$u_clint.write_response_q.resp ($aldff) from module riscv32_npc_system.
Changing const-value async load to async reset on $driver$u_clint.write_request_supported_q ($aldff) from module riscv32_npc_system.
Changing const-value async load to async reset on $driver$u_clint.write_beats_remaining_q ($aldff) from module riscv32_npc_system.
Changing const-value async load to async reset on $driver$u_clint.mtime_q ($aldff) from module riscv32_npc_system.
Changing const-value async load to async reset on $driver$u_clint.clint_clock_cycle_count_q ($aldff) from module riscv32_npc_system.
Changing const-value async load to async reset on $driver$u_clint.mtimecmp_q ($aldff) from module riscv32_npc_system.

3.7. Executing OPT_CLEAN pass (remove unused cells and wires).
Finding unused cells or wires in module \riscv32_npc_system..
Removed 32 unused cells and 16774 unused wires.
<suppressed ~56 debug messages>

3.8. Executing OPT_EXPR pass (perform const folding).
Optimizing module riscv32_npc_system.
Couldn't topologically sort cells, optimizing module riscv32_npc_system may take a longer time.
Couldn't topologically sort cells, optimizing module riscv32_npc_system may take a longer time.
Couldn't topologically sort cells, optimizing module riscv32_npc_system may take a longer time.
<suppressed ~2 debug messages>

3.9. Rerunning OPT passes. (Maybe there is more to do..)

3.10. Executing OPT_MUXTREE pass (detect dead branches in mux trees).
Running muxtree optimizer on module \riscv32_npc_system..
  Creating internal representation of mux trees.
  Evaluating internal representation of mux trees.
  Analyzing evaluation results.
Removed 0 multiplexer ports.
<suppressed ~13883 debug messages>

3.11. Executing OPT_REDUCE pass (consolidate $*mux and $reduce_* inputs).
  Optimizing cells in module \riscv32_npc_system.
    New ctrl vector for $pmux cell $procmux$2880: { $auto$opt_reduce.cc:137:opt_pmux$21870 $auto$opt_reduce.cc:137:opt_pmux$21868 }
    New ctrl vector for $pmux cell $procmux$3243: \u_core.u_icache_axi.refill_req_ready_o
    New ctrl vector for $pmux cell $procmux$3706: { \u_core.u_data_mem.gen_dcache.u_dcache.u_miss_unit.clean_req_ready_o $auto$opt_reduce.cc:137:opt_pmux$21872 }
    New ctrl vector for $pmux cell $procmux$793: { $procmux$796_CMP $procmux$795_CMP }
  Optimizing cells in module \riscv32_npc_system.
Performed a total of 4 changes.

3.12. Executing OPT_MERGE pass (detect identical cells).
Finding identical cells in module `\riscv32_npc_system'.
Removed a total of 0 cells.

3.13. Executing OPT_DFF pass (perform DFF optimizations).
Adding EN signal on $driver$u_local_address_router.selected_write_target_index_q ($adff) from module riscv32_npc_system (D = \u_local_address_router.write_target_select_index, Q = \u_local_address_router.selected_write_target_index_q).
Adding EN signal on $driver$u_local_address_router.selected_read_target_index_q ($adff) from module riscv32_npc_system (D = \u_local_address_router.read_target_select_index, Q = \u_local_address_router.selected_read_target_index_q).
Adding EN signal on $driver$u_local_address_router.read_state_q ($adff) from module riscv32_npc_system (D = \u_local_address_router.read_state_d, Q = \u_local_address_router.read_state_q).
Adding EN signal on $driver$u_core.u_wb_reg.writeback_result_q.uop.writes_rd ($dff) from module riscv32_npc_system (D = \u_core.completion_result [308], Q = \u_core.u_wb_reg.writeback_result_q [308]).
Adding EN signal on $driver$u_core.u_wb_reg.writeback_result_q.uop.uses_rs2 ($dff) from module riscv32_npc_system (D = \u_core.completion_result [309], Q = \u_core.u_wb_reg.writeback_result_q [309]).
Adding EN signal on $driver$u_core.u_wb_reg.writeback_result_q.uop.uses_rs1 ($dff) from module riscv32_npc_system (D = \u_core.completion_result [310], Q = \u_core.u_wb_reg.writeback_result_q [310]).
Adding EN signal on $driver$u_core.u_wb_reg.writeback_result_q.uop.system_op ($dff) from module riscv32_npc_system (D = \u_core.completion_result [237:235], Q = \u_core.u_wb_reg.writeback_result_q [237:235]).
Adding EN signal on $driver$u_core.u_wb_reg.writeback_result_q.uop.serializing ($dff) from module riscv32_npc_system (D = \u_core.completion_result [234], Q = \u_core.u_wb_reg.writeback_result_q [234]).
Adding EN signal on $driver$u_core.u_wb_reg.writeback_result_q.uop.rs2 ($dff) from module riscv32_npc_system (D = \u_core.completion_result [320:316], Q = \u_core.u_wb_reg.writeback_result_q [320:316]).
Adding EN signal on $driver$u_core.u_wb_reg.writeback_result_q.uop.rs1 ($dff) from module riscv32_npc_system (D = \u_core.completion_result [325:321], Q = \u_core.u_wb_reg.writeback_result_q [325:321]).
Adding EN signal on $driver$u_core.u_wb_reg.writeback_result_q.uop.rd ($dff) from module riscv32_npc_system (D = \u_core.completion_result [315:311], Q = \u_core.u_wb_reg.writeback_result_q [315:311]).
Adding EN signal on $driver$u_core.u_wb_reg.writeback_result_q.uop.prediction.predicted_target ($dff) from module riscv32_npc_system (D = \u_core.completion_result [357:326], Q = \u_core.u_wb_reg.writeback_result_q [357:326]).
Adding EN signal on $driver$u_core.u_wb_reg.writeback_result_q.uop.prediction.predicted_taken ($dff) from module riscv32_npc_system (D = \u_core.completion_result [358], Q = \u_core.u_wb_reg.writeback_result_q [358]).
Adding EN signal on $driver$u_core.u_wb_reg.writeback_result_q.uop.pc ($dff) from module riscv32_npc_system (D = \u_core.completion_result [424:393], Q = \u_core.u_wb_reg.writeback_result_q [424:393]).
Adding EN signal on $driver$u_core.u_wb_reg.writeback_result_q.uop.mem_ctrl.unsigned_load ($dff) from module riscv32_npc_system (D = \u_core.completion_result [255], Q = \u_core.u_wb_reg.writeback_result_q [255]).
Adding EN signal on $driver$u_core.u_wb_reg.writeback_result_q.uop.mem_ctrl.size ($dff) from module riscv32_npc_system (D = \u_core.completion_result [257:256], Q = \u_core.u_wb_reg.writeback_result_q [257:256]).
Adding EN signal on $driver$u_core.u_wb_reg.writeback_result_q.uop.mem_ctrl.cmd ($dff) from module riscv32_npc_system (D = \u_core.completion_result [259:258], Q = \u_core.u_wb_reg.writeback_result_q [259:258]).
Adding EN signal on $driver$u_core.u_wb_reg.writeback_result_q.uop.int_ctrl.operand_b_select ($dff) from module riscv32_npc_system (D = \u_core.completion_result [266:265], Q = \u_core.u_wb_reg.writeback_result_q [266:265]).
Adding EN signal on $driver$u_core.u_wb_reg.writeback_result_q.uop.int_ctrl.operand_a_select ($dff) from module riscv32_npc_system (D = \u_core.completion_result [268:267], Q = \u_core.u_wb_reg.writeback_result_q [268:267]).
Adding EN signal on $driver$u_core.u_wb_reg.writeback_result_q.uop.int_ctrl.op ($dff) from module riscv32_npc_system (D = \u_core.completion_result [272:269], Q = \u_core.u_wb_reg.writeback_result_q [272:269]).
Adding EN signal on $driver$u_core.u_wb_reg.writeback_result_q.uop.instruction ($dff) from module riscv32_npc_system (D = \u_core.completion_result [392:361], Q = \u_core.u_wb_reg.writeback_result_q [392:361]).
Adding EN signal on $driver$u_core.u_wb_reg.writeback_result_q.uop.imm ($dff) from module riscv32_npc_system (D = \u_core.completion_result [304:273], Q = \u_core.u_wb_reg.writeback_result_q [304:273]).
Adding EN signal on $driver$u_core.u_wb_reg.writeback_result_q.uop.fu_type ($dff) from module riscv32_npc_system (D = \u_core.completion_result [307:305], Q = \u_core.u_wb_reg.writeback_result_q [307:305]).
Adding EN signal on $driver$u_core.u_wb_reg.writeback_result_q.uop.frontend_tag ($dff) from module riscv32_npc_system (D = \u_core.completion_result [360:359], Q = \u_core.u_wb_reg.writeback_result_q [360:359]).
Adding EN signal on $driver$u_core.u_wb_reg.writeback_result_q.uop.exception_valid ($dff) from module riscv32_npc_system (D = \u_core.completion_result [233], Q = \u_core.u_wb_reg.writeback_result_q [233]).
Adding EN signal on $driver$u_core.u_wb_reg.writeback_result_q.uop.exception_tval ($dff) from module riscv32_npc_system (D = \u_core.completion_result [227:196], Q = \u_core.u_wb_reg.writeback_result_q [227:196]).
Adding EN signal on $driver$u_core.u_wb_reg.writeback_result_q.uop.exception_cause ($dff) from module riscv32_npc_system (D = \u_core.completion_result [232:228], Q = \u_core.u_wb_reg.writeback_result_q [232:228]).
Adding EN signal on $driver$u_core.u_wb_reg.writeback_result_q.uop.csr_ctrl.write_enable ($dff) from module riscv32_npc_system (D = \u_core.completion_result [239], Q = \u_core.u_wb_reg.writeback_result_q [239]).
Adding EN signal on $driver$u_core.u_wb_reg.writeback_result_q.uop.csr_ctrl.use_imm ($dff) from module riscv32_npc_system (D = \u_core.completion_result [238], Q = \u_core.u_wb_reg.writeback_result_q [238]).
Adding EN signal on $driver$u_core.u_wb_reg.writeback_result_q.uop.csr_ctrl.read_enable ($dff) from module riscv32_npc_system (D = \u_core.completion_result [240], Q = \u_core.u_wb_reg.writeback_result_q [240]).
Adding EN signal on $driver$u_core.u_wb_reg.writeback_result_q.uop.csr_ctrl.op ($dff) from module riscv32_npc_system (D = \u_core.completion_result [254:253], Q = \u_core.u_wb_reg.writeback_result_q [254:253]).
Adding EN signal on $driver$u_core.u_wb_reg.writeback_result_q.uop.csr_ctrl.addr ($dff) from module riscv32_npc_system (D = \u_core.completion_result [252:241], Q = \u_core.u_wb_reg.writeback_result_q [252:241]).
Adding EN signal on $driver$u_core.u_wb_reg.writeback_result_q.uop.branch_ctrl.op ($dff) from module riscv32_npc_system (D = \u_core.completion_result [264:263], Q = \u_core.u_wb_reg.writeback_result_q [264:263]).
Adding EN signal on $driver$u_core.u_wb_reg.writeback_result_q.uop.branch_ctrl.condition ($dff) from module riscv32_npc_system (D = \u_core.completion_result [262:260], Q = \u_core.u_wb_reg.writeback_result_q [262:260]).
Adding EN signal on $driver$u_core.u_wb_reg.writeback_result_q.result ($dff) from module riscv32_npc_system (D = \u_core.completion_result [195:164], Q = \u_core.u_wb_reg.writeback_result_q [195:164]).
Adding EN signal on $driver$u_core.u_wb_reg.writeback_result_q.next_pc ($dff) from module riscv32_npc_system (D = \u_core.completion_result [163:132], Q = \u_core.u_wb_reg.writeback_result_q [163:132]).
Adding EN signal on $driver$u_core.u_wb_reg.writeback_result_q.memory_wmask ($dff) from module riscv32_npc_system (D = \u_core.completion_result [3:0], Q = \u_core.u_wb_reg.writeback_result_q [3:0]).
Adding SRST signal on $auto$ff.cc:337:slice$21913 ($dffe) from module riscv32_npc_system (D = \u_core.lsu_writeback [3:0], Q = \u_core.u_wb_reg.writeback_result_q [3:0], rval = 4'0000).
Adding EN signal on $driver$u_core.u_wb_reg.writeback_result_q.memory_wdata ($dff) from module riscv32_npc_system (D = \u_core.completion_result [35:4], Q = \u_core.u_wb_reg.writeback_result_q [35:4]).
Adding SRST signal on $auto$ff.cc:337:slice$21915 ($dffe) from module riscv32_npc_system (D = \u_core.lsu_writeback [35:4], Q = \u_core.u_wb_reg.writeback_result_q [35:4], rval = 0).
Adding EN signal on $driver$u_core.u_wb_reg.writeback_result_q.memory_rdata ($dff) from module riscv32_npc_system (D = \u_core.completion_result [67:36], Q = \u_core.u_wb_reg.writeback_result_q [67:36]).
Adding SRST signal on $auto$ff.cc:337:slice$21917 ($dffe) from module riscv32_npc_system (D = \u_core.lsu_writeback [67:36], Q = \u_core.u_wb_reg.writeback_result_q [67:36], rval = 0).
Adding EN signal on $driver$u_core.u_wb_reg.writeback_result_q.memory_addr ($dff) from module riscv32_npc_system (D = \u_core.completion_result [99:68], Q = \u_core.u_wb_reg.writeback_result_q [99:68]).
Adding SRST signal on $auto$ff.cc:337:slice$21919 ($dffe) from module riscv32_npc_system (D = \u_core.lsu_writeback [99:68], Q = \u_core.u_wb_reg.writeback_result_q [99:68], rval = 0).
Adding EN signal on $driver$u_core.u_wb_reg.writeback_result_q.csr_wdata ($dff) from module riscv32_npc_system (D = \u_core.completion_result [131:100], Q = \u_core.u_wb_reg.writeback_result_q [131:100]).
Adding EN signal on $driver$u_core.u_lsu.state_q ($adff) from module riscv32_npc_system (D = \u_core.u_lsu.state_d, Q = \u_core.u_lsu.state_q).
Adding EN signal on $driver$u_core.u_lsu.pending_lsu_context_q.writes_rd ($dff) from module riscv32_npc_system (D = \u_core.u_id_ex_reg.execute_packet_q [209], Q = \u_core.u_lsu.pending_lsu_context_q [139]).
Adding EN signal on $driver$u_core.u_lsu.pending_lsu_context_q.store_data ($dff) from module riscv32_npc_system (D = \u_core.u_id_ex_reg.execute_packet_q [64:33], Q = \u_core.u_lsu.pending_lsu_context_q [31:0]).
Adding EN signal on $driver$u_core.u_lsu.pending_lsu_context_q.rd ($dff) from module riscv32_npc_system (D = \u_core.u_id_ex_reg.execute_packet_q [216:212], Q = \u_core.u_lsu.pending_lsu_context_q [144:140]).
Adding EN signal on $driver$u_core.u_lsu.pending_lsu_context_q.pc ($dff) from module riscv32_npc_system (D = \u_core.u_id_ex_reg.execute_packet_q [325:294], Q = \u_core.u_lsu.pending_lsu_context_q [208:177]).
Adding EN signal on $driver$u_core.u_lsu.pending_lsu_context_q.next_pc ($dff) from module riscv32_npc_system (D = \u_core.u_exu.sequential_next_pc, Q = \u_core.u_lsu.pending_lsu_context_q [95:64]).
Adding EN signal on $driver$u_core.u_lsu.pending_lsu_context_q.mem_ctrl.unsigned_load ($dff) from module riscv32_npc_system (D = \u_core.u_id_ex_reg.execute_packet_q [156], Q = \u_core.u_lsu.pending_lsu_context_q [134]).
Adding EN signal on $driver$u_core.u_lsu.pending_lsu_context_q.mem_ctrl.size ($dff) from module riscv32_npc_system (D = \u_core.u_id_ex_reg.execute_packet_q [158:157], Q = \u_core.u_lsu.pending_lsu_context_q [136:135]).
Adding EN signal on $driver$u_core.u_lsu.pending_lsu_context_q.mem_ctrl.cmd ($dff) from module riscv32_npc_system (D = \u_core.u_id_ex_reg.execute_packet_q [160:159], Q = \u_core.u_lsu.pending_lsu_context_q [138:137]).
Adding EN signal on $driver$u_core.u_lsu.pending_lsu_context_q.instruction ($dff) from module riscv32_npc_system (D = \u_core.u_id_ex_reg.execute_packet_q [293:262], Q = \u_core.u_lsu.pending_lsu_context_q [176:145]).
Adding EN signal on $driver$u_core.u_lsu.pending_lsu_context_q.exception_valid ($dff) from module riscv32_npc_system (D = \u_core.u_id_ex_reg.execute_packet_q [134], Q = \u_core.u_lsu.pending_lsu_context_q [133]).
Adding EN signal on $driver$u_core.u_lsu.pending_lsu_context_q.exception_tval ($dff) from module riscv32_npc_system (D = \u_core.u_id_ex_reg.execute_packet_q [128:97], Q = \u_core.u_lsu.pending_lsu_context_q [127:96]).
Adding EN signal on $driver$u_core.u_lsu.pending_lsu_context_q.exception_cause ($dff) from module riscv32_npc_system (D = \u_core.u_id_ex_reg.execute_packet_q [133:129], Q = \u_core.u_lsu.pending_lsu_context_q [132:128]).
Adding EN signal on $driver$u_core.u_lsu.pending_lsu_context_q.effective_addr ($dff) from module riscv32_npc_system (D = \u_core.u_exu.lsu_effective_addr, Q = \u_core.u_lsu.pending_lsu_context_q [63:32]).
Adding EN signal on $driver$u_core.u_interrupt_ctrl.resume_pc_q ($adff) from module riscv32_npc_system (D = $procmux$1445_Y, Q = \u_core.u_interrupt_ctrl.resume_pc_q).
Adding EN signal on $driver$u_core.u_ifu.predictor_fetch_pc_q ($adff) from module riscv32_npc_system (D = \u_core.u_ifu.predictor_fetch_pc_d, Q = \u_core.u_ifu.predictor_fetch_pc_q).
Adding EN signal on $driver$u_core.u_ifu.pending_prediction_q.predicted_target ($dff) from module riscv32_npc_system (D = \u_core.u_ifu.lookup_queue_front_prediction [31:0], Q = \u_core.u_ifu.pending_prediction_q [31:0]).
Adding EN signal on $driver$u_core.u_ifu.pending_prediction_q.predicted_taken ($dff) from module riscv32_npc_system (D = \u_core.u_ifu.lookup_queue_front_prediction [32], Q = \u_core.u_ifu.pending_prediction_q [32]).
Adding EN signal on $driver$u_core.u_ifu.next_frontend_tag_q ($adff) from module riscv32_npc_system (D = $35y, Q = \u_core.u_ifu.next_frontend_tag_q).
Adding EN signal on $driver$u_core.u_ifu.lookup_queue_write_index_q ($adff) from module riscv32_npc_system (D = \u_core.u_ifu.lookup_queue_write_index_d, Q = \u_core.u_ifu.lookup_queue_write_index_q).
Adding EN signal on $driver$u_core.u_ifu.lookup_queue_read_index_q ($adff) from module riscv32_npc_system (D = \u_core.u_ifu.lookup_queue_read_index_d, Q = \u_core.u_ifu.lookup_queue_read_index_q).
Adding EN signal on $driver$u_core.u_ifu.lookup_queue_entry_count_q ($adff) from module riscv32_npc_system (D = \u_core.u_ifu.lookup_queue_entry_count_d, Q = \u_core.u_ifu.lookup_queue_entry_count_q).
Adding EN signal on $driver$u_core.u_ifu.current_fetch_epoch_q ($adff) from module riscv32_npc_system (D = $27y, Q = \u_core.u_ifu.current_fetch_epoch_q).
Adding EN signal on $driver$u_core.u_id_ex_reg.serializing_instruction_present_q ($adff) from module riscv32_npc_system (D = $procmux$910_Y, Q = \u_core.u_id_ex_reg.serializing_instruction_present_q).
Adding EN signal on $driver$u_core.u_id_ex_reg.forwardable_producer_present_q ($adff) from module riscv32_npc_system (D = $procmux$918_Y, Q = \u_core.u_id_ex_reg.forwardable_producer_present_q).
Adding EN signal on $driver$u_core.u_id_ex_reg.execute_packet_valid_q ($adff) from module riscv32_npc_system (D = $procmux$922_Y, Q = \u_core.u_id_ex_reg.execute_packet_valid_q).
Adding EN signal on $driver$u_core.u_id_ex_reg.execute_packet_q.uop.writes_rd ($dff) from module riscv32_npc_system (D = \u_core.u_id_ex_reg.decoded_execute_packet_i [209], Q = \u_core.u_id_ex_reg.execute_packet_q [209]).
Adding EN signal on $driver$u_core.u_id_ex_reg.execute_packet_q.uop.uses_rs2 ($dff) from module riscv32_npc_system (D = \u_core.u_hazard_ctrl.decoded_uses_rs2_i, Q = \u_core.u_id_ex_reg.execute_packet_q [210]).
Adding EN signal on $driver$u_core.u_id_ex_reg.execute_packet_q.uop.uses_rs1 ($dff) from module riscv32_npc_system (D = \u_core.u_hazard_ctrl.decoded_uses_rs1_i, Q = \u_core.u_id_ex_reg.execute_packet_q [211]).
Adding EN signal on $driver$u_core.u_id_ex_reg.execute_packet_q.uop.system_op ($dff) from module riscv32_npc_system (D = \u_core.decoded_execute_packet [138:136], Q = \u_core.u_id_ex_reg.execute_packet_q [138:136]).
Adding EN signal on $driver$u_core.u_id_ex_reg.execute_packet_q.uop.serializing ($dff) from module riscv32_npc_system (D = \u_core.u_hazard_ctrl.decoded_serializing_i, Q = \u_core.u_id_ex_reg.execute_packet_q [135]).
Adding EN signal on $driver$u_core.u_id_ex_reg.execute_packet_q.uop.rs2 ($dff) from module riscv32_npc_system (D = \u_core.idu_fetch_entry [97:93], Q = \u_core.u_id_ex_reg.execute_packet_q [221:217]).
Adding EN signal on $driver$u_core.u_id_ex_reg.execute_packet_q.uop.rs1 ($dff) from module riscv32_npc_system (D = \u_core.idu_fetch_entry [92:88], Q = \u_core.u_id_ex_reg.execute_packet_q [226:222]).
Adding EN signal on $driver$u_core.u_id_ex_reg.execute_packet_q.uop.rd ($dff) from module riscv32_npc_system (D = \u_core.idu_fetch_entry [84:80], Q = \u_core.u_id_ex_reg.execute_packet_q [216:212]).
Adding EN signal on $driver$u_core.u_id_ex_reg.execute_packet_q.uop.prediction.predicted_target ($dff) from module riscv32_npc_system (D = \u_core.idu_fetch_entry [69:38], Q = \u_core.u_id_ex_reg.execute_packet_q [258:227]).
Adding EN signal on $driver$u_core.u_id_ex_reg.execute_packet_q.uop.prediction.predicted_taken ($dff) from module riscv32_npc_system (D = \u_core.idu_fetch_entry [70], Q = \u_core.u_id_ex_reg.execute_packet_q [259]).
Adding EN signal on $driver$u_core.u_id_ex_reg.execute_packet_q.uop.pc ($dff) from module riscv32_npc_system (D = \u_core.idu_fetch_entry [136:105], Q = \u_core.u_id_ex_reg.execute_packet_q [325:294]).
Adding EN signal on $driver$u_core.u_id_ex_reg.execute_packet_q.uop.mem_ctrl.unsigned_load ($dff) from module riscv32_npc_system (D = \u_core.decoded_execute_packet [156], Q = \u_core.u_id_ex_reg.execute_packet_q [156]).
Adding SRST signal on $auto$ff.cc:337:slice$21993 ($dffe) from module riscv32_npc_system (D = $procmux$2169_Y [0], Q = \u_core.u_id_ex_reg.execute_packet_q [156], rval = 1'0).
Adding EN signal on $driver$u_core.u_id_ex_reg.execute_packet_q.uop.mem_ctrl.size ($dff) from module riscv32_npc_system (D = \u_core.decoded_execute_packet [158:157], Q = \u_core.u_id_ex_reg.execute_packet_q [158:157]).
Adding EN signal on $driver$u_core.u_id_ex_reg.execute_packet_q.uop.mem_ctrl.cmd ($dff) from module riscv32_npc_system (D = \u_core.decoded_execute_packet [160:159], Q = \u_core.u_id_ex_reg.execute_packet_q [160:159]).
Adding SRST signal on $auto$ff.cc:337:slice$21996 ($dffe) from module riscv32_npc_system (D = $procmux$2208_Y [3:2], Q = \u_core.u_id_ex_reg.execute_packet_q [160:159], rval = 2'00).
Adding EN signal on $driver$u_core.u_id_ex_reg.execute_packet_q.uop.int_ctrl.operand_b_select ($dff) from module riscv32_npc_system (D = \u_core.u_operand_mux.decoded_uop_i [70:69], Q = \u_core.u_id_ex_reg.execute_packet_q [167:166]).
Adding EN signal on $driver$u_core.u_id_ex_reg.execute_packet_q.uop.int_ctrl.operand_a_select ($dff) from module riscv32_npc_system (D = \u_core.u_operand_mux.decoded_uop_i [72:71], Q = \u_core.u_id_ex_reg.execute_packet_q [169:168]).
Adding EN signal on $driver$u_core.u_id_ex_reg.execute_packet_q.uop.int_ctrl.op ($dff) from module riscv32_npc_system (D = \u_core.decoded_execute_packet [173:170], Q = \u_core.u_id_ex_reg.execute_packet_q [173:170]).
Adding EN signal on $driver$u_core.u_id_ex_reg.execute_packet_q.uop.instruction ($dff) from module riscv32_npc_system (D = \u_core.idu_fetch_entry [104:73], Q = \u_core.u_id_ex_reg.execute_packet_q [293:262]).
Adding EN signal on $driver$u_core.u_id_ex_reg.execute_packet_q.uop.imm ($dff) from module riscv32_npc_system (D = \u_core.decoded_execute_packet [205:174], Q = \u_core.u_id_ex_reg.execute_packet_q [205:174]).
Adding EN signal on $driver$u_core.u_id_ex_reg.execute_packet_q.uop.fu_type ($dff) from module riscv32_npc_system (D = \u_core.u_id_ex_reg.decoded_execute_packet_i [208:206], Q = \u_core.u_id_ex_reg.execute_packet_q [208:206]).
Adding EN signal on $driver$u_core.u_id_ex_reg.execute_packet_q.uop.frontend_tag ($dff) from module riscv32_npc_system (D = \u_core.idu_fetch_entry [72:71], Q = \u_core.u_id_ex_reg.execute_packet_q [261:260]).
Adding EN signal on $driver$u_core.u_id_ex_reg.execute_packet_q.uop.exception_valid ($dff) from module riscv32_npc_system (D = \u_core.u_id_ex_reg.decoded_execute_packet_i [134], Q = \u_core.u_id_ex_reg.execute_packet_q [134]).
Adding EN signal on $driver$u_core.u_id_ex_reg.execute_packet_q.uop.exception_tval ($dff) from module riscv32_npc_system (D = \u_core.decoded_execute_packet [128:97], Q = \u_core.u_id_ex_reg.execute_packet_q [128:97]).
Adding EN signal on $driver$u_core.u_id_ex_reg.execute_packet_q.uop.exception_cause ($dff) from module riscv32_npc_system (D = \u_core.decoded_execute_packet [133:129], Q = \u_core.u_id_ex_reg.execute_packet_q [133:129]).
Adding EN signal on $driver$u_core.u_id_ex_reg.execute_packet_q.uop.csr_ctrl.write_enable ($dff) from module riscv32_npc_system (D = \u_core.decoded_uop [43], Q = \u_core.u_id_ex_reg.execute_packet_q [140]).
Adding EN signal on $driver$u_core.u_id_ex_reg.execute_packet_q.uop.csr_ctrl.use_imm ($dff) from module riscv32_npc_system (D = \u_core.decoded_execute_packet [139], Q = \u_core.u_id_ex_reg.execute_packet_q [139]).
Adding SRST signal on $auto$ff.cc:337:slice$22009 ($dffe) from module riscv32_npc_system (D = \u_core.idu_fetch_entry [87], Q = \u_core.u_id_ex_reg.execute_packet_q [139], rval = 1'0).
Adding EN signal on $driver$u_core.u_id_ex_reg.execute_packet_q.uop.csr_ctrl.read_enable ($dff) from module riscv32_npc_system (D = \u_core.decoded_uop [44], Q = \u_core.u_id_ex_reg.execute_packet_q [141]).
Adding EN signal on $driver$u_core.u_id_ex_reg.execute_packet_q.uop.csr_ctrl.op ($dff) from module riscv32_npc_system (D = \u_core.decoded_execute_packet [155:154], Q = \u_core.u_id_ex_reg.execute_packet_q [155:154]).
Adding SRST signal on $auto$ff.cc:337:slice$22016 ($dffe) from module riscv32_npc_system (D = $procmux$1940_Y, Q = \u_core.u_id_ex_reg.execute_packet_q [155:154], rval = 2'00).
Adding EN signal on $driver$u_core.u_id_ex_reg.execute_packet_q.uop.csr_ctrl.addr ($dff) from module riscv32_npc_system (D = \u_core.decoded_execute_packet [153:142], Q = \u_core.u_id_ex_reg.execute_packet_q [153:142]).
Adding SRST signal on $auto$ff.cc:337:slice$22022 ($dffe) from module riscv32_npc_system (D = \u_core.idu_fetch_entry [104:93], Q = \u_core.u_id_ex_reg.execute_packet_q [153:142], rval = 12'000000000000).
Adding EN signal on $driver$u_core.u_id_ex_reg.execute_packet_q.uop.branch_ctrl.op ($dff) from module riscv32_npc_system (D = \u_core.decoded_execute_packet [165:164], Q = \u_core.u_id_ex_reg.execute_packet_q [165:164]).
Adding SRST signal on $auto$ff.cc:337:slice$22028 ($dffe) from module riscv32_npc_system (D = $procmux$2250_Y, Q = \u_core.u_id_ex_reg.execute_packet_q [165:164], rval = 2'00).
Adding EN signal on $driver$u_core.u_id_ex_reg.execute_packet_q.uop.branch_ctrl.condition ($dff) from module riscv32_npc_system (D = \u_core.decoded_execute_packet [163:161], Q = \u_core.u_id_ex_reg.execute_packet_q [163:161]).
Adding SRST signal on $auto$ff.cc:337:slice$22030 ($dffe) from module riscv32_npc_system (D = $procmux$2261_Y, Q = \u_core.u_id_ex_reg.execute_packet_q [163:161], rval = 3'000).
Adding EN signal on $driver$u_core.u_id_ex_reg.execute_packet_q.source_b_value ($dff) from module riscv32_npc_system (D = \u_core.decoded_execute_packet [64:33], Q = \u_core.u_id_ex_reg.execute_packet_q [64:33]).
Adding EN signal on $driver$u_core.u_id_ex_reg.execute_packet_q.source_a_value ($dff) from module riscv32_npc_system (D = \u_core.decoded_execute_packet [96:65], Q = \u_core.u_id_ex_reg.execute_packet_q [96:65]).
Adding EN signal on $driver$u_core.u_id_ex_reg.execute_packet_q.csr_rdata ($dff) from module riscv32_npc_system (D = \u_core.csr_read_data, Q = \u_core.u_id_ex_reg.execute_packet_q [32:1]).
Adding SRST signal on $auto$ff.cc:337:slice$22038 ($dffe) from module riscv32_npc_system (D = \u_core.u_csr_file.csr_selected_read_data, Q = \u_core.u_id_ex_reg.execute_packet_q [32:1], rval = 0).
Adding EN signal on $driver$u_core.u_id_ex_reg.execute_packet_q.csr_illegal ($dff) from module riscv32_npc_system (D = \u_core.csr_read_illegal, Q = \u_core.u_id_ex_reg.execute_packet_q [0]).
Adding EN signal on $driver$u_core.u_id_ex_reg.blocking_producer_present_q ($adff) from module riscv32_npc_system (D = $procmux$914_Y, Q = \u_core.u_id_ex_reg.blocking_producer_present_q).
Adding EN signal on $driver$u_core.u_icache_axi.state_q ($adff) from module riscv32_npc_system (D = \u_core.u_icache_axi.state_d, Q = \u_core.u_icache_axi.state_q).
Adding EN signal on $driver$u_core.u_icache_axi.refill_transaction_context_q.transaction_index ($dff) from module riscv32_npc_system (D = \u_core.icache_refill_req [0], Q = \u_core.u_icache_axi.refill_transaction_context_q [0]).
Adding EN signal on $driver$u_core.u_icache_axi.refill_transaction_context_q.requested_word_count ($dff) from module riscv32_npc_system (D = \u_core.u_icache_axi.refill_req_i [3:1], Q = \u_core.u_icache_axi.refill_transaction_context_q [3:1]).
Adding EN signal on $driver$u_core.u_icache_axi.received_word_index_q ($dff) from module riscv32_npc_system (D = \u_core.u_icache_axi.received_word_index_d, Q = \u_core.u_icache_axi.received_word_index_q).
Adding EN signal on $driver$u_core.u_icache_axi.current_word_addr_q ($dff) from module riscv32_npc_system (D = $procmux$3299_Y, Q = \u_core.u_icache_axi.current_word_addr_q).
Adding EN signal on $driver$u_core.u_icache.u_riscv32_icache_tag_array.read_line_present_vector_q ($dff) from module riscv32_npc_system (D = $217y, Q = \u_core.u_icache.u_riscv32_icache_tag_array.read_line_present_vector_q).
Adding EN signal on $driver$u_core.u_icache.u_riscv32_icache_miss_unit.state_q ($adff) from module riscv32_npc_system (D = \u_core.u_icache.u_riscv32_icache_miss_unit.state_d, Q = \u_core.u_icache.u_riscv32_icache_miss_unit.state_q).
Adding EN signal on $driver$u_core.u_icache.u_riscv32_icache_miss_unit.refill_access_fault_seen_q ($dff) from module riscv32_npc_system (D = \u_core.u_icache.u_riscv32_icache_miss_unit.refill_access_fault_seen_d, Q = \u_core.u_icache.u_riscv32_icache_miss_unit.refill_access_fault_seen_q).
Adding EN signal on $driver$u_core.u_icache.u_riscv32_icache_miss_unit.miss_context_q.replacement_way_index ($dff) from module riscv32_npc_system (D = 1'0, Q = \u_core.u_icache.u_riscv32_icache_miss_unit.miss_context_q [1]).
Adding EN signal on $driver$u_core.u_icache.u_riscv32_icache_miss_unit.miss_context_q.lookup_req.frontend_tag ($dff) from module riscv32_npc_system (D = \u_core.u_icache.lookup_s1_q [3:2], Q = \u_core.u_icache.u_riscv32_icache_miss_unit.miss_context_q [5:4]).
Adding EN signal on $driver$u_core.u_icache.u_riscv32_icache_miss_unit.miss_context_q.lookup_req.fetch_epoch ($dff) from module riscv32_npc_system (D = \u_core.u_icache.lookup_s1_q [1:0], Q = \u_core.u_icache.u_riscv32_icache_miss_unit.miss_context_q [3:2]).
Adding EN signal on $driver$u_core.u_icache.u_riscv32_icache_miss_unit.miss_context_q.lookup_req.fetch_addr ($dff) from module riscv32_npc_system (D = \u_core.u_icache.lookup_s1_q [35:4], Q = \u_core.u_icache.u_riscv32_icache_miss_unit.miss_context_q [37:6]).
Adding EN signal on $driver$u_core.u_icache.u_riscv32_icache_miss_unit.miss_context_q.cacheable ($dff) from module riscv32_npc_system (D = \u_core.u_icache.lookup_cacheable_s1_q, Q = \u_core.u_icache.u_riscv32_icache_miss_unit.miss_context_q [0]).
Adding EN signal on $driver$u_core.u_icache.u_riscv32_icache_miss_unit.lookup_response_generated_q ($adff) from module riscv32_npc_system (D = \u_core.u_icache.u_riscv32_icache_miss_unit.lookup_response_generated_d, Q = \u_core.u_icache.u_riscv32_icache_miss_unit.lookup_response_generated_q).
Adding EN signal on $driver$u_core.u_icache.u_riscv32_icache_miss_unit.lookup_resp_data_q ($dff) from module riscv32_npc_system (D = \u_core.u_icache.u_riscv32_icache_miss_unit.lookup_resp_data_d, Q = \u_core.u_icache.u_riscv32_icache_miss_unit.lookup_resp_data_q).
Adding EN signal on $driver$u_core.u_icache.u_riscv32_icache_miss_unit.lookup_resp_access_fault_q ($dff) from module riscv32_npc_system (D = \u_core.u_icache.u_riscv32_icache_miss_unit.lookup_resp_access_fault_d, Q = \u_core.u_icache.u_riscv32_icache_miss_unit.lookup_resp_access_fault_q).
Adding SRST signal on $driver$u_core.u_icache.lookup_s1_q.frontend_tag ($dff) from module riscv32_npc_system (D = \u_core.u_icache.lookup_s1_d [3:2], Q = \u_core.u_icache.lookup_s1_q [3:2], rval = 2'00).
Adding EN signal on $auto$ff.cc:337:slice$22154 ($sdff) from module riscv32_npc_system (D = \u_core.icache_lookup_req [3:2], Q = \u_core.u_icache.lookup_s1_q [3:2]).
Adding SRST signal on $driver$u_core.u_icache.lookup_s1_q.fetch_epoch ($dff) from module riscv32_npc_system (D = \u_core.u_icache.lookup_s1_d [1:0], Q = \u_core.u_icache.lookup_s1_q [1:0], rval = 2'00).
Adding EN signal on $auto$ff.cc:337:slice$22160 ($sdff) from module riscv32_npc_system (D = \u_core.icache_lookup_req [1:0], Q = \u_core.u_icache.lookup_s1_q [1:0]).
Adding SRST signal on $driver$u_core.u_icache.lookup_s1_q.fetch_addr ($dff) from module riscv32_npc_system (D = \u_core.u_icache.lookup_s1_d [35:4], Q = \u_core.u_icache.lookup_s1_q [35:4], rval = 0).
Adding EN signal on $auto$ff.cc:337:slice$22166 ($sdff) from module riscv32_npc_system (D = \u_core.icache_lookup_req [35:4], Q = \u_core.u_icache.lookup_s1_q [35:4]).
Adding SRST signal on $driver$u_core.u_icache.lookup_s1_present_q ($dff) from module riscv32_npc_system (D = $procmux$21287_Y, Q = \u_core.u_icache.lookup_s1_present_q, rval = 1'0).
Adding EN signal on $auto$ff.cc:337:slice$22172 ($sdff) from module riscv32_npc_system (D = \u_core.u_icache.array_read_enable, Q = \u_core.u_icache.lookup_s1_present_q).
Adding SRST signal on $driver$u_core.u_icache.lookup_executable_s1_q ($dff) from module riscv32_npc_system (D = \u_core.u_icache.lookup_executable_s1_d, Q = \u_core.u_icache.lookup_executable_s1_q, rval = 1'0).
Adding EN signal on $auto$ff.cc:337:slice$22178 ($sdff) from module riscv32_npc_system (D = \u_core.u_icache.lookup_memory_attr [3], Q = \u_core.u_icache.lookup_executable_s1_q).
Adding SRST signal on $driver$u_core.u_icache.lookup_cacheable_s1_q ($dff) from module riscv32_npc_system (D = \u_core.u_icache.lookup_cacheable_s1_d, Q = \u_core.u_icache.lookup_cacheable_s1_q, rval = 1'0).
Adding EN signal on $auto$ff.cc:337:slice$22184 ($sdff) from module riscv32_npc_system (D = \u_core.u_icache.lookup_memory_attr [2], Q = \u_core.u_icache.lookup_cacheable_s1_q).
Adding EN signal on $driver$u_core.u_fetch_buffer.write_index_q ($adff) from module riscv32_npc_system (D = \u_core.u_fetch_buffer.write_index_d, Q = \u_core.u_fetch_buffer.write_index_q).
Adding EN signal on $driver$u_core.u_fetch_buffer.read_index_q ($adff) from module riscv32_npc_system (D = \u_core.u_fetch_buffer.read_index_d, Q = \u_core.u_fetch_buffer.read_index_q).
Adding EN signal on $driver$u_core.u_fetch_buffer.entry_count_q ($adff) from module riscv32_npc_system (D = \u_core.u_fetch_buffer.entry_count_d, Q = \u_core.u_fetch_buffer.entry_count_q).
Adding EN signal on $driver$u_core.u_fence_i_ctrl.fence_i_maintenance_state_q ($adff) from module riscv32_npc_system (D = \u_core.u_fence_i_ctrl.fence_i_maintenance_state_d, Q = \u_core.u_fence_i_ctrl.fence_i_maintenance_state_q).
Adding EN signal on $driver$u_core.u_ex_result_reg.predicted_next_pc_q ($dff) from module riscv32_npc_system (D = $3496y, Q = \u_core.u_ex_result_reg.predicted_next_pc_q).
Adding EN signal on $driver$u_core.u_ex_result_reg.execute_result_valid_q ($adff) from module riscv32_npc_system (D = \u_core.u_ex_result_reg.execute_result_valid_d, Q = \u_core.u_ex_result_reg.execute_result_valid_q).
Adding EN signal on $driver$u_core.u_ex_result_reg.execute_result_q.uop.writes_rd ($dff) from module riscv32_npc_system (D = \u_core.exu_result [283], Q = \u_core.u_ex_result_reg.execute_result_q [283]).
Adding SRST signal on $auto$ff.cc:337:slice$22216 ($dffe) from module riscv32_npc_system (D = \u_core.u_id_ex_reg.execute_packet_q [209], Q = \u_core.u_ex_result_reg.execute_result_q [283], rval = 1'0).
Adding EN signal on $driver$u_core.u_ex_result_reg.execute_result_q.uop.uses_rs2 ($dff) from module riscv32_npc_system (D = \u_core.u_id_ex_reg.execute_packet_q [210], Q = \u_core.u_ex_result_reg.execute_result_q [284]).
Adding EN signal on $driver$u_core.u_ex_result_reg.execute_result_q.uop.uses_rs1 ($dff) from module riscv32_npc_system (D = \u_core.u_id_ex_reg.execute_packet_q [211], Q = \u_core.u_ex_result_reg.execute_result_q [285]).
Adding EN signal on $driver$u_core.u_ex_result_reg.execute_result_q.uop.system_op ($dff) from module riscv32_npc_system (D = \u_core.u_id_ex_reg.execute_packet_q [138:136], Q = \u_core.u_ex_result_reg.execute_result_q [212:210]).
Adding EN signal on $driver$u_core.u_ex_result_reg.execute_result_q.uop.serializing ($dff) from module riscv32_npc_system (D = \u_core.u_id_ex_reg.execute_packet_q [135], Q = \u_core.u_ex_result_reg.execute_result_q [209]).
Adding EN signal on $driver$u_core.u_ex_result_reg.execute_result_q.uop.rs2 ($dff) from module riscv32_npc_system (D = \u_core.u_id_ex_reg.execute_packet_q [221:217], Q = \u_core.u_ex_result_reg.execute_result_q [295:291]).
Adding EN signal on $driver$u_core.u_ex_result_reg.execute_result_q.uop.rs1 ($dff) from module riscv32_npc_system (D = \u_core.u_id_ex_reg.execute_packet_q [226:222], Q = \u_core.u_ex_result_reg.execute_result_q [300:296]).
Adding EN signal on $driver$u_core.u_ex_result_reg.execute_result_q.uop.rd ($dff) from module riscv32_npc_system (D = \u_core.u_id_ex_reg.execute_packet_q [216:212], Q = \u_core.u_ex_result_reg.execute_result_q [290:286]).
Adding EN signal on $driver$u_core.u_ex_result_reg.execute_result_q.uop.prediction.predicted_target ($dff) from module riscv32_npc_system (D = \u_core.u_id_ex_reg.execute_packet_q [258:227], Q = \u_core.u_ex_result_reg.execute_result_q [332:301]).
Adding EN signal on $driver$u_core.u_ex_result_reg.execute_result_q.uop.prediction.predicted_taken ($dff) from module riscv32_npc_system (D = \u_core.u_id_ex_reg.execute_packet_q [259], Q = \u_core.u_ex_result_reg.execute_result_q [333]).
Adding EN signal on $driver$u_core.u_ex_result_reg.execute_result_q.uop.pc ($dff) from module riscv32_npc_system (D = \u_core.u_id_ex_reg.execute_packet_q [325:294], Q = \u_core.u_ex_result_reg.execute_result_q [399:368]).
Adding EN signal on $driver$u_core.u_ex_result_reg.execute_result_q.uop.mem_ctrl.unsigned_load ($dff) from module riscv32_npc_system (D = \u_core.u_id_ex_reg.execute_packet_q [156], Q = \u_core.u_ex_result_reg.execute_result_q [230]).
Adding EN signal on $driver$u_core.u_ex_result_reg.execute_result_q.uop.mem_ctrl.size ($dff) from module riscv32_npc_system (D = \u_core.u_id_ex_reg.execute_packet_q [158:157], Q = \u_core.u_ex_result_reg.execute_result_q [232:231]).
Adding EN signal on $driver$u_core.u_ex_result_reg.execute_result_q.uop.mem_ctrl.cmd ($dff) from module riscv32_npc_system (D = \u_core.u_id_ex_reg.execute_packet_q [160:159], Q = \u_core.u_ex_result_reg.execute_result_q [234:233]).
Adding EN signal on $driver$u_core.u_ex_result_reg.execute_result_q.uop.int_ctrl.operand_b_select ($dff) from module riscv32_npc_system (D = \u_core.u_id_ex_reg.execute_packet_q [167:166], Q = \u_core.u_ex_result_reg.execute_result_q [241:240]).
Adding EN signal on $driver$u_core.u_ex_result_reg.execute_result_q.uop.int_ctrl.operand_a_select ($dff) from module riscv32_npc_system (D = \u_core.u_id_ex_reg.execute_packet_q [169:168], Q = \u_core.u_ex_result_reg.execute_result_q [243:242]).
Adding EN signal on $driver$u_core.u_ex_result_reg.execute_result_q.uop.int_ctrl.op ($dff) from module riscv32_npc_system (D = \u_core.u_id_ex_reg.execute_packet_q [173:170], Q = \u_core.u_ex_result_reg.execute_result_q [247:244]).
Adding EN signal on $driver$u_core.u_ex_result_reg.execute_result_q.uop.instruction ($dff) from module riscv32_npc_system (D = \u_core.u_id_ex_reg.execute_packet_q [293:262], Q = \u_core.u_ex_result_reg.execute_result_q [367:336]).
Adding EN signal on $driver$u_core.u_ex_result_reg.execute_result_q.uop.imm ($dff) from module riscv32_npc_system (D = \u_core.u_id_ex_reg.execute_packet_q [205:174], Q = \u_core.u_ex_result_reg.execute_result_q [279:248]).
Adding EN signal on $driver$u_core.u_ex_result_reg.execute_result_q.uop.fu_type ($dff) from module riscv32_npc_system (D = \u_core.u_id_ex_reg.execute_packet_q [208:206], Q = \u_core.u_ex_result_reg.execute_result_q [282:280]).
Adding EN signal on $driver$u_core.u_ex_result_reg.execute_result_q.uop.frontend_tag ($dff) from module riscv32_npc_system (D = \u_core.u_id_ex_reg.execute_packet_q [261:260], Q = \u_core.u_ex_result_reg.execute_result_q [335:334]).
Adding EN signal on $driver$u_core.u_ex_result_reg.execute_result_q.uop.exception_valid ($dff) from module riscv32_npc_system (D = \u_core.u_exu.exu_result [208], Q = \u_core.u_ex_result_reg.execute_result_q [208]).
Adding EN signal on $driver$u_core.u_ex_result_reg.execute_result_q.uop.exception_tval ($dff) from module riscv32_npc_system (D = \u_core.exu_result [202:171], Q = \u_core.u_ex_result_reg.execute_result_q [202:171]).
Adding EN signal on $driver$u_core.u_ex_result_reg.execute_result_q.uop.exception_cause ($dff) from module riscv32_npc_system (D = \u_core.exu_result [207:203], Q = \u_core.u_ex_result_reg.execute_result_q [207:203]).
Adding SRST signal on $auto$ff.cc:337:slice$22242 ($dffe) from module riscv32_npc_system (D = { \u_core.u_id_ex_reg.execute_packet_q [133:131] \u_core.u_id_ex_reg.execute_packet_q [129] }, Q = { \u_core.u_ex_result_reg.execute_result_q [207:205] \u_core.u_ex_result_reg.execute_result_q [203] }, rval = 4'0000).
Adding SRST signal on $auto$ff.cc:337:slice$22242 ($dffe) from module riscv32_npc_system (D = $procmux$834_Y [33], Q = \u_core.u_ex_result_reg.execute_result_q [204], rval = 1'0).
Adding EN signal on $driver$u_core.u_ex_result_reg.execute_result_q.uop.csr_ctrl.write_enable ($dff) from module riscv32_npc_system (D = \u_core.exu_result [214], Q = \u_core.u_ex_result_reg.execute_result_q [214]).
Adding SRST signal on $auto$ff.cc:337:slice$22247 ($dffe) from module riscv32_npc_system (D = \u_core.u_id_ex_reg.execute_packet_q [140], Q = \u_core.u_ex_result_reg.execute_result_q [214], rval = 1'0).
Adding EN signal on $driver$u_core.u_ex_result_reg.execute_result_q.uop.csr_ctrl.use_imm ($dff) from module riscv32_npc_system (D = \u_core.u_id_ex_reg.execute_packet_q [139], Q = \u_core.u_ex_result_reg.execute_result_q [213]).
Adding EN signal on $driver$u_core.u_ex_result_reg.execute_result_q.uop.csr_ctrl.read_enable ($dff) from module riscv32_npc_system (D = \u_core.u_id_ex_reg.execute_packet_q [141], Q = \u_core.u_ex_result_reg.execute_result_q [215]).
Adding EN signal on $driver$u_core.u_ex_result_reg.execute_result_q.uop.csr_ctrl.op ($dff) from module riscv32_npc_system (D = \u_core.u_id_ex_reg.execute_packet_q [155:154], Q = \u_core.u_ex_result_reg.execute_result_q [229:228]).
Adding EN signal on $driver$u_core.u_ex_result_reg.execute_result_q.uop.csr_ctrl.addr ($dff) from module riscv32_npc_system (D = \u_core.u_id_ex_reg.execute_packet_q [153:142], Q = \u_core.u_ex_result_reg.execute_result_q [227:216]).
Adding EN signal on $driver$u_core.u_ex_result_reg.execute_result_q.uop.branch_ctrl.op ($dff) from module riscv32_npc_system (D = \u_core.u_id_ex_reg.execute_packet_q [165:164], Q = \u_core.u_ex_result_reg.execute_result_q [239:238]).
Adding EN signal on $driver$u_core.u_ex_result_reg.execute_result_q.uop.branch_ctrl.condition ($dff) from module riscv32_npc_system (D = \u_core.u_id_ex_reg.execute_packet_q [163:161], Q = \u_core.u_ex_result_reg.execute_result_q [237:235]).
Adding EN signal on $driver$u_core.u_ex_result_reg.execute_result_q.result ($dff) from module riscv32_npc_system (D = \u_core.u_operand_mux.execute_forwarding_value_i, Q = \u_core.u_ex_result_reg.execute_result_q [170:139]).
Adding EN signal on $driver$u_core.u_ex_result_reg.execute_result_q.redirect_valid ($dff) from module riscv32_npc_system (D = 1'0, Q = \u_core.u_ex_result_reg.execute_result_q [74]).
Adding EN signal on $driver$u_core.u_ex_result_reg.execute_result_q.redirect_req.target_pc ($dff) from module riscv32_npc_system (D = 0, Q = \u_core.u_ex_result_reg.execute_result_q [73:42]).
Adding EN signal on $driver$u_core.u_ex_result_reg.execute_result_q.redirect_req.source_pc ($dff) from module riscv32_npc_system (D = 0, Q = \u_core.u_ex_result_reg.execute_result_q [41:10]).
Adding EN signal on $driver$u_core.u_ex_result_reg.execute_result_q.redirect_req.rob_idx_valid ($dff) from module riscv32_npc_system (D = 1'0, Q = \u_core.u_ex_result_reg.execute_result_q [4]).
Adding EN signal on $driver$u_core.u_ex_result_reg.execute_result_q.redirect_req.rob_idx ($dff) from module riscv32_npc_system (D = 5'00000, Q = \u_core.u_ex_result_reg.execute_result_q [9:5]).
Adding EN signal on $driver$u_core.u_ex_result_reg.execute_result_q.redirect_req.reason ($dff) from module riscv32_npc_system (D = 3'000, Q = \u_core.u_ex_result_reg.execute_result_q [2:0]).
Adding EN signal on $driver$u_core.u_ex_result_reg.execute_result_q.redirect_req.flush_inclusive ($dff) from module riscv32_npc_system (D = 1'0, Q = \u_core.u_ex_result_reg.execute_result_q [3]).
Adding EN signal on $driver$u_core.u_ex_result_reg.execute_result_q.next_pc ($dff) from module riscv32_npc_system (D = \u_core.exu_result [138:107], Q = \u_core.u_ex_result_reg.execute_result_q [138:107]).
Adding EN signal on $driver$u_core.u_ex_result_reg.execute_result_q.csr_wdata ($dff) from module riscv32_npc_system (D = \u_core.u_exu.csr_wdata, Q = \u_core.u_ex_result_reg.execute_result_q [106:75]).
Adding EN signal on $driver$u_core.u_data_mem.u_uncached_axi.state_q ($adff) from module riscv32_npc_system (D = \u_core.u_data_mem.u_uncached_axi.state_d, Q = \u_core.u_data_mem.u_uncached_axi.state_q).
Adding EN signal on $driver$u_core.u_data_mem.u_uncached_axi.request_context_q.write_data ($dff) from module riscv32_npc_system (D = \u_core.u_data_mem.u_uncached_axi.data_memory_req_i [39:8], Q = \u_core.u_data_mem.u_uncached_axi.request_context_q [39:8]).
Adding EN signal on $driver$u_core.u_data_mem.u_uncached_axi.request_context_q.transaction_id ($dff) from module riscv32_npc_system (D = 4'0000, Q = \u_core.u_data_mem.u_uncached_axi.request_context_q [3:0]).
Adding EN signal on $driver$u_core.u_data_mem.u_uncached_axi.request_context_q.size ($dff) from module riscv32_npc_system (D = \u_core.u_lsu.active_lsu_req [157:156], Q = \u_core.u_data_mem.u_uncached_axi.request_context_q [41:40]).
Adding EN signal on $driver$u_core.u_data_mem.u_uncached_axi.request_context_q.byte_strobe ($dff) from module riscv32_npc_system (D = \u_core.u_data_mem.u_uncached_axi.data_memory_req_i [7:4], Q = \u_core.u_data_mem.u_uncached_axi.request_context_q [7:4]).
Adding EN signal on $driver$u_core.u_data_mem.u_uncached_axi.request_context_q.addr ($dff) from module riscv32_npc_system (D = \u_core.u_lsu.active_lsu_req [63:32], Q = \u_core.u_data_mem.u_uncached_axi.request_context_q [73:42]).
Adding EN signal on $driver$u_core.u_data_mem.route_state_q ($adff) from module riscv32_npc_system (D = \u_core.u_data_mem.route_state_d, Q = \u_core.u_data_mem.route_state_q).
Adding EN signal on $driver$u_core.u_data_mem.gen_dcache.u_dcache.u_tag_array.read_line_present_vector_q ($dff) from module riscv32_npc_system (D = { $3804y $3780y }, Q = \u_core.u_data_mem.gen_dcache.u_dcache.u_tag_array.read_line_present_vector_q).
Adding EN signal on $driver$u_core.u_data_mem.gen_dcache.u_dcache.u_tag_array.read_line_dirty_vector_q ($dff) from module riscv32_npc_system (D = { $3811y $3787y }, Q = \u_core.u_data_mem.gen_dcache.u_dcache.u_tag_array.read_line_dirty_vector_q).
Adding EN signal on $driver$u_core.u_data_mem.gen_dcache.u_dcache.u_miss_unit.writeback_response_pending_q ($adff) from module riscv32_npc_system (D = \u_core.u_data_mem.gen_dcache.u_dcache.u_miss_unit.writeback_response_pending_d, Q = \u_core.u_data_mem.gen_dcache.u_dcache.u_miss_unit.writeback_response_pending_q).
Adding SRST signal on $driver$u_core.u_data_mem.gen_dcache.u_dcache.u_miss_unit.victim_word_index_q ($dff) from module riscv32_npc_system (D = $procmux$3706_Y, Q = \u_core.u_data_mem.gen_dcache.u_dcache.u_miss_unit.victim_word_index_q, rval = 2'00).
Adding EN signal on $auto$ff.cc:337:slice$22291 ($sdff) from module riscv32_npc_system (D = $procmux$3706_Y, Q = \u_core.u_data_mem.gen_dcache.u_dcache.u_miss_unit.victim_word_index_q).
Adding EN signal on $driver$u_core.u_data_mem.gen_dcache.u_dcache.u_miss_unit.victim_tag_q ($dff) from module riscv32_npc_system (D = $procmux$3588_Y, Q = \u_core.u_data_mem.gen_dcache.u_dcache.u_miss_unit.victim_tag_q).
Adding EN signal on $driver$u_core.u_data_mem.gen_dcache.u_dcache.u_miss_unit.victim_line_data_q ($dff) from module riscv32_npc_system (D = $4400y, Q = \u_core.u_data_mem.gen_dcache.u_dcache.u_miss_unit.victim_line_data_q).
Adding EN signal on $driver$u_core.u_data_mem.gen_dcache.u_dcache.u_miss_unit.state_q ($adff) from module riscv32_npc_system (D = \u_core.u_data_mem.gen_dcache.u_dcache.u_miss_unit.state_d, Q = \u_core.u_data_mem.gen_dcache.u_dcache.u_miss_unit.state_q).
Adding EN signal on $driver$u_core.u_data_mem.gen_dcache.u_dcache.u_miss_unit.requested_word_data_q ($dff) from module riscv32_npc_system (D = \u_core.u_data_mem.gen_dcache.u_dcache.u_miss_unit.refill_word_after_store_merge, Q = \u_core.u_data_mem.gen_dcache.u_dcache.u_miss_unit.requested_word_data_q).
Adding EN signal on $driver$u_core.u_data_mem.gen_dcache.u_dcache.u_miss_unit.miss_context_q.word_index ($dff) from module riscv32_npc_system (D = \u_core.u_data_mem.gen_dcache.u_dcache.lookup_s1_q [47:46], Q = \u_core.u_data_mem.gen_dcache.u_dcache.u_miss_unit.miss_context_q [54:53]).
Adding EN signal on $driver$u_core.u_data_mem.gen_dcache.u_dcache.u_miss_unit.miss_context_q.victim_tag ($dff) from module riscv32_npc_system (D = \u_core.u_data_mem.gen_dcache.u_dcache.miss_req [26:2], Q = \u_core.u_data_mem.gen_dcache.u_dcache.u_miss_unit.miss_context_q [26:2]).
Adding EN signal on $driver$u_core.u_data_mem.gen_dcache.u_dcache.u_miss_unit.miss_context_q.victim_present ($dff) from module riscv32_npc_system (D = \u_core.u_data_mem.gen_dcache.u_dcache.u_miss_unit.miss_req_i [1], Q = \u_core.u_data_mem.gen_dcache.u_dcache.u_miss_unit.miss_context_q [1]).
Adding EN signal on $driver$u_core.u_data_mem.gen_dcache.u_dcache.u_miss_unit.miss_context_q.victim_dirty ($dff) from module riscv32_npc_system (D = \u_core.u_data_mem.gen_dcache.u_dcache.u_miss_unit.miss_req_i [0], Q = \u_core.u_data_mem.gen_dcache.u_dcache.u_miss_unit.miss_context_q [0]).
Adding EN signal on $driver$u_core.u_data_mem.gen_dcache.u_dcache.u_miss_unit.miss_context_q.set_index ($dff) from module riscv32_npc_system (D = \u_core.u_data_mem.gen_dcache.u_dcache.lookup_s1_q [50:48], Q = \u_core.u_data_mem.gen_dcache.u_dcache.u_miss_unit.miss_context_q [57:55]).
Adding EN signal on $driver$u_core.u_data_mem.gen_dcache.u_dcache.u_miss_unit.miss_context_q.requested_tag ($dff) from module riscv32_npc_system (D = \u_core.u_data_mem.gen_dcache.u_dcache.lookup_s1_q [75:51], Q = \u_core.u_data_mem.gen_dcache.u_dcache.u_miss_unit.miss_context_q [52:28]).
Adding EN signal on $driver$u_core.u_data_mem.gen_dcache.u_dcache.u_miss_unit.miss_context_q.replacement_way_index ($dff) from module riscv32_npc_system (D = \u_core.u_data_mem.gen_dcache.u_dcache.replacement_way_index, Q = \u_core.u_data_mem.gen_dcache.u_dcache.u_miss_unit.miss_context_q [27]).
Adding EN signal on $driver$u_core.u_data_mem.gen_dcache.u_dcache.u_miss_unit.miss_context_q.memory_req.write_data ($dff) from module riscv32_npc_system (D = \u_core.u_data_mem.gen_dcache.u_dcache.lookup_s1_q [39:8], Q = \u_core.u_data_mem.gen_dcache.u_dcache.u_miss_unit.miss_context_q [97:66]).
Adding EN signal on $driver$u_core.u_data_mem.gen_dcache.u_dcache.u_miss_unit.miss_context_q.memory_req.transaction_id ($dff) from module riscv32_npc_system (D = \u_core.u_data_mem.gen_dcache.u_dcache.lookup_s1_q [3:0], Q = \u_core.u_data_mem.gen_dcache.u_dcache.u_miss_unit.miss_context_q [61:58]).
Adding EN signal on $driver$u_core.u_data_mem.gen_dcache.u_dcache.u_miss_unit.miss_context_q.memory_req.size ($dff) from module riscv32_npc_system (D = \u_core.u_data_mem.gen_dcache.u_dcache.lookup_s1_q [41:40], Q = \u_core.u_data_mem.gen_dcache.u_dcache.u_miss_unit.miss_context_q [99:98]).
Adding EN signal on $driver$u_core.u_data_mem.gen_dcache.u_dcache.u_miss_unit.miss_context_q.memory_req.cmd ($dff) from module riscv32_npc_system (D = \u_core.u_data_mem.gen_dcache.u_dcache.lookup_s1_q [43:42], Q = \u_core.u_data_mem.gen_dcache.u_dcache.u_miss_unit.miss_context_q [101:100]).
Adding EN signal on $driver$u_core.u_data_mem.gen_dcache.u_dcache.u_miss_unit.miss_context_q.memory_req.byte_strobe ($dff) from module riscv32_npc_system (D = \u_core.u_data_mem.gen_dcache.u_dcache.lookup_s1_q [7:4], Q = \u_core.u_data_mem.gen_dcache.u_dcache.u_miss_unit.miss_context_q [65:62]).
Adding EN signal on $driver$u_core.u_data_mem.gen_dcache.u_dcache.u_miss_unit.miss_context_q.memory_req.addr ($dff) from module riscv32_npc_system (D = \u_core.u_data_mem.gen_dcache.u_dcache.lookup_s1_q [75:44], Q = \u_core.u_data_mem.gen_dcache.u_dcache.u_miss_unit.miss_context_q [133:102]).
Adding EN signal on $driver$u_core.u_data_mem.gen_dcache.u_dcache.u_miss_unit.clean_operation_q ($adff) from module riscv32_npc_system (D = $procmux$3627_Y, Q = \u_core.u_data_mem.gen_dcache.u_dcache.u_miss_unit.clean_operation_q).
Adding EN signal on $driver$u_core.u_data_mem.gen_dcache.u_dcache.u_miss_unit.clean_access_fault_q ($adff) from module riscv32_npc_system (D = \u_core.u_data_mem.gen_dcache.u_dcache.u_miss_unit.clean_access_fault_d, Q = \u_core.u_data_mem.gen_dcache.u_dcache.u_miss_unit.clean_access_fault_q).
Adding EN signal on $driver$u_core.u_data_mem.gen_dcache.u_dcache.u_miss_unit.active_way_index_q ($dff) from module riscv32_npc_system (D = $procmux$3601_Y, Q = \u_core.u_data_mem.gen_dcache.u_dcache.u_miss_unit.active_way_index_q).
Adding EN signal on $driver$u_core.u_data_mem.gen_dcache.u_dcache.u_miss_unit.active_set_index_q ($dff) from module riscv32_npc_system (D = $procmux$3614_Y, Q = \u_core.u_data_mem.gen_dcache.u_dcache.u_miss_unit.active_set_index_q).
Adding EN signal on $driver$u_core.u_data_mem.gen_dcache.u_dcache.u_dcache_axi.writeback_word_index_q ($dff) from module riscv32_npc_system (D = \u_core.u_data_mem.gen_dcache.u_dcache.u_dcache_axi.writeback_word_index_d, Q = \u_core.u_data_mem.gen_dcache.u_dcache.u_dcache_axi.writeback_word_index_q).
Adding EN signal on $driver$u_core.u_data_mem.gen_dcache.u_dcache.u_dcache_axi.writeback_state_q ($adff) from module riscv32_npc_system (D = \u_core.u_data_mem.gen_dcache.u_dcache.u_dcache_axi.writeback_state_d, Q = \u_core.u_data_mem.gen_dcache.u_dcache.u_dcache_axi.writeback_state_q).
Adding EN signal on $driver$u_core.u_data_mem.gen_dcache.u_dcache.u_dcache_axi.writeback_context_q.transaction_id ($dff) from module riscv32_npc_system (D = \u_core.u_data_mem.gen_dcache.u_dcache.u_dcache_axi.writeback_req_i [3:0], Q = \u_core.u_data_mem.gen_dcache.u_dcache.u_dcache_axi.writeback_context_q [3:0]).
Adding SRST signal on $auto$ff.cc:337:slice$22430 ($dffe) from module riscv32_npc_system (D = \u_core.u_data_mem.gen_dcache.u_dcache.u_miss_unit.miss_context_q [61:58], Q = \u_core.u_data_mem.gen_dcache.u_dcache.u_dcache_axi.writeback_context_q [3:0], rval = 4'0000).
Adding EN signal on $driver$u_core.u_data_mem.gen_dcache.u_dcache.u_dcache_axi.writeback_context_q.line_base_addr ($dff) from module riscv32_npc_system (D = \u_core.u_data_mem.gen_dcache.u_dcache.u_miss_unit.victim_line_base_addr, Q = \u_core.u_data_mem.gen_dcache.u_dcache.u_dcache_axi.writeback_context_q [35:4]).
Adding EN signal on $driver$u_core.u_data_mem.gen_dcache.u_dcache.u_dcache_axi.write_data_pending_q ($adff) from module riscv32_npc_system (D = \u_core.u_data_mem.gen_dcache.u_dcache.u_dcache_axi.write_data_pending_d, Q = \u_core.u_data_mem.gen_dcache.u_dcache.u_dcache_axi.write_data_pending_q).
Adding EN signal on $driver$u_core.u_data_mem.gen_dcache.u_dcache.u_dcache_axi.write_address_pending_q ($adff) from module riscv32_npc_system (D = \u_core.u_data_mem.gen_dcache.u_dcache.u_dcache_axi.write_address_pending_d, Q = \u_core.u_data_mem.gen_dcache.u_dcache.u_dcache_axi.write_address_pending_q).
Adding EN signal on $driver$u_core.u_data_mem.gen_dcache.u_dcache.u_dcache_axi.refill_word_index_q ($dff) from module riscv32_npc_system (D = \u_core.u_data_mem.gen_dcache.u_dcache.u_dcache_axi.refill_word_index_d, Q = \u_core.u_data_mem.gen_dcache.u_dcache.u_dcache_axi.refill_word_index_q).
Adding EN signal on $driver$u_core.u_data_mem.gen_dcache.u_dcache.u_dcache_axi.refill_state_q ($adff) from module riscv32_npc_system (D = \u_core.u_data_mem.gen_dcache.u_dcache.u_dcache_axi.refill_state_d, Q = \u_core.u_data_mem.gen_dcache.u_dcache.u_dcache_axi.refill_state_q).
Adding EN signal on $driver$u_core.u_data_mem.gen_dcache.u_dcache.u_dcache_axi.refill_context_q.transaction_id ($dff) from module riscv32_npc_system (D = \u_core.u_data_mem.gen_dcache.u_dcache.refill_req [3:0], Q = \u_core.u_data_mem.gen_dcache.u_dcache.u_dcache_axi.refill_context_q [3:0]).
Adding EN signal on $driver$u_core.u_data_mem.gen_dcache.u_dcache.u_dcache_axi.refill_context_q.line_base_addr ($dff) from module riscv32_npc_system (D = \u_core.u_data_mem.gen_dcache.u_dcache.u_dcache_axi.refill_req_i [35:4], Q = \u_core.u_data_mem.gen_dcache.u_dcache.u_dcache_axi.refill_context_q [35:4]).
Adding EN signal on $driver$u_core.u_data_mem.gen_dcache.u_dcache.store_write_bypass_word_index_q ($dffe) from module riscv32_npc_system (D = \u_core.u_data_mem.gen_dcache.u_dcache.lookup_s1_q [47:46], Q = \u_core.u_data_mem.gen_dcache.u_dcache.store_write_bypass_word_index_q).
Adding EN signal on $driver$u_core.u_data_mem.gen_dcache.u_dcache.store_write_bypass_way_index_q ($dffe) from module riscv32_npc_system (D = \u_core.u_data_mem.gen_dcache.u_dcache.lookup_hit_way_index, Q = \u_core.u_data_mem.gen_dcache.u_dcache.store_write_bypass_way_index_q).
Adding EN signal on $driver$u_core.u_data_mem.gen_dcache.u_dcache.store_write_bypass_set_index_q ($dffe) from module riscv32_npc_system (D = \u_core.u_data_mem.gen_dcache.u_dcache.lookup_s1_q [50:48], Q = \u_core.u_data_mem.gen_dcache.u_dcache.store_write_bypass_set_index_q).
Adding EN signal on $driver$u_core.u_data_mem.gen_dcache.u_dcache.store_write_bypass_present_q ($adff) from module riscv32_npc_system (D = \u_core.dcache_event [8], Q = \u_core.u_data_mem.gen_dcache.u_dcache.store_write_bypass_present_q).
Adding EN signal on $driver$u_core.u_data_mem.gen_dcache.u_dcache.store_write_bypass_data_q ($dffe) from module riscv32_npc_system (D = \u_core.u_data_mem.gen_dcache.u_dcache.lookup_s1_q [39:8], Q = \u_core.u_data_mem.gen_dcache.u_dcache.store_write_bypass_data_q).
Adding EN signal on $driver$u_core.u_data_mem.gen_dcache.u_dcache.store_write_bypass_byte_strobe_q ($dffe) from module riscv32_npc_system (D = \u_core.u_data_mem.gen_dcache.u_dcache.lookup_s1_q [7:4], Q = \u_core.u_data_mem.gen_dcache.u_dcache.store_write_bypass_byte_strobe_q).
Adding EN signal on $driver$u_core.u_data_mem.gen_dcache.u_dcache.replacement_way_index_array_q[7] ($adff) from module riscv32_npc_system (D = $4116y [0], Q = \u_core.u_data_mem.gen_dcache.u_dcache.replacement_way_index_array_q [0]).
Adding EN signal on $driver$u_core.u_data_mem.gen_dcache.u_dcache.replacement_way_index_array_q[6] ($adff) from module riscv32_npc_system (D = $4116y [1], Q = \u_core.u_data_mem.gen_dcache.u_dcache.replacement_way_index_array_q [1]).
Adding EN signal on $driver$u_core.u_data_mem.gen_dcache.u_dcache.replacement_way_index_array_q[5] ($adff) from module riscv32_npc_system (D = $4116y [2], Q = \u_core.u_data_mem.gen_dcache.u_dcache.replacement_way_index_array_q [2]).
Adding EN signal on $driver$u_core.u_data_mem.gen_dcache.u_dcache.replacement_way_index_array_q[4] ($adff) from module riscv32_npc_system (D = $4116y [3], Q = \u_core.u_data_mem.gen_dcache.u_dcache.replacement_way_index_array_q [3]).
Adding EN signal on $driver$u_core.u_data_mem.gen_dcache.u_dcache.replacement_way_index_array_q[3] ($adff) from module riscv32_npc_system (D = $4116y [4], Q = \u_core.u_data_mem.gen_dcache.u_dcache.replacement_way_index_array_q [4]).
Adding EN signal on $driver$u_core.u_data_mem.gen_dcache.u_dcache.replacement_way_index_array_q[2] ($adff) from module riscv32_npc_system (D = $4116y [5], Q = \u_core.u_data_mem.gen_dcache.u_dcache.replacement_way_index_array_q [5]).
Adding EN signal on $driver$u_core.u_data_mem.gen_dcache.u_dcache.replacement_way_index_array_q[1] ($adff) from module riscv32_npc_system (D = $4116y [6], Q = \u_core.u_data_mem.gen_dcache.u_dcache.replacement_way_index_array_q [6]).
Adding EN signal on $driver$u_core.u_data_mem.gen_dcache.u_dcache.replacement_way_index_array_q[0] ($adff) from module riscv32_npc_system (D = $4116y [7], Q = \u_core.u_data_mem.gen_dcache.u_dcache.replacement_way_index_array_q [7]).
Adding EN signal on $driver$u_core.u_data_mem.gen_dcache.u_dcache.lookup_s1_q.write_data ($dff) from module riscv32_npc_system (D = \u_core.u_data_mem.u_uncached_axi.data_memory_req_i [39:8], Q = \u_core.u_data_mem.gen_dcache.u_dcache.lookup_s1_q [39:8]).
Adding EN signal on $driver$u_core.u_data_mem.gen_dcache.u_dcache.lookup_s1_q.transaction_id ($dff) from module riscv32_npc_system (D = 4'0000, Q = \u_core.u_data_mem.gen_dcache.u_dcache.lookup_s1_q [3:0]).
Adding EN signal on $driver$u_core.u_data_mem.gen_dcache.u_dcache.lookup_s1_q.size ($dff) from module riscv32_npc_system (D = \u_core.u_lsu.active_lsu_req [157:156], Q = \u_core.u_data_mem.gen_dcache.u_dcache.lookup_s1_q [41:40]).
Adding EN signal on $driver$u_core.u_data_mem.gen_dcache.u_dcache.lookup_s1_q.cmd ($dff) from module riscv32_npc_system (D = \u_core.u_lsu.active_lsu_req [159:158], Q = \u_core.u_data_mem.gen_dcache.u_dcache.lookup_s1_q [43:42]).
Adding EN signal on $driver$u_core.u_data_mem.gen_dcache.u_dcache.lookup_s1_q.byte_strobe ($dff) from module riscv32_npc_system (D = \u_core.u_data_mem.u_uncached_axi.data_memory_req_i [7:4], Q = \u_core.u_data_mem.gen_dcache.u_dcache.lookup_s1_q [7:4]).
Adding EN signal on $driver$u_core.u_data_mem.gen_dcache.u_dcache.lookup_s1_q.addr ($dff) from module riscv32_npc_system (D = \u_core.u_lsu.active_lsu_req [63:32], Q = \u_core.u_data_mem.gen_dcache.u_dcache.lookup_s1_q [75:44]).
Adding EN signal on $driver$u_core.u_data_mem.gen_dcache.u_dcache.clean_state_q ($adff) from module riscv32_npc_system (D = \u_core.u_data_mem.gen_dcache.u_dcache.clean_state_d, Q = \u_core.u_data_mem.gen_dcache.u_dcache.clean_state_q).
Adding EN signal on $driver$u_core.u_data_mem.gen_dcache.u_dcache.clean_access_fault_q ($adff) from module riscv32_npc_system (D = \u_core.u_data_mem.gen_dcache.u_dcache.clean_access_fault_d, Q = \u_core.u_data_mem.gen_dcache.u_dcache.clean_access_fault_q).
Adding EN signal on $driver$u_core.u_data_mem.fault_transaction_id_q ($dff) from module riscv32_npc_system (D = 4'0000, Q = \u_core.u_data_mem.fault_transaction_id_q).
Adding EN signal on $driver$u_core.u_csr_file.u_pmu.minstret_low_q ($adff) from module riscv32_npc_system (D = \u_core.u_csr_file.u_pmu.minstret_low_d, Q = \u_core.u_csr_file.u_pmu.minstret_low_q).
Adding EN signal on $driver$u_core.u_csr_file.u_pmu.minstret_inhibit_q ($adff) from module riscv32_npc_system (D = \u_core.u_wb_reg.writeback_result_q [102], Q = \u_core.u_csr_file.u_pmu.minstret_inhibit_q).
Adding EN signal on $driver$u_core.u_csr_file.u_pmu.minstret_high_q ($adff) from module riscv32_npc_system (D = $procmux$1695_Y, Q = \u_core.u_csr_file.u_pmu.minstret_high_q).
Adding EN signal on $driver$u_core.u_csr_file.u_pmu.mcycle_low_q ($adff) from module riscv32_npc_system (D = \u_core.u_csr_file.u_pmu.mcycle_low_d, Q = \u_core.u_csr_file.u_pmu.mcycle_low_q).
Adding EN signal on $driver$u_core.u_csr_file.u_pmu.mcycle_inhibit_q ($adff) from module riscv32_npc_system (D = \u_core.u_wb_reg.writeback_result_q [100], Q = \u_core.u_csr_file.u_pmu.mcycle_inhibit_q).
Adding EN signal on $driver$u_core.u_csr_file.u_pmu.mcycle_high_q ($adff) from module riscv32_npc_system (D = $procmux$1774_Y, Q = \u_core.u_csr_file.u_pmu.mcycle_high_q).
Adding EN signal on $driver$u_core.u_csr_file.mtvec_base_q ($adff) from module riscv32_npc_system (D = \u_core.u_wb_reg.writeback_result_q [131:102], Q = \u_core.u_csr_file.mtvec_base_q).
Adding EN signal on $driver$u_core.u_csr_file.mtval_q ($adff) from module riscv32_npc_system (D = $procmux$1371_Y, Q = \u_core.u_csr_file.mtval_q).
Adding EN signal on $driver$u_core.u_csr_file.mstatus_mpie_q ($adff) from module riscv32_npc_system (D = $procmux$1387_Y, Q = \u_core.u_csr_file.mstatus_mpie_q).
Adding EN signal on $driver$u_core.u_csr_file.mstatus_mie_q ($adff) from module riscv32_npc_system (D = $procmux$1391_Y, Q = \u_core.u_csr_file.mstatus_mie_q).
Adding EN signal on $driver$u_core.u_csr_file.mscratch_q ($adff) from module riscv32_npc_system (D = \u_core.u_wb_reg.writeback_result_q [131:100], Q = \u_core.u_csr_file.mscratch_q).
Adding EN signal on $driver$u_core.u_csr_file.mie_mtie_q ($adff) from module riscv32_npc_system (D = \u_core.u_wb_reg.writeback_result_q [107], Q = \u_core.u_csr_file.mie_mtie_q).
Adding EN signal on $driver$u_core.u_csr_file.mepc_base_q ($adff) from module riscv32_npc_system (D = $procmux$1383_Y, Q = \u_core.u_csr_file.mepc_base_q).
Adding EN signal on $driver$u_core.u_csr_file.mcause_interrupt_q ($adff) from module riscv32_npc_system (D = $procmux$1379_Y, Q = \u_core.u_csr_file.mcause_interrupt_q).
Adding EN signal on $driver$u_core.u_csr_file.mcause_code_q ($adff) from module riscv32_npc_system (D = $procmux$1375_Y, Q = \u_core.u_csr_file.mcause_code_q).
Adding EN signal on $driver$u_core.u_branch_predictor.u_ras.write_index_q ($adff) from module riscv32_npc_system (D = \u_core.u_branch_predictor.u_ras.write_index_d, Q = \u_core.u_branch_predictor.u_ras.write_index_q).
Adding EN signal on $driver$u_core.u_branch_predictor.u_ras.entry_count_q ($adff) from module riscv32_npc_system (D = \u_core.u_branch_predictor.u_ras.entry_count_d, Q = \u_core.u_branch_predictor.u_ras.entry_count_q).
Adding EN signal on $driver$u_core.u_branch_predictor.u_btb.replacement_way_array_q[7] ($adff) from module riscv32_npc_system (D = $procmux$4150_Y [0], Q = \u_core.u_branch_predictor.u_btb.replacement_way_array_q [0]).
Adding EN signal on $driver$u_core.u_branch_predictor.u_btb.replacement_way_array_q[6] ($adff) from module riscv32_npc_system (D = $procmux$4150_Y [1], Q = \u_core.u_branch_predictor.u_btb.replacement_way_array_q [1]).
Adding EN signal on $driver$u_core.u_branch_predictor.u_btb.replacement_way_array_q[5] ($adff) from module riscv32_npc_system (D = $procmux$4150_Y [2], Q = \u_core.u_branch_predictor.u_btb.replacement_way_array_q [2]).
Adding EN signal on $driver$u_core.u_branch_predictor.u_btb.replacement_way_array_q[4] ($adff) from module riscv32_npc_system (D = $procmux$4150_Y [3], Q = \u_core.u_branch_predictor.u_btb.replacement_way_array_q [3]).
Adding EN signal on $driver$u_core.u_branch_predictor.u_btb.replacement_way_array_q[3] ($adff) from module riscv32_npc_system (D = $procmux$4150_Y [4], Q = \u_core.u_branch_predictor.u_btb.replacement_way_array_q [4]).
Adding EN signal on $driver$u_core.u_branch_predictor.u_btb.replacement_way_array_q[2] ($adff) from module riscv32_npc_system (D = $procmux$4150_Y [5], Q = \u_core.u_branch_predictor.u_btb.replacement_way_array_q [5]).
Adding EN signal on $driver$u_core.u_branch_predictor.u_btb.replacement_way_array_q[1] ($adff) from module riscv32_npc_system (D = $procmux$4150_Y [6], Q = \u_core.u_branch_predictor.u_btb.replacement_way_array_q [6]).
Adding EN signal on $driver$u_core.u_branch_predictor.u_btb.replacement_way_array_q[0] ($adff) from module riscv32_npc_system (D = $procmux$4150_Y [7], Q = \u_core.u_branch_predictor.u_btb.replacement_way_array_q [7]).
Adding EN signal on $driver$u_core.u_branch_predictor.u_btb.entry_present_array_q[7] ($adff) from module riscv32_npc_system (D = $procmux$4154_Y [1:0], Q = \u_core.u_branch_predictor.u_btb.entry_present_array_q [1:0]).
Adding EN signal on $driver$u_core.u_branch_predictor.u_btb.entry_present_array_q[6] ($adff) from module riscv32_npc_system (D = $procmux$4154_Y [3:2], Q = \u_core.u_branch_predictor.u_btb.entry_present_array_q [3:2]).
Adding EN signal on $driver$u_core.u_branch_predictor.u_btb.entry_present_array_q[5] ($adff) from module riscv32_npc_system (D = $procmux$4154_Y [5:4], Q = \u_core.u_branch_predictor.u_btb.entry_present_array_q [5:4]).
Adding EN signal on $driver$u_core.u_branch_predictor.u_btb.entry_present_array_q[4] ($adff) from module riscv32_npc_system (D = $procmux$4154_Y [7:6], Q = \u_core.u_branch_predictor.u_btb.entry_present_array_q [7:6]).
Adding EN signal on $driver$u_core.u_branch_predictor.u_btb.entry_present_array_q[3] ($adff) from module riscv32_npc_system (D = $procmux$4154_Y [9:8], Q = \u_core.u_branch_predictor.u_btb.entry_present_array_q [9:8]).
Adding EN signal on $driver$u_core.u_branch_predictor.u_btb.entry_present_array_q[2] ($adff) from module riscv32_npc_system (D = $procmux$4154_Y [11:10], Q = \u_core.u_branch_predictor.u_btb.entry_present_array_q [11:10]).
Adding EN signal on $driver$u_core.u_branch_predictor.u_btb.entry_present_array_q[1] ($adff) from module riscv32_npc_system (D = $procmux$4154_Y [13:12], Q = \u_core.u_branch_predictor.u_btb.entry_present_array_q [13:12]).
Adding EN signal on $driver$u_core.u_branch_predictor.u_btb.entry_present_array_q[0] ($adff) from module riscv32_npc_system (D = $procmux$4154_Y [15:14], Q = \u_core.u_branch_predictor.u_btb.entry_present_array_q [15:14]).
Adding EN signal on $driver$u_core.u_branch_predictor.u_bht.counter_array_q[9] ($adff) from module riscv32_npc_system (D = $2612y [13:12], Q = \u_core.u_branch_predictor.u_bht.counter_array_q [13:12]).
Adding EN signal on $driver$u_core.u_branch_predictor.u_bht.counter_array_q[8] ($adff) from module riscv32_npc_system (D = $2612y [15:14], Q = \u_core.u_branch_predictor.u_bht.counter_array_q [15:14]).
Adding EN signal on $driver$u_core.u_branch_predictor.u_bht.counter_array_q[7] ($adff) from module riscv32_npc_system (D = $2612y [17:16], Q = \u_core.u_branch_predictor.u_bht.counter_array_q [17:16]).
Adding EN signal on $driver$u_core.u_branch_predictor.u_bht.counter_array_q[6] ($adff) from module riscv32_npc_system (D = $2612y [19:18], Q = \u_core.u_branch_predictor.u_bht.counter_array_q [19:18]).
Adding EN signal on $driver$u_core.u_branch_predictor.u_bht.counter_array_q[5] ($adff) from module riscv32_npc_system (D = $2612y [21:20], Q = \u_core.u_branch_predictor.u_bht.counter_array_q [21:20]).
Adding EN signal on $driver$u_core.u_branch_predictor.u_bht.counter_array_q[4] ($adff) from module riscv32_npc_system (D = $2612y [23:22], Q = \u_core.u_branch_predictor.u_bht.counter_array_q [23:22]).
Adding EN signal on $driver$u_core.u_branch_predictor.u_bht.counter_array_q[3] ($adff) from module riscv32_npc_system (D = $2612y [25:24], Q = \u_core.u_branch_predictor.u_bht.counter_array_q [25:24]).
Adding EN signal on $driver$u_core.u_branch_predictor.u_bht.counter_array_q[2] ($adff) from module riscv32_npc_system (D = $2612y [27:26], Q = \u_core.u_branch_predictor.u_bht.counter_array_q [27:26]).
Adding EN signal on $driver$u_core.u_branch_predictor.u_bht.counter_array_q[1] ($adff) from module riscv32_npc_system (D = $2612y [29:28], Q = \u_core.u_branch_predictor.u_bht.counter_array_q [29:28]).
Adding EN signal on $driver$u_core.u_branch_predictor.u_bht.counter_array_q[15] ($adff) from module riscv32_npc_system (D = $2612y [1:0], Q = \u_core.u_branch_predictor.u_bht.counter_array_q [1:0]).
Adding EN signal on $driver$u_core.u_branch_predictor.u_bht.counter_array_q[14] ($adff) from module riscv32_npc_system (D = $2612y [3:2], Q = \u_core.u_branch_predictor.u_bht.counter_array_q [3:2]).
Adding EN signal on $driver$u_core.u_branch_predictor.u_bht.counter_array_q[13] ($adff) from module riscv32_npc_system (D = $2612y [5:4], Q = \u_core.u_branch_predictor.u_bht.counter_array_q [5:4]).
Adding EN signal on $driver$u_core.u_branch_predictor.u_bht.counter_array_q[12] ($adff) from module riscv32_npc_system (D = $2612y [7:6], Q = \u_core.u_branch_predictor.u_bht.counter_array_q [7:6]).
Adding EN signal on $driver$u_core.u_branch_predictor.u_bht.counter_array_q[11] ($adff) from module riscv32_npc_system (D = $2612y [9:8], Q = \u_core.u_branch_predictor.u_bht.counter_array_q [9:8]).
Adding EN signal on $driver$u_core.u_branch_predictor.u_bht.counter_array_q[10] ($adff) from module riscv32_npc_system (D = $2612y [11:10], Q = \u_core.u_branch_predictor.u_bht.counter_array_q [11:10]).
Adding EN signal on $driver$u_core.u_branch_predictor.u_bht.counter_array_q[0] ($adff) from module riscv32_npc_system (D = $2612y [31:30], Q = \u_core.u_branch_predictor.u_bht.counter_array_q [31:30]).
Adding EN signal on $driver$u_core.u_branch_predictor.response_q.prediction.predicted_target ($dff) from module riscv32_npc_system (D = \u_core.u_branch_predictor.selected_prediction [31:0], Q = \u_core.u_branch_predictor.response_q [31:0]).
Adding SRST signal on $auto$ff.cc:337:slice$22747 ($dffe) from module riscv32_npc_system (D = \u_core.u_branch_predictor.selected_target_pc, Q = \u_core.u_branch_predictor.response_q [31:0], rval = 0).
Adding EN signal on $driver$u_core.u_branch_predictor.response_q.prediction.predicted_taken ($dff) from module riscv32_npc_system (D = \u_core.u_branch_predictor.selected_taken, Q = \u_core.u_branch_predictor.response_q [32]).
Adding EN signal on $driver$u_core.u_branch_predictor.response_q.pc ($dff) from module riscv32_npc_system (D = \u_core.next_pc_predictor_lookup_request_pc, Q = \u_core.u_branch_predictor.response_q [66:35]).
Adding EN signal on $driver$u_core.u_branch_predictor.response_q.epoch ($dff) from module riscv32_npc_system (D = \u_core.u_ifu.current_fetch_epoch_q, Q = \u_core.u_branch_predictor.response_q [34:33]).
Adding EN signal on $driver$u_core.u_branch_predictor.response_present_q ($adff) from module riscv32_npc_system (D = \u_core.u_branch_predictor.response_present_d, Q = \u_core.u_branch_predictor.response_present_q).
Adding EN signal on $driver$u_clint.write_state_q ($adff) from module riscv32_npc_system (D = \u_clint.write_state_d, Q = \u_clint.write_state_q).
Adding EN signal on $driver$u_clint.write_response_q.resp ($adff) from module riscv32_npc_system (D = \u_clint.write_response_d [1:0], Q = \u_clint.write_response_q [1:0]).
Adding EN signal on $driver$u_clint.write_response_q.id ($adff) from module riscv32_npc_system (D = \external_axi4_manager_o [107:104], Q = \u_clint.write_response_q [5:2]).
Adding EN signal on $driver$u_clint.write_request_supported_q ($adff) from module riscv32_npc_system (D = \u_clint.request_write_supported, Q = \u_clint.write_request_supported_q).
Adding EN signal on $driver$u_clint.write_register_index_q ($adff) from module riscv32_npc_system (D = \u_clint.request_write_register, Q = \u_clint.write_register_index_q).
Adding EN signal on $driver$u_clint.write_beats_remaining_q ($adff) from module riscv32_npc_system (D = \u_clint.write_beats_remaining_d, Q = \u_clint.write_beats_remaining_q).
Adding EN signal on $driver$u_clint.read_response_q.resp ($adff) from module riscv32_npc_system (D = \u_clint.read_response_d [2:1], Q = \u_clint.read_response_q [2:1]).
Adding EN signal on $driver$u_clint.read_response_q.last ($adff) from module riscv32_npc_system (D = \u_clint.read_response_d [0], Q = \u_clint.read_response_q [0]).
Adding EN signal on $driver$u_clint.read_response_q.id ($adff) from module riscv32_npc_system (D = \external_axi4_manager_o [18:15], Q = \u_clint.read_response_q [6:3]).
Adding EN signal on $driver$u_clint.read_response_q.data ($adff) from module riscv32_npc_system (D = \u_clint.read_response_d [38:7], Q = \u_clint.read_response_q [38:7]).
Adding EN signal on $driver$u_clint.read_burst_length_q ($adff) from module riscv32_npc_system (D = \u_clint.axi_target_i [14:7], Q = \u_clint.read_burst_length_q).
Adding EN signal on $driver$u_clint.read_beat_index_q ($adff) from module riscv32_npc_system (D = \u_clint.read_beat_index_d, Q = \u_clint.read_beat_index_q).
Adding EN signal on $driver$u_clint.mtimecmp_q ($adff) from module riscv32_npc_system (D = \external_axi4_manager_o [65:58], Q = \u_clint.mtimecmp_q [39:32]).
Adding EN signal on $driver$u_clint.mtimecmp_q ($adff) from module riscv32_npc_system (D = \external_axi4_manager_o [65:58], Q = \u_clint.mtimecmp_q [7:0]).
Adding EN signal on $driver$u_clint.mtimecmp_q ($adff) from module riscv32_npc_system (D = \external_axi4_manager_o [73:66], Q = \u_clint.mtimecmp_q [47:40]).
Adding EN signal on $driver$u_clint.mtimecmp_q ($adff) from module riscv32_npc_system (D = \external_axi4_manager_o [73:66], Q = \u_clint.mtimecmp_q [15:8]).
Adding EN signal on $driver$u_clint.mtimecmp_q ($adff) from module riscv32_npc_system (D = \external_axi4_manager_o [81:74], Q = \u_clint.mtimecmp_q [55:48]).
Adding EN signal on $driver$u_clint.mtimecmp_q ($adff) from module riscv32_npc_system (D = \external_axi4_manager_o [81:74], Q = \u_clint.mtimecmp_q [23:16]).
Adding EN signal on $driver$u_clint.mtimecmp_q ($adff) from module riscv32_npc_system (D = \external_axi4_manager_o [89:82], Q = \u_clint.mtimecmp_q [63:56]).
Adding EN signal on $driver$u_clint.mtimecmp_q ($adff) from module riscv32_npc_system (D = \external_axi4_manager_o [89:82], Q = \u_clint.mtimecmp_q [31:24]).
Adding EN signal on $driver$u_clint.mtime_read_snapshot_present_q ($adff) from module riscv32_npc_system (D = $procmux$245_Y, Q = \u_clint.mtime_read_snapshot_present_q).
Adding EN signal on $driver$u_clint.mtime_q ($adff) from module riscv32_npc_system (D = \u_clint.mtime_d [39:32], Q = \u_clint.mtime_q [39:32]).
Adding EN signal on $driver$u_clint.mtime_q ($adff) from module riscv32_npc_system (D = \u_clint.mtime_d [7:0], Q = \u_clint.mtime_q [7:0]).
Adding EN signal on $driver$u_clint.mtime_q ($adff) from module riscv32_npc_system (D = \u_clint.mtime_d [47:40], Q = \u_clint.mtime_q [47:40]).
Adding EN signal on $driver$u_clint.mtime_q ($adff) from module riscv32_npc_system (D = \u_clint.mtime_d [15:8], Q = \u_clint.mtime_q [15:8]).
Adding EN signal on $driver$u_clint.mtime_q ($adff) from module riscv32_npc_system (D = \u_clint.mtime_d [55:48], Q = \u_clint.mtime_q [55:48]).
Adding EN signal on $driver$u_clint.mtime_q ($adff) from module riscv32_npc_system (D = \u_clint.mtime_d [23:16], Q = \u_clint.mtime_q [23:16]).
Adding EN signal on $driver$u_clint.mtime_q ($adff) from module riscv32_npc_system (D = \u_clint.mtime_d [63:56], Q = \u_clint.mtime_q [63:56]).
Adding EN signal on $driver$u_clint.mtime_q ($adff) from module riscv32_npc_system (D = \u_clint.mtime_d [31:24], Q = \u_clint.mtime_q [31:24]).
Adding EN signal on $driver$u_clint.mtime_high_snapshot_q ($adff) from module riscv32_npc_system (D = \u_clint.mtime_q [63:32], Q = \u_clint.mtime_high_snapshot_q).
Adding EN signal on $driver$u_axi4_arbiter.read_transaction_requester_q ($adff) from module riscv32_npc_system (D = $procmux$746_Y, Q = \u_axi4_arbiter.read_transaction_requester_q).
Adding EN signal on $driver$u_axi4_arbiter.read_address_pending_q ($adff) from module riscv32_npc_system (D = $procmux$736_Y, Q = \u_axi4_arbiter.read_address_pending_q).
Adding EN signal on $driver$u_axi4_arbiter.next_priority_read_requester_q ($adff) from module riscv32_npc_system (D = $procmux$770_Y, Q = \u_axi4_arbiter.next_priority_read_requester_q).
Setting constant 0-bit at position 0 on $auto$ff.cc:337:slice$22525 ($dffe) from module riscv32_npc_system.
Setting constant 0-bit at position 1 on $auto$ff.cc:337:slice$22525 ($dffe) from module riscv32_npc_system.
Setting constant 0-bit at position 2 on $auto$ff.cc:337:slice$22525 ($dffe) from module riscv32_npc_system.
Setting constant 0-bit at position 3 on $auto$ff.cc:337:slice$22525 ($dffe) from module riscv32_npc_system.
Setting constant 0-bit at position 0 on $auto$ff.cc:337:slice$22504 ($dffe) from module riscv32_npc_system.
Setting constant 0-bit at position 1 on $auto$ff.cc:337:slice$22504 ($dffe) from module riscv32_npc_system.
Setting constant 0-bit at position 2 on $auto$ff.cc:337:slice$22504 ($dffe) from module riscv32_npc_system.
Setting constant 0-bit at position 3 on $auto$ff.cc:337:slice$22504 ($dffe) from module riscv32_npc_system.
Setting constant 0-bit at position 0 on $auto$ff.cc:337:slice$22279 ($dffe) from module riscv32_npc_system.
Setting constant 0-bit at position 1 on $auto$ff.cc:337:slice$22279 ($dffe) from module riscv32_npc_system.
Setting constant 0-bit at position 2 on $auto$ff.cc:337:slice$22279 ($dffe) from module riscv32_npc_system.
Setting constant 0-bit at position 3 on $auto$ff.cc:337:slice$22279 ($dffe) from module riscv32_npc_system.
Setting constant 0-bit at position 0 on $auto$ff.cc:337:slice$22262 ($dffe) from module riscv32_npc_system.
Setting constant 0-bit at position 0 on $auto$ff.cc:337:slice$22261 ($dffe) from module riscv32_npc_system.
Setting constant 0-bit at position 1 on $auto$ff.cc:337:slice$22261 ($dffe) from module riscv32_npc_system.
Setting constant 0-bit at position 2 on $auto$ff.cc:337:slice$22261 ($dffe) from module riscv32_npc_system.
Setting constant 0-bit at position 0 on $auto$ff.cc:337:slice$22260 ($dffe) from module riscv32_npc_system.
Setting constant 0-bit at position 1 on $auto$ff.cc:337:slice$22260 ($dffe) from module riscv32_npc_system.
Setting constant 0-bit at position 2 on $auto$ff.cc:337:slice$22260 ($dffe) from module riscv32_npc_system.
Setting constant 0-bit at position 3 on $auto$ff.cc:337:slice$22260 ($dffe) from module riscv32_npc_system.
Setting constant 0-bit at position 4 on $auto$ff.cc:337:slice$22260 ($dffe) from module riscv32_npc_system.
Setting constant 0-bit at position 0 on $auto$ff.cc:337:slice$22259 ($dffe) from module riscv32_npc_system.
Setting constant 0-bit at position 0 on $auto$ff.cc:337:slice$22258 ($dffe) from module riscv32_npc_system.
Setting constant 0-bit at position 1 on $auto$ff.cc:337:slice$22258 ($dffe) from module riscv32_npc_system.
Setting constant 0-bit at position 2 on $auto$ff.cc:337:slice$22258 ($dffe) from module riscv32_npc_system.
Setting constant 0-bit at position 3 on $auto$ff.cc:337:slice$22258 ($dffe) from module riscv32_npc_system.
Setting constant 0-bit at position 4 on $auto$ff.cc:337:slice$22258 ($dffe) from module riscv32_npc_system.
Setting constant 0-bit at position 5 on $auto$ff.cc:337:slice$22258 ($dffe) from module riscv32_npc_system.
Setting constant 0-bit at position 6 on $auto$ff.cc:337:slice$22258 ($dffe) from module riscv32_npc_system.
Setting constant 0-bit at position 7 on $auto$ff.cc:337:slice$22258 ($dffe) from module riscv32_npc_system.
Setting constant 0-bit at position 8 on $auto$ff.cc:337:slice$22258 ($dffe) from module riscv32_npc_system.
Setting constant 0-bit at position 9 on $auto$ff.cc:337:slice$22258 ($dffe) from module riscv32_npc_system.
Setting constant 0-bit at position 10 on $auto$ff.cc:337:slice$22258 ($dffe) from module riscv32_npc_system.
Setting constant 0-bit at position 11 on $auto$ff.cc:337:slice$22258 ($dffe) from module riscv32_npc_system.
Setting constant 0-bit at position 12 on $auto$ff.cc:337:slice$22258 ($dffe) from module riscv32_npc_system.
Setting constant 0-bit at position 13 on $auto$ff.cc:337:slice$22258 ($dffe) from module riscv32_npc_system.
Setting constant 0-bit at position 14 on $auto$ff.cc:337:slice$22258 ($dffe) from module riscv32_npc_system.
Setting constant 0-bit at position 15 on $auto$ff.cc:337:slice$22258 ($dffe) from module riscv32_npc_system.
Setting constant 0-bit at position 16 on $auto$ff.cc:337:slice$22258 ($dffe) from module riscv32_npc_system.
Setting constant 0-bit at position 17 on $auto$ff.cc:337:slice$22258 ($dffe) from module riscv32_npc_system.
Setting constant 0-bit at position 18 on $auto$ff.cc:337:slice$22258 ($dffe) from module riscv32_npc_system.
Setting constant 0-bit at position 19 on $auto$ff.cc:337:slice$22258 ($dffe) from module riscv32_npc_system.
Setting constant 0-bit at position 20 on $auto$ff.cc:337:slice$22258 ($dffe) from module riscv32_npc_system.
Setting constant 0-bit at position 21 on $auto$ff.cc:337:slice$22258 ($dffe) from module riscv32_npc_system.
Setting constant 0-bit at position 22 on $auto$ff.cc:337:slice$22258 ($dffe) from module riscv32_npc_system.
Setting constant 0-bit at position 23 on $auto$ff.cc:337:slice$22258 ($dffe) from module riscv32_npc_system.
Setting constant 0-bit at position 24 on $auto$ff.cc:337:slice$22258 ($dffe) from module riscv32_npc_system.
Setting constant 0-bit at position 25 on $auto$ff.cc:337:slice$22258 ($dffe) from module riscv32_npc_system.
Setting constant 0-bit at position 26 on $auto$ff.cc:337:slice$22258 ($dffe) from module riscv32_npc_system.
Setting constant 0-bit at position 27 on $auto$ff.cc:337:slice$22258 ($dffe) from module riscv32_npc_system.
Setting constant 0-bit at position 28 on $auto$ff.cc:337:slice$22258 ($dffe) from module riscv32_npc_system.
Setting constant 0-bit at position 29 on $auto$ff.cc:337:slice$22258 ($dffe) from module riscv32_npc_system.
Setting constant 0-bit at position 30 on $auto$ff.cc:337:slice$22258 ($dffe) from module riscv32_npc_system.
Setting constant 0-bit at position 31 on $auto$ff.cc:337:slice$22258 ($dffe) from module riscv32_npc_system.
Setting constant 0-bit at position 0 on $auto$ff.cc:337:slice$22257 ($dffe) from module riscv32_npc_system.
Setting constant 0-bit at position 1 on $auto$ff.cc:337:slice$22257 ($dffe) from module riscv32_npc_system.
Setting constant 0-bit at position 2 on $auto$ff.cc:337:slice$22257 ($dffe) from module riscv32_npc_system.
Setting constant 0-bit at position 3 on $auto$ff.cc:337:slice$22257 ($dffe) from module riscv32_npc_system.
Setting constant 0-bit at position 4 on $auto$ff.cc:337:slice$22257 ($dffe) from module riscv32_npc_system.
Setting constant 0-bit at position 5 on $auto$ff.cc:337:slice$22257 ($dffe) from module riscv32_npc_system.
Setting constant 0-bit at position 6 on $auto$ff.cc:337:slice$22257 ($dffe) from module riscv32_npc_system.
Setting constant 0-bit at position 7 on $auto$ff.cc:337:slice$22257 ($dffe) from module riscv32_npc_system.
Setting constant 0-bit at position 8 on $auto$ff.cc:337:slice$22257 ($dffe) from module riscv32_npc_system.
Setting constant 0-bit at position 9 on $auto$ff.cc:337:slice$22257 ($dffe) from module riscv32_npc_system.
Setting constant 0-bit at position 10 on $auto$ff.cc:337:slice$22257 ($dffe) from module riscv32_npc_system.
Setting constant 0-bit at position 11 on $auto$ff.cc:337:slice$22257 ($dffe) from module riscv32_npc_system.
Setting constant 0-bit at position 12 on $auto$ff.cc:337:slice$22257 ($dffe) from module riscv32_npc_system.
Setting constant 0-bit at position 13 on $auto$ff.cc:337:slice$22257 ($dffe) from module riscv32_npc_system.
Setting constant 0-bit at position 14 on $auto$ff.cc:337:slice$22257 ($dffe) from module riscv32_npc_system.
Setting constant 0-bit at position 15 on $auto$ff.cc:337:slice$22257 ($dffe) from module riscv32_npc_system.
Setting constant 0-bit at position 16 on $auto$ff.cc:337:slice$22257 ($dffe) from module riscv32_npc_system.
Setting constant 0-bit at position 17 on $auto$ff.cc:337:slice$22257 ($dffe) from module riscv32_npc_system.
Setting constant 0-bit at position 18 on $auto$ff.cc:337:slice$22257 ($dffe) from module riscv32_npc_system.
Setting constant 0-bit at position 19 on $auto$ff.cc:337:slice$22257 ($dffe) from module riscv32_npc_system.
Setting constant 0-bit at position 20 on $auto$ff.cc:337:slice$22257 ($dffe) from module riscv32_npc_system.
Setting constant 0-bit at position 21 on $auto$ff.cc:337:slice$22257 ($dffe) from module riscv32_npc_system.
Setting constant 0-bit at position 22 on $auto$ff.cc:337:slice$22257 ($dffe) from module riscv32_npc_system.
Setting constant 0-bit at position 23 on $auto$ff.cc:337:slice$22257 ($dffe) from module riscv32_npc_system.
Setting constant 0-bit at position 24 on $auto$ff.cc:337:slice$22257 ($dffe) from module riscv32_npc_system.
Setting constant 0-bit at position 25 on $auto$ff.cc:337:slice$22257 ($dffe) from module riscv32_npc_system.
Setting constant 0-bit at position 26 on $auto$ff.cc:337:slice$22257 ($dffe) from module riscv32_npc_system.
Setting constant 0-bit at position 27 on $auto$ff.cc:337:slice$22257 ($dffe) from module riscv32_npc_system.
Setting constant 0-bit at position 28 on $auto$ff.cc:337:slice$22257 ($dffe) from module riscv32_npc_system.
Setting constant 0-bit at position 29 on $auto$ff.cc:337:slice$22257 ($dffe) from module riscv32_npc_system.
Setting constant 0-bit at position 30 on $auto$ff.cc:337:slice$22257 ($dffe) from module riscv32_npc_system.
Setting constant 0-bit at position 31 on $auto$ff.cc:337:slice$22257 ($dffe) from module riscv32_npc_system.
Setting constant 0-bit at position 0 on $auto$ff.cc:337:slice$22256 ($dffe) from module riscv32_npc_system.
Setting constant 0-bit at position 0 on $auto$ff.cc:337:slice$22100 ($dffe) from module riscv32_npc_system.

3.14. Executing OPT_CLEAN pass (remove unused cells and wires).
Finding unused cells or wires in module \riscv32_npc_system..
Removed 158 unused cells and 125 unused wires.
<suppressed ~198 debug messages>

3.15. Executing OPT_EXPR pass (perform const folding).
Optimizing module riscv32_npc_system.
Couldn't topologically sort cells, optimizing module riscv32_npc_system may take a longer time.
Couldn't topologically sort cells, optimizing module riscv32_npc_system may take a longer time.
Couldn't topologically sort cells, optimizing module riscv32_npc_system may take a longer time.
<suppressed ~96 debug messages>

3.16. Rerunning OPT passes. (Maybe there is more to do..)

3.17. Executing OPT_MUXTREE pass (detect dead branches in mux trees).
Running muxtree optimizer on module \riscv32_npc_system..
  Creating internal representation of mux trees.
  Evaluating internal representation of mux trees.
  Analyzing evaluation results.
Removed 0 multiplexer ports.
<suppressed ~13649 debug messages>

3.18. Executing OPT_REDUCE pass (consolidate $*mux and $reduce_* inputs).
  Optimizing cells in module \riscv32_npc_system.
Performed a total of 0 changes.

3.19. Executing OPT_MERGE pass (detect identical cells).
Finding identical cells in module `\riscv32_npc_system'.
<suppressed ~456 debug messages>
Removed a total of 152 cells.

3.20. Executing OPT_DFF pass (perform DFF optimizations).
Adding SRST signal on $auto$ff.cc:337:slice$22473 ($dffe) from module riscv32_npc_system (D = \u_core.u_data_mem.gen_dcache.u_dcache.u_miss_unit.miss_context_q [61:58], Q = \u_core.u_data_mem.gen_dcache.u_dcache.u_dcache_axi.refill_context_q [3:0], rval = 4'0000).
Setting constant 0-bit at position 0 on $auto$ff.cc:337:slice$22363 ($dffe) from module riscv32_npc_system.
Setting constant 0-bit at position 1 on $auto$ff.cc:337:slice$22363 ($dffe) from module riscv32_npc_system.
Setting constant 0-bit at position 2 on $auto$ff.cc:337:slice$22363 ($dffe) from module riscv32_npc_system.
Setting constant 0-bit at position 3 on $auto$ff.cc:337:slice$22363 ($dffe) from module riscv32_npc_system.
Setting constant 0-bit at position 0 on $driver$u_core.u_icache.u_riscv32_icache_data_array.staged_refill_write_way_index_q ($dff) from module riscv32_npc_system.

3.21. Executing OPT_CLEAN pass (remove unused cells and wires).
Finding unused cells or wires in module \riscv32_npc_system..
Removed 0 unused cells and 152 unused wires.
<suppressed ~1 debug messages>

3.22. Executing OPT_EXPR pass (perform const folding).
Optimizing module riscv32_npc_system.
Couldn't topologically sort cells, optimizing module riscv32_npc_system may take a longer time.
Couldn't topologically sort cells, optimizing module riscv32_npc_system may take a longer time.
Couldn't topologically sort cells, optimizing module riscv32_npc_system may take a longer time.
<suppressed ~4 debug messages>

3.23. Rerunning OPT passes. (Maybe there is more to do..)

3.24. Executing OPT_MUXTREE pass (detect dead branches in mux trees).
Running muxtree optimizer on module \riscv32_npc_system..
  Creating internal representation of mux trees.
  Evaluating internal representation of mux trees.
  Analyzing evaluation results.
Removed 0 multiplexer ports.
<suppressed ~13653 debug messages>

3.25. Executing OPT_REDUCE pass (consolidate $*mux and $reduce_* inputs).
  Optimizing cells in module \riscv32_npc_system.
Performed a total of 0 changes.

3.26. Executing OPT_MERGE pass (detect identical cells).
Finding identical cells in module `\riscv32_npc_system'.
Removed a total of 0 cells.

3.27. Executing OPT_DFF pass (perform DFF optimizations).
Setting constant 0-bit at position 0 on $auto$ff.cc:337:slice$22433 ($sdffce) from module riscv32_npc_system.
Setting constant 0-bit at position 1 on $auto$ff.cc:337:slice$22433 ($sdffce) from module riscv32_npc_system.
Setting constant 0-bit at position 2 on $auto$ff.cc:337:slice$22433 ($sdffce) from module riscv32_npc_system.
Setting constant 0-bit at position 3 on $auto$ff.cc:337:slice$22433 ($sdffce) from module riscv32_npc_system.
Setting constant 0-bit at position 0 on $auto$ff.cc:337:slice$22926 ($sdffce) from module riscv32_npc_system.
Setting constant 0-bit at position 1 on $auto$ff.cc:337:slice$22926 ($sdffce) from module riscv32_npc_system.
Setting constant 0-bit at position 2 on $auto$ff.cc:337:slice$22926 ($sdffce) from module riscv32_npc_system.
Setting constant 0-bit at position 3 on $auto$ff.cc:337:slice$22926 ($sdffce) from module riscv32_npc_system.

3.28. Executing OPT_CLEAN pass (remove unused cells and wires).
Finding unused cells or wires in module \riscv32_npc_system..
Removed 0 unused cells and 4 unused wires.
<suppressed ~1 debug messages>

3.29. Executing OPT_EXPR pass (perform const folding).
Optimizing module riscv32_npc_system.
Couldn't topologically sort cells, optimizing module riscv32_npc_system may take a longer time.
Couldn't topologically sort cells, optimizing module riscv32_npc_system may take a longer time.

3.30. Rerunning OPT passes. (Maybe there is more to do..)

3.31. Executing OPT_MUXTREE pass (detect dead branches in mux trees).
Running muxtree optimizer on module \riscv32_npc_system..
  Creating internal representation of mux trees.
  Evaluating internal representation of mux trees.
  Analyzing evaluation results.
Removed 0 multiplexer ports.
<suppressed ~13653 debug messages>

3.32. Executing OPT_REDUCE pass (consolidate $*mux and $reduce_* inputs).
  Optimizing cells in module \riscv32_npc_system.
Performed a total of 0 changes.

3.33. Executing OPT_MERGE pass (detect identical cells).
Finding identical cells in module `\riscv32_npc_system'.
Removed a total of 0 cells.

3.34. Executing OPT_DFF pass (perform DFF optimizations).

3.35. Executing OPT_CLEAN pass (remove unused cells and wires).
Finding unused cells or wires in module \riscv32_npc_system..

3.36. Executing OPT_EXPR pass (perform const folding).
Optimizing module riscv32_npc_system.
Couldn't topologically sort cells, optimizing module riscv32_npc_system may take a longer time.
Couldn't topologically sort cells, optimizing module riscv32_npc_system may take a longer time.

3.37. Finished fast OPT passes. (There is nothing left to do.)

4. Executing FLATTEN pass (flatten design).

5. Executing OPT pass (performing simple optimizations).

5.1. Executing OPT_EXPR pass (perform const folding).
Optimizing module riscv32_npc_system.
Couldn't topologically sort cells, optimizing module riscv32_npc_system may take a longer time.
Couldn't topologically sort cells, optimizing module riscv32_npc_system may take a longer time.

5.2. Executing OPT_MERGE pass (detect identical cells).
Finding identical cells in module `\riscv32_npc_system'.
Removed a total of 0 cells.

5.3. Executing OPT_MUXTREE pass (detect dead branches in mux trees).
Running muxtree optimizer on module \riscv32_npc_system..
  Creating internal representation of mux trees.
  Evaluating internal representation of mux trees.
  Analyzing evaluation results.
Removed 0 multiplexer ports.
<suppressed ~13653 debug messages>

5.4. Executing OPT_REDUCE pass (consolidate $*mux and $reduce_* inputs).
  Optimizing cells in module \riscv32_npc_system.
Performed a total of 0 changes.

5.5. Executing OPT_MERGE pass (detect identical cells).
Finding identical cells in module `\riscv32_npc_system'.
Removed a total of 0 cells.

5.6. Executing OPT_DFF pass (perform DFF optimizations).

5.7. Executing OPT_CLEAN pass (remove unused cells and wires).
Finding unused cells or wires in module \riscv32_npc_system..

5.8. Executing OPT_EXPR pass (perform const folding).
Optimizing module riscv32_npc_system.
Couldn't topologically sort cells, optimizing module riscv32_npc_system may take a longer time.
Couldn't topologically sort cells, optimizing module riscv32_npc_system may take a longer time.

5.9. Finished fast OPT passes. (There is nothing left to do.)

6. Executing TECHMAP pass (map to technology primitives).

6.1. Executing Verilog-2005 frontend: /home/yong/tools/oss-cad-suite/lib/../share/yosys/techmap.v
Parsing Verilog input from `/home/yong/tools/oss-cad-suite/lib/../share/yosys/techmap.v' to AST representation.
verilog frontend filename /home/yong/tools/oss-cad-suite/lib/../share/yosys/techmap.v
Generating RTLIL representation for module `\_90_simplemap_bool_ops'.
Generating RTLIL representation for module `\_90_simplemap_reduce_ops'.
Generating RTLIL representation for module `\_90_simplemap_logic_ops'.
Generating RTLIL representation for module `\_90_simplemap_compare_ops'.
Generating RTLIL representation for module `\_90_simplemap_various'.
Generating RTLIL representation for module `\_90_simplemap_registers'.
Generating RTLIL representation for module `\_90_shift_ops_shr_shl_sshl_sshr'.
Generating RTLIL representation for module `\_90_shift_shiftx'.
Generating RTLIL representation for module `\_90_fa'.
Generating RTLIL representation for module `\_90_lcu_brent_kung'.
Generating RTLIL representation for module `\_90_alu'.
Generating RTLIL representation for module `\_90_macc'.
Generating RTLIL representation for module `\_90_alumacc'.
Generating RTLIL representation for module `\$__div_mod_u'.
Generating RTLIL representation for module `\$__div_mod_trunc'.
Generating RTLIL representation for module `\_90_div'.
Generating RTLIL representation for module `\_90_mod'.
Generating RTLIL representation for module `\$__div_mod_floor'.
Generating RTLIL representation for module `\_90_divfloor'.
Generating RTLIL representation for module `\_90_modfloor'.
Generating RTLIL representation for module `\_90_pow'.
Generating RTLIL representation for module `\_90_pmux'.
Generating RTLIL representation for module `\_90_demux'.
Generating RTLIL representation for module `\_90_lut'.
Generating RTLIL representation for module `\$connect'.
Generating RTLIL representation for module `\$input_port'.
Successfully finished Verilog frontend.

6.2. Continuing TECHMAP pass.
Using extmapper simplemap for cells of type $adffe.
Using extmapper simplemap for cells of type $reduce_and.
Using extmapper simplemap for cells of type $reduce_bool.
Using extmapper simplemap for cells of type $ne.
Using extmapper simplemap for cells of type $dffe.
Using extmapper simplemap for cells of type $sdffce.
Using extmapper simplemap for cells of type $not.
Using extmapper simplemap for cells of type $sdffe.
Using extmapper simplemap for cells of type $reduce_or.
Using extmapper simplemap for cells of type $or.
Using extmapper simplemap for cells of type $adff.
Running "alumacc" on wrapper $extern:wrap:$lt:A_SIGNED=0:A_WIDTH=2:B_SIGNED=0:B_WIDTH=2:Y_WIDTH=1:394426c56d1a028ba8fdd5469b163e04011def47.
Using template $extern:wrap:$lt:A_SIGNED=0:A_WIDTH=2:B_SIGNED=0:B_WIDTH=2:Y_WIDTH=1:394426c56d1a028ba8fdd5469b163e04011def47 for cells of type $extern:wrap:$lt:A_SIGNED=0:A_WIDTH=2:B_SIGNED=0:B_WIDTH=2:Y_WIDTH=1:394426c56d1a028ba8fdd5469b163e04011def47.
Using extmapper simplemap for cells of type $logic_or.
Using extmapper simplemap for cells of type $eq.
Using extmapper simplemap for cells of type $mux.
Using extmapper simplemap for cells of type $logic_not.
Using extmapper simplemap for cells of type $logic_and.
Running "alumacc" on wrapper $extern:wrap:$add:A_SIGNED=0:A_WIDTH=2:B_SIGNED=0:B_WIDTH=2:Y_WIDTH=2:394426c56d1a028ba8fdd5469b163e04011def47.
Using template $extern:wrap:$add:A_SIGNED=0:A_WIDTH=2:B_SIGNED=0:B_WIDTH=2:Y_WIDTH=2:394426c56d1a028ba8fdd5469b163e04011def47 for cells of type $extern:wrap:$add:A_SIGNED=0:A_WIDTH=2:B_SIGNED=0:B_WIDTH=2:Y_WIDTH=2:394426c56d1a028ba8fdd5469b163e04011def47.
Running "alumacc" on wrapper $extern:wrap:$add:A_SIGNED=0:A_WIDTH=32:B_SIGNED=0:B_WIDTH=32:Y_WIDTH=32:394426c56d1a028ba8fdd5469b163e04011def47.
Using template $extern:wrap:$add:A_SIGNED=0:A_WIDTH=32:B_SIGNED=0:B_WIDTH=32:Y_WIDTH=32:394426c56d1a028ba8fdd5469b163e04011def47 for cells of type $extern:wrap:$add:A_SIGNED=0:A_WIDTH=32:B_SIGNED=0:B_WIDTH=32:Y_WIDTH=32:394426c56d1a028ba8fdd5469b163e04011def47.
Running "alumacc" on wrapper $extern:wrap:$sub:A_SIGNED=0:A_WIDTH=2:B_SIGNED=0:B_WIDTH=2:Y_WIDTH=2:394426c56d1a028ba8fdd5469b163e04011def47.
Using template $extern:wrap:$sub:A_SIGNED=0:A_WIDTH=2:B_SIGNED=0:B_WIDTH=2:Y_WIDTH=2:394426c56d1a028ba8fdd5469b163e04011def47 for cells of type $extern:wrap:$sub:A_SIGNED=0:A_WIDTH=2:B_SIGNED=0:B_WIDTH=2:Y_WIDTH=2:394426c56d1a028ba8fdd5469b163e04011def47.
Running "alumacc" on wrapper $extern:wrap:$add:A_SIGNED=0:A_WIDTH=1:B_SIGNED=0:B_WIDTH=1:Y_WIDTH=1:394426c56d1a028ba8fdd5469b163e04011def47.
Using template $extern:wrap:$add:A_SIGNED=0:A_WIDTH=1:B_SIGNED=0:B_WIDTH=1:Y_WIDTH=1:394426c56d1a028ba8fdd5469b163e04011def47 for cells of type $extern:wrap:$add:A_SIGNED=0:A_WIDTH=1:B_SIGNED=0:B_WIDTH=1:Y_WIDTH=1:394426c56d1a028ba8fdd5469b163e04011def47.
Running "alumacc" on wrapper $extern:wrap:$ge:A_SIGNED=0:A_WIDTH=32:B_SIGNED=0:B_WIDTH=32:Y_WIDTH=1:394426c56d1a028ba8fdd5469b163e04011def47.
Using template $extern:wrap:$ge:A_SIGNED=0:A_WIDTH=32:B_SIGNED=0:B_WIDTH=32:Y_WIDTH=1:394426c56d1a028ba8fdd5469b163e04011def47 for cells of type $extern:wrap:$ge:A_SIGNED=0:A_WIDTH=32:B_SIGNED=0:B_WIDTH=32:Y_WIDTH=1:394426c56d1a028ba8fdd5469b163e04011def47.
Running "alumacc" on wrapper $extern:wrap:$le:A_SIGNED=0:A_WIDTH=32:B_SIGNED=0:B_WIDTH=32:Y_WIDTH=1:394426c56d1a028ba8fdd5469b163e04011def47.
Using template $extern:wrap:$le:A_SIGNED=0:A_WIDTH=32:B_SIGNED=0:B_WIDTH=32:Y_WIDTH=1:394426c56d1a028ba8fdd5469b163e04011def47 for cells of type $extern:wrap:$le:A_SIGNED=0:A_WIDTH=32:B_SIGNED=0:B_WIDTH=32:Y_WIDTH=1:394426c56d1a028ba8fdd5469b163e04011def47.
Using extmapper simplemap for cells of type $bmux.
Using template $paramod$b3b6ac92d800c6f07aa48f510f923d86a674e5a7\_90_demux for cells of type $demux.
Running "alumacc" on wrapper $extern:wrap:$lt:A_SIGNED=1:A_WIDTH=5:B_SIGNED=1:B_WIDTH=1:Y_WIDTH=1:394426c56d1a028ba8fdd5469b163e04011def47.
Using template $extern:wrap:$lt:A_SIGNED=1:A_WIDTH=5:B_SIGNED=1:B_WIDTH=1:Y_WIDTH=1:394426c56d1a028ba8fdd5469b163e04011def47 for cells of type $extern:wrap:$lt:A_SIGNED=1:A_WIDTH=5:B_SIGNED=1:B_WIDTH=1:Y_WIDTH=1:394426c56d1a028ba8fdd5469b163e04011def47.
Running "alumacc" on wrapper $extern:wrap:$ge:A_SIGNED=1:A_WIDTH=5:B_SIGNED=1:B_WIDTH=5:Y_WIDTH=1:394426c56d1a028ba8fdd5469b163e04011def47.
Using template $extern:wrap:$ge:A_SIGNED=1:A_WIDTH=5:B_SIGNED=1:B_WIDTH=5:Y_WIDTH=1:394426c56d1a028ba8fdd5469b163e04011def47 for cells of type $extern:wrap:$ge:A_SIGNED=1:A_WIDTH=5:B_SIGNED=1:B_WIDTH=5:Y_WIDTH=1:394426c56d1a028ba8fdd5469b163e04011def47.
Using template $paramod$19e9557905baa9d3741d0daa66e2ef076e9bab7d\_90_demux for cells of type $demux.
Running "alumacc" on wrapper $extern:wrap:$ge:A_SIGNED=1:A_WIDTH=3:B_SIGNED=1:B_WIDTH=3:Y_WIDTH=1:394426c56d1a028ba8fdd5469b163e04011def47.
Using template $extern:wrap:$ge:A_SIGNED=1:A_WIDTH=3:B_SIGNED=1:B_WIDTH=3:Y_WIDTH=1:394426c56d1a028ba8fdd5469b163e04011def47 for cells of type $extern:wrap:$ge:A_SIGNED=1:A_WIDTH=3:B_SIGNED=1:B_WIDTH=3:Y_WIDTH=1:394426c56d1a028ba8fdd5469b163e04011def47.
Using extmapper simplemap for cells of type $dff.
Using template $paramod$b098bc6f249c0ac91c4d6e19d54b23c285914115\_90_demux for cells of type $demux.
Running "alumacc" on wrapper $extern:wrap:$lt:A_SIGNED=1:A_WIDTH=3:B_SIGNED=1:B_WIDTH=1:Y_WIDTH=1:394426c56d1a028ba8fdd5469b163e04011def47.
Using template $extern:wrap:$lt:A_SIGNED=1:A_WIDTH=3:B_SIGNED=1:B_WIDTH=1:Y_WIDTH=1:394426c56d1a028ba8fdd5469b163e04011def47 for cells of type $extern:wrap:$lt:A_SIGNED=1:A_WIDTH=3:B_SIGNED=1:B_WIDTH=1:Y_WIDTH=1:394426c56d1a028ba8fdd5469b163e04011def47.
Using template $paramod$76bf48adb8567bf73eb724672ae70a839126c8ce\_90_demux for cells of type $demux.
Using extmapper simplemap for cells of type $dlatch.
Using template $paramod$068ad458e7761d78e5eed8238508872e7b0aef95\_90_demux for cells of type $demux.
Using extmapper simplemap for cells of type $bwmux.
Running "alumacc" on wrapper $extern:wrap:$ge:A_SIGNED=1:A_WIDTH=4:B_SIGNED=1:B_WIDTH=4:Y_WIDTH=1:394426c56d1a028ba8fdd5469b163e04011def47.
Using template $extern:wrap:$ge:A_SIGNED=1:A_WIDTH=4:B_SIGNED=1:B_WIDTH=4:Y_WIDTH=1:394426c56d1a028ba8fdd5469b163e04011def47 for cells of type $extern:wrap:$ge:A_SIGNED=1:A_WIDTH=4:B_SIGNED=1:B_WIDTH=4:Y_WIDTH=1:394426c56d1a028ba8fdd5469b163e04011def47.
Using template $paramod$1c5ab183c38e15d7ebeabf4beb7e13f3a23853d6\_90_demux for cells of type $demux.
Running "alumacc" on wrapper $extern:wrap:$lt:A_SIGNED=1:A_WIDTH=2:B_SIGNED=1:B_WIDTH=1:Y_WIDTH=1:394426c56d1a028ba8fdd5469b163e04011def47.
Using template $extern:wrap:$lt:A_SIGNED=1:A_WIDTH=2:B_SIGNED=1:B_WIDTH=1:Y_WIDTH=1:394426c56d1a028ba8fdd5469b163e04011def47 for cells of type $extern:wrap:$lt:A_SIGNED=1:A_WIDTH=2:B_SIGNED=1:B_WIDTH=1:Y_WIDTH=1:394426c56d1a028ba8fdd5469b163e04011def47.
Running "alumacc" on wrapper $extern:wrap:$ge:A_SIGNED=1:A_WIDTH=2:B_SIGNED=1:B_WIDTH=2:Y_WIDTH=1:394426c56d1a028ba8fdd5469b163e04011def47.
Using template $extern:wrap:$ge:A_SIGNED=1:A_WIDTH=2:B_SIGNED=1:B_WIDTH=2:Y_WIDTH=1:394426c56d1a028ba8fdd5469b163e04011def47 for cells of type $extern:wrap:$ge:A_SIGNED=1:A_WIDTH=2:B_SIGNED=1:B_WIDTH=2:Y_WIDTH=1:394426c56d1a028ba8fdd5469b163e04011def47.
Running "alumacc" on wrapper $extern:wrap:$lt:A_SIGNED=1:A_WIDTH=2:B_SIGNED=1:B_WIDTH=3:Y_WIDTH=1:394426c56d1a028ba8fdd5469b163e04011def47.
Using template $extern:wrap:$lt:A_SIGNED=1:A_WIDTH=2:B_SIGNED=1:B_WIDTH=3:Y_WIDTH=1:394426c56d1a028ba8fdd5469b163e04011def47 for cells of type $extern:wrap:$lt:A_SIGNED=1:A_WIDTH=2:B_SIGNED=1:B_WIDTH=3:Y_WIDTH=1:394426c56d1a028ba8fdd5469b163e04011def47.
Running "alumacc" on wrapper $extern:wrap:$ge:A_SIGNED=1:A_WIDTH=2:B_SIGNED=1:B_WIDTH=1:Y_WIDTH=1:394426c56d1a028ba8fdd5469b163e04011def47.
Using template $extern:wrap:$ge:A_SIGNED=1:A_WIDTH=2:B_SIGNED=1:B_WIDTH=1:Y_WIDTH=1:394426c56d1a028ba8fdd5469b163e04011def47 for cells of type $extern:wrap:$ge:A_SIGNED=1:A_WIDTH=2:B_SIGNED=1:B_WIDTH=1:Y_WIDTH=1:394426c56d1a028ba8fdd5469b163e04011def47.
Using template $paramod$824a2ca00d29d886599434cf8ea60471635f2955\_90_demux for cells of type $demux.
Using template $paramod$97565c3687be688407d1272a293bd9d0ae6852dc\_90_demux for cells of type $demux.
Running "alumacc" on wrapper $extern:wrap:$lt:A_SIGNED=1:A_WIDTH=4:B_SIGNED=1:B_WIDTH=1:Y_WIDTH=1:394426c56d1a028ba8fdd5469b163e04011def47.
Using template $extern:wrap:$lt:A_SIGNED=1:A_WIDTH=4:B_SIGNED=1:B_WIDTH=1:Y_WIDTH=1:394426c56d1a028ba8fdd5469b163e04011def47 for cells of type $extern:wrap:$lt:A_SIGNED=1:A_WIDTH=4:B_SIGNED=1:B_WIDTH=1:Y_WIDTH=1:394426c56d1a028ba8fdd5469b163e04011def47.
Using template $paramod$d629d85c8826a74239b9178d1930215a43b0ceb0\_90_demux for cells of type $demux.
Running "alumacc" on wrapper $extern:wrap:$add:A_SIGNED=0:A_WIDTH=3:B_SIGNED=0:B_WIDTH=3:Y_WIDTH=3:394426c56d1a028ba8fdd5469b163e04011def47.
Using template $extern:wrap:$add:A_SIGNED=0:A_WIDTH=3:B_SIGNED=0:B_WIDTH=3:Y_WIDTH=3:394426c56d1a028ba8fdd5469b163e04011def47 for cells of type $extern:wrap:$add:A_SIGNED=0:A_WIDTH=3:B_SIGNED=0:B_WIDTH=3:Y_WIDTH=3:394426c56d1a028ba8fdd5469b163e04011def47.
Running "alumacc" on wrapper $extern:wrap:$sub:A_SIGNED=0:A_WIDTH=3:B_SIGNED=0:B_WIDTH=3:Y_WIDTH=3:394426c56d1a028ba8fdd5469b163e04011def47.
Using template $extern:wrap:$sub:A_SIGNED=0:A_WIDTH=3:B_SIGNED=0:B_WIDTH=3:Y_WIDTH=3:394426c56d1a028ba8fdd5469b163e04011def47 for cells of type $extern:wrap:$sub:A_SIGNED=0:A_WIDTH=3:B_SIGNED=0:B_WIDTH=3:Y_WIDTH=3:394426c56d1a028ba8fdd5469b163e04011def47.
Running "alumacc" on wrapper $extern:wrap:$sub:A_SIGNED=0:A_WIDTH=8:B_SIGNED=0:B_WIDTH=8:Y_WIDTH=8:394426c56d1a028ba8fdd5469b163e04011def47.
Using template $extern:wrap:$sub:A_SIGNED=0:A_WIDTH=8:B_SIGNED=0:B_WIDTH=8:Y_WIDTH=8:394426c56d1a028ba8fdd5469b163e04011def47 for cells of type $extern:wrap:$sub:A_SIGNED=0:A_WIDTH=8:B_SIGNED=0:B_WIDTH=8:Y_WIDTH=8:394426c56d1a028ba8fdd5469b163e04011def47.
Using template $paramod$constmap:048f8a801c01c4023e85f2d0ca3ff10e741d9d07$paramod$56955d0f36f77738c952d3505dc563df3ee11b94\_90_shift_ops_shr_shl_sshl_sshr for cells of type $shr.
Running "alumacc" on wrapper $extern:wrap:$add:A_SIGNED=0:A_WIDTH=33:B_SIGNED=0:B_WIDTH=33:Y_WIDTH=33:394426c56d1a028ba8fdd5469b163e04011def47.
Using template $extern:wrap:$add:A_SIGNED=0:A_WIDTH=33:B_SIGNED=0:B_WIDTH=33:Y_WIDTH=33:394426c56d1a028ba8fdd5469b163e04011def47 for cells of type $extern:wrap:$add:A_SIGNED=0:A_WIDTH=33:B_SIGNED=0:B_WIDTH=33:Y_WIDTH=33:394426c56d1a028ba8fdd5469b163e04011def47.
Running "alumacc" on wrapper $extern:wrap:$sub:A_SIGNED=0:A_WIDTH=32:B_SIGNED=0:B_WIDTH=32:Y_WIDTH=32:394426c56d1a028ba8fdd5469b163e04011def47.
Using template $extern:wrap:$sub:A_SIGNED=0:A_WIDTH=32:B_SIGNED=0:B_WIDTH=32:Y_WIDTH=32:394426c56d1a028ba8fdd5469b163e04011def47 for cells of type $extern:wrap:$sub:A_SIGNED=0:A_WIDTH=32:B_SIGNED=0:B_WIDTH=32:Y_WIDTH=32:394426c56d1a028ba8fdd5469b163e04011def47.
Using template $paramod$constmap:4621fcf06a436d1e2a4080e2ed9866a7d07a6e07$paramod$335cfd09f1afa8139c4aafcbbe5f361887b79c5e\_90_shift_ops_shr_shl_sshl_sshr for cells of type $shl.
Using extmapper simplemap for cells of type $xor.
Using template $paramod$constmap:4621fcf06a436d1e2a4080e2ed9866a7d07a6e07$paramod$feecc7a0dbd012970970f2858f15e786e251f677\_90_shift_ops_shr_shl_sshl_sshr for cells of type $shr.
Using template $paramod$constmap:4621fcf06a436d1e2a4080e2ed9866a7d07a6e07$paramod$e765c459d3029c22a22a27989e94858fd9ebfa9c\_90_shift_ops_shr_shl_sshl_sshr for cells of type $sshr.
Using extmapper simplemap for cells of type $and.
Running "alumacc" on wrapper $extern:wrap:$lt:A_SIGNED=1:A_WIDTH=32:B_SIGNED=1:B_WIDTH=32:Y_WIDTH=1:394426c56d1a028ba8fdd5469b163e04011def47.
Using template $extern:wrap:$lt:A_SIGNED=1:A_WIDTH=32:B_SIGNED=1:B_WIDTH=32:Y_WIDTH=1:394426c56d1a028ba8fdd5469b163e04011def47 for cells of type $extern:wrap:$lt:A_SIGNED=1:A_WIDTH=32:B_SIGNED=1:B_WIDTH=32:Y_WIDTH=1:394426c56d1a028ba8fdd5469b163e04011def47.
Running "alumacc" on wrapper $extern:wrap:$ge:A_SIGNED=1:A_WIDTH=32:B_SIGNED=1:B_WIDTH=32:Y_WIDTH=1:394426c56d1a028ba8fdd5469b163e04011def47.
Using template $extern:wrap:$ge:A_SIGNED=1:A_WIDTH=32:B_SIGNED=1:B_WIDTH=32:Y_WIDTH=1:394426c56d1a028ba8fdd5469b163e04011def47 for cells of type $extern:wrap:$ge:A_SIGNED=1:A_WIDTH=32:B_SIGNED=1:B_WIDTH=32:Y_WIDTH=1:394426c56d1a028ba8fdd5469b163e04011def47.
Running "alumacc" on wrapper $extern:wrap:$lt:A_SIGNED=0:A_WIDTH=32:B_SIGNED=0:B_WIDTH=32:Y_WIDTH=1:394426c56d1a028ba8fdd5469b163e04011def47.
Using template $extern:wrap:$lt:A_SIGNED=0:A_WIDTH=32:B_SIGNED=0:B_WIDTH=32:Y_WIDTH=1:394426c56d1a028ba8fdd5469b163e04011def47 for cells of type $extern:wrap:$lt:A_SIGNED=0:A_WIDTH=32:B_SIGNED=0:B_WIDTH=32:Y_WIDTH=1:394426c56d1a028ba8fdd5469b163e04011def47.
Using template $paramod$constmap:fa72f2fa2d8e0a8dc7f2456c4471d86efb473098$paramod$dce7c1188cb25d2520d170426d59301c3b73f9e7\_90_shift_ops_shr_shl_sshl_sshr for cells of type $shl.
Analyzing pattern of constant bits for this cell:
  Constant input on bit 16 of port A: 1'0
  Constant input on bit 17 of port A: 1'0
  Constant input on bit 18 of port A: 1'0
  Constant input on bit 19 of port A: 1'0
  Constant input on bit 20 of port A: 1'0
  Constant input on bit 21 of port A: 1'0
  Constant input on bit 22 of port A: 1'0
  Constant input on bit 23 of port A: 1'0
  Constant input on bit 24 of port A: 1'0
  Constant input on bit 25 of port A: 1'0
  Constant input on bit 26 of port A: 1'0
  Constant input on bit 27 of port A: 1'0
  Constant input on bit 28 of port A: 1'0
  Constant input on bit 29 of port A: 1'0
  Constant input on bit 30 of port A: 1'0
  Constant input on bit 31 of port A: 1'0
  Constant input on bit 0 of port B: 1'0
  Constant input on bit 1 of port B: 1'0
  Constant input on bit 2 of port B: 1'0
  Constant input on bit 5 of port B: 1'0
  Constant input on bit 6 of port B: 1'0
  Constant input on bit 7 of port B: 1'0
  Constant input on bit 8 of port B: 1'0
  Constant input on bit 9 of port B: 1'0
  Constant input on bit 10 of port B: 1'0
  Constant input on bit 11 of port B: 1'0
  Constant input on bit 12 of port B: 1'0
  Constant input on bit 13 of port B: 1'0
  Constant input on bit 14 of port B: 1'0
  Constant input on bit 15 of port B: 1'0
  Constant input on bit 16 of port B: 1'0
  Constant input on bit 17 of port B: 1'0
  Constant input on bit 18 of port B: 1'0
  Constant input on bit 19 of port B: 1'0
  Constant input on bit 20 of port B: 1'0
  Constant input on bit 21 of port B: 1'0
  Constant input on bit 22 of port B: 1'0
  Constant input on bit 23 of port B: 1'0
  Constant input on bit 24 of port B: 1'0
  Constant input on bit 25 of port B: 1'0
  Constant input on bit 26 of port B: 1'0
  Constant input on bit 27 of port B: 1'0
  Constant input on bit 28 of port B: 1'0
  Constant input on bit 29 of port B: 1'0
  Constant input on bit 30 of port B: 1'0
  Constant input on bit 31 of port B: 1'0
Creating constmapped module `$paramod$constmap:0190c7700144f24d8faa1380e4dd7cdf617a6319$paramod$dce7c1188cb25d2520d170426d59301c3b73f9e7\_90_shift_ops_shr_shl_sshl_sshr'.

6.96. Executing OPT_MUXTREE pass (detect dead branches in mux trees).
Running muxtree optimizer on module $paramod$constmap:0190c7700144f24d8faa1380e4dd7cdf617a6319$paramod$dce7c1188cb25d2520d170426d59301c3b73f9e7\_90_shift_ops_shr_shl_sshl_sshr..
  Creating internal representation of mux trees.
  No muxes found in this module.
Removed 0 multiplexer ports.
<suppressed ~6282 debug messages>

6.97. Executing OPT_EXPR pass (perform const folding).
Optimizing module $paramod$constmap:0190c7700144f24d8faa1380e4dd7cdf617a6319$paramod$dce7c1188cb25d2520d170426d59301c3b73f9e7\_90_shift_ops_shr_shl_sshl_sshr.
<suppressed ~385 debug messages>
Removed 0 unused cells and 20 unused wires.
Using template $paramod$constmap:0190c7700144f24d8faa1380e4dd7cdf617a6319$paramod$dce7c1188cb25d2520d170426d59301c3b73f9e7\_90_shift_ops_shr_shl_sshl_sshr for cells of type $shl.
Analyzing pattern of constant bits for this cell:
  Constant input on bit 0 of port B: 1'0
  Constant input on bit 1 of port B: 1'0
  Constant input on bit 2 of port B: 1'0
  Constant input on bit 5 of port B: 1'0
  Constant input on bit 6 of port B: 1'0
  Constant input on bit 7 of port B: 1'0
  Constant input on bit 8 of port B: 1'0
  Constant input on bit 9 of port B: 1'0
  Constant input on bit 10 of port B: 1'0
  Constant input on bit 11 of port B: 1'0
  Constant input on bit 12 of port B: 1'0
  Constant input on bit 13 of port B: 1'0
  Constant input on bit 14 of port B: 1'0
  Constant input on bit 15 of port B: 1'0
  Constant input on bit 16 of port B: 1'0
  Constant input on bit 17 of port B: 1'0
  Constant input on bit 18 of port B: 1'0
  Constant input on bit 19 of port B: 1'0
  Constant input on bit 20 of port B: 1'0
  Constant input on bit 21 of port B: 1'0
  Constant input on bit 22 of port B: 1'0
  Constant input on bit 23 of port B: 1'0
  Constant input on bit 24 of port B: 1'0
  Constant input on bit 25 of port B: 1'0
  Constant input on bit 26 of port B: 1'0
  Constant input on bit 27 of port B: 1'0
  Constant input on bit 28 of port B: 1'0
  Constant input on bit 29 of port B: 1'0
  Constant input on bit 30 of port B: 1'0
  Constant input on bit 31 of port B: 1'0
Creating constmapped module `$paramod$constmap:048f8a801c01c4023e85f2d0ca3ff10e741d9d07$paramod$dce7c1188cb25d2520d170426d59301c3b73f9e7\_90_shift_ops_shr_shl_sshl_sshr'.

6.98. Executing OPT_MUXTREE pass (detect dead branches in mux trees).
Running muxtree optimizer on module $paramod$constmap:048f8a801c01c4023e85f2d0ca3ff10e741d9d07$paramod$dce7c1188cb25d2520d170426d59301c3b73f9e7\_90_shift_ops_shr_shl_sshl_sshr..
  Creating internal representation of mux trees.
  No muxes found in this module.
Removed 0 multiplexer ports.
<suppressed ~1 debug messages>

6.99. Executing OPT_EXPR pass (perform const folding).
Optimizing module $paramod$constmap:048f8a801c01c4023e85f2d0ca3ff10e741d9d07$paramod$dce7c1188cb25d2520d170426d59301c3b73f9e7\_90_shift_ops_shr_shl_sshl_sshr.
<suppressed ~377 debug messages>
Removed 0 unused cells and 20 unused wires.
Using template $paramod$constmap:048f8a801c01c4023e85f2d0ca3ff10e741d9d07$paramod$dce7c1188cb25d2520d170426d59301c3b73f9e7\_90_shift_ops_shr_shl_sshl_sshr for cells of type $shl.
Using template $paramod$constmap:6f839b88a62e7966712adf872dbe4c4a5cbcd49f$paramod$7b0bb309dce042ecaf2e0bfa495da988fc49fdf1\_90_shift_ops_shr_shl_sshl_sshr for cells of type $shl.
Analyzing pattern of constant bits for this cell:
  Constant input on bit 0 of port A: 1'1
  Constant input on bit 1 of port A: 1'1
  Constant input on bit 2 of port A: 1'0
  Constant input on bit 3 of port A: 1'0
Creating constmapped module `$paramod$constmap:e3a1e2f7f10cbec2a7b26551c723f78bdec761f9$paramod$7b0bb309dce042ecaf2e0bfa495da988fc49fdf1\_90_shift_ops_shr_shl_sshl_sshr'.

6.105. Executing OPT_MUXTREE pass (detect dead branches in mux trees).
Running muxtree optimizer on module $paramod$constmap:e3a1e2f7f10cbec2a7b26551c723f78bdec761f9$paramod$7b0bb309dce042ecaf2e0bfa495da988fc49fdf1\_90_shift_ops_shr_shl_sshl_sshr..
  Creating internal representation of mux trees.
  No muxes found in this module.
Removed 0 multiplexer ports.
<suppressed ~132 debug messages>

6.106. Executing OPT_EXPR pass (perform const folding).
Optimizing module $paramod$constmap:e3a1e2f7f10cbec2a7b26551c723f78bdec761f9$paramod$7b0bb309dce042ecaf2e0bfa495da988fc49fdf1\_90_shift_ops_shr_shl_sshl_sshr.
<suppressed ~12 debug messages>
Removed 0 unused cells and 7 unused wires.
Using template $paramod$constmap:e3a1e2f7f10cbec2a7b26551c723f78bdec761f9$paramod$7b0bb309dce042ecaf2e0bfa495da988fc49fdf1\_90_shift_ops_shr_shl_sshl_sshr for cells of type $shl.
Analyzing pattern of constant bits for this cell:
  Constant input on bit 0 of port A: 1'1
  Constant input on bit 1 of port A: 1'1
  Constant input on bit 2 of port A: 1'1
  Constant input on bit 3 of port A: 1'1
Creating constmapped module `$paramod$constmap:eaab8ad93248122125e72c86b2516b282c336b13$paramod$7b0bb309dce042ecaf2e0bfa495da988fc49fdf1\_90_shift_ops_shr_shl_sshl_sshr'.

6.107. Executing OPT_MUXTREE pass (detect dead branches in mux trees).
Running muxtree optimizer on module $paramod$constmap:eaab8ad93248122125e72c86b2516b282c336b13$paramod$7b0bb309dce042ecaf2e0bfa495da988fc49fdf1\_90_shift_ops_shr_shl_sshl_sshr..
  Creating internal representation of mux trees.
  No muxes found in this module.
Removed 0 multiplexer ports.
<suppressed ~1 debug messages>

6.108. Executing OPT_EXPR pass (perform const folding).
Optimizing module $paramod$constmap:eaab8ad93248122125e72c86b2516b282c336b13$paramod$7b0bb309dce042ecaf2e0bfa495da988fc49fdf1\_90_shift_ops_shr_shl_sshl_sshr.
<suppressed ~12 debug messages>
Removed 0 unused cells and 7 unused wires.
Using template $paramod$constmap:eaab8ad93248122125e72c86b2516b282c336b13$paramod$7b0bb309dce042ecaf2e0bfa495da988fc49fdf1\_90_shift_ops_shr_shl_sshl_sshr for cells of type $shl.
Using template $paramod$f26ca221981c0d3590c9da23b239949ecead170f\_90_pmux for cells of type $pmux.
Using template $paramod$8fabc56b80a569262acfc42757a02ca0b8e91278\_90_pmux for cells of type $pmux.
Using template $paramod$5a6f3fedab454736e8ecd4fc56159f9859cd2cfb\_90_demux for cells of type $demux.
Using template $paramod$54d740639e1393b22262823179ff783ea9f17a35\_90_demux for cells of type $demux.
Using template $paramod$771778cdf7e4f27529fd66907348ecefe7bfe75e\_90_demux for cells of type $demux.
Using template $paramod$constmap:6bc75237a20013d14d513164b92eec311541bcc7$paramod$6db865ea84fd25c6988c0e9acf72dbfc6293d0ab\_90_shift_shiftx for cells of type $shiftx.
Using template $paramod$constmap:f0430bc62a9c694ebd5ac52f23dfab8bfd6cdbbe$paramod$5233e549d56548f27fe971d6e46c609851dfaf89\_90_shift_shiftx for cells of type $shift.
Running "alumacc" on wrapper $extern:wrap:$neg:A_SIGNED=1:A_WIDTH=33:Y_WIDTH=34:394426c56d1a028ba8fdd5469b163e04011def47.
Using template $extern:wrap:$neg:A_SIGNED=1:A_WIDTH=33:Y_WIDTH=34:394426c56d1a028ba8fdd5469b163e04011def47 for cells of type $extern:wrap:$neg:A_SIGNED=1:A_WIDTH=33:Y_WIDTH=34:394426c56d1a028ba8fdd5469b163e04011def47.
Using template $paramod$constmap:6ff01713881e3cf2ca9f4aeac8fc3e05b45b1546$paramod$45e63825cf1d20780fb0d649ac22162989197ce8\_90_shift_shiftx for cells of type $shiftx.
Running "alumacc" on wrapper $extern:wrap:$ge:A_SIGNED=0:A_WIDTH=64:B_SIGNED=0:B_WIDTH=64:Y_WIDTH=1:394426c56d1a028ba8fdd5469b163e04011def47.
Using template $extern:wrap:$ge:A_SIGNED=0:A_WIDTH=64:B_SIGNED=0:B_WIDTH=64:Y_WIDTH=1:394426c56d1a028ba8fdd5469b163e04011def47 for cells of type $extern:wrap:$ge:A_SIGNED=0:A_WIDTH=64:B_SIGNED=0:B_WIDTH=64:Y_WIDTH=1:394426c56d1a028ba8fdd5469b163e04011def47.
Running "alumacc" on wrapper $extern:wrap:$add:A_SIGNED=0:A_WIDTH=8:B_SIGNED=0:B_WIDTH=8:Y_WIDTH=8:394426c56d1a028ba8fdd5469b163e04011def47.
Using template $extern:wrap:$add:A_SIGNED=0:A_WIDTH=8:B_SIGNED=0:B_WIDTH=8:Y_WIDTH=8:394426c56d1a028ba8fdd5469b163e04011def47 for cells of type $extern:wrap:$add:A_SIGNED=0:A_WIDTH=8:B_SIGNED=0:B_WIDTH=8:Y_WIDTH=8:394426c56d1a028ba8fdd5469b163e04011def47.
Running "alumacc" on wrapper $extern:wrap:$add:A_SIGNED=0:A_WIDTH=64:B_SIGNED=0:B_WIDTH=64:Y_WIDTH=64:394426c56d1a028ba8fdd5469b163e04011def47.
Using template $extern:wrap:$add:A_SIGNED=0:A_WIDTH=64:B_SIGNED=0:B_WIDTH=64:Y_WIDTH=64:394426c56d1a028ba8fdd5469b163e04011def47 for cells of type $extern:wrap:$add:A_SIGNED=0:A_WIDTH=64:B_SIGNED=0:B_WIDTH=64:Y_WIDTH=64:394426c56d1a028ba8fdd5469b163e04011def47.
Running "alumacc" on wrapper $extern:wrap:$add:A_SIGNED=0:A_WIDTH=7:B_SIGNED=0:B_WIDTH=7:Y_WIDTH=7:394426c56d1a028ba8fdd5469b163e04011def47.
Using template $extern:wrap:$add:A_SIGNED=0:A_WIDTH=7:B_SIGNED=0:B_WIDTH=7:Y_WIDTH=7:394426c56d1a028ba8fdd5469b163e04011def47 for cells of type $extern:wrap:$add:A_SIGNED=0:A_WIDTH=7:B_SIGNED=0:B_WIDTH=7:Y_WIDTH=7:394426c56d1a028ba8fdd5469b163e04011def47.
Using template $paramod$fedb90247e1daaa8b0af86a595f377181f141d27\_90_pmux for cells of type $pmux.
Using template $paramod$c5c783b17ab1d780abfad8cfe6563a0a7b47a3b0\_90_pmux for cells of type $pmux.
Using template $paramod$d629d85c8826a74239b9178d1930215a43b0ceb0\_90_pmux for cells of type $pmux.
Using template $paramod$b098bc6f249c0ac91c4d6e19d54b23c285914115\_90_pmux for cells of type $pmux.
Using template $paramod$56f7ce6d87f8add68ca646dc02d7695a3189f8e5\_90_pmux for cells of type $pmux.
Using template $paramod$97565c3687be688407d1272a293bd9d0ae6852dc\_90_pmux for cells of type $pmux.
Using template $paramod$f425a7ab14c75cef351789eac5838d368ae2893f\_90_pmux for cells of type $pmux.
Using template $paramod$20d3ee62d72123142eb855d7ddafd835e31ba009\_90_pmux for cells of type $pmux.
Using template $paramod$59b03ae2620a41577de8da5f5c97b2919e82362b\_90_pmux for cells of type $pmux.
Using template $paramod$fc85a169943754933a5c5cb33f9623594f40697c\_90_pmux for cells of type $pmux.
Using template $paramod$0e0051568375348277517457a77d9a6514e45e4f\_90_pmux for cells of type $pmux.
Using template $paramod$54d740639e1393b22262823179ff783ea9f17a35\_90_pmux for cells of type $pmux.
Using template $paramod$eaeb96106163dbf82031649d189817109fe07c69\_90_pmux for cells of type $pmux.
Using template $paramod$ed6389a5938b09f91843a91d67becca5abedb1bd\_90_pmux for cells of type $pmux.
Using template $paramod$521ce43182eecb9f60c72393a788160d2c356bf5\_90_pmux for cells of type $pmux.
Using template $paramod$32e7c4d6f92ff4337599ece53082d2e88a82a9f2\_90_pmux for cells of type $pmux.
Using template $paramod$bf2533632d512eac76dd186c0da49367e29b8e98\_90_pmux for cells of type $pmux.
Using template $paramod$85df5dc01c7df96a7d8e5f1fdf76ce9ac452af63\_90_pmux for cells of type $pmux.
Using template $paramod$57f63e8a3282e053be0430389b09fa050ac7dca0\_90_pmux for cells of type $pmux.
Using template $paramod$b6ec48645094baeb70d6b93add0cdbbe7498ad3c\_90_pmux for cells of type $pmux.
Using template $paramod$eb7b5fa594d21f32e2ff3bd05b81752f0f326d5f\_90_pmux for cells of type $pmux.
Using template $paramod$a285b5a57fe61eabc57c91b8c412748ee1151a85\_90_pmux for cells of type $pmux.
Using template $paramod$54a4503cc57b9df40b70c1899504d6aac2650719\_90_pmux for cells of type $pmux.
Using template $paramod$068ad458e7761d78e5eed8238508872e7b0aef95\_90_pmux for cells of type $pmux.
Using template $paramod$dbcdc7e8aa1a4080cea2deda6fdc8772064f4d90\_90_alu for cells of type $alu.
Using template $paramod$039520c137afc9cd69dd56c3fb11a4e1fbe5f664\_90_alu for cells of type $alu.
Using template $paramod$a1bc51c02ce12ac21eb18988e83292af48ed7d72\_90_alu for cells of type $alu.
Using template $paramod$418b96f4892c9e1a6a74526184651c8ae040d0c0\_90_alu for cells of type $alu.
Using template $paramod$fbc7873bff55778c0b3173955b7e4bce1d9d6834\_90_alu for cells of type $alu.
Using template $paramod$7e708ae28ab761f11d0fb59d3ffc72f6a4baf5d9\_90_alu for cells of type $alu.
Using extmapper maccmap for cells of type $macc_v2.
  sub { 26'00000000000000000000000000 \u_core.u_data_mem.gen_dcache.u_dcache.u_miss_unit.victim_word_index_q 5'00000 } (33 bits, signed)
Using template $paramod$78e969f2586efcf3a5b0b0440bcca0db83d5cca2\_90_alu for cells of type $alu.
Using template $paramod$fc972a7a46956c1788f3cb5257b53c8f1df2d0cc\_90_alu for cells of type $alu.
Using template $paramod$3ad780052c8d7f52b6e2a0b088aa768e2012a82a\_90_alu for cells of type $alu.
Using template $paramod$63301a5e78ceb1f2c17a4ac1894f292ed5701c1f\_90_demux for cells of type $demux.
Using extmapper simplemap for cells of type $pos.
Using template $paramod$82dbbf18339f9c177cf323a2d12653b430c46f4d\_90_alu for cells of type $alu.
Using template $paramod$2c9795466ceb6b91408eadf69074866dd8c6c76c\_90_alu for cells of type $alu.
Using template $paramod$c262a9eba992bd375aee69244ae82bb2c8f55fe5\_90_alu for cells of type $alu.
Using template $paramod$619a7e60d42ca0996ea4b1b41bb5412f6a52141d\_90_alu for cells of type $alu.
Using template $paramod$af987c41eb15cea3e227fb6b88cf36e74f01ad31\_90_alu for cells of type $alu.
Using template $paramod$2653f68ddb8eab7b1907b4a20767b72a824a7a36\_90_alu for cells of type $alu.
Using template $paramod$cc6a978c1b57cdb49efcec348c88d8e28bf1a01f\_90_alu for cells of type $alu.
Using template $paramod$f47943a1f8520b2e9fab25220c0025f020e7013b\_90_alu for cells of type $alu.
Using template $paramod$ec1df30a75a6f571ba98538220df9024281fe2ee\_90_alu for cells of type $alu.
Using template $paramod$dbef6e48cd28208af1b77a9bd7dfc80580f16131\_90_alu for cells of type $alu.
Using template $paramod\_90_fa\WIDTH=32'00000000000000000000000000000010 for cells of type $fa.
Using template $paramod\_90_lcu_brent_kung\WIDTH=32'00000000000000000000000000000010 for cells of type $lcu.
Using template $paramod\_90_fa\WIDTH=32'00000000000000000000000000100000 for cells of type $fa.
Using template $paramod\_90_lcu_brent_kung\WIDTH=32'00000000000000000000000000100000 for cells of type $lcu.
Using template $paramod\_90_fa\WIDTH=32'00000000000000000000000000000001 for cells of type $fa.
Using template $paramod\_90_lcu_brent_kung\WIDTH=32'00000000000000000000000000000001 for cells of type $lcu.
Using template $paramod\_90_fa\WIDTH=32'00000000000000000000000000000101 for cells of type $fa.
Using template $paramod\_90_lcu_brent_kung\WIDTH=32'00000000000000000000000000000101 for cells of type $lcu.
Using template $paramod\_90_fa\WIDTH=32'00000000000000000000000000000011 for cells of type $fa.
Using template $paramod\_90_lcu_brent_kung\WIDTH=32'00000000000000000000000000000011 for cells of type $lcu.
Using template $paramod\_90_fa\WIDTH=32'00000000000000000000000000000100 for cells of type $fa.
Using template $paramod\_90_lcu_brent_kung\WIDTH=32'00000000000000000000000000000100 for cells of type $lcu.
Using template $paramod\_90_fa\WIDTH=32'00000000000000000000000000001000 for cells of type $fa.
Using template $paramod\_90_lcu_brent_kung\WIDTH=32'00000000000000000000000000001000 for cells of type $lcu.
Using template $paramod\_90_fa\WIDTH=32'00000000000000000000000000100001 for cells of type $fa.
Using template $paramod\_90_lcu_brent_kung\WIDTH=32'00000000000000000000000000100001 for cells of type $lcu.
Using template $paramod\_90_fa\WIDTH=32'00000000000000000000000001000000 for cells of type $fa.
Using template $paramod\_90_lcu_brent_kung\WIDTH=32'00000000000000000000000001000000 for cells of type $lcu.
Using template $paramod\_90_fa\WIDTH=32'00000000000000000000000000000111 for cells of type $fa.
Using template $paramod\_90_lcu_brent_kung\WIDTH=32'00000000000000000000000000000111 for cells of type $lcu.
Using template $paramod\_90_fa\WIDTH=32'00000000000000000000000000100010 for cells of type $fa.
Using template $paramod\_90_lcu_brent_kung\WIDTH=32'00000000000000000000000000100010 for cells of type $lcu.
No more expansions possible.
<suppressed ~29428 debug messages>

7. Executing OPT pass (performing simple optimizations).

7.1. Executing OPT_EXPR pass (perform const folding).
Optimizing module riscv32_npc_system.
<suppressed ~66298 debug messages>

7.2. Executing OPT_MERGE pass (detect identical cells).
Finding identical cells in module `\riscv32_npc_system'.
<suppressed ~56103 debug messages>
Removed a total of 18701 cells.

7.3. Executing OPT_MUXTREE pass (detect dead branches in mux trees).
Running muxtree optimizer on module \riscv32_npc_system..
  Creating internal representation of mux trees.
  No muxes found in this module.
Removed 0 multiplexer ports.

7.4. Executing OPT_REDUCE pass (consolidate $*mux and $reduce_* inputs).
  Optimizing cells in module \riscv32_npc_system.
Performed a total of 0 changes.

7.5. Executing OPT_MERGE pass (detect identical cells).
Finding identical cells in module `\riscv32_npc_system'.
Removed a total of 0 cells.

7.6. Executing OPT_DFF pass (perform DFF optimizations).
Adding EN signal on $auto$ff.cc:337:slice$23550 ($_DFFE_PN0P_) from module riscv32_npc_system (D = \u_core.u_branch_predictor.u_bht.training_counter_next [1], Q = \u_core.u_branch_predictor.u_bht.counter_array_q [31]).
Adding EN signal on $auto$ff.cc:337:slice$23552 ($_DFFE_PN0P_) from module riscv32_npc_system (D = \u_core.u_branch_predictor.u_bht.training_counter_next [1], Q = \u_core.u_branch_predictor.u_bht.counter_array_q [11]).
Adding EN signal on $auto$ff.cc:337:slice$23554 ($_DFFE_PN0P_) from module riscv32_npc_system (D = \u_core.u_branch_predictor.u_bht.training_counter_next [1], Q = \u_core.u_branch_predictor.u_bht.counter_array_q [9]).
Adding EN signal on $auto$ff.cc:337:slice$23556 ($_DFFE_PN0P_) from module riscv32_npc_system (D = \u_core.u_branch_predictor.u_bht.training_counter_next [1], Q = \u_core.u_branch_predictor.u_bht.counter_array_q [7]).
Adding EN signal on $auto$ff.cc:337:slice$23558 ($_DFFE_PN0P_) from module riscv32_npc_system (D = \u_core.u_branch_predictor.u_bht.training_counter_next [1], Q = \u_core.u_branch_predictor.u_bht.counter_array_q [5]).
Adding EN signal on $auto$ff.cc:337:slice$23560 ($_DFFE_PN0P_) from module riscv32_npc_system (D = \u_core.u_branch_predictor.u_bht.training_counter_next [1], Q = \u_core.u_branch_predictor.u_bht.counter_array_q [3]).
Adding EN signal on $auto$ff.cc:337:slice$23562 ($_DFFE_PN0P_) from module riscv32_npc_system (D = \u_core.u_branch_predictor.u_bht.training_counter_next [1], Q = \u_core.u_branch_predictor.u_bht.counter_array_q [1]).
Adding EN signal on $auto$ff.cc:337:slice$23564 ($_DFFE_PN0P_) from module riscv32_npc_system (D = \u_core.u_branch_predictor.u_bht.training_counter_next [1], Q = \u_core.u_branch_predictor.u_bht.counter_array_q [29]).
Adding EN signal on $auto$ff.cc:337:slice$23566 ($_DFFE_PN0P_) from module riscv32_npc_system (D = \u_core.u_branch_predictor.u_bht.training_counter_next [1], Q = \u_core.u_branch_predictor.u_bht.counter_array_q [27]).
Adding EN signal on $auto$ff.cc:337:slice$23568 ($_DFFE_PN0P_) from module riscv32_npc_system (D = \u_core.u_branch_predictor.u_bht.training_counter_next [1], Q = \u_core.u_branch_predictor.u_bht.counter_array_q [25]).
Adding EN signal on $auto$ff.cc:337:slice$23570 ($_DFFE_PN0P_) from module riscv32_npc_system (D = \u_core.u_branch_predictor.u_bht.training_counter_next [1], Q = \u_core.u_branch_predictor.u_bht.counter_array_q [23]).
Adding EN signal on $auto$ff.cc:337:slice$23572 ($_DFFE_PN0P_) from module riscv32_npc_system (D = \u_core.u_branch_predictor.u_bht.training_counter_next [1], Q = \u_core.u_branch_predictor.u_bht.counter_array_q [21]).
Adding EN signal on $auto$ff.cc:337:slice$23574 ($_DFFE_PN0P_) from module riscv32_npc_system (D = \u_core.u_branch_predictor.u_bht.training_counter_next [1], Q = \u_core.u_branch_predictor.u_bht.counter_array_q [19]).
Adding EN signal on $auto$ff.cc:337:slice$23576 ($_DFFE_PN0P_) from module riscv32_npc_system (D = \u_core.u_branch_predictor.u_bht.training_counter_next [1], Q = \u_core.u_branch_predictor.u_bht.counter_array_q [17]).
Adding EN signal on $auto$ff.cc:337:slice$23578 ($_DFFE_PN0P_) from module riscv32_npc_system (D = \u_core.u_branch_predictor.u_bht.training_counter_next [1], Q = \u_core.u_branch_predictor.u_bht.counter_array_q [15]).
Adding EN signal on $auto$ff.cc:337:slice$23580 ($_DFFE_PN0P_) from module riscv32_npc_system (D = \u_core.u_branch_predictor.u_bht.training_counter_next [1], Q = \u_core.u_branch_predictor.u_bht.counter_array_q [13]).
Adding EN signal on $auto$ff.cc:337:slice$23597 ($_DFFE_PN0P_) from module riscv32_npc_system (D = $procmux$4150_Y [7], Q = \u_core.u_branch_predictor.u_btb.replacement_way_array_q [7]).
Adding EN signal on $auto$ff.cc:337:slice$23598 ($_DFFE_PN0P_) from module riscv32_npc_system (D = $procmux$4150_Y [6], Q = \u_core.u_branch_predictor.u_btb.replacement_way_array_q [6]).
Adding EN signal on $auto$ff.cc:337:slice$23599 ($_DFFE_PN0P_) from module riscv32_npc_system (D = $procmux$4150_Y [5], Q = \u_core.u_branch_predictor.u_btb.replacement_way_array_q [5]).
Adding EN signal on $auto$ff.cc:337:slice$23600 ($_DFFE_PN0P_) from module riscv32_npc_system (D = $procmux$4150_Y [4], Q = \u_core.u_branch_predictor.u_btb.replacement_way_array_q [4]).
Adding EN signal on $auto$ff.cc:337:slice$23601 ($_DFFE_PN0P_) from module riscv32_npc_system (D = $procmux$4150_Y [3], Q = \u_core.u_branch_predictor.u_btb.replacement_way_array_q [3]).
Adding EN signal on $auto$ff.cc:337:slice$23602 ($_DFFE_PN0P_) from module riscv32_npc_system (D = $procmux$4150_Y [2], Q = \u_core.u_branch_predictor.u_btb.replacement_way_array_q [2]).
Adding EN signal on $auto$ff.cc:337:slice$23603 ($_DFFE_PN0P_) from module riscv32_npc_system (D = $procmux$4150_Y [1], Q = \u_core.u_branch_predictor.u_btb.replacement_way_array_q [1]).
Adding EN signal on $auto$ff.cc:337:slice$23610 ($_DFFE_PN0P_) from module riscv32_npc_system (D = $procmux$4150_Y [0], Q = \u_core.u_branch_predictor.u_btb.replacement_way_array_q [0]).
Adding EN signal on $auto$ff.cc:337:slice$24148 ($_DFFE_PN0P_) from module riscv32_npc_system (D = $4109y, Q = \u_core.u_data_mem.gen_dcache.u_dcache.replacement_way_index_array_q [7]).
Adding EN signal on $auto$ff.cc:337:slice$24149 ($_DFFE_PN0P_) from module riscv32_npc_system (D = $4109y, Q = \u_core.u_data_mem.gen_dcache.u_dcache.replacement_way_index_array_q [6]).
Adding EN signal on $auto$ff.cc:337:slice$24150 ($_DFFE_PN0P_) from module riscv32_npc_system (D = $4109y, Q = \u_core.u_data_mem.gen_dcache.u_dcache.replacement_way_index_array_q [5]).
Adding EN signal on $auto$ff.cc:337:slice$24151 ($_DFFE_PN0P_) from module riscv32_npc_system (D = $4109y, Q = \u_core.u_data_mem.gen_dcache.u_dcache.replacement_way_index_array_q [4]).
Adding EN signal on $auto$ff.cc:337:slice$24152 ($_DFFE_PN0P_) from module riscv32_npc_system (D = $4109y, Q = \u_core.u_data_mem.gen_dcache.u_dcache.replacement_way_index_array_q [3]).
Adding EN signal on $auto$ff.cc:337:slice$24153 ($_DFFE_PN0P_) from module riscv32_npc_system (D = $4109y, Q = \u_core.u_data_mem.gen_dcache.u_dcache.replacement_way_index_array_q [2]).
Adding EN signal on $auto$ff.cc:337:slice$24154 ($_DFFE_PN0P_) from module riscv32_npc_system (D = $4109y, Q = \u_core.u_data_mem.gen_dcache.u_dcache.replacement_way_index_array_q [1]).
Adding EN signal on $auto$ff.cc:337:slice$24155 ($_DFFE_PN0P_) from module riscv32_npc_system (D = $4109y, Q = \u_core.u_data_mem.gen_dcache.u_dcache.replacement_way_index_array_q [0]).
Adding EN signal on $auto$ff.cc:337:slice$24787 ($_DFFE_PN_) from module riscv32_npc_system (D = $4399y [127], Q = \u_core.u_data_mem.gen_dcache.u_dcache.u_miss_unit.victim_line_data_q [127]).
Adding SRST signal on $auto$ff.cc:337:slice$26404 ($_DFFE_PP_) from module riscv32_npc_system (D = \u_core.u_ex_result_reg.execute_result_q [106], Q = \u_core.u_wb_reg.writeback_result_q [131], rval = 1'0).
Adding EN signal on $auto$ff.cc:337:slice$23549 ($_DFFE_PN1P_) from module riscv32_npc_system (D = \u_core.u_branch_predictor.u_bht.training_counter_next [0], Q = \u_core.u_branch_predictor.u_bht.counter_array_q [30]).
Adding EN signal on $auto$ff.cc:337:slice$23551 ($_DFFE_PN1P_) from module riscv32_npc_system (D = \u_core.u_branch_predictor.u_bht.training_counter_next [0], Q = \u_core.u_branch_predictor.u_bht.counter_array_q [10]).
Adding EN signal on $auto$ff.cc:337:slice$23553 ($_DFFE_PN1P_) from module riscv32_npc_system (D = \u_core.u_branch_predictor.u_bht.training_counter_next [0], Q = \u_core.u_branch_predictor.u_bht.counter_array_q [8]).
Adding EN signal on $auto$ff.cc:337:slice$23555 ($_DFFE_PN1P_) from module riscv32_npc_system (D = \u_core.u_branch_predictor.u_bht.training_counter_next [0], Q = \u_core.u_branch_predictor.u_bht.counter_array_q [6]).
Adding EN signal on $auto$ff.cc:337:slice$23557 ($_DFFE_PN1P_) from module riscv32_npc_system (D = \u_core.u_branch_predictor.u_bht.training_counter_next [0], Q = \u_core.u_branch_predictor.u_bht.counter_array_q [4]).
Adding EN signal on $auto$ff.cc:337:slice$23559 ($_DFFE_PN1P_) from module riscv32_npc_system (D = \u_core.u_branch_predictor.u_bht.training_counter_next [0], Q = \u_core.u_branch_predictor.u_bht.counter_array_q [2]).
Adding EN signal on $auto$ff.cc:337:slice$23561 ($_DFFE_PN1P_) from module riscv32_npc_system (D = \u_core.u_branch_predictor.u_bht.training_counter_next [0], Q = \u_core.u_branch_predictor.u_bht.counter_array_q [0]).
Adding EN signal on $auto$ff.cc:337:slice$23563 ($_DFFE_PN1P_) from module riscv32_npc_system (D = \u_core.u_branch_predictor.u_bht.training_counter_next [0], Q = \u_core.u_branch_predictor.u_bht.counter_array_q [28]).
Adding EN signal on $auto$ff.cc:337:slice$23565 ($_DFFE_PN1P_) from module riscv32_npc_system (D = \u_core.u_branch_predictor.u_bht.training_counter_next [0], Q = \u_core.u_branch_predictor.u_bht.counter_array_q [26]).
Adding EN signal on $auto$ff.cc:337:slice$23567 ($_DFFE_PN1P_) from module riscv32_npc_system (D = \u_core.u_branch_predictor.u_bht.training_counter_next [0], Q = \u_core.u_branch_predictor.u_bht.counter_array_q [24]).
Adding EN signal on $auto$ff.cc:337:slice$23569 ($_DFFE_PN1P_) from module riscv32_npc_system (D = \u_core.u_branch_predictor.u_bht.training_counter_next [0], Q = \u_core.u_branch_predictor.u_bht.counter_array_q [22]).
Adding EN signal on $auto$ff.cc:337:slice$23571 ($_DFFE_PN1P_) from module riscv32_npc_system (D = \u_core.u_branch_predictor.u_bht.training_counter_next [0], Q = \u_core.u_branch_predictor.u_bht.counter_array_q [20]).
Adding EN signal on $auto$ff.cc:337:slice$23573 ($_DFFE_PN1P_) from module riscv32_npc_system (D = \u_core.u_branch_predictor.u_bht.training_counter_next [0], Q = \u_core.u_branch_predictor.u_bht.counter_array_q [18]).
Adding EN signal on $auto$ff.cc:337:slice$23575 ($_DFFE_PN1P_) from module riscv32_npc_system (D = \u_core.u_branch_predictor.u_bht.training_counter_next [0], Q = \u_core.u_branch_predictor.u_bht.counter_array_q [16]).
Adding EN signal on $auto$ff.cc:337:slice$23577 ($_DFFE_PN1P_) from module riscv32_npc_system (D = \u_core.u_branch_predictor.u_bht.training_counter_next [0], Q = \u_core.u_branch_predictor.u_bht.counter_array_q [14]).
Adding EN signal on $auto$ff.cc:337:slice$23579 ($_DFFE_PN1P_) from module riscv32_npc_system (D = \u_core.u_branch_predictor.u_bht.training_counter_next [0], Q = \u_core.u_branch_predictor.u_bht.counter_array_q [12]).
Adding EN signal on $auto$ff.cc:337:slice$24660 ($_DFFE_PN_) from module riscv32_npc_system (D = $4399y [0], Q = \u_core.u_data_mem.gen_dcache.u_dcache.u_miss_unit.victim_line_data_q [0]).
Adding EN signal on $auto$ff.cc:337:slice$24661 ($_DFFE_PN_) from module riscv32_npc_system (D = $4399y [1], Q = \u_core.u_data_mem.gen_dcache.u_dcache.u_miss_unit.victim_line_data_q [1]).
Adding EN signal on $auto$ff.cc:337:slice$24662 ($_DFFE_PN_) from module riscv32_npc_system (D = $4399y [2], Q = \u_core.u_data_mem.gen_dcache.u_dcache.u_miss_unit.victim_line_data_q [2]).
Adding EN signal on $auto$ff.cc:337:slice$24663 ($_DFFE_PN_) from module riscv32_npc_system (D = $4399y [3], Q = \u_core.u_data_mem.gen_dcache.u_dcache.u_miss_unit.victim_line_data_q [3]).
Adding EN signal on $auto$ff.cc:337:slice$24664 ($_DFFE_PN_) from module riscv32_npc_system (D = $4399y [4], Q = \u_core.u_data_mem.gen_dcache.u_dcache.u_miss_unit.victim_line_data_q [4]).
Adding EN signal on $auto$ff.cc:337:slice$24665 ($_DFFE_PN_) from module riscv32_npc_system (D = $4399y [5], Q = \u_core.u_data_mem.gen_dcache.u_dcache.u_miss_unit.victim_line_data_q [5]).
Adding EN signal on $auto$ff.cc:337:slice$24666 ($_DFFE_PN_) from module riscv32_npc_system (D = $4399y [6], Q = \u_core.u_data_mem.gen_dcache.u_dcache.u_miss_unit.victim_line_data_q [6]).
Adding EN signal on $auto$ff.cc:337:slice$24667 ($_DFFE_PN_) from module riscv32_npc_system (D = $4399y [7], Q = \u_core.u_data_mem.gen_dcache.u_dcache.u_miss_unit.victim_line_data_q [7]).
Adding EN signal on $auto$ff.cc:337:slice$24668 ($_DFFE_PN_) from module riscv32_npc_system (D = $4399y [8], Q = \u_core.u_data_mem.gen_dcache.u_dcache.u_miss_unit.victim_line_data_q [8]).
Adding EN signal on $auto$ff.cc:337:slice$24669 ($_DFFE_PN_) from module riscv32_npc_system (D = $4399y [9], Q = \u_core.u_data_mem.gen_dcache.u_dcache.u_miss_unit.victim_line_data_q [9]).
Adding EN signal on $auto$ff.cc:337:slice$24670 ($_DFFE_PN_) from module riscv32_npc_system (D = $4399y [10], Q = \u_core.u_data_mem.gen_dcache.u_dcache.u_miss_unit.victim_line_data_q [10]).
Adding EN signal on $auto$ff.cc:337:slice$24671 ($_DFFE_PN_) from module riscv32_npc_system (D = $4399y [11], Q = \u_core.u_data_mem.gen_dcache.u_dcache.u_miss_unit.victim_line_data_q [11]).
Adding EN signal on $auto$ff.cc:337:slice$24672 ($_DFFE_PN_) from module riscv32_npc_system (D = $4399y [12], Q = \u_core.u_data_mem.gen_dcache.u_dcache.u_miss_unit.victim_line_data_q [12]).
Adding EN signal on $auto$ff.cc:337:slice$24673 ($_DFFE_PN_) from module riscv32_npc_system (D = $4399y [13], Q = \u_core.u_data_mem.gen_dcache.u_dcache.u_miss_unit.victim_line_data_q [13]).
Adding EN signal on $auto$ff.cc:337:slice$24674 ($_DFFE_PN_) from module riscv32_npc_system (D = $4399y [14], Q = \u_core.u_data_mem.gen_dcache.u_dcache.u_miss_unit.victim_line_data_q [14]).
Adding EN signal on $auto$ff.cc:337:slice$24675 ($_DFFE_PN_) from module riscv32_npc_system (D = $4399y [15], Q = \u_core.u_data_mem.gen_dcache.u_dcache.u_miss_unit.victim_line_data_q [15]).
Adding EN signal on $auto$ff.cc:337:slice$24676 ($_DFFE_PN_) from module riscv32_npc_system (D = $4399y [16], Q = \u_core.u_data_mem.gen_dcache.u_dcache.u_miss_unit.victim_line_data_q [16]).
Adding EN signal on $auto$ff.cc:337:slice$24677 ($_DFFE_PN_) from module riscv32_npc_system (D = $4399y [17], Q = \u_core.u_data_mem.gen_dcache.u_dcache.u_miss_unit.victim_line_data_q [17]).
Adding EN signal on $auto$ff.cc:337:slice$24678 ($_DFFE_PN_) from module riscv32_npc_system (D = $4399y [18], Q = \u_core.u_data_mem.gen_dcache.u_dcache.u_miss_unit.victim_line_data_q [18]).
Adding EN signal on $auto$ff.cc:337:slice$24679 ($_DFFE_PN_) from module riscv32_npc_system (D = $4399y [19], Q = \u_core.u_data_mem.gen_dcache.u_dcache.u_miss_unit.victim_line_data_q [19]).
Adding EN signal on $auto$ff.cc:337:slice$24680 ($_DFFE_PN_) from module riscv32_npc_system (D = $4399y [20], Q = \u_core.u_data_mem.gen_dcache.u_dcache.u_miss_unit.victim_line_data_q [20]).
Adding EN signal on $auto$ff.cc:337:slice$24681 ($_DFFE_PN_) from module riscv32_npc_system (D = $4399y [21], Q = \u_core.u_data_mem.gen_dcache.u_dcache.u_miss_unit.victim_line_data_q [21]).
Adding EN signal on $auto$ff.cc:337:slice$24682 ($_DFFE_PN_) from module riscv32_npc_system (D = $4399y [22], Q = \u_core.u_data_mem.gen_dcache.u_dcache.u_miss_unit.victim_line_data_q [22]).
Adding EN signal on $auto$ff.cc:337:slice$24683 ($_DFFE_PN_) from module riscv32_npc_system (D = $4399y [23], Q = \u_core.u_data_mem.gen_dcache.u_dcache.u_miss_unit.victim_line_data_q [23]).
Adding EN signal on $auto$ff.cc:337:slice$24684 ($_DFFE_PN_) from module riscv32_npc_system (D = $4399y [24], Q = \u_core.u_data_mem.gen_dcache.u_dcache.u_miss_unit.victim_line_data_q [24]).
Adding EN signal on $auto$ff.cc:337:slice$24685 ($_DFFE_PN_) from module riscv32_npc_system (D = $4399y [25], Q = \u_core.u_data_mem.gen_dcache.u_dcache.u_miss_unit.victim_line_data_q [25]).
Adding EN signal on $auto$ff.cc:337:slice$24686 ($_DFFE_PN_) from module riscv32_npc_system (D = $4399y [26], Q = \u_core.u_data_mem.gen_dcache.u_dcache.u_miss_unit.victim_line_data_q [26]).
Adding EN signal on $auto$ff.cc:337:slice$24687 ($_DFFE_PN_) from module riscv32_npc_system (D = $4399y [27], Q = \u_core.u_data_mem.gen_dcache.u_dcache.u_miss_unit.victim_line_data_q [27]).
Adding EN signal on $auto$ff.cc:337:slice$24688 ($_DFFE_PN_) from module riscv32_npc_system (D = $4399y [28], Q = \u_core.u_data_mem.gen_dcache.u_dcache.u_miss_unit.victim_line_data_q [28]).
Adding EN signal on $auto$ff.cc:337:slice$24689 ($_DFFE_PN_) from module riscv32_npc_system (D = $4399y [29], Q = \u_core.u_data_mem.gen_dcache.u_dcache.u_miss_unit.victim_line_data_q [29]).
Adding EN signal on $auto$ff.cc:337:slice$24690 ($_DFFE_PN_) from module riscv32_npc_system (D = $4399y [30], Q = \u_core.u_data_mem.gen_dcache.u_dcache.u_miss_unit.victim_line_data_q [30]).
Adding EN signal on $auto$ff.cc:337:slice$24691 ($_DFFE_PN_) from module riscv32_npc_system (D = $4399y [31], Q = \u_core.u_data_mem.gen_dcache.u_dcache.u_miss_unit.victim_line_data_q [31]).
Adding EN signal on $auto$ff.cc:337:slice$24692 ($_DFFE_PN_) from module riscv32_npc_system (D = $4399y [32], Q = \u_core.u_data_mem.gen_dcache.u_dcache.u_miss_unit.victim_line_data_q [32]).
Adding EN signal on $auto$ff.cc:337:slice$24693 ($_DFFE_PN_) from module riscv32_npc_system (D = $4399y [33], Q = \u_core.u_data_mem.gen_dcache.u_dcache.u_miss_unit.victim_line_data_q [33]).
Adding EN signal on $auto$ff.cc:337:slice$24694 ($_DFFE_PN_) from module riscv32_npc_system (D = $4399y [34], Q = \u_core.u_data_mem.gen_dcache.u_dcache.u_miss_unit.victim_line_data_q [34]).
Adding EN signal on $auto$ff.cc:337:slice$24695 ($_DFFE_PN_) from module riscv32_npc_system (D = $4399y [35], Q = \u_core.u_data_mem.gen_dcache.u_dcache.u_miss_unit.victim_line_data_q [35]).
Adding EN signal on $auto$ff.cc:337:slice$24696 ($_DFFE_PN_) from module riscv32_npc_system (D = $4399y [36], Q = \u_core.u_data_mem.gen_dcache.u_dcache.u_miss_unit.victim_line_data_q [36]).
Adding EN signal on $auto$ff.cc:337:slice$24697 ($_DFFE_PN_) from module riscv32_npc_system (D = $4399y [37], Q = \u_core.u_data_mem.gen_dcache.u_dcache.u_miss_unit.victim_line_data_q [37]).
Adding EN signal on $auto$ff.cc:337:slice$24698 ($_DFFE_PN_) from module riscv32_npc_system (D = $4399y [38], Q = \u_core.u_data_mem.gen_dcache.u_dcache.u_miss_unit.victim_line_data_q [38]).
Adding EN signal on $auto$ff.cc:337:slice$24699 ($_DFFE_PN_) from module riscv32_npc_system (D = $4399y [39], Q = \u_core.u_data_mem.gen_dcache.u_dcache.u_miss_unit.victim_line_data_q [39]).
Adding EN signal on $auto$ff.cc:337:slice$24700 ($_DFFE_PN_) from module riscv32_npc_system (D = $4399y [40], Q = \u_core.u_data_mem.gen_dcache.u_dcache.u_miss_unit.victim_line_data_q [40]).
Adding EN signal on $auto$ff.cc:337:slice$24701 ($_DFFE_PN_) from module riscv32_npc_system (D = $4399y [41], Q = \u_core.u_data_mem.gen_dcache.u_dcache.u_miss_unit.victim_line_data_q [41]).
Adding EN signal on $auto$ff.cc:337:slice$24702 ($_DFFE_PN_) from module riscv32_npc_system (D = $4399y [42], Q = \u_core.u_data_mem.gen_dcache.u_dcache.u_miss_unit.victim_line_data_q [42]).
Adding EN signal on $auto$ff.cc:337:slice$24703 ($_DFFE_PN_) from module riscv32_npc_system (D = $4399y [43], Q = \u_core.u_data_mem.gen_dcache.u_dcache.u_miss_unit.victim_line_data_q [43]).
Adding EN signal on $auto$ff.cc:337:slice$24704 ($_DFFE_PN_) from module riscv32_npc_system (D = $4399y [44], Q = \u_core.u_data_mem.gen_dcache.u_dcache.u_miss_unit.victim_line_data_q [44]).
Adding EN signal on $auto$ff.cc:337:slice$24705 ($_DFFE_PN_) from module riscv32_npc_system (D = $4399y [45], Q = \u_core.u_data_mem.gen_dcache.u_dcache.u_miss_unit.victim_line_data_q [45]).
Adding EN signal on $auto$ff.cc:337:slice$24706 ($_DFFE_PN_) from module riscv32_npc_system (D = $4399y [46], Q = \u_core.u_data_mem.gen_dcache.u_dcache.u_miss_unit.victim_line_data_q [46]).
Adding EN signal on $auto$ff.cc:337:slice$24707 ($_DFFE_PN_) from module riscv32_npc_system (D = $4399y [47], Q = \u_core.u_data_mem.gen_dcache.u_dcache.u_miss_unit.victim_line_data_q [47]).
Adding EN signal on $auto$ff.cc:337:slice$24708 ($_DFFE_PN_) from module riscv32_npc_system (D = $4399y [48], Q = \u_core.u_data_mem.gen_dcache.u_dcache.u_miss_unit.victim_line_data_q [48]).
Adding EN signal on $auto$ff.cc:337:slice$24709 ($_DFFE_PN_) from module riscv32_npc_system (D = $4399y [49], Q = \u_core.u_data_mem.gen_dcache.u_dcache.u_miss_unit.victim_line_data_q [49]).
Adding EN signal on $auto$ff.cc:337:slice$24710 ($_DFFE_PN_) from module riscv32_npc_system (D = $4399y [50], Q = \u_core.u_data_mem.gen_dcache.u_dcache.u_miss_unit.victim_line_data_q [50]).
Adding EN signal on $auto$ff.cc:337:slice$24711 ($_DFFE_PN_) from module riscv32_npc_system (D = $4399y [51], Q = \u_core.u_data_mem.gen_dcache.u_dcache.u_miss_unit.victim_line_data_q [51]).
Adding EN signal on $auto$ff.cc:337:slice$24712 ($_DFFE_PN_) from module riscv32_npc_system (D = $4399y [52], Q = \u_core.u_data_mem.gen_dcache.u_dcache.u_miss_unit.victim_line_data_q [52]).
Adding EN signal on $auto$ff.cc:337:slice$24713 ($_DFFE_PN_) from module riscv32_npc_system (D = $4399y [53], Q = \u_core.u_data_mem.gen_dcache.u_dcache.u_miss_unit.victim_line_data_q [53]).
Adding EN signal on $auto$ff.cc:337:slice$24714 ($_DFFE_PN_) from module riscv32_npc_system (D = $4399y [54], Q = \u_core.u_data_mem.gen_dcache.u_dcache.u_miss_unit.victim_line_data_q [54]).
Adding EN signal on $auto$ff.cc:337:slice$24715 ($_DFFE_PN_) from module riscv32_npc_system (D = $4399y [55], Q = \u_core.u_data_mem.gen_dcache.u_dcache.u_miss_unit.victim_line_data_q [55]).
Adding EN signal on $auto$ff.cc:337:slice$24716 ($_DFFE_PN_) from module riscv32_npc_system (D = $4399y [56], Q = \u_core.u_data_mem.gen_dcache.u_dcache.u_miss_unit.victim_line_data_q [56]).
Adding EN signal on $auto$ff.cc:337:slice$24717 ($_DFFE_PN_) from module riscv32_npc_system (D = $4399y [57], Q = \u_core.u_data_mem.gen_dcache.u_dcache.u_miss_unit.victim_line_data_q [57]).
Adding EN signal on $auto$ff.cc:337:slice$24718 ($_DFFE_PN_) from module riscv32_npc_system (D = $4399y [58], Q = \u_core.u_data_mem.gen_dcache.u_dcache.u_miss_unit.victim_line_data_q [58]).
Adding EN signal on $auto$ff.cc:337:slice$24719 ($_DFFE_PN_) from module riscv32_npc_system (D = $4399y [59], Q = \u_core.u_data_mem.gen_dcache.u_dcache.u_miss_unit.victim_line_data_q [59]).
Adding EN signal on $auto$ff.cc:337:slice$24720 ($_DFFE_PN_) from module riscv32_npc_system (D = $4399y [60], Q = \u_core.u_data_mem.gen_dcache.u_dcache.u_miss_unit.victim_line_data_q [60]).
Adding EN signal on $auto$ff.cc:337:slice$24721 ($_DFFE_PN_) from module riscv32_npc_system (D = $4399y [61], Q = \u_core.u_data_mem.gen_dcache.u_dcache.u_miss_unit.victim_line_data_q [61]).
Adding EN signal on $auto$ff.cc:337:slice$24722 ($_DFFE_PN_) from module riscv32_npc_system (D = $4399y [62], Q = \u_core.u_data_mem.gen_dcache.u_dcache.u_miss_unit.victim_line_data_q [62]).
Adding EN signal on $auto$ff.cc:337:slice$24723 ($_DFFE_PN_) from module riscv32_npc_system (D = $4399y [63], Q = \u_core.u_data_mem.gen_dcache.u_dcache.u_miss_unit.victim_line_data_q [63]).
Adding EN signal on $auto$ff.cc:337:slice$24724 ($_DFFE_PN_) from module riscv32_npc_system (D = $4399y [64], Q = \u_core.u_data_mem.gen_dcache.u_dcache.u_miss_unit.victim_line_data_q [64]).
Adding EN signal on $auto$ff.cc:337:slice$24725 ($_DFFE_PN_) from module riscv32_npc_system (D = $4399y [65], Q = \u_core.u_data_mem.gen_dcache.u_dcache.u_miss_unit.victim_line_data_q [65]).
Adding EN signal on $auto$ff.cc:337:slice$24726 ($_DFFE_PN_) from module riscv32_npc_system (D = $4399y [66], Q = \u_core.u_data_mem.gen_dcache.u_dcache.u_miss_unit.victim_line_data_q [66]).
Adding EN signal on $auto$ff.cc:337:slice$24727 ($_DFFE_PN_) from module riscv32_npc_system (D = $4399y [67], Q = \u_core.u_data_mem.gen_dcache.u_dcache.u_miss_unit.victim_line_data_q [67]).
Adding EN signal on $auto$ff.cc:337:slice$24728 ($_DFFE_PN_) from module riscv32_npc_system (D = $4399y [68], Q = \u_core.u_data_mem.gen_dcache.u_dcache.u_miss_unit.victim_line_data_q [68]).
Adding EN signal on $auto$ff.cc:337:slice$24729 ($_DFFE_PN_) from module riscv32_npc_system (D = $4399y [69], Q = \u_core.u_data_mem.gen_dcache.u_dcache.u_miss_unit.victim_line_data_q [69]).
Adding EN signal on $auto$ff.cc:337:slice$24730 ($_DFFE_PN_) from module riscv32_npc_system (D = $4399y [70], Q = \u_core.u_data_mem.gen_dcache.u_dcache.u_miss_unit.victim_line_data_q [70]).
Adding EN signal on $auto$ff.cc:337:slice$24731 ($_DFFE_PN_) from module riscv32_npc_system (D = $4399y [71], Q = \u_core.u_data_mem.gen_dcache.u_dcache.u_miss_unit.victim_line_data_q [71]).
Adding EN signal on $auto$ff.cc:337:slice$24732 ($_DFFE_PN_) from module riscv32_npc_system (D = $4399y [72], Q = \u_core.u_data_mem.gen_dcache.u_dcache.u_miss_unit.victim_line_data_q [72]).
Adding EN signal on $auto$ff.cc:337:slice$24733 ($_DFFE_PN_) from module riscv32_npc_system (D = $4399y [73], Q = \u_core.u_data_mem.gen_dcache.u_dcache.u_miss_unit.victim_line_data_q [73]).
Adding EN signal on $auto$ff.cc:337:slice$24734 ($_DFFE_PN_) from module riscv32_npc_system (D = $4399y [74], Q = \u_core.u_data_mem.gen_dcache.u_dcache.u_miss_unit.victim_line_data_q [74]).
Adding EN signal on $auto$ff.cc:337:slice$24735 ($_DFFE_PN_) from module riscv32_npc_system (D = $4399y [75], Q = \u_core.u_data_mem.gen_dcache.u_dcache.u_miss_unit.victim_line_data_q [75]).
Adding EN signal on $auto$ff.cc:337:slice$24736 ($_DFFE_PN_) from module riscv32_npc_system (D = $4399y [76], Q = \u_core.u_data_mem.gen_dcache.u_dcache.u_miss_unit.victim_line_data_q [76]).
Adding EN signal on $auto$ff.cc:337:slice$24737 ($_DFFE_PN_) from module riscv32_npc_system (D = $4399y [77], Q = \u_core.u_data_mem.gen_dcache.u_dcache.u_miss_unit.victim_line_data_q [77]).
Adding EN signal on $auto$ff.cc:337:slice$24738 ($_DFFE_PN_) from module riscv32_npc_system (D = $4399y [78], Q = \u_core.u_data_mem.gen_dcache.u_dcache.u_miss_unit.victim_line_data_q [78]).
Adding EN signal on $auto$ff.cc:337:slice$24739 ($_DFFE_PN_) from module riscv32_npc_system (D = $4399y [79], Q = \u_core.u_data_mem.gen_dcache.u_dcache.u_miss_unit.victim_line_data_q [79]).
Adding EN signal on $auto$ff.cc:337:slice$24740 ($_DFFE_PN_) from module riscv32_npc_system (D = $4399y [80], Q = \u_core.u_data_mem.gen_dcache.u_dcache.u_miss_unit.victim_line_data_q [80]).
Adding EN signal on $auto$ff.cc:337:slice$24741 ($_DFFE_PN_) from module riscv32_npc_system (D = $4399y [81], Q = \u_core.u_data_mem.gen_dcache.u_dcache.u_miss_unit.victim_line_data_q [81]).
Adding EN signal on $auto$ff.cc:337:slice$24742 ($_DFFE_PN_) from module riscv32_npc_system (D = $4399y [82], Q = \u_core.u_data_mem.gen_dcache.u_dcache.u_miss_unit.victim_line_data_q [82]).
Adding EN signal on $auto$ff.cc:337:slice$24743 ($_DFFE_PN_) from module riscv32_npc_system (D = $4399y [83], Q = \u_core.u_data_mem.gen_dcache.u_dcache.u_miss_unit.victim_line_data_q [83]).
Adding EN signal on $auto$ff.cc:337:slice$24744 ($_DFFE_PN_) from module riscv32_npc_system (D = $4399y [84], Q = \u_core.u_data_mem.gen_dcache.u_dcache.u_miss_unit.victim_line_data_q [84]).
Adding EN signal on $auto$ff.cc:337:slice$24745 ($_DFFE_PN_) from module riscv32_npc_system (D = $4399y [85], Q = \u_core.u_data_mem.gen_dcache.u_dcache.u_miss_unit.victim_line_data_q [85]).
Adding EN signal on $auto$ff.cc:337:slice$24746 ($_DFFE_PN_) from module riscv32_npc_system (D = $4399y [86], Q = \u_core.u_data_mem.gen_dcache.u_dcache.u_miss_unit.victim_line_data_q [86]).
Adding EN signal on $auto$ff.cc:337:slice$24747 ($_DFFE_PN_) from module riscv32_npc_system (D = $4399y [87], Q = \u_core.u_data_mem.gen_dcache.u_dcache.u_miss_unit.victim_line_data_q [87]).
Adding EN signal on $auto$ff.cc:337:slice$24748 ($_DFFE_PN_) from module riscv32_npc_system (D = $4399y [88], Q = \u_core.u_data_mem.gen_dcache.u_dcache.u_miss_unit.victim_line_data_q [88]).
Adding EN signal on $auto$ff.cc:337:slice$24749 ($_DFFE_PN_) from module riscv32_npc_system (D = $4399y [89], Q = \u_core.u_data_mem.gen_dcache.u_dcache.u_miss_unit.victim_line_data_q [89]).
Adding EN signal on $auto$ff.cc:337:slice$24750 ($_DFFE_PN_) from module riscv32_npc_system (D = $4399y [90], Q = \u_core.u_data_mem.gen_dcache.u_dcache.u_miss_unit.victim_line_data_q [90]).
Adding EN signal on $auto$ff.cc:337:slice$24751 ($_DFFE_PN_) from module riscv32_npc_system (D = $4399y [91], Q = \u_core.u_data_mem.gen_dcache.u_dcache.u_miss_unit.victim_line_data_q [91]).
Adding EN signal on $auto$ff.cc:337:slice$24752 ($_DFFE_PN_) from module riscv32_npc_system (D = $4399y [92], Q = \u_core.u_data_mem.gen_dcache.u_dcache.u_miss_unit.victim_line_data_q [92]).
Adding EN signal on $auto$ff.cc:337:slice$24753 ($_DFFE_PN_) from module riscv32_npc_system (D = $4399y [93], Q = \u_core.u_data_mem.gen_dcache.u_dcache.u_miss_unit.victim_line_data_q [93]).
Adding EN signal on $auto$ff.cc:337:slice$24754 ($_DFFE_PN_) from module riscv32_npc_system (D = $4399y [94], Q = \u_core.u_data_mem.gen_dcache.u_dcache.u_miss_unit.victim_line_data_q [94]).
Adding EN signal on $auto$ff.cc:337:slice$24755 ($_DFFE_PN_) from module riscv32_npc_system (D = $4399y [95], Q = \u_core.u_data_mem.gen_dcache.u_dcache.u_miss_unit.victim_line_data_q [95]).
Adding EN signal on $auto$ff.cc:337:slice$24756 ($_DFFE_PN_) from module riscv32_npc_system (D = $4399y [96], Q = \u_core.u_data_mem.gen_dcache.u_dcache.u_miss_unit.victim_line_data_q [96]).
Adding EN signal on $auto$ff.cc:337:slice$24757 ($_DFFE_PN_) from module riscv32_npc_system (D = $4399y [97], Q = \u_core.u_data_mem.gen_dcache.u_dcache.u_miss_unit.victim_line_data_q [97]).
Adding EN signal on $auto$ff.cc:337:slice$24758 ($_DFFE_PN_) from module riscv32_npc_system (D = $4399y [98], Q = \u_core.u_data_mem.gen_dcache.u_dcache.u_miss_unit.victim_line_data_q [98]).
Adding EN signal on $auto$ff.cc:337:slice$24759 ($_DFFE_PN_) from module riscv32_npc_system (D = $4399y [99], Q = \u_core.u_data_mem.gen_dcache.u_dcache.u_miss_unit.victim_line_data_q [99]).
Adding EN signal on $auto$ff.cc:337:slice$24760 ($_DFFE_PN_) from module riscv32_npc_system (D = $4399y [100], Q = \u_core.u_data_mem.gen_dcache.u_dcache.u_miss_unit.victim_line_data_q [100]).
Adding EN signal on $auto$ff.cc:337:slice$24761 ($_DFFE_PN_) from module riscv32_npc_system (D = $4399y [101], Q = \u_core.u_data_mem.gen_dcache.u_dcache.u_miss_unit.victim_line_data_q [101]).
Adding EN signal on $auto$ff.cc:337:slice$24762 ($_DFFE_PN_) from module riscv32_npc_system (D = $4399y [102], Q = \u_core.u_data_mem.gen_dcache.u_dcache.u_miss_unit.victim_line_data_q [102]).
Adding EN signal on $auto$ff.cc:337:slice$24763 ($_DFFE_PN_) from module riscv32_npc_system (D = $4399y [103], Q = \u_core.u_data_mem.gen_dcache.u_dcache.u_miss_unit.victim_line_data_q [103]).
Adding EN signal on $auto$ff.cc:337:slice$24764 ($_DFFE_PN_) from module riscv32_npc_system (D = $4399y [104], Q = \u_core.u_data_mem.gen_dcache.u_dcache.u_miss_unit.victim_line_data_q [104]).
Adding EN signal on $auto$ff.cc:337:slice$24765 ($_DFFE_PN_) from module riscv32_npc_system (D = $4399y [105], Q = \u_core.u_data_mem.gen_dcache.u_dcache.u_miss_unit.victim_line_data_q [105]).
Adding EN signal on $auto$ff.cc:337:slice$24766 ($_DFFE_PN_) from module riscv32_npc_system (D = $4399y [106], Q = \u_core.u_data_mem.gen_dcache.u_dcache.u_miss_unit.victim_line_data_q [106]).
Adding EN signal on $auto$ff.cc:337:slice$24767 ($_DFFE_PN_) from module riscv32_npc_system (D = $4399y [107], Q = \u_core.u_data_mem.gen_dcache.u_dcache.u_miss_unit.victim_line_data_q [107]).
Adding EN signal on $auto$ff.cc:337:slice$24768 ($_DFFE_PN_) from module riscv32_npc_system (D = $4399y [108], Q = \u_core.u_data_mem.gen_dcache.u_dcache.u_miss_unit.victim_line_data_q [108]).
Adding EN signal on $auto$ff.cc:337:slice$24769 ($_DFFE_PN_) from module riscv32_npc_system (D = $4399y [109], Q = \u_core.u_data_mem.gen_dcache.u_dcache.u_miss_unit.victim_line_data_q [109]).
Adding EN signal on $auto$ff.cc:337:slice$24770 ($_DFFE_PN_) from module riscv32_npc_system (D = $4399y [110], Q = \u_core.u_data_mem.gen_dcache.u_dcache.u_miss_unit.victim_line_data_q [110]).
Adding EN signal on $auto$ff.cc:337:slice$24771 ($_DFFE_PN_) from module riscv32_npc_system (D = $4399y [111], Q = \u_core.u_data_mem.gen_dcache.u_dcache.u_miss_unit.victim_line_data_q [111]).
Adding EN signal on $auto$ff.cc:337:slice$24772 ($_DFFE_PN_) from module riscv32_npc_system (D = $4399y [112], Q = \u_core.u_data_mem.gen_dcache.u_dcache.u_miss_unit.victim_line_data_q [112]).
Adding EN signal on $auto$ff.cc:337:slice$24773 ($_DFFE_PN_) from module riscv32_npc_system (D = $4399y [113], Q = \u_core.u_data_mem.gen_dcache.u_dcache.u_miss_unit.victim_line_data_q [113]).
Adding EN signal on $auto$ff.cc:337:slice$24774 ($_DFFE_PN_) from module riscv32_npc_system (D = $4399y [114], Q = \u_core.u_data_mem.gen_dcache.u_dcache.u_miss_unit.victim_line_data_q [114]).
Adding EN signal on $auto$ff.cc:337:slice$24775 ($_DFFE_PN_) from module riscv32_npc_system (D = $4399y [115], Q = \u_core.u_data_mem.gen_dcache.u_dcache.u_miss_unit.victim_line_data_q [115]).
Adding EN signal on $auto$ff.cc:337:slice$24776 ($_DFFE_PN_) from module riscv32_npc_system (D = $4399y [116], Q = \u_core.u_data_mem.gen_dcache.u_dcache.u_miss_unit.victim_line_data_q [116]).
Adding EN signal on $auto$ff.cc:337:slice$24777 ($_DFFE_PN_) from module riscv32_npc_system (D = $4399y [117], Q = \u_core.u_data_mem.gen_dcache.u_dcache.u_miss_unit.victim_line_data_q [117]).
Adding EN signal on $auto$ff.cc:337:slice$24778 ($_DFFE_PN_) from module riscv32_npc_system (D = $4399y [118], Q = \u_core.u_data_mem.gen_dcache.u_dcache.u_miss_unit.victim_line_data_q [118]).
Adding EN signal on $auto$ff.cc:337:slice$24779 ($_DFFE_PN_) from module riscv32_npc_system (D = $4399y [119], Q = \u_core.u_data_mem.gen_dcache.u_dcache.u_miss_unit.victim_line_data_q [119]).
Adding EN signal on $auto$ff.cc:337:slice$24780 ($_DFFE_PN_) from module riscv32_npc_system (D = $4399y [120], Q = \u_core.u_data_mem.gen_dcache.u_dcache.u_miss_unit.victim_line_data_q [120]).
Adding EN signal on $auto$ff.cc:337:slice$24781 ($_DFFE_PN_) from module riscv32_npc_system (D = $4399y [121], Q = \u_core.u_data_mem.gen_dcache.u_dcache.u_miss_unit.victim_line_data_q [121]).
Adding EN signal on $auto$ff.cc:337:slice$24782 ($_DFFE_PN_) from module riscv32_npc_system (D = $4399y [122], Q = \u_core.u_data_mem.gen_dcache.u_dcache.u_miss_unit.victim_line_data_q [122]).
Adding EN signal on $auto$ff.cc:337:slice$24783 ($_DFFE_PN_) from module riscv32_npc_system (D = $4399y [123], Q = \u_core.u_data_mem.gen_dcache.u_dcache.u_miss_unit.victim_line_data_q [123]).
Adding EN signal on $auto$ff.cc:337:slice$24784 ($_DFFE_PN_) from module riscv32_npc_system (D = $4399y [124], Q = \u_core.u_data_mem.gen_dcache.u_dcache.u_miss_unit.victim_line_data_q [124]).
Adding EN signal on $auto$ff.cc:337:slice$24785 ($_DFFE_PN_) from module riscv32_npc_system (D = $4399y [125], Q = \u_core.u_data_mem.gen_dcache.u_dcache.u_miss_unit.victim_line_data_q [125]).
Adding EN signal on $auto$ff.cc:337:slice$24786 ($_DFFE_PN_) from module riscv32_npc_system (D = $4399y [126], Q = \u_core.u_data_mem.gen_dcache.u_dcache.u_miss_unit.victim_line_data_q [126]).
Adding SRST signal on $auto$ff.cc:337:slice$26373 ($_DFFE_PP_) from module riscv32_npc_system (D = \u_core.u_ex_result_reg.execute_result_q [75], Q = \u_core.u_wb_reg.writeback_result_q [100], rval = 1'0).
Adding SRST signal on $auto$ff.cc:337:slice$26374 ($_DFFE_PP_) from module riscv32_npc_system (D = \u_core.u_ex_result_reg.execute_result_q [76], Q = \u_core.u_wb_reg.writeback_result_q [101], rval = 1'0).
Adding SRST signal on $auto$ff.cc:337:slice$26375 ($_DFFE_PP_) from module riscv32_npc_system (D = \u_core.u_ex_result_reg.execute_result_q [77], Q = \u_core.u_wb_reg.writeback_result_q [102], rval = 1'0).
Adding SRST signal on $auto$ff.cc:337:slice$26376 ($_DFFE_PP_) from module riscv32_npc_system (D = \u_core.u_ex_result_reg.execute_result_q [78], Q = \u_core.u_wb_reg.writeback_result_q [103], rval = 1'0).
Adding SRST signal on $auto$ff.cc:337:slice$26377 ($_DFFE_PP_) from module riscv32_npc_system (D = \u_core.u_ex_result_reg.execute_result_q [79], Q = \u_core.u_wb_reg.writeback_result_q [104], rval = 1'0).
Adding SRST signal on $auto$ff.cc:337:slice$26378 ($_DFFE_PP_) from module riscv32_npc_system (D = \u_core.u_ex_result_reg.execute_result_q [80], Q = \u_core.u_wb_reg.writeback_result_q [105], rval = 1'0).
Adding SRST signal on $auto$ff.cc:337:slice$26379 ($_DFFE_PP_) from module riscv32_npc_system (D = \u_core.u_ex_result_reg.execute_result_q [81], Q = \u_core.u_wb_reg.writeback_result_q [106], rval = 1'0).
Adding SRST signal on $auto$ff.cc:337:slice$26380 ($_DFFE_PP_) from module riscv32_npc_system (D = \u_core.u_ex_result_reg.execute_result_q [82], Q = \u_core.u_wb_reg.writeback_result_q [107], rval = 1'0).
Adding SRST signal on $auto$ff.cc:337:slice$26381 ($_DFFE_PP_) from module riscv32_npc_system (D = \u_core.u_ex_result_reg.execute_result_q [83], Q = \u_core.u_wb_reg.writeback_result_q [108], rval = 1'0).
Adding SRST signal on $auto$ff.cc:337:slice$26382 ($_DFFE_PP_) from module riscv32_npc_system (D = \u_core.u_ex_result_reg.execute_result_q [84], Q = \u_core.u_wb_reg.writeback_result_q [109], rval = 1'0).
Adding SRST signal on $auto$ff.cc:337:slice$26383 ($_DFFE_PP_) from module riscv32_npc_system (D = \u_core.u_ex_result_reg.execute_result_q [85], Q = \u_core.u_wb_reg.writeback_result_q [110], rval = 1'0).
Adding SRST signal on $auto$ff.cc:337:slice$26384 ($_DFFE_PP_) from module riscv32_npc_system (D = \u_core.u_ex_result_reg.execute_result_q [86], Q = \u_core.u_wb_reg.writeback_result_q [111], rval = 1'0).
Adding SRST signal on $auto$ff.cc:337:slice$26385 ($_DFFE_PP_) from module riscv32_npc_system (D = \u_core.u_ex_result_reg.execute_result_q [87], Q = \u_core.u_wb_reg.writeback_result_q [112], rval = 1'0).
Adding SRST signal on $auto$ff.cc:337:slice$26386 ($_DFFE_PP_) from module riscv32_npc_system (D = \u_core.u_ex_result_reg.execute_result_q [88], Q = \u_core.u_wb_reg.writeback_result_q [113], rval = 1'0).
Adding SRST signal on $auto$ff.cc:337:slice$26387 ($_DFFE_PP_) from module riscv32_npc_system (D = \u_core.u_ex_result_reg.execute_result_q [89], Q = \u_core.u_wb_reg.writeback_result_q [114], rval = 1'0).
Adding SRST signal on $auto$ff.cc:337:slice$26388 ($_DFFE_PP_) from module riscv32_npc_system (D = \u_core.u_ex_result_reg.execute_result_q [90], Q = \u_core.u_wb_reg.writeback_result_q [115], rval = 1'0).
Adding SRST signal on $auto$ff.cc:337:slice$26389 ($_DFFE_PP_) from module riscv32_npc_system (D = \u_core.u_ex_result_reg.execute_result_q [91], Q = \u_core.u_wb_reg.writeback_result_q [116], rval = 1'0).
Adding SRST signal on $auto$ff.cc:337:slice$26390 ($_DFFE_PP_) from module riscv32_npc_system (D = \u_core.u_ex_result_reg.execute_result_q [92], Q = \u_core.u_wb_reg.writeback_result_q [117], rval = 1'0).
Adding SRST signal on $auto$ff.cc:337:slice$26391 ($_DFFE_PP_) from module riscv32_npc_system (D = \u_core.u_ex_result_reg.execute_result_q [93], Q = \u_core.u_wb_reg.writeback_result_q [118], rval = 1'0).
Adding SRST signal on $auto$ff.cc:337:slice$26392 ($_DFFE_PP_) from module riscv32_npc_system (D = \u_core.u_ex_result_reg.execute_result_q [94], Q = \u_core.u_wb_reg.writeback_result_q [119], rval = 1'0).
Adding SRST signal on $auto$ff.cc:337:slice$26393 ($_DFFE_PP_) from module riscv32_npc_system (D = \u_core.u_ex_result_reg.execute_result_q [95], Q = \u_core.u_wb_reg.writeback_result_q [120], rval = 1'0).
Adding SRST signal on $auto$ff.cc:337:slice$26394 ($_DFFE_PP_) from module riscv32_npc_system (D = \u_core.u_ex_result_reg.execute_result_q [96], Q = \u_core.u_wb_reg.writeback_result_q [121], rval = 1'0).
Adding SRST signal on $auto$ff.cc:337:slice$26395 ($_DFFE_PP_) from module riscv32_npc_system (D = \u_core.u_ex_result_reg.execute_result_q [97], Q = \u_core.u_wb_reg.writeback_result_q [122], rval = 1'0).
Adding SRST signal on $auto$ff.cc:337:slice$26396 ($_DFFE_PP_) from module riscv32_npc_system (D = \u_core.u_ex_result_reg.execute_result_q [98], Q = \u_core.u_wb_reg.writeback_result_q [123], rval = 1'0).
Adding SRST signal on $auto$ff.cc:337:slice$26397 ($_DFFE_PP_) from module riscv32_npc_system (D = \u_core.u_ex_result_reg.execute_result_q [99], Q = \u_core.u_wb_reg.writeback_result_q [124], rval = 1'0).
Adding SRST signal on $auto$ff.cc:337:slice$26398 ($_DFFE_PP_) from module riscv32_npc_system (D = \u_core.u_ex_result_reg.execute_result_q [100], Q = \u_core.u_wb_reg.writeback_result_q [125], rval = 1'0).
Adding SRST signal on $auto$ff.cc:337:slice$26399 ($_DFFE_PP_) from module riscv32_npc_system (D = \u_core.u_ex_result_reg.execute_result_q [101], Q = \u_core.u_wb_reg.writeback_result_q [126], rval = 1'0).
Adding SRST signal on $auto$ff.cc:337:slice$26400 ($_DFFE_PP_) from module riscv32_npc_system (D = \u_core.u_ex_result_reg.execute_result_q [102], Q = \u_core.u_wb_reg.writeback_result_q [127], rval = 1'0).
Adding SRST signal on $auto$ff.cc:337:slice$26401 ($_DFFE_PP_) from module riscv32_npc_system (D = \u_core.u_ex_result_reg.execute_result_q [103], Q = \u_core.u_wb_reg.writeback_result_q [128], rval = 1'0).
Adding SRST signal on $auto$ff.cc:337:slice$26402 ($_DFFE_PP_) from module riscv32_npc_system (D = \u_core.u_ex_result_reg.execute_result_q [104], Q = \u_core.u_wb_reg.writeback_result_q [129], rval = 1'0).
Adding SRST signal on $auto$ff.cc:337:slice$26403 ($_DFFE_PP_) from module riscv32_npc_system (D = \u_core.u_ex_result_reg.execute_result_q [105], Q = \u_core.u_wb_reg.writeback_result_q [130], rval = 1'0).
Setting constant 0-bit at position 0 on $auto$ff.cc:337:slice$25612 ($_DFFE_PP_) from module riscv32_npc_system.
Setting constant 0-bit at position 0 on $auto$ff.cc:337:slice$25564 ($_DFFE_PP_) from module riscv32_npc_system.
Setting constant 0-bit at position 0 on $auto$ff.cc:337:slice$24312 ($_DFFE_PP_) from module riscv32_npc_system.
Setting constant 0-bit at position 0 on $auto$ff.cc:337:slice$24206 ($_DFFE_PP_) from module riscv32_npc_system.
Setting constant 0-bit at position 0 on $auto$ff.cc:337:slice$23416 ($_DFFE_PN0P_) from module riscv32_npc_system.
Setting constant 0-bit at position 0 on $auto$ff.cc:337:slice$23372 ($_DFFE_PN0P_) from module riscv32_npc_system.

7.7. Executing OPT_CLEAN pass (remove unused cells and wires).
Finding unused cells or wires in module \riscv32_npc_system..
Removed 5415 unused cells and 25819 unused wires.
<suppressed ~5423 debug messages>

7.8. Executing OPT_EXPR pass (perform const folding).
Optimizing module riscv32_npc_system.
<suppressed ~139 debug messages>

7.9. Rerunning OPT passes. (Maybe there is more to do..)

7.10. Executing OPT_MUXTREE pass (detect dead branches in mux trees).
Running muxtree optimizer on module \riscv32_npc_system..
  Creating internal representation of mux trees.
  No muxes found in this module.
Removed 0 multiplexer ports.

7.11. Executing OPT_REDUCE pass (consolidate $*mux and $reduce_* inputs).
  Optimizing cells in module \riscv32_npc_system.
Performed a total of 0 changes.

7.12. Executing OPT_MERGE pass (detect identical cells).
Finding identical cells in module `\riscv32_npc_system'.
<suppressed ~912 debug messages>
Removed a total of 304 cells.

7.13. Executing OPT_DFF pass (perform DFF optimizations).
Adding SRST signal on $auto$ff.cc:337:slice$25897 ($_SDFFCE_PP0P_) from module riscv32_npc_system (D = $procmux$2169.Y_B [0], Q = \u_core.u_id_ex_reg.execute_packet_q [156], rval = 1'0).
Adding SRST signal on $auto$ff.cc:337:slice$25896 ($_DFFE_PP_) from module riscv32_npc_system (D = $procmux$2208.Y_B [1], Q = \u_core.u_id_ex_reg.execute_packet_q [158], rval = 1'1).
Adding SRST signal on $auto$ff.cc:337:slice$25895 ($_DFFE_PP_) from module riscv32_npc_system (D = $procmux$2208.Y_B [0], Q = \u_core.u_id_ex_reg.execute_packet_q [157], rval = 1'0).
Adding SRST signal on $auto$ff.cc:337:slice$25894 ($_SDFFCE_PP0P_) from module riscv32_npc_system (D = $procmux$2208.B_AND_S [3], Q = \u_core.u_id_ex_reg.execute_packet_q [160], rval = 1'0).
Adding SRST signal on $auto$ff.cc:337:slice$25893 ($_SDFFCE_PP0P_) from module riscv32_npc_system (D = $procmux$2208.B_AND_S [6], Q = \u_core.u_id_ex_reg.execute_packet_q [159], rval = 1'0).
Adding SRST signal on $auto$ff.cc:337:slice$25888 ($_DFFE_PP_) from module riscv32_npc_system (D = $procmux$2359.Y_B [3], Q = \u_core.u_id_ex_reg.execute_packet_q [173], rval = 1'0).
Adding SRST signal on $auto$ff.cc:337:slice$25887 ($_DFFE_PP_) from module riscv32_npc_system (D = $procmux$2359.Y_B [2], Q = \u_core.u_id_ex_reg.execute_packet_q [172], rval = 1'0).
Adding SRST signal on $auto$ff.cc:337:slice$25886 ($_DFFE_PP_) from module riscv32_npc_system (D = $procmux$2359.Y_B [1], Q = \u_core.u_id_ex_reg.execute_packet_q [171], rval = 1'0).
Adding SRST signal on $auto$ff.cc:337:slice$25885 ($_DFFE_PP_) from module riscv32_npc_system (D = $procmux$2359.Y_B [0], Q = \u_core.u_id_ex_reg.execute_packet_q [170], rval = 1'0).
Adding SRST signal on $auto$ff.cc:337:slice$25771 ($_SDFFCE_PP0P_) from module riscv32_npc_system (D = $procmux$1916.B_AND_S [1], Q = \u_core.u_id_ex_reg.execute_packet_q [155], rval = 1'0).
Adding SRST signal on $auto$ff.cc:337:slice$25770 ($_SDFFCE_PP0P_) from module riscv32_npc_system (D = $procmux$1940.Y_B [0], Q = \u_core.u_id_ex_reg.execute_packet_q [154], rval = 1'0).
Adding SRST signal on $auto$ff.cc:337:slice$25757 ($_SDFFCE_PP0P_) from module riscv32_npc_system (D = $procmux$2250.Y_B [1], Q = \u_core.u_id_ex_reg.execute_packet_q [165], rval = 1'0).
Adding SRST signal on $auto$ff.cc:337:slice$25756 ($_SDFFCE_PP0P_) from module riscv32_npc_system (D = $procmux$2250.Y_B [0], Q = \u_core.u_id_ex_reg.execute_packet_q [164], rval = 1'0).
Adding SRST signal on $auto$ff.cc:337:slice$25755 ($_SDFFCE_PP0P_) from module riscv32_npc_system (D = $procmux$2261.Y_B [2], Q = \u_core.u_id_ex_reg.execute_packet_q [163], rval = 1'0).
Adding SRST signal on $auto$ff.cc:337:slice$25754 ($_SDFFCE_PP0P_) from module riscv32_npc_system (D = $procmux$2261.Y_B [1], Q = \u_core.u_id_ex_reg.execute_packet_q [162], rval = 1'0).
Adding SRST signal on $auto$ff.cc:337:slice$25753 ($_SDFFCE_PP0P_) from module riscv32_npc_system (D = $procmux$2261.Y_B [0], Q = \u_core.u_id_ex_reg.execute_packet_q [161], rval = 1'0).
Adding SRST signal on $auto$ff.cc:337:slice$24992 ($_DFFE_PP_) from module riscv32_npc_system (D = $procmux$837.Y_B [31], Q = \u_core.u_ex_result_reg.execute_result_q [106], rval = 1'0).
Adding SRST signal on $auto$ff.cc:337:slice$24991 ($_DFFE_PP_) from module riscv32_npc_system (D = $procmux$837.Y_B [30], Q = \u_core.u_ex_result_reg.execute_result_q [105], rval = 1'0).
Adding SRST signal on $auto$ff.cc:337:slice$24990 ($_DFFE_PP_) from module riscv32_npc_system (D = $procmux$837.Y_B [29], Q = \u_core.u_ex_result_reg.execute_result_q [104], rval = 1'0).
Adding SRST signal on $auto$ff.cc:337:slice$24989 ($_DFFE_PP_) from module riscv32_npc_system (D = $procmux$837.Y_B [28], Q = \u_core.u_ex_result_reg.execute_result_q [103], rval = 1'0).
Adding SRST signal on $auto$ff.cc:337:slice$24988 ($_DFFE_PP_) from module riscv32_npc_system (D = $procmux$837.Y_B [27], Q = \u_core.u_ex_result_reg.execute_result_q [102], rval = 1'0).
Adding SRST signal on $auto$ff.cc:337:slice$24987 ($_DFFE_PP_) from module riscv32_npc_system (D = $procmux$837.Y_B [26], Q = \u_core.u_ex_result_reg.execute_result_q [101], rval = 1'0).
Adding SRST signal on $auto$ff.cc:337:slice$24986 ($_DFFE_PP_) from module riscv32_npc_system (D = $procmux$837.Y_B [25], Q = \u_core.u_ex_result_reg.execute_result_q [100], rval = 1'0).
Adding SRST signal on $auto$ff.cc:337:slice$24985 ($_DFFE_PP_) from module riscv32_npc_system (D = $procmux$837.Y_B [24], Q = \u_core.u_ex_result_reg.execute_result_q [99], rval = 1'0).
Adding SRST signal on $auto$ff.cc:337:slice$24984 ($_DFFE_PP_) from module riscv32_npc_system (D = $procmux$837.Y_B [23], Q = \u_core.u_ex_result_reg.execute_result_q [98], rval = 1'0).
Adding SRST signal on $auto$ff.cc:337:slice$24983 ($_DFFE_PP_) from module riscv32_npc_system (D = $procmux$837.Y_B [22], Q = \u_core.u_ex_result_reg.execute_result_q [97], rval = 1'0).
Adding SRST signal on $auto$ff.cc:337:slice$24982 ($_DFFE_PP_) from module riscv32_npc_system (D = $procmux$837.Y_B [21], Q = \u_core.u_ex_result_reg.execute_result_q [96], rval = 1'0).
Adding SRST signal on $auto$ff.cc:337:slice$24981 ($_DFFE_PP_) from module riscv32_npc_system (D = $procmux$837.Y_B [20], Q = \u_core.u_ex_result_reg.execute_result_q [95], rval = 1'0).
Adding SRST signal on $auto$ff.cc:337:slice$24980 ($_DFFE_PP_) from module riscv32_npc_system (D = $procmux$837.Y_B [19], Q = \u_core.u_ex_result_reg.execute_result_q [94], rval = 1'0).
Adding SRST signal on $auto$ff.cc:337:slice$24979 ($_DFFE_PP_) from module riscv32_npc_system (D = $procmux$837.Y_B [18], Q = \u_core.u_ex_result_reg.execute_result_q [93], rval = 1'0).
Adding SRST signal on $auto$ff.cc:337:slice$24978 ($_DFFE_PP_) from module riscv32_npc_system (D = $procmux$837.Y_B [17], Q = \u_core.u_ex_result_reg.execute_result_q [92], rval = 1'0).
Adding SRST signal on $auto$ff.cc:337:slice$24977 ($_DFFE_PP_) from module riscv32_npc_system (D = $procmux$837.Y_B [16], Q = \u_core.u_ex_result_reg.execute_result_q [91], rval = 1'0).
Adding SRST signal on $auto$ff.cc:337:slice$24976 ($_DFFE_PP_) from module riscv32_npc_system (D = $procmux$837.Y_B [15], Q = \u_core.u_ex_result_reg.execute_result_q [90], rval = 1'0).
Adding SRST signal on $auto$ff.cc:337:slice$24975 ($_DFFE_PP_) from module riscv32_npc_system (D = $procmux$837.Y_B [14], Q = \u_core.u_ex_result_reg.execute_result_q [89], rval = 1'0).
Adding SRST signal on $auto$ff.cc:337:slice$24974 ($_DFFE_PP_) from module riscv32_npc_system (D = $procmux$837.Y_B [13], Q = \u_core.u_ex_result_reg.execute_result_q [88], rval = 1'0).
Adding SRST signal on $auto$ff.cc:337:slice$24973 ($_DFFE_PP_) from module riscv32_npc_system (D = $procmux$837.Y_B [12], Q = \u_core.u_ex_result_reg.execute_result_q [87], rval = 1'0).
Adding SRST signal on $auto$ff.cc:337:slice$24972 ($_DFFE_PP_) from module riscv32_npc_system (D = $procmux$837.Y_B [11], Q = \u_core.u_ex_result_reg.execute_result_q [86], rval = 1'0).
Adding SRST signal on $auto$ff.cc:337:slice$24971 ($_DFFE_PP_) from module riscv32_npc_system (D = $procmux$837.Y_B [10], Q = \u_core.u_ex_result_reg.execute_result_q [85], rval = 1'0).
Adding SRST signal on $auto$ff.cc:337:slice$24970 ($_DFFE_PP_) from module riscv32_npc_system (D = $procmux$837.Y_B [9], Q = \u_core.u_ex_result_reg.execute_result_q [84], rval = 1'0).
Adding SRST signal on $auto$ff.cc:337:slice$24969 ($_DFFE_PP_) from module riscv32_npc_system (D = $procmux$837.Y_B [8], Q = \u_core.u_ex_result_reg.execute_result_q [83], rval = 1'0).
Adding SRST signal on $auto$ff.cc:337:slice$24968 ($_DFFE_PP_) from module riscv32_npc_system (D = $procmux$837.Y_B [7], Q = \u_core.u_ex_result_reg.execute_result_q [82], rval = 1'0).
Adding SRST signal on $auto$ff.cc:337:slice$24967 ($_DFFE_PP_) from module riscv32_npc_system (D = $procmux$837.Y_B [6], Q = \u_core.u_ex_result_reg.execute_result_q [81], rval = 1'0).
Adding SRST signal on $auto$ff.cc:337:slice$24966 ($_DFFE_PP_) from module riscv32_npc_system (D = $procmux$837.Y_B [5], Q = \u_core.u_ex_result_reg.execute_result_q [80], rval = 1'0).
Adding SRST signal on $auto$ff.cc:337:slice$24965 ($_DFFE_PP_) from module riscv32_npc_system (D = $procmux$837.Y_B [4], Q = \u_core.u_ex_result_reg.execute_result_q [79], rval = 1'0).
Adding SRST signal on $auto$ff.cc:337:slice$24964 ($_DFFE_PP_) from module riscv32_npc_system (D = $procmux$837.Y_B [3], Q = \u_core.u_ex_result_reg.execute_result_q [78], rval = 1'0).
Adding SRST signal on $auto$ff.cc:337:slice$24963 ($_DFFE_PP_) from module riscv32_npc_system (D = $procmux$837.Y_B [2], Q = \u_core.u_ex_result_reg.execute_result_q [77], rval = 1'0).
Adding SRST signal on $auto$ff.cc:337:slice$24962 ($_DFFE_PP_) from module riscv32_npc_system (D = $procmux$837.Y_B [1], Q = \u_core.u_ex_result_reg.execute_result_q [76], rval = 1'0).
Adding SRST signal on $auto$ff.cc:337:slice$24961 ($_DFFE_PP_) from module riscv32_npc_system (D = $procmux$837.Y_B [0], Q = \u_core.u_ex_result_reg.execute_result_q [75], rval = 1'0).

7.14. Executing OPT_CLEAN pass (remove unused cells and wires).
Finding unused cells or wires in module \riscv32_npc_system..
Removed 48 unused cells and 347 unused wires.
<suppressed ~49 debug messages>

7.15. Executing OPT_EXPR pass (perform const folding).
Optimizing module riscv32_npc_system.
<suppressed ~1 debug messages>

7.16. Rerunning OPT passes. (Maybe there is more to do..)

7.17. Executing OPT_MUXTREE pass (detect dead branches in mux trees).
Running muxtree optimizer on module \riscv32_npc_system..
  Creating internal representation of mux trees.
  No muxes found in this module.
Removed 0 multiplexer ports.

7.18. Executing OPT_REDUCE pass (consolidate $*mux and $reduce_* inputs).
  Optimizing cells in module \riscv32_npc_system.
Performed a total of 0 changes.

7.19. Executing OPT_MERGE pass (detect identical cells).
Finding identical cells in module `\riscv32_npc_system'.
<suppressed ~30 debug messages>
Removed a total of 10 cells.

7.20. Executing OPT_DFF pass (perform DFF optimizations).

7.21. Executing OPT_CLEAN pass (remove unused cells and wires).
Finding unused cells or wires in module \riscv32_npc_system..
Removed 0 unused cells and 10 unused wires.
<suppressed ~1 debug messages>

7.22. Executing OPT_EXPR pass (perform const folding).
Optimizing module riscv32_npc_system.

7.23. Rerunning OPT passes. (Maybe there is more to do..)

7.24. Executing OPT_MUXTREE pass (detect dead branches in mux trees).
Running muxtree optimizer on module \riscv32_npc_system..
  Creating internal representation of mux trees.
  No muxes found in this module.
Removed 0 multiplexer ports.

7.25. Executing OPT_REDUCE pass (consolidate $*mux and $reduce_* inputs).
  Optimizing cells in module \riscv32_npc_system.
Performed a total of 0 changes.

7.26. Executing OPT_MERGE pass (detect identical cells).
Finding identical cells in module `\riscv32_npc_system'.
Removed a total of 0 cells.

7.27. Executing OPT_DFF pass (perform DFF optimizations).

7.28. Executing OPT_CLEAN pass (remove unused cells and wires).
Finding unused cells or wires in module \riscv32_npc_system..

7.29. Executing OPT_EXPR pass (perform const folding).
Optimizing module riscv32_npc_system.

7.30. Finished fast OPT passes. (There is nothing left to do.)

8. Executing SCC pass (detecting logic loops).
Found 0 SCCs in module riscv32_npc_system.
Found and expected 0 SCCs.

9. Executing CHECK pass (checking for obvious problems).
Checking module riscv32_npc_system...
Found and reported 0 problems.

End of script. Logfile hash: c26ecc8649, CPU: user 17.06s system 0.20s, MEM: 286.26 MB peak
Yosys 0.60+70 (git sha1 8101c87fa, clang++ 18.1.8 -fPIC -O3)
Time spent: 29% 59x opt_expr (5 sec), 18% 21x opt_clean (3 sec), ...
