
 /----------------------------------------------------------------------------\
 |  yosys -- Yosys Open SYnthesis Suite                                       |
 |  Copyright (C) 2012 - 2025  Claire Xenia Wolf <claire@yosyshq.com>         |
 |  Distributed under an ISC-like license, type "license" to see terms        |
 \----------------------------------------------------------------------------/
 Yosys 0.60+70 (git sha1 8101c87fa, clang++ 18.1.8 -fPIC -O3)

-- Executing script file `npc/result/readability-review-current/read.ys' --

1. Executing SLANG frontend.
Top level design units:
    riscv32_core_reset_boundary

Build succeeded: 0 errors, 0 warnings

1.1. Executing UNDRIVEN pass. (resolve undriven signals)

1.2. Executing PROC_CLEAN pass (remove empty switches from decision trees).
Found and cleaned up 1 empty switch in `\riscv32_core_reset_boundary.$13292'.
Found and cleaned up 1 empty switch in `\riscv32_core_reset_boundary.$13261'.
Found and cleaned up 1 empty switch in `\riscv32_core_reset_boundary.$13250'.
Removing empty process `riscv32_core_reset_boundary.$13241'.
Removing empty process `riscv32_core_reset_boundary.$13235'.
Found and cleaned up 1 empty switch in `\riscv32_core_reset_boundary.$13225'.
Removing empty process `riscv32_core_reset_boundary.$13224'.
Removing empty process `riscv32_core_reset_boundary.$13198'.
Removing empty process `riscv32_core_reset_boundary.$13194'.
Found and cleaned up 1 empty switch in `\riscv32_core_reset_boundary.$13191'.
Found and cleaned up 1 empty switch in `\riscv32_core_reset_boundary.$13188'.
Found and cleaned up 1 empty switch in `\riscv32_core_reset_boundary.$13181'.
Removing empty process `riscv32_core_reset_boundary.$13180'.
Removing empty process `riscv32_core_reset_boundary.$13177'.
Removing empty process `riscv32_core_reset_boundary.$13176'.
Removing empty process `riscv32_core_reset_boundary.$13173'.
Found and cleaned up 1 empty switch in `\riscv32_core_reset_boundary.$13145'.
Found and cleaned up 1 empty switch in `\riscv32_core_reset_boundary.$13126'.
Removing empty process `riscv32_core_reset_boundary.$13086'.
Removing empty process `riscv32_core_reset_boundary.$13081'.
Removing empty process `riscv32_core_reset_boundary.$13080'.
Removing empty process `riscv32_core_reset_boundary.$13079'.
Removing empty process `riscv32_core_reset_boundary.$13076'.
Removing empty process `riscv32_core_reset_boundary.$13073'.
Found and cleaned up 1 empty switch in `\riscv32_core_reset_boundary.$13041'.
Found and cleaned up 1 empty switch in `\riscv32_core_reset_boundary.$13028'.
Found and cleaned up 1 empty switch in `\riscv32_core_reset_boundary.$12998'.
Removing empty process `riscv32_core_reset_boundary.$12973'.
Removing empty process `riscv32_core_reset_boundary.$12972'.
Removing empty process `riscv32_core_reset_boundary.$12969'.
Found and cleaned up 1 empty switch in `\riscv32_core_reset_boundary.$12896'.
Found and cleaned up 1 empty switch in `\riscv32_core_reset_boundary.$12831'.
Found and cleaned up 1 empty switch in `\riscv32_core_reset_boundary.$12809'.
Found and cleaned up 3 empty switches in `\riscv32_core_reset_boundary.$12770'.
Found and cleaned up 4 empty switches in `\riscv32_core_reset_boundary.$12759'.
Removing empty process `riscv32_core_reset_boundary.$12756'.
Removing empty process `riscv32_core_reset_boundary.$12755'.
Removing empty process `riscv32_core_reset_boundary.$12752'.
Found and cleaned up 1 empty switch in `\riscv32_core_reset_boundary.$12729'.
Found and cleaned up 1 empty switch in `\riscv32_core_reset_boundary.$12696'.
Found and cleaned up 2 empty switches in `\riscv32_core_reset_boundary.$12676'.
Removing empty process `riscv32_core_reset_boundary.$12676'.
Found and cleaned up 1 empty switch in `\riscv32_core_reset_boundary.$12666'.
Found and cleaned up 1 empty switch in `\riscv32_core_reset_boundary.$12652'.
Found and cleaned up 2 empty switches in `\riscv32_core_reset_boundary.$12636'.
Found and cleaned up 1 empty switch in `\riscv32_core_reset_boundary.$12618'.
Found and cleaned up 1 empty switch in `\riscv32_core_reset_boundary.$12346'.
Found and cleaned up 1 empty switch in `\riscv32_core_reset_boundary.$12271'.
Found and cleaned up 4 empty switches in `\riscv32_core_reset_boundary.$12256'.
Removing empty process `riscv32_core_reset_boundary.$12253'.
Found and cleaned up 1 empty switch in `\riscv32_core_reset_boundary.$12251'.
Found and cleaned up 1 empty switch in `\riscv32_core_reset_boundary.$12248'.
Removing empty process `riscv32_core_reset_boundary.$12238'.
Removing empty process `riscv32_core_reset_boundary.$12235'.
Found and cleaned up 1 empty switch in `\riscv32_core_reset_boundary.$12227'.
Found and cleaned up 1 empty switch in `\riscv32_core_reset_boundary.$12195'.
Found and cleaned up 1 empty switch in `\riscv32_core_reset_boundary.$12193'.
Found and cleaned up 1 empty switch in `\riscv32_core_reset_boundary.$12175'.
Found and cleaned up 1 empty switch in `\riscv32_core_reset_boundary.$12169'.
Removing empty process `riscv32_core_reset_boundary.$12126'.
Found and cleaned up 1 empty switch in `\riscv32_core_reset_boundary.$12124'.
Removing empty process `riscv32_core_reset_boundary.$12121'.
Found and cleaned up 1 empty switch in `\riscv32_core_reset_boundary.$12110'.
Found and cleaned up 1 empty switch in `\riscv32_core_reset_boundary.$12104'.
Found and cleaned up 1 empty switch in `\riscv32_core_reset_boundary.$12065'.
Found and cleaned up 1 empty switch in `\riscv32_core_reset_boundary.$12055'.
Found and cleaned up 1 empty switch in `\riscv32_core_reset_boundary.$12048'.
Removing empty process `riscv32_core_reset_boundary.$12045'.
Found and cleaned up 1 empty switch in `\riscv32_core_reset_boundary.$12018'.
Removing empty process `riscv32_core_reset_boundary.$12017'.
Removing empty process `riscv32_core_reset_boundary.$12007'.
Found and cleaned up 1 empty switch in `\riscv32_core_reset_boundary.$12001'.
Found and cleaned up 1 empty switch in `\riscv32_core_reset_boundary.$11998'.
Found and cleaned up 1 empty switch in `\riscv32_core_reset_boundary.$11991'.
Removing empty process `riscv32_core_reset_boundary.$11977'.
Removing empty process `riscv32_core_reset_boundary.$11968'.
Found and cleaned up 1 empty switch in `\riscv32_core_reset_boundary.$11950'.
Found and cleaned up 1 empty switch in `\riscv32_core_reset_boundary.$11944'.
Found and cleaned up 1 empty switch in `\riscv32_core_reset_boundary.$11932'.
Found and cleaned up 1 empty switch in `\riscv32_core_reset_boundary.$11924'.
Found and cleaned up 1 empty switch in `\riscv32_core_reset_boundary.$11912'.
Found and cleaned up 1 empty switch in `\riscv32_core_reset_boundary.$11905'.
Found and cleaned up 1 empty switch in `\riscv32_core_reset_boundary.$11889'.
Found and cleaned up 1 empty switch in `\riscv32_core_reset_boundary.$11887'.
Found and cleaned up 1 empty switch in `\riscv32_core_reset_boundary.$11857'.
Removing empty process `riscv32_core_reset_boundary.$11687'.
Found and cleaned up 1 empty switch in `\riscv32_core_reset_boundary.$11639'.
Found and cleaned up 1 empty switch in `\riscv32_core_reset_boundary.$11627'.
Removing empty process `riscv32_core_reset_boundary.$11626'.
Removing empty process `riscv32_core_reset_boundary.$11621'.
Found and cleaned up 1 empty switch in `\riscv32_core_reset_boundary.$11616'.
Removing empty process `riscv32_core_reset_boundary.$11613'.
Found and cleaned up 3 empty switches in `\riscv32_core_reset_boundary.$11594'.
Removing empty process `riscv32_core_reset_boundary.$11591'.
Found and cleaned up 3 empty switches in `\riscv32_core_reset_boundary.$11572'.
Found and cleaned up 9 empty switches in `\riscv32_core_reset_boundary.$11563'.
Found and cleaned up 2 empty switches in `\riscv32_core_reset_boundary.$11560'.
Found and cleaned up 13 empty switches in `\riscv32_core_reset_boundary.$11423'.
Removing empty process `riscv32_core_reset_boundary.$11422'.
Removing empty process `riscv32_core_reset_boundary.$11421'.
Removing empty process `riscv32_core_reset_boundary.$11418'.
Found and cleaned up 1 empty switch in `\riscv32_core_reset_boundary.$11394'.
Found and cleaned up 1 empty switch in `\riscv32_core_reset_boundary.$11381'.
Removing empty process `riscv32_core_reset_boundary.$11379'.
Removing empty process `riscv32_core_reset_boundary.$11359'.
Removing empty process `riscv32_core_reset_boundary.$11358'.
Found and cleaned up 1 empty switch in `\riscv32_core_reset_boundary.$11353'.
Found and cleaned up 1 empty switch in `\riscv32_core_reset_boundary.$11337'.
Found and cleaned up 2 empty switches in `\riscv32_core_reset_boundary.$11331'.
Removing empty process `riscv32_core_reset_boundary.$11322'.
Found and cleaned up 1 empty switch in `\riscv32_core_reset_boundary.$11305'.
Found and cleaned up 1 empty switch in `\riscv32_core_reset_boundary.$11299'.
Found and cleaned up 1 empty switch in `\riscv32_core_reset_boundary.$11290'.
Found and cleaned up 2 empty switches in `\riscv32_core_reset_boundary.$11235'.
Found and cleaned up 2 empty switches in `\riscv32_core_reset_boundary.$11148'.
Found and cleaned up 27 empty switches in `\riscv32_core_reset_boundary.$11144'.
Removing empty process `riscv32_core_reset_boundary.$11144'.
Found and cleaned up 1 empty switch in `\riscv32_core_reset_boundary.$11108'.
Found and cleaned up 27 empty switches in `\riscv32_core_reset_boundary.$11107'.
Removing empty process `riscv32_core_reset_boundary.$11107'.
Found and cleaned up 1 empty switch in `\riscv32_core_reset_boundary.$11090'.
Found and cleaned up 1 empty switch in `\riscv32_core_reset_boundary.$11089'.
Found and cleaned up 1 empty switch in `\riscv32_core_reset_boundary.$11064'.
Removing empty process `riscv32_core_reset_boundary.$11044'.
Found and cleaned up 1 empty switch in `\riscv32_core_reset_boundary.$11029'.
Removing empty process `riscv32_core_reset_boundary.$10998'.
Removing empty process `riscv32_core_reset_boundary.$10995'.
Removing empty process `riscv32_core_reset_boundary.$10994'.
Removing empty process `riscv32_core_reset_boundary.$10993'.
Removing empty process `riscv32_core_reset_boundary.$10990'.
Found and cleaned up 1 empty switch in `\riscv32_core_reset_boundary.$10951'.
Removing empty process `riscv32_core_reset_boundary.$10945'.
Found and cleaned up 1 empty switch in `\riscv32_core_reset_boundary.$10916'.
Found and cleaned up 1 empty switch in `\riscv32_core_reset_boundary.$10895'.
Found and cleaned up 1 empty switch in `\riscv32_core_reset_boundary.$10883'.
Found and cleaned up 1 empty switch in `\riscv32_core_reset_boundary.$10863'.
Found and cleaned up 1 empty switch in `\riscv32_core_reset_boundary.$9692'.
Found and cleaned up 48 empty switches in `\riscv32_core_reset_boundary.$9058'.
Found and cleaned up 2 empty switches in `\riscv32_core_reset_boundary.$8801'.
Removing empty process `riscv32_core_reset_boundary.$8801'.
Found and cleaned up 1 empty switch in `\riscv32_core_reset_boundary.$8789'.
Found and cleaned up 1 empty switch in `\riscv32_core_reset_boundary.$8740'.
Found and cleaned up 1 empty switch in `\riscv32_core_reset_boundary.$523'.
Removing empty process `riscv32_core_reset_boundary.$520'.
Removing empty process `riscv32_core_reset_boundary.$519'.
Found and cleaned up 1 empty switch in `\riscv32_core_reset_boundary.$457'.
Removing empty process `riscv32_core_reset_boundary.$457'.
Found and cleaned up 1 empty switch in `\riscv32_core_reset_boundary.$455'.
Removing empty process `riscv32_core_reset_boundary.$455'.
Found and cleaned up 3 empty switches in `\riscv32_core_reset_boundary.$337'.
Found and cleaned up 2 empty switches in `\riscv32_core_reset_boundary.$267'.
Found and cleaned up 1 empty switch in `\riscv32_core_reset_boundary.$253'.
Found and cleaned up 1 empty switch in `\riscv32_core_reset_boundary.$241'.
Found and cleaned up 1 empty switch in `\riscv32_core_reset_boundary.$240'.
Removing empty process `riscv32_core_reset_boundary.$240'.
Found and cleaned up 1 empty switch in `\riscv32_core_reset_boundary.$238'.
Removing empty process `riscv32_core_reset_boundary.$238'.
Found and cleaned up 1 empty switch in `\riscv32_core_reset_boundary.$231'.
Removing empty process `riscv32_core_reset_boundary.$188'.
Found and cleaned up 1 empty switch in `\riscv32_core_reset_boundary.$170'.
Found and cleaned up 1 empty switch in `\riscv32_core_reset_boundary.$155'.
Found and cleaned up 1 empty switch in `\riscv32_core_reset_boundary.$140'.
Removing empty process `riscv32_core_reset_boundary.$140'.
Found and cleaned up 2 empty switches in `\riscv32_core_reset_boundary.$133'.
Found and cleaned up 1 empty switch in `\riscv32_core_reset_boundary.$56'.
Found and cleaned up 1 empty switch in `\riscv32_core_reset_boundary.$42'.
Removing empty process `riscv32_core_reset_boundary.$39'.
Found and cleaned up 1 empty switch in `\riscv32_core_reset_boundary.$27'.
Removing empty process `riscv32_core_reset_boundary.$3'.
Removing empty process `riscv32_core_reset_boundary.$0'.
Cleaned up 247 empty switches.

1.3. Executing TRIBUF pass.

1.4. Executing PROC_RMDEAD pass (remove dead branches from decision trees).
Removed 2 dead cases from process $12065 in module riscv32_core_reset_boundary.
Marked 2 switch rules as full_case in process $12065 in module riscv32_core_reset_boundary.
Marked 1 switch rules as full_case in process $12055 in module riscv32_core_reset_boundary.
Removed 1 dead cases from process $12048 in module riscv32_core_reset_boundary.
Marked 4 switch rules as full_case in process $13261 in module riscv32_core_reset_boundary.
Removed 2 dead cases from process $12018 in module riscv32_core_reset_boundary.
Marked 2 switch rules as full_case in process $12018 in module riscv32_core_reset_boundary.
Marked 9 switch rules as full_case in process $13145 in module riscv32_core_reset_boundary.
Marked 1 switch rules as full_case in process $13126 in module riscv32_core_reset_boundary.
Marked 1 switch rules as full_case in process $11998 in module riscv32_core_reset_boundary.
Removed 1 dead cases from process $12896 in module riscv32_core_reset_boundary.
Marked 21 switch rules as full_case in process $12896 in module riscv32_core_reset_boundary.
Marked 6 switch rules as full_case in process $12831 in module riscv32_core_reset_boundary.
Marked 3 switch rules as full_case in process $11950 in module riscv32_core_reset_boundary.
Marked 2 switch rules as full_case in process $11889 in module riscv32_core_reset_boundary.
Marked 10 switch rules as full_case in process $11857 in module riscv32_core_reset_boundary.
Marked 3 switch rules as full_case in process $12809 in module riscv32_core_reset_boundary.
Marked 5 switch rules as full_case in process $11639 in module riscv32_core_reset_boundary.
Marked 1 switch rules as full_case in process $11627 in module riscv32_core_reset_boundary.
Marked 5 switch rules as full_case in process $11594 in module riscv32_core_reset_boundary.
Marked 1 switch rules as full_case in process $13188 in module riscv32_core_reset_boundary.
Marked 5 switch rules as full_case in process $11572 in module riscv32_core_reset_boundary.
Removed 2 dead cases from process $11423 in module riscv32_core_reset_boundary.
Marked 38 switch rules as full_case in process $11423 in module riscv32_core_reset_boundary.
Marked 6 switch rules as full_case in process $12729 in module riscv32_core_reset_boundary.
Marked 1 switch rules as full_case in process $12696 in module riscv32_core_reset_boundary.
Marked 7 switch rules as full_case in process $11394 in module riscv32_core_reset_boundary.
Marked 4 switch rules as full_case in process $13225 in module riscv32_core_reset_boundary.
Marked 2 switch rules as full_case in process $11353 in module riscv32_core_reset_boundary.
Removed 1 dead cases from process $11337 in module riscv32_core_reset_boundary.
Marked 3 switch rules as full_case in process $11337 in module riscv32_core_reset_boundary.
Marked 2 switch rules as full_case in process $11331 in module riscv32_core_reset_boundary.
Marked 1 switch rules as full_case in process $12636 in module riscv32_core_reset_boundary.
Marked 4 switch rules as full_case in process $11305 in module riscv32_core_reset_boundary.
Marked 2 switch rules as full_case in process $11299 in module riscv32_core_reset_boundary.
Marked 1 switch rules as full_case in process $11290 in module riscv32_core_reset_boundary.
Marked 3 switch rules as full_case in process $11235 in module riscv32_core_reset_boundary.
Marked 6 switch rules as full_case in process $11148 in module riscv32_core_reset_boundary.
Marked 1 switch rules as full_case in process $12618 in module riscv32_core_reset_boundary.
Marked 1 switch rules as full_case in process $11108 in module riscv32_core_reset_boundary.
Marked 1 switch rules as full_case in process $11089 in module riscv32_core_reset_boundary.
Marked 9 switch rules as full_case in process $12472 in module riscv32_core_reset_boundary.
Marked 3 switch rules as full_case in process $11029 in module riscv32_core_reset_boundary.
Marked 1 switch rules as full_case in process $12346 in module riscv32_core_reset_boundary.
Marked 4 switch rules as full_case in process $12271 in module riscv32_core_reset_boundary.
Marked 1 switch rules as full_case in process $12256 in module riscv32_core_reset_boundary.
Marked 2 switch rules as full_case in process $13250 in module riscv32_core_reset_boundary.
Removed 1 dead cases from process $10951 in module riscv32_core_reset_boundary.
Marked 7 switch rules as full_case in process $10951 in module riscv32_core_reset_boundary.
Marked 2 switch rules as full_case in process $12248 in module riscv32_core_reset_boundary.
Removed 1 dead cases from process $10916 in module riscv32_core_reset_boundary.
Marked 3 switch rules as full_case in process $10863 in module riscv32_core_reset_boundary.
Marked 100 switch rules as full_case in process $9692 in module riscv32_core_reset_boundary.
Marked 177 switch rules as full_case in process $9058 in module riscv32_core_reset_boundary.
Marked 3 switch rules as full_case in process $13292 in module riscv32_core_reset_boundary.
Marked 4 switch rules as full_case in process $8789 in module riscv32_core_reset_boundary.
Marked 3 switch rules as full_case in process $8740 in module riscv32_core_reset_boundary.
Marked 9 switch rules as full_case in process $13041 in module riscv32_core_reset_boundary.
Marked 3 switch rules as full_case in process $12227 in module riscv32_core_reset_boundary.
Marked 1 switch rules as full_case in process $337 in module riscv32_core_reset_boundary.
Marked 1 switch rules as full_case in process $253 in module riscv32_core_reset_boundary.
Marked 3 switch rules as full_case in process $241 in module riscv32_core_reset_boundary.
Marked 4 switch rules as full_case in process $12175 in module riscv32_core_reset_boundary.
Marked 8 switch rules as full_case in process $12169 in module riscv32_core_reset_boundary.
Marked 8 switch rules as full_case in process $231 in module riscv32_core_reset_boundary.
Marked 5 switch rules as full_case in process $13028 in module riscv32_core_reset_boundary.
Marked 2 switch rules as full_case in process $133 in module riscv32_core_reset_boundary.
Marked 6 switch rules as full_case in process $56 in module riscv32_core_reset_boundary.
Marked 3 switch rules as full_case in process $12998 in module riscv32_core_reset_boundary.
Marked 5 switch rules as full_case in process $27 in module riscv32_core_reset_boundary.
Marked 6 switch rules as full_case in process $12110 in module riscv32_core_reset_boundary.
Marked 1 switch rules as full_case in process $12104 in module riscv32_core_reset_boundary.
Removed a total of 11 dead cases.

1.5. Executing PROC_PRUNE pass (remove redundant assignments in processes).
Removed 170 redundant assignments.
Promoted 1 assignment to connection.

1.6. Executing PROC_INIT pass (extract init attributes).

1.7. Executing PROC_ROM pass (convert switches to ROMs).
Converted 0 switches.
<suppressed ~9114 debug messages>

1.8. Executing PROC_MUX pass (convert decision trees to multiplexers).
Creating decoders for process `\riscv32_core_reset_boundary.$12065'.
     1/7: $u_core.u_lsu.memory_writeback[309]$12091
     2/7: $u_core.u_lsu.memory_writeback[234:165]$12090
     3/7: $u_core.u_lsu.memory_writeback[67:36]$12089
     4/7: $12085
     5/7: $u_core.u_lsu.request_store_byte_strobe.request_store_byte_strobe$12084
     6/7: $12078
     7/7: $u_core.u_lsu.request_store_write_data.request_store_write_data$12077
Creating decoders for process `\riscv32_core_reset_boundary.$12055'.
     1/4: $u_core.u_lsu.local_writeback[309]$12064
     2/4: $u_core.u_lsu.local_writeback[196:165]$12063
     3/4: $u_core.u_lsu.local_writeback[3:0]$12062
     4/4: $u_core.u_lsu.local_writeback[234:197]$12061
Creating decoders for process `\riscv32_core_reset_boundary.$12048'.
     1/1: $u_core.u_lsu.formatted_load_data$12054
Creating decoders for process `\riscv32_core_reset_boundary.$13261'.
     1/21: $u_core.u_trap_ctrl.redirect_req_valid_o$13273
     2/21: $u_core.u_trap_ctrl.redirect_req_o[73:10]$13272
     3/21: $u_core.u_trap_ctrl.redirect_req_o[3:0]$13271
     4/21: $u_core.u_trap_ctrl.trap_tval_o$13270
     5/21: $u_core.u_trap_ctrl.trap_cause_o$13269
     6/21: $u_core.u_trap_ctrl.trap_pc_o$13268
     7/21: $u_core.u_trap_ctrl.trap_valid_o$13267
     8/21: $u_core.u_trap_ctrl.redirect_req_valid_o$13280
     9/21: $u_core.u_trap_ctrl.redirect_req_o[73:10]$13279
    10/21: $u_core.u_trap_ctrl.redirect_req_o[3:0]$13278
    11/21: $u_core.u_trap_ctrl.trap_tval_o$13277
    12/21: $u_core.u_trap_ctrl.trap_cause_o$13276
    13/21: $u_core.u_trap_ctrl.trap_pc_o$13275
    14/21: $u_core.u_trap_ctrl.trap_valid_o$13274
    15/21: $u_core.u_trap_ctrl.redirect_req_valid_o$13287
    16/21: $u_core.u_trap_ctrl.redirect_req_o[73:10]$13286
    17/21: $u_core.u_trap_ctrl.redirect_req_o[3:0]$13285
    18/21: $u_core.u_trap_ctrl.trap_tval_o$13284
    19/21: $u_core.u_trap_ctrl.trap_cause_o$13283
    20/21: $u_core.u_trap_ctrl.trap_pc_o$13282
    21/21: $u_core.u_trap_ctrl.trap_valid_o$13281
Creating decoders for process `\riscv32_core_reset_boundary.$12018'.
     1/6: $12044
     2/6: $u_core.u_lsu.request_store_byte_strobe.request_store_byte_strobe$12043
     3/6: $12039
     4/6: $u_core.u_lsu.request_store_write_data.request_store_write_data$12038
     5/6: $12027
     6/6: $u_core.u_lsu.request_address_misaligned.request_address_misaligned$12026
Creating decoders for process `\riscv32_core_reset_boundary.$13145'.
     1/16: $u_core.u_data_mem.u_uncached_axi.state_d$13166
     2/16: $u_core.u_data_mem.u_uncached_axi.write_data_pending_d$13168
     3/16: $u_core.u_data_mem.u_uncached_axi.write_address_pending_d$13167
     4/16: $u_core.u_data_mem.u_uncached_axi.write_data_pending_d$13172
     5/16: $u_core.u_data_mem.u_uncached_axi.write_address_pending_d$13171
     6/16: $u_core.u_data_mem.u_uncached_axi.request_context_d$13170
     7/16: $u_core.u_data_mem.u_uncached_axi.state_d$13169
     8/16: $u_core.u_data_mem.u_uncached_axi.state_d$13156
     9/16: $u_core.u_data_mem.u_uncached_axi.state_d$13155
    10/16: $u_core.u_data_mem.u_uncached_axi.write_data_pending_d$13149
    11/16: $u_core.u_data_mem.u_uncached_axi.write_address_pending_d$13148
    12/16: $u_core.u_data_mem.u_uncached_axi.state_d$13147
    13/16: $u_core.u_data_mem.u_uncached_axi.state_d$13146
    14/16: $u_core.u_data_mem.u_uncached_axi.write_data_pending_d$13159
    15/16: $u_core.u_data_mem.u_uncached_axi.write_address_pending_d$13158
    16/16: $u_core.u_data_mem.u_uncached_axi.state_d$13157
Creating decoders for process `\riscv32_core_reset_boundary.$13126'.
     1/10: $u_core.u_data_mem.u_uncached_axi.axi_manager_o[90]$13144
     2/10: $u_core.u_data_mem.u_uncached_axi.axi_manager_o[52]$13143
     3/10: $u_core.u_data_mem.u_uncached_axi.axi_manager_o[1]$13142
     4/10: $u_core.u_data_mem.u_uncached_axi.axi_manager_o[52:51]$13136 [1]
     5/10: $u_core.u_data_mem.u_uncached_axi.axi_manager_o[52:51]$13136 [0]
     6/10: $u_core.u_data_mem.u_uncached_axi.axi_manager_o[1:0]$13135 [0]
     7/10: $u_core.u_data_mem.u_uncached_axi.axi_manager_o[1:0]$13135 [1]
     8/10: $u_core.u_data_mem.u_uncached_axi.axi_manager_o[90]$13137
     9/10: $u_core.u_data_mem.u_uncached_axi.data_memory_resp_valid_o$13134
    10/10: $u_core.u_data_mem.u_uncached_axi.data_memory_resp_o$13133
Creating decoders for process `\riscv32_core_reset_boundary.$12001'.
     1/2: $u_core.u_ex_result_reg.predicted_next_pc_q$12006
     2/2: $u_core.u_ex_result_reg.execute_result_q$12005
Creating decoders for process `\riscv32_core_reset_boundary.$11998'.
     1/2: $u_core.u_ex_result_reg.execute_result_valid_d$12000
     2/2: $u_core.u_ex_result_reg.execute_result_valid_d$11999
Creating decoders for process `\riscv32_core_reset_boundary.$11991'.
     1/1: $u_core.u_ex_result_reg.resolved_result_o[74]$11997
Creating decoders for process `\riscv32_core_reset_boundary.$12896'.
     1/48: $u_core.u_data_mem.gen_dcache.u_dcache.u_miss_unit.writeback_response_pending_d$12968
     2/48: $u_core.u_data_mem.gen_dcache.u_dcache.u_miss_unit.state_d$12967
     3/48: $u_core.u_data_mem.gen_dcache.u_dcache.u_miss_unit.victim_word_index_d$12965
     4/48: $u_core.u_data_mem.gen_dcache.u_dcache.u_miss_unit.state_d$12964
     5/48: $u_core.u_data_mem.gen_dcache.u_dcache.u_miss_unit.state_d$12950
     6/48: $u_core.u_data_mem.gen_dcache.u_dcache.u_miss_unit.victim_word_index_d$12948
     7/48: $u_core.u_data_mem.gen_dcache.u_dcache.u_miss_unit.state_d$12947
     8/48: $u_core.u_data_mem.gen_dcache.u_dcache.u_miss_unit.state_d$12940
     9/48: $u_core.u_data_mem.gen_dcache.u_dcache.u_miss_unit.state_d$12941
    10/48: $u_core.u_data_mem.gen_dcache.u_dcache.u_miss_unit.requested_word_data_d$12937
    11/48: $u_core.u_data_mem.gen_dcache.u_dcache.u_miss_unit.transaction_access_fault_d$12944
    12/48: $u_core.u_data_mem.gen_dcache.u_dcache.u_miss_unit.requested_word_data_d$12943
    13/48: $u_core.u_data_mem.gen_dcache.u_dcache.u_miss_unit.state_d$12942
    14/48: $u_core.u_data_mem.gen_dcache.u_dcache.u_miss_unit.state_d$12935
    15/48: $u_core.u_data_mem.gen_dcache.u_dcache.u_miss_unit.state_d$12934
    16/48: $u_core.u_data_mem.gen_dcache.u_dcache.u_miss_unit.state_d$12930
    17/48: $u_core.u_data_mem.gen_dcache.u_dcache.u_miss_unit.victim_word_index_d$12931
    18/48: $u_core.u_data_mem.gen_dcache.u_dcache.u_miss_unit.victim_tag_d$12911
    19/48: $u_core.u_data_mem.gen_dcache.u_dcache.u_miss_unit.active_way_index_d$12910
    20/48: $u_core.u_data_mem.gen_dcache.u_dcache.u_miss_unit.active_set_index_d$12909
    21/48: $u_core.u_data_mem.gen_dcache.u_dcache.u_miss_unit.clean_operation_d$12908
    22/48: $u_core.u_data_mem.gen_dcache.u_dcache.u_miss_unit.miss_context_d$12907
    23/48: $u_core.u_data_mem.gen_dcache.u_dcache.u_miss_unit.state_d$12906
    24/48: $u_core.u_data_mem.gen_dcache.u_dcache.u_miss_unit.victim_tag_d$12917
    25/48: $u_core.u_data_mem.gen_dcache.u_dcache.u_miss_unit.active_way_index_d$12916
    26/48: $u_core.u_data_mem.gen_dcache.u_dcache.u_miss_unit.active_set_index_d$12915
    27/48: $u_core.u_data_mem.gen_dcache.u_dcache.u_miss_unit.clean_operation_d$12914
    28/48: $u_core.u_data_mem.gen_dcache.u_dcache.u_miss_unit.state_d$12912
    29/48: $u_core.u_data_mem.gen_dcache.u_dcache.u_miss_unit.miss_context_d$12913
    30/48: $u_core.u_data_mem.gen_dcache.u_dcache.u_miss_unit.writeback_response_pending_d$12962
    31/48: $u_core.u_data_mem.gen_dcache.u_dcache.u_miss_unit.clean_access_fault_d$12961
    32/48: $u_core.u_data_mem.gen_dcache.u_dcache.u_miss_unit.transaction_access_fault_d$12960
    33/48: $u_core.u_data_mem.gen_dcache.u_dcache.u_miss_unit.requested_word_data_d$12959
    34/48: $u_core.u_data_mem.gen_dcache.u_dcache.u_miss_unit.victim_line_data_d$12958
    35/48: $u_core.u_data_mem.gen_dcache.u_dcache.u_miss_unit.victim_word_index_d$12957
    36/48: $u_core.u_data_mem.gen_dcache.u_dcache.u_miss_unit.victim_tag_d$12956
    37/48: $u_core.u_data_mem.gen_dcache.u_dcache.u_miss_unit.active_way_index_d$12955
    38/48: $u_core.u_data_mem.gen_dcache.u_dcache.u_miss_unit.active_set_index_d$12954
    39/48: $u_core.u_data_mem.gen_dcache.u_dcache.u_miss_unit.clean_operation_d$12953
    40/48: $u_core.u_data_mem.gen_dcache.u_dcache.u_miss_unit.miss_context_d$12952
    41/48: $u_core.u_data_mem.gen_dcache.u_dcache.u_miss_unit.state_d$12951
    42/48: $u_core.u_data_mem.gen_dcache.u_dcache.u_miss_unit.clean_access_fault_d$12898
    43/48: $u_core.u_data_mem.gen_dcache.u_dcache.u_miss_unit.transaction_access_fault_d$12897
    44/48: $u_core.u_data_mem.gen_dcache.u_dcache.u_miss_unit.clean_access_fault_d$12900
    45/48: $u_core.u_data_mem.gen_dcache.u_dcache.u_miss_unit.transaction_access_fault_d$12899
    46/48: $u_core.u_data_mem.gen_dcache.u_dcache.u_miss_unit.writeback_response_pending_d$12903
    47/48: $u_core.u_data_mem.gen_dcache.u_dcache.u_miss_unit.clean_access_fault_d$12902
    48/48: $u_core.u_data_mem.gen_dcache.u_dcache.u_miss_unit.transaction_access_fault_d$12901
Creating decoders for process `\riscv32_core_reset_boundary.$12831'.
     1/34: $u_core.u_data_mem.gen_dcache.u_dcache.u_miss_unit.metadata_write_line_dirty_o$12895
     2/34: $u_core.u_data_mem.gen_dcache.u_dcache.u_miss_unit.metadata_write_line_present_o$12894
     3/34: $u_core.u_data_mem.gen_dcache.u_dcache.u_miss_unit.metadata_write_valid_o$12893
     4/34: $u_core.u_data_mem.gen_dcache.u_dcache.u_miss_unit.clean_access_fault_o$12892
     5/34: $u_core.u_data_mem.gen_dcache.u_dcache.u_miss_unit.clean_done_o$12891
     6/34: $u_core.u_data_mem.gen_dcache.u_dcache.u_miss_unit.line_install_event_o$12888
     7/34: $u_core.u_data_mem.gen_dcache.u_dcache.u_miss_unit.metadata_write_line_dirty_o$12887
     8/34: $u_core.u_data_mem.gen_dcache.u_dcache.u_miss_unit.metadata_write_line_present_o$12886
     9/34: $u_core.u_data_mem.gen_dcache.u_dcache.u_miss_unit.metadata_write_tag_o$12885
    10/34: $u_core.u_data_mem.gen_dcache.u_dcache.u_miss_unit.metadata_write_valid_o$12884
    11/34: $u_core.u_data_mem.gen_dcache.u_dcache.u_miss_unit.miss_resp_valid_o$12883
    12/34: $u_core.u_data_mem.gen_dcache.u_dcache.u_miss_unit.miss_resp_o$12882
    13/34: $u_core.u_data_mem.gen_dcache.u_dcache.u_miss_unit.writeback_line_data_o[127:96]$12876
    14/34: $u_core.u_data_mem.gen_dcache.u_dcache.u_miss_unit.writeback_req_valid_o$12878
    15/34: $u_core.u_data_mem.gen_dcache.u_dcache.u_miss_unit.writeback_line_data_o[127:96]$12877
    16/34: $u_core.u_data_mem.gen_dcache.u_dcache.u_miss_unit.data_write_valid_o$12851
    17/34: $u_core.u_data_mem.gen_dcache.u_dcache.u_miss_unit.victim_read_word_index_o$12848
    18/34: $u_core.u_data_mem.gen_dcache.u_dcache.u_miss_unit.victim_read_enable_o$12847
    19/34: $u_core.u_data_mem.gen_dcache.u_dcache.u_miss_unit.refill_resp_ready_o$12869
    20/34: $u_core.u_data_mem.gen_dcache.u_dcache.u_miss_unit.refill_req_valid_o$12868
    21/34: $u_core.u_data_mem.gen_dcache.u_dcache.u_miss_unit.refill_req_o$12867
    22/34: $u_core.u_data_mem.gen_dcache.u_dcache.u_miss_unit.metadata_write_line_dirty_o$12866
    23/34: $u_core.u_data_mem.gen_dcache.u_dcache.u_miss_unit.metadata_write_line_present_o$12865
    24/34: $u_core.u_data_mem.gen_dcache.u_dcache.u_miss_unit.metadata_write_way_index_o$12864
    25/34: $u_core.u_data_mem.gen_dcache.u_dcache.u_miss_unit.metadata_write_set_index_o$12863
    26/34: $u_core.u_data_mem.gen_dcache.u_dcache.u_miss_unit.metadata_write_valid_o$12862
    27/34: $u_core.u_data_mem.gen_dcache.u_dcache.u_miss_unit.data_write_word_data_o$12861
    28/34: $u_core.u_data_mem.gen_dcache.u_dcache.u_miss_unit.data_write_word_index_o$12860
    29/34: $u_core.u_data_mem.gen_dcache.u_dcache.u_miss_unit.data_write_valid_o$12859
    30/34: $u_core.u_data_mem.gen_dcache.u_dcache.u_miss_unit.victim_read_word_index_o$12858
    31/34: $u_core.u_data_mem.gen_dcache.u_dcache.u_miss_unit.victim_read_set_index_o$12857
    32/34: $u_core.u_data_mem.gen_dcache.u_dcache.u_miss_unit.victim_read_enable_o$12856
    33/34: $u_core.u_data_mem.gen_dcache.u_dcache.u_miss_unit.miss_resp_valid_o$12855
    34/34: $u_core.u_data_mem.gen_dcache.u_dcache.u_miss_unit.miss_resp_o$12854
Creating decoders for process `\riscv32_core_reset_boundary.$11950'.
     1/8: $u_core.u_exu.exu_result[171:140]$11967
     2/8: $u_core.u_exu.exu_result[139:108]$11966
     3/8: $u_core.u_exu.exu_result[284]$11964
     4/8: $u_core.u_exu.exu_result[209:172]$11963
     5/8: $u_core.u_exu.exu_result[74]$11962
     6/8: $u_core.u_exu.exu_result[284]$11959
     7/8: $u_core.u_exu.exu_result[215]$11958
     8/8: $u_core.u_exu.exu_result[209:172]$11957
Creating decoders for process `\riscv32_core_reset_boundary.$11944'.
     1/1: $u_core.u_exu.csr_wdata$11948
Creating decoders for process `\riscv32_core_reset_boundary.$11932'.
     1/2: $u_core.u_exu.branch_target$11938
     2/2: $u_core.u_exu.branch_taken$11937
Creating decoders for process `\riscv32_core_reset_boundary.$11924'.
     1/1: $u_core.u_exu.branch_condition_met$11931
Creating decoders for process `\riscv32_core_reset_boundary.$11912'.
     1/2: $u_core.u_exu.alu_result$11923 [31:1]
     2/2: $u_core.u_exu.alu_result$11923 [0]
Creating decoders for process `\riscv32_core_reset_boundary.$11905'.
     1/1: $u_core.u_exu.word_result$11911
Creating decoders for process `\riscv32_core_reset_boundary.$11889'.
     1/8: $u_core.u_id_ex_reg.serializing_instruction_present_q$11898
     2/8: $u_core.u_id_ex_reg.blocking_producer_present_q$11897
     3/8: $u_core.u_id_ex_reg.forwardable_producer_present_q$11896
     4/8: $u_core.u_id_ex_reg.execute_packet_valid_q$11895
     5/8: $u_core.u_id_ex_reg.serializing_instruction_present_q$11902
     6/8: $u_core.u_id_ex_reg.blocking_producer_present_q$11901
     7/8: $u_core.u_id_ex_reg.forwardable_producer_present_q$11900
     8/8: $u_core.u_id_ex_reg.execute_packet_valid_q$11899
Creating decoders for process `\riscv32_core_reset_boundary.$11887'.
     1/1: $u_core.u_id_ex_reg.execute_packet_q$11888
Creating decoders for process `\riscv32_core_reset_boundary.$11857'.
     1/11: $u_core.u_operand_mux.decoded_execute_packet_o[64:33]$11869
     2/11: $u_core.u_operand_mux.decoded_execute_packet_o[96:65]$11868
     3/11: $u_core.u_operand_mux.decoded_execute_packet_o[64:33]$11867
     4/11: $u_core.u_operand_mux.decoded_execute_packet_o[96:65]$11866
     5/11: $u_core.u_operand_mux.decoded_execute_packet_o[64:33]$11865
     6/11: $u_core.u_operand_mux.decoded_execute_packet_o[96:65]$11864
     7/11: $u_core.u_operand_mux.decoded_execute_packet_o[64:33]$11863
     8/11: $u_core.u_operand_mux.decoded_execute_packet_o[96:65]$11862
     9/11: $u_core.u_operand_mux.decoded_execute_packet_o[64:33]$11860
    10/11: $u_core.u_operand_mux.decoded_execute_packet_o[96:65]$11859
    11/11: $u_core.u_operand_mux.decoded_execute_packet_o[96:33]$11861
Creating decoders for process `\riscv32_core_reset_boundary.$12809'.
     1/4: $$root.riscv32_pkg.merge_store_bytes.merged_word[31:24]$12808
     2/4: $$root.riscv32_pkg.merge_store_bytes.merged_word[23:16]$12807
     3/4: $$root.riscv32_pkg.merge_store_bytes.merged_word[15:8]$12806
     4/4: $$root.riscv32_pkg.merge_store_bytes.merged_word[7:0]$12805
Creating decoders for process `\riscv32_core_reset_boundary.$11639'.
     1/36: $u_core.u_csr_file.mtval_q$11650
     2/36: $u_core.u_csr_file.mcause_code_q$11649
     3/36: $u_core.u_csr_file.mcause_interrupt_q$11648
     4/36: $u_core.u_csr_file.mepc_base_q$11647
     5/36: $u_core.u_csr_file.mscratch_q$11646
     6/36: $u_core.u_csr_file.mtvec_base_q$11645
     7/36: $u_core.u_csr_file.mie_mtie_q$11644
     8/36: $u_core.u_csr_file.mstatus_mpie_q$11643
     9/36: $u_core.u_csr_file.mstatus_mie_q$11642
    10/36: $u_core.u_csr_file.mtval_q$11659
    11/36: $u_core.u_csr_file.mcause_code_q$11658
    12/36: $u_core.u_csr_file.mcause_interrupt_q$11657
    13/36: $u_core.u_csr_file.mepc_base_q$11656
    14/36: $u_core.u_csr_file.mscratch_q$11655
    15/36: $u_core.u_csr_file.mtvec_base_q$11654
    16/36: $u_core.u_csr_file.mie_mtie_q$11653
    17/36: $u_core.u_csr_file.mstatus_mpie_q$11652
    18/36: $u_core.u_csr_file.mstatus_mie_q$11651
    19/36: $u_core.u_csr_file.mstatus_mpie_q$11661
    20/36: $u_core.u_csr_file.mstatus_mie_q$11660
    21/36: $u_core.u_csr_file.mtval_q$11668
    22/36: $u_core.u_csr_file.mcause_code_q$11667
    23/36: $u_core.u_csr_file.mcause_interrupt_q$11666
    24/36: $u_core.u_csr_file.mepc_base_q$11665
    25/36: $u_core.u_csr_file.mscratch_q$11664
    26/36: $u_core.u_csr_file.mtvec_base_q$11663
    27/36: $u_core.u_csr_file.mie_mtie_q$11662
    28/36: $u_core.u_csr_file.mtval_q$11677
    29/36: $u_core.u_csr_file.mcause_code_q$11676
    30/36: $u_core.u_csr_file.mcause_interrupt_q$11675
    31/36: $u_core.u_csr_file.mepc_base_q$11674
    32/36: $u_core.u_csr_file.mstatus_mpie_q$11670
    33/36: $u_core.u_csr_file.mstatus_mie_q$11669
    34/36: $u_core.u_csr_file.mscratch_q$11673
    35/36: $u_core.u_csr_file.mtvec_base_q$11672
    36/36: $u_core.u_csr_file.mie_mtie_q$11671
Creating decoders for process `\riscv32_core_reset_boundary.$11627'.
     1/3: $u_core.u_csr_file.csr_read_data_o$11638
     2/3: $u_core.u_csr_file.csr_selected_read_data$11629
     3/3: $u_core.u_csr_file.csr_addr_implemented$11628
Creating decoders for process `\riscv32_core_reset_boundary.$12770'.
     1/6: $u_core.u_data_mem.gen_dcache.u_dcache.metadata_write_line_dirty$12780
     2/6: $u_core.u_data_mem.gen_dcache.u_dcache.metadata_write_line_present$12779
     3/6: $u_core.u_data_mem.gen_dcache.u_dcache.metadata_write_tag$12778
     4/6: $u_core.u_data_mem.gen_dcache.u_dcache.metadata_write_way_index$12777
     5/6: $u_core.u_data_mem.gen_dcache.u_dcache.metadata_write_set_index$12776
     6/6: $u_core.u_data_mem.gen_dcache.u_dcache.metadata_write_valid$12775
Creating decoders for process `\riscv32_core_reset_boundary.$12759'.
     1/5: $u_core.u_data_mem.gen_dcache.u_dcache.data_write_byte_strobe$12769
     2/5: $u_core.u_data_mem.gen_dcache.u_dcache.data_write_word_index$12768
     3/5: $u_core.u_data_mem.gen_dcache.u_dcache.data_write_way_index$12767
     4/5: $u_core.u_data_mem.gen_dcache.u_dcache.data_write_set_index$12766
     5/5: $u_core.u_data_mem.gen_dcache.u_dcache.data_write_valid$12765
Creating decoders for process `\riscv32_core_reset_boundary.$11616'.
     1/2: $u_core.u_csr_file.u_pmu.minstret_inhibit_d$11620
     2/2: $u_core.u_csr_file.u_pmu.mcycle_inhibit_d$11619
Creating decoders for process `\riscv32_core_reset_boundary.$13191'.
     1/1: $u_core.u_wb_reg.writeback_result_q$13193
Creating decoders for process `\riscv32_core_reset_boundary.$11594'.
     1/9: $u_core.u_csr_file.u_pmu.minstret_high_d$11606
     2/9: $u_core.u_csr_file.u_pmu.minstret_high_d$11608
     3/9: $u_core.u_csr_file.u_pmu.minstret_low_d$11607
     4/9: $u_core.u_csr_file.u_pmu.minstret_high_d$11610
     5/9: $u_core.u_csr_file.u_pmu.minstret_low_d$11609
     6/9: $u_core.u_csr_file.u_pmu.minstret_high_d$11612
     7/9: $u_core.u_csr_file.u_pmu.minstret_low_d$11611
     8/9: $u_core.u_csr_file.u_pmu.minstret_low_d$11597
     9/9: $u_core.u_csr_file.u_pmu.minstret_high_d$11598
Creating decoders for process `\riscv32_core_reset_boundary.$13188'.
     1/2: $u_core.u_wb_reg.writeback_result_valid_d$13190
     2/2: $u_core.u_wb_reg.writeback_result_valid_d$13189
Creating decoders for process `\riscv32_core_reset_boundary.$11572'.
     1/9: $u_core.u_csr_file.u_pmu.mcycle_high_d$11584
     2/9: $u_core.u_csr_file.u_pmu.mcycle_high_d$11586
     3/9: $u_core.u_csr_file.u_pmu.mcycle_low_d$11585
     4/9: $u_core.u_csr_file.u_pmu.mcycle_high_d$11588
     5/9: $u_core.u_csr_file.u_pmu.mcycle_low_d$11587
     6/9: $u_core.u_csr_file.u_pmu.mcycle_high_d$11590
     7/9: $u_core.u_csr_file.u_pmu.mcycle_low_d$11589
     8/9: $u_core.u_csr_file.u_pmu.mcycle_low_d$11575
     9/9: $u_core.u_csr_file.u_pmu.mcycle_high_d$11576
Creating decoders for process `\riscv32_core_reset_boundary.$11563'.
     1/8: $u_core.u_csr_file.u_pmu.csr_read_data_o$11569
     2/8: $u_core.u_csr_file.u_pmu.csr_read_select_o$11568
     3/8: $u_core.u_csr_file.u_pmu.csr_read_data_o$11567
     4/8: $u_core.u_csr_file.u_pmu.csr_read_data_o$11566
     5/8: $u_core.u_csr_file.u_pmu.csr_read_select_o$11565
     6/8: $u_core.u_csr_file.u_pmu.csr_read_data_o$11564
     7/8: $u_core.u_csr_file.u_pmu.csr_read_data_o$11571
     8/8: $u_core.u_csr_file.u_pmu.csr_read_select_o$11570
Creating decoders for process `\riscv32_core_reset_boundary.$11560'.
Creating decoders for process `\riscv32_core_reset_boundary.$11554'.
     1/1: $11558
Creating decoders for process `\riscv32_core_reset_boundary.$11423'.
     1/80: $u_core.u_idu.decoded_uop_o[112:109]$11545
     2/80: $u_core.u_idu.decoded_uop_o[68:62]$11544
     3/80: $u_core.u_idu.decoded_uop_o[43]$11543
     4/80: $u_core.u_idu.decoded_uop_o[36:0]$11541
     5/80: $u_core.u_idu.decoded_uop_o[37:0]$11542 [37]
     6/80: $u_core.u_idu.decoded_uop_o[37:0]$11542 [36:0]
     7/80: $u_core.u_idu.decoded_uop_o[114:0]$11536 [58:42]
     8/80: $u_core.u_idu.decoded_uop_o[114:0]$11536 [41:38]
     9/80: $u_core.u_idu.decoded_uop_o[41:37]$11535 [1]
    10/80: $u_core.u_idu.decoded_uop_o[41:37]$11535 [0]
    11/80: $u_core.u_idu.decoded_uop_o[114:0]$11536 [112]
    12/80: $u_core.u_idu.decoded_uop_o[44:43]$11526
    13/80: $u_core.u_idu.decoded_uop_o[37]$11525
    14/80: $u_core.u_idu.decoded_uop_o[58:57]$11527
    15/80: $u_core.u_idu.decoded_uop_o[58:39]$11532 [19:3]
    16/80: $u_core.u_idu.decoded_uop_o[58:39]$11532 [2:0]
    17/80: $u_core.u_idu.decoded_uop_o[37:0]$11531 [36:0]
    18/80: $u_core.u_idu.decoded_uop_o[37:0]$11517 [36:0]
    19/80: $u_core.u_idu.decoded_uop_o[41:39]$11518
    20/80: $u_core.u_idu.decoded_uop_o[37:0]$11519 [36:0]
    21/80: $u_core.u_idu.decoded_uop_o[41:39]$11520
    22/80: $u_core.u_idu.decoded_uop_o[37:0]$11517 [37]
    23/80: $u_core.u_idu.decoded_uop_o[114]$11534
    24/80: $u_core.u_idu.decoded_uop_o[112:109]$11533 [2:0]
    25/80: $u_core.u_idu.decoded_uop_o[37:0]$11531 [37]
    26/80: $u_core.u_idu.decoded_uop_o[37:0]$11519 [37]
    27/80: $u_core.u_idu.decoded_uop_o[114:0]$11536 [114]
    28/80: $u_core.u_idu.decoded_uop_o[114:0]$11536 [59]
    29/80: $u_core.u_idu.decoded_uop_o[61:60]$11512
    30/80: $u_core.u_idu.decoded_uop_o[37]$11511
    31/80: $u_core.u_idu.decoded_uop_o[114:0]$11536 [111:109]
    32/80: $u_core.u_idu.decoded_uop_o[41:37]$11535 [4:2]
    33/80: $u_core.u_idu.decoded_uop_o[37]$11506
    34/80: $u_core.u_idu.decoded_uop_o[61:59]$11509
    35/80: $u_core.u_idu.decoded_uop_o[37]$11508
    36/80: $u_core.u_idu.decoded_uop_o[114:0]$11536 [113]
    37/80: $u_core.u_idu.decoded_uop_o[114:0]$11536 [63:60]
    38/80: $u_core.u_idu.decoded_uop_o[37]$11507
    39/80: $u_core.u_idu.decoded_uop_o[37]$11503
    40/80: $u_core.u_idu.decoded_uop_o[37]$11510
    41/80: $u_core.u_idu.decoded_uop_o[114:0]$11536 [68:67]
    42/80: $u_core.u_idu.decoded_uop_o[66:64]$11504
    43/80: $u_core.u_idu.decoded_uop_o[114:0]$11536 [72:69]
    44/80: $u_core.u_idu.decoded_uop_o[76:73]$11496
    45/80: $u_core.u_idu.decoded_uop_o[37]$11495
    46/80: $u_core.u_idu.decoded_uop_o[76:73]$11477
    47/80: $u_core.u_idu.decoded_uop_o[114:0]$11536 [108:77]
    48/80: $u_core.u_idu.decoded_uop_o[114:0]$11536 [66:64]
    49/80: $u_core.u_idu.decoded_uop_o[114:0]$11536 [76:73]
    50/80: $u_core.u_idu.decoded_uop_o[37]$11461
    51/80: $u_core.u_idu.decoded_uop_o[76:73]$11458
    52/80: $u_core.u_idu.decoded_uop_o[37]$11457
    53/80: $u_core.u_idu.decoded_uop_o[76:73]$11460
    54/80: $u_core.u_idu.decoded_uop_o[37]$11459
    55/80: $u_core.u_idu.decoded_uop_o[37]$11454
    56/80: $u_core.u_idu.decoded_uop_o[37]$11453
    57/80: $u_core.u_idu.decoded_uop_o[76:73]$11464
    58/80: $u_core.u_idu.decoded_uop_o[37]$11463
    59/80: $u_core.u_idu.decoded_uop_o[114:0]$11536 [37]
    60/80: $u_core.u_idu.decoded_uop_o[37]$11476
    61/80: $u_core.u_idu.decoded_uop_o[76:73]$11462
    62/80: $u_core.u_idu.decoded_uop_o[37]$11502
    63/80: $u_core.u_idu.decoded_uop_o[114:0]$11536 [36:0]
    64/80: $u_core.u_idu.decoded_uop_o[112:109]$11533 [3]
    65/80: $u_core.u_idu.decoded_uop_o[37]$11446
    66/80: $u_core.u_idu.decoded_uop_o[76:73]$11442
    67/80: $u_core.u_idu.decoded_uop_o[37]$11441
    68/80: $u_core.u_idu.decoded_uop_o[76:73]$11444
    69/80: $u_core.u_idu.decoded_uop_o[37]$11443
    70/80: $u_core.u_idu.decoded_uop_o[37]$11438
    71/80: $u_core.u_idu.decoded_uop_o[37]$11436
    72/80: $u_core.u_idu.decoded_uop_o[37]$11434
    73/80: $u_core.u_idu.decoded_uop_o[37]$11432
    74/80: $u_core.u_idu.decoded_uop_o[76:73]$11450
    75/80: $u_core.u_idu.decoded_uop_o[37]$11449
    76/80: $u_core.u_idu.decoded_uop_o[76:73]$11428
    77/80: $u_core.u_idu.decoded_uop_o[37]$11427
    78/80: $u_core.u_idu.decoded_uop_o[76:73]$11430
    79/80: $u_core.u_idu.decoded_uop_o[37]$11429
    80/80: $u_core.u_idu.decoded_uop_o[37]$11448
Creating decoders for process `\riscv32_core_reset_boundary.$13181'.
     1/2: $u_core.u_completion_mux.writeback_result_valid_o$13183
     2/2: $u_core.u_completion_mux.writeback_result_o$13182
Creating decoders for process `\riscv32_core_reset_boundary.$12729'.
     1/18: $u_core.u_data_mem.gen_dcache.u_dcache.clean_way_index_d$12748
     2/18: $u_core.u_data_mem.gen_dcache.u_dcache.clean_set_index_d$12747
     3/18: $u_core.u_data_mem.gen_dcache.u_dcache.clean_state_d$12746
     4/18: $u_core.u_data_mem.gen_dcache.u_dcache.clean_state_d$12749
     5/18: $u_core.u_data_mem.gen_dcache.u_dcache.clean_way_index_d$12751
     6/18: $u_core.u_data_mem.gen_dcache.u_dcache.clean_set_index_d$12750
     7/18: $u_core.u_data_mem.gen_dcache.u_dcache.clean_access_fault_d$12740
     8/18: $u_core.u_data_mem.gen_dcache.u_dcache.clean_way_index_d$12739
     9/18: $u_core.u_data_mem.gen_dcache.u_dcache.clean_state_d$12738
    10/18: $u_core.u_data_mem.gen_dcache.u_dcache.clean_way_index_d$12735
    11/18: $u_core.u_data_mem.gen_dcache.u_dcache.clean_state_d$12734
    12/18: $u_core.u_data_mem.gen_dcache.u_dcache.clean_state_d$12741
    13/18: $u_core.u_data_mem.gen_dcache.u_dcache.clean_way_index_d$12732
    14/18: $u_core.u_data_mem.gen_dcache.u_dcache.clean_set_index_d$12731
    15/18: $u_core.u_data_mem.gen_dcache.u_dcache.clean_state_d$12730
    16/18: $u_core.u_data_mem.gen_dcache.u_dcache.clean_access_fault_d$12744
    17/18: $u_core.u_data_mem.gen_dcache.u_dcache.clean_way_index_d$12743
    18/18: $u_core.u_data_mem.gen_dcache.u_dcache.clean_set_index_d$12742
Creating decoders for process `\riscv32_core_reset_boundary.$12696'.
     1/4: $u_core.u_data_mem.gen_dcache.u_dcache.clean_selected_way_index$12708
     2/4: $u_core.u_data_mem.gen_dcache.u_dcache.clean_dirty_way_present$12707
     3/4: $u_core.u_data_mem.gen_dcache.u_dcache.clean_selected_way_index$12702
     4/4: $u_core.u_data_mem.gen_dcache.u_dcache.clean_dirty_way_present$12701
Creating decoders for process `\riscv32_core_reset_boundary.$11394'.
     1/18: $u_core.u_icache_axi.current_word_addr_d$11417 [31:2]
     2/18: $u_core.u_icache_axi.current_word_addr_d$11417 [1:0]
     3/18: $u_core.u_icache_axi.received_word_index_d$11409
     4/18: $u_core.u_icache_axi.state_d$11408
     5/18: $u_core.u_icache_axi.current_word_addr_d[1:0]$11413
     6/18: $u_core.u_icache_axi.received_word_index_d$11412
     7/18: $u_core.u_icache_axi.state_d$11411
     8/18: $u_core.u_icache_axi.state_d$11405
     9/18: $u_core.u_icache_axi.state_d$11414
    10/18: $u_core.u_icache_axi.current_word_addr_d$11399
    11/18: $u_core.u_icache_axi.received_word_index_d$11398
    12/18: $u_core.u_icache_axi.current_word_addr_d$11404
    13/18: $u_core.u_icache_axi.received_word_index_d$11403
    14/18: $u_core.u_icache_axi.refill_transaction_context_d$11402
    15/18: $u_core.u_icache_axi.state_d$11401
    16/18: $u_core.u_icache_axi.current_word_addr_d[1:0]$11410
    17/18: $u_core.u_icache_axi.received_word_index_d$11416
    18/18: $u_core.u_icache_axi.refill_transaction_context_d$11415
Creating decoders for process `\riscv32_core_reset_boundary.$11381'.
     1/4: $u_core.u_icache_axi.axi_manager_o[50:0]$11393 [50:1]
     2/4: $u_core.u_icache_axi.axi_manager_o[50:0]$11393 [0]
     3/4: $u_core.u_icache_axi.refill_resp_valid_o$11392
     4/4: $u_core.u_icache_axi.refill_resp_o$11391
Creating decoders for process `\riscv32_core_reset_boundary.$13225'.
     1/5: $u_core.u_fence_i_ctrl.fence_i_maintenance_state_d$13233
     2/5: $u_core.u_fence_i_ctrl.fence_i_maintenance_state_d$13232
     3/5: $u_core.u_fence_i_ctrl.fence_i_maintenance_state_d$13230
     4/5: $u_core.u_fence_i_ctrl.fence_i_maintenance_state_d$13226
     5/5: $u_core.u_fence_i_ctrl.fence_i_maintenance_state_d$13234
Creating decoders for process `\riscv32_core_reset_boundary.$12666'.
     1/3: $u_core.u_data_mem.gen_dcache.u_dcache.miss_resp_ready$12670
     2/3: $u_core.u_data_mem.gen_dcache.u_dcache.data_memory_resp_valid_o$12669
     3/3: $u_core.u_data_mem.gen_dcache.u_dcache.data_memory_resp_o$12668
Creating decoders for process `\riscv32_core_reset_boundary.$12652'.
     1/1: $u_core.u_data_mem.gen_dcache.u_dcache.replacement_way_index_array_q$12665
Creating decoders for process `\riscv32_core_reset_boundary.$11353'.
     1/4: $u_core.u_branch_predictor.response_present_d$11357
     2/4: $u_core.u_branch_predictor.response_present_d$11356
     3/4: $u_core.u_branch_predictor.response_d$11355
     4/4: $u_core.u_branch_predictor.response_present_d$11354
Creating decoders for process `\riscv32_core_reset_boundary.$11337'.
     1/6: $u_core.u_branch_predictor.selected_taken$11344
     2/6: $u_core.u_branch_predictor.selected_target_pc$11338
     3/6: $u_core.u_branch_predictor.selected_taken$11339
     4/6: $u_core.u_branch_predictor.selected_target_pc$11340
     5/6: $u_core.u_branch_predictor.selected_target_pc$11342
     6/6: $u_core.u_branch_predictor.selected_taken$11341
Creating decoders for process `\riscv32_core_reset_boundary.$11331'.
     1/3: $u_core.u_branch_predictor.u_branch_choice.taken_o$11333
     2/3: $u_core.u_branch_predictor.u_branch_choice.taken_o$11332
     3/3: $u_core.u_branch_predictor.u_branch_choice.taken_o$11334
Creating decoders for process `\riscv32_core_reset_boundary.$11325'.
     1/1: $11327
Creating decoders for process `\riscv32_core_reset_boundary.$12636'.
     1/4: $u_core.u_data_mem.gen_dcache.u_dcache.replacement_invalid_way_found$12651
     2/4: $u_core.u_data_mem.gen_dcache.u_dcache.replacement_way_index$12650
     3/4: $u_core.u_data_mem.gen_dcache.u_dcache.replacement_invalid_way_found$12646
     4/4: $u_core.u_data_mem.gen_dcache.u_dcache.replacement_way_index$12645
Creating decoders for process `\riscv32_core_reset_boundary.$11305'.
     1/9: $u_core.u_branch_predictor.u_ras.entry_count_d$11321
     2/9: $u_core.u_branch_predictor.u_ras.write_index_d$11320
     3/9: $u_core.u_branch_predictor.u_ras.entry_count_d$11317
     4/9: $u_core.u_branch_predictor.u_ras.write_index_d$11316
     5/9: $u_core.u_branch_predictor.u_ras.entry_count_d$11313
     6/9: $u_core.u_branch_predictor.u_ras.write_index_d$11312
     7/9: $u_core.u_branch_predictor.u_ras.entry_count_d$11309
     8/9: $u_core.u_branch_predictor.u_ras.entry_count_d$11319
     9/9: $u_core.u_branch_predictor.u_ras.write_index_d$11318
Creating decoders for process `\riscv32_core_reset_boundary.$11299'.
     1/4: $u_core.u_branch_predictor.u_ras.array_write_enable$11304
     2/4: $u_core.u_branch_predictor.u_ras.array_write_index$11301
     3/4: $u_core.u_branch_predictor.u_ras.array_write_index$11303
     4/4: $u_core.u_branch_predictor.u_ras.array_write_enable$11302
Creating decoders for process `\riscv32_core_reset_boundary.$11290'.
     1/2: $u_core.u_branch_predictor.u_ras.operation$11292
     2/2: $u_core.u_branch_predictor.u_ras.operation$11293
Creating decoders for process `\riscv32_core_reset_boundary.$11235'.
     1/5: $u_core.u_branch_predictor.u_btb.g_full_target.replacement_way_array_q$11263
     2/5: $u_core.u_branch_predictor.u_btb.g_full_target.replacement_way_array_q$11265
     3/5: $u_core.u_branch_predictor.u_btb.g_full_target.entry_present_array_q$11264
     4/5: $u_core.u_branch_predictor.u_btb.g_full_target.replacement_way_array_q$11267
     5/5: $u_core.u_branch_predictor.u_btb.g_full_target.entry_present_array_q$11266
Creating decoders for process `\riscv32_core_reset_boundary.$11207'.
     1/3: $11233
     2/3: $11224
     3/3: $11215
Creating decoders for process `\riscv32_core_reset_boundary.$11148'.
     1/11: $u_core.u_branch_predictor.u_btb.g_full_target.replacement_next_way$11202
     2/11: $u_core.u_branch_predictor.u_btb.g_full_target.empty_way_present$11196
     3/11: $u_core.u_branch_predictor.u_btb.g_full_target.training_way_index$11195
     4/11: $u_core.u_branch_predictor.u_btb.g_full_target.training_way_index$11197
     5/11: $u_core.u_branch_predictor.u_btb.g_full_target.empty_way_present$11199
     6/11: $u_core.u_branch_predictor.u_btb.g_full_target.training_hit_present$11198
     7/11: $u_core.u_branch_predictor.u_btb.g_full_target.empty_way_present$11172
     8/11: $u_core.u_branch_predictor.u_btb.g_full_target.training_way_index$11171
     9/11: $u_core.u_branch_predictor.u_btb.g_full_target.training_way_index$11173
    10/11: $u_core.u_branch_predictor.u_btb.g_full_target.empty_way_present$11175
    11/11: $u_core.u_branch_predictor.u_btb.g_full_target.training_hit_present$11174
Creating decoders for process `\riscv32_core_reset_boundary.$12618'.
     1/6: $u_core.u_data_mem.gen_dcache.u_dcache.lookup_hit_word_data$12635
     2/6: $u_core.u_data_mem.gen_dcache.u_dcache.lookup_hit_way_index$12634
     3/6: $u_core.u_data_mem.gen_dcache.u_dcache.lookup_hit$12633
     4/6: $u_core.u_data_mem.gen_dcache.u_dcache.lookup_hit_word_data$12626
     5/6: $u_core.u_data_mem.gen_dcache.u_dcache.lookup_hit_way_index$12625
     6/6: $u_core.u_data_mem.gen_dcache.u_dcache.lookup_hit$12624
Creating decoders for process `\riscv32_core_reset_boundary.$11108'.
     1/4: $u_core.u_branch_predictor.u_btb.lookup_target_kind_o$11142
     2/4: $u_core.u_branch_predictor.u_btb.lookup_target_pc_o$11141
     3/4: $u_core.u_branch_predictor.u_btb.lookup_target_kind_o$11125
     4/4: $u_core.u_branch_predictor.u_btb.lookup_target_pc_o$11124
Creating decoders for process `\riscv32_core_reset_boundary.$12557'.
     1/4: $12616
     2/4: $12601
     3/4: $12586
     4/4: $12571
Creating decoders for process `\riscv32_core_reset_boundary.$11090'.
     1/1: $u_core.u_branch_predictor.u_bht.g_counter_table.counter_array_q$11102
Creating decoders for process `\riscv32_core_reset_boundary.$11089'.
     1/4: $11088
     2/4: $u_core.u_branch_predictor.u_bht.update_counter.update_counter$11087
     3/4: $11083
     4/4: $u_core.u_branch_predictor.u_bht.update_counter.update_counter$11082
Creating decoders for process `\riscv32_core_reset_boundary.$11064'.
     1/1: $u_core.u_branch_predictor.training[2:1]$11066
Creating decoders for process `\riscv32_core_reset_boundary.$12472'.
     1/12: $$root.riscv32_pkg.merge_store_bytes.merged_word[31:24]$12549
     2/12: $$root.riscv32_pkg.merge_store_bytes.merged_word[23:16]$12548
     3/12: $$root.riscv32_pkg.merge_store_bytes.merged_word[15:8]$12547
     4/12: $$root.riscv32_pkg.merge_store_bytes.merged_word[7:0]$12546
     5/12: $$root.riscv32_pkg.merge_store_bytes.merged_word[31:24]$12509
     6/12: $$root.riscv32_pkg.merge_store_bytes.merged_word[23:16]$12508
     7/12: $$root.riscv32_pkg.merge_store_bytes.merged_word[15:8]$12507
     8/12: $$root.riscv32_pkg.merge_store_bytes.merged_word[7:0]$12506
     9/12: $12551
    10/12: $12526
    11/12: $12511
    12/12: $12486
Creating decoders for process `\riscv32_core_reset_boundary.$11040'.
     1/1: $11042
Creating decoders for process `\riscv32_core_reset_boundary.$11029'.
     1/6: $u_core.u_fetch_buffer.entry_count_d$11039
     2/6: $u_core.u_fetch_buffer.write_index_d$11038
     3/6: $u_core.u_fetch_buffer.read_index_d$11037
     4/6: $u_core.u_fetch_buffer.entry_count_d$11036
     5/6: $u_core.u_fetch_buffer.read_index_d$11033
     6/6: $u_core.u_fetch_buffer.write_index_d$11031
Creating decoders for process `\riscv32_core_reset_boundary.$12346'.
     1/35: $12470
     2/35: $12461
     3/35: $12451
     4/35: $12442
     5/35: $12439
     6/35: $12436
     7/35: $12433
     8/35: $12430
     9/35: $12427
    10/35: $12424
    11/35: $12421
    12/35: $12418
    13/35: $12415
    14/35: $12412
    15/35: $12409
    16/35: $12406
    17/35: $12403
    18/35: $12400
    19/35: $12397
    20/35: $12394
    21/35: $12391
    22/35: $12388
    23/35: $12385
    24/35: $12382
    25/35: $12379
    26/35: $12376
    27/35: $12373
    28/35: $12370
    29/35: $12367
    30/35: $12364
    31/35: $12361
    32/35: $12358
    33/35: $12355
    34/35: $12352
    35/35: $12349
Creating decoders for process `\riscv32_core_reset_boundary.$12271'.
     1/10: $u_core.u_data_mem.gen_dcache.u_dcache.u_tag_array.read_line_dirty_vector_q[1]$12339
     2/10: $u_core.u_data_mem.gen_dcache.u_dcache.u_tag_array.read_line_present_vector_q[1]$12338
     3/10: $u_core.u_data_mem.gen_dcache.u_dcache.u_tag_array.read_line_dirty_vector_q[0]$12305
     4/10: $u_core.u_data_mem.gen_dcache.u_dcache.u_tag_array.read_line_present_vector_q[0]$12304
     5/10: $u_core.u_data_mem.gen_dcache.u_dcache.u_tag_array.read_line_dirty_vector_q$12341
     6/10: $u_core.u_data_mem.gen_dcache.u_dcache.u_tag_array.read_line_present_vector_q$12340
     7/10: $12335
     8/10: $12314
     9/10: $12301
    10/10: $12280
Creating decoders for process `\riscv32_core_reset_boundary.$12256'.
     1/5: $u_core.u_data_mem.gen_dcache.u_dcache.data_read_word_index$12270
     2/5: $u_core.u_data_mem.gen_dcache.u_dcache.data_read_set_index$12269
     3/5: $u_core.u_data_mem.gen_dcache.u_dcache.data_read_enable$12268
     4/5: $u_core.u_data_mem.gen_dcache.u_dcache.tag_read_set_index$12265
     5/5: $u_core.u_data_mem.gen_dcache.u_dcache.tag_read_enable$12264
Creating decoders for process `\riscv32_core_reset_boundary.$13250'.
     1/2: $u_core.u_interrupt_ctrl.resume_pc_q$13255
     2/2: $u_core.u_interrupt_ctrl.resume_pc_q$13256
Creating decoders for process `\riscv32_core_reset_boundary.$12251'.
     1/1: $u_core.u_data_mem.gen_dcache.u_dcache.lookup_s1_q$12252
Creating decoders for process `\riscv32_core_reset_boundary.$10951'.
     1/32: $u_core.u_icache.u_riscv32_icache_miss_unit.lookup_response_generated_d$10982
     2/32: $u_core.u_icache.u_riscv32_icache_miss_unit.lookup_resp_access_fault_d$10981
     3/32: $u_core.u_icache.u_riscv32_icache_miss_unit.lookup_resp_data_d$10980
     4/32: $u_core.u_icache.u_riscv32_icache_miss_unit.refill_access_fault_seen_d$10979
     5/32: $u_core.u_icache.u_riscv32_icache_miss_unit.state_d$10978
     6/32: $u_core.u_icache.u_riscv32_icache_miss_unit.state_d$10970
     7/32: $u_core.u_icache.u_riscv32_icache_miss_unit.lookup_response_generated_d$10968
     8/32: $u_core.u_icache.u_riscv32_icache_miss_unit.lookup_resp_present_d$10967
     9/32: $u_core.u_icache.u_riscv32_icache_miss_unit.lookup_resp_access_fault_d$10966
    10/32: $u_core.u_icache.u_riscv32_icache_miss_unit.lookup_resp_data_d$10965
    11/32: $u_core.u_icache.u_riscv32_icache_miss_unit.lookup_response_generated_d$10976
    12/32: $u_core.u_icache.u_riscv32_icache_miss_unit.lookup_resp_present_d$10975
    13/32: $u_core.u_icache.u_riscv32_icache_miss_unit.lookup_resp_access_fault_d$10974
    14/32: $u_core.u_icache.u_riscv32_icache_miss_unit.lookup_resp_data_d$10973
    15/32: $u_core.u_icache.u_riscv32_icache_miss_unit.refill_access_fault_seen_d$10972
    16/32: $u_core.u_icache.u_riscv32_icache_miss_unit.state_d$10971
    17/32: $u_core.u_icache.u_riscv32_icache_miss_unit.state_d$10961
    18/32: $u_core.u_icache.u_riscv32_icache_miss_unit.state_d$10983
    19/32: $u_core.u_icache.u_riscv32_icache_miss_unit.lookup_response_generated_d$10960
    20/32: $u_core.u_icache.u_riscv32_icache_miss_unit.lookup_resp_present_d$10959
    21/32: $u_core.u_icache.u_riscv32_icache_miss_unit.lookup_resp_access_fault_d$10958
    22/32: $u_core.u_icache.u_riscv32_icache_miss_unit.lookup_resp_data_d$10957
    23/32: $u_core.u_icache.u_riscv32_icache_miss_unit.refill_access_fault_seen_d$10956
    24/32: $u_core.u_icache.u_riscv32_icache_miss_unit.miss_context_d$10955
    25/32: $u_core.u_icache.u_riscv32_icache_miss_unit.state_d$10954
    26/32: $u_core.u_icache.u_riscv32_icache_miss_unit.lookup_response_generated_d$10989
    27/32: $u_core.u_icache.u_riscv32_icache_miss_unit.lookup_resp_present_d$10988
    28/32: $u_core.u_icache.u_riscv32_icache_miss_unit.lookup_resp_access_fault_d$10987
    29/32: $u_core.u_icache.u_riscv32_icache_miss_unit.lookup_resp_data_d$10986
    30/32: $u_core.u_icache.u_riscv32_icache_miss_unit.refill_access_fault_seen_d$10985
    31/32: $u_core.u_icache.u_riscv32_icache_miss_unit.miss_context_d$10984
    32/32: $u_core.u_icache.u_riscv32_icache_miss_unit.lookup_resp_present_d$10952
Creating decoders for process `\riscv32_core_reset_boundary.$12248'.
     1/2: $u_core.u_data_mem.gen_dcache.u_dcache.lookup_s1_present_d$12249
     2/2: $u_core.u_data_mem.gen_dcache.u_dcache.lookup_s1_present_d$12250
Creating decoders for process `\riscv32_core_reset_boundary.$10916'.
     1/7: $u_core.u_icache.u_riscv32_icache_miss_unit.metadata_write_line_present_o$10944
     2/7: $u_core.u_icache.u_riscv32_icache_miss_unit.metadata_write_valid_o$10943
     3/7: $u_core.u_icache.u_riscv32_icache_miss_unit.data_write_valid_o$10942
     4/7: $u_core.u_icache.u_riscv32_icache_miss_unit.refill_resp_ready_o$10941
     5/7: $u_core.u_icache.u_riscv32_icache_miss_unit.refill_req_valid_o$10940
     6/7: $u_core.u_icache.u_riscv32_icache_miss_unit.refill_req_o$10939
     7/7: $u_core.u_icache.u_riscv32_icache_miss_unit.miss_req_ready_o$10938
Creating decoders for process `\riscv32_core_reset_boundary.$10895'.
     1/1: $u_core.u_icache.u_riscv32_icache_miss_unit.refill_context$10897
Creating decoders for process `\riscv32_core_reset_boundary.$10883'.
     1/3: $u_core.u_icache.miss_lookup_resp_ready$10886
     2/3: $u_core.u_icache.lookup_resp_valid_o$10885
     3/3: $u_core.u_icache.lookup_resp_o$10884
Creating decoders for process `\riscv32_core_reset_boundary.$10863'.
     1/8: $u_core.u_icache.g_replacement_experiment.invalid_found$10882
     2/8: $u_core.u_icache.replacement_way_index$10881
     3/8: $u_core.u_icache.g_replacement_experiment.invalid_found$10877
     4/8: $u_core.u_icache.replacement_way_index$10876
     5/8: $u_core.u_icache.g_replacement_experiment.invalid_found$10872
     6/8: $u_core.u_icache.replacement_way_index$10871
     7/8: $u_core.u_icache.g_replacement_experiment.invalid_found$10867
     8/8: $u_core.u_icache.replacement_way_index$10866
Creating decoders for process `\riscv32_core_reset_boundary.$9692'.
     1/330: $u_core.u_icache.g_replacement_experiment.u_replacement.g_rrip.history_q$9698
     2/330: $u_core.u_icache.g_replacement_experiment.u_replacement.g_rrip.history_q$9701
     3/330: $u_core.u_icache.g_replacement_experiment.u_replacement.g_rrip.previous_line_present_q$9700
     4/330: $u_core.u_icache.g_replacement_experiment.u_replacement.g_rrip.previous_line_q$9699
     5/330: $u_core.u_icache.g_replacement_experiment.u_replacement.g_rrip.history_q$9706
     6/330: $u_core.u_icache.g_replacement_experiment.u_replacement.g_rrip.previous_line_present_q$9705
     7/330: $u_core.u_icache.g_replacement_experiment.u_replacement.g_rrip.previous_line_q$9704
     8/330: $u_core.u_icache.g_replacement_experiment.u_replacement.g_rrip.selector_q$9703
     9/330: $u_core.u_icache.g_replacement_experiment.u_replacement.g_rrip.insertion_count_q$9702
    10/330: $u_core.u_icache.g_replacement_experiment.u_replacement.read_victim_o$9693
    11/330: $10857
    12/330: $10854
    13/330: $10851
    14/330: $10848
    15/330: $10845
    16/330: $10842
    17/330: $10837
    18/330: $10834
    19/330: $10831
    20/330: $10828
    21/330: $10825
    22/330: $10822
    23/330: $10817
    24/330: $10814
    25/330: $10811
    26/330: $10808
    27/330: $10805
    28/330: $10802
    29/330: $10797
    30/330: $10794
    31/330: $10791
    32/330: $10788
    33/330: $10785
    34/330: $10782
    35/330: $10777
    36/330: $10774
    37/330: $10771
    38/330: $10768
    39/330: $10765
    40/330: $10762
    41/330: $10757
    42/330: $10754
    43/330: $10751
    44/330: $10748
    45/330: $10745
    46/330: $10742
    47/330: $10737
    48/330: $10734
    49/330: $10731
    50/330: $10728
    51/330: $10725
    52/330: $10722
    53/330: $10717
    54/330: $10714
    55/330: $10711
    56/330: $10708
    57/330: $10705
    58/330: $10702
    59/330: $10697
    60/330: $10694
    61/330: $10691
    62/330: $10688
    63/330: $10685
    64/330: $10682
    65/330: $10677
    66/330: $10674
    67/330: $10671
    68/330: $10668
    69/330: $10665
    70/330: $10662
    71/330: $10657
    72/330: $10654
    73/330: $10651
    74/330: $10648
    75/330: $10645
    76/330: $10642
    77/330: $10637
    78/330: $10634
    79/330: $10631
    80/330: $10628
    81/330: $10625
    82/330: $10622
    83/330: $10617
    84/330: $10614
    85/330: $10611
    86/330: $10608
    87/330: $10605
    88/330: $10602
    89/330: $10597
    90/330: $10594
    91/330: $10591
    92/330: $10588
    93/330: $10585
    94/330: $10582
    95/330: $10577
    96/330: $10574
    97/330: $10571
    98/330: $10568
    99/330: $10565
   100/330: $10562
   101/330: $10557
   102/330: $10554
   103/330: $10551
   104/330: $10548
   105/330: $10545
   106/330: $10542
   107/330: $10537
   108/330: $10534
   109/330: $10531
   110/330: $10528
   111/330: $10525
   112/330: $10522
   113/330: $10517
   114/330: $10514
   115/330: $10511
   116/330: $10508
   117/330: $10505
   118/330: $10502
   119/330: $10497
   120/330: $10494
   121/330: $10491
   122/330: $10488
   123/330: $10485
   124/330: $10482
   125/330: $10477
   126/330: $10474
   127/330: $10471
   128/330: $10468
   129/330: $10465
   130/330: $10462
   131/330: $10457
   132/330: $10454
   133/330: $10451
   134/330: $10448
   135/330: $10445
   136/330: $10442
   137/330: $10437
   138/330: $10434
   139/330: $10431
   140/330: $10428
   141/330: $10425
   142/330: $10422
   143/330: $10417
   144/330: $10414
   145/330: $10411
   146/330: $10408
   147/330: $10405
   148/330: $10402
   149/330: $10397
   150/330: $10394
   151/330: $10391
   152/330: $10388
   153/330: $10385
   154/330: $10382
   155/330: $10377
   156/330: $10374
   157/330: $10371
   158/330: $10368
   159/330: $10365
   160/330: $10362
   161/330: $10357
   162/330: $10354
   163/330: $10351
   164/330: $10348
   165/330: $10345
   166/330: $10342
   167/330: $10337
   168/330: $10334
   169/330: $10331
   170/330: $10328
   171/330: $10325
   172/330: $10322
   173/330: $10317
   174/330: $10314
   175/330: $10311
   176/330: $10308
   177/330: $10305
   178/330: $10302
   179/330: $10297
   180/330: $10294
   181/330: $10291
   182/330: $10288
   183/330: $10285
   184/330: $10282
   185/330: $10277
   186/330: $10274
   187/330: $10271
   188/330: $10268
   189/330: $10265
   190/330: $10262
   191/330: $10257
   192/330: $10254
   193/330: $10251
   194/330: $10248
   195/330: $10245
   196/330: $10242
   197/330: $10237
   198/330: $10234
   199/330: $10231
   200/330: $10228
   201/330: $10225
   202/330: $10222
   203/330: $10217
   204/330: $10214
   205/330: $10209
   206/330: $10206
   207/330: $10201
   208/330: $10198
   209/330: $10193
   210/330: $10190
   211/330: $10185
   212/330: $10182
   213/330: $10177
   214/330: $10174
   215/330: $10169
   216/330: $10166
   217/330: $10161
   218/330: $10158
   219/330: $10153
   220/330: $10150
   221/330: $10145
   222/330: $10142
   223/330: $10137
   224/330: $10134
   225/330: $10129
   226/330: $10126
   227/330: $10121
   228/330: $10118
   229/330: $10113
   230/330: $10110
   231/330: $10105
   232/330: $10102
   233/330: $10097
   234/330: $10094
   235/330: $10089
   236/330: $10086
   237/330: $10081
   238/330: $10078
   239/330: $10073
   240/330: $10070
   241/330: $10065
   242/330: $10062
   243/330: $10057
   244/330: $10054
   245/330: $10049
   246/330: $10046
   247/330: $10041
   248/330: $10038
   249/330: $10033
   250/330: $10030
   251/330: $10025
   252/330: $10022
   253/330: $10017
   254/330: $10014
   255/330: $10009
   256/330: $10006
   257/330: $10001
   258/330: $9998
   259/330: $9993
   260/330: $9990
   261/330: $9985
   262/330: $9982
   263/330: $9977
   264/330: $9974
   265/330: $9969
   266/330: $9966
   267/330: $9961
   268/330: $9958
   269/330: $9953
   270/330: $9950
   271/330: $9945
   272/330: $9942
   273/330: $9937
   274/330: $9934
   275/330: $9929
   276/330: $9926
   277/330: $9921
   278/330: $9918
   279/330: $9913
   280/330: $9910
   281/330: $9905
   282/330: $9902
   283/330: $9897
   284/330: $9894
   285/330: $9889
   286/330: $9886
   287/330: $9881
   288/330: $9878
   289/330: $9873
   290/330: $9870
   291/330: $9865
   292/330: $9862
   293/330: $9857
   294/330: $9854
   295/330: $9849
   296/330: $9846
   297/330: $9841
   298/330: $9838
   299/330: $9833
   300/330: $9830
   301/330: $9825
   302/330: $9822
   303/330: $9817
   304/330: $9814
   305/330: $9809
   306/330: $9806
   307/330: $9801
   308/330: $9798
   309/330: $9793
   310/330: $9790
   311/330: $9785
   312/330: $9782
   313/330: $9777
   314/330: $9774
   315/330: $9769
   316/330: $9766
   317/330: $9761
   318/330: $9758
   319/330: $9753
   320/330: $9750
   321/330: $9745
   322/330: $9742
   323/330: $9737
   324/330: $9734
   325/330: $9729
   326/330: $9726
   327/330: $9721
   328/330: $9718
   329/330: $9713
   330/330: $9710
Creating decoders for process `\riscv32_core_reset_boundary.$9058'.
     1/160: $u_core.u_icache.g_replacement_experiment.u_replacement.g_rrip.read_victim_index$9691
     2/160: $u_core.u_icache.g_replacement_experiment.u_replacement.g_rrip.read_winner_vector$9690
     3/160: $u_core.u_icache.g_replacement_experiment.u_replacement.g_rrip.read_winner_vector[3]$9671
     4/160: $u_core.u_icache.g_replacement_experiment.u_replacement.g_rrip.read_winner_vector[3]$9668
     5/160: $u_core.u_icache.g_replacement_experiment.u_replacement.g_rrip.read_winner_vector[3]$9665
     6/160: $u_core.u_icache.g_replacement_experiment.u_replacement.g_rrip.read_winner_vector[2]$9660
     7/160: $u_core.u_icache.g_replacement_experiment.u_replacement.g_rrip.read_winner_vector[2]$9659
     8/160: $u_core.u_icache.g_replacement_experiment.u_replacement.g_rrip.read_winner_vector[2]$9656
     9/160: $u_core.u_icache.g_replacement_experiment.u_replacement.g_rrip.read_winner_vector[2]$9653
    10/160: $u_core.u_icache.g_replacement_experiment.u_replacement.g_rrip.read_winner_vector[1]$9648
    11/160: $u_core.u_icache.g_replacement_experiment.u_replacement.g_rrip.read_winner_vector[1]$9647
    12/160: $u_core.u_icache.g_replacement_experiment.u_replacement.g_rrip.read_winner_vector[1]$9644
    13/160: $u_core.u_icache.g_replacement_experiment.u_replacement.g_rrip.read_winner_vector[1]$9643
    14/160: $u_core.u_icache.g_replacement_experiment.u_replacement.g_rrip.read_winner_vector[1]$9640
    15/160: $u_core.u_icache.g_replacement_experiment.u_replacement.g_rrip.read_winner_vector[0]$9635
    16/160: $u_core.u_icache.g_replacement_experiment.u_replacement.g_rrip.read_winner_vector[0]$9634
    17/160: $u_core.u_icache.g_replacement_experiment.u_replacement.g_rrip.read_winner_vector[0]$9631
    18/160: $u_core.u_icache.g_replacement_experiment.u_replacement.g_rrip.read_winner_vector[0]$9630
    19/160: $u_core.u_icache.g_replacement_experiment.u_replacement.g_rrip.read_winner_vector[0]$9627
    20/160: $u_core.u_icache.g_replacement_experiment.u_replacement.g_rrip.read_winner_vector[0]$9626
    21/160: $u_core.u_icache.g_replacement_experiment.u_replacement.g_rrip.read_rrpv_array[1:0]$9623
    22/160: $u_core.u_icache.g_replacement_experiment.u_replacement.g_rrip.read_rrpv_array[1:0]$9622
    23/160: $u_core.u_icache.g_replacement_experiment.u_replacement.g_rrip.read_rrpv_array[3:2]$9608
    24/160: $u_core.u_icache.g_replacement_experiment.u_replacement.g_rrip.read_rrpv_array[3:2]$9607
    25/160: $u_core.u_icache.g_replacement_experiment.u_replacement.g_rrip.read_rrpv_array[5:4]$9593
    26/160: $u_core.u_icache.g_replacement_experiment.u_replacement.g_rrip.read_rrpv_array[5:4]$9592
    27/160: $u_core.u_icache.g_replacement_experiment.u_replacement.g_rrip.read_rrpv_array[7:6]$9578
    28/160: $u_core.u_icache.g_replacement_experiment.u_replacement.g_rrip.read_rrpv_array[7:6]$9577
    29/160: $u_core.u_icache.g_replacement_experiment.u_replacement.g_rrip.rrpv_array_d[1:0]$9561
    30/160: $u_core.u_icache.g_replacement_experiment.u_replacement.g_rrip.rrpv_array_d[1:0]$9562
    31/160: $u_core.u_icache.g_replacement_experiment.u_replacement.g_rrip.rrpv_array_d[1:0]$9556
    32/160: $u_core.u_icache.g_replacement_experiment.u_replacement.g_rrip.rrpv_array_d[1:0]$9563
    33/160: $u_core.u_icache.g_replacement_experiment.u_replacement.g_rrip.rrpv_array_d[3:2]$9546
    34/160: $u_core.u_icache.g_replacement_experiment.u_replacement.g_rrip.rrpv_array_d[3:2]$9547
    35/160: $u_core.u_icache.g_replacement_experiment.u_replacement.g_rrip.rrpv_array_d[3:2]$9541
    36/160: $u_core.u_icache.g_replacement_experiment.u_replacement.g_rrip.rrpv_array_d[3:2]$9548
    37/160: $u_core.u_icache.g_replacement_experiment.u_replacement.g_rrip.rrpv_array_d[5:4]$9531
    38/160: $u_core.u_icache.g_replacement_experiment.u_replacement.g_rrip.rrpv_array_d[5:4]$9532
    39/160: $u_core.u_icache.g_replacement_experiment.u_replacement.g_rrip.rrpv_array_d[5:4]$9526
    40/160: $u_core.u_icache.g_replacement_experiment.u_replacement.g_rrip.rrpv_array_d[5:4]$9533
    41/160: $u_core.u_icache.g_replacement_experiment.u_replacement.g_rrip.rrpv_array_d[7:6]$9516
    42/160: $u_core.u_icache.g_replacement_experiment.u_replacement.g_rrip.rrpv_array_d[7:6]$9517
    43/160: $u_core.u_icache.g_replacement_experiment.u_replacement.g_rrip.rrpv_array_d[7:6]$9511
    44/160: $u_core.u_icache.g_replacement_experiment.u_replacement.g_rrip.rrpv_array_d[7:6]$9518
    45/160: $u_core.u_icache.g_replacement_experiment.u_replacement.g_rrip.rrpv_array_d[9:8]$9501
    46/160: $u_core.u_icache.g_replacement_experiment.u_replacement.g_rrip.rrpv_array_d[9:8]$9502
    47/160: $u_core.u_icache.g_replacement_experiment.u_replacement.g_rrip.rrpv_array_d[9:8]$9496
    48/160: $u_core.u_icache.g_replacement_experiment.u_replacement.g_rrip.rrpv_array_d[9:8]$9503
    49/160: $u_core.u_icache.g_replacement_experiment.u_replacement.g_rrip.rrpv_array_d[11:10]$9486
    50/160: $u_core.u_icache.g_replacement_experiment.u_replacement.g_rrip.rrpv_array_d[11:10]$9487
    51/160: $u_core.u_icache.g_replacement_experiment.u_replacement.g_rrip.rrpv_array_d[11:10]$9481
    52/160: $u_core.u_icache.g_replacement_experiment.u_replacement.g_rrip.rrpv_array_d[11:10]$9488
    53/160: $u_core.u_icache.g_replacement_experiment.u_replacement.g_rrip.rrpv_array_d[13:12]$9471
    54/160: $u_core.u_icache.g_replacement_experiment.u_replacement.g_rrip.rrpv_array_d[13:12]$9472
    55/160: $u_core.u_icache.g_replacement_experiment.u_replacement.g_rrip.rrpv_array_d[13:12]$9466
    56/160: $u_core.u_icache.g_replacement_experiment.u_replacement.g_rrip.rrpv_array_d[13:12]$9473
    57/160: $u_core.u_icache.g_replacement_experiment.u_replacement.g_rrip.rrpv_array_d[15:14]$9456
    58/160: $u_core.u_icache.g_replacement_experiment.u_replacement.g_rrip.rrpv_array_d[15:14]$9457
    59/160: $u_core.u_icache.g_replacement_experiment.u_replacement.g_rrip.rrpv_array_d[15:14]$9451
    60/160: $u_core.u_icache.g_replacement_experiment.u_replacement.g_rrip.rrpv_array_d[15:14]$9458
    61/160: $u_core.u_icache.g_replacement_experiment.u_replacement.g_rrip.rrpv_array_d[17:16]$9441
    62/160: $u_core.u_icache.g_replacement_experiment.u_replacement.g_rrip.rrpv_array_d[17:16]$9442
    63/160: $u_core.u_icache.g_replacement_experiment.u_replacement.g_rrip.rrpv_array_d[17:16]$9436
    64/160: $u_core.u_icache.g_replacement_experiment.u_replacement.g_rrip.rrpv_array_d[17:16]$9443
    65/160: $u_core.u_icache.g_replacement_experiment.u_replacement.g_rrip.rrpv_array_d[19:18]$9426
    66/160: $u_core.u_icache.g_replacement_experiment.u_replacement.g_rrip.rrpv_array_d[19:18]$9427
    67/160: $u_core.u_icache.g_replacement_experiment.u_replacement.g_rrip.rrpv_array_d[19:18]$9421
    68/160: $u_core.u_icache.g_replacement_experiment.u_replacement.g_rrip.rrpv_array_d[19:18]$9428
    69/160: $u_core.u_icache.g_replacement_experiment.u_replacement.g_rrip.rrpv_array_d[21:20]$9411
    70/160: $u_core.u_icache.g_replacement_experiment.u_replacement.g_rrip.rrpv_array_d[21:20]$9412
    71/160: $u_core.u_icache.g_replacement_experiment.u_replacement.g_rrip.rrpv_array_d[21:20]$9406
    72/160: $u_core.u_icache.g_replacement_experiment.u_replacement.g_rrip.rrpv_array_d[21:20]$9413
    73/160: $u_core.u_icache.g_replacement_experiment.u_replacement.g_rrip.rrpv_array_d[23:22]$9396
    74/160: $u_core.u_icache.g_replacement_experiment.u_replacement.g_rrip.rrpv_array_d[23:22]$9397
    75/160: $u_core.u_icache.g_replacement_experiment.u_replacement.g_rrip.rrpv_array_d[23:22]$9391
    76/160: $u_core.u_icache.g_replacement_experiment.u_replacement.g_rrip.rrpv_array_d[23:22]$9398
    77/160: $u_core.u_icache.g_replacement_experiment.u_replacement.g_rrip.rrpv_array_d[25:24]$9381
    78/160: $u_core.u_icache.g_replacement_experiment.u_replacement.g_rrip.rrpv_array_d[25:24]$9382
    79/160: $u_core.u_icache.g_replacement_experiment.u_replacement.g_rrip.rrpv_array_d[25:24]$9376
    80/160: $u_core.u_icache.g_replacement_experiment.u_replacement.g_rrip.rrpv_array_d[25:24]$9383
    81/160: $u_core.u_icache.g_replacement_experiment.u_replacement.g_rrip.rrpv_array_d[27:26]$9366
    82/160: $u_core.u_icache.g_replacement_experiment.u_replacement.g_rrip.rrpv_array_d[27:26]$9367
    83/160: $u_core.u_icache.g_replacement_experiment.u_replacement.g_rrip.rrpv_array_d[27:26]$9361
    84/160: $u_core.u_icache.g_replacement_experiment.u_replacement.g_rrip.rrpv_array_d[27:26]$9368
    85/160: $u_core.u_icache.g_replacement_experiment.u_replacement.g_rrip.rrpv_array_d[29:28]$9351
    86/160: $u_core.u_icache.g_replacement_experiment.u_replacement.g_rrip.rrpv_array_d[29:28]$9352
    87/160: $u_core.u_icache.g_replacement_experiment.u_replacement.g_rrip.rrpv_array_d[29:28]$9346
    88/160: $u_core.u_icache.g_replacement_experiment.u_replacement.g_rrip.rrpv_array_d[29:28]$9353
    89/160: $u_core.u_icache.g_replacement_experiment.u_replacement.g_rrip.rrpv_array_d[31:30]$9336
    90/160: $u_core.u_icache.g_replacement_experiment.u_replacement.g_rrip.rrpv_array_d[31:30]$9337
    91/160: $u_core.u_icache.g_replacement_experiment.u_replacement.g_rrip.rrpv_array_d[31:30]$9331
    92/160: $u_core.u_icache.g_replacement_experiment.u_replacement.g_rrip.rrpv_array_d[31:30]$9338
    93/160: $u_core.u_icache.g_replacement_experiment.u_replacement.g_rrip.rrpv_array_d[33:32]$9321
    94/160: $u_core.u_icache.g_replacement_experiment.u_replacement.g_rrip.rrpv_array_d[33:32]$9322
    95/160: $u_core.u_icache.g_replacement_experiment.u_replacement.g_rrip.rrpv_array_d[33:32]$9316
    96/160: $u_core.u_icache.g_replacement_experiment.u_replacement.g_rrip.rrpv_array_d[33:32]$9323
    97/160: $u_core.u_icache.g_replacement_experiment.u_replacement.g_rrip.rrpv_array_d[35:34]$9306
    98/160: $u_core.u_icache.g_replacement_experiment.u_replacement.g_rrip.rrpv_array_d[35:34]$9307
    99/160: $u_core.u_icache.g_replacement_experiment.u_replacement.g_rrip.rrpv_array_d[35:34]$9301
   100/160: $u_core.u_icache.g_replacement_experiment.u_replacement.g_rrip.rrpv_array_d[35:34]$9308
   101/160: $u_core.u_icache.g_replacement_experiment.u_replacement.g_rrip.rrpv_array_d[37:36]$9291
   102/160: $u_core.u_icache.g_replacement_experiment.u_replacement.g_rrip.rrpv_array_d[37:36]$9292
   103/160: $u_core.u_icache.g_replacement_experiment.u_replacement.g_rrip.rrpv_array_d[37:36]$9286
   104/160: $u_core.u_icache.g_replacement_experiment.u_replacement.g_rrip.rrpv_array_d[37:36]$9293
   105/160: $u_core.u_icache.g_replacement_experiment.u_replacement.g_rrip.rrpv_array_d[39:38]$9276
   106/160: $u_core.u_icache.g_replacement_experiment.u_replacement.g_rrip.rrpv_array_d[39:38]$9277
   107/160: $u_core.u_icache.g_replacement_experiment.u_replacement.g_rrip.rrpv_array_d[39:38]$9271
   108/160: $u_core.u_icache.g_replacement_experiment.u_replacement.g_rrip.rrpv_array_d[39:38]$9278
   109/160: $u_core.u_icache.g_replacement_experiment.u_replacement.g_rrip.rrpv_array_d[41:40]$9261
   110/160: $u_core.u_icache.g_replacement_experiment.u_replacement.g_rrip.rrpv_array_d[41:40]$9262
   111/160: $u_core.u_icache.g_replacement_experiment.u_replacement.g_rrip.rrpv_array_d[41:40]$9256
   112/160: $u_core.u_icache.g_replacement_experiment.u_replacement.g_rrip.rrpv_array_d[41:40]$9263
   113/160: $u_core.u_icache.g_replacement_experiment.u_replacement.g_rrip.rrpv_array_d[43:42]$9246
   114/160: $u_core.u_icache.g_replacement_experiment.u_replacement.g_rrip.rrpv_array_d[43:42]$9247
   115/160: $u_core.u_icache.g_replacement_experiment.u_replacement.g_rrip.rrpv_array_d[43:42]$9241
   116/160: $u_core.u_icache.g_replacement_experiment.u_replacement.g_rrip.rrpv_array_d[43:42]$9248
   117/160: $u_core.u_icache.g_replacement_experiment.u_replacement.g_rrip.rrpv_array_d[45:44]$9231
   118/160: $u_core.u_icache.g_replacement_experiment.u_replacement.g_rrip.rrpv_array_d[45:44]$9232
   119/160: $u_core.u_icache.g_replacement_experiment.u_replacement.g_rrip.rrpv_array_d[45:44]$9226
   120/160: $u_core.u_icache.g_replacement_experiment.u_replacement.g_rrip.rrpv_array_d[45:44]$9233
   121/160: $u_core.u_icache.g_replacement_experiment.u_replacement.g_rrip.rrpv_array_d[47:46]$9216
   122/160: $u_core.u_icache.g_replacement_experiment.u_replacement.g_rrip.rrpv_array_d[47:46]$9217
   123/160: $u_core.u_icache.g_replacement_experiment.u_replacement.g_rrip.rrpv_array_d[47:46]$9211
   124/160: $u_core.u_icache.g_replacement_experiment.u_replacement.g_rrip.rrpv_array_d[47:46]$9218
   125/160: $u_core.u_icache.g_replacement_experiment.u_replacement.g_rrip.rrpv_array_d[49:48]$9201
   126/160: $u_core.u_icache.g_replacement_experiment.u_replacement.g_rrip.rrpv_array_d[49:48]$9202
   127/160: $u_core.u_icache.g_replacement_experiment.u_replacement.g_rrip.rrpv_array_d[49:48]$9196
   128/160: $u_core.u_icache.g_replacement_experiment.u_replacement.g_rrip.rrpv_array_d[49:48]$9203
   129/160: $u_core.u_icache.g_replacement_experiment.u_replacement.g_rrip.rrpv_array_d[51:50]$9186
   130/160: $u_core.u_icache.g_replacement_experiment.u_replacement.g_rrip.rrpv_array_d[51:50]$9187
   131/160: $u_core.u_icache.g_replacement_experiment.u_replacement.g_rrip.rrpv_array_d[51:50]$9181
   132/160: $u_core.u_icache.g_replacement_experiment.u_replacement.g_rrip.rrpv_array_d[51:50]$9188
   133/160: $u_core.u_icache.g_replacement_experiment.u_replacement.g_rrip.rrpv_array_d[53:52]$9171
   134/160: $u_core.u_icache.g_replacement_experiment.u_replacement.g_rrip.rrpv_array_d[53:52]$9172
   135/160: $u_core.u_icache.g_replacement_experiment.u_replacement.g_rrip.rrpv_array_d[53:52]$9166
   136/160: $u_core.u_icache.g_replacement_experiment.u_replacement.g_rrip.rrpv_array_d[53:52]$9173
   137/160: $u_core.u_icache.g_replacement_experiment.u_replacement.g_rrip.rrpv_array_d[55:54]$9156
   138/160: $u_core.u_icache.g_replacement_experiment.u_replacement.g_rrip.rrpv_array_d[55:54]$9157
   139/160: $u_core.u_icache.g_replacement_experiment.u_replacement.g_rrip.rrpv_array_d[55:54]$9151
   140/160: $u_core.u_icache.g_replacement_experiment.u_replacement.g_rrip.rrpv_array_d[55:54]$9158
   141/160: $u_core.u_icache.g_replacement_experiment.u_replacement.g_rrip.rrpv_array_d[57:56]$9141
   142/160: $u_core.u_icache.g_replacement_experiment.u_replacement.g_rrip.rrpv_array_d[57:56]$9142
   143/160: $u_core.u_icache.g_replacement_experiment.u_replacement.g_rrip.rrpv_array_d[57:56]$9136
   144/160: $u_core.u_icache.g_replacement_experiment.u_replacement.g_rrip.rrpv_array_d[57:56]$9143
   145/160: $u_core.u_icache.g_replacement_experiment.u_replacement.g_rrip.rrpv_array_d[59:58]$9126
   146/160: $u_core.u_icache.g_replacement_experiment.u_replacement.g_rrip.rrpv_array_d[59:58]$9127
   147/160: $u_core.u_icache.g_replacement_experiment.u_replacement.g_rrip.rrpv_array_d[59:58]$9121
   148/160: $u_core.u_icache.g_replacement_experiment.u_replacement.g_rrip.rrpv_array_d[59:58]$9128
   149/160: $u_core.u_icache.g_replacement_experiment.u_replacement.g_rrip.rrpv_array_d[61:60]$9111
   150/160: $u_core.u_icache.g_replacement_experiment.u_replacement.g_rrip.rrpv_array_d[61:60]$9112
   151/160: $u_core.u_icache.g_replacement_experiment.u_replacement.g_rrip.rrpv_array_d[61:60]$9106
   152/160: $u_core.u_icache.g_replacement_experiment.u_replacement.g_rrip.rrpv_array_d[61:60]$9113
   153/160: $u_core.u_icache.g_replacement_experiment.u_replacement.g_rrip.rrpv_array_d[63:62]$9096
   154/160: $u_core.u_icache.g_replacement_experiment.u_replacement.g_rrip.rrpv_array_d[63:62]$9097
   155/160: $u_core.u_icache.g_replacement_experiment.u_replacement.g_rrip.rrpv_array_d[63:62]$9091
   156/160: $u_core.u_icache.g_replacement_experiment.u_replacement.g_rrip.rrpv_array_d[63:62]$9098
   157/160: $u_core.u_icache.g_replacement_experiment.u_replacement.g_rrip.maximum_rrpv$9081
   158/160: $u_core.u_icache.g_replacement_experiment.u_replacement.g_rrip.maximum_rrpv$9075
   159/160: $u_core.u_icache.g_replacement_experiment.u_replacement.g_rrip.maximum_rrpv$9069
   160/160: $u_core.u_icache.g_replacement_experiment.u_replacement.g_rrip.insertion_count_d$9060
Creating decoders for process `\riscv32_core_reset_boundary.$13292'.
     1/4: $u_core.u_redirect_mux.redirect_req_o$13297
     2/4: $u_core.u_redirect_mux.redirect_req_o$13296
     3/4: $u_core.u_redirect_mux.redirect_req_o$13295
     4/4: $u_core.u_redirect_mux.redirect_req_o$13294
Creating decoders for process `\riscv32_core_reset_boundary.$8789'.
     1/5: $u_core.u_icache.g_replacement_experiment.u_replacement.access_way_index$8793
     2/5: $u_core.u_icache.g_replacement_experiment.u_replacement.access_way_index$8792
     3/5: $u_core.u_icache.g_replacement_experiment.u_replacement.access_way_index$8791
     4/5: $u_core.u_icache.g_replacement_experiment.u_replacement.access_way_index$8790
     5/5: $u_core.u_icache.g_replacement_experiment.u_replacement.access_way_index$8794
Creating decoders for process `\riscv32_core_reset_boundary.$8740'.
     1/8: $u_core.u_icache.lookup_hit_word_data$8775
     2/8: $u_core.u_icache.lookup_hit$8774
     3/8: $u_core.u_icache.lookup_hit_word_data$8766
     4/8: $u_core.u_icache.lookup_hit$8765
     5/8: $u_core.u_icache.lookup_hit_word_data$8757
     6/8: $u_core.u_icache.lookup_hit$8756
     7/8: $u_core.u_icache.lookup_hit_word_data$8748
     8/8: $u_core.u_icache.lookup_hit$8747
Creating decoders for process `\riscv32_core_reset_boundary.$523'.
     1/16385: $546 [8191]
     2/16385: $546 [8190]
     3/16385: $547 [8190]
     4/16385: $546 [8189]
     5/16385: $547 [8189]
     6/16385: $546 [8188]
     7/16385: $547 [8188]
     8/16385: $546 [8187]
     9/16385: $547 [8187]
    10/16385: $546 [8186]
    11/16385: $547 [8186]
    12/16385: $546 [8185]
    13/16385: $547 [8185]
    14/16385: $546 [8184]
    15/16385: $547 [8184]
    16/16385: $546 [8183]
    17/16385: $547 [8183]
    18/16385: $546 [8182]
    19/16385: $547 [8182]
    20/16385: $546 [8181]
    21/16385: $547 [8181]
    22/16385: $546 [8180]
    23/16385: $547 [8180]
    24/16385: $546 [8179]
    25/16385: $547 [8179]
    26/16385: $546 [8178]
    27/16385: $547 [8178]
    28/16385: $546 [8177]
    29/16385: $547 [8177]
    30/16385: $546 [8176]
    31/16385: $547 [8176]
    32/16385: $546 [8175]
    33/16385: $547 [8175]
    34/16385: $546 [8174]
    35/16385: $547 [8174]
    36/16385: $546 [8173]
    37/16385: $547 [8173]
    38/16385: $546 [8172]
    39/16385: $547 [8172]
    40/16385: $546 [8171]
    41/16385: $547 [8171]
    42/16385: $546 [8170]
    43/16385: $547 [8170]
    44/16385: $546 [8169]
    45/16385: $547 [8169]
    46/16385: $546 [8168]
    47/16385: $547 [8168]
    48/16385: $546 [8167]
    49/16385: $547 [8167]
    50/16385: $546 [8166]
    51/16385: $547 [8166]
    52/16385: $546 [8165]
    53/16385: $547 [8165]
    54/16385: $546 [8164]
    55/16385: $547 [8164]
    56/16385: $546 [8163]
    57/16385: $547 [8163]
    58/16385: $546 [8162]
    59/16385: $547 [8162]
    60/16385: $546 [8161]
    61/16385: $547 [8161]
    62/16385: $546 [8160]
    63/16385: $547 [8160]
    64/16385: $546 [8159]
    65/16385: $547 [8159]
    66/16385: $546 [8158]
    67/16385: $547 [8158]
    68/16385: $546 [8157]
    69/16385: $547 [8157]
    70/16385: $546 [8156]
    71/16385: $547 [8156]
    72/16385: $546 [8155]
    73/16385: $547 [8155]
    74/16385: $546 [8154]
    75/16385: $547 [8154]
    76/16385: $546 [8153]
    77/16385: $547 [8153]
    78/16385: $546 [8152]
    79/16385: $547 [8152]
    80/16385: $546 [8151]
    81/16385: $547 [8151]
    82/16385: $546 [8150]
    83/16385: $547 [8150]
    84/16385: $546 [8149]
    85/16385: $547 [8149]
    86/16385: $546 [8148]
    87/16385: $547 [8148]
    88/16385: $546 [8147]
    89/16385: $547 [8147]
    90/16385: $546 [8146]
    91/16385: $547 [8146]
    92/16385: $546 [8145]
    93/16385: $547 [8145]
    94/16385: $546 [8144]
    95/16385: $547 [8144]
    96/16385: $546 [8143]
    97/16385: $547 [8143]
    98/16385: $546 [8142]
    99/16385: $547 [8142]
   100/16385: $546 [8141]
   101/16385: $547 [8141]
   102/16385: $546 [8140]
   103/16385: $547 [8140]
   104/16385: $546 [8139]
   105/16385: $547 [8139]
   106/16385: $546 [8138]
   107/16385: $547 [8138]
   108/16385: $546 [8137]
   109/16385: $547 [8137]
   110/16385: $546 [8136]
   111/16385: $547 [8136]
   112/16385: $546 [8135]
   113/16385: $547 [8135]
   114/16385: $546 [8134]
   115/16385: $547 [8134]
   116/16385: $546 [8133]
   117/16385: $547 [8133]
   118/16385: $546 [8132]
   119/16385: $547 [8132]
   120/16385: $546 [8131]
   121/16385: $547 [8131]
   122/16385: $546 [8130]
   123/16385: $547 [8130]
   124/16385: $546 [8129]
   125/16385: $547 [8129]
   126/16385: $546 [8128]
   127/16385: $547 [8128]
   128/16385: $546 [8127]
   129/16385: $547 [8127]
   130/16385: $546 [8126]
   131/16385: $547 [8126]
   132/16385: $546 [8125]
   133/16385: $547 [8125]
   134/16385: $546 [8124]
   135/16385: $547 [8124]
   136/16385: $546 [8123]
   137/16385: $547 [8123]
   138/16385: $546 [8122]
   139/16385: $547 [8122]
   140/16385: $546 [8121]
   141/16385: $547 [8121]
   142/16385: $546 [8120]
   143/16385: $547 [8120]
   144/16385: $546 [8119]
   145/16385: $547 [8119]
   146/16385: $546 [8118]
   147/16385: $547 [8118]
   148/16385: $546 [8117]
   149/16385: $547 [8117]
   150/16385: $546 [8116]
   151/16385: $547 [8116]
   152/16385: $546 [8115]
   153/16385: $547 [8115]
   154/16385: $546 [8114]
   155/16385: $547 [8114]
   156/16385: $546 [8113]
   157/16385: $547 [8113]
   158/16385: $546 [8112]
   159/16385: $547 [8112]
   160/16385: $546 [8111]
   161/16385: $547 [8111]
   162/16385: $546 [8110]
   163/16385: $547 [8110]
   164/16385: $546 [8109]
   165/16385: $547 [8109]
   166/16385: $546 [8108]
   167/16385: $547 [8108]
   168/16385: $546 [8107]
   169/16385: $547 [8107]
   170/16385: $546 [8106]
   171/16385: $547 [8106]
   172/16385: $546 [8105]
   173/16385: $547 [8105]
   174/16385: $546 [8104]
   175/16385: $547 [8104]
   176/16385: $546 [8103]
   177/16385: $547 [8103]
   178/16385: $546 [8102]
   179/16385: $547 [8102]
   180/16385: $546 [8101]
   181/16385: $547 [8101]
   182/16385: $546 [8100]
   183/16385: $547 [8100]
   184/16385: $546 [8099]
   185/16385: $547 [8099]
   186/16385: $546 [8098]
   187/16385: $547 [8098]
   188/16385: $546 [8097]
   189/16385: $547 [8097]
   190/16385: $546 [8096]
   191/16385: $547 [8096]
   192/16385: $546 [8095]
   193/16385: $547 [8095]
   194/16385: $546 [8094]
   195/16385: $547 [8094]
   196/16385: $546 [8093]
   197/16385: $547 [8093]
   198/16385: $546 [8092]
   199/16385: $547 [8092]
   200/16385: $546 [8091]
   201/16385: $547 [8091]
   202/16385: $546 [8090]
   203/16385: $547 [8090]
   204/16385: $546 [8089]
   205/16385: $547 [8089]
   206/16385: $546 [8088]
   207/16385: $547 [8088]
   208/16385: $546 [8087]
   209/16385: $547 [8087]
   210/16385: $546 [8086]
   211/16385: $547 [8086]
   212/16385: $546 [8085]
   213/16385: $547 [8085]
   214/16385: $546 [8084]
   215/16385: $547 [8084]
   216/16385: $546 [8083]
   217/16385: $547 [8083]
   218/16385: $546 [8082]
   219/16385: $547 [8082]
   220/16385: $546 [8081]
   221/16385: $547 [8081]
   222/16385: $546 [8080]
   223/16385: $547 [8080]
   224/16385: $546 [8079]
   225/16385: $547 [8079]
   226/16385: $546 [8078]
   227/16385: $547 [8078]
   228/16385: $546 [8077]
   229/16385: $547 [8077]
   230/16385: $546 [8076]
   231/16385: $547 [8076]
   232/16385: $546 [8075]
   233/16385: $547 [8075]
   234/16385: $546 [8074]
   235/16385: $547 [8074]
   236/16385: $546 [8073]
   237/16385: $547 [8073]
   238/16385: $546 [8072]
   239/16385: $547 [8072]
   240/16385: $546 [8071]
   241/16385: $547 [8071]
   242/16385: $546 [8070]
   243/16385: $547 [8070]
   244/16385: $546 [8069]
   245/16385: $547 [8069]
   246/16385: $546 [8068]
   247/16385: $547 [8068]
   248/16385: $546 [8067]
   249/16385: $547 [8067]
   250/16385: $546 [8066]
   251/16385: $547 [8066]
   252/16385: $546 [8065]
   253/16385: $547 [8065]
   254/16385: $546 [8064]
   255/16385: $547 [8064]
   256/16385: $546 [8063]
   257/16385: $547 [8063]
   258/16385: $546 [8062]
   259/16385: $547 [8062]
   260/16385: $546 [8061]
   261/16385: $547 [8061]
   262/16385: $546 [8060]
   263/16385: $547 [8060]
   264/16385: $546 [8059]
   265/16385: $547 [8059]
   266/16385: $546 [8058]
   267/16385: $547 [8058]
   268/16385: $546 [8057]
   269/16385: $547 [8057]
   270/16385: $546 [8056]
   271/16385: $547 [8056]
   272/16385: $546 [8055]
   273/16385: $547 [8055]
   274/16385: $546 [8054]
   275/16385: $547 [8054]
   276/16385: $546 [8053]
   277/16385: $547 [8053]
   278/16385: $546 [8052]
   279/16385: $547 [8052]
   280/16385: $546 [8051]
   281/16385: $547 [8051]
   282/16385: $546 [8050]
   283/16385: $547 [8050]
   284/16385: $546 [8049]
   285/16385: $547 [8049]
   286/16385: $546 [8048]
   287/16385: $547 [8048]
   288/16385: $546 [8047]
   289/16385: $547 [8047]
   290/16385: $546 [8046]
   291/16385: $547 [8046]
   292/16385: $546 [8045]
   293/16385: $547 [8045]
   294/16385: $546 [8044]
   295/16385: $547 [8044]
   296/16385: $546 [8043]
   297/16385: $547 [8043]
   298/16385: $546 [8042]
   299/16385: $547 [8042]
   300/16385: $546 [8041]
   301/16385: $547 [8041]
   302/16385: $546 [8040]
   303/16385: $547 [8040]
   304/16385: $546 [8039]
   305/16385: $547 [8039]
   306/16385: $546 [8038]
   307/16385: $547 [8038]
   308/16385: $546 [8037]
   309/16385: $547 [8037]
   310/16385: $546 [8036]
   311/16385: $547 [8036]
   312/16385: $546 [8035]
   313/16385: $547 [8035]
   314/16385: $546 [8034]
   315/16385: $547 [8034]
   316/16385: $546 [8033]
   317/16385: $547 [8033]
   318/16385: $546 [8032]
   319/16385: $547 [8032]
   320/16385: $546 [8031]
   321/16385: $547 [8031]
   322/16385: $546 [8030]
   323/16385: $547 [8030]
   324/16385: $546 [8029]
   325/16385: $547 [8029]
   326/16385: $546 [8028]
   327/16385: $547 [8028]
   328/16385: $546 [8027]
   329/16385: $547 [8027]
   330/16385: $546 [8026]
   331/16385: $547 [8026]
   332/16385: $546 [8025]
   333/16385: $547 [8025]
   334/16385: $546 [8024]
   335/16385: $547 [8024]
   336/16385: $546 [8023]
   337/16385: $547 [8023]
   338/16385: $546 [8022]
   339/16385: $547 [8022]
   340/16385: $546 [8021]
   341/16385: $547 [8021]
   342/16385: $546 [8020]
   343/16385: $547 [8020]
   344/16385: $546 [8019]
   345/16385: $547 [8019]
   346/16385: $546 [8018]
   347/16385: $547 [8018]
   348/16385: $546 [8017]
   349/16385: $547 [8017]
   350/16385: $546 [8016]
   351/16385: $547 [8016]
   352/16385: $546 [8015]
   353/16385: $547 [8015]
   354/16385: $546 [8014]
   355/16385: $547 [8014]
   356/16385: $546 [8013]
   357/16385: $547 [8013]
   358/16385: $546 [8012]
   359/16385: $547 [8012]
   360/16385: $546 [8011]
   361/16385: $547 [8011]
   362/16385: $546 [8010]
   363/16385: $547 [8010]
   364/16385: $546 [8009]
   365/16385: $547 [8009]
   366/16385: $546 [8008]
   367/16385: $547 [8008]
   368/16385: $546 [8007]
   369/16385: $547 [8007]
   370/16385: $546 [8006]
   371/16385: $547 [8006]
   372/16385: $546 [8005]
   373/16385: $547 [8005]
   374/16385: $546 [8004]
   375/16385: $547 [8004]
   376/16385: $546 [8003]
   377/16385: $547 [8003]
   378/16385: $546 [8002]
   379/16385: $547 [8002]
   380/16385: $546 [8001]
   381/16385: $547 [8001]
   382/16385: $546 [8000]
   383/16385: $547 [8000]
   384/16385: $546 [7999]
   385/16385: $547 [7999]
   386/16385: $546 [7998]
   387/16385: $547 [7998]
   388/16385: $546 [7997]
   389/16385: $547 [7997]
   390/16385: $546 [7996]
   391/16385: $547 [7996]
   392/16385: $546 [7995]
   393/16385: $547 [7995]
   394/16385: $546 [7994]
   395/16385: $547 [7994]
   396/16385: $546 [7993]
   397/16385: $547 [7993]
   398/16385: $546 [7992]
   399/16385: $547 [7992]
   400/16385: $546 [7991]
   401/16385: $547 [7991]
   402/16385: $546 [7990]
   403/16385: $547 [7990]
   404/16385: $546 [7989]
   405/16385: $547 [7989]
   406/16385: $546 [7988]
   407/16385: $547 [7988]
   408/16385: $546 [7987]
   409/16385: $547 [7987]
   410/16385: $546 [7986]
   411/16385: $547 [7986]
   412/16385: $546 [7985]
   413/16385: $547 [7985]
   414/16385: $546 [7984]
   415/16385: $547 [7984]
   416/16385: $546 [7983]
   417/16385: $547 [7983]
   418/16385: $546 [7982]
   419/16385: $547 [7982]
   420/16385: $546 [7981]
   421/16385: $547 [7981]
   422/16385: $546 [7980]
   423/16385: $547 [7980]
   424/16385: $546 [7979]
   425/16385: $547 [7979]
   426/16385: $546 [7978]
   427/16385: $547 [7978]
   428/16385: $546 [7977]
   429/16385: $547 [7977]
   430/16385: $546 [7976]
   431/16385: $547 [7976]
   432/16385: $546 [7975]
   433/16385: $547 [7975]
   434/16385: $546 [7974]
   435/16385: $547 [7974]
   436/16385: $546 [7973]
   437/16385: $547 [7973]
   438/16385: $546 [7972]
   439/16385: $547 [7972]
   440/16385: $546 [7971]
   441/16385: $547 [7971]
   442/16385: $546 [7970]
   443/16385: $547 [7970]
   444/16385: $546 [7969]
   445/16385: $547 [7969]
   446/16385: $546 [7968]
   447/16385: $547 [7968]
   448/16385: $546 [7967]
   449/16385: $547 [7967]
   450/16385: $546 [7966]
   451/16385: $547 [7966]
   452/16385: $546 [7965]
   453/16385: $547 [7965]
   454/16385: $546 [7964]
   455/16385: $547 [7964]
   456/16385: $546 [7963]
   457/16385: $547 [7963]
   458/16385: $546 [7962]
   459/16385: $547 [7962]
   460/16385: $546 [7961]
   461/16385: $547 [7961]
   462/16385: $546 [7960]
   463/16385: $547 [7960]
   464/16385: $546 [7959]
   465/16385: $547 [7959]
   466/16385: $546 [7958]
   467/16385: $547 [7958]
   468/16385: $546 [7957]
   469/16385: $547 [7957]
   470/16385: $546 [7956]
   471/16385: $547 [7956]
   472/16385: $546 [7955]
   473/16385: $547 [7955]
   474/16385: $546 [7954]
   475/16385: $547 [7954]
   476/16385: $546 [7953]
   477/16385: $547 [7953]
   478/16385: $546 [7952]
   479/16385: $547 [7952]
   480/16385: $546 [7951]
   481/16385: $547 [7951]
   482/16385: $546 [7950]
   483/16385: $547 [7950]
   484/16385: $546 [7949]
   485/16385: $547 [7949]
   486/16385: $546 [7948]
   487/16385: $547 [7948]
   488/16385: $546 [7947]
   489/16385: $547 [7947]
   490/16385: $546 [7946]
   491/16385: $547 [7946]
   492/16385: $546 [7945]
   493/16385: $547 [7945]
   494/16385: $546 [7944]
   495/16385: $547 [7944]
   496/16385: $546 [7943]
   497/16385: $547 [7943]
   498/16385: $546 [7942]
   499/16385: $547 [7942]
   500/16385: $546 [7941]
   501/16385: $547 [7941]
   502/16385: $546 [7940]
   503/16385: $547 [7940]
   504/16385: $546 [7939]
   505/16385: $547 [7939]
   506/16385: $546 [7938]
   507/16385: $547 [7938]
   508/16385: $546 [7937]
   509/16385: $547 [7937]
   510/16385: $546 [7936]
   511/16385: $547 [7936]
   512/16385: $546 [7935]
   513/16385: $547 [7935]
   514/16385: $546 [7934]
   515/16385: $547 [7934]
   516/16385: $546 [7933]
   517/16385: $547 [7933]
   518/16385: $546 [7932]
   519/16385: $547 [7932]
   520/16385: $546 [7931]
   521/16385: $547 [7931]
   522/16385: $546 [7930]
   523/16385: $547 [7930]
   524/16385: $546 [7929]
   525/16385: $547 [7929]
   526/16385: $546 [7928]
   527/16385: $547 [7928]
   528/16385: $546 [7927]
   529/16385: $547 [7927]
   530/16385: $546 [7926]
   531/16385: $547 [7926]
   532/16385: $546 [7925]
   533/16385: $547 [7925]
   534/16385: $546 [7924]
   535/16385: $547 [7924]
   536/16385: $546 [7923]
   537/16385: $547 [7923]
   538/16385: $546 [7922]
   539/16385: $547 [7922]
   540/16385: $546 [7921]
   541/16385: $547 [7921]
   542/16385: $546 [7920]
   543/16385: $547 [7920]
   544/16385: $546 [7919]
   545/16385: $547 [7919]
   546/16385: $546 [7918]
   547/16385: $547 [7918]
   548/16385: $546 [7917]
   549/16385: $547 [7917]
   550/16385: $546 [7916]
   551/16385: $547 [7916]
   552/16385: $546 [7915]
   553/16385: $547 [7915]
   554/16385: $546 [7914]
   555/16385: $547 [7914]
   556/16385: $546 [7913]
   557/16385: $547 [7913]
   558/16385: $546 [7912]
   559/16385: $547 [7912]
   560/16385: $546 [7911]
   561/16385: $547 [7911]
   562/16385: $546 [7910]
   563/16385: $547 [7910]
   564/16385: $546 [7909]
   565/16385: $547 [7909]
   566/16385: $546 [7908]
   567/16385: $547 [7908]
   568/16385: $546 [7907]
   569/16385: $547 [7907]
   570/16385: $546 [7906]
   571/16385: $547 [7906]
   572/16385: $546 [7905]
   573/16385: $547 [7905]
   574/16385: $546 [7904]
   575/16385: $547 [7904]
   576/16385: $546 [7903]
   577/16385: $547 [7903]
   578/16385: $546 [7902]
   579/16385: $547 [7902]
   580/16385: $546 [7901]
   581/16385: $547 [7901]
   582/16385: $546 [7900]
   583/16385: $547 [7900]
   584/16385: $546 [7899]
   585/16385: $547 [7899]
   586/16385: $546 [7898]
   587/16385: $547 [7898]
   588/16385: $546 [7897]
   589/16385: $547 [7897]
   590/16385: $546 [7896]
   591/16385: $547 [7896]
   592/16385: $546 [7895]
   593/16385: $547 [7895]
   594/16385: $546 [7894]
   595/16385: $547 [7894]
   596/16385: $546 [7893]
   597/16385: $547 [7893]
   598/16385: $546 [7892]
   599/16385: $547 [7892]
   600/16385: $546 [7891]
   601/16385: $547 [7891]
   602/16385: $546 [7890]
   603/16385: $547 [7890]
   604/16385: $546 [7889]
   605/16385: $547 [7889]
   606/16385: $546 [7888]
   607/16385: $547 [7888]
   608/16385: $546 [7887]
   609/16385: $547 [7887]
   610/16385: $546 [7886]
   611/16385: $547 [7886]
   612/16385: $546 [7885]
   613/16385: $547 [7885]
   614/16385: $546 [7884]
   615/16385: $547 [7884]
   616/16385: $546 [7883]
   617/16385: $547 [7883]
   618/16385: $546 [7882]
   619/16385: $547 [7882]
   620/16385: $546 [7881]
   621/16385: $547 [7881]
   622/16385: $546 [7880]
   623/16385: $547 [7880]
   624/16385: $546 [7879]
   625/16385: $547 [7879]
   626/16385: $546 [7878]
   627/16385: $547 [7878]
   628/16385: $546 [7877]
   629/16385: $547 [7877]
   630/16385: $546 [7876]
   631/16385: $547 [7876]
   632/16385: $546 [7875]
   633/16385: $547 [7875]
   634/16385: $546 [7874]
   635/16385: $547 [7874]
   636/16385: $546 [7873]
   637/16385: $547 [7873]
   638/16385: $546 [7872]
   639/16385: $547 [7872]
   640/16385: $546 [7871]
   641/16385: $547 [7871]
   642/16385: $546 [7870]
   643/16385: $547 [7870]
   644/16385: $546 [7869]
   645/16385: $547 [7869]
   646/16385: $546 [7868]
   647/16385: $547 [7868]
   648/16385: $546 [7867]
   649/16385: $547 [7867]
   650/16385: $546 [7866]
   651/16385: $547 [7866]
   652/16385: $546 [7865]
   653/16385: $547 [7865]
   654/16385: $546 [7864]
   655/16385: $547 [7864]
   656/16385: $546 [7863]
   657/16385: $547 [7863]
   658/16385: $546 [7862]
   659/16385: $547 [7862]
   660/16385: $546 [7861]
   661/16385: $547 [7861]
   662/16385: $546 [7860]
   663/16385: $547 [7860]
   664/16385: $546 [7859]
   665/16385: $547 [7859]
   666/16385: $546 [7858]
   667/16385: $547 [7858]
   668/16385: $546 [7857]
   669/16385: $547 [7857]
   670/16385: $546 [7856]
   671/16385: $547 [7856]
   672/16385: $546 [7855]
   673/16385: $547 [7855]
   674/16385: $546 [7854]
   675/16385: $547 [7854]
   676/16385: $546 [7853]
   677/16385: $547 [7853]
   678/16385: $546 [7852]
   679/16385: $547 [7852]
   680/16385: $546 [7851]
   681/16385: $547 [7851]
   682/16385: $546 [7850]
   683/16385: $547 [7850]
   684/16385: $546 [7849]
   685/16385: $547 [7849]
   686/16385: $546 [7848]
   687/16385: $547 [7848]
   688/16385: $546 [7847]
   689/16385: $547 [7847]
   690/16385: $546 [7846]
   691/16385: $547 [7846]
   692/16385: $546 [7845]
   693/16385: $547 [7845]
   694/16385: $546 [7844]
   695/16385: $547 [7844]
   696/16385: $546 [7843]
   697/16385: $547 [7843]
   698/16385: $546 [7842]
   699/16385: $547 [7842]
   700/16385: $546 [7841]
   701/16385: $547 [7841]
   702/16385: $546 [7840]
   703/16385: $547 [7840]
   704/16385: $546 [7839]
   705/16385: $547 [7839]
   706/16385: $546 [7838]
   707/16385: $547 [7838]
   708/16385: $546 [7837]
   709/16385: $547 [7837]
   710/16385: $546 [7836]
   711/16385: $547 [7836]
   712/16385: $546 [7835]
   713/16385: $547 [7835]
   714/16385: $546 [7834]
   715/16385: $547 [7834]
   716/16385: $546 [7833]
   717/16385: $547 [7833]
   718/16385: $546 [7832]
   719/16385: $547 [7832]
   720/16385: $546 [7831]
   721/16385: $547 [7831]
   722/16385: $546 [7830]
   723/16385: $547 [7830]
   724/16385: $546 [7829]
   725/16385: $547 [7829]
   726/16385: $546 [7828]
   727/16385: $547 [7828]
   728/16385: $546 [7827]
   729/16385: $547 [7827]
   730/16385: $546 [7826]
   731/16385: $547 [7826]
   732/16385: $546 [7825]
   733/16385: $547 [7825]
   734/16385: $546 [7824]
   735/16385: $547 [7824]
   736/16385: $546 [7823]
   737/16385: $547 [7823]
   738/16385: $546 [7822]
   739/16385: $547 [7822]
   740/16385: $546 [7821]
   741/16385: $547 [7821]
   742/16385: $546 [7820]
   743/16385: $547 [7820]
   744/16385: $546 [7819]
   745/16385: $547 [7819]
   746/16385: $546 [7818]
   747/16385: $547 [7818]
   748/16385: $546 [7817]
   749/16385: $547 [7817]
   750/16385: $546 [7816]
   751/16385: $547 [7816]
   752/16385: $546 [7815]
   753/16385: $547 [7815]
   754/16385: $546 [7814]
   755/16385: $547 [7814]
   756/16385: $546 [7813]
   757/16385: $547 [7813]
   758/16385: $546 [7812]
   759/16385: $547 [7812]
   760/16385: $546 [7811]
   761/16385: $547 [7811]
   762/16385: $546 [7810]
   763/16385: $547 [7810]
   764/16385: $546 [7809]
   765/16385: $547 [7809]
   766/16385: $546 [7808]
   767/16385: $547 [7808]
   768/16385: $546 [7807]
   769/16385: $547 [7807]
   770/16385: $546 [7806]
   771/16385: $547 [7806]
   772/16385: $546 [7805]
   773/16385: $547 [7805]
   774/16385: $546 [7804]
   775/16385: $547 [7804]
   776/16385: $546 [7803]
   777/16385: $547 [7803]
   778/16385: $546 [7802]
   779/16385: $547 [7802]
   780/16385: $546 [7801]
   781/16385: $547 [7801]
   782/16385: $546 [7800]
   783/16385: $547 [7800]
   784/16385: $546 [7799]
   785/16385: $547 [7799]
   786/16385: $546 [7798]
   787/16385: $547 [7798]
   788/16385: $546 [7797]
   789/16385: $547 [7797]
   790/16385: $546 [7796]
   791/16385: $547 [7796]
   792/16385: $546 [7795]
   793/16385: $547 [7795]
   794/16385: $546 [7794]
   795/16385: $547 [7794]
   796/16385: $546 [7793]
   797/16385: $547 [7793]
   798/16385: $546 [7792]
   799/16385: $547 [7792]
   800/16385: $546 [7791]
   801/16385: $547 [7791]
   802/16385: $546 [7790]
   803/16385: $547 [7790]
   804/16385: $546 [7789]
   805/16385: $547 [7789]
   806/16385: $546 [7788]
   807/16385: $547 [7788]
   808/16385: $546 [7787]
   809/16385: $547 [7787]
   810/16385: $546 [7786]
   811/16385: $547 [7786]
   812/16385: $546 [7785]
   813/16385: $547 [7785]
   814/16385: $546 [7784]
   815/16385: $547 [7784]
   816/16385: $546 [7783]
   817/16385: $547 [7783]
   818/16385: $546 [7782]
   819/16385: $547 [7782]
   820/16385: $546 [7781]
   821/16385: $547 [7781]
   822/16385: $546 [7780]
   823/16385: $547 [7780]
   824/16385: $546 [7779]
   825/16385: $547 [7779]
   826/16385: $546 [7778]
   827/16385: $547 [7778]
   828/16385: $546 [7777]
   829/16385: $547 [7777]
   830/16385: $546 [7776]
   831/16385: $547 [7776]
   832/16385: $546 [7775]
   833/16385: $547 [7775]
   834/16385: $546 [7774]
   835/16385: $547 [7774]
   836/16385: $546 [7773]
   837/16385: $547 [7773]
   838/16385: $546 [7772]
   839/16385: $547 [7772]
   840/16385: $546 [7771]
   841/16385: $547 [7771]
   842/16385: $546 [7770]
   843/16385: $547 [7770]
   844/16385: $546 [7769]
   845/16385: $547 [7769]
   846/16385: $546 [7768]
   847/16385: $547 [7768]
   848/16385: $546 [7767]
   849/16385: $547 [7767]
   850/16385: $546 [7766]
   851/16385: $547 [7766]
   852/16385: $546 [7765]
   853/16385: $547 [7765]
   854/16385: $546 [7764]
   855/16385: $547 [7764]
   856/16385: $546 [7763]
   857/16385: $547 [7763]
   858/16385: $546 [7762]
   859/16385: $547 [7762]
   860/16385: $546 [7761]
   861/16385: $547 [7761]
   862/16385: $546 [7760]
   863/16385: $547 [7760]
   864/16385: $546 [7759]
   865/16385: $547 [7759]
   866/16385: $546 [7758]
   867/16385: $547 [7758]
   868/16385: $546 [7757]
   869/16385: $547 [7757]
   870/16385: $546 [7756]
   871/16385: $547 [7756]
   872/16385: $546 [7755]
   873/16385: $547 [7755]
   874/16385: $546 [7754]
   875/16385: $547 [7754]
   876/16385: $546 [7753]
   877/16385: $547 [7753]
   878/16385: $546 [7752]
   879/16385: $547 [7752]
   880/16385: $546 [7751]
   881/16385: $547 [7751]
   882/16385: $546 [7750]
   883/16385: $547 [7750]
   884/16385: $546 [7749]
   885/16385: $547 [7749]
   886/16385: $546 [7748]
   887/16385: $547 [7748]
   888/16385: $546 [7747]
   889/16385: $547 [7747]
   890/16385: $546 [7746]
   891/16385: $547 [7746]
   892/16385: $546 [7745]
   893/16385: $547 [7745]
   894/16385: $546 [7744]
   895/16385: $547 [7744]
   896/16385: $546 [7743]
   897/16385: $547 [7743]
   898/16385: $546 [7742]
   899/16385: $547 [7742]
   900/16385: $546 [7741]
   901/16385: $547 [7741]
   902/16385: $546 [7740]
   903/16385: $547 [7740]
   904/16385: $546 [7739]
   905/16385: $547 [7739]
   906/16385: $546 [7738]
   907/16385: $547 [7738]
   908/16385: $546 [7737]
   909/16385: $547 [7737]
   910/16385: $546 [7736]
   911/16385: $547 [7736]
   912/16385: $546 [7735]
   913/16385: $547 [7735]
   914/16385: $546 [7734]
   915/16385: $547 [7734]
   916/16385: $546 [7733]
   917/16385: $547 [7733]
   918/16385: $546 [7732]
   919/16385: $547 [7732]
   920/16385: $546 [7731]
   921/16385: $547 [7731]
   922/16385: $546 [7730]
   923/16385: $547 [7730]
   924/16385: $546 [7729]
   925/16385: $547 [7729]
   926/16385: $546 [7728]
   927/16385: $547 [7728]
   928/16385: $546 [7727]
   929/16385: $547 [7727]
   930/16385: $546 [7726]
   931/16385: $547 [7726]
   932/16385: $546 [7725]
   933/16385: $547 [7725]
   934/16385: $546 [7724]
   935/16385: $547 [7724]
   936/16385: $546 [7723]
   937/16385: $547 [7723]
   938/16385: $546 [7722]
   939/16385: $547 [7722]
   940/16385: $546 [7721]
   941/16385: $547 [7721]
   942/16385: $546 [7720]
   943/16385: $547 [7720]
   944/16385: $546 [7719]
   945/16385: $547 [7719]
   946/16385: $546 [7718]
   947/16385: $547 [7718]
   948/16385: $546 [7717]
   949/16385: $547 [7717]
   950/16385: $546 [7716]
   951/16385: $547 [7716]
   952/16385: $546 [7715]
   953/16385: $547 [7715]
   954/16385: $546 [7714]
   955/16385: $547 [7714]
   956/16385: $546 [7713]
   957/16385: $547 [7713]
   958/16385: $546 [7712]
   959/16385: $547 [7712]
   960/16385: $546 [7711]
   961/16385: $547 [7711]
   962/16385: $546 [7710]
   963/16385: $547 [7710]
   964/16385: $546 [7709]
   965/16385: $547 [7709]
   966/16385: $546 [7708]
   967/16385: $547 [7708]
   968/16385: $546 [7707]
   969/16385: $547 [7707]
   970/16385: $546 [7706]
   971/16385: $547 [7706]
   972/16385: $546 [7705]
   973/16385: $547 [7705]
   974/16385: $546 [7704]
   975/16385: $547 [7704]
   976/16385: $546 [7703]
   977/16385: $547 [7703]
   978/16385: $546 [7702]
   979/16385: $547 [7702]
   980/16385: $546 [7701]
   981/16385: $547 [7701]
   982/16385: $546 [7700]
   983/16385: $547 [7700]
   984/16385: $546 [7699]
   985/16385: $547 [7699]
   986/16385: $546 [7698]
   987/16385: $547 [7698]
   988/16385: $546 [7697]
   989/16385: $547 [7697]
   990/16385: $546 [7696]
   991/16385: $547 [7696]
   992/16385: $546 [7695]
   993/16385: $547 [7695]
   994/16385: $546 [7694]
   995/16385: $547 [7694]
   996/16385: $546 [7693]
   997/16385: $547 [7693]
   998/16385: $546 [7692]
   999/16385: $547 [7692]
  1000/16385: $546 [7691]
  1001/16385: $547 [7691]
  1002/16385: $546 [7690]
  1003/16385: $547 [7690]
  1004/16385: $546 [7689]
  1005/16385: $547 [7689]
  1006/16385: $546 [7688]
  1007/16385: $547 [7688]
  1008/16385: $546 [7687]
  1009/16385: $547 [7687]
  1010/16385: $546 [7686]
  1011/16385: $547 [7686]
  1012/16385: $546 [7685]
  1013/16385: $547 [7685]
  1014/16385: $546 [7684]
  1015/16385: $547 [7684]
  1016/16385: $546 [7683]
  1017/16385: $547 [7683]
  1018/16385: $546 [7682]
  1019/16385: $547 [7682]
  1020/16385: $546 [7681]
  1021/16385: $547 [7681]
  1022/16385: $546 [7680]
  1023/16385: $547 [7680]
  1024/16385: $546 [7679]
  1025/16385: $547 [7679]
  1026/16385: $546 [7678]
  1027/16385: $547 [7678]
  1028/16385: $546 [7677]
  1029/16385: $547 [7677]
  1030/16385: $546 [7676]
  1031/16385: $547 [7676]
  1032/16385: $546 [7675]
  1033/16385: $547 [7675]
  1034/16385: $546 [7674]
  1035/16385: $547 [7674]
  1036/16385: $546 [7673]
  1037/16385: $547 [7673]
  1038/16385: $546 [7672]
  1039/16385: $547 [7672]
  1040/16385: $546 [7671]
  1041/16385: $547 [7671]
  1042/16385: $546 [7670]
  1043/16385: $547 [7670]
  1044/16385: $546 [7669]
  1045/16385: $547 [7669]
  1046/16385: $546 [7668]
  1047/16385: $547 [7668]
  1048/16385: $546 [7667]
  1049/16385: $547 [7667]
  1050/16385: $546 [7666]
  1051/16385: $547 [7666]
  1052/16385: $546 [7665]
  1053/16385: $547 [7665]
  1054/16385: $546 [7664]
  1055/16385: $547 [7664]
  1056/16385: $546 [7663]
  1057/16385: $547 [7663]
  1058/16385: $546 [7662]
  1059/16385: $547 [7662]
  1060/16385: $546 [7661]
  1061/16385: $547 [7661]
  1062/16385: $546 [7660]
  1063/16385: $547 [7660]
  1064/16385: $546 [7659]
  1065/16385: $547 [7659]
  1066/16385: $546 [7658]
  1067/16385: $547 [7658]
  1068/16385: $546 [7657]
  1069/16385: $547 [7657]
  1070/16385: $546 [7656]
  1071/16385: $547 [7656]
  1072/16385: $546 [7655]
  1073/16385: $547 [7655]
  1074/16385: $546 [7654]
  1075/16385: $547 [7654]
  1076/16385: $546 [7653]
  1077/16385: $547 [7653]
  1078/16385: $546 [7652]
  1079/16385: $547 [7652]
  1080/16385: $546 [7651]
  1081/16385: $547 [7651]
  1082/16385: $546 [7650]
  1083/16385: $547 [7650]
  1084/16385: $546 [7649]
  1085/16385: $547 [7649]
  1086/16385: $546 [7648]
  1087/16385: $547 [7648]
  1088/16385: $546 [7647]
  1089/16385: $547 [7647]
  1090/16385: $546 [7646]
  1091/16385: $547 [7646]
  1092/16385: $546 [7645]
  1093/16385: $547 [7645]
  1094/16385: $546 [7644]
  1095/16385: $547 [7644]
  1096/16385: $546 [7643]
  1097/16385: $547 [7643]
  1098/16385: $546 [7642]
  1099/16385: $547 [7642]
  1100/16385: $546 [7641]
  1101/16385: $547 [7641]
  1102/16385: $546 [7640]
  1103/16385: $547 [7640]
  1104/16385: $546 [7639]
  1105/16385: $547 [7639]
  1106/16385: $546 [7638]
  1107/16385: $547 [7638]
  1108/16385: $546 [7637]
  1109/16385: $547 [7637]
  1110/16385: $546 [7636]
  1111/16385: $547 [7636]
  1112/16385: $546 [7635]
  1113/16385: $547 [7635]
  1114/16385: $546 [7634]
  1115/16385: $547 [7634]
  1116/16385: $546 [7633]
  1117/16385: $547 [7633]
  1118/16385: $546 [7632]
  1119/16385: $547 [7632]
  1120/16385: $546 [7631]
  1121/16385: $547 [7631]
  1122/16385: $546 [7630]
  1123/16385: $547 [7630]
  1124/16385: $546 [7629]
  1125/16385: $547 [7629]
  1126/16385: $546 [7628]
  1127/16385: $547 [7628]
  1128/16385: $546 [7627]
  1129/16385: $547 [7627]
  1130/16385: $546 [7626]
  1131/16385: $547 [7626]
  1132/16385: $546 [7625]
  1133/16385: $547 [7625]
  1134/16385: $546 [7624]
  1135/16385: $547 [7624]
  1136/16385: $546 [7623]
  1137/16385: $547 [7623]
  1138/16385: $546 [7622]
  1139/16385: $547 [7622]
  1140/16385: $546 [7621]
  1141/16385: $547 [7621]
  1142/16385: $546 [7620]
  1143/16385: $547 [7620]
  1144/16385: $546 [7619]
  1145/16385: $547 [7619]
  1146/16385: $546 [7618]
  1147/16385: $547 [7618]
  1148/16385: $546 [7617]
  1149/16385: $547 [7617]
  1150/16385: $546 [7616]
  1151/16385: $547 [7616]
  1152/16385: $546 [7615]
  1153/16385: $547 [7615]
  1154/16385: $546 [7614]
  1155/16385: $547 [7614]
  1156/16385: $546 [7613]
  1157/16385: $547 [7613]
  1158/16385: $546 [7612]
  1159/16385: $547 [7612]
  1160/16385: $546 [7611]
  1161/16385: $547 [7611]
  1162/16385: $546 [7610]
  1163/16385: $547 [7610]
  1164/16385: $546 [7609]
  1165/16385: $547 [7609]
  1166/16385: $546 [7608]
  1167/16385: $547 [7608]
  1168/16385: $546 [7607]
  1169/16385: $547 [7607]
  1170/16385: $546 [7606]
  1171/16385: $547 [7606]
  1172/16385: $546 [7605]
  1173/16385: $547 [7605]
  1174/16385: $546 [7604]
  1175/16385: $547 [7604]
  1176/16385: $546 [7603]
  1177/16385: $547 [7603]
  1178/16385: $546 [7602]
  1179/16385: $547 [7602]
  1180/16385: $546 [7601]
  1181/16385: $547 [7601]
  1182/16385: $546 [7600]
  1183/16385: $547 [7600]
  1184/16385: $546 [7599]
  1185/16385: $547 [7599]
  1186/16385: $546 [7598]
  1187/16385: $547 [7598]
  1188/16385: $546 [7597]
  1189/16385: $547 [7597]
  1190/16385: $546 [7596]
  1191/16385: $547 [7596]
  1192/16385: $546 [7595]
  1193/16385: $547 [7595]
  1194/16385: $546 [7594]
  1195/16385: $547 [7594]
  1196/16385: $546 [7593]
  1197/16385: $547 [7593]
  1198/16385: $546 [7592]
  1199/16385: $547 [7592]
  1200/16385: $546 [7591]
  1201/16385: $547 [7591]
  1202/16385: $546 [7590]
  1203/16385: $547 [7590]
  1204/16385: $546 [7589]
  1205/16385: $547 [7589]
  1206/16385: $546 [7588]
  1207/16385: $547 [7588]
  1208/16385: $546 [7587]
  1209/16385: $547 [7587]
  1210/16385: $546 [7586]
  1211/16385: $547 [7586]
  1212/16385: $546 [7585]
  1213/16385: $547 [7585]
  1214/16385: $546 [7584]
  1215/16385: $547 [7584]
  1216/16385: $546 [7583]
  1217/16385: $547 [7583]
  1218/16385: $546 [7582]
  1219/16385: $547 [7582]
  1220/16385: $546 [7581]
  1221/16385: $547 [7581]
  1222/16385: $546 [7580]
  1223/16385: $547 [7580]
  1224/16385: $546 [7579]
  1225/16385: $547 [7579]
  1226/16385: $546 [7578]
  1227/16385: $547 [7578]
  1228/16385: $546 [7577]
  1229/16385: $547 [7577]
  1230/16385: $546 [7576]
  1231/16385: $547 [7576]
  1232/16385: $546 [7575]
  1233/16385: $547 [7575]
  1234/16385: $546 [7574]
  1235/16385: $547 [7574]
  1236/16385: $546 [7573]
  1237/16385: $547 [7573]
  1238/16385: $546 [7572]
  1239/16385: $547 [7572]
  1240/16385: $546 [7571]
  1241/16385: $547 [7571]
  1242/16385: $546 [7570]
  1243/16385: $547 [7570]
  1244/16385: $546 [7569]
  1245/16385: $547 [7569]
  1246/16385: $546 [7568]
  1247/16385: $547 [7568]
  1248/16385: $546 [7567]
  1249/16385: $547 [7567]
  1250/16385: $546 [7566]
  1251/16385: $547 [7566]
  1252/16385: $546 [7565]
  1253/16385: $547 [7565]
  1254/16385: $546 [7564]
  1255/16385: $547 [7564]
  1256/16385: $546 [7563]
  1257/16385: $547 [7563]
  1258/16385: $546 [7562]
  1259/16385: $547 [7562]
  1260/16385: $546 [7561]
  1261/16385: $547 [7561]
  1262/16385: $546 [7560]
  1263/16385: $547 [7560]
  1264/16385: $546 [7559]
  1265/16385: $547 [7559]
  1266/16385: $546 [7558]
  1267/16385: $547 [7558]
  1268/16385: $546 [7557]
  1269/16385: $547 [7557]
  1270/16385: $546 [7556]
  1271/16385: $547 [7556]
  1272/16385: $546 [7555]
  1273/16385: $547 [7555]
  1274/16385: $546 [7554]
  1275/16385: $547 [7554]
  1276/16385: $546 [7553]
  1277/16385: $547 [7553]
  1278/16385: $546 [7552]
  1279/16385: $547 [7552]
  1280/16385: $546 [7551]
  1281/16385: $547 [7551]
  1282/16385: $546 [7550]
  1283/16385: $547 [7550]
  1284/16385: $546 [7549]
  1285/16385: $547 [7549]
  1286/16385: $546 [7548]
  1287/16385: $547 [7548]
  1288/16385: $546 [7547]
  1289/16385: $547 [7547]
  1290/16385: $546 [7546]
  1291/16385: $547 [7546]
  1292/16385: $546 [7545]
  1293/16385: $547 [7545]
  1294/16385: $546 [7544]
  1295/16385: $547 [7544]
  1296/16385: $546 [7543]
  1297/16385: $547 [7543]
  1298/16385: $546 [7542]
  1299/16385: $547 [7542]
  1300/16385: $546 [7541]
  1301/16385: $547 [7541]
  1302/16385: $546 [7540]
  1303/16385: $547 [7540]
  1304/16385: $546 [7539]
  1305/16385: $547 [7539]
  1306/16385: $546 [7538]
  1307/16385: $547 [7538]
  1308/16385: $546 [7537]
  1309/16385: $547 [7537]
  1310/16385: $546 [7536]
  1311/16385: $547 [7536]
  1312/16385: $546 [7535]
  1313/16385: $547 [7535]
  1314/16385: $546 [7534]
  1315/16385: $547 [7534]
  1316/16385: $546 [7533]
  1317/16385: $547 [7533]
  1318/16385: $546 [7532]
  1319/16385: $547 [7532]
  1320/16385: $546 [7531]
  1321/16385: $547 [7531]
  1322/16385: $546 [7530]
  1323/16385: $547 [7530]
  1324/16385: $546 [7529]
  1325/16385: $547 [7529]
  1326/16385: $546 [7528]
  1327/16385: $547 [7528]
  1328/16385: $546 [7527]
  1329/16385: $547 [7527]
  1330/16385: $546 [7526]
  1331/16385: $547 [7526]
  1332/16385: $546 [7525]
  1333/16385: $547 [7525]
  1334/16385: $546 [7524]
  1335/16385: $547 [7524]
  1336/16385: $546 [7523]
  1337/16385: $547 [7523]
  1338/16385: $546 [7522]
  1339/16385: $547 [7522]
  1340/16385: $546 [7521]
  1341/16385: $547 [7521]
  1342/16385: $546 [7520]
  1343/16385: $547 [7520]
  1344/16385: $546 [7519]
  1345/16385: $547 [7519]
  1346/16385: $546 [7518]
  1347/16385: $547 [7518]
  1348/16385: $546 [7517]
  1349/16385: $547 [7517]
  1350/16385: $546 [7516]
  1351/16385: $547 [7516]
  1352/16385: $546 [7515]
  1353/16385: $547 [7515]
  1354/16385: $546 [7514]
  1355/16385: $547 [7514]
  1356/16385: $546 [7513]
  1357/16385: $547 [7513]
  1358/16385: $546 [7512]
  1359/16385: $547 [7512]
  1360/16385: $546 [7511]
  1361/16385: $547 [7511]
  1362/16385: $546 [7510]
  1363/16385: $547 [7510]
  1364/16385: $546 [7509]
  1365/16385: $547 [7509]
  1366/16385: $546 [7508]
  1367/16385: $547 [7508]
  1368/16385: $546 [7507]
  1369/16385: $547 [7507]
  1370/16385: $546 [7506]
  1371/16385: $547 [7506]
  1372/16385: $546 [7505]
  1373/16385: $547 [7505]
  1374/16385: $546 [7504]
  1375/16385: $547 [7504]
  1376/16385: $546 [7503]
  1377/16385: $547 [7503]
  1378/16385: $546 [7502]
  1379/16385: $547 [7502]
  1380/16385: $546 [7501]
  1381/16385: $547 [7501]
  1382/16385: $546 [7500]
  1383/16385: $547 [7500]
  1384/16385: $546 [7499]
  1385/16385: $547 [7499]
  1386/16385: $546 [7498]
  1387/16385: $547 [7498]
  1388/16385: $546 [7497]
  1389/16385: $547 [7497]
  1390/16385: $546 [7496]
  1391/16385: $547 [7496]
  1392/16385: $546 [7495]
  1393/16385: $547 [7495]
  1394/16385: $546 [7494]
  1395/16385: $547 [7494]
  1396/16385: $546 [7493]
  1397/16385: $547 [7493]
  1398/16385: $546 [7492]
  1399/16385: $547 [7492]
  1400/16385: $546 [7491]
  1401/16385: $547 [7491]
  1402/16385: $546 [7490]
  1403/16385: $547 [7490]
  1404/16385: $546 [7489]
  1405/16385: $547 [7489]
  1406/16385: $546 [7488]
  1407/16385: $547 [7488]
  1408/16385: $546 [7487]
  1409/16385: $547 [7487]
  1410/16385: $546 [7486]
  1411/16385: $547 [7486]
  1412/16385: $546 [7485]
  1413/16385: $547 [7485]
  1414/16385: $546 [7484]
  1415/16385: $547 [7484]
  1416/16385: $546 [7483]
  1417/16385: $547 [7483]
  1418/16385: $546 [7482]
  1419/16385: $547 [7482]
  1420/16385: $546 [7481]
  1421/16385: $547 [7481]
  1422/16385: $546 [7480]
  1423/16385: $547 [7480]
  1424/16385: $546 [7479]
  1425/16385: $547 [7479]
  1426/16385: $546 [7478]
  1427/16385: $547 [7478]
  1428/16385: $546 [7477]
  1429/16385: $547 [7477]
  1430/16385: $546 [7476]
  1431/16385: $547 [7476]
  1432/16385: $546 [7475]
  1433/16385: $547 [7475]
  1434/16385: $546 [7474]
  1435/16385: $547 [7474]
  1436/16385: $546 [7473]
  1437/16385: $547 [7473]
  1438/16385: $546 [7472]
  1439/16385: $547 [7472]
  1440/16385: $546 [7471]
  1441/16385: $547 [7471]
  1442/16385: $546 [7470]
  1443/16385: $547 [7470]
  1444/16385: $546 [7469]
  1445/16385: $547 [7469]
  1446/16385: $546 [7468]
  1447/16385: $547 [7468]
  1448/16385: $546 [7467]
  1449/16385: $547 [7467]
  1450/16385: $546 [7466]
  1451/16385: $547 [7466]
  1452/16385: $546 [7465]
  1453/16385: $547 [7465]
  1454/16385: $546 [7464]
  1455/16385: $547 [7464]
  1456/16385: $546 [7463]
  1457/16385: $547 [7463]
  1458/16385: $546 [7462]
  1459/16385: $547 [7462]
  1460/16385: $546 [7461]
  1461/16385: $547 [7461]
  1462/16385: $546 [7460]
  1463/16385: $547 [7460]
  1464/16385: $546 [7459]
  1465/16385: $547 [7459]
  1466/16385: $546 [7458]
  1467/16385: $547 [7458]
  1468/16385: $546 [7457]
  1469/16385: $547 [7457]
  1470/16385: $546 [7456]
  1471/16385: $547 [7456]
  1472/16385: $546 [7455]
  1473/16385: $547 [7455]
  1474/16385: $546 [7454]
  1475/16385: $547 [7454]
  1476/16385: $546 [7453]
  1477/16385: $547 [7453]
  1478/16385: $546 [7452]
  1479/16385: $547 [7452]
  1480/16385: $546 [7451]
  1481/16385: $547 [7451]
  1482/16385: $546 [7450]
  1483/16385: $547 [7450]
  1484/16385: $546 [7449]
  1485/16385: $547 [7449]
  1486/16385: $546 [7448]
  1487/16385: $547 [7448]
  1488/16385: $546 [7447]
  1489/16385: $547 [7447]
  1490/16385: $546 [7446]
  1491/16385: $547 [7446]
  1492/16385: $546 [7445]
  1493/16385: $547 [7445]
  1494/16385: $546 [7444]
  1495/16385: $547 [7444]
  1496/16385: $546 [7443]
  1497/16385: $547 [7443]
  1498/16385: $546 [7442]
  1499/16385: $547 [7442]
  1500/16385: $546 [7441]
  1501/16385: $547 [7441]
  1502/16385: $546 [7440]
  1503/16385: $547 [7440]
  1504/16385: $546 [7439]
  1505/16385: $547 [7439]
  1506/16385: $546 [7438]
  1507/16385: $547 [7438]
  1508/16385: $546 [7437]
  1509/16385: $547 [7437]
  1510/16385: $546 [7436]
  1511/16385: $547 [7436]
  1512/16385: $546 [7435]
  1513/16385: $547 [7435]
  1514/16385: $546 [7434]
  1515/16385: $547 [7434]
  1516/16385: $546 [7433]
  1517/16385: $547 [7433]
  1518/16385: $546 [7432]
  1519/16385: $547 [7432]
  1520/16385: $546 [7431]
  1521/16385: $547 [7431]
  1522/16385: $546 [7430]
  1523/16385: $547 [7430]
  1524/16385: $546 [7429]
  1525/16385: $547 [7429]
  1526/16385: $546 [7428]
  1527/16385: $547 [7428]
  1528/16385: $546 [7427]
  1529/16385: $547 [7427]
  1530/16385: $546 [7426]
  1531/16385: $547 [7426]
  1532/16385: $546 [7425]
  1533/16385: $547 [7425]
  1534/16385: $546 [7424]
  1535/16385: $547 [7424]
  1536/16385: $546 [7423]
  1537/16385: $547 [7423]
  1538/16385: $546 [7422]
  1539/16385: $547 [7422]
  1540/16385: $546 [7421]
  1541/16385: $547 [7421]
  1542/16385: $546 [7420]
  1543/16385: $547 [7420]
  1544/16385: $546 [7419]
  1545/16385: $547 [7419]
  1546/16385: $546 [7418]
  1547/16385: $547 [7418]
  1548/16385: $546 [7417]
  1549/16385: $547 [7417]
  1550/16385: $546 [7416]
  1551/16385: $547 [7416]
  1552/16385: $546 [7415]
  1553/16385: $547 [7415]
  1554/16385: $546 [7414]
  1555/16385: $547 [7414]
  1556/16385: $546 [7413]
  1557/16385: $547 [7413]
  1558/16385: $546 [7412]
  1559/16385: $547 [7412]
  1560/16385: $546 [7411]
  1561/16385: $547 [7411]
  1562/16385: $546 [7410]
  1563/16385: $547 [7410]
  1564/16385: $546 [7409]
  1565/16385: $547 [7409]
  1566/16385: $546 [7408]
  1567/16385: $547 [7408]
  1568/16385: $546 [7407]
  1569/16385: $547 [7407]
  1570/16385: $546 [7406]
  1571/16385: $547 [7406]
  1572/16385: $546 [7405]
  1573/16385: $547 [7405]
  1574/16385: $546 [7404]
  1575/16385: $547 [7404]
  1576/16385: $546 [7403]
  1577/16385: $547 [7403]
  1578/16385: $546 [7402]
  1579/16385: $547 [7402]
  1580/16385: $546 [7401]
  1581/16385: $547 [7401]
  1582/16385: $546 [7400]
  1583/16385: $547 [7400]
  1584/16385: $546 [7399]
  1585/16385: $547 [7399]
  1586/16385: $546 [7398]
  1587/16385: $547 [7398]
  1588/16385: $546 [7397]
  1589/16385: $547 [7397]
  1590/16385: $546 [7396]
  1591/16385: $547 [7396]
  1592/16385: $546 [7395]
  1593/16385: $547 [7395]
  1594/16385: $546 [7394]
  1595/16385: $547 [7394]
  1596/16385: $546 [7393]
  1597/16385: $547 [7393]
  1598/16385: $546 [7392]
  1599/16385: $547 [7392]
  1600/16385: $546 [7391]
  1601/16385: $547 [7391]
  1602/16385: $546 [7390]
  1603/16385: $547 [7390]
  1604/16385: $546 [7389]
  1605/16385: $547 [7389]
  1606/16385: $546 [7388]
  1607/16385: $547 [7388]
  1608/16385: $546 [7387]
  1609/16385: $547 [7387]
  1610/16385: $546 [7386]
  1611/16385: $547 [7386]
  1612/16385: $546 [7385]
  1613/16385: $547 [7385]
  1614/16385: $546 [7384]
  1615/16385: $547 [7384]
  1616/16385: $546 [7383]
  1617/16385: $547 [7383]
  1618/16385: $546 [7382]
  1619/16385: $547 [7382]
  1620/16385: $546 [7381]
  1621/16385: $547 [7381]
  1622/16385: $546 [7380]
  1623/16385: $547 [7380]
  1624/16385: $546 [7379]
  1625/16385: $547 [7379]
  1626/16385: $546 [7378]
  1627/16385: $547 [7378]
  1628/16385: $546 [7377]
  1629/16385: $547 [7377]
  1630/16385: $546 [7376]
  1631/16385: $547 [7376]
  1632/16385: $546 [7375]
  1633/16385: $547 [7375]
  1634/16385: $546 [7374]
  1635/16385: $547 [7374]
  1636/16385: $546 [7373]
  1637/16385: $547 [7373]
  1638/16385: $546 [7372]
  1639/16385: $547 [7372]
  1640/16385: $546 [7371]
  1641/16385: $547 [7371]
  1642/16385: $546 [7370]
  1643/16385: $547 [7370]
  1644/16385: $546 [7369]
  1645/16385: $547 [7369]
  1646/16385: $546 [7368]
  1647/16385: $547 [7368]
  1648/16385: $546 [7367]
  1649/16385: $547 [7367]
  1650/16385: $546 [7366]
  1651/16385: $547 [7366]
  1652/16385: $546 [7365]
  1653/16385: $547 [7365]
  1654/16385: $546 [7364]
  1655/16385: $547 [7364]
  1656/16385: $546 [7363]
  1657/16385: $547 [7363]
  1658/16385: $546 [7362]
  1659/16385: $547 [7362]
  1660/16385: $546 [7361]
  1661/16385: $547 [7361]
  1662/16385: $546 [7360]
  1663/16385: $547 [7360]
  1664/16385: $546 [7359]
  1665/16385: $547 [7359]
  1666/16385: $546 [7358]
  1667/16385: $547 [7358]
  1668/16385: $546 [7357]
  1669/16385: $547 [7357]
  1670/16385: $546 [7356]
  1671/16385: $547 [7356]
  1672/16385: $546 [7355]
  1673/16385: $547 [7355]
  1674/16385: $546 [7354]
  1675/16385: $547 [7354]
  1676/16385: $546 [7353]
  1677/16385: $547 [7353]
  1678/16385: $546 [7352]
  1679/16385: $547 [7352]
  1680/16385: $546 [7351]
  1681/16385: $547 [7351]
  1682/16385: $546 [7350]
  1683/16385: $547 [7350]
  1684/16385: $546 [7349]
  1685/16385: $547 [7349]
  1686/16385: $546 [7348]
  1687/16385: $547 [7348]
  1688/16385: $546 [7347]
  1689/16385: $547 [7347]
  1690/16385: $546 [7346]
  1691/16385: $547 [7346]
  1692/16385: $546 [7345]
  1693/16385: $547 [7345]
  1694/16385: $546 [7344]
  1695/16385: $547 [7344]
  1696/16385: $546 [7343]
  1697/16385: $547 [7343]
  1698/16385: $546 [7342]
  1699/16385: $547 [7342]
  1700/16385: $546 [7341]
  1701/16385: $547 [7341]
  1702/16385: $546 [7340]
  1703/16385: $547 [7340]
  1704/16385: $546 [7339]
  1705/16385: $547 [7339]
  1706/16385: $546 [7338]
  1707/16385: $547 [7338]
  1708/16385: $546 [7337]
  1709/16385: $547 [7337]
  1710/16385: $546 [7336]
  1711/16385: $547 [7336]
  1712/16385: $546 [7335]
  1713/16385: $547 [7335]
  1714/16385: $546 [7334]
  1715/16385: $547 [7334]
  1716/16385: $546 [7333]
  1717/16385: $547 [7333]
  1718/16385: $546 [7332]
  1719/16385: $547 [7332]
  1720/16385: $546 [7331]
  1721/16385: $547 [7331]
  1722/16385: $546 [7330]
  1723/16385: $547 [7330]
  1724/16385: $546 [7329]
  1725/16385: $547 [7329]
  1726/16385: $546 [7328]
  1727/16385: $547 [7328]
  1728/16385: $546 [7327]
  1729/16385: $547 [7327]
  1730/16385: $546 [7326]
  1731/16385: $547 [7326]
  1732/16385: $546 [7325]
  1733/16385: $547 [7325]
  1734/16385: $546 [7324]
  1735/16385: $547 [7324]
  1736/16385: $546 [7323]
  1737/16385: $547 [7323]
  1738/16385: $546 [7322]
  1739/16385: $547 [7322]
  1740/16385: $546 [7321]
  1741/16385: $547 [7321]
  1742/16385: $546 [7320]
  1743/16385: $547 [7320]
  1744/16385: $546 [7319]
  1745/16385: $547 [7319]
  1746/16385: $546 [7318]
  1747/16385: $547 [7318]
  1748/16385: $546 [7317]
  1749/16385: $547 [7317]
  1750/16385: $546 [7316]
  1751/16385: $547 [7316]
  1752/16385: $546 [7315]
  1753/16385: $547 [7315]
  1754/16385: $546 [7314]
  1755/16385: $547 [7314]
  1756/16385: $546 [7313]
  1757/16385: $547 [7313]
  1758/16385: $546 [7312]
  1759/16385: $547 [7312]
  1760/16385: $546 [7311]
  1761/16385: $547 [7311]
  1762/16385: $546 [7310]
  1763/16385: $547 [7310]
  1764/16385: $546 [7309]
  1765/16385: $547 [7309]
  1766/16385: $546 [7308]
  1767/16385: $547 [7308]
  1768/16385: $546 [7307]
  1769/16385: $547 [7307]
  1770/16385: $546 [7306]
  1771/16385: $547 [7306]
  1772/16385: $546 [7305]
  1773/16385: $547 [7305]
  1774/16385: $546 [7304]
  1775/16385: $547 [7304]
  1776/16385: $546 [7303]
  1777/16385: $547 [7303]
  1778/16385: $546 [7302]
  1779/16385: $547 [7302]
  1780/16385: $546 [7301]
  1781/16385: $547 [7301]
  1782/16385: $546 [7300]
  1783/16385: $547 [7300]
  1784/16385: $546 [7299]
  1785/16385: $547 [7299]
  1786/16385: $546 [7298]
  1787/16385: $547 [7298]
  1788/16385: $546 [7297]
  1789/16385: $547 [7297]
  1790/16385: $546 [7296]
  1791/16385: $547 [7296]
  1792/16385: $546 [7295]
  1793/16385: $547 [7295]
  1794/16385: $546 [7294]
  1795/16385: $547 [7294]
  1796/16385: $546 [7293]
  1797/16385: $547 [7293]
  1798/16385: $546 [7292]
  1799/16385: $547 [7292]
  1800/16385: $546 [7291]
  1801/16385: $547 [7291]
  1802/16385: $546 [7290]
  1803/16385: $547 [7290]
  1804/16385: $546 [7289]
  1805/16385: $547 [7289]
  1806/16385: $546 [7288]
  1807/16385: $547 [7288]
  1808/16385: $546 [7287]
  1809/16385: $547 [7287]
  1810/16385: $546 [7286]
  1811/16385: $547 [7286]
  1812/16385: $546 [7285]
  1813/16385: $547 [7285]
  1814/16385: $546 [7284]
  1815/16385: $547 [7284]
  1816/16385: $546 [7283]
  1817/16385: $547 [7283]
  1818/16385: $546 [7282]
  1819/16385: $547 [7282]
  1820/16385: $546 [7281]
  1821/16385: $547 [7281]
  1822/16385: $546 [7280]
  1823/16385: $547 [7280]
  1824/16385: $546 [7279]
  1825/16385: $547 [7279]
  1826/16385: $546 [7278]
  1827/16385: $547 [7278]
  1828/16385: $546 [7277]
  1829/16385: $547 [7277]
  1830/16385: $546 [7276]
  1831/16385: $547 [7276]
  1832/16385: $546 [7275]
  1833/16385: $547 [7275]
  1834/16385: $546 [7274]
  1835/16385: $547 [7274]
  1836/16385: $546 [7273]
  1837/16385: $547 [7273]
  1838/16385: $546 [7272]
  1839/16385: $547 [7272]
  1840/16385: $546 [7271]
  1841/16385: $547 [7271]
  1842/16385: $546 [7270]
  1843/16385: $547 [7270]
  1844/16385: $546 [7269]
  1845/16385: $547 [7269]
  1846/16385: $546 [7268]
  1847/16385: $547 [7268]
  1848/16385: $546 [7267]
  1849/16385: $547 [7267]
  1850/16385: $546 [7266]
  1851/16385: $547 [7266]
  1852/16385: $546 [7265]
  1853/16385: $547 [7265]
  1854/16385: $546 [7264]
  1855/16385: $547 [7264]
  1856/16385: $546 [7263]
  1857/16385: $547 [7263]
  1858/16385: $546 [7262]
  1859/16385: $547 [7262]
  1860/16385: $546 [7261]
  1861/16385: $547 [7261]
  1862/16385: $546 [7260]
  1863/16385: $547 [7260]
  1864/16385: $546 [7259]
  1865/16385: $547 [7259]
  1866/16385: $546 [7258]
  1867/16385: $547 [7258]
  1868/16385: $546 [7257]
  1869/16385: $547 [7257]
  1870/16385: $546 [7256]
  1871/16385: $547 [7256]
  1872/16385: $546 [7255]
  1873/16385: $547 [7255]
  1874/16385: $546 [7254]
  1875/16385: $547 [7254]
  1876/16385: $546 [7253]
  1877/16385: $547 [7253]
  1878/16385: $546 [7252]
  1879/16385: $547 [7252]
  1880/16385: $546 [7251]
  1881/16385: $547 [7251]
  1882/16385: $546 [7250]
  1883/16385: $547 [7250]
  1884/16385: $546 [7249]
  1885/16385: $547 [7249]
  1886/16385: $546 [7248]
  1887/16385: $547 [7248]
  1888/16385: $546 [7247]
  1889/16385: $547 [7247]
  1890/16385: $546 [7246]
  1891/16385: $547 [7246]
  1892/16385: $546 [7245]
  1893/16385: $547 [7245]
  1894/16385: $546 [7244]
  1895/16385: $547 [7244]
  1896/16385: $546 [7243]
  1897/16385: $547 [7243]
  1898/16385: $546 [7242]
  1899/16385: $547 [7242]
  1900/16385: $546 [7241]
  1901/16385: $547 [7241]
  1902/16385: $546 [7240]
  1903/16385: $547 [7240]
  1904/16385: $546 [7239]
  1905/16385: $547 [7239]
  1906/16385: $546 [7238]
  1907/16385: $547 [7238]
  1908/16385: $546 [7237]
  1909/16385: $547 [7237]
  1910/16385: $546 [7236]
  1911/16385: $547 [7236]
  1912/16385: $546 [7235]
  1913/16385: $547 [7235]
  1914/16385: $546 [7234]
  1915/16385: $547 [7234]
  1916/16385: $546 [7233]
  1917/16385: $547 [7233]
  1918/16385: $546 [7232]
  1919/16385: $547 [7232]
  1920/16385: $546 [7231]
  1921/16385: $547 [7231]
  1922/16385: $546 [7230]
  1923/16385: $547 [7230]
  1924/16385: $546 [7229]
  1925/16385: $547 [7229]
  1926/16385: $546 [7228]
  1927/16385: $547 [7228]
  1928/16385: $546 [7227]
  1929/16385: $547 [7227]
  1930/16385: $546 [7226]
  1931/16385: $547 [7226]
  1932/16385: $546 [7225]
  1933/16385: $547 [7225]
  1934/16385: $546 [7224]
  1935/16385: $547 [7224]
  1936/16385: $546 [7223]
  1937/16385: $547 [7223]
  1938/16385: $546 [7222]
  1939/16385: $547 [7222]
  1940/16385: $546 [7221]
  1941/16385: $547 [7221]
  1942/16385: $546 [7220]
  1943/16385: $547 [7220]
  1944/16385: $546 [7219]
  1945/16385: $547 [7219]
  1946/16385: $546 [7218]
  1947/16385: $547 [7218]
  1948/16385: $546 [7217]
  1949/16385: $547 [7217]
  1950/16385: $546 [7216]
  1951/16385: $547 [7216]
  1952/16385: $546 [7215]
  1953/16385: $547 [7215]
  1954/16385: $546 [7214]
  1955/16385: $547 [7214]
  1956/16385: $546 [7213]
  1957/16385: $547 [7213]
  1958/16385: $546 [7212]
  1959/16385: $547 [7212]
  1960/16385: $546 [7211]
  1961/16385: $547 [7211]
  1962/16385: $546 [7210]
  1963/16385: $547 [7210]
  1964/16385: $546 [7209]
  1965/16385: $547 [7209]
  1966/16385: $546 [7208]
  1967/16385: $547 [7208]
  1968/16385: $546 [7207]
  1969/16385: $547 [7207]
  1970/16385: $546 [7206]
  1971/16385: $547 [7206]
  1972/16385: $546 [7205]
  1973/16385: $547 [7205]
  1974/16385: $546 [7204]
  1975/16385: $547 [7204]
  1976/16385: $546 [7203]
  1977/16385: $547 [7203]
  1978/16385: $546 [7202]
  1979/16385: $547 [7202]
  1980/16385: $546 [7201]
  1981/16385: $547 [7201]
  1982/16385: $546 [7200]
  1983/16385: $547 [7200]
  1984/16385: $546 [7199]
  1985/16385: $547 [7199]
  1986/16385: $546 [7198]
  1987/16385: $547 [7198]
  1988/16385: $546 [7197]
  1989/16385: $547 [7197]
  1990/16385: $546 [7196]
  1991/16385: $547 [7196]
  1992/16385: $546 [7195]
  1993/16385: $547 [7195]
  1994/16385: $546 [7194]
  1995/16385: $547 [7194]
  1996/16385: $546 [7193]
  1997/16385: $547 [7193]
  1998/16385: $546 [7192]
  1999/16385: $547 [7192]
  2000/16385: $546 [7191]
  2001/16385: $547 [7191]
  2002/16385: $546 [7190]
  2003/16385: $547 [7190]
  2004/16385: $546 [7189]
  2005/16385: $547 [7189]
  2006/16385: $546 [7188]
  2007/16385: $547 [7188]
  2008/16385: $546 [7187]
  2009/16385: $547 [7187]
  2010/16385: $546 [7186]
  2011/16385: $547 [7186]
  2012/16385: $546 [7185]
  2013/16385: $547 [7185]
  2014/16385: $546 [7184]
  2015/16385: $547 [7184]
  2016/16385: $546 [7183]
  2017/16385: $547 [7183]
  2018/16385: $546 [7182]
  2019/16385: $547 [7182]
  2020/16385: $546 [7181]
  2021/16385: $547 [7181]
  2022/16385: $546 [7180]
  2023/16385: $547 [7180]
  2024/16385: $546 [7179]
  2025/16385: $547 [7179]
  2026/16385: $546 [7178]
  2027/16385: $547 [7178]
  2028/16385: $546 [7177]
  2029/16385: $547 [7177]
  2030/16385: $546 [7176]
  2031/16385: $547 [7176]
  2032/16385: $546 [7175]
  2033/16385: $547 [7175]
  2034/16385: $546 [7174]
  2035/16385: $547 [7174]
  2036/16385: $546 [7173]
  2037/16385: $547 [7173]
  2038/16385: $546 [7172]
  2039/16385: $547 [7172]
  2040/16385: $546 [7171]
  2041/16385: $547 [7171]
  2042/16385: $546 [7170]
  2043/16385: $547 [7170]
  2044/16385: $546 [7169]
  2045/16385: $547 [7169]
  2046/16385: $546 [7168]
  2047/16385: $547 [7168]
  2048/16385: $546 [7167]
  2049/16385: $547 [7167]
  2050/16385: $546 [7166]
  2051/16385: $547 [7166]
  2052/16385: $546 [7165]
  2053/16385: $547 [7165]
  2054/16385: $546 [7164]
  2055/16385: $547 [7164]
  2056/16385: $546 [7163]
  2057/16385: $547 [7163]
  2058/16385: $546 [7162]
  2059/16385: $547 [7162]
  2060/16385: $546 [7161]
  2061/16385: $547 [7161]
  2062/16385: $546 [7160]
  2063/16385: $547 [7160]
  2064/16385: $546 [7159]
  2065/16385: $547 [7159]
  2066/16385: $546 [7158]
  2067/16385: $547 [7158]
  2068/16385: $546 [7157]
  2069/16385: $547 [7157]
  2070/16385: $546 [7156]
  2071/16385: $547 [7156]
  2072/16385: $546 [7155]
  2073/16385: $547 [7155]
  2074/16385: $546 [7154]
  2075/16385: $547 [7154]
  2076/16385: $546 [7153]
  2077/16385: $547 [7153]
  2078/16385: $546 [7152]
  2079/16385: $547 [7152]
  2080/16385: $546 [7151]
  2081/16385: $547 [7151]
  2082/16385: $546 [7150]
  2083/16385: $547 [7150]
  2084/16385: $546 [7149]
  2085/16385: $547 [7149]
  2086/16385: $546 [7148]
  2087/16385: $547 [7148]
  2088/16385: $546 [7147]
  2089/16385: $547 [7147]
  2090/16385: $546 [7146]
  2091/16385: $547 [7146]
  2092/16385: $546 [7145]
  2093/16385: $547 [7145]
  2094/16385: $546 [7144]
  2095/16385: $547 [7144]
  2096/16385: $546 [7143]
  2097/16385: $547 [7143]
  2098/16385: $546 [7142]
  2099/16385: $547 [7142]
  2100/16385: $546 [7141]
  2101/16385: $547 [7141]
  2102/16385: $546 [7140]
  2103/16385: $547 [7140]
  2104/16385: $546 [7139]
  2105/16385: $547 [7139]
  2106/16385: $546 [7138]
  2107/16385: $547 [7138]
  2108/16385: $546 [7137]
  2109/16385: $547 [7137]
  2110/16385: $546 [7136]
  2111/16385: $547 [7136]
  2112/16385: $546 [7135]
  2113/16385: $547 [7135]
  2114/16385: $546 [7134]
  2115/16385: $547 [7134]
  2116/16385: $546 [7133]
  2117/16385: $547 [7133]
  2118/16385: $546 [7132]
  2119/16385: $547 [7132]
  2120/16385: $546 [7131]
  2121/16385: $547 [7131]
  2122/16385: $546 [7130]
  2123/16385: $547 [7130]
  2124/16385: $546 [7129]
  2125/16385: $547 [7129]
  2126/16385: $546 [7128]
  2127/16385: $547 [7128]
  2128/16385: $546 [7127]
  2129/16385: $547 [7127]
  2130/16385: $546 [7126]
  2131/16385: $547 [7126]
  2132/16385: $546 [7125]
  2133/16385: $547 [7125]
  2134/16385: $546 [7124]
  2135/16385: $547 [7124]
  2136/16385: $546 [7123]
  2137/16385: $547 [7123]
  2138/16385: $546 [7122]
  2139/16385: $547 [7122]
  2140/16385: $546 [7121]
  2141/16385: $547 [7121]
  2142/16385: $546 [7120]
  2143/16385: $547 [7120]
  2144/16385: $546 [7119]
  2145/16385: $547 [7119]
  2146/16385: $546 [7118]
  2147/16385: $547 [7118]
  2148/16385: $546 [7117]
  2149/16385: $547 [7117]
  2150/16385: $546 [7116]
  2151/16385: $547 [7116]
  2152/16385: $546 [7115]
  2153/16385: $547 [7115]
  2154/16385: $546 [7114]
  2155/16385: $547 [7114]
  2156/16385: $546 [7113]
  2157/16385: $547 [7113]
  2158/16385: $546 [7112]
  2159/16385: $547 [7112]
  2160/16385: $546 [7111]
  2161/16385: $547 [7111]
  2162/16385: $546 [7110]
  2163/16385: $547 [7110]
  2164/16385: $546 [7109]
  2165/16385: $547 [7109]
  2166/16385: $546 [7108]
  2167/16385: $547 [7108]
  2168/16385: $546 [7107]
  2169/16385: $547 [7107]
  2170/16385: $546 [7106]
  2171/16385: $547 [7106]
  2172/16385: $546 [7105]
  2173/16385: $547 [7105]
  2174/16385: $546 [7104]
  2175/16385: $547 [7104]
  2176/16385: $546 [7103]
  2177/16385: $547 [7103]
  2178/16385: $546 [7102]
  2179/16385: $547 [7102]
  2180/16385: $546 [7101]
  2181/16385: $547 [7101]
  2182/16385: $546 [7100]
  2183/16385: $547 [7100]
  2184/16385: $546 [7099]
  2185/16385: $547 [7099]
  2186/16385: $546 [7098]
  2187/16385: $547 [7098]
  2188/16385: $546 [7097]
  2189/16385: $547 [7097]
  2190/16385: $546 [7096]
  2191/16385: $547 [7096]
  2192/16385: $546 [7095]
  2193/16385: $547 [7095]
  2194/16385: $546 [7094]
  2195/16385: $547 [7094]
  2196/16385: $546 [7093]
  2197/16385: $547 [7093]
  2198/16385: $546 [7092]
  2199/16385: $547 [7092]
  2200/16385: $546 [7091]
  2201/16385: $547 [7091]
  2202/16385: $546 [7090]
  2203/16385: $547 [7090]
  2204/16385: $546 [7089]
  2205/16385: $547 [7089]
  2206/16385: $546 [7088]
  2207/16385: $547 [7088]
  2208/16385: $546 [7087]
  2209/16385: $547 [7087]
  2210/16385: $546 [7086]
  2211/16385: $547 [7086]
  2212/16385: $546 [7085]
  2213/16385: $547 [7085]
  2214/16385: $546 [7084]
  2215/16385: $547 [7084]
  2216/16385: $546 [7083]
  2217/16385: $547 [7083]
  2218/16385: $546 [7082]
  2219/16385: $547 [7082]
  2220/16385: $546 [7081]
  2221/16385: $547 [7081]
  2222/16385: $546 [7080]
  2223/16385: $547 [7080]
  2224/16385: $546 [7079]
  2225/16385: $547 [7079]
  2226/16385: $546 [7078]
  2227/16385: $547 [7078]
  2228/16385: $546 [7077]
  2229/16385: $547 [7077]
  2230/16385: $546 [7076]
  2231/16385: $547 [7076]
  2232/16385: $546 [7075]
  2233/16385: $547 [7075]
  2234/16385: $546 [7074]
  2235/16385: $547 [7074]
  2236/16385: $546 [7073]
  2237/16385: $547 [7073]
  2238/16385: $546 [7072]
  2239/16385: $547 [7072]
  2240/16385: $546 [7071]
  2241/16385: $547 [7071]
  2242/16385: $546 [7070]
  2243/16385: $547 [7070]
  2244/16385: $546 [7069]
  2245/16385: $547 [7069]
  2246/16385: $546 [7068]
  2247/16385: $547 [7068]
  2248/16385: $546 [7067]
  2249/16385: $547 [7067]
  2250/16385: $546 [7066]
  2251/16385: $547 [7066]
  2252/16385: $546 [7065]
  2253/16385: $547 [7065]
  2254/16385: $546 [7064]
  2255/16385: $547 [7064]
  2256/16385: $546 [7063]
  2257/16385: $547 [7063]
  2258/16385: $546 [7062]
  2259/16385: $547 [7062]
  2260/16385: $546 [7061]
  2261/16385: $547 [7061]
  2262/16385: $546 [7060]
  2263/16385: $547 [7060]
  2264/16385: $546 [7059]
  2265/16385: $547 [7059]
  2266/16385: $546 [7058]
  2267/16385: $547 [7058]
  2268/16385: $546 [7057]
  2269/16385: $547 [7057]
  2270/16385: $546 [7056]
  2271/16385: $547 [7056]
  2272/16385: $546 [7055]
  2273/16385: $547 [7055]
  2274/16385: $546 [7054]
  2275/16385: $547 [7054]
  2276/16385: $546 [7053]
  2277/16385: $547 [7053]
  2278/16385: $546 [7052]
  2279/16385: $547 [7052]
  2280/16385: $546 [7051]
  2281/16385: $547 [7051]
  2282/16385: $546 [7050]
  2283/16385: $547 [7050]
  2284/16385: $546 [7049]
  2285/16385: $547 [7049]
  2286/16385: $546 [7048]
  2287/16385: $547 [7048]
  2288/16385: $546 [7047]
  2289/16385: $547 [7047]
  2290/16385: $546 [7046]
  2291/16385: $547 [7046]
  2292/16385: $546 [7045]
  2293/16385: $547 [7045]
  2294/16385: $546 [7044]
  2295/16385: $547 [7044]
  2296/16385: $546 [7043]
  2297/16385: $547 [7043]
  2298/16385: $546 [7042]
  2299/16385: $547 [7042]
  2300/16385: $546 [7041]
  2301/16385: $547 [7041]
  2302/16385: $546 [7040]
  2303/16385: $547 [7040]
  2304/16385: $546 [7039]
  2305/16385: $547 [7039]
  2306/16385: $546 [7038]
  2307/16385: $547 [7038]
  2308/16385: $546 [7037]
  2309/16385: $547 [7037]
  2310/16385: $546 [7036]
  2311/16385: $547 [7036]
  2312/16385: $546 [7035]
  2313/16385: $547 [7035]
  2314/16385: $546 [7034]
  2315/16385: $547 [7034]
  2316/16385: $546 [7033]
  2317/16385: $547 [7033]
  2318/16385: $546 [7032]
  2319/16385: $547 [7032]
  2320/16385: $546 [7031]
  2321/16385: $547 [7031]
  2322/16385: $546 [7030]
  2323/16385: $547 [7030]
  2324/16385: $546 [7029]
  2325/16385: $547 [7029]
  2326/16385: $546 [7028]
  2327/16385: $547 [7028]
  2328/16385: $546 [7027]
  2329/16385: $547 [7027]
  2330/16385: $546 [7026]
  2331/16385: $547 [7026]
  2332/16385: $546 [7025]
  2333/16385: $547 [7025]
  2334/16385: $546 [7024]
  2335/16385: $547 [7024]
  2336/16385: $546 [7023]
  2337/16385: $547 [7023]
  2338/16385: $546 [7022]
  2339/16385: $547 [7022]
  2340/16385: $546 [7021]
  2341/16385: $547 [7021]
  2342/16385: $546 [7020]
  2343/16385: $547 [7020]
  2344/16385: $546 [7019]
  2345/16385: $547 [7019]
  2346/16385: $546 [7018]
  2347/16385: $547 [7018]
  2348/16385: $546 [7017]
  2349/16385: $547 [7017]
  2350/16385: $546 [7016]
  2351/16385: $547 [7016]
  2352/16385: $546 [7015]
  2353/16385: $547 [7015]
  2354/16385: $546 [7014]
  2355/16385: $547 [7014]
  2356/16385: $546 [7013]
  2357/16385: $547 [7013]
  2358/16385: $546 [7012]
  2359/16385: $547 [7012]
  2360/16385: $546 [7011]
  2361/16385: $547 [7011]
  2362/16385: $546 [7010]
  2363/16385: $547 [7010]
  2364/16385: $546 [7009]
  2365/16385: $547 [7009]
  2366/16385: $546 [7008]
  2367/16385: $547 [7008]
  2368/16385: $546 [7007]
  2369/16385: $547 [7007]
  2370/16385: $546 [7006]
  2371/16385: $547 [7006]
  2372/16385: $546 [7005]
  2373/16385: $547 [7005]
  2374/16385: $546 [7004]
  2375/16385: $547 [7004]
  2376/16385: $546 [7003]
  2377/16385: $547 [7003]
  2378/16385: $546 [7002]
  2379/16385: $547 [7002]
  2380/16385: $546 [7001]
  2381/16385: $547 [7001]
  2382/16385: $546 [7000]
  2383/16385: $547 [7000]
  2384/16385: $546 [6999]
  2385/16385: $547 [6999]
  2386/16385: $546 [6998]
  2387/16385: $547 [6998]
  2388/16385: $546 [6997]
  2389/16385: $547 [6997]
  2390/16385: $546 [6996]
  2391/16385: $547 [6996]
  2392/16385: $546 [6995]
  2393/16385: $547 [6995]
  2394/16385: $546 [6994]
  2395/16385: $547 [6994]
  2396/16385: $546 [6993]
  2397/16385: $547 [6993]
  2398/16385: $546 [6992]
  2399/16385: $547 [6992]
  2400/16385: $546 [6991]
  2401/16385: $547 [6991]
  2402/16385: $546 [6990]
  2403/16385: $547 [6990]
  2404/16385: $546 [6989]
  2405/16385: $547 [6989]
  2406/16385: $546 [6988]
  2407/16385: $547 [6988]
  2408/16385: $546 [6987]
  2409/16385: $547 [6987]
  2410/16385: $546 [6986]
  2411/16385: $547 [6986]
  2412/16385: $546 [6985]
  2413/16385: $547 [6985]
  2414/16385: $546 [6984]
  2415/16385: $547 [6984]
  2416/16385: $546 [6983]
  2417/16385: $547 [6983]
  2418/16385: $546 [6982]
  2419/16385: $547 [6982]
  2420/16385: $546 [6981]
  2421/16385: $547 [6981]
  2422/16385: $546 [6980]
  2423/16385: $547 [6980]
  2424/16385: $546 [6979]
  2425/16385: $547 [6979]
  2426/16385: $546 [6978]
  2427/16385: $547 [6978]
  2428/16385: $546 [6977]
  2429/16385: $547 [6977]
  2430/16385: $546 [6976]
  2431/16385: $547 [6976]
  2432/16385: $546 [6975]
  2433/16385: $547 [6975]
  2434/16385: $546 [6974]
  2435/16385: $547 [6974]
  2436/16385: $546 [6973]
  2437/16385: $547 [6973]
  2438/16385: $546 [6972]
  2439/16385: $547 [6972]
  2440/16385: $546 [6971]
  2441/16385: $547 [6971]
  2442/16385: $546 [6970]
  2443/16385: $547 [6970]
  2444/16385: $546 [6969]
  2445/16385: $547 [6969]
  2446/16385: $546 [6968]
  2447/16385: $547 [6968]
  2448/16385: $546 [6967]
  2449/16385: $547 [6967]
  2450/16385: $546 [6966]
  2451/16385: $547 [6966]
  2452/16385: $546 [6965]
  2453/16385: $547 [6965]
  2454/16385: $546 [6964]
  2455/16385: $547 [6964]
  2456/16385: $546 [6963]
  2457/16385: $547 [6963]
  2458/16385: $546 [6962]
  2459/16385: $547 [6962]
  2460/16385: $546 [6961]
  2461/16385: $547 [6961]
  2462/16385: $546 [6960]
  2463/16385: $547 [6960]
  2464/16385: $546 [6959]
  2465/16385: $547 [6959]
  2466/16385: $546 [6958]
  2467/16385: $547 [6958]
  2468/16385: $546 [6957]
  2469/16385: $547 [6957]
  2470/16385: $546 [6956]
  2471/16385: $547 [6956]
  2472/16385: $546 [6955]
  2473/16385: $547 [6955]
  2474/16385: $546 [6954]
  2475/16385: $547 [6954]
  2476/16385: $546 [6953]
  2477/16385: $547 [6953]
  2478/16385: $546 [6952]
  2479/16385: $547 [6952]
  2480/16385: $546 [6951]
  2481/16385: $547 [6951]
  2482/16385: $546 [6950]
  2483/16385: $547 [6950]
  2484/16385: $546 [6949]
  2485/16385: $547 [6949]
  2486/16385: $546 [6948]
  2487/16385: $547 [6948]
  2488/16385: $546 [6947]
  2489/16385: $547 [6947]
  2490/16385: $546 [6946]
  2491/16385: $547 [6946]
  2492/16385: $546 [6945]
  2493/16385: $547 [6945]
  2494/16385: $546 [6944]
  2495/16385: $547 [6944]
  2496/16385: $546 [6943]
  2497/16385: $547 [6943]
  2498/16385: $546 [6942]
  2499/16385: $547 [6942]
  2500/16385: $546 [6941]
  2501/16385: $547 [6941]
  2502/16385: $546 [6940]
  2503/16385: $547 [6940]
  2504/16385: $546 [6939]
  2505/16385: $547 [6939]
  2506/16385: $546 [6938]
  2507/16385: $547 [6938]
  2508/16385: $546 [6937]
  2509/16385: $547 [6937]
  2510/16385: $546 [6936]
  2511/16385: $547 [6936]
  2512/16385: $546 [6935]
  2513/16385: $547 [6935]
  2514/16385: $546 [6934]
  2515/16385: $547 [6934]
  2516/16385: $546 [6933]
  2517/16385: $547 [6933]
  2518/16385: $546 [6932]
  2519/16385: $547 [6932]
  2520/16385: $546 [6931]
  2521/16385: $547 [6931]
  2522/16385: $546 [6930]
  2523/16385: $547 [6930]
  2524/16385: $546 [6929]
  2525/16385: $547 [6929]
  2526/16385: $546 [6928]
  2527/16385: $547 [6928]
  2528/16385: $546 [6927]
  2529/16385: $547 [6927]
  2530/16385: $546 [6926]
  2531/16385: $547 [6926]
  2532/16385: $546 [6925]
  2533/16385: $547 [6925]
  2534/16385: $546 [6924]
  2535/16385: $547 [6924]
  2536/16385: $546 [6923]
  2537/16385: $547 [6923]
  2538/16385: $546 [6922]
  2539/16385: $547 [6922]
  2540/16385: $546 [6921]
  2541/16385: $547 [6921]
  2542/16385: $546 [6920]
  2543/16385: $547 [6920]
  2544/16385: $546 [6919]
  2545/16385: $547 [6919]
  2546/16385: $546 [6918]
  2547/16385: $547 [6918]
  2548/16385: $546 [6917]
  2549/16385: $547 [6917]
  2550/16385: $546 [6916]
  2551/16385: $547 [6916]
  2552/16385: $546 [6915]
  2553/16385: $547 [6915]
  2554/16385: $546 [6914]
  2555/16385: $547 [6914]
  2556/16385: $546 [6913]
  2557/16385: $547 [6913]
  2558/16385: $546 [6912]
  2559/16385: $547 [6912]
  2560/16385: $546 [6911]
  2561/16385: $547 [6911]
  2562/16385: $546 [6910]
  2563/16385: $547 [6910]
  2564/16385: $546 [6909]
  2565/16385: $547 [6909]
  2566/16385: $546 [6908]
  2567/16385: $547 [6908]
  2568/16385: $546 [6907]
  2569/16385: $547 [6907]
  2570/16385: $546 [6906]
  2571/16385: $547 [6906]
  2572/16385: $546 [6905]
  2573/16385: $547 [6905]
  2574/16385: $546 [6904]
  2575/16385: $547 [6904]
  2576/16385: $546 [6903]
  2577/16385: $547 [6903]
  2578/16385: $546 [6902]
  2579/16385: $547 [6902]
  2580/16385: $546 [6901]
  2581/16385: $547 [6901]
  2582/16385: $546 [6900]
  2583/16385: $547 [6900]
  2584/16385: $546 [6899]
  2585/16385: $547 [6899]
  2586/16385: $546 [6898]
  2587/16385: $547 [6898]
  2588/16385: $546 [6897]
  2589/16385: $547 [6897]
  2590/16385: $546 [6896]
  2591/16385: $547 [6896]
  2592/16385: $546 [6895]
  2593/16385: $547 [6895]
  2594/16385: $546 [6894]
  2595/16385: $547 [6894]
  2596/16385: $546 [6893]
  2597/16385: $547 [6893]
  2598/16385: $546 [6892]
  2599/16385: $547 [6892]
  2600/16385: $546 [6891]
  2601/16385: $547 [6891]
  2602/16385: $546 [6890]
  2603/16385: $547 [6890]
  2604/16385: $546 [6889]
  2605/16385: $547 [6889]
  2606/16385: $546 [6888]
  2607/16385: $547 [6888]
  2608/16385: $546 [6887]
  2609/16385: $547 [6887]
  2610/16385: $546 [6886]
  2611/16385: $547 [6886]
  2612/16385: $546 [6885]
  2613/16385: $547 [6885]
  2614/16385: $546 [6884]
  2615/16385: $547 [6884]
  2616/16385: $546 [6883]
  2617/16385: $547 [6883]
  2618/16385: $546 [6882]
  2619/16385: $547 [6882]
  2620/16385: $546 [6881]
  2621/16385: $547 [6881]
  2622/16385: $546 [6880]
  2623/16385: $547 [6880]
  2624/16385: $546 [6879]
  2625/16385: $547 [6879]
  2626/16385: $546 [6878]
  2627/16385: $547 [6878]
  2628/16385: $546 [6877]
  2629/16385: $547 [6877]
  2630/16385: $546 [6876]
  2631/16385: $547 [6876]
  2632/16385: $546 [6875]
  2633/16385: $547 [6875]
  2634/16385: $546 [6874]
  2635/16385: $547 [6874]
  2636/16385: $546 [6873]
  2637/16385: $547 [6873]
  2638/16385: $546 [6872]
  2639/16385: $547 [6872]
  2640/16385: $546 [6871]
  2641/16385: $547 [6871]
  2642/16385: $546 [6870]
  2643/16385: $547 [6870]
  2644/16385: $546 [6869]
  2645/16385: $547 [6869]
  2646/16385: $546 [6868]
  2647/16385: $547 [6868]
  2648/16385: $546 [6867]
  2649/16385: $547 [6867]
  2650/16385: $546 [6866]
  2651/16385: $547 [6866]
  2652/16385: $546 [6865]
  2653/16385: $547 [6865]
  2654/16385: $546 [6864]
  2655/16385: $547 [6864]
  2656/16385: $546 [6863]
  2657/16385: $547 [6863]
  2658/16385: $546 [6862]
  2659/16385: $547 [6862]
  2660/16385: $546 [6861]
  2661/16385: $547 [6861]
  2662/16385: $546 [6860]
  2663/16385: $547 [6860]
  2664/16385: $546 [6859]
  2665/16385: $547 [6859]
  2666/16385: $546 [6858]
  2667/16385: $547 [6858]
  2668/16385: $546 [6857]
  2669/16385: $547 [6857]
  2670/16385: $546 [6856]
  2671/16385: $547 [6856]
  2672/16385: $546 [6855]
  2673/16385: $547 [6855]
  2674/16385: $546 [6854]
  2675/16385: $547 [6854]
  2676/16385: $546 [6853]
  2677/16385: $547 [6853]
  2678/16385: $546 [6852]
  2679/16385: $547 [6852]
  2680/16385: $546 [6851]
  2681/16385: $547 [6851]
  2682/16385: $546 [6850]
  2683/16385: $547 [6850]
  2684/16385: $546 [6849]
  2685/16385: $547 [6849]
  2686/16385: $546 [6848]
  2687/16385: $547 [6848]
  2688/16385: $546 [6847]
  2689/16385: $547 [6847]
  2690/16385: $546 [6846]
  2691/16385: $547 [6846]
  2692/16385: $546 [6845]
  2693/16385: $547 [6845]
  2694/16385: $546 [6844]
  2695/16385: $547 [6844]
  2696/16385: $546 [6843]
  2697/16385: $547 [6843]
  2698/16385: $546 [6842]
  2699/16385: $547 [6842]
  2700/16385: $546 [6841]
  2701/16385: $547 [6841]
  2702/16385: $546 [6840]
  2703/16385: $547 [6840]
  2704/16385: $546 [6839]
  2705/16385: $547 [6839]
  2706/16385: $546 [6838]
  2707/16385: $547 [6838]
  2708/16385: $546 [6837]
  2709/16385: $547 [6837]
  2710/16385: $546 [6836]
  2711/16385: $547 [6836]
  2712/16385: $546 [6835]
  2713/16385: $547 [6835]
  2714/16385: $546 [6834]
  2715/16385: $547 [6834]
  2716/16385: $546 [6833]
  2717/16385: $547 [6833]
  2718/16385: $546 [6832]
  2719/16385: $547 [6832]
  2720/16385: $546 [6831]
  2721/16385: $547 [6831]
  2722/16385: $546 [6830]
  2723/16385: $547 [6830]
  2724/16385: $546 [6829]
  2725/16385: $547 [6829]
  2726/16385: $546 [6828]
  2727/16385: $547 [6828]
  2728/16385: $546 [6827]
  2729/16385: $547 [6827]
  2730/16385: $546 [6826]
  2731/16385: $547 [6826]
  2732/16385: $546 [6825]
  2733/16385: $547 [6825]
  2734/16385: $546 [6824]
  2735/16385: $547 [6824]
  2736/16385: $546 [6823]
  2737/16385: $547 [6823]
  2738/16385: $546 [6822]
  2739/16385: $547 [6822]
  2740/16385: $546 [6821]
  2741/16385: $547 [6821]
  2742/16385: $546 [6820]
  2743/16385: $547 [6820]
  2744/16385: $546 [6819]
  2745/16385: $547 [6819]
  2746/16385: $546 [6818]
  2747/16385: $547 [6818]
  2748/16385: $546 [6817]
  2749/16385: $547 [6817]
  2750/16385: $546 [6816]
  2751/16385: $547 [6816]
  2752/16385: $546 [6815]
  2753/16385: $547 [6815]
  2754/16385: $546 [6814]
  2755/16385: $547 [6814]
  2756/16385: $546 [6813]
  2757/16385: $547 [6813]
  2758/16385: $546 [6812]
  2759/16385: $547 [6812]
  2760/16385: $546 [6811]
  2761/16385: $547 [6811]
  2762/16385: $546 [6810]
  2763/16385: $547 [6810]
  2764/16385: $546 [6809]
  2765/16385: $547 [6809]
  2766/16385: $546 [6808]
  2767/16385: $547 [6808]
  2768/16385: $546 [6807]
  2769/16385: $547 [6807]
  2770/16385: $546 [6806]
  2771/16385: $547 [6806]
  2772/16385: $546 [6805]
  2773/16385: $547 [6805]
  2774/16385: $546 [6804]
  2775/16385: $547 [6804]
  2776/16385: $546 [6803]
  2777/16385: $547 [6803]
  2778/16385: $546 [6802]
  2779/16385: $547 [6802]
  2780/16385: $546 [6801]
  2781/16385: $547 [6801]
  2782/16385: $546 [6800]
  2783/16385: $547 [6800]
  2784/16385: $546 [6799]
  2785/16385: $547 [6799]
  2786/16385: $546 [6798]
  2787/16385: $547 [6798]
  2788/16385: $546 [6797]
  2789/16385: $547 [6797]
  2790/16385: $546 [6796]
  2791/16385: $547 [6796]
  2792/16385: $546 [6795]
  2793/16385: $547 [6795]
  2794/16385: $546 [6794]
  2795/16385: $547 [6794]
  2796/16385: $546 [6793]
  2797/16385: $547 [6793]
  2798/16385: $546 [6792]
  2799/16385: $547 [6792]
  2800/16385: $546 [6791]
  2801/16385: $547 [6791]
  2802/16385: $546 [6790]
  2803/16385: $547 [6790]
  2804/16385: $546 [6789]
  2805/16385: $547 [6789]
  2806/16385: $546 [6788]
  2807/16385: $547 [6788]
  2808/16385: $546 [6787]
  2809/16385: $547 [6787]
  2810/16385: $546 [6786]
  2811/16385: $547 [6786]
  2812/16385: $546 [6785]
  2813/16385: $547 [6785]
  2814/16385: $546 [6784]
  2815/16385: $547 [6784]
  2816/16385: $546 [6783]
  2817/16385: $547 [6783]
  2818/16385: $546 [6782]
  2819/16385: $547 [6782]
  2820/16385: $546 [6781]
  2821/16385: $547 [6781]
  2822/16385: $546 [6780]
  2823/16385: $547 [6780]
  2824/16385: $546 [6779]
  2825/16385: $547 [6779]
  2826/16385: $546 [6778]
  2827/16385: $547 [6778]
  2828/16385: $546 [6777]
  2829/16385: $547 [6777]
  2830/16385: $546 [6776]
  2831/16385: $547 [6776]
  2832/16385: $546 [6775]
  2833/16385: $547 [6775]
  2834/16385: $546 [6774]
  2835/16385: $547 [6774]
  2836/16385: $546 [6773]
  2837/16385: $547 [6773]
  2838/16385: $546 [6772]
  2839/16385: $547 [6772]
  2840/16385: $546 [6771]
  2841/16385: $547 [6771]
  2842/16385: $546 [6770]
  2843/16385: $547 [6770]
  2844/16385: $546 [6769]
  2845/16385: $547 [6769]
  2846/16385: $546 [6768]
  2847/16385: $547 [6768]
  2848/16385: $546 [6767]
  2849/16385: $547 [6767]
  2850/16385: $546 [6766]
  2851/16385: $547 [6766]
  2852/16385: $546 [6765]
  2853/16385: $547 [6765]
  2854/16385: $546 [6764]
  2855/16385: $547 [6764]
  2856/16385: $546 [6763]
  2857/16385: $547 [6763]
  2858/16385: $546 [6762]
  2859/16385: $547 [6762]
  2860/16385: $546 [6761]
  2861/16385: $547 [6761]
  2862/16385: $546 [6760]
  2863/16385: $547 [6760]
  2864/16385: $546 [6759]
  2865/16385: $547 [6759]
  2866/16385: $546 [6758]
  2867/16385: $547 [6758]
  2868/16385: $546 [6757]
  2869/16385: $547 [6757]
  2870/16385: $546 [6756]
  2871/16385: $547 [6756]
  2872/16385: $546 [6755]
  2873/16385: $547 [6755]
  2874/16385: $546 [6754]
  2875/16385: $547 [6754]
  2876/16385: $546 [6753]
  2877/16385: $547 [6753]
  2878/16385: $546 [6752]
  2879/16385: $547 [6752]
  2880/16385: $546 [6751]
  2881/16385: $547 [6751]
  2882/16385: $546 [6750]
  2883/16385: $547 [6750]
  2884/16385: $546 [6749]
  2885/16385: $547 [6749]
  2886/16385: $546 [6748]
  2887/16385: $547 [6748]
  2888/16385: $546 [6747]
  2889/16385: $547 [6747]
  2890/16385: $546 [6746]
  2891/16385: $547 [6746]
  2892/16385: $546 [6745]
  2893/16385: $547 [6745]
  2894/16385: $546 [6744]
  2895/16385: $547 [6744]
  2896/16385: $546 [6743]
  2897/16385: $547 [6743]
  2898/16385: $546 [6742]
  2899/16385: $547 [6742]
  2900/16385: $546 [6741]
  2901/16385: $547 [6741]
  2902/16385: $546 [6740]
  2903/16385: $547 [6740]
  2904/16385: $546 [6739]
  2905/16385: $547 [6739]
  2906/16385: $546 [6738]
  2907/16385: $547 [6738]
  2908/16385: $546 [6737]
  2909/16385: $547 [6737]
  2910/16385: $546 [6736]
  2911/16385: $547 [6736]
  2912/16385: $546 [6735]
  2913/16385: $547 [6735]
  2914/16385: $546 [6734]
  2915/16385: $547 [6734]
  2916/16385: $546 [6733]
  2917/16385: $547 [6733]
  2918/16385: $546 [6732]
  2919/16385: $547 [6732]
  2920/16385: $546 [6731]
  2921/16385: $547 [6731]
  2922/16385: $546 [6730]
  2923/16385: $547 [6730]
  2924/16385: $546 [6729]
  2925/16385: $547 [6729]
  2926/16385: $546 [6728]
  2927/16385: $547 [6728]
  2928/16385: $546 [6727]
  2929/16385: $547 [6727]
  2930/16385: $546 [6726]
  2931/16385: $547 [6726]
  2932/16385: $546 [6725]
  2933/16385: $547 [6725]
  2934/16385: $546 [6724]
  2935/16385: $547 [6724]
  2936/16385: $546 [6723]
  2937/16385: $547 [6723]
  2938/16385: $546 [6722]
  2939/16385: $547 [6722]
  2940/16385: $546 [6721]
  2941/16385: $547 [6721]
  2942/16385: $546 [6720]
  2943/16385: $547 [6720]
  2944/16385: $546 [6719]
  2945/16385: $547 [6719]
  2946/16385: $546 [6718]
  2947/16385: $547 [6718]
  2948/16385: $546 [6717]
  2949/16385: $547 [6717]
  2950/16385: $546 [6716]
  2951/16385: $547 [6716]
  2952/16385: $546 [6715]
  2953/16385: $547 [6715]
  2954/16385: $546 [6714]
  2955/16385: $547 [6714]
  2956/16385: $546 [6713]
  2957/16385: $547 [6713]
  2958/16385: $546 [6712]
  2959/16385: $547 [6712]
  2960/16385: $546 [6711]
  2961/16385: $547 [6711]
  2962/16385: $546 [6710]
  2963/16385: $547 [6710]
  2964/16385: $546 [6709]
  2965/16385: $547 [6709]
  2966/16385: $546 [6708]
  2967/16385: $547 [6708]
  2968/16385: $546 [6707]
  2969/16385: $547 [6707]
  2970/16385: $546 [6706]
  2971/16385: $547 [6706]
  2972/16385: $546 [6705]
  2973/16385: $547 [6705]
  2974/16385: $546 [6704]
  2975/16385: $547 [6704]
  2976/16385: $546 [6703]
  2977/16385: $547 [6703]
  2978/16385: $546 [6702]
  2979/16385: $547 [6702]
  2980/16385: $546 [6701]
  2981/16385: $547 [6701]
  2982/16385: $546 [6700]
  2983/16385: $547 [6700]
  2984/16385: $546 [6699]
  2985/16385: $547 [6699]
  2986/16385: $546 [6698]
  2987/16385: $547 [6698]
  2988/16385: $546 [6697]
  2989/16385: $547 [6697]
  2990/16385: $546 [6696]
  2991/16385: $547 [6696]
  2992/16385: $546 [6695]
  2993/16385: $547 [6695]
  2994/16385: $546 [6694]
  2995/16385: $547 [6694]
  2996/16385: $546 [6693]
  2997/16385: $547 [6693]
  2998/16385: $546 [6692]
  2999/16385: $547 [6692]
  3000/16385: $546 [6691]
  3001/16385: $547 [6691]
  3002/16385: $546 [6690]
  3003/16385: $547 [6690]
  3004/16385: $546 [6689]
  3005/16385: $547 [6689]
  3006/16385: $546 [6688]
  3007/16385: $547 [6688]
  3008/16385: $546 [6687]
  3009/16385: $547 [6687]
  3010/16385: $546 [6686]
  3011/16385: $547 [6686]
  3012/16385: $546 [6685]
  3013/16385: $547 [6685]
  3014/16385: $546 [6684]
  3015/16385: $547 [6684]
  3016/16385: $546 [6683]
  3017/16385: $547 [6683]
  3018/16385: $546 [6682]
  3019/16385: $547 [6682]
  3020/16385: $546 [6681]
  3021/16385: $547 [6681]
  3022/16385: $546 [6680]
  3023/16385: $547 [6680]
  3024/16385: $546 [6679]
  3025/16385: $547 [6679]
  3026/16385: $546 [6678]
  3027/16385: $547 [6678]
  3028/16385: $546 [6677]
  3029/16385: $547 [6677]
  3030/16385: $546 [6676]
  3031/16385: $547 [6676]
  3032/16385: $546 [6675]
  3033/16385: $547 [6675]
  3034/16385: $546 [6674]
  3035/16385: $547 [6674]
  3036/16385: $546 [6673]
  3037/16385: $547 [6673]
  3038/16385: $546 [6672]
  3039/16385: $547 [6672]
  3040/16385: $546 [6671]
  3041/16385: $547 [6671]
  3042/16385: $546 [6670]
  3043/16385: $547 [6670]
  3044/16385: $546 [6669]
  3045/16385: $547 [6669]
  3046/16385: $546 [6668]
  3047/16385: $547 [6668]
  3048/16385: $546 [6667]
  3049/16385: $547 [6667]
  3050/16385: $546 [6666]
  3051/16385: $547 [6666]
  3052/16385: $546 [6665]
  3053/16385: $547 [6665]
  3054/16385: $546 [6664]
  3055/16385: $547 [6664]
  3056/16385: $546 [6663]
  3057/16385: $547 [6663]
  3058/16385: $546 [6662]
  3059/16385: $547 [6662]
  3060/16385: $546 [6661]
  3061/16385: $547 [6661]
  3062/16385: $546 [6660]
  3063/16385: $547 [6660]
  3064/16385: $546 [6659]
  3065/16385: $547 [6659]
  3066/16385: $546 [6658]
  3067/16385: $547 [6658]
  3068/16385: $546 [6657]
  3069/16385: $547 [6657]
  3070/16385: $546 [6656]
  3071/16385: $547 [6656]
  3072/16385: $546 [6655]
  3073/16385: $547 [6655]
  3074/16385: $546 [6654]
  3075/16385: $547 [6654]
  3076/16385: $546 [6653]
  3077/16385: $547 [6653]
  3078/16385: $546 [6652]
  3079/16385: $547 [6652]
  3080/16385: $546 [6651]
  3081/16385: $547 [6651]
  3082/16385: $546 [6650]
  3083/16385: $547 [6650]
  3084/16385: $546 [6649]
  3085/16385: $547 [6649]
  3086/16385: $546 [6648]
  3087/16385: $547 [6648]
  3088/16385: $546 [6647]
  3089/16385: $547 [6647]
  3090/16385: $546 [6646]
  3091/16385: $547 [6646]
  3092/16385: $546 [6645]
  3093/16385: $547 [6645]
  3094/16385: $546 [6644]
  3095/16385: $547 [6644]
  3096/16385: $546 [6643]
  3097/16385: $547 [6643]
  3098/16385: $546 [6642]
  3099/16385: $547 [6642]
  3100/16385: $546 [6641]
  3101/16385: $547 [6641]
  3102/16385: $546 [6640]
  3103/16385: $547 [6640]
  3104/16385: $546 [6639]
  3105/16385: $547 [6639]
  3106/16385: $546 [6638]
  3107/16385: $547 [6638]
  3108/16385: $546 [6637]
  3109/16385: $547 [6637]
  3110/16385: $546 [6636]
  3111/16385: $547 [6636]
  3112/16385: $546 [6635]
  3113/16385: $547 [6635]
  3114/16385: $546 [6634]
  3115/16385: $547 [6634]
  3116/16385: $546 [6633]
  3117/16385: $547 [6633]
  3118/16385: $546 [6632]
  3119/16385: $547 [6632]
  3120/16385: $546 [6631]
  3121/16385: $547 [6631]
  3122/16385: $546 [6630]
  3123/16385: $547 [6630]
  3124/16385: $546 [6629]
  3125/16385: $547 [6629]
  3126/16385: $546 [6628]
  3127/16385: $547 [6628]
  3128/16385: $546 [6627]
  3129/16385: $547 [6627]
  3130/16385: $546 [6626]
  3131/16385: $547 [6626]
  3132/16385: $546 [6625]
  3133/16385: $547 [6625]
  3134/16385: $546 [6624]
  3135/16385: $547 [6624]
  3136/16385: $546 [6623]
  3137/16385: $547 [6623]
  3138/16385: $546 [6622]
  3139/16385: $547 [6622]
  3140/16385: $546 [6621]
  3141/16385: $547 [6621]
  3142/16385: $546 [6620]
  3143/16385: $547 [6620]
  3144/16385: $546 [6619]
  3145/16385: $547 [6619]
  3146/16385: $546 [6618]
  3147/16385: $547 [6618]
  3148/16385: $546 [6617]
  3149/16385: $547 [6617]
  3150/16385: $546 [6616]
  3151/16385: $547 [6616]
  3152/16385: $546 [6615]
  3153/16385: $547 [6615]
  3154/16385: $546 [6614]
  3155/16385: $547 [6614]
  3156/16385: $546 [6613]
  3157/16385: $547 [6613]
  3158/16385: $546 [6612]
  3159/16385: $547 [6612]
  3160/16385: $546 [6611]
  3161/16385: $547 [6611]
  3162/16385: $546 [6610]
  3163/16385: $547 [6610]
  3164/16385: $546 [6609]
  3165/16385: $547 [6609]
  3166/16385: $546 [6608]
  3167/16385: $547 [6608]
  3168/16385: $546 [6607]
  3169/16385: $547 [6607]
  3170/16385: $546 [6606]
  3171/16385: $547 [6606]
  3172/16385: $546 [6605]
  3173/16385: $547 [6605]
  3174/16385: $546 [6604]
  3175/16385: $547 [6604]
  3176/16385: $546 [6603]
  3177/16385: $547 [6603]
  3178/16385: $546 [6602]
  3179/16385: $547 [6602]
  3180/16385: $546 [6601]
  3181/16385: $547 [6601]
  3182/16385: $546 [6600]
  3183/16385: $547 [6600]
  3184/16385: $546 [6599]
  3185/16385: $547 [6599]
  3186/16385: $546 [6598]
  3187/16385: $547 [6598]
  3188/16385: $546 [6597]
  3189/16385: $547 [6597]
  3190/16385: $546 [6596]
  3191/16385: $547 [6596]
  3192/16385: $546 [6595]
  3193/16385: $547 [6595]
  3194/16385: $546 [6594]
  3195/16385: $547 [6594]
  3196/16385: $546 [6593]
  3197/16385: $547 [6593]
  3198/16385: $546 [6592]
  3199/16385: $547 [6592]
  3200/16385: $546 [6591]
  3201/16385: $547 [6591]
  3202/16385: $546 [6590]
  3203/16385: $547 [6590]
  3204/16385: $546 [6589]
  3205/16385: $547 [6589]
  3206/16385: $546 [6588]
  3207/16385: $547 [6588]
  3208/16385: $546 [6587]
  3209/16385: $547 [6587]
  3210/16385: $546 [6586]
  3211/16385: $547 [6586]
  3212/16385: $546 [6585]
  3213/16385: $547 [6585]
  3214/16385: $546 [6584]
  3215/16385: $547 [6584]
  3216/16385: $546 [6583]
  3217/16385: $547 [6583]
  3218/16385: $546 [6582]
  3219/16385: $547 [6582]
  3220/16385: $546 [6581]
  3221/16385: $547 [6581]
  3222/16385: $546 [6580]
  3223/16385: $547 [6580]
  3224/16385: $546 [6579]
  3225/16385: $547 [6579]
  3226/16385: $546 [6578]
  3227/16385: $547 [6578]
  3228/16385: $546 [6577]
  3229/16385: $547 [6577]
  3230/16385: $546 [6576]
  3231/16385: $547 [6576]
  3232/16385: $546 [6575]
  3233/16385: $547 [6575]
  3234/16385: $546 [6574]
  3235/16385: $547 [6574]
  3236/16385: $546 [6573]
  3237/16385: $547 [6573]
  3238/16385: $546 [6572]
  3239/16385: $547 [6572]
  3240/16385: $546 [6571]
  3241/16385: $547 [6571]
  3242/16385: $546 [6570]
  3243/16385: $547 [6570]
  3244/16385: $546 [6569]
  3245/16385: $547 [6569]
  3246/16385: $546 [6568]
  3247/16385: $547 [6568]
  3248/16385: $546 [6567]
  3249/16385: $547 [6567]
  3250/16385: $546 [6566]
  3251/16385: $547 [6566]
  3252/16385: $546 [6565]
  3253/16385: $547 [6565]
  3254/16385: $546 [6564]
  3255/16385: $547 [6564]
  3256/16385: $546 [6563]
  3257/16385: $547 [6563]
  3258/16385: $546 [6562]
  3259/16385: $547 [6562]
  3260/16385: $546 [6561]
  3261/16385: $547 [6561]
  3262/16385: $546 [6560]
  3263/16385: $547 [6560]
  3264/16385: $546 [6559]
  3265/16385: $547 [6559]
  3266/16385: $546 [6558]
  3267/16385: $547 [6558]
  3268/16385: $546 [6557]
  3269/16385: $547 [6557]
  3270/16385: $546 [6556]
  3271/16385: $547 [6556]
  3272/16385: $546 [6555]
  3273/16385: $547 [6555]
  3274/16385: $546 [6554]
  3275/16385: $547 [6554]
  3276/16385: $546 [6553]
  3277/16385: $547 [6553]
  3278/16385: $546 [6552]
  3279/16385: $547 [6552]
  3280/16385: $546 [6551]
  3281/16385: $547 [6551]
  3282/16385: $546 [6550]
  3283/16385: $547 [6550]
  3284/16385: $546 [6549]
  3285/16385: $547 [6549]
  3286/16385: $546 [6548]
  3287/16385: $547 [6548]
  3288/16385: $546 [6547]
  3289/16385: $547 [6547]
  3290/16385: $546 [6546]
  3291/16385: $547 [6546]
  3292/16385: $546 [6545]
  3293/16385: $547 [6545]
  3294/16385: $546 [6544]
  3295/16385: $547 [6544]
  3296/16385: $546 [6543]
  3297/16385: $547 [6543]
  3298/16385: $546 [6542]
  3299/16385: $547 [6542]
  3300/16385: $546 [6541]
  3301/16385: $547 [6541]
  3302/16385: $546 [6540]
  3303/16385: $547 [6540]
  3304/16385: $546 [6539]
  3305/16385: $547 [6539]
  3306/16385: $546 [6538]
  3307/16385: $547 [6538]
  3308/16385: $546 [6537]
  3309/16385: $547 [6537]
  3310/16385: $546 [6536]
  3311/16385: $547 [6536]
  3312/16385: $546 [6535]
  3313/16385: $547 [6535]
  3314/16385: $546 [6534]
  3315/16385: $547 [6534]
  3316/16385: $546 [6533]
  3317/16385: $547 [6533]
  3318/16385: $546 [6532]
  3319/16385: $547 [6532]
  3320/16385: $546 [6531]
  3321/16385: $547 [6531]
  3322/16385: $546 [6530]
  3323/16385: $547 [6530]
  3324/16385: $546 [6529]
  3325/16385: $547 [6529]
  3326/16385: $546 [6528]
  3327/16385: $547 [6528]
  3328/16385: $546 [6527]
  3329/16385: $547 [6527]
  3330/16385: $546 [6526]
  3331/16385: $547 [6526]
  3332/16385: $546 [6525]
  3333/16385: $547 [6525]
  3334/16385: $546 [6524]
  3335/16385: $547 [6524]
  3336/16385: $546 [6523]
  3337/16385: $547 [6523]
  3338/16385: $546 [6522]
  3339/16385: $547 [6522]
  3340/16385: $546 [6521]
  3341/16385: $547 [6521]
  3342/16385: $546 [6520]
  3343/16385: $547 [6520]
  3344/16385: $546 [6519]
  3345/16385: $547 [6519]
  3346/16385: $546 [6518]
  3347/16385: $547 [6518]
  3348/16385: $546 [6517]
  3349/16385: $547 [6517]
  3350/16385: $546 [6516]
  3351/16385: $547 [6516]
  3352/16385: $546 [6515]
  3353/16385: $547 [6515]
  3354/16385: $546 [6514]
  3355/16385: $547 [6514]
  3356/16385: $546 [6513]
  3357/16385: $547 [6513]
  3358/16385: $546 [6512]
  3359/16385: $547 [6512]
  3360/16385: $546 [6511]
  3361/16385: $547 [6511]
  3362/16385: $546 [6510]
  3363/16385: $547 [6510]
  3364/16385: $546 [6509]
  3365/16385: $547 [6509]
  3366/16385: $546 [6508]
  3367/16385: $547 [6508]
  3368/16385: $546 [6507]
  3369/16385: $547 [6507]
  3370/16385: $546 [6506]
  3371/16385: $547 [6506]
  3372/16385: $546 [6505]
  3373/16385: $547 [6505]
  3374/16385: $546 [6504]
  3375/16385: $547 [6504]
  3376/16385: $546 [6503]
  3377/16385: $547 [6503]
  3378/16385: $546 [6502]
  3379/16385: $547 [6502]
  3380/16385: $546 [6501]
  3381/16385: $547 [6501]
  3382/16385: $546 [6500]
  3383/16385: $547 [6500]
  3384/16385: $546 [6499]
  3385/16385: $547 [6499]
  3386/16385: $546 [6498]
  3387/16385: $547 [6498]
  3388/16385: $546 [6497]
  3389/16385: $547 [6497]
  3390/16385: $546 [6496]
  3391/16385: $547 [6496]
  3392/16385: $546 [6495]
  3393/16385: $547 [6495]
  3394/16385: $546 [6494]
  3395/16385: $547 [6494]
  3396/16385: $546 [6493]
  3397/16385: $547 [6493]
  3398/16385: $546 [6492]
  3399/16385: $547 [6492]
  3400/16385: $546 [6491]
  3401/16385: $547 [6491]
  3402/16385: $546 [6490]
  3403/16385: $547 [6490]
  3404/16385: $546 [6489]
  3405/16385: $547 [6489]
  3406/16385: $546 [6488]
  3407/16385: $547 [6488]
  3408/16385: $546 [6487]
  3409/16385: $547 [6487]
  3410/16385: $546 [6486]
  3411/16385: $547 [6486]
  3412/16385: $546 [6485]
  3413/16385: $547 [6485]
  3414/16385: $546 [6484]
  3415/16385: $547 [6484]
  3416/16385: $546 [6483]
  3417/16385: $547 [6483]
  3418/16385: $546 [6482]
  3419/16385: $547 [6482]
  3420/16385: $546 [6481]
  3421/16385: $547 [6481]
  3422/16385: $546 [6480]
  3423/16385: $547 [6480]
  3424/16385: $546 [6479]
  3425/16385: $547 [6479]
  3426/16385: $546 [6478]
  3427/16385: $547 [6478]
  3428/16385: $546 [6477]
  3429/16385: $547 [6477]
  3430/16385: $546 [6476]
  3431/16385: $547 [6476]
  3432/16385: $546 [6475]
  3433/16385: $547 [6475]
  3434/16385: $546 [6474]
  3435/16385: $547 [6474]
  3436/16385: $546 [6473]
  3437/16385: $547 [6473]
  3438/16385: $546 [6472]
  3439/16385: $547 [6472]
  3440/16385: $546 [6471]
  3441/16385: $547 [6471]
  3442/16385: $546 [6470]
  3443/16385: $547 [6470]
  3444/16385: $546 [6469]
  3445/16385: $547 [6469]
  3446/16385: $546 [6468]
  3447/16385: $547 [6468]
  3448/16385: $546 [6467]
  3449/16385: $547 [6467]
  3450/16385: $546 [6466]
  3451/16385: $547 [6466]
  3452/16385: $546 [6465]
  3453/16385: $547 [6465]
  3454/16385: $546 [6464]
  3455/16385: $547 [6464]
  3456/16385: $546 [6463]
  3457/16385: $547 [6463]
  3458/16385: $546 [6462]
  3459/16385: $547 [6462]
  3460/16385: $546 [6461]
  3461/16385: $547 [6461]
  3462/16385: $546 [6460]
  3463/16385: $547 [6460]
  3464/16385: $546 [6459]
  3465/16385: $547 [6459]
  3466/16385: $546 [6458]
  3467/16385: $547 [6458]
  3468/16385: $546 [6457]
  3469/16385: $547 [6457]
  3470/16385: $546 [6456]
  3471/16385: $547 [6456]
  3472/16385: $546 [6455]
  3473/16385: $547 [6455]
  3474/16385: $546 [6454]
  3475/16385: $547 [6454]
  3476/16385: $546 [6453]
  3477/16385: $547 [6453]
  3478/16385: $546 [6452]
  3479/16385: $547 [6452]
  3480/16385: $546 [6451]
  3481/16385: $547 [6451]
  3482/16385: $546 [6450]
  3483/16385: $547 [6450]
  3484/16385: $546 [6449]
  3485/16385: $547 [6449]
  3486/16385: $546 [6448]
  3487/16385: $547 [6448]
  3488/16385: $546 [6447]
  3489/16385: $547 [6447]
  3490/16385: $546 [6446]
  3491/16385: $547 [6446]
  3492/16385: $546 [6445]
  3493/16385: $547 [6445]
  3494/16385: $546 [6444]
  3495/16385: $547 [6444]
  3496/16385: $546 [6443]
  3497/16385: $547 [6443]
  3498/16385: $546 [6442]
  3499/16385: $547 [6442]
  3500/16385: $546 [6441]
  3501/16385: $547 [6441]
  3502/16385: $546 [6440]
  3503/16385: $547 [6440]
  3504/16385: $546 [6439]
  3505/16385: $547 [6439]
  3506/16385: $546 [6438]
  3507/16385: $547 [6438]
  3508/16385: $546 [6437]
  3509/16385: $547 [6437]
  3510/16385: $546 [6436]
  3511/16385: $547 [6436]
  3512/16385: $546 [6435]
  3513/16385: $547 [6435]
  3514/16385: $546 [6434]
  3515/16385: $547 [6434]
  3516/16385: $546 [6433]
  3517/16385: $547 [6433]
  3518/16385: $546 [6432]
  3519/16385: $547 [6432]
  3520/16385: $546 [6431]
  3521/16385: $547 [6431]
  3522/16385: $546 [6430]
  3523/16385: $547 [6430]
  3524/16385: $546 [6429]
  3525/16385: $547 [6429]
  3526/16385: $546 [6428]
  3527/16385: $547 [6428]
  3528/16385: $546 [6427]
  3529/16385: $547 [6427]
  3530/16385: $546 [6426]
  3531/16385: $547 [6426]
  3532/16385: $546 [6425]
  3533/16385: $547 [6425]
  3534/16385: $546 [6424]
  3535/16385: $547 [6424]
  3536/16385: $546 [6423]
  3537/16385: $547 [6423]
  3538/16385: $546 [6422]
  3539/16385: $547 [6422]
  3540/16385: $546 [6421]
  3541/16385: $547 [6421]
  3542/16385: $546 [6420]
  3543/16385: $547 [6420]
  3544/16385: $546 [6419]
  3545/16385: $547 [6419]
  3546/16385: $546 [6418]
  3547/16385: $547 [6418]
  3548/16385: $546 [6417]
  3549/16385: $547 [6417]
  3550/16385: $546 [6416]
  3551/16385: $547 [6416]
  3552/16385: $546 [6415]
  3553/16385: $547 [6415]
  3554/16385: $546 [6414]
  3555/16385: $547 [6414]
  3556/16385: $546 [6413]
  3557/16385: $547 [6413]
  3558/16385: $546 [6412]
  3559/16385: $547 [6412]
  3560/16385: $546 [6411]
  3561/16385: $547 [6411]
  3562/16385: $546 [6410]
  3563/16385: $547 [6410]
  3564/16385: $546 [6409]
  3565/16385: $547 [6409]
  3566/16385: $546 [6408]
  3567/16385: $547 [6408]
  3568/16385: $546 [6407]
  3569/16385: $547 [6407]
  3570/16385: $546 [6406]
  3571/16385: $547 [6406]
  3572/16385: $546 [6405]
  3573/16385: $547 [6405]
  3574/16385: $546 [6404]
  3575/16385: $547 [6404]
  3576/16385: $546 [6403]
  3577/16385: $547 [6403]
  3578/16385: $546 [6402]
  3579/16385: $547 [6402]
  3580/16385: $546 [6401]
  3581/16385: $547 [6401]
  3582/16385: $546 [6400]
  3583/16385: $547 [6400]
  3584/16385: $546 [6399]
  3585/16385: $547 [6399]
  3586/16385: $546 [6398]
  3587/16385: $547 [6398]
  3588/16385: $546 [6397]
  3589/16385: $547 [6397]
  3590/16385: $546 [6396]
  3591/16385: $547 [6396]
  3592/16385: $546 [6395]
  3593/16385: $547 [6395]
  3594/16385: $546 [6394]
  3595/16385: $547 [6394]
  3596/16385: $546 [6393]
  3597/16385: $547 [6393]
  3598/16385: $546 [6392]
  3599/16385: $547 [6392]
  3600/16385: $546 [6391]
  3601/16385: $547 [6391]
  3602/16385: $546 [6390]
  3603/16385: $547 [6390]
  3604/16385: $546 [6389]
  3605/16385: $547 [6389]
  3606/16385: $546 [6388]
  3607/16385: $547 [6388]
  3608/16385: $546 [6387]
  3609/16385: $547 [6387]
  3610/16385: $546 [6386]
  3611/16385: $547 [6386]
  3612/16385: $546 [6385]
  3613/16385: $547 [6385]
  3614/16385: $546 [6384]
  3615/16385: $547 [6384]
  3616/16385: $546 [6383]
  3617/16385: $547 [6383]
  3618/16385: $546 [6382]
  3619/16385: $547 [6382]
  3620/16385: $546 [6381]
  3621/16385: $547 [6381]
  3622/16385: $546 [6380]
  3623/16385: $547 [6380]
  3624/16385: $546 [6379]
  3625/16385: $547 [6379]
  3626/16385: $546 [6378]
  3627/16385: $547 [6378]
  3628/16385: $546 [6377]
  3629/16385: $547 [6377]
  3630/16385: $546 [6376]
  3631/16385: $547 [6376]
  3632/16385: $546 [6375]
  3633/16385: $547 [6375]
  3634/16385: $546 [6374]
  3635/16385: $547 [6374]
  3636/16385: $546 [6373]
  3637/16385: $547 [6373]
  3638/16385: $546 [6372]
  3639/16385: $547 [6372]
  3640/16385: $546 [6371]
  3641/16385: $547 [6371]
  3642/16385: $546 [6370]
  3643/16385: $547 [6370]
  3644/16385: $546 [6369]
  3645/16385: $547 [6369]
  3646/16385: $546 [6368]
  3647/16385: $547 [6368]
  3648/16385: $546 [6367]
  3649/16385: $547 [6367]
  3650/16385: $546 [6366]
  3651/16385: $547 [6366]
  3652/16385: $546 [6365]
  3653/16385: $547 [6365]
  3654/16385: $546 [6364]
  3655/16385: $547 [6364]
  3656/16385: $546 [6363]
  3657/16385: $547 [6363]
  3658/16385: $546 [6362]
  3659/16385: $547 [6362]
  3660/16385: $546 [6361]
  3661/16385: $547 [6361]
  3662/16385: $546 [6360]
  3663/16385: $547 [6360]
  3664/16385: $546 [6359]
  3665/16385: $547 [6359]
  3666/16385: $546 [6358]
  3667/16385: $547 [6358]
  3668/16385: $546 [6357]
  3669/16385: $547 [6357]
  3670/16385: $546 [6356]
  3671/16385: $547 [6356]
  3672/16385: $546 [6355]
  3673/16385: $547 [6355]
  3674/16385: $546 [6354]
  3675/16385: $547 [6354]
  3676/16385: $546 [6353]
  3677/16385: $547 [6353]
  3678/16385: $546 [6352]
  3679/16385: $547 [6352]
  3680/16385: $546 [6351]
  3681/16385: $547 [6351]
  3682/16385: $546 [6350]
  3683/16385: $547 [6350]
  3684/16385: $546 [6349]
  3685/16385: $547 [6349]
  3686/16385: $546 [6348]
  3687/16385: $547 [6348]
  3688/16385: $546 [6347]
  3689/16385: $547 [6347]
  3690/16385: $546 [6346]
  3691/16385: $547 [6346]
  3692/16385: $546 [6345]
  3693/16385: $547 [6345]
  3694/16385: $546 [6344]
  3695/16385: $547 [6344]
  3696/16385: $546 [6343]
  3697/16385: $547 [6343]
  3698/16385: $546 [6342]
  3699/16385: $547 [6342]
  3700/16385: $546 [6341]
  3701/16385: $547 [6341]
  3702/16385: $546 [6340]
  3703/16385: $547 [6340]
  3704/16385: $546 [6339]
  3705/16385: $547 [6339]
  3706/16385: $546 [6338]
  3707/16385: $547 [6338]
  3708/16385: $546 [6337]
  3709/16385: $547 [6337]
  3710/16385: $546 [6336]
  3711/16385: $547 [6336]
  3712/16385: $546 [6335]
  3713/16385: $547 [6335]
  3714/16385: $546 [6334]
  3715/16385: $547 [6334]
  3716/16385: $546 [6333]
  3717/16385: $547 [6333]
  3718/16385: $546 [6332]
  3719/16385: $547 [6332]
  3720/16385: $546 [6331]
  3721/16385: $547 [6331]
  3722/16385: $546 [6330]
  3723/16385: $547 [6330]
  3724/16385: $546 [6329]
  3725/16385: $547 [6329]
  3726/16385: $546 [6328]
  3727/16385: $547 [6328]
  3728/16385: $546 [6327]
  3729/16385: $547 [6327]
  3730/16385: $546 [6326]
  3731/16385: $547 [6326]
  3732/16385: $546 [6325]
  3733/16385: $547 [6325]
  3734/16385: $546 [6324]
  3735/16385: $547 [6324]
  3736/16385: $546 [6323]
  3737/16385: $547 [6323]
  3738/16385: $546 [6322]
  3739/16385: $547 [6322]
  3740/16385: $546 [6321]
  3741/16385: $547 [6321]
  3742/16385: $546 [6320]
  3743/16385: $547 [6320]
  3744/16385: $546 [6319]
  3745/16385: $547 [6319]
  3746/16385: $546 [6318]
  3747/16385: $547 [6318]
  3748/16385: $546 [6317]
  3749/16385: $547 [6317]
  3750/16385: $546 [6316]
  3751/16385: $547 [6316]
  3752/16385: $546 [6315]
  3753/16385: $547 [6315]
  3754/16385: $546 [6314]
  3755/16385: $547 [6314]
  3756/16385: $546 [6313]
  3757/16385: $547 [6313]
  3758/16385: $546 [6312]
  3759/16385: $547 [6312]
  3760/16385: $546 [6311]
  3761/16385: $547 [6311]
  3762/16385: $546 [6310]
  3763/16385: $547 [6310]
  3764/16385: $546 [6309]
  3765/16385: $547 [6309]
  3766/16385: $546 [6308]
  3767/16385: $547 [6308]
  3768/16385: $546 [6307]
  3769/16385: $547 [6307]
  3770/16385: $546 [6306]
  3771/16385: $547 [6306]
  3772/16385: $546 [6305]
  3773/16385: $547 [6305]
  3774/16385: $546 [6304]
  3775/16385: $547 [6304]
  3776/16385: $546 [6303]
  3777/16385: $547 [6303]
  3778/16385: $546 [6302]
  3779/16385: $547 [6302]
  3780/16385: $546 [6301]
  3781/16385: $547 [6301]
  3782/16385: $546 [6300]
  3783/16385: $547 [6300]
  3784/16385: $546 [6299]
  3785/16385: $547 [6299]
  3786/16385: $546 [6298]
  3787/16385: $547 [6298]
  3788/16385: $546 [6297]
  3789/16385: $547 [6297]
  3790/16385: $546 [6296]
  3791/16385: $547 [6296]
  3792/16385: $546 [6295]
  3793/16385: $547 [6295]
  3794/16385: $546 [6294]
  3795/16385: $547 [6294]
  3796/16385: $546 [6293]
  3797/16385: $547 [6293]
  3798/16385: $546 [6292]
  3799/16385: $547 [6292]
  3800/16385: $546 [6291]
  3801/16385: $547 [6291]
  3802/16385: $546 [6290]
  3803/16385: $547 [6290]
  3804/16385: $546 [6289]
  3805/16385: $547 [6289]
  3806/16385: $546 [6288]
  3807/16385: $547 [6288]
  3808/16385: $546 [6287]
  3809/16385: $547 [6287]
  3810/16385: $546 [6286]
  3811/16385: $547 [6286]
  3812/16385: $546 [6285]
  3813/16385: $547 [6285]
  3814/16385: $546 [6284]
  3815/16385: $547 [6284]
  3816/16385: $546 [6283]
  3817/16385: $547 [6283]
  3818/16385: $546 [6282]
  3819/16385: $547 [6282]
  3820/16385: $546 [6281]
  3821/16385: $547 [6281]
  3822/16385: $546 [6280]
  3823/16385: $547 [6280]
  3824/16385: $546 [6279]
  3825/16385: $547 [6279]
  3826/16385: $546 [6278]
  3827/16385: $547 [6278]
  3828/16385: $546 [6277]
  3829/16385: $547 [6277]
  3830/16385: $546 [6276]
  3831/16385: $547 [6276]
  3832/16385: $546 [6275]
  3833/16385: $547 [6275]
  3834/16385: $546 [6274]
  3835/16385: $547 [6274]
  3836/16385: $546 [6273]
  3837/16385: $547 [6273]
  3838/16385: $546 [6272]
  3839/16385: $547 [6272]
  3840/16385: $546 [6271]
  3841/16385: $547 [6271]
  3842/16385: $546 [6270]
  3843/16385: $547 [6270]
  3844/16385: $546 [6269]
  3845/16385: $547 [6269]
  3846/16385: $546 [6268]
  3847/16385: $547 [6268]
  3848/16385: $546 [6267]
  3849/16385: $547 [6267]
  3850/16385: $546 [6266]
  3851/16385: $547 [6266]
  3852/16385: $546 [6265]
  3853/16385: $547 [6265]
  3854/16385: $546 [6264]
  3855/16385: $547 [6264]
  3856/16385: $546 [6263]
  3857/16385: $547 [6263]
  3858/16385: $546 [6262]
  3859/16385: $547 [6262]
  3860/16385: $546 [6261]
  3861/16385: $547 [6261]
  3862/16385: $546 [6260]
  3863/16385: $547 [6260]
  3864/16385: $546 [6259]
  3865/16385: $547 [6259]
  3866/16385: $546 [6258]
  3867/16385: $547 [6258]
  3868/16385: $546 [6257]
  3869/16385: $547 [6257]
  3870/16385: $546 [6256]
  3871/16385: $547 [6256]
  3872/16385: $546 [6255]
  3873/16385: $547 [6255]
  3874/16385: $546 [6254]
  3875/16385: $547 [6254]
  3876/16385: $546 [6253]
  3877/16385: $547 [6253]
  3878/16385: $546 [6252]
  3879/16385: $547 [6252]
  3880/16385: $546 [6251]
  3881/16385: $547 [6251]
  3882/16385: $546 [6250]
  3883/16385: $547 [6250]
  3884/16385: $546 [6249]
  3885/16385: $547 [6249]
  3886/16385: $546 [6248]
  3887/16385: $547 [6248]
  3888/16385: $546 [6247]
  3889/16385: $547 [6247]
  3890/16385: $546 [6246]
  3891/16385: $547 [6246]
  3892/16385: $546 [6245]
  3893/16385: $547 [6245]
  3894/16385: $546 [6244]
  3895/16385: $547 [6244]
  3896/16385: $546 [6243]
  3897/16385: $547 [6243]
  3898/16385: $546 [6242]
  3899/16385: $547 [6242]
  3900/16385: $546 [6241]
  3901/16385: $547 [6241]
  3902/16385: $546 [6240]
  3903/16385: $547 [6240]
  3904/16385: $546 [6239]
  3905/16385: $547 [6239]
  3906/16385: $546 [6238]
  3907/16385: $547 [6238]
  3908/16385: $546 [6237]
  3909/16385: $547 [6237]
  3910/16385: $546 [6236]
  3911/16385: $547 [6236]
  3912/16385: $546 [6235]
  3913/16385: $547 [6235]
  3914/16385: $546 [6234]
  3915/16385: $547 [6234]
  3916/16385: $546 [6233]
  3917/16385: $547 [6233]
  3918/16385: $546 [6232]
  3919/16385: $547 [6232]
  3920/16385: $546 [6231]
  3921/16385: $547 [6231]
  3922/16385: $546 [6230]
  3923/16385: $547 [6230]
  3924/16385: $546 [6229]
  3925/16385: $547 [6229]
  3926/16385: $546 [6228]
  3927/16385: $547 [6228]
  3928/16385: $546 [6227]
  3929/16385: $547 [6227]
  3930/16385: $546 [6226]
  3931/16385: $547 [6226]
  3932/16385: $546 [6225]
  3933/16385: $547 [6225]
  3934/16385: $546 [6224]
  3935/16385: $547 [6224]
  3936/16385: $546 [6223]
  3937/16385: $547 [6223]
  3938/16385: $546 [6222]
  3939/16385: $547 [6222]
  3940/16385: $546 [6221]
  3941/16385: $547 [6221]
  3942/16385: $546 [6220]
  3943/16385: $547 [6220]
  3944/16385: $546 [6219]
  3945/16385: $547 [6219]
  3946/16385: $546 [6218]
  3947/16385: $547 [6218]
  3948/16385: $546 [6217]
  3949/16385: $547 [6217]
  3950/16385: $546 [6216]
  3951/16385: $547 [6216]
  3952/16385: $546 [6215]
  3953/16385: $547 [6215]
  3954/16385: $546 [6214]
  3955/16385: $547 [6214]
  3956/16385: $546 [6213]
  3957/16385: $547 [6213]
  3958/16385: $546 [6212]
  3959/16385: $547 [6212]
  3960/16385: $546 [6211]
  3961/16385: $547 [6211]
  3962/16385: $546 [6210]
  3963/16385: $547 [6210]
  3964/16385: $546 [6209]
  3965/16385: $547 [6209]
  3966/16385: $546 [6208]
  3967/16385: $547 [6208]
  3968/16385: $546 [6207]
  3969/16385: $547 [6207]
  3970/16385: $546 [6206]
  3971/16385: $547 [6206]
  3972/16385: $546 [6205]
  3973/16385: $547 [6205]
  3974/16385: $546 [6204]
  3975/16385: $547 [6204]
  3976/16385: $546 [6203]
  3977/16385: $547 [6203]
  3978/16385: $546 [6202]
  3979/16385: $547 [6202]
  3980/16385: $546 [6201]
  3981/16385: $547 [6201]
  3982/16385: $546 [6200]
  3983/16385: $547 [6200]
  3984/16385: $546 [6199]
  3985/16385: $547 [6199]
  3986/16385: $546 [6198]
  3987/16385: $547 [6198]
  3988/16385: $546 [6197]
  3989/16385: $547 [6197]
  3990/16385: $546 [6196]
  3991/16385: $547 [6196]
  3992/16385: $546 [6195]
  3993/16385: $547 [6195]
  3994/16385: $546 [6194]
  3995/16385: $547 [6194]
  3996/16385: $546 [6193]
  3997/16385: $547 [6193]
  3998/16385: $546 [6192]
  3999/16385: $547 [6192]
  4000/16385: $546 [6191]
  4001/16385: $547 [6191]
  4002/16385: $546 [6190]
  4003/16385: $547 [6190]
  4004/16385: $546 [6189]
  4005/16385: $547 [6189]
  4006/16385: $546 [6188]
  4007/16385: $547 [6188]
  4008/16385: $546 [6187]
  4009/16385: $547 [6187]
  4010/16385: $546 [6186]
  4011/16385: $547 [6186]
  4012/16385: $546 [6185]
  4013/16385: $547 [6185]
  4014/16385: $546 [6184]
  4015/16385: $547 [6184]
  4016/16385: $546 [6183]
  4017/16385: $547 [6183]
  4018/16385: $546 [6182]
  4019/16385: $547 [6182]
  4020/16385: $546 [6181]
  4021/16385: $547 [6181]
  4022/16385: $546 [6180]
  4023/16385: $547 [6180]
  4024/16385: $546 [6179]
  4025/16385: $547 [6179]
  4026/16385: $546 [6178]
  4027/16385: $547 [6178]
  4028/16385: $546 [6177]
  4029/16385: $547 [6177]
  4030/16385: $546 [6176]
  4031/16385: $547 [6176]
  4032/16385: $546 [6175]
  4033/16385: $547 [6175]
  4034/16385: $546 [6174]
  4035/16385: $547 [6174]
  4036/16385: $546 [6173]
  4037/16385: $547 [6173]
  4038/16385: $546 [6172]
  4039/16385: $547 [6172]
  4040/16385: $546 [6171]
  4041/16385: $547 [6171]
  4042/16385: $546 [6170]
  4043/16385: $547 [6170]
  4044/16385: $546 [6169]
  4045/16385: $547 [6169]
  4046/16385: $546 [6168]
  4047/16385: $547 [6168]
  4048/16385: $546 [6167]
  4049/16385: $547 [6167]
  4050/16385: $546 [6166]
  4051/16385: $547 [6166]
  4052/16385: $546 [6165]
  4053/16385: $547 [6165]
  4054/16385: $546 [6164]
  4055/16385: $547 [6164]
  4056/16385: $546 [6163]
  4057/16385: $547 [6163]
  4058/16385: $546 [6162]
  4059/16385: $547 [6162]
  4060/16385: $546 [6161]
  4061/16385: $547 [6161]
  4062/16385: $546 [6160]
  4063/16385: $547 [6160]
  4064/16385: $546 [6159]
  4065/16385: $547 [6159]
  4066/16385: $546 [6158]
  4067/16385: $547 [6158]
  4068/16385: $546 [6157]
  4069/16385: $547 [6157]
  4070/16385: $546 [6156]
  4071/16385: $547 [6156]
  4072/16385: $546 [6155]
  4073/16385: $547 [6155]
  4074/16385: $546 [6154]
  4075/16385: $547 [6154]
  4076/16385: $546 [6153]
  4077/16385: $547 [6153]
  4078/16385: $546 [6152]
  4079/16385: $547 [6152]
  4080/16385: $546 [6151]
  4081/16385: $547 [6151]
  4082/16385: $546 [6150]
  4083/16385: $547 [6150]
  4084/16385: $546 [6149]
  4085/16385: $547 [6149]
  4086/16385: $546 [6148]
  4087/16385: $547 [6148]
  4088/16385: $546 [6147]
  4089/16385: $547 [6147]
  4090/16385: $546 [6146]
  4091/16385: $547 [6146]
  4092/16385: $546 [6145]
  4093/16385: $547 [6145]
  4094/16385: $546 [6144]
  4095/16385: $547 [6144]
  4096/16385: $546 [6143]
  4097/16385: $547 [6143]
  4098/16385: $546 [6142]
  4099/16385: $547 [6142]
  4100/16385: $546 [6141]
  4101/16385: $547 [6141]
  4102/16385: $546 [6140]
  4103/16385: $547 [6140]
  4104/16385: $546 [6139]
  4105/16385: $547 [6139]
  4106/16385: $546 [6138]
  4107/16385: $547 [6138]
  4108/16385: $546 [6137]
  4109/16385: $547 [6137]
  4110/16385: $546 [6136]
  4111/16385: $547 [6136]
  4112/16385: $546 [6135]
  4113/16385: $547 [6135]
  4114/16385: $546 [6134]
  4115/16385: $547 [6134]
  4116/16385: $546 [6133]
  4117/16385: $547 [6133]
  4118/16385: $546 [6132]
  4119/16385: $547 [6132]
  4120/16385: $546 [6131]
  4121/16385: $547 [6131]
  4122/16385: $546 [6130]
  4123/16385: $547 [6130]
  4124/16385: $546 [6129]
  4125/16385: $547 [6129]
  4126/16385: $546 [6128]
  4127/16385: $547 [6128]
  4128/16385: $546 [6127]
  4129/16385: $547 [6127]
  4130/16385: $546 [6126]
  4131/16385: $547 [6126]
  4132/16385: $546 [6125]
  4133/16385: $547 [6125]
  4134/16385: $546 [6124]
  4135/16385: $547 [6124]
  4136/16385: $546 [6123]
  4137/16385: $547 [6123]
  4138/16385: $546 [6122]
  4139/16385: $547 [6122]
  4140/16385: $546 [6121]
  4141/16385: $547 [6121]
  4142/16385: $546 [6120]
  4143/16385: $547 [6120]
  4144/16385: $546 [6119]
  4145/16385: $547 [6119]
  4146/16385: $546 [6118]
  4147/16385: $547 [6118]
  4148/16385: $546 [6117]
  4149/16385: $547 [6117]
  4150/16385: $546 [6116]
  4151/16385: $547 [6116]
  4152/16385: $546 [6115]
  4153/16385: $547 [6115]
  4154/16385: $546 [6114]
  4155/16385: $547 [6114]
  4156/16385: $546 [6113]
  4157/16385: $547 [6113]
  4158/16385: $546 [6112]
  4159/16385: $547 [6112]
  4160/16385: $546 [6111]
  4161/16385: $547 [6111]
  4162/16385: $546 [6110]
  4163/16385: $547 [6110]
  4164/16385: $546 [6109]
  4165/16385: $547 [6109]
  4166/16385: $546 [6108]
  4167/16385: $547 [6108]
  4168/16385: $546 [6107]
  4169/16385: $547 [6107]
  4170/16385: $546 [6106]
  4171/16385: $547 [6106]
  4172/16385: $546 [6105]
  4173/16385: $547 [6105]
  4174/16385: $546 [6104]
  4175/16385: $547 [6104]
  4176/16385: $546 [6103]
  4177/16385: $547 [6103]
  4178/16385: $546 [6102]
  4179/16385: $547 [6102]
  4180/16385: $546 [6101]
  4181/16385: $547 [6101]
  4182/16385: $546 [6100]
  4183/16385: $547 [6100]
  4184/16385: $546 [6099]
  4185/16385: $547 [6099]
  4186/16385: $546 [6098]
  4187/16385: $547 [6098]
  4188/16385: $546 [6097]
  4189/16385: $547 [6097]
  4190/16385: $546 [6096]
  4191/16385: $547 [6096]
  4192/16385: $546 [6095]
  4193/16385: $547 [6095]
  4194/16385: $546 [6094]
  4195/16385: $547 [6094]
  4196/16385: $546 [6093]
  4197/16385: $547 [6093]
  4198/16385: $546 [6092]
  4199/16385: $547 [6092]
  4200/16385: $546 [6091]
  4201/16385: $547 [6091]
  4202/16385: $546 [6090]
  4203/16385: $547 [6090]
  4204/16385: $546 [6089]
  4205/16385: $547 [6089]
  4206/16385: $546 [6088]
  4207/16385: $547 [6088]
  4208/16385: $546 [6087]
  4209/16385: $547 [6087]
  4210/16385: $546 [6086]
  4211/16385: $547 [6086]
  4212/16385: $546 [6085]
  4213/16385: $547 [6085]
  4214/16385: $546 [6084]
  4215/16385: $547 [6084]
  4216/16385: $546 [6083]
  4217/16385: $547 [6083]
  4218/16385: $546 [6082]
  4219/16385: $547 [6082]
  4220/16385: $546 [6081]
  4221/16385: $547 [6081]
  4222/16385: $546 [6080]
  4223/16385: $547 [6080]
  4224/16385: $546 [6079]
  4225/16385: $547 [6079]
  4226/16385: $546 [6078]
  4227/16385: $547 [6078]
  4228/16385: $546 [6077]
  4229/16385: $547 [6077]
  4230/16385: $546 [6076]
  4231/16385: $547 [6076]
  4232/16385: $546 [6075]
  4233/16385: $547 [6075]
  4234/16385: $546 [6074]
  4235/16385: $547 [6074]
  4236/16385: $546 [6073]
  4237/16385: $547 [6073]
  4238/16385: $546 [6072]
  4239/16385: $547 [6072]
  4240/16385: $546 [6071]
  4241/16385: $547 [6071]
  4242/16385: $546 [6070]
  4243/16385: $547 [6070]
  4244/16385: $546 [6069]
  4245/16385: $547 [6069]
  4246/16385: $546 [6068]
  4247/16385: $547 [6068]
  4248/16385: $546 [6067]
  4249/16385: $547 [6067]
  4250/16385: $546 [6066]
  4251/16385: $547 [6066]
  4252/16385: $546 [6065]
  4253/16385: $547 [6065]
  4254/16385: $546 [6064]
  4255/16385: $547 [6064]
  4256/16385: $546 [6063]
  4257/16385: $547 [6063]
  4258/16385: $546 [6062]
  4259/16385: $547 [6062]
  4260/16385: $546 [6061]
  4261/16385: $547 [6061]
  4262/16385: $546 [6060]
  4263/16385: $547 [6060]
  4264/16385: $546 [6059]
  4265/16385: $547 [6059]
  4266/16385: $546 [6058]
  4267/16385: $547 [6058]
  4268/16385: $546 [6057]
  4269/16385: $547 [6057]
  4270/16385: $546 [6056]
  4271/16385: $547 [6056]
  4272/16385: $546 [6055]
  4273/16385: $547 [6055]
  4274/16385: $546 [6054]
  4275/16385: $547 [6054]
  4276/16385: $546 [6053]
  4277/16385: $547 [6053]
  4278/16385: $546 [6052]
  4279/16385: $547 [6052]
  4280/16385: $546 [6051]
  4281/16385: $547 [6051]
  4282/16385: $546 [6050]
  4283/16385: $547 [6050]
  4284/16385: $546 [6049]
  4285/16385: $547 [6049]
  4286/16385: $546 [6048]
  4287/16385: $547 [6048]
  4288/16385: $546 [6047]
  4289/16385: $547 [6047]
  4290/16385: $546 [6046]
  4291/16385: $547 [6046]
  4292/16385: $546 [6045]
  4293/16385: $547 [6045]
  4294/16385: $546 [6044]
  4295/16385: $547 [6044]
  4296/16385: $546 [6043]
  4297/16385: $547 [6043]
  4298/16385: $546 [6042]
  4299/16385: $547 [6042]
  4300/16385: $546 [6041]
  4301/16385: $547 [6041]
  4302/16385: $546 [6040]
  4303/16385: $547 [6040]
  4304/16385: $546 [6039]
  4305/16385: $547 [6039]
  4306/16385: $546 [6038]
  4307/16385: $547 [6038]
  4308/16385: $546 [6037]
  4309/16385: $547 [6037]
  4310/16385: $546 [6036]
  4311/16385: $547 [6036]
  4312/16385: $546 [6035]
  4313/16385: $547 [6035]
  4314/16385: $546 [6034]
  4315/16385: $547 [6034]
  4316/16385: $546 [6033]
  4317/16385: $547 [6033]
  4318/16385: $546 [6032]
  4319/16385: $547 [6032]
  4320/16385: $546 [6031]
  4321/16385: $547 [6031]
  4322/16385: $546 [6030]
  4323/16385: $547 [6030]
  4324/16385: $546 [6029]
  4325/16385: $547 [6029]
  4326/16385: $546 [6028]
  4327/16385: $547 [6028]
  4328/16385: $546 [6027]
  4329/16385: $547 [6027]
  4330/16385: $546 [6026]
  4331/16385: $547 [6026]
  4332/16385: $546 [6025]
  4333/16385: $547 [6025]
  4334/16385: $546 [6024]
  4335/16385: $547 [6024]
  4336/16385: $546 [6023]
  4337/16385: $547 [6023]
  4338/16385: $546 [6022]
  4339/16385: $547 [6022]
  4340/16385: $546 [6021]
  4341/16385: $547 [6021]
  4342/16385: $546 [6020]
  4343/16385: $547 [6020]
  4344/16385: $546 [6019]
  4345/16385: $547 [6019]
  4346/16385: $546 [6018]
  4347/16385: $547 [6018]
  4348/16385: $546 [6017]
  4349/16385: $547 [6017]
  4350/16385: $546 [6016]
  4351/16385: $547 [6016]
  4352/16385: $546 [6015]
  4353/16385: $547 [6015]
  4354/16385: $546 [6014]
  4355/16385: $547 [6014]
  4356/16385: $546 [6013]
  4357/16385: $547 [6013]
  4358/16385: $546 [6012]
  4359/16385: $547 [6012]
  4360/16385: $546 [6011]
  4361/16385: $547 [6011]
  4362/16385: $546 [6010]
  4363/16385: $547 [6010]
  4364/16385: $546 [6009]
  4365/16385: $547 [6009]
  4366/16385: $546 [6008]
  4367/16385: $547 [6008]
  4368/16385: $546 [6007]
  4369/16385: $547 [6007]
  4370/16385: $546 [6006]
  4371/16385: $547 [6006]
  4372/16385: $546 [6005]
  4373/16385: $547 [6005]
  4374/16385: $546 [6004]
  4375/16385: $547 [6004]
  4376/16385: $546 [6003]
  4377/16385: $547 [6003]
  4378/16385: $546 [6002]
  4379/16385: $547 [6002]
  4380/16385: $546 [6001]
  4381/16385: $547 [6001]
  4382/16385: $546 [6000]
  4383/16385: $547 [6000]
  4384/16385: $546 [5999]
  4385/16385: $547 [5999]
  4386/16385: $546 [5998]
  4387/16385: $547 [5998]
  4388/16385: $546 [5997]
  4389/16385: $547 [5997]
  4390/16385: $546 [5996]
  4391/16385: $547 [5996]
  4392/16385: $546 [5995]
  4393/16385: $547 [5995]
  4394/16385: $546 [5994]
  4395/16385: $547 [5994]
  4396/16385: $546 [5993]
  4397/16385: $547 [5993]
  4398/16385: $546 [5992]
  4399/16385: $547 [5992]
  4400/16385: $546 [5991]
  4401/16385: $547 [5991]
  4402/16385: $546 [5990]
  4403/16385: $547 [5990]
  4404/16385: $546 [5989]
  4405/16385: $547 [5989]
  4406/16385: $546 [5988]
  4407/16385: $547 [5988]
  4408/16385: $546 [5987]
  4409/16385: $547 [5987]
  4410/16385: $546 [5986]
  4411/16385: $547 [5986]
  4412/16385: $546 [5985]
  4413/16385: $547 [5985]
  4414/16385: $546 [5984]
  4415/16385: $547 [5984]
  4416/16385: $546 [5983]
  4417/16385: $547 [5983]
  4418/16385: $546 [5982]
  4419/16385: $547 [5982]
  4420/16385: $546 [5981]
  4421/16385: $547 [5981]
  4422/16385: $546 [5980]
  4423/16385: $547 [5980]
  4424/16385: $546 [5979]
  4425/16385: $547 [5979]
  4426/16385: $546 [5978]
  4427/16385: $547 [5978]
  4428/16385: $546 [5977]
  4429/16385: $547 [5977]
  4430/16385: $546 [5976]
  4431/16385: $547 [5976]
  4432/16385: $546 [5975]
  4433/16385: $547 [5975]
  4434/16385: $546 [5974]
  4435/16385: $547 [5974]
  4436/16385: $546 [5973]
  4437/16385: $547 [5973]
  4438/16385: $546 [5972]
  4439/16385: $547 [5972]
  4440/16385: $546 [5971]
  4441/16385: $547 [5971]
  4442/16385: $546 [5970]
  4443/16385: $547 [5970]
  4444/16385: $546 [5969]
  4445/16385: $547 [5969]
  4446/16385: $546 [5968]
  4447/16385: $547 [5968]
  4448/16385: $546 [5967]
  4449/16385: $547 [5967]
  4450/16385: $546 [5966]
  4451/16385: $547 [5966]
  4452/16385: $546 [5965]
  4453/16385: $547 [5965]
  4454/16385: $546 [5964]
  4455/16385: $547 [5964]
  4456/16385: $546 [5963]
  4457/16385: $547 [5963]
  4458/16385: $546 [5962]
  4459/16385: $547 [5962]
  4460/16385: $546 [5961]
  4461/16385: $547 [5961]
  4462/16385: $546 [5960]
  4463/16385: $547 [5960]
  4464/16385: $546 [5959]
  4465/16385: $547 [5959]
  4466/16385: $546 [5958]
  4467/16385: $547 [5958]
  4468/16385: $546 [5957]
  4469/16385: $547 [5957]
  4470/16385: $546 [5956]
  4471/16385: $547 [5956]
  4472/16385: $546 [5955]
  4473/16385: $547 [5955]
  4474/16385: $546 [5954]
  4475/16385: $547 [5954]
  4476/16385: $546 [5953]
  4477/16385: $547 [5953]
  4478/16385: $546 [5952]
  4479/16385: $547 [5952]
  4480/16385: $546 [5951]
  4481/16385: $547 [5951]
  4482/16385: $546 [5950]
  4483/16385: $547 [5950]
  4484/16385: $546 [5949]
  4485/16385: $547 [5949]
  4486/16385: $546 [5948]
  4487/16385: $547 [5948]
  4488/16385: $546 [5947]
  4489/16385: $547 [5947]
  4490/16385: $546 [5946]
  4491/16385: $547 [5946]
  4492/16385: $546 [5945]
  4493/16385: $547 [5945]
  4494/16385: $546 [5944]
  4495/16385: $547 [5944]
  4496/16385: $546 [5943]
  4497/16385: $547 [5943]
  4498/16385: $546 [5942]
  4499/16385: $547 [5942]
  4500/16385: $546 [5941]
  4501/16385: $547 [5941]
  4502/16385: $546 [5940]
  4503/16385: $547 [5940]
  4504/16385: $546 [5939]
  4505/16385: $547 [5939]
  4506/16385: $546 [5938]
  4507/16385: $547 [5938]
  4508/16385: $546 [5937]
  4509/16385: $547 [5937]
  4510/16385: $546 [5936]
  4511/16385: $547 [5936]
  4512/16385: $546 [5935]
  4513/16385: $547 [5935]
  4514/16385: $546 [5934]
  4515/16385: $547 [5934]
  4516/16385: $546 [5933]
  4517/16385: $547 [5933]
  4518/16385: $546 [5932]
  4519/16385: $547 [5932]
  4520/16385: $546 [5931]
  4521/16385: $547 [5931]
  4522/16385: $546 [5930]
  4523/16385: $547 [5930]
  4524/16385: $546 [5929]
  4525/16385: $547 [5929]
  4526/16385: $546 [5928]
  4527/16385: $547 [5928]
  4528/16385: $546 [5927]
  4529/16385: $547 [5927]
  4530/16385: $546 [5926]
  4531/16385: $547 [5926]
  4532/16385: $546 [5925]
  4533/16385: $547 [5925]
  4534/16385: $546 [5924]
  4535/16385: $547 [5924]
  4536/16385: $546 [5923]
  4537/16385: $547 [5923]
  4538/16385: $546 [5922]
  4539/16385: $547 [5922]
  4540/16385: $546 [5921]
  4541/16385: $547 [5921]
  4542/16385: $546 [5920]
  4543/16385: $547 [5920]
  4544/16385: $546 [5919]
  4545/16385: $547 [5919]
  4546/16385: $546 [5918]
  4547/16385: $547 [5918]
  4548/16385: $546 [5917]
  4549/16385: $547 [5917]
  4550/16385: $546 [5916]
  4551/16385: $547 [5916]
  4552/16385: $546 [5915]
  4553/16385: $547 [5915]
  4554/16385: $546 [5914]
  4555/16385: $547 [5914]
  4556/16385: $546 [5913]
  4557/16385: $547 [5913]
  4558/16385: $546 [5912]
  4559/16385: $547 [5912]
  4560/16385: $546 [5911]
  4561/16385: $547 [5911]
  4562/16385: $546 [5910]
  4563/16385: $547 [5910]
  4564/16385: $546 [5909]
  4565/16385: $547 [5909]
  4566/16385: $546 [5908]
  4567/16385: $547 [5908]
  4568/16385: $546 [5907]
  4569/16385: $547 [5907]
  4570/16385: $546 [5906]
  4571/16385: $547 [5906]
  4572/16385: $546 [5905]
  4573/16385: $547 [5905]
  4574/16385: $546 [5904]
  4575/16385: $547 [5904]
  4576/16385: $546 [5903]
  4577/16385: $547 [5903]
  4578/16385: $546 [5902]
  4579/16385: $547 [5902]
  4580/16385: $546 [5901]
  4581/16385: $547 [5901]
  4582/16385: $546 [5900]
  4583/16385: $547 [5900]
  4584/16385: $546 [5899]
  4585/16385: $547 [5899]
  4586/16385: $546 [5898]
  4587/16385: $547 [5898]
  4588/16385: $546 [5897]
  4589/16385: $547 [5897]
  4590/16385: $546 [5896]
  4591/16385: $547 [5896]
  4592/16385: $546 [5895]
  4593/16385: $547 [5895]
  4594/16385: $546 [5894]
  4595/16385: $547 [5894]
  4596/16385: $546 [5893]
  4597/16385: $547 [5893]
  4598/16385: $546 [5892]
  4599/16385: $547 [5892]
  4600/16385: $546 [5891]
  4601/16385: $547 [5891]
  4602/16385: $546 [5890]
  4603/16385: $547 [5890]
  4604/16385: $546 [5889]
  4605/16385: $547 [5889]
  4606/16385: $546 [5888]
  4607/16385: $547 [5888]
  4608/16385: $546 [5887]
  4609/16385: $547 [5887]
  4610/16385: $546 [5886]
  4611/16385: $547 [5886]
  4612/16385: $546 [5885]
  4613/16385: $547 [5885]
  4614/16385: $546 [5884]
  4615/16385: $547 [5884]
  4616/16385: $546 [5883]
  4617/16385: $547 [5883]
  4618/16385: $546 [5882]
  4619/16385: $547 [5882]
  4620/16385: $546 [5881]
  4621/16385: $547 [5881]
  4622/16385: $546 [5880]
  4623/16385: $547 [5880]
  4624/16385: $546 [5879]
  4625/16385: $547 [5879]
  4626/16385: $546 [5878]
  4627/16385: $547 [5878]
  4628/16385: $546 [5877]
  4629/16385: $547 [5877]
  4630/16385: $546 [5876]
  4631/16385: $547 [5876]
  4632/16385: $546 [5875]
  4633/16385: $547 [5875]
  4634/16385: $546 [5874]
  4635/16385: $547 [5874]
  4636/16385: $546 [5873]
  4637/16385: $547 [5873]
  4638/16385: $546 [5872]
  4639/16385: $547 [5872]
  4640/16385: $546 [5871]
  4641/16385: $547 [5871]
  4642/16385: $546 [5870]
  4643/16385: $547 [5870]
  4644/16385: $546 [5869]
  4645/16385: $547 [5869]
  4646/16385: $546 [5868]
  4647/16385: $547 [5868]
  4648/16385: $546 [5867]
  4649/16385: $547 [5867]
  4650/16385: $546 [5866]
  4651/16385: $547 [5866]
  4652/16385: $546 [5865]
  4653/16385: $547 [5865]
  4654/16385: $546 [5864]
  4655/16385: $547 [5864]
  4656/16385: $546 [5863]
  4657/16385: $547 [5863]
  4658/16385: $546 [5862]
  4659/16385: $547 [5862]
  4660/16385: $546 [5861]
  4661/16385: $547 [5861]
  4662/16385: $546 [5860]
  4663/16385: $547 [5860]
  4664/16385: $546 [5859]
  4665/16385: $547 [5859]
  4666/16385: $546 [5858]
  4667/16385: $547 [5858]
  4668/16385: $546 [5857]
  4669/16385: $547 [5857]
  4670/16385: $546 [5856]
  4671/16385: $547 [5856]
  4672/16385: $546 [5855]
  4673/16385: $547 [5855]
  4674/16385: $546 [5854]
  4675/16385: $547 [5854]
  4676/16385: $546 [5853]
  4677/16385: $547 [5853]
  4678/16385: $546 [5852]
  4679/16385: $547 [5852]
  4680/16385: $546 [5851]
  4681/16385: $547 [5851]
  4682/16385: $546 [5850]
  4683/16385: $547 [5850]
  4684/16385: $546 [5849]
  4685/16385: $547 [5849]
  4686/16385: $546 [5848]
  4687/16385: $547 [5848]
  4688/16385: $546 [5847]
  4689/16385: $547 [5847]
  4690/16385: $546 [5846]
  4691/16385: $547 [5846]
  4692/16385: $546 [5845]
  4693/16385: $547 [5845]
  4694/16385: $546 [5844]
  4695/16385: $547 [5844]
  4696/16385: $546 [5843]
  4697/16385: $547 [5843]
  4698/16385: $546 [5842]
  4699/16385: $547 [5842]
  4700/16385: $546 [5841]
  4701/16385: $547 [5841]
  4702/16385: $546 [5840]
  4703/16385: $547 [5840]
  4704/16385: $546 [5839]
  4705/16385: $547 [5839]
  4706/16385: $546 [5838]
  4707/16385: $547 [5838]
  4708/16385: $546 [5837]
  4709/16385: $547 [5837]
  4710/16385: $546 [5836]
  4711/16385: $547 [5836]
  4712/16385: $546 [5835]
  4713/16385: $547 [5835]
  4714/16385: $546 [5834]
  4715/16385: $547 [5834]
  4716/16385: $546 [5833]
  4717/16385: $547 [5833]
  4718/16385: $546 [5832]
  4719/16385: $547 [5832]
  4720/16385: $546 [5831]
  4721/16385: $547 [5831]
  4722/16385: $546 [5830]
  4723/16385: $547 [5830]
  4724/16385: $546 [5829]
  4725/16385: $547 [5829]
  4726/16385: $546 [5828]
  4727/16385: $547 [5828]
  4728/16385: $546 [5827]
  4729/16385: $547 [5827]
  4730/16385: $546 [5826]
  4731/16385: $547 [5826]
  4732/16385: $546 [5825]
  4733/16385: $547 [5825]
  4734/16385: $546 [5824]
  4735/16385: $547 [5824]
  4736/16385: $546 [5823]
  4737/16385: $547 [5823]
  4738/16385: $546 [5822]
  4739/16385: $547 [5822]
  4740/16385: $546 [5821]
  4741/16385: $547 [5821]
  4742/16385: $546 [5820]
  4743/16385: $547 [5820]
  4744/16385: $546 [5819]
  4745/16385: $547 [5819]
  4746/16385: $546 [5818]
  4747/16385: $547 [5818]
  4748/16385: $546 [5817]
  4749/16385: $547 [5817]
  4750/16385: $546 [5816]
  4751/16385: $547 [5816]
  4752/16385: $546 [5815]
  4753/16385: $547 [5815]
  4754/16385: $546 [5814]
  4755/16385: $547 [5814]
  4756/16385: $546 [5813]
  4757/16385: $547 [5813]
  4758/16385: $546 [5812]
  4759/16385: $547 [5812]
  4760/16385: $546 [5811]
  4761/16385: $547 [5811]
  4762/16385: $546 [5810]
  4763/16385: $547 [5810]
  4764/16385: $546 [5809]
  4765/16385: $547 [5809]
  4766/16385: $546 [5808]
  4767/16385: $547 [5808]
  4768/16385: $546 [5807]
  4769/16385: $547 [5807]
  4770/16385: $546 [5806]
  4771/16385: $547 [5806]
  4772/16385: $546 [5805]
  4773/16385: $547 [5805]
  4774/16385: $546 [5804]
  4775/16385: $547 [5804]
  4776/16385: $546 [5803]
  4777/16385: $547 [5803]
  4778/16385: $546 [5802]
  4779/16385: $547 [5802]
  4780/16385: $546 [5801]
  4781/16385: $547 [5801]
  4782/16385: $546 [5800]
  4783/16385: $547 [5800]
  4784/16385: $546 [5799]
  4785/16385: $547 [5799]
  4786/16385: $546 [5798]
  4787/16385: $547 [5798]
  4788/16385: $546 [5797]
  4789/16385: $547 [5797]
  4790/16385: $546 [5796]
  4791/16385: $547 [5796]
  4792/16385: $546 [5795]
  4793/16385: $547 [5795]
  4794/16385: $546 [5794]
  4795/16385: $547 [5794]
  4796/16385: $546 [5793]
  4797/16385: $547 [5793]
  4798/16385: $546 [5792]
  4799/16385: $547 [5792]
  4800/16385: $546 [5791]
  4801/16385: $547 [5791]
  4802/16385: $546 [5790]
  4803/16385: $547 [5790]
  4804/16385: $546 [5789]
  4805/16385: $547 [5789]
  4806/16385: $546 [5788]
  4807/16385: $547 [5788]
  4808/16385: $546 [5787]
  4809/16385: $547 [5787]
  4810/16385: $546 [5786]
  4811/16385: $547 [5786]
  4812/16385: $546 [5785]
  4813/16385: $547 [5785]
  4814/16385: $546 [5784]
  4815/16385: $547 [5784]
  4816/16385: $546 [5783]
  4817/16385: $547 [5783]
  4818/16385: $546 [5782]
  4819/16385: $547 [5782]
  4820/16385: $546 [5781]
  4821/16385: $547 [5781]
  4822/16385: $546 [5780]
  4823/16385: $547 [5780]
  4824/16385: $546 [5779]
  4825/16385: $547 [5779]
  4826/16385: $546 [5778]
  4827/16385: $547 [5778]
  4828/16385: $546 [5777]
  4829/16385: $547 [5777]
  4830/16385: $546 [5776]
  4831/16385: $547 [5776]
  4832/16385: $546 [5775]
  4833/16385: $547 [5775]
  4834/16385: $546 [5774]
  4835/16385: $547 [5774]
  4836/16385: $546 [5773]
  4837/16385: $547 [5773]
  4838/16385: $546 [5772]
  4839/16385: $547 [5772]
  4840/16385: $546 [5771]
  4841/16385: $547 [5771]
  4842/16385: $546 [5770]
  4843/16385: $547 [5770]
  4844/16385: $546 [5769]
  4845/16385: $547 [5769]
  4846/16385: $546 [5768]
  4847/16385: $547 [5768]
  4848/16385: $546 [5767]
  4849/16385: $547 [5767]
  4850/16385: $546 [5766]
  4851/16385: $547 [5766]
  4852/16385: $546 [5765]
  4853/16385: $547 [5765]
  4854/16385: $546 [5764]
  4855/16385: $547 [5764]
  4856/16385: $546 [5763]
  4857/16385: $547 [5763]
  4858/16385: $546 [5762]
  4859/16385: $547 [5762]
  4860/16385: $546 [5761]
  4861/16385: $547 [5761]
  4862/16385: $546 [5760]
  4863/16385: $547 [5760]
  4864/16385: $546 [5759]
  4865/16385: $547 [5759]
  4866/16385: $546 [5758]
  4867/16385: $547 [5758]
  4868/16385: $546 [5757]
  4869/16385: $547 [5757]
  4870/16385: $546 [5756]
  4871/16385: $547 [5756]
  4872/16385: $546 [5755]
  4873/16385: $547 [5755]
  4874/16385: $546 [5754]
  4875/16385: $547 [5754]
  4876/16385: $546 [5753]
  4877/16385: $547 [5753]
  4878/16385: $546 [5752]
  4879/16385: $547 [5752]
  4880/16385: $546 [5751]
  4881/16385: $547 [5751]
  4882/16385: $546 [5750]
  4883/16385: $547 [5750]
  4884/16385: $546 [5749]
  4885/16385: $547 [5749]
  4886/16385: $546 [5748]
  4887/16385: $547 [5748]
  4888/16385: $546 [5747]
  4889/16385: $547 [5747]
  4890/16385: $546 [5746]
  4891/16385: $547 [5746]
  4892/16385: $546 [5745]
  4893/16385: $547 [5745]
  4894/16385: $546 [5744]
  4895/16385: $547 [5744]
  4896/16385: $546 [5743]
  4897/16385: $547 [5743]
  4898/16385: $546 [5742]
  4899/16385: $547 [5742]
  4900/16385: $546 [5741]
  4901/16385: $547 [5741]
  4902/16385: $546 [5740]
  4903/16385: $547 [5740]
  4904/16385: $546 [5739]
  4905/16385: $547 [5739]
  4906/16385: $546 [5738]
  4907/16385: $547 [5738]
  4908/16385: $546 [5737]
  4909/16385: $547 [5737]
  4910/16385: $546 [5736]
  4911/16385: $547 [5736]
  4912/16385: $546 [5735]
  4913/16385: $547 [5735]
  4914/16385: $546 [5734]
  4915/16385: $547 [5734]
  4916/16385: $546 [5733]
  4917/16385: $547 [5733]
  4918/16385: $546 [5732]
  4919/16385: $547 [5732]
  4920/16385: $546 [5731]
  4921/16385: $547 [5731]
  4922/16385: $546 [5730]
  4923/16385: $547 [5730]
  4924/16385: $546 [5729]
  4925/16385: $547 [5729]
  4926/16385: $546 [5728]
  4927/16385: $547 [5728]
  4928/16385: $546 [5727]
  4929/16385: $547 [5727]
  4930/16385: $546 [5726]
  4931/16385: $547 [5726]
  4932/16385: $546 [5725]
  4933/16385: $547 [5725]
  4934/16385: $546 [5724]
  4935/16385: $547 [5724]
  4936/16385: $546 [5723]
  4937/16385: $547 [5723]
  4938/16385: $546 [5722]
  4939/16385: $547 [5722]
  4940/16385: $546 [5721]
  4941/16385: $547 [5721]
  4942/16385: $546 [5720]
  4943/16385: $547 [5720]
  4944/16385: $546 [5719]
  4945/16385: $547 [5719]
  4946/16385: $546 [5718]
  4947/16385: $547 [5718]
  4948/16385: $546 [5717]
  4949/16385: $547 [5717]
  4950/16385: $546 [5716]
  4951/16385: $547 [5716]
  4952/16385: $546 [5715]
  4953/16385: $547 [5715]
  4954/16385: $546 [5714]
  4955/16385: $547 [5714]
  4956/16385: $546 [5713]
  4957/16385: $547 [5713]
  4958/16385: $546 [5712]
  4959/16385: $547 [5712]
  4960/16385: $546 [5711]
  4961/16385: $547 [5711]
  4962/16385: $546 [5710]
  4963/16385: $547 [5710]
  4964/16385: $546 [5709]
  4965/16385: $547 [5709]
  4966/16385: $546 [5708]
  4967/16385: $547 [5708]
  4968/16385: $546 [5707]
  4969/16385: $547 [5707]
  4970/16385: $546 [5706]
  4971/16385: $547 [5706]
  4972/16385: $546 [5705]
  4973/16385: $547 [5705]
  4974/16385: $546 [5704]
  4975/16385: $547 [5704]
  4976/16385: $546 [5703]
  4977/16385: $547 [5703]
  4978/16385: $546 [5702]
  4979/16385: $547 [5702]
  4980/16385: $546 [5701]
  4981/16385: $547 [5701]
  4982/16385: $546 [5700]
  4983/16385: $547 [5700]
  4984/16385: $546 [5699]
  4985/16385: $547 [5699]
  4986/16385: $546 [5698]
  4987/16385: $547 [5698]
  4988/16385: $546 [5697]
  4989/16385: $547 [5697]
  4990/16385: $546 [5696]
  4991/16385: $547 [5696]
  4992/16385: $546 [5695]
  4993/16385: $547 [5695]
  4994/16385: $546 [5694]
  4995/16385: $547 [5694]
  4996/16385: $546 [5693]
  4997/16385: $547 [5693]
  4998/16385: $546 [5692]
  4999/16385: $547 [5692]
  5000/16385: $546 [5691]
  5001/16385: $547 [5691]
  5002/16385: $546 [5690]
  5003/16385: $547 [5690]
  5004/16385: $546 [5689]
  5005/16385: $547 [5689]
  5006/16385: $546 [5688]
  5007/16385: $547 [5688]
  5008/16385: $546 [5687]
  5009/16385: $547 [5687]
  5010/16385: $546 [5686]
  5011/16385: $547 [5686]
  5012/16385: $546 [5685]
  5013/16385: $547 [5685]
  5014/16385: $546 [5684]
  5015/16385: $547 [5684]
  5016/16385: $546 [5683]
  5017/16385: $547 [5683]
  5018/16385: $546 [5682]
  5019/16385: $547 [5682]
  5020/16385: $546 [5681]
  5021/16385: $547 [5681]
  5022/16385: $546 [5680]
  5023/16385: $547 [5680]
  5024/16385: $546 [5679]
  5025/16385: $547 [5679]
  5026/16385: $546 [5678]
  5027/16385: $547 [5678]
  5028/16385: $546 [5677]
  5029/16385: $547 [5677]
  5030/16385: $546 [5676]
  5031/16385: $547 [5676]
  5032/16385: $546 [5675]
  5033/16385: $547 [5675]
  5034/16385: $546 [5674]
  5035/16385: $547 [5674]
  5036/16385: $546 [5673]
  5037/16385: $547 [5673]
  5038/16385: $546 [5672]
  5039/16385: $547 [5672]
  5040/16385: $546 [5671]
  5041/16385: $547 [5671]
  5042/16385: $546 [5670]
  5043/16385: $547 [5670]
  5044/16385: $546 [5669]
  5045/16385: $547 [5669]
  5046/16385: $546 [5668]
  5047/16385: $547 [5668]
  5048/16385: $546 [5667]
  5049/16385: $547 [5667]
  5050/16385: $546 [5666]
  5051/16385: $547 [5666]
  5052/16385: $546 [5665]
  5053/16385: $547 [5665]
  5054/16385: $546 [5664]
  5055/16385: $547 [5664]
  5056/16385: $546 [5663]
  5057/16385: $547 [5663]
  5058/16385: $546 [5662]
  5059/16385: $547 [5662]
  5060/16385: $546 [5661]
  5061/16385: $547 [5661]
  5062/16385: $546 [5660]
  5063/16385: $547 [5660]
  5064/16385: $546 [5659]
  5065/16385: $547 [5659]
  5066/16385: $546 [5658]
  5067/16385: $547 [5658]
  5068/16385: $546 [5657]
  5069/16385: $547 [5657]
  5070/16385: $546 [5656]
  5071/16385: $547 [5656]
  5072/16385: $546 [5655]
  5073/16385: $547 [5655]
  5074/16385: $546 [5654]
  5075/16385: $547 [5654]
  5076/16385: $546 [5653]
  5077/16385: $547 [5653]
  5078/16385: $546 [5652]
  5079/16385: $547 [5652]
  5080/16385: $546 [5651]
  5081/16385: $547 [5651]
  5082/16385: $546 [5650]
  5083/16385: $547 [5650]
  5084/16385: $546 [5649]
  5085/16385: $547 [5649]
  5086/16385: $546 [5648]
  5087/16385: $547 [5648]
  5088/16385: $546 [5647]
  5089/16385: $547 [5647]
  5090/16385: $546 [5646]
  5091/16385: $547 [5646]
  5092/16385: $546 [5645]
  5093/16385: $547 [5645]
  5094/16385: $546 [5644]
  5095/16385: $547 [5644]
  5096/16385: $546 [5643]
  5097/16385: $547 [5643]
  5098/16385: $546 [5642]
  5099/16385: $547 [5642]
  5100/16385: $546 [5641]
  5101/16385: $547 [5641]
  5102/16385: $546 [5640]
  5103/16385: $547 [5640]
  5104/16385: $546 [5639]
  5105/16385: $547 [5639]
  5106/16385: $546 [5638]
  5107/16385: $547 [5638]
  5108/16385: $546 [5637]
  5109/16385: $547 [5637]
  5110/16385: $546 [5636]
  5111/16385: $547 [5636]
  5112/16385: $546 [5635]
  5113/16385: $547 [5635]
  5114/16385: $546 [5634]
  5115/16385: $547 [5634]
  5116/16385: $546 [5633]
  5117/16385: $547 [5633]
  5118/16385: $546 [5632]
  5119/16385: $547 [5632]
  5120/16385: $546 [5631]
  5121/16385: $547 [5631]
  5122/16385: $546 [5630]
  5123/16385: $547 [5630]
  5124/16385: $546 [5629]
  5125/16385: $547 [5629]
  5126/16385: $546 [5628]
  5127/16385: $547 [5628]
  5128/16385: $546 [5627]
  5129/16385: $547 [5627]
  5130/16385: $546 [5626]
  5131/16385: $547 [5626]
  5132/16385: $546 [5625]
  5133/16385: $547 [5625]
  5134/16385: $546 [5624]
  5135/16385: $547 [5624]
  5136/16385: $546 [5623]
  5137/16385: $547 [5623]
  5138/16385: $546 [5622]
  5139/16385: $547 [5622]
  5140/16385: $546 [5621]
  5141/16385: $547 [5621]
  5142/16385: $546 [5620]
  5143/16385: $547 [5620]
  5144/16385: $546 [5619]
  5145/16385: $547 [5619]
  5146/16385: $546 [5618]
  5147/16385: $547 [5618]
  5148/16385: $546 [5617]
  5149/16385: $547 [5617]
  5150/16385: $546 [5616]
  5151/16385: $547 [5616]
  5152/16385: $546 [5615]
  5153/16385: $547 [5615]
  5154/16385: $546 [5614]
  5155/16385: $547 [5614]
  5156/16385: $546 [5613]
  5157/16385: $547 [5613]
  5158/16385: $546 [5612]
  5159/16385: $547 [5612]
  5160/16385: $546 [5611]
  5161/16385: $547 [5611]
  5162/16385: $546 [5610]
  5163/16385: $547 [5610]
  5164/16385: $546 [5609]
  5165/16385: $547 [5609]
  5166/16385: $546 [5608]
  5167/16385: $547 [5608]
  5168/16385: $546 [5607]
  5169/16385: $547 [5607]
  5170/16385: $546 [5606]
  5171/16385: $547 [5606]
  5172/16385: $546 [5605]
  5173/16385: $547 [5605]
  5174/16385: $546 [5604]
  5175/16385: $547 [5604]
  5176/16385: $546 [5603]
  5177/16385: $547 [5603]
  5178/16385: $546 [5602]
  5179/16385: $547 [5602]
  5180/16385: $546 [5601]
  5181/16385: $547 [5601]
  5182/16385: $546 [5600]
  5183/16385: $547 [5600]
  5184/16385: $546 [5599]
  5185/16385: $547 [5599]
  5186/16385: $546 [5598]
  5187/16385: $547 [5598]
  5188/16385: $546 [5597]
  5189/16385: $547 [5597]
  5190/16385: $546 [5596]
  5191/16385: $547 [5596]
  5192/16385: $546 [5595]
  5193/16385: $547 [5595]
  5194/16385: $546 [5594]
  5195/16385: $547 [5594]
  5196/16385: $546 [5593]
  5197/16385: $547 [5593]
  5198/16385: $546 [5592]
  5199/16385: $547 [5592]
  5200/16385: $546 [5591]
  5201/16385: $547 [5591]
  5202/16385: $546 [5590]
  5203/16385: $547 [5590]
  5204/16385: $546 [5589]
  5205/16385: $547 [5589]
  5206/16385: $546 [5588]
  5207/16385: $547 [5588]
  5208/16385: $546 [5587]
  5209/16385: $547 [5587]
  5210/16385: $546 [5586]
  5211/16385: $547 [5586]
  5212/16385: $546 [5585]
  5213/16385: $547 [5585]
  5214/16385: $546 [5584]
  5215/16385: $547 [5584]
  5216/16385: $546 [5583]
  5217/16385: $547 [5583]
  5218/16385: $546 [5582]
  5219/16385: $547 [5582]
  5220/16385: $546 [5581]
  5221/16385: $547 [5581]
  5222/16385: $546 [5580]
  5223/16385: $547 [5580]
  5224/16385: $546 [5579]
  5225/16385: $547 [5579]
  5226/16385: $546 [5578]
  5227/16385: $547 [5578]
  5228/16385: $546 [5577]
  5229/16385: $547 [5577]
  5230/16385: $546 [5576]
  5231/16385: $547 [5576]
  5232/16385: $546 [5575]
  5233/16385: $547 [5575]
  5234/16385: $546 [5574]
  5235/16385: $547 [5574]
  5236/16385: $546 [5573]
  5237/16385: $547 [5573]
  5238/16385: $546 [5572]
  5239/16385: $547 [5572]
  5240/16385: $546 [5571]
  5241/16385: $547 [5571]
  5242/16385: $546 [5570]
  5243/16385: $547 [5570]
  5244/16385: $546 [5569]
  5245/16385: $547 [5569]
  5246/16385: $546 [5568]
  5247/16385: $547 [5568]
  5248/16385: $546 [5567]
  5249/16385: $547 [5567]
  5250/16385: $546 [5566]
  5251/16385: $547 [5566]
  5252/16385: $546 [5565]
  5253/16385: $547 [5565]
  5254/16385: $546 [5564]
  5255/16385: $547 [5564]
  5256/16385: $546 [5563]
  5257/16385: $547 [5563]
  5258/16385: $546 [5562]
  5259/16385: $547 [5562]
  5260/16385: $546 [5561]
  5261/16385: $547 [5561]
  5262/16385: $546 [5560]
  5263/16385: $547 [5560]
  5264/16385: $546 [5559]
  5265/16385: $547 [5559]
  5266/16385: $546 [5558]
  5267/16385: $547 [5558]
  5268/16385: $546 [5557]
  5269/16385: $547 [5557]
  5270/16385: $546 [5556]
  5271/16385: $547 [5556]
  5272/16385: $546 [5555]
  5273/16385: $547 [5555]
  5274/16385: $546 [5554]
  5275/16385: $547 [5554]
  5276/16385: $546 [5553]
  5277/16385: $547 [5553]
  5278/16385: $546 [5552]
  5279/16385: $547 [5552]
  5280/16385: $546 [5551]
  5281/16385: $547 [5551]
  5282/16385: $546 [5550]
  5283/16385: $547 [5550]
  5284/16385: $546 [5549]
  5285/16385: $547 [5549]
  5286/16385: $546 [5548]
  5287/16385: $547 [5548]
  5288/16385: $546 [5547]
  5289/16385: $547 [5547]
  5290/16385: $546 [5546]
  5291/16385: $547 [5546]
  5292/16385: $546 [5545]
  5293/16385: $547 [5545]
  5294/16385: $546 [5544]
  5295/16385: $547 [5544]
  5296/16385: $546 [5543]
  5297/16385: $547 [5543]
  5298/16385: $546 [5542]
  5299/16385: $547 [5542]
  5300/16385: $546 [5541]
  5301/16385: $547 [5541]
  5302/16385: $546 [5540]
  5303/16385: $547 [5540]
  5304/16385: $546 [5539]
  5305/16385: $547 [5539]
  5306/16385: $546 [5538]
  5307/16385: $547 [5538]
  5308/16385: $546 [5537]
  5309/16385: $547 [5537]
  5310/16385: $546 [5536]
  5311/16385: $547 [5536]
  5312/16385: $546 [5535]
  5313/16385: $547 [5535]
  5314/16385: $546 [5534]
  5315/16385: $547 [5534]
  5316/16385: $546 [5533]
  5317/16385: $547 [5533]
  5318/16385: $546 [5532]
  5319/16385: $547 [5532]
  5320/16385: $546 [5531]
  5321/16385: $547 [5531]
  5322/16385: $546 [5530]
  5323/16385: $547 [5530]
  5324/16385: $546 [5529]
  5325/16385: $547 [5529]
  5326/16385: $546 [5528]
  5327/16385: $547 [5528]
  5328/16385: $546 [5527]
  5329/16385: $547 [5527]
  5330/16385: $546 [5526]
  5331/16385: $547 [5526]
  5332/16385: $546 [5525]
  5333/16385: $547 [5525]
  5334/16385: $546 [5524]
  5335/16385: $547 [5524]
  5336/16385: $546 [5523]
  5337/16385: $547 [5523]
  5338/16385: $546 [5522]
  5339/16385: $547 [5522]
  5340/16385: $546 [5521]
  5341/16385: $547 [5521]
  5342/16385: $546 [5520]
  5343/16385: $547 [5520]
  5344/16385: $546 [5519]
  5345/16385: $547 [5519]
  5346/16385: $546 [5518]
  5347/16385: $547 [5518]
  5348/16385: $546 [5517]
  5349/16385: $547 [5517]
  5350/16385: $546 [5516]
  5351/16385: $547 [5516]
  5352/16385: $546 [5515]
  5353/16385: $547 [5515]
  5354/16385: $546 [5514]
  5355/16385: $547 [5514]
  5356/16385: $546 [5513]
  5357/16385: $547 [5513]
  5358/16385: $546 [5512]
  5359/16385: $547 [5512]
  5360/16385: $546 [5511]
  5361/16385: $547 [5511]
  5362/16385: $546 [5510]
  5363/16385: $547 [5510]
  5364/16385: $546 [5509]
  5365/16385: $547 [5509]
  5366/16385: $546 [5508]
  5367/16385: $547 [5508]
  5368/16385: $546 [5507]
  5369/16385: $547 [5507]
  5370/16385: $546 [5506]
  5371/16385: $547 [5506]
  5372/16385: $546 [5505]
  5373/16385: $547 [5505]
  5374/16385: $546 [5504]
  5375/16385: $547 [5504]
  5376/16385: $546 [5503]
  5377/16385: $547 [5503]
  5378/16385: $546 [5502]
  5379/16385: $547 [5502]
  5380/16385: $546 [5501]
  5381/16385: $547 [5501]
  5382/16385: $546 [5500]
  5383/16385: $547 [5500]
  5384/16385: $546 [5499]
  5385/16385: $547 [5499]
  5386/16385: $546 [5498]
  5387/16385: $547 [5498]
  5388/16385: $546 [5497]
  5389/16385: $547 [5497]
  5390/16385: $546 [5496]
  5391/16385: $547 [5496]
  5392/16385: $546 [5495]
  5393/16385: $547 [5495]
  5394/16385: $546 [5494]
  5395/16385: $547 [5494]
  5396/16385: $546 [5493]
  5397/16385: $547 [5493]
  5398/16385: $546 [5492]
  5399/16385: $547 [5492]
  5400/16385: $546 [5491]
  5401/16385: $547 [5491]
  5402/16385: $546 [5490]
  5403/16385: $547 [5490]
  5404/16385: $546 [5489]
  5405/16385: $547 [5489]
  5406/16385: $546 [5488]
  5407/16385: $547 [5488]
  5408/16385: $546 [5487]
  5409/16385: $547 [5487]
  5410/16385: $546 [5486]
  5411/16385: $547 [5486]
  5412/16385: $546 [5485]
  5413/16385: $547 [5485]
  5414/16385: $546 [5484]
  5415/16385: $547 [5484]
  5416/16385: $546 [5483]
  5417/16385: $547 [5483]
  5418/16385: $546 [5482]
  5419/16385: $547 [5482]
  5420/16385: $546 [5481]
  5421/16385: $547 [5481]
  5422/16385: $546 [5480]
  5423/16385: $547 [5480]
  5424/16385: $546 [5479]
  5425/16385: $547 [5479]
  5426/16385: $546 [5478]
  5427/16385: $547 [5478]
  5428/16385: $546 [5477]
  5429/16385: $547 [5477]
  5430/16385: $546 [5476]
  5431/16385: $547 [5476]
  5432/16385: $546 [5475]
  5433/16385: $547 [5475]
  5434/16385: $546 [5474]
  5435/16385: $547 [5474]
  5436/16385: $546 [5473]
  5437/16385: $547 [5473]
  5438/16385: $546 [5472]
  5439/16385: $547 [5472]
  5440/16385: $546 [5471]
  5441/16385: $547 [5471]
  5442/16385: $546 [5470]
  5443/16385: $547 [5470]
  5444/16385: $546 [5469]
  5445/16385: $547 [5469]
  5446/16385: $546 [5468]
  5447/16385: $547 [5468]
  5448/16385: $546 [5467]
  5449/16385: $547 [5467]
  5450/16385: $546 [5466]
  5451/16385: $547 [5466]
  5452/16385: $546 [5465]
  5453/16385: $547 [5465]
  5454/16385: $546 [5464]
  5455/16385: $547 [5464]
  5456/16385: $546 [5463]
  5457/16385: $547 [5463]
  5458/16385: $546 [5462]
  5459/16385: $547 [5462]
  5460/16385: $546 [5461]
  5461/16385: $547 [5461]
  5462/16385: $546 [5460]
  5463/16385: $547 [5460]
  5464/16385: $546 [5459]
  5465/16385: $547 [5459]
  5466/16385: $546 [5458]
  5467/16385: $547 [5458]
  5468/16385: $546 [5457]
  5469/16385: $547 [5457]
  5470/16385: $546 [5456]
  5471/16385: $547 [5456]
  5472/16385: $546 [5455]
  5473/16385: $547 [5455]
  5474/16385: $546 [5454]
  5475/16385: $547 [5454]
  5476/16385: $546 [5453]
  5477/16385: $547 [5453]
  5478/16385: $546 [5452]
  5479/16385: $547 [5452]
  5480/16385: $546 [5451]
  5481/16385: $547 [5451]
  5482/16385: $546 [5450]
  5483/16385: $547 [5450]
  5484/16385: $546 [5449]
  5485/16385: $547 [5449]
  5486/16385: $546 [5448]
  5487/16385: $547 [5448]
  5488/16385: $546 [5447]
  5489/16385: $547 [5447]
  5490/16385: $546 [5446]
  5491/16385: $547 [5446]
  5492/16385: $546 [5445]
  5493/16385: $547 [5445]
  5494/16385: $546 [5444]
  5495/16385: $547 [5444]
  5496/16385: $546 [5443]
  5497/16385: $547 [5443]
  5498/16385: $546 [5442]
  5499/16385: $547 [5442]
  5500/16385: $546 [5441]
  5501/16385: $547 [5441]
  5502/16385: $546 [5440]
  5503/16385: $547 [5440]
  5504/16385: $546 [5439]
  5505/16385: $547 [5439]
  5506/16385: $546 [5438]
  5507/16385: $547 [5438]
  5508/16385: $546 [5437]
  5509/16385: $547 [5437]
  5510/16385: $546 [5436]
  5511/16385: $547 [5436]
  5512/16385: $546 [5435]
  5513/16385: $547 [5435]
  5514/16385: $546 [5434]
  5515/16385: $547 [5434]
  5516/16385: $546 [5433]
  5517/16385: $547 [5433]
  5518/16385: $546 [5432]
  5519/16385: $547 [5432]
  5520/16385: $546 [5431]
  5521/16385: $547 [5431]
  5522/16385: $546 [5430]
  5523/16385: $547 [5430]
  5524/16385: $546 [5429]
  5525/16385: $547 [5429]
  5526/16385: $546 [5428]
  5527/16385: $547 [5428]
  5528/16385: $546 [5427]
  5529/16385: $547 [5427]
  5530/16385: $546 [5426]
  5531/16385: $547 [5426]
  5532/16385: $546 [5425]
  5533/16385: $547 [5425]
  5534/16385: $546 [5424]
  5535/16385: $547 [5424]
  5536/16385: $546 [5423]
  5537/16385: $547 [5423]
  5538/16385: $546 [5422]
  5539/16385: $547 [5422]
  5540/16385: $546 [5421]
  5541/16385: $547 [5421]
  5542/16385: $546 [5420]
  5543/16385: $547 [5420]
  5544/16385: $546 [5419]
  5545/16385: $547 [5419]
  5546/16385: $546 [5418]
  5547/16385: $547 [5418]
  5548/16385: $546 [5417]
  5549/16385: $547 [5417]
  5550/16385: $546 [5416]
  5551/16385: $547 [5416]
  5552/16385: $546 [5415]
  5553/16385: $547 [5415]
  5554/16385: $546 [5414]
  5555/16385: $547 [5414]
  5556/16385: $546 [5413]
  5557/16385: $547 [5413]
  5558/16385: $546 [5412]
  5559/16385: $547 [5412]
  5560/16385: $546 [5411]
  5561/16385: $547 [5411]
  5562/16385: $546 [5410]
  5563/16385: $547 [5410]
  5564/16385: $546 [5409]
  5565/16385: $547 [5409]
  5566/16385: $546 [5408]
  5567/16385: $547 [5408]
  5568/16385: $546 [5407]
  5569/16385: $547 [5407]
  5570/16385: $546 [5406]
  5571/16385: $547 [5406]
  5572/16385: $546 [5405]
  5573/16385: $547 [5405]
  5574/16385: $546 [5404]
  5575/16385: $547 [5404]
  5576/16385: $546 [5403]
  5577/16385: $547 [5403]
  5578/16385: $546 [5402]
  5579/16385: $547 [5402]
  5580/16385: $546 [5401]
  5581/16385: $547 [5401]
  5582/16385: $546 [5400]
  5583/16385: $547 [5400]
  5584/16385: $546 [5399]
  5585/16385: $547 [5399]
  5586/16385: $546 [5398]
  5587/16385: $547 [5398]
  5588/16385: $546 [5397]
  5589/16385: $547 [5397]
  5590/16385: $546 [5396]
  5591/16385: $547 [5396]
  5592/16385: $546 [5395]
  5593/16385: $547 [5395]
  5594/16385: $546 [5394]
  5595/16385: $547 [5394]
  5596/16385: $546 [5393]
  5597/16385: $547 [5393]
  5598/16385: $546 [5392]
  5599/16385: $547 [5392]
  5600/16385: $546 [5391]
  5601/16385: $547 [5391]
  5602/16385: $546 [5390]
  5603/16385: $547 [5390]
  5604/16385: $546 [5389]
  5605/16385: $547 [5389]
  5606/16385: $546 [5388]
  5607/16385: $547 [5388]
  5608/16385: $546 [5387]
  5609/16385: $547 [5387]
  5610/16385: $546 [5386]
  5611/16385: $547 [5386]
  5612/16385: $546 [5385]
  5613/16385: $547 [5385]
  5614/16385: $546 [5384]
  5615/16385: $547 [5384]
  5616/16385: $546 [5383]
  5617/16385: $547 [5383]
  5618/16385: $546 [5382]
  5619/16385: $547 [5382]
  5620/16385: $546 [5381]
  5621/16385: $547 [5381]
  5622/16385: $546 [5380]
  5623/16385: $547 [5380]
  5624/16385: $546 [5379]
  5625/16385: $547 [5379]
  5626/16385: $546 [5378]
  5627/16385: $547 [5378]
  5628/16385: $546 [5377]
  5629/16385: $547 [5377]
  5630/16385: $546 [5376]
  5631/16385: $547 [5376]
  5632/16385: $546 [5375]
  5633/16385: $547 [5375]
  5634/16385: $546 [5374]
  5635/16385: $547 [5374]
  5636/16385: $546 [5373]
  5637/16385: $547 [5373]
  5638/16385: $546 [5372]
  5639/16385: $547 [5372]
  5640/16385: $546 [5371]
  5641/16385: $547 [5371]
  5642/16385: $546 [5370]
  5643/16385: $547 [5370]
  5644/16385: $546 [5369]
  5645/16385: $547 [5369]
  5646/16385: $546 [5368]
  5647/16385: $547 [5368]
  5648/16385: $546 [5367]
  5649/16385: $547 [5367]
  5650/16385: $546 [5366]
  5651/16385: $547 [5366]
  5652/16385: $546 [5365]
  5653/16385: $547 [5365]
  5654/16385: $546 [5364]
  5655/16385: $547 [5364]
  5656/16385: $546 [5363]
  5657/16385: $547 [5363]
  5658/16385: $546 [5362]
  5659/16385: $547 [5362]
  5660/16385: $546 [5361]
  5661/16385: $547 [5361]
  5662/16385: $546 [5360]
  5663/16385: $547 [5360]
  5664/16385: $546 [5359]
  5665/16385: $547 [5359]
  5666/16385: $546 [5358]
  5667/16385: $547 [5358]
  5668/16385: $546 [5357]
  5669/16385: $547 [5357]
  5670/16385: $546 [5356]
  5671/16385: $547 [5356]
  5672/16385: $546 [5355]
  5673/16385: $547 [5355]
  5674/16385: $546 [5354]
  5675/16385: $547 [5354]
  5676/16385: $546 [5353]
  5677/16385: $547 [5353]
  5678/16385: $546 [5352]
  5679/16385: $547 [5352]
  5680/16385: $546 [5351]
  5681/16385: $547 [5351]
  5682/16385: $546 [5350]
  5683/16385: $547 [5350]
  5684/16385: $546 [5349]
  5685/16385: $547 [5349]
  5686/16385: $546 [5348]
  5687/16385: $547 [5348]
  5688/16385: $546 [5347]
  5689/16385: $547 [5347]
  5690/16385: $546 [5346]
  5691/16385: $547 [5346]
  5692/16385: $546 [5345]
  5693/16385: $547 [5345]
  5694/16385: $546 [5344]
  5695/16385: $547 [5344]
  5696/16385: $546 [5343]
  5697/16385: $547 [5343]
  5698/16385: $546 [5342]
  5699/16385: $547 [5342]
  5700/16385: $546 [5341]
  5701/16385: $547 [5341]
  5702/16385: $546 [5340]
  5703/16385: $547 [5340]
  5704/16385: $546 [5339]
  5705/16385: $547 [5339]
  5706/16385: $546 [5338]
  5707/16385: $547 [5338]
  5708/16385: $546 [5337]
  5709/16385: $547 [5337]
  5710/16385: $546 [5336]
  5711/16385: $547 [5336]
  5712/16385: $546 [5335]
  5713/16385: $547 [5335]
  5714/16385: $546 [5334]
  5715/16385: $547 [5334]
  5716/16385: $546 [5333]
  5717/16385: $547 [5333]
  5718/16385: $546 [5332]
  5719/16385: $547 [5332]
  5720/16385: $546 [5331]
  5721/16385: $547 [5331]
  5722/16385: $546 [5330]
  5723/16385: $547 [5330]
  5724/16385: $546 [5329]
  5725/16385: $547 [5329]
  5726/16385: $546 [5328]
  5727/16385: $547 [5328]
  5728/16385: $546 [5327]
  5729/16385: $547 [5327]
  5730/16385: $546 [5326]
  5731/16385: $547 [5326]
  5732/16385: $546 [5325]
  5733/16385: $547 [5325]
  5734/16385: $546 [5324]
  5735/16385: $547 [5324]
  5736/16385: $546 [5323]
  5737/16385: $547 [5323]
  5738/16385: $546 [5322]
  5739/16385: $547 [5322]
  5740/16385: $546 [5321]
  5741/16385: $547 [5321]
  5742/16385: $546 [5320]
  5743/16385: $547 [5320]
  5744/16385: $546 [5319]
  5745/16385: $547 [5319]
  5746/16385: $546 [5318]
  5747/16385: $547 [5318]
  5748/16385: $546 [5317]
  5749/16385: $547 [5317]
  5750/16385: $546 [5316]
  5751/16385: $547 [5316]
  5752/16385: $546 [5315]
  5753/16385: $547 [5315]
  5754/16385: $546 [5314]
  5755/16385: $547 [5314]
  5756/16385: $546 [5313]
  5757/16385: $547 [5313]
  5758/16385: $546 [5312]
  5759/16385: $547 [5312]
  5760/16385: $546 [5311]
  5761/16385: $547 [5311]
  5762/16385: $546 [5310]
  5763/16385: $547 [5310]
  5764/16385: $546 [5309]
  5765/16385: $547 [5309]
  5766/16385: $546 [5308]
  5767/16385: $547 [5308]
  5768/16385: $546 [5307]
  5769/16385: $547 [5307]
  5770/16385: $546 [5306]
  5771/16385: $547 [5306]
  5772/16385: $546 [5305]
  5773/16385: $547 [5305]
  5774/16385: $546 [5304]
  5775/16385: $547 [5304]
  5776/16385: $546 [5303]
  5777/16385: $547 [5303]
  5778/16385: $546 [5302]
  5779/16385: $547 [5302]
  5780/16385: $546 [5301]
  5781/16385: $547 [5301]
  5782/16385: $546 [5300]
  5783/16385: $547 [5300]
  5784/16385: $546 [5299]
  5785/16385: $547 [5299]
  5786/16385: $546 [5298]
  5787/16385: $547 [5298]
  5788/16385: $546 [5297]
  5789/16385: $547 [5297]
  5790/16385: $546 [5296]
  5791/16385: $547 [5296]
  5792/16385: $546 [5295]
  5793/16385: $547 [5295]
  5794/16385: $546 [5294]
  5795/16385: $547 [5294]
  5796/16385: $546 [5293]
  5797/16385: $547 [5293]
  5798/16385: $546 [5292]
  5799/16385: $547 [5292]
  5800/16385: $546 [5291]
  5801/16385: $547 [5291]
  5802/16385: $546 [5290]
  5803/16385: $547 [5290]
  5804/16385: $546 [5289]
  5805/16385: $547 [5289]
  5806/16385: $546 [5288]
  5807/16385: $547 [5288]
  5808/16385: $546 [5287]
  5809/16385: $547 [5287]
  5810/16385: $546 [5286]
  5811/16385: $547 [5286]
  5812/16385: $546 [5285]
  5813/16385: $547 [5285]
  5814/16385: $546 [5284]
  5815/16385: $547 [5284]
  5816/16385: $546 [5283]
  5817/16385: $547 [5283]
  5818/16385: $546 [5282]
  5819/16385: $547 [5282]
  5820/16385: $546 [5281]
  5821/16385: $547 [5281]
  5822/16385: $546 [5280]
  5823/16385: $547 [5280]
  5824/16385: $546 [5279]
  5825/16385: $547 [5279]
  5826/16385: $546 [5278]
  5827/16385: $547 [5278]
  5828/16385: $546 [5277]
  5829/16385: $547 [5277]
  5830/16385: $546 [5276]
  5831/16385: $547 [5276]
  5832/16385: $546 [5275]
  5833/16385: $547 [5275]
  5834/16385: $546 [5274]
  5835/16385: $547 [5274]
  5836/16385: $546 [5273]
  5837/16385: $547 [5273]
  5838/16385: $546 [5272]
  5839/16385: $547 [5272]
  5840/16385: $546 [5271]
  5841/16385: $547 [5271]
  5842/16385: $546 [5270]
  5843/16385: $547 [5270]
  5844/16385: $546 [5269]
  5845/16385: $547 [5269]
  5846/16385: $546 [5268]
  5847/16385: $547 [5268]
  5848/16385: $546 [5267]
  5849/16385: $547 [5267]
  5850/16385: $546 [5266]
  5851/16385: $547 [5266]
  5852/16385: $546 [5265]
  5853/16385: $547 [5265]
  5854/16385: $546 [5264]
  5855/16385: $547 [5264]
  5856/16385: $546 [5263]
  5857/16385: $547 [5263]
  5858/16385: $546 [5262]
  5859/16385: $547 [5262]
  5860/16385: $546 [5261]
  5861/16385: $547 [5261]
  5862/16385: $546 [5260]
  5863/16385: $547 [5260]
  5864/16385: $546 [5259]
  5865/16385: $547 [5259]
  5866/16385: $546 [5258]
  5867/16385: $547 [5258]
  5868/16385: $546 [5257]
  5869/16385: $547 [5257]
  5870/16385: $546 [5256]
  5871/16385: $547 [5256]
  5872/16385: $546 [5255]
  5873/16385: $547 [5255]
  5874/16385: $546 [5254]
  5875/16385: $547 [5254]
  5876/16385: $546 [5253]
  5877/16385: $547 [5253]
  5878/16385: $546 [5252]
  5879/16385: $547 [5252]
  5880/16385: $546 [5251]
  5881/16385: $547 [5251]
  5882/16385: $546 [5250]
  5883/16385: $547 [5250]
  5884/16385: $546 [5249]
  5885/16385: $547 [5249]
  5886/16385: $546 [5248]
  5887/16385: $547 [5248]
  5888/16385: $546 [5247]
  5889/16385: $547 [5247]
  5890/16385: $546 [5246]
  5891/16385: $547 [5246]
  5892/16385: $546 [5245]
  5893/16385: $547 [5245]
  5894/16385: $546 [5244]
  5895/16385: $547 [5244]
  5896/16385: $546 [5243]
  5897/16385: $547 [5243]
  5898/16385: $546 [5242]
  5899/16385: $547 [5242]
  5900/16385: $546 [5241]
  5901/16385: $547 [5241]
  5902/16385: $546 [5240]
  5903/16385: $547 [5240]
  5904/16385: $546 [5239]
  5905/16385: $547 [5239]
  5906/16385: $546 [5238]
  5907/16385: $547 [5238]
  5908/16385: $546 [5237]
  5909/16385: $547 [5237]
  5910/16385: $546 [5236]
  5911/16385: $547 [5236]
  5912/16385: $546 [5235]
  5913/16385: $547 [5235]
  5914/16385: $546 [5234]
  5915/16385: $547 [5234]
  5916/16385: $546 [5233]
  5917/16385: $547 [5233]
  5918/16385: $546 [5232]
  5919/16385: $547 [5232]
  5920/16385: $546 [5231]
  5921/16385: $547 [5231]
  5922/16385: $546 [5230]
  5923/16385: $547 [5230]
  5924/16385: $546 [5229]
  5925/16385: $547 [5229]
  5926/16385: $546 [5228]
  5927/16385: $547 [5228]
  5928/16385: $546 [5227]
  5929/16385: $547 [5227]
  5930/16385: $546 [5226]
  5931/16385: $547 [5226]
  5932/16385: $546 [5225]
  5933/16385: $547 [5225]
  5934/16385: $546 [5224]
  5935/16385: $547 [5224]
  5936/16385: $546 [5223]
  5937/16385: $547 [5223]
  5938/16385: $546 [5222]
  5939/16385: $547 [5222]
  5940/16385: $546 [5221]
  5941/16385: $547 [5221]
  5942/16385: $546 [5220]
  5943/16385: $547 [5220]
  5944/16385: $546 [5219]
  5945/16385: $547 [5219]
  5946/16385: $546 [5218]
  5947/16385: $547 [5218]
  5948/16385: $546 [5217]
  5949/16385: $547 [5217]
  5950/16385: $546 [5216]
  5951/16385: $547 [5216]
  5952/16385: $546 [5215]
  5953/16385: $547 [5215]
  5954/16385: $546 [5214]
  5955/16385: $547 [5214]
  5956/16385: $546 [5213]
  5957/16385: $547 [5213]
  5958/16385: $546 [5212]
  5959/16385: $547 [5212]
  5960/16385: $546 [5211]
  5961/16385: $547 [5211]
  5962/16385: $546 [5210]
  5963/16385: $547 [5210]
  5964/16385: $546 [5209]
  5965/16385: $547 [5209]
  5966/16385: $546 [5208]
  5967/16385: $547 [5208]
  5968/16385: $546 [5207]
  5969/16385: $547 [5207]
  5970/16385: $546 [5206]
  5971/16385: $547 [5206]
  5972/16385: $546 [5205]
  5973/16385: $547 [5205]
  5974/16385: $546 [5204]
  5975/16385: $547 [5204]
  5976/16385: $546 [5203]
  5977/16385: $547 [5203]
  5978/16385: $546 [5202]
  5979/16385: $547 [5202]
  5980/16385: $546 [5201]
  5981/16385: $547 [5201]
  5982/16385: $546 [5200]
  5983/16385: $547 [5200]
  5984/16385: $546 [5199]
  5985/16385: $547 [5199]
  5986/16385: $546 [5198]
  5987/16385: $547 [5198]
  5988/16385: $546 [5197]
  5989/16385: $547 [5197]
  5990/16385: $546 [5196]
  5991/16385: $547 [5196]
  5992/16385: $546 [5195]
  5993/16385: $547 [5195]
  5994/16385: $546 [5194]
  5995/16385: $547 [5194]
  5996/16385: $546 [5193]
  5997/16385: $547 [5193]
  5998/16385: $546 [5192]
  5999/16385: $547 [5192]
  6000/16385: $546 [5191]
  6001/16385: $547 [5191]
  6002/16385: $546 [5190]
  6003/16385: $547 [5190]
  6004/16385: $546 [5189]
  6005/16385: $547 [5189]
  6006/16385: $546 [5188]
  6007/16385: $547 [5188]
  6008/16385: $546 [5187]
  6009/16385: $547 [5187]
  6010/16385: $546 [5186]
  6011/16385: $547 [5186]
  6012/16385: $546 [5185]
  6013/16385: $547 [5185]
  6014/16385: $546 [5184]
  6015/16385: $547 [5184]
  6016/16385: $546 [5183]
  6017/16385: $547 [5183]
  6018/16385: $546 [5182]
  6019/16385: $547 [5182]
  6020/16385: $546 [5181]
  6021/16385: $547 [5181]
  6022/16385: $546 [5180]
  6023/16385: $547 [5180]
  6024/16385: $546 [5179]
  6025/16385: $547 [5179]
  6026/16385: $546 [5178]
  6027/16385: $547 [5178]
  6028/16385: $546 [5177]
  6029/16385: $547 [5177]
  6030/16385: $546 [5176]
  6031/16385: $547 [5176]
  6032/16385: $546 [5175]
  6033/16385: $547 [5175]
  6034/16385: $546 [5174]
  6035/16385: $547 [5174]
  6036/16385: $546 [5173]
  6037/16385: $547 [5173]
  6038/16385: $546 [5172]
  6039/16385: $547 [5172]
  6040/16385: $546 [5171]
  6041/16385: $547 [5171]
  6042/16385: $546 [5170]
  6043/16385: $547 [5170]
  6044/16385: $546 [5169]
  6045/16385: $547 [5169]
  6046/16385: $546 [5168]
  6047/16385: $547 [5168]
  6048/16385: $546 [5167]
  6049/16385: $547 [5167]
  6050/16385: $546 [5166]
  6051/16385: $547 [5166]
  6052/16385: $546 [5165]
  6053/16385: $547 [5165]
  6054/16385: $546 [5164]
  6055/16385: $547 [5164]
  6056/16385: $546 [5163]
  6057/16385: $547 [5163]
  6058/16385: $546 [5162]
  6059/16385: $547 [5162]
  6060/16385: $546 [5161]
  6061/16385: $547 [5161]
  6062/16385: $546 [5160]
  6063/16385: $547 [5160]
  6064/16385: $546 [5159]
  6065/16385: $547 [5159]
  6066/16385: $546 [5158]
  6067/16385: $547 [5158]
  6068/16385: $546 [5157]
  6069/16385: $547 [5157]
  6070/16385: $546 [5156]
  6071/16385: $547 [5156]
  6072/16385: $546 [5155]
  6073/16385: $547 [5155]
  6074/16385: $546 [5154]
  6075/16385: $547 [5154]
  6076/16385: $546 [5153]
  6077/16385: $547 [5153]
  6078/16385: $546 [5152]
  6079/16385: $547 [5152]
  6080/16385: $546 [5151]
  6081/16385: $547 [5151]
  6082/16385: $546 [5150]
  6083/16385: $547 [5150]
  6084/16385: $546 [5149]
  6085/16385: $547 [5149]
  6086/16385: $546 [5148]
  6087/16385: $547 [5148]
  6088/16385: $546 [5147]
  6089/16385: $547 [5147]
  6090/16385: $546 [5146]
  6091/16385: $547 [5146]
  6092/16385: $546 [5145]
  6093/16385: $547 [5145]
  6094/16385: $546 [5144]
  6095/16385: $547 [5144]
  6096/16385: $546 [5143]
  6097/16385: $547 [5143]
  6098/16385: $546 [5142]
  6099/16385: $547 [5142]
  6100/16385: $546 [5141]
  6101/16385: $547 [5141]
  6102/16385: $546 [5140]
  6103/16385: $547 [5140]
  6104/16385: $546 [5139]
  6105/16385: $547 [5139]
  6106/16385: $546 [5138]
  6107/16385: $547 [5138]
  6108/16385: $546 [5137]
  6109/16385: $547 [5137]
  6110/16385: $546 [5136]
  6111/16385: $547 [5136]
  6112/16385: $546 [5135]
  6113/16385: $547 [5135]
  6114/16385: $546 [5134]
  6115/16385: $547 [5134]
  6116/16385: $546 [5133]
  6117/16385: $547 [5133]
  6118/16385: $546 [5132]
  6119/16385: $547 [5132]
  6120/16385: $546 [5131]
  6121/16385: $547 [5131]
  6122/16385: $546 [5130]
  6123/16385: $547 [5130]
  6124/16385: $546 [5129]
  6125/16385: $547 [5129]
  6126/16385: $546 [5128]
  6127/16385: $547 [5128]
  6128/16385: $546 [5127]
  6129/16385: $547 [5127]
  6130/16385: $546 [5126]
  6131/16385: $547 [5126]
  6132/16385: $546 [5125]
  6133/16385: $547 [5125]
  6134/16385: $546 [5124]
  6135/16385: $547 [5124]
  6136/16385: $546 [5123]
  6137/16385: $547 [5123]
  6138/16385: $546 [5122]
  6139/16385: $547 [5122]
  6140/16385: $546 [5121]
  6141/16385: $547 [5121]
  6142/16385: $546 [5120]
  6143/16385: $547 [5120]
  6144/16385: $546 [5119]
  6145/16385: $547 [5119]
  6146/16385: $546 [5118]
  6147/16385: $547 [5118]
  6148/16385: $546 [5117]
  6149/16385: $547 [5117]
  6150/16385: $546 [5116]
  6151/16385: $547 [5116]
  6152/16385: $546 [5115]
  6153/16385: $547 [5115]
  6154/16385: $546 [5114]
  6155/16385: $547 [5114]
  6156/16385: $546 [5113]
  6157/16385: $547 [5113]
  6158/16385: $546 [5112]
  6159/16385: $547 [5112]
  6160/16385: $546 [5111]
  6161/16385: $547 [5111]
  6162/16385: $546 [5110]
  6163/16385: $547 [5110]
  6164/16385: $546 [5109]
  6165/16385: $547 [5109]
  6166/16385: $546 [5108]
  6167/16385: $547 [5108]
  6168/16385: $546 [5107]
  6169/16385: $547 [5107]
  6170/16385: $546 [5106]
  6171/16385: $547 [5106]
  6172/16385: $546 [5105]
  6173/16385: $547 [5105]
  6174/16385: $546 [5104]
  6175/16385: $547 [5104]
  6176/16385: $546 [5103]
  6177/16385: $547 [5103]
  6178/16385: $546 [5102]
  6179/16385: $547 [5102]
  6180/16385: $546 [5101]
  6181/16385: $547 [5101]
  6182/16385: $546 [5100]
  6183/16385: $547 [5100]
  6184/16385: $546 [5099]
  6185/16385: $547 [5099]
  6186/16385: $546 [5098]
  6187/16385: $547 [5098]
  6188/16385: $546 [5097]
  6189/16385: $547 [5097]
  6190/16385: $546 [5096]
  6191/16385: $547 [5096]
  6192/16385: $546 [5095]
  6193/16385: $547 [5095]
  6194/16385: $546 [5094]
  6195/16385: $547 [5094]
  6196/16385: $546 [5093]
  6197/16385: $547 [5093]
  6198/16385: $546 [5092]
  6199/16385: $547 [5092]
  6200/16385: $546 [5091]
  6201/16385: $547 [5091]
  6202/16385: $546 [5090]
  6203/16385: $547 [5090]
  6204/16385: $546 [5089]
  6205/16385: $547 [5089]
  6206/16385: $546 [5088]
  6207/16385: $547 [5088]
  6208/16385: $546 [5087]
  6209/16385: $547 [5087]
  6210/16385: $546 [5086]
  6211/16385: $547 [5086]
  6212/16385: $546 [5085]
  6213/16385: $547 [5085]
  6214/16385: $546 [5084]
  6215/16385: $547 [5084]
  6216/16385: $546 [5083]
  6217/16385: $547 [5083]
  6218/16385: $546 [5082]
  6219/16385: $547 [5082]
  6220/16385: $546 [5081]
  6221/16385: $547 [5081]
  6222/16385: $546 [5080]
  6223/16385: $547 [5080]
  6224/16385: $546 [5079]
  6225/16385: $547 [5079]
  6226/16385: $546 [5078]
  6227/16385: $547 [5078]
  6228/16385: $546 [5077]
  6229/16385: $547 [5077]
  6230/16385: $546 [5076]
  6231/16385: $547 [5076]
  6232/16385: $546 [5075]
  6233/16385: $547 [5075]
  6234/16385: $546 [5074]
  6235/16385: $547 [5074]
  6236/16385: $546 [5073]
  6237/16385: $547 [5073]
  6238/16385: $546 [5072]
  6239/16385: $547 [5072]
  6240/16385: $546 [5071]
  6241/16385: $547 [5071]
  6242/16385: $546 [5070]
  6243/16385: $547 [5070]
  6244/16385: $546 [5069]
  6245/16385: $547 [5069]
  6246/16385: $546 [5068]
  6247/16385: $547 [5068]
  6248/16385: $546 [5067]
  6249/16385: $547 [5067]
  6250/16385: $546 [5066]
  6251/16385: $547 [5066]
  6252/16385: $546 [5065]
  6253/16385: $547 [5065]
  6254/16385: $546 [5064]
  6255/16385: $547 [5064]
  6256/16385: $546 [5063]
  6257/16385: $547 [5063]
  6258/16385: $546 [5062]
  6259/16385: $547 [5062]
  6260/16385: $546 [5061]
  6261/16385: $547 [5061]
  6262/16385: $546 [5060]
  6263/16385: $547 [5060]
  6264/16385: $546 [5059]
  6265/16385: $547 [5059]
  6266/16385: $546 [5058]
  6267/16385: $547 [5058]
  6268/16385: $546 [5057]
  6269/16385: $547 [5057]
  6270/16385: $546 [5056]
  6271/16385: $547 [5056]
  6272/16385: $546 [5055]
  6273/16385: $547 [5055]
  6274/16385: $546 [5054]
  6275/16385: $547 [5054]
  6276/16385: $546 [5053]
  6277/16385: $547 [5053]
  6278/16385: $546 [5052]
  6279/16385: $547 [5052]
  6280/16385: $546 [5051]
  6281/16385: $547 [5051]
  6282/16385: $546 [5050]
  6283/16385: $547 [5050]
  6284/16385: $546 [5049]
  6285/16385: $547 [5049]
  6286/16385: $546 [5048]
  6287/16385: $547 [5048]
  6288/16385: $546 [5047]
  6289/16385: $547 [5047]
  6290/16385: $546 [5046]
  6291/16385: $547 [5046]
  6292/16385: $546 [5045]
  6293/16385: $547 [5045]
  6294/16385: $546 [5044]
  6295/16385: $547 [5044]
  6296/16385: $546 [5043]
  6297/16385: $547 [5043]
  6298/16385: $546 [5042]
  6299/16385: $547 [5042]
  6300/16385: $546 [5041]
  6301/16385: $547 [5041]
  6302/16385: $546 [5040]
  6303/16385: $547 [5040]
  6304/16385: $546 [5039]
  6305/16385: $547 [5039]
  6306/16385: $546 [5038]
  6307/16385: $547 [5038]
  6308/16385: $546 [5037]
  6309/16385: $547 [5037]
  6310/16385: $546 [5036]
  6311/16385: $547 [5036]
  6312/16385: $546 [5035]
  6313/16385: $547 [5035]
  6314/16385: $546 [5034]
  6315/16385: $547 [5034]
  6316/16385: $546 [5033]
  6317/16385: $547 [5033]
  6318/16385: $546 [5032]
  6319/16385: $547 [5032]
  6320/16385: $546 [5031]
  6321/16385: $547 [5031]
  6322/16385: $546 [5030]
  6323/16385: $547 [5030]
  6324/16385: $546 [5029]
  6325/16385: $547 [5029]
  6326/16385: $546 [5028]
  6327/16385: $547 [5028]
  6328/16385: $546 [5027]
  6329/16385: $547 [5027]
  6330/16385: $546 [5026]
  6331/16385: $547 [5026]
  6332/16385: $546 [5025]
  6333/16385: $547 [5025]
  6334/16385: $546 [5024]
  6335/16385: $547 [5024]
  6336/16385: $546 [5023]
  6337/16385: $547 [5023]
  6338/16385: $546 [5022]
  6339/16385: $547 [5022]
  6340/16385: $546 [5021]
  6341/16385: $547 [5021]
  6342/16385: $546 [5020]
  6343/16385: $547 [5020]
  6344/16385: $546 [5019]
  6345/16385: $547 [5019]
  6346/16385: $546 [5018]
  6347/16385: $547 [5018]
  6348/16385: $546 [5017]
  6349/16385: $547 [5017]
  6350/16385: $546 [5016]
  6351/16385: $547 [5016]
  6352/16385: $546 [5015]
  6353/16385: $547 [5015]
  6354/16385: $546 [5014]
  6355/16385: $547 [5014]
  6356/16385: $546 [5013]
  6357/16385: $547 [5013]
  6358/16385: $546 [5012]
  6359/16385: $547 [5012]
  6360/16385: $546 [5011]
  6361/16385: $547 [5011]
  6362/16385: $546 [5010]
  6363/16385: $547 [5010]
  6364/16385: $546 [5009]
  6365/16385: $547 [5009]
  6366/16385: $546 [5008]
  6367/16385: $547 [5008]
  6368/16385: $546 [5007]
  6369/16385: $547 [5007]
  6370/16385: $546 [5006]
  6371/16385: $547 [5006]
  6372/16385: $546 [5005]
  6373/16385: $547 [5005]
  6374/16385: $546 [5004]
  6375/16385: $547 [5004]
  6376/16385: $546 [5003]
  6377/16385: $547 [5003]
  6378/16385: $546 [5002]
  6379/16385: $547 [5002]
  6380/16385: $546 [5001]
  6381/16385: $547 [5001]
  6382/16385: $546 [5000]
  6383/16385: $547 [5000]
  6384/16385: $546 [4999]
  6385/16385: $547 [4999]
  6386/16385: $546 [4998]
  6387/16385: $547 [4998]
  6388/16385: $546 [4997]
  6389/16385: $547 [4997]
  6390/16385: $546 [4996]
  6391/16385: $547 [4996]
  6392/16385: $546 [4995]
  6393/16385: $547 [4995]
  6394/16385: $546 [4994]
  6395/16385: $547 [4994]
  6396/16385: $546 [4993]
  6397/16385: $547 [4993]
  6398/16385: $546 [4992]
  6399/16385: $547 [4992]
  6400/16385: $546 [4991]
  6401/16385: $547 [4991]
  6402/16385: $546 [4990]
  6403/16385: $547 [4990]
  6404/16385: $546 [4989]
  6405/16385: $547 [4989]
  6406/16385: $546 [4988]
  6407/16385: $547 [4988]
  6408/16385: $546 [4987]
  6409/16385: $547 [4987]
  6410/16385: $546 [4986]
  6411/16385: $547 [4986]
  6412/16385: $546 [4985]
  6413/16385: $547 [4985]
  6414/16385: $546 [4984]
  6415/16385: $547 [4984]
  6416/16385: $546 [4983]
  6417/16385: $547 [4983]
  6418/16385: $546 [4982]
  6419/16385: $547 [4982]
  6420/16385: $546 [4981]
  6421/16385: $547 [4981]
  6422/16385: $546 [4980]
  6423/16385: $547 [4980]
  6424/16385: $546 [4979]
  6425/16385: $547 [4979]
  6426/16385: $546 [4978]
  6427/16385: $547 [4978]
  6428/16385: $546 [4977]
  6429/16385: $547 [4977]
  6430/16385: $546 [4976]
  6431/16385: $547 [4976]
  6432/16385: $546 [4975]
  6433/16385: $547 [4975]
  6434/16385: $546 [4974]
  6435/16385: $547 [4974]
  6436/16385: $546 [4973]
  6437/16385: $547 [4973]
  6438/16385: $546 [4972]
  6439/16385: $547 [4972]
  6440/16385: $546 [4971]
  6441/16385: $547 [4971]
  6442/16385: $546 [4970]
  6443/16385: $547 [4970]
  6444/16385: $546 [4969]
  6445/16385: $547 [4969]
  6446/16385: $546 [4968]
  6447/16385: $547 [4968]
  6448/16385: $546 [4967]
  6449/16385: $547 [4967]
  6450/16385: $546 [4966]
  6451/16385: $547 [4966]
  6452/16385: $546 [4965]
  6453/16385: $547 [4965]
  6454/16385: $546 [4964]
  6455/16385: $547 [4964]
  6456/16385: $546 [4963]
  6457/16385: $547 [4963]
  6458/16385: $546 [4962]
  6459/16385: $547 [4962]
  6460/16385: $546 [4961]
  6461/16385: $547 [4961]
  6462/16385: $546 [4960]
  6463/16385: $547 [4960]
  6464/16385: $546 [4959]
  6465/16385: $547 [4959]
  6466/16385: $546 [4958]
  6467/16385: $547 [4958]
  6468/16385: $546 [4957]
  6469/16385: $547 [4957]
  6470/16385: $546 [4956]
  6471/16385: $547 [4956]
  6472/16385: $546 [4955]
  6473/16385: $547 [4955]
  6474/16385: $546 [4954]
  6475/16385: $547 [4954]
  6476/16385: $546 [4953]
  6477/16385: $547 [4953]
  6478/16385: $546 [4952]
  6479/16385: $547 [4952]
  6480/16385: $546 [4951]
  6481/16385: $547 [4951]
  6482/16385: $546 [4950]
  6483/16385: $547 [4950]
  6484/16385: $546 [4949]
  6485/16385: $547 [4949]
  6486/16385: $546 [4948]
  6487/16385: $547 [4948]
  6488/16385: $546 [4947]
  6489/16385: $547 [4947]
  6490/16385: $546 [4946]
  6491/16385: $547 [4946]
  6492/16385: $546 [4945]
  6493/16385: $547 [4945]
  6494/16385: $546 [4944]
  6495/16385: $547 [4944]
  6496/16385: $546 [4943]
  6497/16385: $547 [4943]
  6498/16385: $546 [4942]
  6499/16385: $547 [4942]
  6500/16385: $546 [4941]
  6501/16385: $547 [4941]
  6502/16385: $546 [4940]
  6503/16385: $547 [4940]
  6504/16385: $546 [4939]
  6505/16385: $547 [4939]
  6506/16385: $546 [4938]
  6507/16385: $547 [4938]
  6508/16385: $546 [4937]
  6509/16385: $547 [4937]
  6510/16385: $546 [4936]
  6511/16385: $547 [4936]
  6512/16385: $546 [4935]
  6513/16385: $547 [4935]
  6514/16385: $546 [4934]
  6515/16385: $547 [4934]
  6516/16385: $546 [4933]
  6517/16385: $547 [4933]
  6518/16385: $546 [4932]
  6519/16385: $547 [4932]
  6520/16385: $546 [4931]
  6521/16385: $547 [4931]
  6522/16385: $546 [4930]
  6523/16385: $547 [4930]
  6524/16385: $546 [4929]
  6525/16385: $547 [4929]
  6526/16385: $546 [4928]
  6527/16385: $547 [4928]
  6528/16385: $546 [4927]
  6529/16385: $547 [4927]
  6530/16385: $546 [4926]
  6531/16385: $547 [4926]
  6532/16385: $546 [4925]
  6533/16385: $547 [4925]
  6534/16385: $546 [4924]
  6535/16385: $547 [4924]
  6536/16385: $546 [4923]
  6537/16385: $547 [4923]
  6538/16385: $546 [4922]
  6539/16385: $547 [4922]
  6540/16385: $546 [4921]
  6541/16385: $547 [4921]
  6542/16385: $546 [4920]
  6543/16385: $547 [4920]
  6544/16385: $546 [4919]
  6545/16385: $547 [4919]
  6546/16385: $546 [4918]
  6547/16385: $547 [4918]
  6548/16385: $546 [4917]
  6549/16385: $547 [4917]
  6550/16385: $546 [4916]
  6551/16385: $547 [4916]
  6552/16385: $546 [4915]
  6553/16385: $547 [4915]
  6554/16385: $546 [4914]
  6555/16385: $547 [4914]
  6556/16385: $546 [4913]
  6557/16385: $547 [4913]
  6558/16385: $546 [4912]
  6559/16385: $547 [4912]
  6560/16385: $546 [4911]
  6561/16385: $547 [4911]
  6562/16385: $546 [4910]
  6563/16385: $547 [4910]
  6564/16385: $546 [4909]
  6565/16385: $547 [4909]
  6566/16385: $546 [4908]
  6567/16385: $547 [4908]
  6568/16385: $546 [4907]
  6569/16385: $547 [4907]
  6570/16385: $546 [4906]
  6571/16385: $547 [4906]
  6572/16385: $546 [4905]
  6573/16385: $547 [4905]
  6574/16385: $546 [4904]
  6575/16385: $547 [4904]
  6576/16385: $546 [4903]
  6577/16385: $547 [4903]
  6578/16385: $546 [4902]
  6579/16385: $547 [4902]
  6580/16385: $546 [4901]
  6581/16385: $547 [4901]
  6582/16385: $546 [4900]
  6583/16385: $547 [4900]
  6584/16385: $546 [4899]
  6585/16385: $547 [4899]
  6586/16385: $546 [4898]
  6587/16385: $547 [4898]
  6588/16385: $546 [4897]
  6589/16385: $547 [4897]
  6590/16385: $546 [4896]
  6591/16385: $547 [4896]
  6592/16385: $546 [4895]
  6593/16385: $547 [4895]
  6594/16385: $546 [4894]
  6595/16385: $547 [4894]
  6596/16385: $546 [4893]
  6597/16385: $547 [4893]
  6598/16385: $546 [4892]
  6599/16385: $547 [4892]
  6600/16385: $546 [4891]
  6601/16385: $547 [4891]
  6602/16385: $546 [4890]
  6603/16385: $547 [4890]
  6604/16385: $546 [4889]
  6605/16385: $547 [4889]
  6606/16385: $546 [4888]
  6607/16385: $547 [4888]
  6608/16385: $546 [4887]
  6609/16385: $547 [4887]
  6610/16385: $546 [4886]
  6611/16385: $547 [4886]
  6612/16385: $546 [4885]
  6613/16385: $547 [4885]
  6614/16385: $546 [4884]
  6615/16385: $547 [4884]
  6616/16385: $546 [4883]
  6617/16385: $547 [4883]
  6618/16385: $546 [4882]
  6619/16385: $547 [4882]
  6620/16385: $546 [4881]
  6621/16385: $547 [4881]
  6622/16385: $546 [4880]
  6623/16385: $547 [4880]
  6624/16385: $546 [4879]
  6625/16385: $547 [4879]
  6626/16385: $546 [4878]
  6627/16385: $547 [4878]
  6628/16385: $546 [4877]
  6629/16385: $547 [4877]
  6630/16385: $546 [4876]
  6631/16385: $547 [4876]
  6632/16385: $546 [4875]
  6633/16385: $547 [4875]
  6634/16385: $546 [4874]
  6635/16385: $547 [4874]
  6636/16385: $546 [4873]
  6637/16385: $547 [4873]
  6638/16385: $546 [4872]
  6639/16385: $547 [4872]
  6640/16385: $546 [4871]
  6641/16385: $547 [4871]
  6642/16385: $546 [4870]
  6643/16385: $547 [4870]
  6644/16385: $546 [4869]
  6645/16385: $547 [4869]
  6646/16385: $546 [4868]
  6647/16385: $547 [4868]
  6648/16385: $546 [4867]
  6649/16385: $547 [4867]
  6650/16385: $546 [4866]
  6651/16385: $547 [4866]
  6652/16385: $546 [4865]
  6653/16385: $547 [4865]
  6654/16385: $546 [4864]
  6655/16385: $547 [4864]
  6656/16385: $546 [4863]
  6657/16385: $547 [4863]
  6658/16385: $546 [4862]
  6659/16385: $547 [4862]
  6660/16385: $546 [4861]
  6661/16385: $547 [4861]
  6662/16385: $546 [4860]
  6663/16385: $547 [4860]
  6664/16385: $546 [4859]
  6665/16385: $547 [4859]
  6666/16385: $546 [4858]
  6667/16385: $547 [4858]
  6668/16385: $546 [4857]
  6669/16385: $547 [4857]
  6670/16385: $546 [4856]
  6671/16385: $547 [4856]
  6672/16385: $546 [4855]
  6673/16385: $547 [4855]
  6674/16385: $546 [4854]
  6675/16385: $547 [4854]
  6676/16385: $546 [4853]
  6677/16385: $547 [4853]
  6678/16385: $546 [4852]
  6679/16385: $547 [4852]
  6680/16385: $546 [4851]
  6681/16385: $547 [4851]
  6682/16385: $546 [4850]
  6683/16385: $547 [4850]
  6684/16385: $546 [4849]
  6685/16385: $547 [4849]
  6686/16385: $546 [4848]
  6687/16385: $547 [4848]
  6688/16385: $546 [4847]
  6689/16385: $547 [4847]
  6690/16385: $546 [4846]
  6691/16385: $547 [4846]
  6692/16385: $546 [4845]
  6693/16385: $547 [4845]
  6694/16385: $546 [4844]
  6695/16385: $547 [4844]
  6696/16385: $546 [4843]
  6697/16385: $547 [4843]
  6698/16385: $546 [4842]
  6699/16385: $547 [4842]
  6700/16385: $546 [4841]
  6701/16385: $547 [4841]
  6702/16385: $546 [4840]
  6703/16385: $547 [4840]
  6704/16385: $546 [4839]
  6705/16385: $547 [4839]
  6706/16385: $546 [4838]
  6707/16385: $547 [4838]
  6708/16385: $546 [4837]
  6709/16385: $547 [4837]
  6710/16385: $546 [4836]
  6711/16385: $547 [4836]
  6712/16385: $546 [4835]
  6713/16385: $547 [4835]
  6714/16385: $546 [4834]
  6715/16385: $547 [4834]
  6716/16385: $546 [4833]
  6717/16385: $547 [4833]
  6718/16385: $546 [4832]
  6719/16385: $547 [4832]
  6720/16385: $546 [4831]
  6721/16385: $547 [4831]
  6722/16385: $546 [4830]
  6723/16385: $547 [4830]
  6724/16385: $546 [4829]
  6725/16385: $547 [4829]
  6726/16385: $546 [4828]
  6727/16385: $547 [4828]
  6728/16385: $546 [4827]
  6729/16385: $547 [4827]
  6730/16385: $546 [4826]
  6731/16385: $547 [4826]
  6732/16385: $546 [4825]
  6733/16385: $547 [4825]
  6734/16385: $546 [4824]
  6735/16385: $547 [4824]
  6736/16385: $546 [4823]
  6737/16385: $547 [4823]
  6738/16385: $546 [4822]
  6739/16385: $547 [4822]
  6740/16385: $546 [4821]
  6741/16385: $547 [4821]
  6742/16385: $546 [4820]
  6743/16385: $547 [4820]
  6744/16385: $546 [4819]
  6745/16385: $547 [4819]
  6746/16385: $546 [4818]
  6747/16385: $547 [4818]
  6748/16385: $546 [4817]
  6749/16385: $547 [4817]
  6750/16385: $546 [4816]
  6751/16385: $547 [4816]
  6752/16385: $546 [4815]
  6753/16385: $547 [4815]
  6754/16385: $546 [4814]
  6755/16385: $547 [4814]
  6756/16385: $546 [4813]
  6757/16385: $547 [4813]
  6758/16385: $546 [4812]
  6759/16385: $547 [4812]
  6760/16385: $546 [4811]
  6761/16385: $547 [4811]
  6762/16385: $546 [4810]
  6763/16385: $547 [4810]
  6764/16385: $546 [4809]
  6765/16385: $547 [4809]
  6766/16385: $546 [4808]
  6767/16385: $547 [4808]
  6768/16385: $546 [4807]
  6769/16385: $547 [4807]
  6770/16385: $546 [4806]
  6771/16385: $547 [4806]
  6772/16385: $546 [4805]
  6773/16385: $547 [4805]
  6774/16385: $546 [4804]
  6775/16385: $547 [4804]
  6776/16385: $546 [4803]
  6777/16385: $547 [4803]
  6778/16385: $546 [4802]
  6779/16385: $547 [4802]
  6780/16385: $546 [4801]
  6781/16385: $547 [4801]
  6782/16385: $546 [4800]
  6783/16385: $547 [4800]
  6784/16385: $546 [4799]
  6785/16385: $547 [4799]
  6786/16385: $546 [4798]
  6787/16385: $547 [4798]
  6788/16385: $546 [4797]
  6789/16385: $547 [4797]
  6790/16385: $546 [4796]
  6791/16385: $547 [4796]
  6792/16385: $546 [4795]
  6793/16385: $547 [4795]
  6794/16385: $546 [4794]
  6795/16385: $547 [4794]
  6796/16385: $546 [4793]
  6797/16385: $547 [4793]
  6798/16385: $546 [4792]
  6799/16385: $547 [4792]
  6800/16385: $546 [4791]
  6801/16385: $547 [4791]
  6802/16385: $546 [4790]
  6803/16385: $547 [4790]
  6804/16385: $546 [4789]
  6805/16385: $547 [4789]
  6806/16385: $546 [4788]
  6807/16385: $547 [4788]
  6808/16385: $546 [4787]
  6809/16385: $547 [4787]
  6810/16385: $546 [4786]
  6811/16385: $547 [4786]
  6812/16385: $546 [4785]
  6813/16385: $547 [4785]
  6814/16385: $546 [4784]
  6815/16385: $547 [4784]
  6816/16385: $546 [4783]
  6817/16385: $547 [4783]
  6818/16385: $546 [4782]
  6819/16385: $547 [4782]
  6820/16385: $546 [4781]
  6821/16385: $547 [4781]
  6822/16385: $546 [4780]
  6823/16385: $547 [4780]
  6824/16385: $546 [4779]
  6825/16385: $547 [4779]
  6826/16385: $546 [4778]
  6827/16385: $547 [4778]
  6828/16385: $546 [4777]
  6829/16385: $547 [4777]
  6830/16385: $546 [4776]
  6831/16385: $547 [4776]
  6832/16385: $546 [4775]
  6833/16385: $547 [4775]
  6834/16385: $546 [4774]
  6835/16385: $547 [4774]
  6836/16385: $546 [4773]
  6837/16385: $547 [4773]
  6838/16385: $546 [4772]
  6839/16385: $547 [4772]
  6840/16385: $546 [4771]
  6841/16385: $547 [4771]
  6842/16385: $546 [4770]
  6843/16385: $547 [4770]
  6844/16385: $546 [4769]
  6845/16385: $547 [4769]
  6846/16385: $546 [4768]
  6847/16385: $547 [4768]
  6848/16385: $546 [4767]
  6849/16385: $547 [4767]
  6850/16385: $546 [4766]
  6851/16385: $547 [4766]
  6852/16385: $546 [4765]
  6853/16385: $547 [4765]
  6854/16385: $546 [4764]
  6855/16385: $547 [4764]
  6856/16385: $546 [4763]
  6857/16385: $547 [4763]
  6858/16385: $546 [4762]
  6859/16385: $547 [4762]
  6860/16385: $546 [4761]
  6861/16385: $547 [4761]
  6862/16385: $546 [4760]
  6863/16385: $547 [4760]
  6864/16385: $546 [4759]
  6865/16385: $547 [4759]
  6866/16385: $546 [4758]
  6867/16385: $547 [4758]
  6868/16385: $546 [4757]
  6869/16385: $547 [4757]
  6870/16385: $546 [4756]
  6871/16385: $547 [4756]
  6872/16385: $546 [4755]
  6873/16385: $547 [4755]
  6874/16385: $546 [4754]
  6875/16385: $547 [4754]
  6876/16385: $546 [4753]
  6877/16385: $547 [4753]
  6878/16385: $546 [4752]
  6879/16385: $547 [4752]
  6880/16385: $546 [4751]
  6881/16385: $547 [4751]
  6882/16385: $546 [4750]
  6883/16385: $547 [4750]
  6884/16385: $546 [4749]
  6885/16385: $547 [4749]
  6886/16385: $546 [4748]
  6887/16385: $547 [4748]
  6888/16385: $546 [4747]
  6889/16385: $547 [4747]
  6890/16385: $546 [4746]
  6891/16385: $547 [4746]
  6892/16385: $546 [4745]
  6893/16385: $547 [4745]
  6894/16385: $546 [4744]
  6895/16385: $547 [4744]
  6896/16385: $546 [4743]
  6897/16385: $547 [4743]
  6898/16385: $546 [4742]
  6899/16385: $547 [4742]
  6900/16385: $546 [4741]
  6901/16385: $547 [4741]
  6902/16385: $546 [4740]
  6903/16385: $547 [4740]
  6904/16385: $546 [4739]
  6905/16385: $547 [4739]
  6906/16385: $546 [4738]
  6907/16385: $547 [4738]
  6908/16385: $546 [4737]
  6909/16385: $547 [4737]
  6910/16385: $546 [4736]
  6911/16385: $547 [4736]
  6912/16385: $546 [4735]
  6913/16385: $547 [4735]
  6914/16385: $546 [4734]
  6915/16385: $547 [4734]
  6916/16385: $546 [4733]
  6917/16385: $547 [4733]
  6918/16385: $546 [4732]
  6919/16385: $547 [4732]
  6920/16385: $546 [4731]
  6921/16385: $547 [4731]
  6922/16385: $546 [4730]
  6923/16385: $547 [4730]
  6924/16385: $546 [4729]
  6925/16385: $547 [4729]
  6926/16385: $546 [4728]
  6927/16385: $547 [4728]
  6928/16385: $546 [4727]
  6929/16385: $547 [4727]
  6930/16385: $546 [4726]
  6931/16385: $547 [4726]
  6932/16385: $546 [4725]
  6933/16385: $547 [4725]
  6934/16385: $546 [4724]
  6935/16385: $547 [4724]
  6936/16385: $546 [4723]
  6937/16385: $547 [4723]
  6938/16385: $546 [4722]
  6939/16385: $547 [4722]
  6940/16385: $546 [4721]
  6941/16385: $547 [4721]
  6942/16385: $546 [4720]
  6943/16385: $547 [4720]
  6944/16385: $546 [4719]
  6945/16385: $547 [4719]
  6946/16385: $546 [4718]
  6947/16385: $547 [4718]
  6948/16385: $546 [4717]
  6949/16385: $547 [4717]
  6950/16385: $546 [4716]
  6951/16385: $547 [4716]
  6952/16385: $546 [4715]
  6953/16385: $547 [4715]
  6954/16385: $546 [4714]
  6955/16385: $547 [4714]
  6956/16385: $546 [4713]
  6957/16385: $547 [4713]
  6958/16385: $546 [4712]
  6959/16385: $547 [4712]
  6960/16385: $546 [4711]
  6961/16385: $547 [4711]
  6962/16385: $546 [4710]
  6963/16385: $547 [4710]
  6964/16385: $546 [4709]
  6965/16385: $547 [4709]
  6966/16385: $546 [4708]
  6967/16385: $547 [4708]
  6968/16385: $546 [4707]
  6969/16385: $547 [4707]
  6970/16385: $546 [4706]
  6971/16385: $547 [4706]
  6972/16385: $546 [4705]
  6973/16385: $547 [4705]
  6974/16385: $546 [4704]
  6975/16385: $547 [4704]
  6976/16385: $546 [4703]
  6977/16385: $547 [4703]
  6978/16385: $546 [4702]
  6979/16385: $547 [4702]
  6980/16385: $546 [4701]
  6981/16385: $547 [4701]
  6982/16385: $546 [4700]
  6983/16385: $547 [4700]
  6984/16385: $546 [4699]
  6985/16385: $547 [4699]
  6986/16385: $546 [4698]
  6987/16385: $547 [4698]
  6988/16385: $546 [4697]
  6989/16385: $547 [4697]
  6990/16385: $546 [4696]
  6991/16385: $547 [4696]
  6992/16385: $546 [4695]
  6993/16385: $547 [4695]
  6994/16385: $546 [4694]
  6995/16385: $547 [4694]
  6996/16385: $546 [4693]
  6997/16385: $547 [4693]
  6998/16385: $546 [4692]
  6999/16385: $547 [4692]
  7000/16385: $546 [4691]
  7001/16385: $547 [4691]
  7002/16385: $546 [4690]
  7003/16385: $547 [4690]
  7004/16385: $546 [4689]
  7005/16385: $547 [4689]
  7006/16385: $546 [4688]
  7007/16385: $547 [4688]
  7008/16385: $546 [4687]
  7009/16385: $547 [4687]
  7010/16385: $546 [4686]
  7011/16385: $547 [4686]
  7012/16385: $546 [4685]
  7013/16385: $547 [4685]
  7014/16385: $546 [4684]
  7015/16385: $547 [4684]
  7016/16385: $546 [4683]
  7017/16385: $547 [4683]
  7018/16385: $546 [4682]
  7019/16385: $547 [4682]
  7020/16385: $546 [4681]
  7021/16385: $547 [4681]
  7022/16385: $546 [4680]
  7023/16385: $547 [4680]
  7024/16385: $546 [4679]
  7025/16385: $547 [4679]
  7026/16385: $546 [4678]
  7027/16385: $547 [4678]
  7028/16385: $546 [4677]
  7029/16385: $547 [4677]
  7030/16385: $546 [4676]
  7031/16385: $547 [4676]
  7032/16385: $546 [4675]
  7033/16385: $547 [4675]
  7034/16385: $546 [4674]
  7035/16385: $547 [4674]
  7036/16385: $546 [4673]
  7037/16385: $547 [4673]
  7038/16385: $546 [4672]
  7039/16385: $547 [4672]
  7040/16385: $546 [4671]
  7041/16385: $547 [4671]
  7042/16385: $546 [4670]
  7043/16385: $547 [4670]
  7044/16385: $546 [4669]
  7045/16385: $547 [4669]
  7046/16385: $546 [4668]
  7047/16385: $547 [4668]
  7048/16385: $546 [4667]
  7049/16385: $547 [4667]
  7050/16385: $546 [4666]
  7051/16385: $547 [4666]
  7052/16385: $546 [4665]
  7053/16385: $547 [4665]
  7054/16385: $546 [4664]
  7055/16385: $547 [4664]
  7056/16385: $546 [4663]
  7057/16385: $547 [4663]
  7058/16385: $546 [4662]
  7059/16385: $547 [4662]
  7060/16385: $546 [4661]
  7061/16385: $547 [4661]
  7062/16385: $546 [4660]
  7063/16385: $547 [4660]
  7064/16385: $546 [4659]
  7065/16385: $547 [4659]
  7066/16385: $546 [4658]
  7067/16385: $547 [4658]
  7068/16385: $546 [4657]
  7069/16385: $547 [4657]
  7070/16385: $546 [4656]
  7071/16385: $547 [4656]
  7072/16385: $546 [4655]
  7073/16385: $547 [4655]
  7074/16385: $546 [4654]
  7075/16385: $547 [4654]
  7076/16385: $546 [4653]
  7077/16385: $547 [4653]
  7078/16385: $546 [4652]
  7079/16385: $547 [4652]
  7080/16385: $546 [4651]
  7081/16385: $547 [4651]
  7082/16385: $546 [4650]
  7083/16385: $547 [4650]
  7084/16385: $546 [4649]
  7085/16385: $547 [4649]
  7086/16385: $546 [4648]
  7087/16385: $547 [4648]
  7088/16385: $546 [4647]
  7089/16385: $547 [4647]
  7090/16385: $546 [4646]
  7091/16385: $547 [4646]
  7092/16385: $546 [4645]
  7093/16385: $547 [4645]
  7094/16385: $546 [4644]
  7095/16385: $547 [4644]
  7096/16385: $546 [4643]
  7097/16385: $547 [4643]
  7098/16385: $546 [4642]
  7099/16385: $547 [4642]
  7100/16385: $546 [4641]
  7101/16385: $547 [4641]
  7102/16385: $546 [4640]
  7103/16385: $547 [4640]
  7104/16385: $546 [4639]
  7105/16385: $547 [4639]
  7106/16385: $546 [4638]
  7107/16385: $547 [4638]
  7108/16385: $546 [4637]
  7109/16385: $547 [4637]
  7110/16385: $546 [4636]
  7111/16385: $547 [4636]
  7112/16385: $546 [4635]
  7113/16385: $547 [4635]
  7114/16385: $546 [4634]
  7115/16385: $547 [4634]
  7116/16385: $546 [4633]
  7117/16385: $547 [4633]
  7118/16385: $546 [4632]
  7119/16385: $547 [4632]
  7120/16385: $546 [4631]
  7121/16385: $547 [4631]
  7122/16385: $546 [4630]
  7123/16385: $547 [4630]
  7124/16385: $546 [4629]
  7125/16385: $547 [4629]
  7126/16385: $546 [4628]
  7127/16385: $547 [4628]
  7128/16385: $546 [4627]
  7129/16385: $547 [4627]
  7130/16385: $546 [4626]
  7131/16385: $547 [4626]
  7132/16385: $546 [4625]
  7133/16385: $547 [4625]
  7134/16385: $546 [4624]
  7135/16385: $547 [4624]
  7136/16385: $546 [4623]
  7137/16385: $547 [4623]
  7138/16385: $546 [4622]
  7139/16385: $547 [4622]
  7140/16385: $546 [4621]
  7141/16385: $547 [4621]
  7142/16385: $546 [4620]
  7143/16385: $547 [4620]
  7144/16385: $546 [4619]
  7145/16385: $547 [4619]
  7146/16385: $546 [4618]
  7147/16385: $547 [4618]
  7148/16385: $546 [4617]
  7149/16385: $547 [4617]
  7150/16385: $546 [4616]
  7151/16385: $547 [4616]
  7152/16385: $546 [4615]
  7153/16385: $547 [4615]
  7154/16385: $546 [4614]
  7155/16385: $547 [4614]
  7156/16385: $546 [4613]
  7157/16385: $547 [4613]
  7158/16385: $546 [4612]
  7159/16385: $547 [4612]
  7160/16385: $546 [4611]
  7161/16385: $547 [4611]
  7162/16385: $546 [4610]
  7163/16385: $547 [4610]
  7164/16385: $546 [4609]
  7165/16385: $547 [4609]
  7166/16385: $546 [4608]
  7167/16385: $547 [4608]
  7168/16385: $546 [4607]
  7169/16385: $547 [4607]
  7170/16385: $546 [4606]
  7171/16385: $547 [4606]
  7172/16385: $546 [4605]
  7173/16385: $547 [4605]
  7174/16385: $546 [4604]
  7175/16385: $547 [4604]
  7176/16385: $546 [4603]
  7177/16385: $547 [4603]
  7178/16385: $546 [4602]
  7179/16385: $547 [4602]
  7180/16385: $546 [4601]
  7181/16385: $547 [4601]
  7182/16385: $546 [4600]
  7183/16385: $547 [4600]
  7184/16385: $546 [4599]
  7185/16385: $547 [4599]
  7186/16385: $546 [4598]
  7187/16385: $547 [4598]
  7188/16385: $546 [4597]
  7189/16385: $547 [4597]
  7190/16385: $546 [4596]
  7191/16385: $547 [4596]
  7192/16385: $546 [4595]
  7193/16385: $547 [4595]
  7194/16385: $546 [4594]
  7195/16385: $547 [4594]
  7196/16385: $546 [4593]
  7197/16385: $547 [4593]
  7198/16385: $546 [4592]
  7199/16385: $547 [4592]
  7200/16385: $546 [4591]
  7201/16385: $547 [4591]
  7202/16385: $546 [4590]
  7203/16385: $547 [4590]
  7204/16385: $546 [4589]
  7205/16385: $547 [4589]
  7206/16385: $546 [4588]
  7207/16385: $547 [4588]
  7208/16385: $546 [4587]
  7209/16385: $547 [4587]
  7210/16385: $546 [4586]
  7211/16385: $547 [4586]
  7212/16385: $546 [4585]
  7213/16385: $547 [4585]
  7214/16385: $546 [4584]
  7215/16385: $547 [4584]
  7216/16385: $546 [4583]
  7217/16385: $547 [4583]
  7218/16385: $546 [4582]
  7219/16385: $547 [4582]
  7220/16385: $546 [4581]
  7221/16385: $547 [4581]
  7222/16385: $546 [4580]
  7223/16385: $547 [4580]
  7224/16385: $546 [4579]
  7225/16385: $547 [4579]
  7226/16385: $546 [4578]
  7227/16385: $547 [4578]
  7228/16385: $546 [4577]
  7229/16385: $547 [4577]
  7230/16385: $546 [4576]
  7231/16385: $547 [4576]
  7232/16385: $546 [4575]
  7233/16385: $547 [4575]
  7234/16385: $546 [4574]
  7235/16385: $547 [4574]
  7236/16385: $546 [4573]
  7237/16385: $547 [4573]
  7238/16385: $546 [4572]
  7239/16385: $547 [4572]
  7240/16385: $546 [4571]
  7241/16385: $547 [4571]
  7242/16385: $546 [4570]
  7243/16385: $547 [4570]
  7244/16385: $546 [4569]
  7245/16385: $547 [4569]
  7246/16385: $546 [4568]
  7247/16385: $547 [4568]
  7248/16385: $546 [4567]
  7249/16385: $547 [4567]
  7250/16385: $546 [4566]
  7251/16385: $547 [4566]
  7252/16385: $546 [4565]
  7253/16385: $547 [4565]
  7254/16385: $546 [4564]
  7255/16385: $547 [4564]
  7256/16385: $546 [4563]
  7257/16385: $547 [4563]
  7258/16385: $546 [4562]
  7259/16385: $547 [4562]
  7260/16385: $546 [4561]
  7261/16385: $547 [4561]
  7262/16385: $546 [4560]
  7263/16385: $547 [4560]
  7264/16385: $546 [4559]
  7265/16385: $547 [4559]
  7266/16385: $546 [4558]
  7267/16385: $547 [4558]
  7268/16385: $546 [4557]
  7269/16385: $547 [4557]
  7270/16385: $546 [4556]
  7271/16385: $547 [4556]
  7272/16385: $546 [4555]
  7273/16385: $547 [4555]
  7274/16385: $546 [4554]
  7275/16385: $547 [4554]
  7276/16385: $546 [4553]
  7277/16385: $547 [4553]
  7278/16385: $546 [4552]
  7279/16385: $547 [4552]
  7280/16385: $546 [4551]
  7281/16385: $547 [4551]
  7282/16385: $546 [4550]
  7283/16385: $547 [4550]
  7284/16385: $546 [4549]
  7285/16385: $547 [4549]
  7286/16385: $546 [4548]
  7287/16385: $547 [4548]
  7288/16385: $546 [4547]
  7289/16385: $547 [4547]
  7290/16385: $546 [4546]
  7291/16385: $547 [4546]
  7292/16385: $546 [4545]
  7293/16385: $547 [4545]
  7294/16385: $546 [4544]
  7295/16385: $547 [4544]
  7296/16385: $546 [4543]
  7297/16385: $547 [4543]
  7298/16385: $546 [4542]
  7299/16385: $547 [4542]
  7300/16385: $546 [4541]
  7301/16385: $547 [4541]
  7302/16385: $546 [4540]
  7303/16385: $547 [4540]
  7304/16385: $546 [4539]
  7305/16385: $547 [4539]
  7306/16385: $546 [4538]
  7307/16385: $547 [4538]
  7308/16385: $546 [4537]
  7309/16385: $547 [4537]
  7310/16385: $546 [4536]
  7311/16385: $547 [4536]
  7312/16385: $546 [4535]
  7313/16385: $547 [4535]
  7314/16385: $546 [4534]
  7315/16385: $547 [4534]
  7316/16385: $546 [4533]
  7317/16385: $547 [4533]
  7318/16385: $546 [4532]
  7319/16385: $547 [4532]
  7320/16385: $546 [4531]
  7321/16385: $547 [4531]
  7322/16385: $546 [4530]
  7323/16385: $547 [4530]
  7324/16385: $546 [4529]
  7325/16385: $547 [4529]
  7326/16385: $546 [4528]
  7327/16385: $547 [4528]
  7328/16385: $546 [4527]
  7329/16385: $547 [4527]
  7330/16385: $546 [4526]
  7331/16385: $547 [4526]
  7332/16385: $546 [4525]
  7333/16385: $547 [4525]
  7334/16385: $546 [4524]
  7335/16385: $547 [4524]
  7336/16385: $546 [4523]
  7337/16385: $547 [4523]
  7338/16385: $546 [4522]
  7339/16385: $547 [4522]
  7340/16385: $546 [4521]
  7341/16385: $547 [4521]
  7342/16385: $546 [4520]
  7343/16385: $547 [4520]
  7344/16385: $546 [4519]
  7345/16385: $547 [4519]
  7346/16385: $546 [4518]
  7347/16385: $547 [4518]
  7348/16385: $546 [4517]
  7349/16385: $547 [4517]
  7350/16385: $546 [4516]
  7351/16385: $547 [4516]
  7352/16385: $546 [4515]
  7353/16385: $547 [4515]
  7354/16385: $546 [4514]
  7355/16385: $547 [4514]
  7356/16385: $546 [4513]
  7357/16385: $547 [4513]
  7358/16385: $546 [4512]
  7359/16385: $547 [4512]
  7360/16385: $546 [4511]
  7361/16385: $547 [4511]
  7362/16385: $546 [4510]
  7363/16385: $547 [4510]
  7364/16385: $546 [4509]
  7365/16385: $547 [4509]
  7366/16385: $546 [4508]
  7367/16385: $547 [4508]
  7368/16385: $546 [4507]
  7369/16385: $547 [4507]
  7370/16385: $546 [4506]
  7371/16385: $547 [4506]
  7372/16385: $546 [4505]
  7373/16385: $547 [4505]
  7374/16385: $546 [4504]
  7375/16385: $547 [4504]
  7376/16385: $546 [4503]
  7377/16385: $547 [4503]
  7378/16385: $546 [4502]
  7379/16385: $547 [4502]
  7380/16385: $546 [4501]
  7381/16385: $547 [4501]
  7382/16385: $546 [4500]
  7383/16385: $547 [4500]
  7384/16385: $546 [4499]
  7385/16385: $547 [4499]
  7386/16385: $546 [4498]
  7387/16385: $547 [4498]
  7388/16385: $546 [4497]
  7389/16385: $547 [4497]
  7390/16385: $546 [4496]
  7391/16385: $547 [4496]
  7392/16385: $546 [4495]
  7393/16385: $547 [4495]
  7394/16385: $546 [4494]
  7395/16385: $547 [4494]
  7396/16385: $546 [4493]
  7397/16385: $547 [4493]
  7398/16385: $546 [4492]
  7399/16385: $547 [4492]
  7400/16385: $546 [4491]
  7401/16385: $547 [4491]
  7402/16385: $546 [4490]
  7403/16385: $547 [4490]
  7404/16385: $546 [4489]
  7405/16385: $547 [4489]
  7406/16385: $546 [4488]
  7407/16385: $547 [4488]
  7408/16385: $546 [4487]
  7409/16385: $547 [4487]
  7410/16385: $546 [4486]
  7411/16385: $547 [4486]
  7412/16385: $546 [4485]
  7413/16385: $547 [4485]
  7414/16385: $546 [4484]
  7415/16385: $547 [4484]
  7416/16385: $546 [4483]
  7417/16385: $547 [4483]
  7418/16385: $546 [4482]
  7419/16385: $547 [4482]
  7420/16385: $546 [4481]
  7421/16385: $547 [4481]
  7422/16385: $546 [4480]
  7423/16385: $547 [4480]
  7424/16385: $546 [4479]
  7425/16385: $547 [4479]
  7426/16385: $546 [4478]
  7427/16385: $547 [4478]
  7428/16385: $546 [4477]
  7429/16385: $547 [4477]
  7430/16385: $546 [4476]
  7431/16385: $547 [4476]
  7432/16385: $546 [4475]
  7433/16385: $547 [4475]
  7434/16385: $546 [4474]
  7435/16385: $547 [4474]
  7436/16385: $546 [4473]
  7437/16385: $547 [4473]
  7438/16385: $546 [4472]
  7439/16385: $547 [4472]
  7440/16385: $546 [4471]
  7441/16385: $547 [4471]
  7442/16385: $546 [4470]
  7443/16385: $547 [4470]
  7444/16385: $546 [4469]
  7445/16385: $547 [4469]
  7446/16385: $546 [4468]
  7447/16385: $547 [4468]
  7448/16385: $546 [4467]
  7449/16385: $547 [4467]
  7450/16385: $546 [4466]
  7451/16385: $547 [4466]
  7452/16385: $546 [4465]
  7453/16385: $547 [4465]
  7454/16385: $546 [4464]
  7455/16385: $547 [4464]
  7456/16385: $546 [4463]
  7457/16385: $547 [4463]
  7458/16385: $546 [4462]
  7459/16385: $547 [4462]
  7460/16385: $546 [4461]
  7461/16385: $547 [4461]
  7462/16385: $546 [4460]
  7463/16385: $547 [4460]
  7464/16385: $546 [4459]
  7465/16385: $547 [4459]
  7466/16385: $546 [4458]
  7467/16385: $547 [4458]
  7468/16385: $546 [4457]
  7469/16385: $547 [4457]
  7470/16385: $546 [4456]
  7471/16385: $547 [4456]
  7472/16385: $546 [4455]
  7473/16385: $547 [4455]
  7474/16385: $546 [4454]
  7475/16385: $547 [4454]
  7476/16385: $546 [4453]
  7477/16385: $547 [4453]
  7478/16385: $546 [4452]
  7479/16385: $547 [4452]
  7480/16385: $546 [4451]
  7481/16385: $547 [4451]
  7482/16385: $546 [4450]
  7483/16385: $547 [4450]
  7484/16385: $546 [4449]
  7485/16385: $547 [4449]
  7486/16385: $546 [4448]
  7487/16385: $547 [4448]
  7488/16385: $546 [4447]
  7489/16385: $547 [4447]
  7490/16385: $546 [4446]
  7491/16385: $547 [4446]
  7492/16385: $546 [4445]
  7493/16385: $547 [4445]
  7494/16385: $546 [4444]
  7495/16385: $547 [4444]
  7496/16385: $546 [4443]
  7497/16385: $547 [4443]
  7498/16385: $546 [4442]
  7499/16385: $547 [4442]
  7500/16385: $546 [4441]
  7501/16385: $547 [4441]
  7502/16385: $546 [4440]
  7503/16385: $547 [4440]
  7504/16385: $546 [4439]
  7505/16385: $547 [4439]
  7506/16385: $546 [4438]
  7507/16385: $547 [4438]
  7508/16385: $546 [4437]
  7509/16385: $547 [4437]
  7510/16385: $546 [4436]
  7511/16385: $547 [4436]
  7512/16385: $546 [4435]
  7513/16385: $547 [4435]
  7514/16385: $546 [4434]
  7515/16385: $547 [4434]
  7516/16385: $546 [4433]
  7517/16385: $547 [4433]
  7518/16385: $546 [4432]
  7519/16385: $547 [4432]
  7520/16385: $546 [4431]
  7521/16385: $547 [4431]
  7522/16385: $546 [4430]
  7523/16385: $547 [4430]
  7524/16385: $546 [4429]
  7525/16385: $547 [4429]
  7526/16385: $546 [4428]
  7527/16385: $547 [4428]
  7528/16385: $546 [4427]
  7529/16385: $547 [4427]
  7530/16385: $546 [4426]
  7531/16385: $547 [4426]
  7532/16385: $546 [4425]
  7533/16385: $547 [4425]
  7534/16385: $546 [4424]
  7535/16385: $547 [4424]
  7536/16385: $546 [4423]
  7537/16385: $547 [4423]
  7538/16385: $546 [4422]
  7539/16385: $547 [4422]
  7540/16385: $546 [4421]
  7541/16385: $547 [4421]
  7542/16385: $546 [4420]
  7543/16385: $547 [4420]
  7544/16385: $546 [4419]
  7545/16385: $547 [4419]
  7546/16385: $546 [4418]
  7547/16385: $547 [4418]
  7548/16385: $546 [4417]
  7549/16385: $547 [4417]
  7550/16385: $546 [4416]
  7551/16385: $547 [4416]
  7552/16385: $546 [4415]
  7553/16385: $547 [4415]
  7554/16385: $546 [4414]
  7555/16385: $547 [4414]
  7556/16385: $546 [4413]
  7557/16385: $547 [4413]
  7558/16385: $546 [4412]
  7559/16385: $547 [4412]
  7560/16385: $546 [4411]
  7561/16385: $547 [4411]
  7562/16385: $546 [4410]
  7563/16385: $547 [4410]
  7564/16385: $546 [4409]
  7565/16385: $547 [4409]
  7566/16385: $546 [4408]
  7567/16385: $547 [4408]
  7568/16385: $546 [4407]
  7569/16385: $547 [4407]
  7570/16385: $546 [4406]
  7571/16385: $547 [4406]
  7572/16385: $546 [4405]
  7573/16385: $547 [4405]
  7574/16385: $546 [4404]
  7575/16385: $547 [4404]
  7576/16385: $546 [4403]
  7577/16385: $547 [4403]
  7578/16385: $546 [4402]
  7579/16385: $547 [4402]
  7580/16385: $546 [4401]
  7581/16385: $547 [4401]
  7582/16385: $546 [4400]
  7583/16385: $547 [4400]
  7584/16385: $546 [4399]
  7585/16385: $547 [4399]
  7586/16385: $546 [4398]
  7587/16385: $547 [4398]
  7588/16385: $546 [4397]
  7589/16385: $547 [4397]
  7590/16385: $546 [4396]
  7591/16385: $547 [4396]
  7592/16385: $546 [4395]
  7593/16385: $547 [4395]
  7594/16385: $546 [4394]
  7595/16385: $547 [4394]
  7596/16385: $546 [4393]
  7597/16385: $547 [4393]
  7598/16385: $546 [4392]
  7599/16385: $547 [4392]
  7600/16385: $546 [4391]
  7601/16385: $547 [4391]
  7602/16385: $546 [4390]
  7603/16385: $547 [4390]
  7604/16385: $546 [4389]
  7605/16385: $547 [4389]
  7606/16385: $546 [4388]
  7607/16385: $547 [4388]
  7608/16385: $546 [4387]
  7609/16385: $547 [4387]
  7610/16385: $546 [4386]
  7611/16385: $547 [4386]
  7612/16385: $546 [4385]
  7613/16385: $547 [4385]
  7614/16385: $546 [4384]
  7615/16385: $547 [4384]
  7616/16385: $546 [4383]
  7617/16385: $547 [4383]
  7618/16385: $546 [4382]
  7619/16385: $547 [4382]
  7620/16385: $546 [4381]
  7621/16385: $547 [4381]
  7622/16385: $546 [4380]
  7623/16385: $547 [4380]
  7624/16385: $546 [4379]
  7625/16385: $547 [4379]
  7626/16385: $546 [4378]
  7627/16385: $547 [4378]
  7628/16385: $546 [4377]
  7629/16385: $547 [4377]
  7630/16385: $546 [4376]
  7631/16385: $547 [4376]
  7632/16385: $546 [4375]
  7633/16385: $547 [4375]
  7634/16385: $546 [4374]
  7635/16385: $547 [4374]
  7636/16385: $546 [4373]
  7637/16385: $547 [4373]
  7638/16385: $546 [4372]
  7639/16385: $547 [4372]
  7640/16385: $546 [4371]
  7641/16385: $547 [4371]
  7642/16385: $546 [4370]
  7643/16385: $547 [4370]
  7644/16385: $546 [4369]
  7645/16385: $547 [4369]
  7646/16385: $546 [4368]
  7647/16385: $547 [4368]
  7648/16385: $546 [4367]
  7649/16385: $547 [4367]
  7650/16385: $546 [4366]
  7651/16385: $547 [4366]
  7652/16385: $546 [4365]
  7653/16385: $547 [4365]
  7654/16385: $546 [4364]
  7655/16385: $547 [4364]
  7656/16385: $546 [4363]
  7657/16385: $547 [4363]
  7658/16385: $546 [4362]
  7659/16385: $547 [4362]
  7660/16385: $546 [4361]
  7661/16385: $547 [4361]
  7662/16385: $546 [4360]
  7663/16385: $547 [4360]
  7664/16385: $546 [4359]
  7665/16385: $547 [4359]
  7666/16385: $546 [4358]
  7667/16385: $547 [4358]
  7668/16385: $546 [4357]
  7669/16385: $547 [4357]
  7670/16385: $546 [4356]
  7671/16385: $547 [4356]
  7672/16385: $546 [4355]
  7673/16385: $547 [4355]
  7674/16385: $546 [4354]
  7675/16385: $547 [4354]
  7676/16385: $546 [4353]
  7677/16385: $547 [4353]
  7678/16385: $546 [4352]
  7679/16385: $547 [4352]
  7680/16385: $546 [4351]
  7681/16385: $547 [4351]
  7682/16385: $546 [4350]
  7683/16385: $547 [4350]
  7684/16385: $546 [4349]
  7685/16385: $547 [4349]
  7686/16385: $546 [4348]
  7687/16385: $547 [4348]
  7688/16385: $546 [4347]
  7689/16385: $547 [4347]
  7690/16385: $546 [4346]
  7691/16385: $547 [4346]
  7692/16385: $546 [4345]
  7693/16385: $547 [4345]
  7694/16385: $546 [4344]
  7695/16385: $547 [4344]
  7696/16385: $546 [4343]
  7697/16385: $547 [4343]
  7698/16385: $546 [4342]
  7699/16385: $547 [4342]
  7700/16385: $546 [4341]
  7701/16385: $547 [4341]
  7702/16385: $546 [4340]
  7703/16385: $547 [4340]
  7704/16385: $546 [4339]
  7705/16385: $547 [4339]
  7706/16385: $546 [4338]
  7707/16385: $547 [4338]
  7708/16385: $546 [4337]
  7709/16385: $547 [4337]
  7710/16385: $546 [4336]
  7711/16385: $547 [4336]
  7712/16385: $546 [4335]
  7713/16385: $547 [4335]
  7714/16385: $546 [4334]
  7715/16385: $547 [4334]
  7716/16385: $546 [4333]
  7717/16385: $547 [4333]
  7718/16385: $546 [4332]
  7719/16385: $547 [4332]
  7720/16385: $546 [4331]
  7721/16385: $547 [4331]
  7722/16385: $546 [4330]
  7723/16385: $547 [4330]
  7724/16385: $546 [4329]
  7725/16385: $547 [4329]
  7726/16385: $546 [4328]
  7727/16385: $547 [4328]
  7728/16385: $546 [4327]
  7729/16385: $547 [4327]
  7730/16385: $546 [4326]
  7731/16385: $547 [4326]
  7732/16385: $546 [4325]
  7733/16385: $547 [4325]
  7734/16385: $546 [4324]
  7735/16385: $547 [4324]
  7736/16385: $546 [4323]
  7737/16385: $547 [4323]
  7738/16385: $546 [4322]
  7739/16385: $547 [4322]
  7740/16385: $546 [4321]
  7741/16385: $547 [4321]
  7742/16385: $546 [4320]
  7743/16385: $547 [4320]
  7744/16385: $546 [4319]
  7745/16385: $547 [4319]
  7746/16385: $546 [4318]
  7747/16385: $547 [4318]
  7748/16385: $546 [4317]
  7749/16385: $547 [4317]
  7750/16385: $546 [4316]
  7751/16385: $547 [4316]
  7752/16385: $546 [4315]
  7753/16385: $547 [4315]
  7754/16385: $546 [4314]
  7755/16385: $547 [4314]
  7756/16385: $546 [4313]
  7757/16385: $547 [4313]
  7758/16385: $546 [4312]
  7759/16385: $547 [4312]
  7760/16385: $546 [4311]
  7761/16385: $547 [4311]
  7762/16385: $546 [4310]
  7763/16385: $547 [4310]
  7764/16385: $546 [4309]
  7765/16385: $547 [4309]
  7766/16385: $546 [4308]
  7767/16385: $547 [4308]
  7768/16385: $546 [4307]
  7769/16385: $547 [4307]
  7770/16385: $546 [4306]
  7771/16385: $547 [4306]
  7772/16385: $546 [4305]
  7773/16385: $547 [4305]
  7774/16385: $546 [4304]
  7775/16385: $547 [4304]
  7776/16385: $546 [4303]
  7777/16385: $547 [4303]
  7778/16385: $546 [4302]
  7779/16385: $547 [4302]
  7780/16385: $546 [4301]
  7781/16385: $547 [4301]
  7782/16385: $546 [4300]
  7783/16385: $547 [4300]
  7784/16385: $546 [4299]
  7785/16385: $547 [4299]
  7786/16385: $546 [4298]
  7787/16385: $547 [4298]
  7788/16385: $546 [4297]
  7789/16385: $547 [4297]
  7790/16385: $546 [4296]
  7791/16385: $547 [4296]
  7792/16385: $546 [4295]
  7793/16385: $547 [4295]
  7794/16385: $546 [4294]
  7795/16385: $547 [4294]
  7796/16385: $546 [4293]
  7797/16385: $547 [4293]
  7798/16385: $546 [4292]
  7799/16385: $547 [4292]
  7800/16385: $546 [4291]
  7801/16385: $547 [4291]
  7802/16385: $546 [4290]
  7803/16385: $547 [4290]
  7804/16385: $546 [4289]
  7805/16385: $547 [4289]
  7806/16385: $546 [4288]
  7807/16385: $547 [4288]
  7808/16385: $546 [4287]
  7809/16385: $547 [4287]
  7810/16385: $546 [4286]
  7811/16385: $547 [4286]
  7812/16385: $546 [4285]
  7813/16385: $547 [4285]
  7814/16385: $546 [4284]
  7815/16385: $547 [4284]
  7816/16385: $546 [4283]
  7817/16385: $547 [4283]
  7818/16385: $546 [4282]
  7819/16385: $547 [4282]
  7820/16385: $546 [4281]
  7821/16385: $547 [4281]
  7822/16385: $546 [4280]
  7823/16385: $547 [4280]
  7824/16385: $546 [4279]
  7825/16385: $547 [4279]
  7826/16385: $546 [4278]
  7827/16385: $547 [4278]
  7828/16385: $546 [4277]
  7829/16385: $547 [4277]
  7830/16385: $546 [4276]
  7831/16385: $547 [4276]
  7832/16385: $546 [4275]
  7833/16385: $547 [4275]
  7834/16385: $546 [4274]
  7835/16385: $547 [4274]
  7836/16385: $546 [4273]
  7837/16385: $547 [4273]
  7838/16385: $546 [4272]
  7839/16385: $547 [4272]
  7840/16385: $546 [4271]
  7841/16385: $547 [4271]
  7842/16385: $546 [4270]
  7843/16385: $547 [4270]
  7844/16385: $546 [4269]
  7845/16385: $547 [4269]
  7846/16385: $546 [4268]
  7847/16385: $547 [4268]
  7848/16385: $546 [4267]
  7849/16385: $547 [4267]
  7850/16385: $546 [4266]
  7851/16385: $547 [4266]
  7852/16385: $546 [4265]
  7853/16385: $547 [4265]
  7854/16385: $546 [4264]
  7855/16385: $547 [4264]
  7856/16385: $546 [4263]
  7857/16385: $547 [4263]
  7858/16385: $546 [4262]
  7859/16385: $547 [4262]
  7860/16385: $546 [4261]
  7861/16385: $547 [4261]
  7862/16385: $546 [4260]
  7863/16385: $547 [4260]
  7864/16385: $546 [4259]
  7865/16385: $547 [4259]
  7866/16385: $546 [4258]
  7867/16385: $547 [4258]
  7868/16385: $546 [4257]
  7869/16385: $547 [4257]
  7870/16385: $546 [4256]
  7871/16385: $547 [4256]
  7872/16385: $546 [4255]
  7873/16385: $547 [4255]
  7874/16385: $546 [4254]
  7875/16385: $547 [4254]
  7876/16385: $546 [4253]
  7877/16385: $547 [4253]
  7878/16385: $546 [4252]
  7879/16385: $547 [4252]
  7880/16385: $546 [4251]
  7881/16385: $547 [4251]
  7882/16385: $546 [4250]
  7883/16385: $547 [4250]
  7884/16385: $546 [4249]
  7885/16385: $547 [4249]
  7886/16385: $546 [4248]
  7887/16385: $547 [4248]
  7888/16385: $546 [4247]
  7889/16385: $547 [4247]
  7890/16385: $546 [4246]
  7891/16385: $547 [4246]
  7892/16385: $546 [4245]
  7893/16385: $547 [4245]
  7894/16385: $546 [4244]
  7895/16385: $547 [4244]
  7896/16385: $546 [4243]
  7897/16385: $547 [4243]
  7898/16385: $546 [4242]
  7899/16385: $547 [4242]
  7900/16385: $546 [4241]
  7901/16385: $547 [4241]
  7902/16385: $546 [4240]
  7903/16385: $547 [4240]
  7904/16385: $546 [4239]
  7905/16385: $547 [4239]
  7906/16385: $546 [4238]
  7907/16385: $547 [4238]
  7908/16385: $546 [4237]
  7909/16385: $547 [4237]
  7910/16385: $546 [4236]
  7911/16385: $547 [4236]
  7912/16385: $546 [4235]
  7913/16385: $547 [4235]
  7914/16385: $546 [4234]
  7915/16385: $547 [4234]
  7916/16385: $546 [4233]
  7917/16385: $547 [4233]
  7918/16385: $546 [4232]
  7919/16385: $547 [4232]
  7920/16385: $546 [4231]
  7921/16385: $547 [4231]
  7922/16385: $546 [4230]
  7923/16385: $547 [4230]
  7924/16385: $546 [4229]
  7925/16385: $547 [4229]
  7926/16385: $546 [4228]
  7927/16385: $547 [4228]
  7928/16385: $546 [4227]
  7929/16385: $547 [4227]
  7930/16385: $546 [4226]
  7931/16385: $547 [4226]
  7932/16385: $546 [4225]
  7933/16385: $547 [4225]
  7934/16385: $546 [4224]
  7935/16385: $547 [4224]
  7936/16385: $546 [4223]
  7937/16385: $547 [4223]
  7938/16385: $546 [4222]
  7939/16385: $547 [4222]
  7940/16385: $546 [4221]
  7941/16385: $547 [4221]
  7942/16385: $546 [4220]
  7943/16385: $547 [4220]
  7944/16385: $546 [4219]
  7945/16385: $547 [4219]
  7946/16385: $546 [4218]
  7947/16385: $547 [4218]
  7948/16385: $546 [4217]
  7949/16385: $547 [4217]
  7950/16385: $546 [4216]
  7951/16385: $547 [4216]
  7952/16385: $546 [4215]
  7953/16385: $547 [4215]
  7954/16385: $546 [4214]
  7955/16385: $547 [4214]
  7956/16385: $546 [4213]
  7957/16385: $547 [4213]
  7958/16385: $546 [4212]
  7959/16385: $547 [4212]
  7960/16385: $546 [4211]
  7961/16385: $547 [4211]
  7962/16385: $546 [4210]
  7963/16385: $547 [4210]
  7964/16385: $546 [4209]
  7965/16385: $547 [4209]
  7966/16385: $546 [4208]
  7967/16385: $547 [4208]
  7968/16385: $546 [4207]
  7969/16385: $547 [4207]
  7970/16385: $546 [4206]
  7971/16385: $547 [4206]
  7972/16385: $546 [4205]
  7973/16385: $547 [4205]
  7974/16385: $546 [4204]
  7975/16385: $547 [4204]
  7976/16385: $546 [4203]
  7977/16385: $547 [4203]
  7978/16385: $546 [4202]
  7979/16385: $547 [4202]
  7980/16385: $546 [4201]
  7981/16385: $547 [4201]
  7982/16385: $546 [4200]
  7983/16385: $547 [4200]
  7984/16385: $546 [4199]
  7985/16385: $547 [4199]
  7986/16385: $546 [4198]
  7987/16385: $547 [4198]
  7988/16385: $546 [4197]
  7989/16385: $547 [4197]
  7990/16385: $546 [4196]
  7991/16385: $547 [4196]
  7992/16385: $546 [4195]
  7993/16385: $547 [4195]
  7994/16385: $546 [4194]
  7995/16385: $547 [4194]
  7996/16385: $546 [4193]
  7997/16385: $547 [4193]
  7998/16385: $546 [4192]
  7999/16385: $547 [4192]
  8000/16385: $546 [4191]
  8001/16385: $547 [4191]
  8002/16385: $546 [4190]
  8003/16385: $547 [4190]
  8004/16385: $546 [4189]
  8005/16385: $547 [4189]
  8006/16385: $546 [4188]
  8007/16385: $547 [4188]
  8008/16385: $546 [4187]
  8009/16385: $547 [4187]
  8010/16385: $546 [4186]
  8011/16385: $547 [4186]
  8012/16385: $546 [4185]
  8013/16385: $547 [4185]
  8014/16385: $546 [4184]
  8015/16385: $547 [4184]
  8016/16385: $546 [4183]
  8017/16385: $547 [4183]
  8018/16385: $546 [4182]
  8019/16385: $547 [4182]
  8020/16385: $546 [4181]
  8021/16385: $547 [4181]
  8022/16385: $546 [4180]
  8023/16385: $547 [4180]
  8024/16385: $546 [4179]
  8025/16385: $547 [4179]
  8026/16385: $546 [4178]
  8027/16385: $547 [4178]
  8028/16385: $546 [4177]
  8029/16385: $547 [4177]
  8030/16385: $546 [4176]
  8031/16385: $547 [4176]
  8032/16385: $546 [4175]
  8033/16385: $547 [4175]
  8034/16385: $546 [4174]
  8035/16385: $547 [4174]
  8036/16385: $546 [4173]
  8037/16385: $547 [4173]
  8038/16385: $546 [4172]
  8039/16385: $547 [4172]
  8040/16385: $546 [4171]
  8041/16385: $547 [4171]
  8042/16385: $546 [4170]
  8043/16385: $547 [4170]
  8044/16385: $546 [4169]
  8045/16385: $547 [4169]
  8046/16385: $546 [4168]
  8047/16385: $547 [4168]
  8048/16385: $546 [4167]
  8049/16385: $547 [4167]
  8050/16385: $546 [4166]
  8051/16385: $547 [4166]
  8052/16385: $546 [4165]
  8053/16385: $547 [4165]
  8054/16385: $546 [4164]
  8055/16385: $547 [4164]
  8056/16385: $546 [4163]
  8057/16385: $547 [4163]
  8058/16385: $546 [4162]
  8059/16385: $547 [4162]
  8060/16385: $546 [4161]
  8061/16385: $547 [4161]
  8062/16385: $546 [4160]
  8063/16385: $547 [4160]
  8064/16385: $546 [4159]
  8065/16385: $547 [4159]
  8066/16385: $546 [4158]
  8067/16385: $547 [4158]
  8068/16385: $546 [4157]
  8069/16385: $547 [4157]
  8070/16385: $546 [4156]
  8071/16385: $547 [4156]
  8072/16385: $546 [4155]
  8073/16385: $547 [4155]
  8074/16385: $546 [4154]
  8075/16385: $547 [4154]
  8076/16385: $546 [4153]
  8077/16385: $547 [4153]
  8078/16385: $546 [4152]
  8079/16385: $547 [4152]
  8080/16385: $546 [4151]
  8081/16385: $547 [4151]
  8082/16385: $546 [4150]
  8083/16385: $547 [4150]
  8084/16385: $546 [4149]
  8085/16385: $547 [4149]
  8086/16385: $546 [4148]
  8087/16385: $547 [4148]
  8088/16385: $546 [4147]
  8089/16385: $547 [4147]
  8090/16385: $546 [4146]
  8091/16385: $547 [4146]
  8092/16385: $546 [4145]
  8093/16385: $547 [4145]
  8094/16385: $546 [4144]
  8095/16385: $547 [4144]
  8096/16385: $546 [4143]
  8097/16385: $547 [4143]
  8098/16385: $546 [4142]
  8099/16385: $547 [4142]
  8100/16385: $546 [4141]
  8101/16385: $547 [4141]
  8102/16385: $546 [4140]
  8103/16385: $547 [4140]
  8104/16385: $546 [4139]
  8105/16385: $547 [4139]
  8106/16385: $546 [4138]
  8107/16385: $547 [4138]
  8108/16385: $546 [4137]
  8109/16385: $547 [4137]
  8110/16385: $546 [4136]
  8111/16385: $547 [4136]
  8112/16385: $546 [4135]
  8113/16385: $547 [4135]
  8114/16385: $546 [4134]
  8115/16385: $547 [4134]
  8116/16385: $546 [4133]
  8117/16385: $547 [4133]
  8118/16385: $546 [4132]
  8119/16385: $547 [4132]
  8120/16385: $546 [4131]
  8121/16385: $547 [4131]
  8122/16385: $546 [4130]
  8123/16385: $547 [4130]
  8124/16385: $546 [4129]
  8125/16385: $547 [4129]
  8126/16385: $546 [4128]
  8127/16385: $547 [4128]
  8128/16385: $546 [4127]
  8129/16385: $547 [4127]
  8130/16385: $546 [4126]
  8131/16385: $547 [4126]
  8132/16385: $546 [4125]
  8133/16385: $547 [4125]
  8134/16385: $546 [4124]
  8135/16385: $547 [4124]
  8136/16385: $546 [4123]
  8137/16385: $547 [4123]
  8138/16385: $546 [4122]
  8139/16385: $547 [4122]
  8140/16385: $546 [4121]
  8141/16385: $547 [4121]
  8142/16385: $546 [4120]
  8143/16385: $547 [4120]
  8144/16385: $546 [4119]
  8145/16385: $547 [4119]
  8146/16385: $546 [4118]
  8147/16385: $547 [4118]
  8148/16385: $546 [4117]
  8149/16385: $547 [4117]
  8150/16385: $546 [4116]
  8151/16385: $547 [4116]
  8152/16385: $546 [4115]
  8153/16385: $547 [4115]
  8154/16385: $546 [4114]
  8155/16385: $547 [4114]
  8156/16385: $546 [4113]
  8157/16385: $547 [4113]
  8158/16385: $546 [4112]
  8159/16385: $547 [4112]
  8160/16385: $546 [4111]
  8161/16385: $547 [4111]
  8162/16385: $546 [4110]
  8163/16385: $547 [4110]
  8164/16385: $546 [4109]
  8165/16385: $547 [4109]
  8166/16385: $546 [4108]
  8167/16385: $547 [4108]
  8168/16385: $546 [4107]
  8169/16385: $547 [4107]
  8170/16385: $546 [4106]
  8171/16385: $547 [4106]
  8172/16385: $546 [4105]
  8173/16385: $547 [4105]
  8174/16385: $546 [4104]
  8175/16385: $547 [4104]
  8176/16385: $546 [4103]
  8177/16385: $547 [4103]
  8178/16385: $546 [4102]
  8179/16385: $547 [4102]
  8180/16385: $546 [4101]
  8181/16385: $547 [4101]
  8182/16385: $546 [4100]
  8183/16385: $547 [4100]
  8184/16385: $546 [4099]
  8185/16385: $547 [4099]
  8186/16385: $546 [4098]
  8187/16385: $547 [4098]
  8188/16385: $546 [4097]
  8189/16385: $547 [4097]
  8190/16385: $546 [4096]
  8191/16385: $547 [4096]
  8192/16385: $546 [4095]
  8193/16385: $547 [4095]
  8194/16385: $546 [4094]
  8195/16385: $547 [4094]
  8196/16385: $546 [4093]
  8197/16385: $547 [4093]
  8198/16385: $546 [4092]
  8199/16385: $547 [4092]
  8200/16385: $546 [4091]
  8201/16385: $547 [4091]
  8202/16385: $546 [4090]
  8203/16385: $547 [4090]
  8204/16385: $546 [4089]
  8205/16385: $547 [4089]
  8206/16385: $546 [4088]
  8207/16385: $547 [4088]
  8208/16385: $546 [4087]
  8209/16385: $547 [4087]
  8210/16385: $546 [4086]
  8211/16385: $547 [4086]
  8212/16385: $546 [4085]
  8213/16385: $547 [4085]
  8214/16385: $546 [4084]
  8215/16385: $547 [4084]
  8216/16385: $546 [4083]
  8217/16385: $547 [4083]
  8218/16385: $546 [4082]
  8219/16385: $547 [4082]
  8220/16385: $546 [4081]
  8221/16385: $547 [4081]
  8222/16385: $546 [4080]
  8223/16385: $547 [4080]
  8224/16385: $546 [4079]
  8225/16385: $547 [4079]
  8226/16385: $546 [4078]
  8227/16385: $547 [4078]
  8228/16385: $546 [4077]
  8229/16385: $547 [4077]
  8230/16385: $546 [4076]
  8231/16385: $547 [4076]
  8232/16385: $546 [4075]
  8233/16385: $547 [4075]
  8234/16385: $546 [4074]
  8235/16385: $547 [4074]
  8236/16385: $546 [4073]
  8237/16385: $547 [4073]
  8238/16385: $546 [4072]
  8239/16385: $547 [4072]
  8240/16385: $546 [4071]
  8241/16385: $547 [4071]
  8242/16385: $546 [4070]
  8243/16385: $547 [4070]
  8244/16385: $546 [4069]
  8245/16385: $547 [4069]
  8246/16385: $546 [4068]
  8247/16385: $547 [4068]
  8248/16385: $546 [4067]
  8249/16385: $547 [4067]
  8250/16385: $546 [4066]
  8251/16385: $547 [4066]
  8252/16385: $546 [4065]
  8253/16385: $547 [4065]
  8254/16385: $546 [4064]
  8255/16385: $547 [4064]
  8256/16385: $546 [4063]
  8257/16385: $547 [4063]
  8258/16385: $546 [4062]
  8259/16385: $547 [4062]
  8260/16385: $546 [4061]
  8261/16385: $547 [4061]
  8262/16385: $546 [4060]
  8263/16385: $547 [4060]
  8264/16385: $546 [4059]
  8265/16385: $547 [4059]
  8266/16385: $546 [4058]
  8267/16385: $547 [4058]
  8268/16385: $546 [4057]
  8269/16385: $547 [4057]
  8270/16385: $546 [4056]
  8271/16385: $547 [4056]
  8272/16385: $546 [4055]
  8273/16385: $547 [4055]
  8274/16385: $546 [4054]
  8275/16385: $547 [4054]
  8276/16385: $546 [4053]
  8277/16385: $547 [4053]
  8278/16385: $546 [4052]
  8279/16385: $547 [4052]
  8280/16385: $546 [4051]
  8281/16385: $547 [4051]
  8282/16385: $546 [4050]
  8283/16385: $547 [4050]
  8284/16385: $546 [4049]
  8285/16385: $547 [4049]
  8286/16385: $546 [4048]
  8287/16385: $547 [4048]
  8288/16385: $546 [4047]
  8289/16385: $547 [4047]
  8290/16385: $546 [4046]
  8291/16385: $547 [4046]
  8292/16385: $546 [4045]
  8293/16385: $547 [4045]
  8294/16385: $546 [4044]
  8295/16385: $547 [4044]
  8296/16385: $546 [4043]
  8297/16385: $547 [4043]
  8298/16385: $546 [4042]
  8299/16385: $547 [4042]
  8300/16385: $546 [4041]
  8301/16385: $547 [4041]
  8302/16385: $546 [4040]
  8303/16385: $547 [4040]
  8304/16385: $546 [4039]
  8305/16385: $547 [4039]
  8306/16385: $546 [4038]
  8307/16385: $547 [4038]
  8308/16385: $546 [4037]
  8309/16385: $547 [4037]
  8310/16385: $546 [4036]
  8311/16385: $547 [4036]
  8312/16385: $546 [4035]
  8313/16385: $547 [4035]
  8314/16385: $546 [4034]
  8315/16385: $547 [4034]
  8316/16385: $546 [4033]
  8317/16385: $547 [4033]
  8318/16385: $546 [4032]
  8319/16385: $547 [4032]
  8320/16385: $546 [4031]
  8321/16385: $547 [4031]
  8322/16385: $546 [4030]
  8323/16385: $547 [4030]
  8324/16385: $546 [4029]
  8325/16385: $547 [4029]
  8326/16385: $546 [4028]
  8327/16385: $547 [4028]
  8328/16385: $546 [4027]
  8329/16385: $547 [4027]
  8330/16385: $546 [4026]
  8331/16385: $547 [4026]
  8332/16385: $546 [4025]
  8333/16385: $547 [4025]
  8334/16385: $546 [4024]
  8335/16385: $547 [4024]
  8336/16385: $546 [4023]
  8337/16385: $547 [4023]
  8338/16385: $546 [4022]
  8339/16385: $547 [4022]
  8340/16385: $546 [4021]
  8341/16385: $547 [4021]
  8342/16385: $546 [4020]
  8343/16385: $547 [4020]
  8344/16385: $546 [4019]
  8345/16385: $547 [4019]
  8346/16385: $546 [4018]
  8347/16385: $547 [4018]
  8348/16385: $546 [4017]
  8349/16385: $547 [4017]
  8350/16385: $546 [4016]
  8351/16385: $547 [4016]
  8352/16385: $546 [4015]
  8353/16385: $547 [4015]
  8354/16385: $546 [4014]
  8355/16385: $547 [4014]
  8356/16385: $546 [4013]
  8357/16385: $547 [4013]
  8358/16385: $546 [4012]
  8359/16385: $547 [4012]
  8360/16385: $546 [4011]
  8361/16385: $547 [4011]
  8362/16385: $546 [4010]
  8363/16385: $547 [4010]
  8364/16385: $546 [4009]
  8365/16385: $547 [4009]
  8366/16385: $546 [4008]
  8367/16385: $547 [4008]
  8368/16385: $546 [4007]
  8369/16385: $547 [4007]
  8370/16385: $546 [4006]
  8371/16385: $547 [4006]
  8372/16385: $546 [4005]
  8373/16385: $547 [4005]
  8374/16385: $546 [4004]
  8375/16385: $547 [4004]
  8376/16385: $546 [4003]
  8377/16385: $547 [4003]
  8378/16385: $546 [4002]
  8379/16385: $547 [4002]
  8380/16385: $546 [4001]
  8381/16385: $547 [4001]
  8382/16385: $546 [4000]
  8383/16385: $547 [4000]
  8384/16385: $546 [3999]
  8385/16385: $547 [3999]
  8386/16385: $546 [3998]
  8387/16385: $547 [3998]
  8388/16385: $546 [3997]
  8389/16385: $547 [3997]
  8390/16385: $546 [3996]
  8391/16385: $547 [3996]
  8392/16385: $546 [3995]
  8393/16385: $547 [3995]
  8394/16385: $546 [3994]
  8395/16385: $547 [3994]
  8396/16385: $546 [3993]
  8397/16385: $547 [3993]
  8398/16385: $546 [3992]
  8399/16385: $547 [3992]
  8400/16385: $546 [3991]
  8401/16385: $547 [3991]
  8402/16385: $546 [3990]
  8403/16385: $547 [3990]
  8404/16385: $546 [3989]
  8405/16385: $547 [3989]
  8406/16385: $546 [3988]
  8407/16385: $547 [3988]
  8408/16385: $546 [3987]
  8409/16385: $547 [3987]
  8410/16385: $546 [3986]
  8411/16385: $547 [3986]
  8412/16385: $546 [3985]
  8413/16385: $547 [3985]
  8414/16385: $546 [3984]
  8415/16385: $547 [3984]
  8416/16385: $546 [3983]
  8417/16385: $547 [3983]
  8418/16385: $546 [3982]
  8419/16385: $547 [3982]
  8420/16385: $546 [3981]
  8421/16385: $547 [3981]
  8422/16385: $546 [3980]
  8423/16385: $547 [3980]
  8424/16385: $546 [3979]
  8425/16385: $547 [3979]
  8426/16385: $546 [3978]
  8427/16385: $547 [3978]
  8428/16385: $546 [3977]
  8429/16385: $547 [3977]
  8430/16385: $546 [3976]
  8431/16385: $547 [3976]
  8432/16385: $546 [3975]
  8433/16385: $547 [3975]
  8434/16385: $546 [3974]
  8435/16385: $547 [3974]
  8436/16385: $546 [3973]
  8437/16385: $547 [3973]
  8438/16385: $546 [3972]
  8439/16385: $547 [3972]
  8440/16385: $546 [3971]
  8441/16385: $547 [3971]
  8442/16385: $546 [3970]
  8443/16385: $547 [3970]
  8444/16385: $546 [3969]
  8445/16385: $547 [3969]
  8446/16385: $546 [3968]
  8447/16385: $547 [3968]
  8448/16385: $546 [3967]
  8449/16385: $547 [3967]
  8450/16385: $546 [3966]
  8451/16385: $547 [3966]
  8452/16385: $546 [3965]
  8453/16385: $547 [3965]
  8454/16385: $546 [3964]
  8455/16385: $547 [3964]
  8456/16385: $546 [3963]
  8457/16385: $547 [3963]
  8458/16385: $546 [3962]
  8459/16385: $547 [3962]
  8460/16385: $546 [3961]
  8461/16385: $547 [3961]
  8462/16385: $546 [3960]
  8463/16385: $547 [3960]
  8464/16385: $546 [3959]
  8465/16385: $547 [3959]
  8466/16385: $546 [3958]
  8467/16385: $547 [3958]
  8468/16385: $546 [3957]
  8469/16385: $547 [3957]
  8470/16385: $546 [3956]
  8471/16385: $547 [3956]
  8472/16385: $546 [3955]
  8473/16385: $547 [3955]
  8474/16385: $546 [3954]
  8475/16385: $547 [3954]
  8476/16385: $546 [3953]
  8477/16385: $547 [3953]
  8478/16385: $546 [3952]
  8479/16385: $547 [3952]
  8480/16385: $546 [3951]
  8481/16385: $547 [3951]
  8482/16385: $546 [3950]
  8483/16385: $547 [3950]
  8484/16385: $546 [3949]
  8485/16385: $547 [3949]
  8486/16385: $546 [3948]
  8487/16385: $547 [3948]
  8488/16385: $546 [3947]
  8489/16385: $547 [3947]
  8490/16385: $546 [3946]
  8491/16385: $547 [3946]
  8492/16385: $546 [3945]
  8493/16385: $547 [3945]
  8494/16385: $546 [3944]
  8495/16385: $547 [3944]
  8496/16385: $546 [3943]
  8497/16385: $547 [3943]
  8498/16385: $546 [3942]
  8499/16385: $547 [3942]
  8500/16385: $546 [3941]
  8501/16385: $547 [3941]
  8502/16385: $546 [3940]
  8503/16385: $547 [3940]
  8504/16385: $546 [3939]
  8505/16385: $547 [3939]
  8506/16385: $546 [3938]
  8507/16385: $547 [3938]
  8508/16385: $546 [3937]
  8509/16385: $547 [3937]
  8510/16385: $546 [3936]
  8511/16385: $547 [3936]
  8512/16385: $546 [3935]
  8513/16385: $547 [3935]
  8514/16385: $546 [3934]
  8515/16385: $547 [3934]
  8516/16385: $546 [3933]
  8517/16385: $547 [3933]
  8518/16385: $546 [3932]
  8519/16385: $547 [3932]
  8520/16385: $546 [3931]
  8521/16385: $547 [3931]
  8522/16385: $546 [3930]
  8523/16385: $547 [3930]
  8524/16385: $546 [3929]
  8525/16385: $547 [3929]
  8526/16385: $546 [3928]
  8527/16385: $547 [3928]
  8528/16385: $546 [3927]
  8529/16385: $547 [3927]
  8530/16385: $546 [3926]
  8531/16385: $547 [3926]
  8532/16385: $546 [3925]
  8533/16385: $547 [3925]
  8534/16385: $546 [3924]
  8535/16385: $547 [3924]
  8536/16385: $546 [3923]
  8537/16385: $547 [3923]
  8538/16385: $546 [3922]
  8539/16385: $547 [3922]
  8540/16385: $546 [3921]
  8541/16385: $547 [3921]
  8542/16385: $546 [3920]
  8543/16385: $547 [3920]
  8544/16385: $546 [3919]
  8545/16385: $547 [3919]
  8546/16385: $546 [3918]
  8547/16385: $547 [3918]
  8548/16385: $546 [3917]
  8549/16385: $547 [3917]
  8550/16385: $546 [3916]
  8551/16385: $547 [3916]
  8552/16385: $546 [3915]
  8553/16385: $547 [3915]
  8554/16385: $546 [3914]
  8555/16385: $547 [3914]
  8556/16385: $546 [3913]
  8557/16385: $547 [3913]
  8558/16385: $546 [3912]
  8559/16385: $547 [3912]
  8560/16385: $546 [3911]
  8561/16385: $547 [3911]
  8562/16385: $546 [3910]
  8563/16385: $547 [3910]
  8564/16385: $546 [3909]
  8565/16385: $547 [3909]
  8566/16385: $546 [3908]
  8567/16385: $547 [3908]
  8568/16385: $546 [3907]
  8569/16385: $547 [3907]
  8570/16385: $546 [3906]
  8571/16385: $547 [3906]
  8572/16385: $546 [3905]
  8573/16385: $547 [3905]
  8574/16385: $546 [3904]
  8575/16385: $547 [3904]
  8576/16385: $546 [3903]
  8577/16385: $547 [3903]
  8578/16385: $546 [3902]
  8579/16385: $547 [3902]
  8580/16385: $546 [3901]
  8581/16385: $547 [3901]
  8582/16385: $546 [3900]
  8583/16385: $547 [3900]
  8584/16385: $546 [3899]
  8585/16385: $547 [3899]
  8586/16385: $546 [3898]
  8587/16385: $547 [3898]
  8588/16385: $546 [3897]
  8589/16385: $547 [3897]
  8590/16385: $546 [3896]
  8591/16385: $547 [3896]
  8592/16385: $546 [3895]
  8593/16385: $547 [3895]
  8594/16385: $546 [3894]
  8595/16385: $547 [3894]
  8596/16385: $546 [3893]
  8597/16385: $547 [3893]
  8598/16385: $546 [3892]
  8599/16385: $547 [3892]
  8600/16385: $546 [3891]
  8601/16385: $547 [3891]
  8602/16385: $546 [3890]
  8603/16385: $547 [3890]
  8604/16385: $546 [3889]
  8605/16385: $547 [3889]
  8606/16385: $546 [3888]
  8607/16385: $547 [3888]
  8608/16385: $546 [3887]
  8609/16385: $547 [3887]
  8610/16385: $546 [3886]
  8611/16385: $547 [3886]
  8612/16385: $546 [3885]
  8613/16385: $547 [3885]
  8614/16385: $546 [3884]
  8615/16385: $547 [3884]
  8616/16385: $546 [3883]
  8617/16385: $547 [3883]
  8618/16385: $546 [3882]
  8619/16385: $547 [3882]
  8620/16385: $546 [3881]
  8621/16385: $547 [3881]
  8622/16385: $546 [3880]
  8623/16385: $547 [3880]
  8624/16385: $546 [3879]
  8625/16385: $547 [3879]
  8626/16385: $546 [3878]
  8627/16385: $547 [3878]
  8628/16385: $546 [3877]
  8629/16385: $547 [3877]
  8630/16385: $546 [3876]
  8631/16385: $547 [3876]
  8632/16385: $546 [3875]
  8633/16385: $547 [3875]
  8634/16385: $546 [3874]
  8635/16385: $547 [3874]
  8636/16385: $546 [3873]
  8637/16385: $547 [3873]
  8638/16385: $546 [3872]
  8639/16385: $547 [3872]
  8640/16385: $546 [3871]
  8641/16385: $547 [3871]
  8642/16385: $546 [3870]
  8643/16385: $547 [3870]
  8644/16385: $546 [3869]
  8645/16385: $547 [3869]
  8646/16385: $546 [3868]
  8647/16385: $547 [3868]
  8648/16385: $546 [3867]
  8649/16385: $547 [3867]
  8650/16385: $546 [3866]
  8651/16385: $547 [3866]
  8652/16385: $546 [3865]
  8653/16385: $547 [3865]
  8654/16385: $546 [3864]
  8655/16385: $547 [3864]
  8656/16385: $546 [3863]
  8657/16385: $547 [3863]
  8658/16385: $546 [3862]
  8659/16385: $547 [3862]
  8660/16385: $546 [3861]
  8661/16385: $547 [3861]
  8662/16385: $546 [3860]
  8663/16385: $547 [3860]
  8664/16385: $546 [3859]
  8665/16385: $547 [3859]
  8666/16385: $546 [3858]
  8667/16385: $547 [3858]
  8668/16385: $546 [3857]
  8669/16385: $547 [3857]
  8670/16385: $546 [3856]
  8671/16385: $547 [3856]
  8672/16385: $546 [3855]
  8673/16385: $547 [3855]
  8674/16385: $546 [3854]
  8675/16385: $547 [3854]
  8676/16385: $546 [3853]
  8677/16385: $547 [3853]
  8678/16385: $546 [3852]
  8679/16385: $547 [3852]
  8680/16385: $546 [3851]
  8681/16385: $547 [3851]
  8682/16385: $546 [3850]
  8683/16385: $547 [3850]
  8684/16385: $546 [3849]
  8685/16385: $547 [3849]
  8686/16385: $546 [3848]
  8687/16385: $547 [3848]
  8688/16385: $546 [3847]
  8689/16385: $547 [3847]
  8690/16385: $546 [3846]
  8691/16385: $547 [3846]
  8692/16385: $546 [3845]
  8693/16385: $547 [3845]
  8694/16385: $546 [3844]
  8695/16385: $547 [3844]
  8696/16385: $546 [3843]
  8697/16385: $547 [3843]
  8698/16385: $546 [3842]
  8699/16385: $547 [3842]
  8700/16385: $546 [3841]
  8701/16385: $547 [3841]
  8702/16385: $546 [3840]
  8703/16385: $547 [3840]
  8704/16385: $546 [3839]
  8705/16385: $547 [3839]
  8706/16385: $546 [3838]
  8707/16385: $547 [3838]
  8708/16385: $546 [3837]
  8709/16385: $547 [3837]
  8710/16385: $546 [3836]
  8711/16385: $547 [3836]
  8712/16385: $546 [3835]
  8713/16385: $547 [3835]
  8714/16385: $546 [3834]
  8715/16385: $547 [3834]
  8716/16385: $546 [3833]
  8717/16385: $547 [3833]
  8718/16385: $546 [3832]
  8719/16385: $547 [3832]
  8720/16385: $546 [3831]
  8721/16385: $547 [3831]
  8722/16385: $546 [3830]
  8723/16385: $547 [3830]
  8724/16385: $546 [3829]
  8725/16385: $547 [3829]
  8726/16385: $546 [3828]
  8727/16385: $547 [3828]
  8728/16385: $546 [3827]
  8729/16385: $547 [3827]
  8730/16385: $546 [3826]
  8731/16385: $547 [3826]
  8732/16385: $546 [3825]
  8733/16385: $547 [3825]
  8734/16385: $546 [3824]
  8735/16385: $547 [3824]
  8736/16385: $546 [3823]
  8737/16385: $547 [3823]
  8738/16385: $546 [3822]
  8739/16385: $547 [3822]
  8740/16385: $546 [3821]
  8741/16385: $547 [3821]
  8742/16385: $546 [3820]
  8743/16385: $547 [3820]
  8744/16385: $546 [3819]
  8745/16385: $547 [3819]
  8746/16385: $546 [3818]
  8747/16385: $547 [3818]
  8748/16385: $546 [3817]
  8749/16385: $547 [3817]
  8750/16385: $546 [3816]
  8751/16385: $547 [3816]
  8752/16385: $546 [3815]
  8753/16385: $547 [3815]
  8754/16385: $546 [3814]
  8755/16385: $547 [3814]
  8756/16385: $546 [3813]
  8757/16385: $547 [3813]
  8758/16385: $546 [3812]
  8759/16385: $547 [3812]
  8760/16385: $546 [3811]
  8761/16385: $547 [3811]
  8762/16385: $546 [3810]
  8763/16385: $547 [3810]
  8764/16385: $546 [3809]
  8765/16385: $547 [3809]
  8766/16385: $546 [3808]
  8767/16385: $547 [3808]
  8768/16385: $546 [3807]
  8769/16385: $547 [3807]
  8770/16385: $546 [3806]
  8771/16385: $547 [3806]
  8772/16385: $546 [3805]
  8773/16385: $547 [3805]
  8774/16385: $546 [3804]
  8775/16385: $547 [3804]
  8776/16385: $546 [3803]
  8777/16385: $547 [3803]
  8778/16385: $546 [3802]
  8779/16385: $547 [3802]
  8780/16385: $546 [3801]
  8781/16385: $547 [3801]
  8782/16385: $546 [3800]
  8783/16385: $547 [3800]
  8784/16385: $546 [3799]
  8785/16385: $547 [3799]
  8786/16385: $546 [3798]
  8787/16385: $547 [3798]
  8788/16385: $546 [3797]
  8789/16385: $547 [3797]
  8790/16385: $546 [3796]
  8791/16385: $547 [3796]
  8792/16385: $546 [3795]
  8793/16385: $547 [3795]
  8794/16385: $546 [3794]
  8795/16385: $547 [3794]
  8796/16385: $546 [3793]
  8797/16385: $547 [3793]
  8798/16385: $546 [3792]
  8799/16385: $547 [3792]
  8800/16385: $546 [3791]
  8801/16385: $547 [3791]
  8802/16385: $546 [3790]
  8803/16385: $547 [3790]
  8804/16385: $546 [3789]
  8805/16385: $547 [3789]
  8806/16385: $546 [3788]
  8807/16385: $547 [3788]
  8808/16385: $546 [3787]
  8809/16385: $547 [3787]
  8810/16385: $546 [3786]
  8811/16385: $547 [3786]
  8812/16385: $546 [3785]
  8813/16385: $547 [3785]
  8814/16385: $546 [3784]
  8815/16385: $547 [3784]
  8816/16385: $546 [3783]
  8817/16385: $547 [3783]
  8818/16385: $546 [3782]
  8819/16385: $547 [3782]
  8820/16385: $546 [3781]
  8821/16385: $547 [3781]
  8822/16385: $546 [3780]
  8823/16385: $547 [3780]
  8824/16385: $546 [3779]
  8825/16385: $547 [3779]
  8826/16385: $546 [3778]
  8827/16385: $547 [3778]
  8828/16385: $546 [3777]
  8829/16385: $547 [3777]
  8830/16385: $546 [3776]
  8831/16385: $547 [3776]
  8832/16385: $546 [3775]
  8833/16385: $547 [3775]
  8834/16385: $546 [3774]
  8835/16385: $547 [3774]
  8836/16385: $546 [3773]
  8837/16385: $547 [3773]
  8838/16385: $546 [3772]
  8839/16385: $547 [3772]
  8840/16385: $546 [3771]
  8841/16385: $547 [3771]
  8842/16385: $546 [3770]
  8843/16385: $547 [3770]
  8844/16385: $546 [3769]
  8845/16385: $547 [3769]
  8846/16385: $546 [3768]
  8847/16385: $547 [3768]
  8848/16385: $546 [3767]
  8849/16385: $547 [3767]
  8850/16385: $546 [3766]
  8851/16385: $547 [3766]
  8852/16385: $546 [3765]
  8853/16385: $547 [3765]
  8854/16385: $546 [3764]
  8855/16385: $547 [3764]
  8856/16385: $546 [3763]
  8857/16385: $547 [3763]
  8858/16385: $546 [3762]
  8859/16385: $547 [3762]
  8860/16385: $546 [3761]
  8861/16385: $547 [3761]
  8862/16385: $546 [3760]
  8863/16385: $547 [3760]
  8864/16385: $546 [3759]
  8865/16385: $547 [3759]
  8866/16385: $546 [3758]
  8867/16385: $547 [3758]
  8868/16385: $546 [3757]
  8869/16385: $547 [3757]
  8870/16385: $546 [3756]
  8871/16385: $547 [3756]
  8872/16385: $546 [3755]
  8873/16385: $547 [3755]
  8874/16385: $546 [3754]
  8875/16385: $547 [3754]
  8876/16385: $546 [3753]
  8877/16385: $547 [3753]
  8878/16385: $546 [3752]
  8879/16385: $547 [3752]
  8880/16385: $546 [3751]
  8881/16385: $547 [3751]
  8882/16385: $546 [3750]
  8883/16385: $547 [3750]
  8884/16385: $546 [3749]
  8885/16385: $547 [3749]
  8886/16385: $546 [3748]
  8887/16385: $547 [3748]
  8888/16385: $546 [3747]
  8889/16385: $547 [3747]
  8890/16385: $546 [3746]
  8891/16385: $547 [3746]
  8892/16385: $546 [3745]
  8893/16385: $547 [3745]
  8894/16385: $546 [3744]
  8895/16385: $547 [3744]
  8896/16385: $546 [3743]
  8897/16385: $547 [3743]
  8898/16385: $546 [3742]
  8899/16385: $547 [3742]
  8900/16385: $546 [3741]
  8901/16385: $547 [3741]
  8902/16385: $546 [3740]
  8903/16385: $547 [3740]
  8904/16385: $546 [3739]
  8905/16385: $547 [3739]
  8906/16385: $546 [3738]
  8907/16385: $547 [3738]
  8908/16385: $546 [3737]
  8909/16385: $547 [3737]
  8910/16385: $546 [3736]
  8911/16385: $547 [3736]
  8912/16385: $546 [3735]
  8913/16385: $547 [3735]
  8914/16385: $546 [3734]
  8915/16385: $547 [3734]
  8916/16385: $546 [3733]
  8917/16385: $547 [3733]
  8918/16385: $546 [3732]
  8919/16385: $547 [3732]
  8920/16385: $546 [3731]
  8921/16385: $547 [3731]
  8922/16385: $546 [3730]
  8923/16385: $547 [3730]
  8924/16385: $546 [3729]
  8925/16385: $547 [3729]
  8926/16385: $546 [3728]
  8927/16385: $547 [3728]
  8928/16385: $546 [3727]
  8929/16385: $547 [3727]
  8930/16385: $546 [3726]
  8931/16385: $547 [3726]
  8932/16385: $546 [3725]
  8933/16385: $547 [3725]
  8934/16385: $546 [3724]
  8935/16385: $547 [3724]
  8936/16385: $546 [3723]
  8937/16385: $547 [3723]
  8938/16385: $546 [3722]
  8939/16385: $547 [3722]
  8940/16385: $546 [3721]
  8941/16385: $547 [3721]
  8942/16385: $546 [3720]
  8943/16385: $547 [3720]
  8944/16385: $546 [3719]
  8945/16385: $547 [3719]
  8946/16385: $546 [3718]
  8947/16385: $547 [3718]
  8948/16385: $546 [3717]
  8949/16385: $547 [3717]
  8950/16385: $546 [3716]
  8951/16385: $547 [3716]
  8952/16385: $546 [3715]
  8953/16385: $547 [3715]
  8954/16385: $546 [3714]
  8955/16385: $547 [3714]
  8956/16385: $546 [3713]
  8957/16385: $547 [3713]
  8958/16385: $546 [3712]
  8959/16385: $547 [3712]
  8960/16385: $546 [3711]
  8961/16385: $547 [3711]
  8962/16385: $546 [3710]
  8963/16385: $547 [3710]
  8964/16385: $546 [3709]
  8965/16385: $547 [3709]
  8966/16385: $546 [3708]
  8967/16385: $547 [3708]
  8968/16385: $546 [3707]
  8969/16385: $547 [3707]
  8970/16385: $546 [3706]
  8971/16385: $547 [3706]
  8972/16385: $546 [3705]
  8973/16385: $547 [3705]
  8974/16385: $546 [3704]
  8975/16385: $547 [3704]
  8976/16385: $546 [3703]
  8977/16385: $547 [3703]
  8978/16385: $546 [3702]
  8979/16385: $547 [3702]
  8980/16385: $546 [3701]
  8981/16385: $547 [3701]
  8982/16385: $546 [3700]
  8983/16385: $547 [3700]
  8984/16385: $546 [3699]
  8985/16385: $547 [3699]
  8986/16385: $546 [3698]
  8987/16385: $547 [3698]
  8988/16385: $546 [3697]
  8989/16385: $547 [3697]
  8990/16385: $546 [3696]
  8991/16385: $547 [3696]
  8992/16385: $546 [3695]
  8993/16385: $547 [3695]
  8994/16385: $546 [3694]
  8995/16385: $547 [3694]
  8996/16385: $546 [3693]
  8997/16385: $547 [3693]
  8998/16385: $546 [3692]
  8999/16385: $547 [3692]
  9000/16385: $546 [3691]
  9001/16385: $547 [3691]
  9002/16385: $546 [3690]
  9003/16385: $547 [3690]
  9004/16385: $546 [3689]
  9005/16385: $547 [3689]
  9006/16385: $546 [3688]
  9007/16385: $547 [3688]
  9008/16385: $546 [3687]
  9009/16385: $547 [3687]
  9010/16385: $546 [3686]
  9011/16385: $547 [3686]
  9012/16385: $546 [3685]
  9013/16385: $547 [3685]
  9014/16385: $546 [3684]
  9015/16385: $547 [3684]
  9016/16385: $546 [3683]
  9017/16385: $547 [3683]
  9018/16385: $546 [3682]
  9019/16385: $547 [3682]
  9020/16385: $546 [3681]
  9021/16385: $547 [3681]
  9022/16385: $546 [3680]
  9023/16385: $547 [3680]
  9024/16385: $546 [3679]
  9025/16385: $547 [3679]
  9026/16385: $546 [3678]
  9027/16385: $547 [3678]
  9028/16385: $546 [3677]
  9029/16385: $547 [3677]
  9030/16385: $546 [3676]
  9031/16385: $547 [3676]
  9032/16385: $546 [3675]
  9033/16385: $547 [3675]
  9034/16385: $546 [3674]
  9035/16385: $547 [3674]
  9036/16385: $546 [3673]
  9037/16385: $547 [3673]
  9038/16385: $546 [3672]
  9039/16385: $547 [3672]
  9040/16385: $546 [3671]
  9041/16385: $547 [3671]
  9042/16385: $546 [3670]
  9043/16385: $547 [3670]
  9044/16385: $546 [3669]
  9045/16385: $547 [3669]
  9046/16385: $546 [3668]
  9047/16385: $547 [3668]
  9048/16385: $546 [3667]
  9049/16385: $547 [3667]
  9050/16385: $546 [3666]
  9051/16385: $547 [3666]
  9052/16385: $546 [3665]
  9053/16385: $547 [3665]
  9054/16385: $546 [3664]
  9055/16385: $547 [3664]
  9056/16385: $546 [3663]
  9057/16385: $547 [3663]
  9058/16385: $546 [3662]
  9059/16385: $547 [3662]
  9060/16385: $546 [3661]
  9061/16385: $547 [3661]
  9062/16385: $546 [3660]
  9063/16385: $547 [3660]
  9064/16385: $546 [3659]
  9065/16385: $547 [3659]
  9066/16385: $546 [3658]
  9067/16385: $547 [3658]
  9068/16385: $546 [3657]
  9069/16385: $547 [3657]
  9070/16385: $546 [3656]
  9071/16385: $547 [3656]
  9072/16385: $546 [3655]
  9073/16385: $547 [3655]
  9074/16385: $546 [3654]
  9075/16385: $547 [3654]
  9076/16385: $546 [3653]
  9077/16385: $547 [3653]
  9078/16385: $546 [3652]
  9079/16385: $547 [3652]
  9080/16385: $546 [3651]
  9081/16385: $547 [3651]
  9082/16385: $546 [3650]
  9083/16385: $547 [3650]
  9084/16385: $546 [3649]
  9085/16385: $547 [3649]
  9086/16385: $546 [3648]
  9087/16385: $547 [3648]
  9088/16385: $546 [3647]
  9089/16385: $547 [3647]
  9090/16385: $546 [3646]
  9091/16385: $547 [3646]
  9092/16385: $546 [3645]
  9093/16385: $547 [3645]
  9094/16385: $546 [3644]
  9095/16385: $547 [3644]
  9096/16385: $546 [3643]
  9097/16385: $547 [3643]
  9098/16385: $546 [3642]
  9099/16385: $547 [3642]
  9100/16385: $546 [3641]
  9101/16385: $547 [3641]
  9102/16385: $546 [3640]
  9103/16385: $547 [3640]
  9104/16385: $546 [3639]
  9105/16385: $547 [3639]
  9106/16385: $546 [3638]
  9107/16385: $547 [3638]
  9108/16385: $546 [3637]
  9109/16385: $547 [3637]
  9110/16385: $546 [3636]
  9111/16385: $547 [3636]
  9112/16385: $546 [3635]
  9113/16385: $547 [3635]
  9114/16385: $546 [3634]
  9115/16385: $547 [3634]
  9116/16385: $546 [3633]
  9117/16385: $547 [3633]
  9118/16385: $546 [3632]
  9119/16385: $547 [3632]
  9120/16385: $546 [3631]
  9121/16385: $547 [3631]
  9122/16385: $546 [3630]
  9123/16385: $547 [3630]
  9124/16385: $546 [3629]
  9125/16385: $547 [3629]
  9126/16385: $546 [3628]
  9127/16385: $547 [3628]
  9128/16385: $546 [3627]
  9129/16385: $547 [3627]
  9130/16385: $546 [3626]
  9131/16385: $547 [3626]
  9132/16385: $546 [3625]
  9133/16385: $547 [3625]
  9134/16385: $546 [3624]
  9135/16385: $547 [3624]
  9136/16385: $546 [3623]
  9137/16385: $547 [3623]
  9138/16385: $546 [3622]
  9139/16385: $547 [3622]
  9140/16385: $546 [3621]
  9141/16385: $547 [3621]
  9142/16385: $546 [3620]
  9143/16385: $547 [3620]
  9144/16385: $546 [3619]
  9145/16385: $547 [3619]
  9146/16385: $546 [3618]
  9147/16385: $547 [3618]
  9148/16385: $546 [3617]
  9149/16385: $547 [3617]
  9150/16385: $546 [3616]
  9151/16385: $547 [3616]
  9152/16385: $546 [3615]
  9153/16385: $547 [3615]
  9154/16385: $546 [3614]
  9155/16385: $547 [3614]
  9156/16385: $546 [3613]
  9157/16385: $547 [3613]
  9158/16385: $546 [3612]
  9159/16385: $547 [3612]
  9160/16385: $546 [3611]
  9161/16385: $547 [3611]
  9162/16385: $546 [3610]
  9163/16385: $547 [3610]
  9164/16385: $546 [3609]
  9165/16385: $547 [3609]
  9166/16385: $546 [3608]
  9167/16385: $547 [3608]
  9168/16385: $546 [3607]
  9169/16385: $547 [3607]
  9170/16385: $546 [3606]
  9171/16385: $547 [3606]
  9172/16385: $546 [3605]
  9173/16385: $547 [3605]
  9174/16385: $546 [3604]
  9175/16385: $547 [3604]
  9176/16385: $546 [3603]
  9177/16385: $547 [3603]
  9178/16385: $546 [3602]
  9179/16385: $547 [3602]
  9180/16385: $546 [3601]
  9181/16385: $547 [3601]
  9182/16385: $546 [3600]
  9183/16385: $547 [3600]
  9184/16385: $546 [3599]
  9185/16385: $547 [3599]
  9186/16385: $546 [3598]
  9187/16385: $547 [3598]
  9188/16385: $546 [3597]
  9189/16385: $547 [3597]
  9190/16385: $546 [3596]
  9191/16385: $547 [3596]
  9192/16385: $546 [3595]
  9193/16385: $547 [3595]
  9194/16385: $546 [3594]
  9195/16385: $547 [3594]
  9196/16385: $546 [3593]
  9197/16385: $547 [3593]
  9198/16385: $546 [3592]
  9199/16385: $547 [3592]
  9200/16385: $546 [3591]
  9201/16385: $547 [3591]
  9202/16385: $546 [3590]
  9203/16385: $547 [3590]
  9204/16385: $546 [3589]
  9205/16385: $547 [3589]
  9206/16385: $546 [3588]
  9207/16385: $547 [3588]
  9208/16385: $546 [3587]
  9209/16385: $547 [3587]
  9210/16385: $546 [3586]
  9211/16385: $547 [3586]
  9212/16385: $546 [3585]
  9213/16385: $547 [3585]
  9214/16385: $546 [3584]
  9215/16385: $547 [3584]
  9216/16385: $546 [3583]
  9217/16385: $547 [3583]
  9218/16385: $546 [3582]
  9219/16385: $547 [3582]
  9220/16385: $546 [3581]
  9221/16385: $547 [3581]
  9222/16385: $546 [3580]
  9223/16385: $547 [3580]
  9224/16385: $546 [3579]
  9225/16385: $547 [3579]
  9226/16385: $546 [3578]
  9227/16385: $547 [3578]
  9228/16385: $546 [3577]
  9229/16385: $547 [3577]
  9230/16385: $546 [3576]
  9231/16385: $547 [3576]
  9232/16385: $546 [3575]
  9233/16385: $547 [3575]
  9234/16385: $546 [3574]
  9235/16385: $547 [3574]
  9236/16385: $546 [3573]
  9237/16385: $547 [3573]
  9238/16385: $546 [3572]
  9239/16385: $547 [3572]
  9240/16385: $546 [3571]
  9241/16385: $547 [3571]
  9242/16385: $546 [3570]
  9243/16385: $547 [3570]
  9244/16385: $546 [3569]
  9245/16385: $547 [3569]
  9246/16385: $546 [3568]
  9247/16385: $547 [3568]
  9248/16385: $546 [3567]
  9249/16385: $547 [3567]
  9250/16385: $546 [3566]
  9251/16385: $547 [3566]
  9252/16385: $546 [3565]
  9253/16385: $547 [3565]
  9254/16385: $546 [3564]
  9255/16385: $547 [3564]
  9256/16385: $546 [3563]
  9257/16385: $547 [3563]
  9258/16385: $546 [3562]
  9259/16385: $547 [3562]
  9260/16385: $546 [3561]
  9261/16385: $547 [3561]
  9262/16385: $546 [3560]
  9263/16385: $547 [3560]
  9264/16385: $546 [3559]
  9265/16385: $547 [3559]
  9266/16385: $546 [3558]
  9267/16385: $547 [3558]
  9268/16385: $546 [3557]
  9269/16385: $547 [3557]
  9270/16385: $546 [3556]
  9271/16385: $547 [3556]
  9272/16385: $546 [3555]
  9273/16385: $547 [3555]
  9274/16385: $546 [3554]
  9275/16385: $547 [3554]
  9276/16385: $546 [3553]
  9277/16385: $547 [3553]
  9278/16385: $546 [3552]
  9279/16385: $547 [3552]
  9280/16385: $546 [3551]
  9281/16385: $547 [3551]
  9282/16385: $546 [3550]
  9283/16385: $547 [3550]
  9284/16385: $546 [3549]
  9285/16385: $547 [3549]
  9286/16385: $546 [3548]
  9287/16385: $547 [3548]
  9288/16385: $546 [3547]
  9289/16385: $547 [3547]
  9290/16385: $546 [3546]
  9291/16385: $547 [3546]
  9292/16385: $546 [3545]
  9293/16385: $547 [3545]
  9294/16385: $546 [3544]
  9295/16385: $547 [3544]
  9296/16385: $546 [3543]
  9297/16385: $547 [3543]
  9298/16385: $546 [3542]
  9299/16385: $547 [3542]
  9300/16385: $546 [3541]
  9301/16385: $547 [3541]
  9302/16385: $546 [3540]
  9303/16385: $547 [3540]
  9304/16385: $546 [3539]
  9305/16385: $547 [3539]
  9306/16385: $546 [3538]
  9307/16385: $547 [3538]
  9308/16385: $546 [3537]
  9309/16385: $547 [3537]
  9310/16385: $546 [3536]
  9311/16385: $547 [3536]
  9312/16385: $546 [3535]
  9313/16385: $547 [3535]
  9314/16385: $546 [3534]
  9315/16385: $547 [3534]
  9316/16385: $546 [3533]
  9317/16385: $547 [3533]
  9318/16385: $546 [3532]
  9319/16385: $547 [3532]
  9320/16385: $546 [3531]
  9321/16385: $547 [3531]
  9322/16385: $546 [3530]
  9323/16385: $547 [3530]
  9324/16385: $546 [3529]
  9325/16385: $547 [3529]
  9326/16385: $546 [3528]
  9327/16385: $547 [3528]
  9328/16385: $546 [3527]
  9329/16385: $547 [3527]
  9330/16385: $546 [3526]
  9331/16385: $547 [3526]
  9332/16385: $546 [3525]
  9333/16385: $547 [3525]
  9334/16385: $546 [3524]
  9335/16385: $547 [3524]
  9336/16385: $546 [3523]
  9337/16385: $547 [3523]
  9338/16385: $546 [3522]
  9339/16385: $547 [3522]
  9340/16385: $546 [3521]
  9341/16385: $547 [3521]
  9342/16385: $546 [3520]
  9343/16385: $547 [3520]
  9344/16385: $546 [3519]
  9345/16385: $547 [3519]
  9346/16385: $546 [3518]
  9347/16385: $547 [3518]
  9348/16385: $546 [3517]
  9349/16385: $547 [3517]
  9350/16385: $546 [3516]
  9351/16385: $547 [3516]
  9352/16385: $546 [3515]
  9353/16385: $547 [3515]
  9354/16385: $546 [3514]
  9355/16385: $547 [3514]
  9356/16385: $546 [3513]
  9357/16385: $547 [3513]
  9358/16385: $546 [3512]
  9359/16385: $547 [3512]
  9360/16385: $546 [3511]
  9361/16385: $547 [3511]
  9362/16385: $546 [3510]
  9363/16385: $547 [3510]
  9364/16385: $546 [3509]
  9365/16385: $547 [3509]
  9366/16385: $546 [3508]
  9367/16385: $547 [3508]
  9368/16385: $546 [3507]
  9369/16385: $547 [3507]
  9370/16385: $546 [3506]
  9371/16385: $547 [3506]
  9372/16385: $546 [3505]
  9373/16385: $547 [3505]
  9374/16385: $546 [3504]
  9375/16385: $547 [3504]
  9376/16385: $546 [3503]
  9377/16385: $547 [3503]
  9378/16385: $546 [3502]
  9379/16385: $547 [3502]
  9380/16385: $546 [3501]
  9381/16385: $547 [3501]
  9382/16385: $546 [3500]
  9383/16385: $547 [3500]
  9384/16385: $546 [3499]
  9385/16385: $547 [3499]
  9386/16385: $546 [3498]
  9387/16385: $547 [3498]
  9388/16385: $546 [3497]
  9389/16385: $547 [3497]
  9390/16385: $546 [3496]
  9391/16385: $547 [3496]
  9392/16385: $546 [3495]
  9393/16385: $547 [3495]
  9394/16385: $546 [3494]
  9395/16385: $547 [3494]
  9396/16385: $546 [3493]
  9397/16385: $547 [3493]
  9398/16385: $546 [3492]
  9399/16385: $547 [3492]
  9400/16385: $546 [3491]
  9401/16385: $547 [3491]
  9402/16385: $546 [3490]
  9403/16385: $547 [3490]
  9404/16385: $546 [3489]
  9405/16385: $547 [3489]
  9406/16385: $546 [3488]
  9407/16385: $547 [3488]
  9408/16385: $546 [3487]
  9409/16385: $547 [3487]
  9410/16385: $546 [3486]
  9411/16385: $547 [3486]
  9412/16385: $546 [3485]
  9413/16385: $547 [3485]
  9414/16385: $546 [3484]
  9415/16385: $547 [3484]
  9416/16385: $546 [3483]
  9417/16385: $547 [3483]
  9418/16385: $546 [3482]
  9419/16385: $547 [3482]
  9420/16385: $546 [3481]
  9421/16385: $547 [3481]
  9422/16385: $546 [3480]
  9423/16385: $547 [3480]
  9424/16385: $546 [3479]
  9425/16385: $547 [3479]
  9426/16385: $546 [3478]
  9427/16385: $547 [3478]
  9428/16385: $546 [3477]
  9429/16385: $547 [3477]
  9430/16385: $546 [3476]
  9431/16385: $547 [3476]
  9432/16385: $546 [3475]
  9433/16385: $547 [3475]
  9434/16385: $546 [3474]
  9435/16385: $547 [3474]
  9436/16385: $546 [3473]
  9437/16385: $547 [3473]
  9438/16385: $546 [3472]
  9439/16385: $547 [3472]
  9440/16385: $546 [3471]
  9441/16385: $547 [3471]
  9442/16385: $546 [3470]
  9443/16385: $547 [3470]
  9444/16385: $546 [3469]
  9445/16385: $547 [3469]
  9446/16385: $546 [3468]
  9447/16385: $547 [3468]
  9448/16385: $546 [3467]
  9449/16385: $547 [3467]
  9450/16385: $546 [3466]
  9451/16385: $547 [3466]
  9452/16385: $546 [3465]
  9453/16385: $547 [3465]
  9454/16385: $546 [3464]
  9455/16385: $547 [3464]
  9456/16385: $546 [3463]
  9457/16385: $547 [3463]
  9458/16385: $546 [3462]
  9459/16385: $547 [3462]
  9460/16385: $546 [3461]
  9461/16385: $547 [3461]
  9462/16385: $546 [3460]
  9463/16385: $547 [3460]
  9464/16385: $546 [3459]
  9465/16385: $547 [3459]
  9466/16385: $546 [3458]
  9467/16385: $547 [3458]
  9468/16385: $546 [3457]
  9469/16385: $547 [3457]
  9470/16385: $546 [3456]
  9471/16385: $547 [3456]
  9472/16385: $546 [3455]
  9473/16385: $547 [3455]
  9474/16385: $546 [3454]
  9475/16385: $547 [3454]
  9476/16385: $546 [3453]
  9477/16385: $547 [3453]
  9478/16385: $546 [3452]
  9479/16385: $547 [3452]
  9480/16385: $546 [3451]
  9481/16385: $547 [3451]
  9482/16385: $546 [3450]
  9483/16385: $547 [3450]
  9484/16385: $546 [3449]
  9485/16385: $547 [3449]
  9486/16385: $546 [3448]
  9487/16385: $547 [3448]
  9488/16385: $546 [3447]
  9489/16385: $547 [3447]
  9490/16385: $546 [3446]
  9491/16385: $547 [3446]
  9492/16385: $546 [3445]
  9493/16385: $547 [3445]
  9494/16385: $546 [3444]
  9495/16385: $547 [3444]
  9496/16385: $546 [3443]
  9497/16385: $547 [3443]
  9498/16385: $546 [3442]
  9499/16385: $547 [3442]
  9500/16385: $546 [3441]
  9501/16385: $547 [3441]
  9502/16385: $546 [3440]
  9503/16385: $547 [3440]
  9504/16385: $546 [3439]
  9505/16385: $547 [3439]
  9506/16385: $546 [3438]
  9507/16385: $547 [3438]
  9508/16385: $546 [3437]
  9509/16385: $547 [3437]
  9510/16385: $546 [3436]
  9511/16385: $547 [3436]
  9512/16385: $546 [3435]
  9513/16385: $547 [3435]
  9514/16385: $546 [3434]
  9515/16385: $547 [3434]
  9516/16385: $546 [3433]
  9517/16385: $547 [3433]
  9518/16385: $546 [3432]
  9519/16385: $547 [3432]
  9520/16385: $546 [3431]
  9521/16385: $547 [3431]
  9522/16385: $546 [3430]
  9523/16385: $547 [3430]
  9524/16385: $546 [3429]
  9525/16385: $547 [3429]
  9526/16385: $546 [3428]
  9527/16385: $547 [3428]
  9528/16385: $546 [3427]
  9529/16385: $547 [3427]
  9530/16385: $546 [3426]
  9531/16385: $547 [3426]
  9532/16385: $546 [3425]
  9533/16385: $547 [3425]
  9534/16385: $546 [3424]
  9535/16385: $547 [3424]
  9536/16385: $546 [3423]
  9537/16385: $547 [3423]
  9538/16385: $546 [3422]
  9539/16385: $547 [3422]
  9540/16385: $546 [3421]
  9541/16385: $547 [3421]
  9542/16385: $546 [3420]
  9543/16385: $547 [3420]
  9544/16385: $546 [3419]
  9545/16385: $547 [3419]
  9546/16385: $546 [3418]
  9547/16385: $547 [3418]
  9548/16385: $546 [3417]
  9549/16385: $547 [3417]
  9550/16385: $546 [3416]
  9551/16385: $547 [3416]
  9552/16385: $546 [3415]
  9553/16385: $547 [3415]
  9554/16385: $546 [3414]
  9555/16385: $547 [3414]
  9556/16385: $546 [3413]
  9557/16385: $547 [3413]
  9558/16385: $546 [3412]
  9559/16385: $547 [3412]
  9560/16385: $546 [3411]
  9561/16385: $547 [3411]
  9562/16385: $546 [3410]
  9563/16385: $547 [3410]
  9564/16385: $546 [3409]
  9565/16385: $547 [3409]
  9566/16385: $546 [3408]
  9567/16385: $547 [3408]
  9568/16385: $546 [3407]
  9569/16385: $547 [3407]
  9570/16385: $546 [3406]
  9571/16385: $547 [3406]
  9572/16385: $546 [3405]
  9573/16385: $547 [3405]
  9574/16385: $546 [3404]
  9575/16385: $547 [3404]
  9576/16385: $546 [3403]
  9577/16385: $547 [3403]
  9578/16385: $546 [3402]
  9579/16385: $547 [3402]
  9580/16385: $546 [3401]
  9581/16385: $547 [3401]
  9582/16385: $546 [3400]
  9583/16385: $547 [3400]
  9584/16385: $546 [3399]
  9585/16385: $547 [3399]
  9586/16385: $546 [3398]
  9587/16385: $547 [3398]
  9588/16385: $546 [3397]
  9589/16385: $547 [3397]
  9590/16385: $546 [3396]
  9591/16385: $547 [3396]
  9592/16385: $546 [3395]
  9593/16385: $547 [3395]
  9594/16385: $546 [3394]
  9595/16385: $547 [3394]
  9596/16385: $546 [3393]
  9597/16385: $547 [3393]
  9598/16385: $546 [3392]
  9599/16385: $547 [3392]
  9600/16385: $546 [3391]
  9601/16385: $547 [3391]
  9602/16385: $546 [3390]
  9603/16385: $547 [3390]
  9604/16385: $546 [3389]
  9605/16385: $547 [3389]
  9606/16385: $546 [3388]
  9607/16385: $547 [3388]
  9608/16385: $546 [3387]
  9609/16385: $547 [3387]
  9610/16385: $546 [3386]
  9611/16385: $547 [3386]
  9612/16385: $546 [3385]
  9613/16385: $547 [3385]
  9614/16385: $546 [3384]
  9615/16385: $547 [3384]
  9616/16385: $546 [3383]
  9617/16385: $547 [3383]
  9618/16385: $546 [3382]
  9619/16385: $547 [3382]
  9620/16385: $546 [3381]
  9621/16385: $547 [3381]
  9622/16385: $546 [3380]
  9623/16385: $547 [3380]
  9624/16385: $546 [3379]
  9625/16385: $547 [3379]
  9626/16385: $546 [3378]
  9627/16385: $547 [3378]
  9628/16385: $546 [3377]
  9629/16385: $547 [3377]
  9630/16385: $546 [3376]
  9631/16385: $547 [3376]
  9632/16385: $546 [3375]
  9633/16385: $547 [3375]
  9634/16385: $546 [3374]
  9635/16385: $547 [3374]
  9636/16385: $546 [3373]
  9637/16385: $547 [3373]
  9638/16385: $546 [3372]
  9639/16385: $547 [3372]
  9640/16385: $546 [3371]
  9641/16385: $547 [3371]
  9642/16385: $546 [3370]
  9643/16385: $547 [3370]
  9644/16385: $546 [3369]
  9645/16385: $547 [3369]
  9646/16385: $546 [3368]
  9647/16385: $547 [3368]
  9648/16385: $546 [3367]
  9649/16385: $547 [3367]
  9650/16385: $546 [3366]
  9651/16385: $547 [3366]
  9652/16385: $546 [3365]
  9653/16385: $547 [3365]
  9654/16385: $546 [3364]
  9655/16385: $547 [3364]
  9656/16385: $546 [3363]
  9657/16385: $547 [3363]
  9658/16385: $546 [3362]
  9659/16385: $547 [3362]
  9660/16385: $546 [3361]
  9661/16385: $547 [3361]
  9662/16385: $546 [3360]
  9663/16385: $547 [3360]
  9664/16385: $546 [3359]
  9665/16385: $547 [3359]
  9666/16385: $546 [3358]
  9667/16385: $547 [3358]
  9668/16385: $546 [3357]
  9669/16385: $547 [3357]
  9670/16385: $546 [3356]
  9671/16385: $547 [3356]
  9672/16385: $546 [3355]
  9673/16385: $547 [3355]
  9674/16385: $546 [3354]
  9675/16385: $547 [3354]
  9676/16385: $546 [3353]
  9677/16385: $547 [3353]
  9678/16385: $546 [3352]
  9679/16385: $547 [3352]
  9680/16385: $546 [3351]
  9681/16385: $547 [3351]
  9682/16385: $546 [3350]
  9683/16385: $547 [3350]
  9684/16385: $546 [3349]
  9685/16385: $547 [3349]
  9686/16385: $546 [3348]
  9687/16385: $547 [3348]
  9688/16385: $546 [3347]
  9689/16385: $547 [3347]
  9690/16385: $546 [3346]
  9691/16385: $547 [3346]
  9692/16385: $546 [3345]
  9693/16385: $547 [3345]
  9694/16385: $546 [3344]
  9695/16385: $547 [3344]
  9696/16385: $546 [3343]
  9697/16385: $547 [3343]
  9698/16385: $546 [3342]
  9699/16385: $547 [3342]
  9700/16385: $546 [3341]
  9701/16385: $547 [3341]
  9702/16385: $546 [3340]
  9703/16385: $547 [3340]
  9704/16385: $546 [3339]
  9705/16385: $547 [3339]
  9706/16385: $546 [3338]
  9707/16385: $547 [3338]
  9708/16385: $546 [3337]
  9709/16385: $547 [3337]
  9710/16385: $546 [3336]
  9711/16385: $547 [3336]
  9712/16385: $546 [3335]
  9713/16385: $547 [3335]
  9714/16385: $546 [3334]
  9715/16385: $547 [3334]
  9716/16385: $546 [3333]
  9717/16385: $547 [3333]
  9718/16385: $546 [3332]
  9719/16385: $547 [3332]
  9720/16385: $546 [3331]
  9721/16385: $547 [3331]
  9722/16385: $546 [3330]
  9723/16385: $547 [3330]
  9724/16385: $546 [3329]
  9725/16385: $547 [3329]
  9726/16385: $546 [3328]
  9727/16385: $547 [3328]
  9728/16385: $546 [3327]
  9729/16385: $547 [3327]
  9730/16385: $546 [3326]
  9731/16385: $547 [3326]
  9732/16385: $546 [3325]
  9733/16385: $547 [3325]
  9734/16385: $546 [3324]
  9735/16385: $547 [3324]
  9736/16385: $546 [3323]
  9737/16385: $547 [3323]
  9738/16385: $546 [3322]
  9739/16385: $547 [3322]
  9740/16385: $546 [3321]
  9741/16385: $547 [3321]
  9742/16385: $546 [3320]
  9743/16385: $547 [3320]
  9744/16385: $546 [3319]
  9745/16385: $547 [3319]
  9746/16385: $546 [3318]
  9747/16385: $547 [3318]
  9748/16385: $546 [3317]
  9749/16385: $547 [3317]
  9750/16385: $546 [3316]
  9751/16385: $547 [3316]
  9752/16385: $546 [3315]
  9753/16385: $547 [3315]
  9754/16385: $546 [3314]
  9755/16385: $547 [3314]
  9756/16385: $546 [3313]
  9757/16385: $547 [3313]
  9758/16385: $546 [3312]
  9759/16385: $547 [3312]
  9760/16385: $546 [3311]
  9761/16385: $547 [3311]
  9762/16385: $546 [3310]
  9763/16385: $547 [3310]
  9764/16385: $546 [3309]
  9765/16385: $547 [3309]
  9766/16385: $546 [3308]
  9767/16385: $547 [3308]
  9768/16385: $546 [3307]
  9769/16385: $547 [3307]
  9770/16385: $546 [3306]
  9771/16385: $547 [3306]
  9772/16385: $546 [3305]
  9773/16385: $547 [3305]
  9774/16385: $546 [3304]
  9775/16385: $547 [3304]
  9776/16385: $546 [3303]
  9777/16385: $547 [3303]
  9778/16385: $546 [3302]
  9779/16385: $547 [3302]
  9780/16385: $546 [3301]
  9781/16385: $547 [3301]
  9782/16385: $546 [3300]
  9783/16385: $547 [3300]
  9784/16385: $546 [3299]
  9785/16385: $547 [3299]
  9786/16385: $546 [3298]
  9787/16385: $547 [3298]
  9788/16385: $546 [3297]
  9789/16385: $547 [3297]
  9790/16385: $546 [3296]
  9791/16385: $547 [3296]
  9792/16385: $546 [3295]
  9793/16385: $547 [3295]
  9794/16385: $546 [3294]
  9795/16385: $547 [3294]
  9796/16385: $546 [3293]
  9797/16385: $547 [3293]
  9798/16385: $546 [3292]
  9799/16385: $547 [3292]
  9800/16385: $546 [3291]
  9801/16385: $547 [3291]
  9802/16385: $546 [3290]
  9803/16385: $547 [3290]
  9804/16385: $546 [3289]
  9805/16385: $547 [3289]
  9806/16385: $546 [3288]
  9807/16385: $547 [3288]
  9808/16385: $546 [3287]
  9809/16385: $547 [3287]
  9810/16385: $546 [3286]
  9811/16385: $547 [3286]
  9812/16385: $546 [3285]
  9813/16385: $547 [3285]
  9814/16385: $546 [3284]
  9815/16385: $547 [3284]
  9816/16385: $546 [3283]
  9817/16385: $547 [3283]
  9818/16385: $546 [3282]
  9819/16385: $547 [3282]
  9820/16385: $546 [3281]
  9821/16385: $547 [3281]
  9822/16385: $546 [3280]
  9823/16385: $547 [3280]
  9824/16385: $546 [3279]
  9825/16385: $547 [3279]
  9826/16385: $546 [3278]
  9827/16385: $547 [3278]
  9828/16385: $546 [3277]
  9829/16385: $547 [3277]
  9830/16385: $546 [3276]
  9831/16385: $547 [3276]
  9832/16385: $546 [3275]
  9833/16385: $547 [3275]
  9834/16385: $546 [3274]
  9835/16385: $547 [3274]
  9836/16385: $546 [3273]
  9837/16385: $547 [3273]
  9838/16385: $546 [3272]
  9839/16385: $547 [3272]
  9840/16385: $546 [3271]
  9841/16385: $547 [3271]
  9842/16385: $546 [3270]
  9843/16385: $547 [3270]
  9844/16385: $546 [3269]
  9845/16385: $547 [3269]
  9846/16385: $546 [3268]
  9847/16385: $547 [3268]
  9848/16385: $546 [3267]
  9849/16385: $547 [3267]
  9850/16385: $546 [3266]
  9851/16385: $547 [3266]
  9852/16385: $546 [3265]
  9853/16385: $547 [3265]
  9854/16385: $546 [3264]
  9855/16385: $547 [3264]
  9856/16385: $546 [3263]
  9857/16385: $547 [3263]
  9858/16385: $546 [3262]
  9859/16385: $547 [3262]
  9860/16385: $546 [3261]
  9861/16385: $547 [3261]
  9862/16385: $546 [3260]
  9863/16385: $547 [3260]
  9864/16385: $546 [3259]
  9865/16385: $547 [3259]
  9866/16385: $546 [3258]
  9867/16385: $547 [3258]
  9868/16385: $546 [3257]
  9869/16385: $547 [3257]
  9870/16385: $546 [3256]
  9871/16385: $547 [3256]
  9872/16385: $546 [3255]
  9873/16385: $547 [3255]
  9874/16385: $546 [3254]
  9875/16385: $547 [3254]
  9876/16385: $546 [3253]
  9877/16385: $547 [3253]
  9878/16385: $546 [3252]
  9879/16385: $547 [3252]
  9880/16385: $546 [3251]
  9881/16385: $547 [3251]
  9882/16385: $546 [3250]
  9883/16385: $547 [3250]
  9884/16385: $546 [3249]
  9885/16385: $547 [3249]
  9886/16385: $546 [3248]
  9887/16385: $547 [3248]
  9888/16385: $546 [3247]
  9889/16385: $547 [3247]
  9890/16385: $546 [3246]
  9891/16385: $547 [3246]
  9892/16385: $546 [3245]
  9893/16385: $547 [3245]
  9894/16385: $546 [3244]
  9895/16385: $547 [3244]
  9896/16385: $546 [3243]
  9897/16385: $547 [3243]
  9898/16385: $546 [3242]
  9899/16385: $547 [3242]
  9900/16385: $546 [3241]
  9901/16385: $547 [3241]
  9902/16385: $546 [3240]
  9903/16385: $547 [3240]
  9904/16385: $546 [3239]
  9905/16385: $547 [3239]
  9906/16385: $546 [3238]
  9907/16385: $547 [3238]
  9908/16385: $546 [3237]
  9909/16385: $547 [3237]
  9910/16385: $546 [3236]
  9911/16385: $547 [3236]
  9912/16385: $546 [3235]
  9913/16385: $547 [3235]
  9914/16385: $546 [3234]
  9915/16385: $547 [3234]
  9916/16385: $546 [3233]
  9917/16385: $547 [3233]
  9918/16385: $546 [3232]
  9919/16385: $547 [3232]
  9920/16385: $546 [3231]
  9921/16385: $547 [3231]
  9922/16385: $546 [3230]
  9923/16385: $547 [3230]
  9924/16385: $546 [3229]
  9925/16385: $547 [3229]
  9926/16385: $546 [3228]
  9927/16385: $547 [3228]
  9928/16385: $546 [3227]
  9929/16385: $547 [3227]
  9930/16385: $546 [3226]
  9931/16385: $547 [3226]
  9932/16385: $546 [3225]
  9933/16385: $547 [3225]
  9934/16385: $546 [3224]
  9935/16385: $547 [3224]
  9936/16385: $546 [3223]
  9937/16385: $547 [3223]
  9938/16385: $546 [3222]
  9939/16385: $547 [3222]
  9940/16385: $546 [3221]
  9941/16385: $547 [3221]
  9942/16385: $546 [3220]
  9943/16385: $547 [3220]
  9944/16385: $546 [3219]
  9945/16385: $547 [3219]
  9946/16385: $546 [3218]
  9947/16385: $547 [3218]
  9948/16385: $546 [3217]
  9949/16385: $547 [3217]
  9950/16385: $546 [3216]
  9951/16385: $547 [3216]
  9952/16385: $546 [3215]
  9953/16385: $547 [3215]
  9954/16385: $546 [3214]
  9955/16385: $547 [3214]
  9956/16385: $546 [3213]
  9957/16385: $547 [3213]
  9958/16385: $546 [3212]
  9959/16385: $547 [3212]
  9960/16385: $546 [3211]
  9961/16385: $547 [3211]
  9962/16385: $546 [3210]
  9963/16385: $547 [3210]
  9964/16385: $546 [3209]
  9965/16385: $547 [3209]
  9966/16385: $546 [3208]
  9967/16385: $547 [3208]
  9968/16385: $546 [3207]
  9969/16385: $547 [3207]
  9970/16385: $546 [3206]
  9971/16385: $547 [3206]
  9972/16385: $546 [3205]
  9973/16385: $547 [3205]
  9974/16385: $546 [3204]
  9975/16385: $547 [3204]
  9976/16385: $546 [3203]
  9977/16385: $547 [3203]
  9978/16385: $546 [3202]
  9979/16385: $547 [3202]
  9980/16385: $546 [3201]
  9981/16385: $547 [3201]
  9982/16385: $546 [3200]
  9983/16385: $547 [3200]
  9984/16385: $546 [3199]
  9985/16385: $547 [3199]
  9986/16385: $546 [3198]
  9987/16385: $547 [3198]
  9988/16385: $546 [3197]
  9989/16385: $547 [3197]
  9990/16385: $546 [3196]
  9991/16385: $547 [3196]
  9992/16385: $546 [3195]
  9993/16385: $547 [3195]
  9994/16385: $546 [3194]
  9995/16385: $547 [3194]
  9996/16385: $546 [3193]
  9997/16385: $547 [3193]
  9998/16385: $546 [3192]
  9999/16385: $547 [3192]
 10000/16385: $546 [3191]
 10001/16385: $547 [3191]
 10002/16385: $546 [3190]
 10003/16385: $547 [3190]
 10004/16385: $546 [3189]
 10005/16385: $547 [3189]
 10006/16385: $546 [3188]
 10007/16385: $547 [3188]
 10008/16385: $546 [3187]
 10009/16385: $547 [3187]
 10010/16385: $546 [3186]
 10011/16385: $547 [3186]
 10012/16385: $546 [3185]
 10013/16385: $547 [3185]
 10014/16385: $546 [3184]
 10015/16385: $547 [3184]
 10016/16385: $546 [3183]
 10017/16385: $547 [3183]
 10018/16385: $546 [3182]
 10019/16385: $547 [3182]
 10020/16385: $546 [3181]
 10021/16385: $547 [3181]
 10022/16385: $546 [3180]
 10023/16385: $547 [3180]
 10024/16385: $546 [3179]
 10025/16385: $547 [3179]
 10026/16385: $546 [3178]
 10027/16385: $547 [3178]
 10028/16385: $546 [3177]
 10029/16385: $547 [3177]
 10030/16385: $546 [3176]
 10031/16385: $547 [3176]
 10032/16385: $546 [3175]
 10033/16385: $547 [3175]
 10034/16385: $546 [3174]
 10035/16385: $547 [3174]
 10036/16385: $546 [3173]
 10037/16385: $547 [3173]
 10038/16385: $546 [3172]
 10039/16385: $547 [3172]
 10040/16385: $546 [3171]
 10041/16385: $547 [3171]
 10042/16385: $546 [3170]
 10043/16385: $547 [3170]
 10044/16385: $546 [3169]
 10045/16385: $547 [3169]
 10046/16385: $546 [3168]
 10047/16385: $547 [3168]
 10048/16385: $546 [3167]
 10049/16385: $547 [3167]
 10050/16385: $546 [3166]
 10051/16385: $547 [3166]
 10052/16385: $546 [3165]
 10053/16385: $547 [3165]
 10054/16385: $546 [3164]
 10055/16385: $547 [3164]
 10056/16385: $546 [3163]
 10057/16385: $547 [3163]
 10058/16385: $546 [3162]
 10059/16385: $547 [3162]
 10060/16385: $546 [3161]
 10061/16385: $547 [3161]
 10062/16385: $546 [3160]
 10063/16385: $547 [3160]
 10064/16385: $546 [3159]
 10065/16385: $547 [3159]
 10066/16385: $546 [3158]
 10067/16385: $547 [3158]
 10068/16385: $546 [3157]
 10069/16385: $547 [3157]
 10070/16385: $546 [3156]
 10071/16385: $547 [3156]
 10072/16385: $546 [3155]
 10073/16385: $547 [3155]
 10074/16385: $546 [3154]
 10075/16385: $547 [3154]
 10076/16385: $546 [3153]
 10077/16385: $547 [3153]
 10078/16385: $546 [3152]
 10079/16385: $547 [3152]
 10080/16385: $546 [3151]
 10081/16385: $547 [3151]
 10082/16385: $546 [3150]
 10083/16385: $547 [3150]
 10084/16385: $546 [3149]
 10085/16385: $547 [3149]
 10086/16385: $546 [3148]
 10087/16385: $547 [3148]
 10088/16385: $546 [3147]
 10089/16385: $547 [3147]
 10090/16385: $546 [3146]
 10091/16385: $547 [3146]
 10092/16385: $546 [3145]
 10093/16385: $547 [3145]
 10094/16385: $546 [3144]
 10095/16385: $547 [3144]
 10096/16385: $546 [3143]
 10097/16385: $547 [3143]
 10098/16385: $546 [3142]
 10099/16385: $547 [3142]
 10100/16385: $546 [3141]
 10101/16385: $547 [3141]
 10102/16385: $546 [3140]
 10103/16385: $547 [3140]
 10104/16385: $546 [3139]
 10105/16385: $547 [3139]
 10106/16385: $546 [3138]
 10107/16385: $547 [3138]
 10108/16385: $546 [3137]
 10109/16385: $547 [3137]
 10110/16385: $546 [3136]
 10111/16385: $547 [3136]
 10112/16385: $546 [3135]
 10113/16385: $547 [3135]
 10114/16385: $546 [3134]
 10115/16385: $547 [3134]
 10116/16385: $546 [3133]
 10117/16385: $547 [3133]
 10118/16385: $546 [3132]
 10119/16385: $547 [3132]
 10120/16385: $546 [3131]
 10121/16385: $547 [3131]
 10122/16385: $546 [3130]
 10123/16385: $547 [3130]
 10124/16385: $546 [3129]
 10125/16385: $547 [3129]
 10126/16385: $546 [3128]
 10127/16385: $547 [3128]
 10128/16385: $546 [3127]
 10129/16385: $547 [3127]
 10130/16385: $546 [3126]
 10131/16385: $547 [3126]
 10132/16385: $546 [3125]
 10133/16385: $547 [3125]
 10134/16385: $546 [3124]
 10135/16385: $547 [3124]
 10136/16385: $546 [3123]
 10137/16385: $547 [3123]
 10138/16385: $546 [3122]
 10139/16385: $547 [3122]
 10140/16385: $546 [3121]
 10141/16385: $547 [3121]
 10142/16385: $546 [3120]
 10143/16385: $547 [3120]
 10144/16385: $546 [3119]
 10145/16385: $547 [3119]
 10146/16385: $546 [3118]
 10147/16385: $547 [3118]
 10148/16385: $546 [3117]
 10149/16385: $547 [3117]
 10150/16385: $546 [3116]
 10151/16385: $547 [3116]
 10152/16385: $546 [3115]
 10153/16385: $547 [3115]
 10154/16385: $546 [3114]
 10155/16385: $547 [3114]
 10156/16385: $546 [3113]
 10157/16385: $547 [3113]
 10158/16385: $546 [3112]
 10159/16385: $547 [3112]
 10160/16385: $546 [3111]
 10161/16385: $547 [3111]
 10162/16385: $546 [3110]
 10163/16385: $547 [3110]
 10164/16385: $546 [3109]
 10165/16385: $547 [3109]
 10166/16385: $546 [3108]
 10167/16385: $547 [3108]
 10168/16385: $546 [3107]
 10169/16385: $547 [3107]
 10170/16385: $546 [3106]
 10171/16385: $547 [3106]
 10172/16385: $546 [3105]
 10173/16385: $547 [3105]
 10174/16385: $546 [3104]
 10175/16385: $547 [3104]
 10176/16385: $546 [3103]
 10177/16385: $547 [3103]
 10178/16385: $546 [3102]
 10179/16385: $547 [3102]
 10180/16385: $546 [3101]
 10181/16385: $547 [3101]
 10182/16385: $546 [3100]
 10183/16385: $547 [3100]
 10184/16385: $546 [3099]
 10185/16385: $547 [3099]
 10186/16385: $546 [3098]
 10187/16385: $547 [3098]
 10188/16385: $546 [3097]
 10189/16385: $547 [3097]
 10190/16385: $546 [3096]
 10191/16385: $547 [3096]
 10192/16385: $546 [3095]
 10193/16385: $547 [3095]
 10194/16385: $546 [3094]
 10195/16385: $547 [3094]
 10196/16385: $546 [3093]
 10197/16385: $547 [3093]
 10198/16385: $546 [3092]
 10199/16385: $547 [3092]
 10200/16385: $546 [3091]
 10201/16385: $547 [3091]
 10202/16385: $546 [3090]
 10203/16385: $547 [3090]
 10204/16385: $546 [3089]
 10205/16385: $547 [3089]
 10206/16385: $546 [3088]
 10207/16385: $547 [3088]
 10208/16385: $546 [3087]
 10209/16385: $547 [3087]
 10210/16385: $546 [3086]
 10211/16385: $547 [3086]
 10212/16385: $546 [3085]
 10213/16385: $547 [3085]
 10214/16385: $546 [3084]
 10215/16385: $547 [3084]
 10216/16385: $546 [3083]
 10217/16385: $547 [3083]
 10218/16385: $546 [3082]
 10219/16385: $547 [3082]
 10220/16385: $546 [3081]
 10221/16385: $547 [3081]
 10222/16385: $546 [3080]
 10223/16385: $547 [3080]
 10224/16385: $546 [3079]
 10225/16385: $547 [3079]
 10226/16385: $546 [3078]
 10227/16385: $547 [3078]
 10228/16385: $546 [3077]
 10229/16385: $547 [3077]
 10230/16385: $546 [3076]
 10231/16385: $547 [3076]
 10232/16385: $546 [3075]
 10233/16385: $547 [3075]
 10234/16385: $546 [3074]
 10235/16385: $547 [3074]
 10236/16385: $546 [3073]
 10237/16385: $547 [3073]
 10238/16385: $546 [3072]
 10239/16385: $547 [3072]
 10240/16385: $546 [3071]
 10241/16385: $547 [3071]
 10242/16385: $546 [3070]
 10243/16385: $547 [3070]
 10244/16385: $546 [3069]
 10245/16385: $547 [3069]
 10246/16385: $546 [3068]
 10247/16385: $547 [3068]
 10248/16385: $546 [3067]
 10249/16385: $547 [3067]
 10250/16385: $546 [3066]
 10251/16385: $547 [3066]
 10252/16385: $546 [3065]
 10253/16385: $547 [3065]
 10254/16385: $546 [3064]
 10255/16385: $547 [3064]
 10256/16385: $546 [3063]
 10257/16385: $547 [3063]
 10258/16385: $546 [3062]
 10259/16385: $547 [3062]
 10260/16385: $546 [3061]
 10261/16385: $547 [3061]
 10262/16385: $546 [3060]
 10263/16385: $547 [3060]
 10264/16385: $546 [3059]
 10265/16385: $547 [3059]
 10266/16385: $546 [3058]
 10267/16385: $547 [3058]
 10268/16385: $546 [3057]
 10269/16385: $547 [3057]
 10270/16385: $546 [3056]
 10271/16385: $547 [3056]
 10272/16385: $546 [3055]
 10273/16385: $547 [3055]
 10274/16385: $546 [3054]
 10275/16385: $547 [3054]
 10276/16385: $546 [3053]
 10277/16385: $547 [3053]
 10278/16385: $546 [3052]
 10279/16385: $547 [3052]
 10280/16385: $546 [3051]
 10281/16385: $547 [3051]
 10282/16385: $546 [3050]
 10283/16385: $547 [3050]
 10284/16385: $546 [3049]
 10285/16385: $547 [3049]
 10286/16385: $546 [3048]
 10287/16385: $547 [3048]
 10288/16385: $546 [3047]
 10289/16385: $547 [3047]
 10290/16385: $546 [3046]
 10291/16385: $547 [3046]
 10292/16385: $546 [3045]
 10293/16385: $547 [3045]
 10294/16385: $546 [3044]
 10295/16385: $547 [3044]
 10296/16385: $546 [3043]
 10297/16385: $547 [3043]
 10298/16385: $546 [3042]
 10299/16385: $547 [3042]
 10300/16385: $546 [3041]
 10301/16385: $547 [3041]
 10302/16385: $546 [3040]
 10303/16385: $547 [3040]
 10304/16385: $546 [3039]
 10305/16385: $547 [3039]
 10306/16385: $546 [3038]
 10307/16385: $547 [3038]
 10308/16385: $546 [3037]
 10309/16385: $547 [3037]
 10310/16385: $546 [3036]
 10311/16385: $547 [3036]
 10312/16385: $546 [3035]
 10313/16385: $547 [3035]
 10314/16385: $546 [3034]
 10315/16385: $547 [3034]
 10316/16385: $546 [3033]
 10317/16385: $547 [3033]
 10318/16385: $546 [3032]
 10319/16385: $547 [3032]
 10320/16385: $546 [3031]
 10321/16385: $547 [3031]
 10322/16385: $546 [3030]
 10323/16385: $547 [3030]
 10324/16385: $546 [3029]
 10325/16385: $547 [3029]
 10326/16385: $546 [3028]
 10327/16385: $547 [3028]
 10328/16385: $546 [3027]
 10329/16385: $547 [3027]
 10330/16385: $546 [3026]
 10331/16385: $547 [3026]
 10332/16385: $546 [3025]
 10333/16385: $547 [3025]
 10334/16385: $546 [3024]
 10335/16385: $547 [3024]
 10336/16385: $546 [3023]
 10337/16385: $547 [3023]
 10338/16385: $546 [3022]
 10339/16385: $547 [3022]
 10340/16385: $546 [3021]
 10341/16385: $547 [3021]
 10342/16385: $546 [3020]
 10343/16385: $547 [3020]
 10344/16385: $546 [3019]
 10345/16385: $547 [3019]
 10346/16385: $546 [3018]
 10347/16385: $547 [3018]
 10348/16385: $546 [3017]
 10349/16385: $547 [3017]
 10350/16385: $546 [3016]
 10351/16385: $547 [3016]
 10352/16385: $546 [3015]
 10353/16385: $547 [3015]
 10354/16385: $546 [3014]
 10355/16385: $547 [3014]
 10356/16385: $546 [3013]
 10357/16385: $547 [3013]
 10358/16385: $546 [3012]
 10359/16385: $547 [3012]
 10360/16385: $546 [3011]
 10361/16385: $547 [3011]
 10362/16385: $546 [3010]
 10363/16385: $547 [3010]
 10364/16385: $546 [3009]
 10365/16385: $547 [3009]
 10366/16385: $546 [3008]
 10367/16385: $547 [3008]
 10368/16385: $546 [3007]
 10369/16385: $547 [3007]
 10370/16385: $546 [3006]
 10371/16385: $547 [3006]
 10372/16385: $546 [3005]
 10373/16385: $547 [3005]
 10374/16385: $546 [3004]
 10375/16385: $547 [3004]
 10376/16385: $546 [3003]
 10377/16385: $547 [3003]
 10378/16385: $546 [3002]
 10379/16385: $547 [3002]
 10380/16385: $546 [3001]
 10381/16385: $547 [3001]
 10382/16385: $546 [3000]
 10383/16385: $547 [3000]
 10384/16385: $546 [2999]
 10385/16385: $547 [2999]
 10386/16385: $546 [2998]
 10387/16385: $547 [2998]
 10388/16385: $546 [2997]
 10389/16385: $547 [2997]
 10390/16385: $546 [2996]
 10391/16385: $547 [2996]
 10392/16385: $546 [2995]
 10393/16385: $547 [2995]
 10394/16385: $546 [2994]
 10395/16385: $547 [2994]
 10396/16385: $546 [2993]
 10397/16385: $547 [2993]
 10398/16385: $546 [2992]
 10399/16385: $547 [2992]
 10400/16385: $546 [2991]
 10401/16385: $547 [2991]
 10402/16385: $546 [2990]
 10403/16385: $547 [2990]
 10404/16385: $546 [2989]
 10405/16385: $547 [2989]
 10406/16385: $546 [2988]
 10407/16385: $547 [2988]
 10408/16385: $546 [2987]
 10409/16385: $547 [2987]
 10410/16385: $546 [2986]
 10411/16385: $547 [2986]
 10412/16385: $546 [2985]
 10413/16385: $547 [2985]
 10414/16385: $546 [2984]
 10415/16385: $547 [2984]
 10416/16385: $546 [2983]
 10417/16385: $547 [2983]
 10418/16385: $546 [2982]
 10419/16385: $547 [2982]
 10420/16385: $546 [2981]
 10421/16385: $547 [2981]
 10422/16385: $546 [2980]
 10423/16385: $547 [2980]
 10424/16385: $546 [2979]
 10425/16385: $547 [2979]
 10426/16385: $546 [2978]
 10427/16385: $547 [2978]
 10428/16385: $546 [2977]
 10429/16385: $547 [2977]
 10430/16385: $546 [2976]
 10431/16385: $547 [2976]
 10432/16385: $546 [2975]
 10433/16385: $547 [2975]
 10434/16385: $546 [2974]
 10435/16385: $547 [2974]
 10436/16385: $546 [2973]
 10437/16385: $547 [2973]
 10438/16385: $546 [2972]
 10439/16385: $547 [2972]
 10440/16385: $546 [2971]
 10441/16385: $547 [2971]
 10442/16385: $546 [2970]
 10443/16385: $547 [2970]
 10444/16385: $546 [2969]
 10445/16385: $547 [2969]
 10446/16385: $546 [2968]
 10447/16385: $547 [2968]
 10448/16385: $546 [2967]
 10449/16385: $547 [2967]
 10450/16385: $546 [2966]
 10451/16385: $547 [2966]
 10452/16385: $546 [2965]
 10453/16385: $547 [2965]
 10454/16385: $546 [2964]
 10455/16385: $547 [2964]
 10456/16385: $546 [2963]
 10457/16385: $547 [2963]
 10458/16385: $546 [2962]
 10459/16385: $547 [2962]
 10460/16385: $546 [2961]
 10461/16385: $547 [2961]
 10462/16385: $546 [2960]
 10463/16385: $547 [2960]
 10464/16385: $546 [2959]
 10465/16385: $547 [2959]
 10466/16385: $546 [2958]
 10467/16385: $547 [2958]
 10468/16385: $546 [2957]
 10469/16385: $547 [2957]
 10470/16385: $546 [2956]
 10471/16385: $547 [2956]
 10472/16385: $546 [2955]
 10473/16385: $547 [2955]
 10474/16385: $546 [2954]
 10475/16385: $547 [2954]
 10476/16385: $546 [2953]
 10477/16385: $547 [2953]
 10478/16385: $546 [2952]
 10479/16385: $547 [2952]
 10480/16385: $546 [2951]
 10481/16385: $547 [2951]
 10482/16385: $546 [2950]
 10483/16385: $547 [2950]
 10484/16385: $546 [2949]
 10485/16385: $547 [2949]
 10486/16385: $546 [2948]
 10487/16385: $547 [2948]
 10488/16385: $546 [2947]
 10489/16385: $547 [2947]
 10490/16385: $546 [2946]
 10491/16385: $547 [2946]
 10492/16385: $546 [2945]
 10493/16385: $547 [2945]
 10494/16385: $546 [2944]
 10495/16385: $547 [2944]
 10496/16385: $546 [2943]
 10497/16385: $547 [2943]
 10498/16385: $546 [2942]
 10499/16385: $547 [2942]
 10500/16385: $546 [2941]
 10501/16385: $547 [2941]
 10502/16385: $546 [2940]
 10503/16385: $547 [2940]
 10504/16385: $546 [2939]
 10505/16385: $547 [2939]
 10506/16385: $546 [2938]
 10507/16385: $547 [2938]
 10508/16385: $546 [2937]
 10509/16385: $547 [2937]
 10510/16385: $546 [2936]
 10511/16385: $547 [2936]
 10512/16385: $546 [2935]
 10513/16385: $547 [2935]
 10514/16385: $546 [2934]
 10515/16385: $547 [2934]
 10516/16385: $546 [2933]
 10517/16385: $547 [2933]
 10518/16385: $546 [2932]
 10519/16385: $547 [2932]
 10520/16385: $546 [2931]
 10521/16385: $547 [2931]
 10522/16385: $546 [2930]
 10523/16385: $547 [2930]
 10524/16385: $546 [2929]
 10525/16385: $547 [2929]
 10526/16385: $546 [2928]
 10527/16385: $547 [2928]
 10528/16385: $546 [2927]
 10529/16385: $547 [2927]
 10530/16385: $546 [2926]
 10531/16385: $547 [2926]
 10532/16385: $546 [2925]
 10533/16385: $547 [2925]
 10534/16385: $546 [2924]
 10535/16385: $547 [2924]
 10536/16385: $546 [2923]
 10537/16385: $547 [2923]
 10538/16385: $546 [2922]
 10539/16385: $547 [2922]
 10540/16385: $546 [2921]
 10541/16385: $547 [2921]
 10542/16385: $546 [2920]
 10543/16385: $547 [2920]
 10544/16385: $546 [2919]
 10545/16385: $547 [2919]
 10546/16385: $546 [2918]
 10547/16385: $547 [2918]
 10548/16385: $546 [2917]
 10549/16385: $547 [2917]
 10550/16385: $546 [2916]
 10551/16385: $547 [2916]
 10552/16385: $546 [2915]
 10553/16385: $547 [2915]
 10554/16385: $546 [2914]
 10555/16385: $547 [2914]
 10556/16385: $546 [2913]
 10557/16385: $547 [2913]
 10558/16385: $546 [2912]
 10559/16385: $547 [2912]
 10560/16385: $546 [2911]
 10561/16385: $547 [2911]
 10562/16385: $546 [2910]
 10563/16385: $547 [2910]
 10564/16385: $546 [2909]
 10565/16385: $547 [2909]
 10566/16385: $546 [2908]
 10567/16385: $547 [2908]
 10568/16385: $546 [2907]
 10569/16385: $547 [2907]
 10570/16385: $546 [2906]
 10571/16385: $547 [2906]
 10572/16385: $546 [2905]
 10573/16385: $547 [2905]
 10574/16385: $546 [2904]
 10575/16385: $547 [2904]
 10576/16385: $546 [2903]
 10577/16385: $547 [2903]
 10578/16385: $546 [2902]
 10579/16385: $547 [2902]
 10580/16385: $546 [2901]
 10581/16385: $547 [2901]
 10582/16385: $546 [2900]
 10583/16385: $547 [2900]
 10584/16385: $546 [2899]
 10585/16385: $547 [2899]
 10586/16385: $546 [2898]
 10587/16385: $547 [2898]
 10588/16385: $546 [2897]
 10589/16385: $547 [2897]
 10590/16385: $546 [2896]
 10591/16385: $547 [2896]
 10592/16385: $546 [2895]
 10593/16385: $547 [2895]
 10594/16385: $546 [2894]
 10595/16385: $547 [2894]
 10596/16385: $546 [2893]
 10597/16385: $547 [2893]
 10598/16385: $546 [2892]
 10599/16385: $547 [2892]
 10600/16385: $546 [2891]
 10601/16385: $547 [2891]
 10602/16385: $546 [2890]
 10603/16385: $547 [2890]
 10604/16385: $546 [2889]
 10605/16385: $547 [2889]
 10606/16385: $546 [2888]
 10607/16385: $547 [2888]
 10608/16385: $546 [2887]
 10609/16385: $547 [2887]
 10610/16385: $546 [2886]
 10611/16385: $547 [2886]
 10612/16385: $546 [2885]
 10613/16385: $547 [2885]
 10614/16385: $546 [2884]
 10615/16385: $547 [2884]
 10616/16385: $546 [2883]
 10617/16385: $547 [2883]
 10618/16385: $546 [2882]
 10619/16385: $547 [2882]
 10620/16385: $546 [2881]
 10621/16385: $547 [2881]
 10622/16385: $546 [2880]
 10623/16385: $547 [2880]
 10624/16385: $546 [2879]
 10625/16385: $547 [2879]
 10626/16385: $546 [2878]
 10627/16385: $547 [2878]
 10628/16385: $546 [2877]
 10629/16385: $547 [2877]
 10630/16385: $546 [2876]
 10631/16385: $547 [2876]
 10632/16385: $546 [2875]
 10633/16385: $547 [2875]
 10634/16385: $546 [2874]
 10635/16385: $547 [2874]
 10636/16385: $546 [2873]
 10637/16385: $547 [2873]
 10638/16385: $546 [2872]
 10639/16385: $547 [2872]
 10640/16385: $546 [2871]
 10641/16385: $547 [2871]
 10642/16385: $546 [2870]
 10643/16385: $547 [2870]
 10644/16385: $546 [2869]
 10645/16385: $547 [2869]
 10646/16385: $546 [2868]
 10647/16385: $547 [2868]
 10648/16385: $546 [2867]
 10649/16385: $547 [2867]
 10650/16385: $546 [2866]
 10651/16385: $547 [2866]
 10652/16385: $546 [2865]
 10653/16385: $547 [2865]
 10654/16385: $546 [2864]
 10655/16385: $547 [2864]
 10656/16385: $546 [2863]
 10657/16385: $547 [2863]
 10658/16385: $546 [2862]
 10659/16385: $547 [2862]
 10660/16385: $546 [2861]
 10661/16385: $547 [2861]
 10662/16385: $546 [2860]
 10663/16385: $547 [2860]
 10664/16385: $546 [2859]
 10665/16385: $547 [2859]
 10666/16385: $546 [2858]
 10667/16385: $547 [2858]
 10668/16385: $546 [2857]
 10669/16385: $547 [2857]
 10670/16385: $546 [2856]
 10671/16385: $547 [2856]
 10672/16385: $546 [2855]
 10673/16385: $547 [2855]
 10674/16385: $546 [2854]
 10675/16385: $547 [2854]
 10676/16385: $546 [2853]
 10677/16385: $547 [2853]
 10678/16385: $546 [2852]
 10679/16385: $547 [2852]
 10680/16385: $546 [2851]
 10681/16385: $547 [2851]
 10682/16385: $546 [2850]
 10683/16385: $547 [2850]
 10684/16385: $546 [2849]
 10685/16385: $547 [2849]
 10686/16385: $546 [2848]
 10687/16385: $547 [2848]
 10688/16385: $546 [2847]
 10689/16385: $547 [2847]
 10690/16385: $546 [2846]
 10691/16385: $547 [2846]
 10692/16385: $546 [2845]
 10693/16385: $547 [2845]
 10694/16385: $546 [2844]
 10695/16385: $547 [2844]
 10696/16385: $546 [2843]
 10697/16385: $547 [2843]
 10698/16385: $546 [2842]
 10699/16385: $547 [2842]
 10700/16385: $546 [2841]
 10701/16385: $547 [2841]
 10702/16385: $546 [2840]
 10703/16385: $547 [2840]
 10704/16385: $546 [2839]
 10705/16385: $547 [2839]
 10706/16385: $546 [2838]
 10707/16385: $547 [2838]
 10708/16385: $546 [2837]
 10709/16385: $547 [2837]
 10710/16385: $546 [2836]
 10711/16385: $547 [2836]
 10712/16385: $546 [2835]
 10713/16385: $547 [2835]
 10714/16385: $546 [2834]
 10715/16385: $547 [2834]
 10716/16385: $546 [2833]
 10717/16385: $547 [2833]
 10718/16385: $546 [2832]
 10719/16385: $547 [2832]
 10720/16385: $546 [2831]
 10721/16385: $547 [2831]
 10722/16385: $546 [2830]
 10723/16385: $547 [2830]
 10724/16385: $546 [2829]
 10725/16385: $547 [2829]
 10726/16385: $546 [2828]
 10727/16385: $547 [2828]
 10728/16385: $546 [2827]
 10729/16385: $547 [2827]
 10730/16385: $546 [2826]
 10731/16385: $547 [2826]
 10732/16385: $546 [2825]
 10733/16385: $547 [2825]
 10734/16385: $546 [2824]
 10735/16385: $547 [2824]
 10736/16385: $546 [2823]
 10737/16385: $547 [2823]
 10738/16385: $546 [2822]
 10739/16385: $547 [2822]
 10740/16385: $546 [2821]
 10741/16385: $547 [2821]
 10742/16385: $546 [2820]
 10743/16385: $547 [2820]
 10744/16385: $546 [2819]
 10745/16385: $547 [2819]
 10746/16385: $546 [2818]
 10747/16385: $547 [2818]
 10748/16385: $546 [2817]
 10749/16385: $547 [2817]
 10750/16385: $546 [2816]
 10751/16385: $547 [2816]
 10752/16385: $546 [2815]
 10753/16385: $547 [2815]
 10754/16385: $546 [2814]
 10755/16385: $547 [2814]
 10756/16385: $546 [2813]
 10757/16385: $547 [2813]
 10758/16385: $546 [2812]
 10759/16385: $547 [2812]
 10760/16385: $546 [2811]
 10761/16385: $547 [2811]
 10762/16385: $546 [2810]
 10763/16385: $547 [2810]
 10764/16385: $546 [2809]
 10765/16385: $547 [2809]
 10766/16385: $546 [2808]
 10767/16385: $547 [2808]
 10768/16385: $546 [2807]
 10769/16385: $547 [2807]
 10770/16385: $546 [2806]
 10771/16385: $547 [2806]
 10772/16385: $546 [2805]
 10773/16385: $547 [2805]
 10774/16385: $546 [2804]
 10775/16385: $547 [2804]
 10776/16385: $546 [2803]
 10777/16385: $547 [2803]
 10778/16385: $546 [2802]
 10779/16385: $547 [2802]
 10780/16385: $546 [2801]
 10781/16385: $547 [2801]
 10782/16385: $546 [2800]
 10783/16385: $547 [2800]
 10784/16385: $546 [2799]
 10785/16385: $547 [2799]
 10786/16385: $546 [2798]
 10787/16385: $547 [2798]
 10788/16385: $546 [2797]
 10789/16385: $547 [2797]
 10790/16385: $546 [2796]
 10791/16385: $547 [2796]
 10792/16385: $546 [2795]
 10793/16385: $547 [2795]
 10794/16385: $546 [2794]
 10795/16385: $547 [2794]
 10796/16385: $546 [2793]
 10797/16385: $547 [2793]
 10798/16385: $546 [2792]
 10799/16385: $547 [2792]
 10800/16385: $546 [2791]
 10801/16385: $547 [2791]
 10802/16385: $546 [2790]
 10803/16385: $547 [2790]
 10804/16385: $546 [2789]
 10805/16385: $547 [2789]
 10806/16385: $546 [2788]
 10807/16385: $547 [2788]
 10808/16385: $546 [2787]
 10809/16385: $547 [2787]
 10810/16385: $546 [2786]
 10811/16385: $547 [2786]
 10812/16385: $546 [2785]
 10813/16385: $547 [2785]
 10814/16385: $546 [2784]
 10815/16385: $547 [2784]
 10816/16385: $546 [2783]
 10817/16385: $547 [2783]
 10818/16385: $546 [2782]
 10819/16385: $547 [2782]
 10820/16385: $546 [2781]
 10821/16385: $547 [2781]
 10822/16385: $546 [2780]
 10823/16385: $547 [2780]
 10824/16385: $546 [2779]
 10825/16385: $547 [2779]
 10826/16385: $546 [2778]
 10827/16385: $547 [2778]
 10828/16385: $546 [2777]
 10829/16385: $547 [2777]
 10830/16385: $546 [2776]
 10831/16385: $547 [2776]
 10832/16385: $546 [2775]
 10833/16385: $547 [2775]
 10834/16385: $546 [2774]
 10835/16385: $547 [2774]
 10836/16385: $546 [2773]
 10837/16385: $547 [2773]
 10838/16385: $546 [2772]
 10839/16385: $547 [2772]
 10840/16385: $546 [2771]
 10841/16385: $547 [2771]
 10842/16385: $546 [2770]
 10843/16385: $547 [2770]
 10844/16385: $546 [2769]
 10845/16385: $547 [2769]
 10846/16385: $546 [2768]
 10847/16385: $547 [2768]
 10848/16385: $546 [2767]
 10849/16385: $547 [2767]
 10850/16385: $546 [2766]
 10851/16385: $547 [2766]
 10852/16385: $546 [2765]
 10853/16385: $547 [2765]
 10854/16385: $546 [2764]
 10855/16385: $547 [2764]
 10856/16385: $546 [2763]
 10857/16385: $547 [2763]
 10858/16385: $546 [2762]
 10859/16385: $547 [2762]
 10860/16385: $546 [2761]
 10861/16385: $547 [2761]
 10862/16385: $546 [2760]
 10863/16385: $547 [2760]
 10864/16385: $546 [2759]
 10865/16385: $547 [2759]
 10866/16385: $546 [2758]
 10867/16385: $547 [2758]
 10868/16385: $546 [2757]
 10869/16385: $547 [2757]
 10870/16385: $546 [2756]
 10871/16385: $547 [2756]
 10872/16385: $546 [2755]
 10873/16385: $547 [2755]
 10874/16385: $546 [2754]
 10875/16385: $547 [2754]
 10876/16385: $546 [2753]
 10877/16385: $547 [2753]
 10878/16385: $546 [2752]
 10879/16385: $547 [2752]
 10880/16385: $546 [2751]
 10881/16385: $547 [2751]
 10882/16385: $546 [2750]
 10883/16385: $547 [2750]
 10884/16385: $546 [2749]
 10885/16385: $547 [2749]
 10886/16385: $546 [2748]
 10887/16385: $547 [2748]
 10888/16385: $546 [2747]
 10889/16385: $547 [2747]
 10890/16385: $546 [2746]
 10891/16385: $547 [2746]
 10892/16385: $546 [2745]
 10893/16385: $547 [2745]
 10894/16385: $546 [2744]
 10895/16385: $547 [2744]
 10896/16385: $546 [2743]
 10897/16385: $547 [2743]
 10898/16385: $546 [2742]
 10899/16385: $547 [2742]
 10900/16385: $546 [2741]
 10901/16385: $547 [2741]
 10902/16385: $546 [2740]
 10903/16385: $547 [2740]
 10904/16385: $546 [2739]
 10905/16385: $547 [2739]
 10906/16385: $546 [2738]
 10907/16385: $547 [2738]
 10908/16385: $546 [2737]
 10909/16385: $547 [2737]
 10910/16385: $546 [2736]
 10911/16385: $547 [2736]
 10912/16385: $546 [2735]
 10913/16385: $547 [2735]
 10914/16385: $546 [2734]
 10915/16385: $547 [2734]
 10916/16385: $546 [2733]
 10917/16385: $547 [2733]
 10918/16385: $546 [2732]
 10919/16385: $547 [2732]
 10920/16385: $546 [2731]
 10921/16385: $547 [2731]
 10922/16385: $546 [2730]
 10923/16385: $547 [2730]
 10924/16385: $546 [2729]
 10925/16385: $547 [2729]
 10926/16385: $546 [2728]
 10927/16385: $547 [2728]
 10928/16385: $546 [2727]
 10929/16385: $547 [2727]
 10930/16385: $546 [2726]
 10931/16385: $547 [2726]
 10932/16385: $546 [2725]
 10933/16385: $547 [2725]
 10934/16385: $546 [2724]
 10935/16385: $547 [2724]
 10936/16385: $546 [2723]
 10937/16385: $547 [2723]
 10938/16385: $546 [2722]
 10939/16385: $547 [2722]
 10940/16385: $546 [2721]
 10941/16385: $547 [2721]
 10942/16385: $546 [2720]
 10943/16385: $547 [2720]
 10944/16385: $546 [2719]
 10945/16385: $547 [2719]
 10946/16385: $546 [2718]
 10947/16385: $547 [2718]
 10948/16385: $546 [2717]
 10949/16385: $547 [2717]
 10950/16385: $546 [2716]
 10951/16385: $547 [2716]
 10952/16385: $546 [2715]
 10953/16385: $547 [2715]
 10954/16385: $546 [2714]
 10955/16385: $547 [2714]
 10956/16385: $546 [2713]
 10957/16385: $547 [2713]
 10958/16385: $546 [2712]
 10959/16385: $547 [2712]
 10960/16385: $546 [2711]
 10961/16385: $547 [2711]
 10962/16385: $546 [2710]
 10963/16385: $547 [2710]
 10964/16385: $546 [2709]
 10965/16385: $547 [2709]
 10966/16385: $546 [2708]
 10967/16385: $547 [2708]
 10968/16385: $546 [2707]
 10969/16385: $547 [2707]
 10970/16385: $546 [2706]
 10971/16385: $547 [2706]
 10972/16385: $546 [2705]
 10973/16385: $547 [2705]
 10974/16385: $546 [2704]
 10975/16385: $547 [2704]
 10976/16385: $546 [2703]
 10977/16385: $547 [2703]
 10978/16385: $546 [2702]
 10979/16385: $547 [2702]
 10980/16385: $546 [2701]
 10981/16385: $547 [2701]
 10982/16385: $546 [2700]
 10983/16385: $547 [2700]
 10984/16385: $546 [2699]
 10985/16385: $547 [2699]
 10986/16385: $546 [2698]
 10987/16385: $547 [2698]
 10988/16385: $546 [2697]
 10989/16385: $547 [2697]
 10990/16385: $546 [2696]
 10991/16385: $547 [2696]
 10992/16385: $546 [2695]
 10993/16385: $547 [2695]
 10994/16385: $546 [2694]
 10995/16385: $547 [2694]
 10996/16385: $546 [2693]
 10997/16385: $547 [2693]
 10998/16385: $546 [2692]
 10999/16385: $547 [2692]
 11000/16385: $546 [2691]
 11001/16385: $547 [2691]
 11002/16385: $546 [2690]
 11003/16385: $547 [2690]
 11004/16385: $546 [2689]
 11005/16385: $547 [2689]
 11006/16385: $546 [2688]
 11007/16385: $547 [2688]
 11008/16385: $546 [2687]
 11009/16385: $547 [2687]
 11010/16385: $546 [2686]
 11011/16385: $547 [2686]
 11012/16385: $546 [2685]
 11013/16385: $547 [2685]
 11014/16385: $546 [2684]
 11015/16385: $547 [2684]
 11016/16385: $546 [2683]
 11017/16385: $547 [2683]
 11018/16385: $546 [2682]
 11019/16385: $547 [2682]
 11020/16385: $546 [2681]
 11021/16385: $547 [2681]
 11022/16385: $546 [2680]
 11023/16385: $547 [2680]
 11024/16385: $546 [2679]
 11025/16385: $547 [2679]
 11026/16385: $546 [2678]
 11027/16385: $547 [2678]
 11028/16385: $546 [2677]
 11029/16385: $547 [2677]
 11030/16385: $546 [2676]
 11031/16385: $547 [2676]
 11032/16385: $546 [2675]
 11033/16385: $547 [2675]
 11034/16385: $546 [2674]
 11035/16385: $547 [2674]
 11036/16385: $546 [2673]
 11037/16385: $547 [2673]
 11038/16385: $546 [2672]
 11039/16385: $547 [2672]
 11040/16385: $546 [2671]
 11041/16385: $547 [2671]
 11042/16385: $546 [2670]
 11043/16385: $547 [2670]
 11044/16385: $546 [2669]
 11045/16385: $547 [2669]
 11046/16385: $546 [2668]
 11047/16385: $547 [2668]
 11048/16385: $546 [2667]
 11049/16385: $547 [2667]
 11050/16385: $546 [2666]
 11051/16385: $547 [2666]
 11052/16385: $546 [2665]
 11053/16385: $547 [2665]
 11054/16385: $546 [2664]
 11055/16385: $547 [2664]
 11056/16385: $546 [2663]
 11057/16385: $547 [2663]
 11058/16385: $546 [2662]
 11059/16385: $547 [2662]
 11060/16385: $546 [2661]
 11061/16385: $547 [2661]
 11062/16385: $546 [2660]
 11063/16385: $547 [2660]
 11064/16385: $546 [2659]
 11065/16385: $547 [2659]
 11066/16385: $546 [2658]
 11067/16385: $547 [2658]
 11068/16385: $546 [2657]
 11069/16385: $547 [2657]
 11070/16385: $546 [2656]
 11071/16385: $547 [2656]
 11072/16385: $546 [2655]
 11073/16385: $547 [2655]
 11074/16385: $546 [2654]
 11075/16385: $547 [2654]
 11076/16385: $546 [2653]
 11077/16385: $547 [2653]
 11078/16385: $546 [2652]
 11079/16385: $547 [2652]
 11080/16385: $546 [2651]
 11081/16385: $547 [2651]
 11082/16385: $546 [2650]
 11083/16385: $547 [2650]
 11084/16385: $546 [2649]
 11085/16385: $547 [2649]
 11086/16385: $546 [2648]
 11087/16385: $547 [2648]
 11088/16385: $546 [2647]
 11089/16385: $547 [2647]
 11090/16385: $546 [2646]
 11091/16385: $547 [2646]
 11092/16385: $546 [2645]
 11093/16385: $547 [2645]
 11094/16385: $546 [2644]
 11095/16385: $547 [2644]
 11096/16385: $546 [2643]
 11097/16385: $547 [2643]
 11098/16385: $546 [2642]
 11099/16385: $547 [2642]
 11100/16385: $546 [2641]
 11101/16385: $547 [2641]
 11102/16385: $546 [2640]
 11103/16385: $547 [2640]
 11104/16385: $546 [2639]
 11105/16385: $547 [2639]
 11106/16385: $546 [2638]
 11107/16385: $547 [2638]
 11108/16385: $546 [2637]
 11109/16385: $547 [2637]
 11110/16385: $546 [2636]
 11111/16385: $547 [2636]
 11112/16385: $546 [2635]
 11113/16385: $547 [2635]
 11114/16385: $546 [2634]
 11115/16385: $547 [2634]
 11116/16385: $546 [2633]
 11117/16385: $547 [2633]
 11118/16385: $546 [2632]
 11119/16385: $547 [2632]
 11120/16385: $546 [2631]
 11121/16385: $547 [2631]
 11122/16385: $546 [2630]
 11123/16385: $547 [2630]
 11124/16385: $546 [2629]
 11125/16385: $547 [2629]
 11126/16385: $546 [2628]
 11127/16385: $547 [2628]
 11128/16385: $546 [2627]
 11129/16385: $547 [2627]
 11130/16385: $546 [2626]
 11131/16385: $547 [2626]
 11132/16385: $546 [2625]
 11133/16385: $547 [2625]
 11134/16385: $546 [2624]
 11135/16385: $547 [2624]
 11136/16385: $546 [2623]
 11137/16385: $547 [2623]
 11138/16385: $546 [2622]
 11139/16385: $547 [2622]
 11140/16385: $546 [2621]
 11141/16385: $547 [2621]
 11142/16385: $546 [2620]
 11143/16385: $547 [2620]
 11144/16385: $546 [2619]
 11145/16385: $547 [2619]
 11146/16385: $546 [2618]
 11147/16385: $547 [2618]
 11148/16385: $546 [2617]
 11149/16385: $547 [2617]
 11150/16385: $546 [2616]
 11151/16385: $547 [2616]
 11152/16385: $546 [2615]
 11153/16385: $547 [2615]
 11154/16385: $546 [2614]
 11155/16385: $547 [2614]
 11156/16385: $546 [2613]
 11157/16385: $547 [2613]
 11158/16385: $546 [2612]
 11159/16385: $547 [2612]
 11160/16385: $546 [2611]
 11161/16385: $547 [2611]
 11162/16385: $546 [2610]
 11163/16385: $547 [2610]
 11164/16385: $546 [2609]
 11165/16385: $547 [2609]
 11166/16385: $546 [2608]
 11167/16385: $547 [2608]
 11168/16385: $546 [2607]
 11169/16385: $547 [2607]
 11170/16385: $546 [2606]
 11171/16385: $547 [2606]
 11172/16385: $546 [2605]
 11173/16385: $547 [2605]
 11174/16385: $546 [2604]
 11175/16385: $547 [2604]
 11176/16385: $546 [2603]
 11177/16385: $547 [2603]
 11178/16385: $546 [2602]
 11179/16385: $547 [2602]
 11180/16385: $546 [2601]
 11181/16385: $547 [2601]
 11182/16385: $546 [2600]
 11183/16385: $547 [2600]
 11184/16385: $546 [2599]
 11185/16385: $547 [2599]
 11186/16385: $546 [2598]
 11187/16385: $547 [2598]
 11188/16385: $546 [2597]
 11189/16385: $547 [2597]
 11190/16385: $546 [2596]
 11191/16385: $547 [2596]
 11192/16385: $546 [2595]
 11193/16385: $547 [2595]
 11194/16385: $546 [2594]
 11195/16385: $547 [2594]
 11196/16385: $546 [2593]
 11197/16385: $547 [2593]
 11198/16385: $546 [2592]
 11199/16385: $547 [2592]
 11200/16385: $546 [2591]
 11201/16385: $547 [2591]
 11202/16385: $546 [2590]
 11203/16385: $547 [2590]
 11204/16385: $546 [2589]
 11205/16385: $547 [2589]
 11206/16385: $546 [2588]
 11207/16385: $547 [2588]
 11208/16385: $546 [2587]
 11209/16385: $547 [2587]
 11210/16385: $546 [2586]
 11211/16385: $547 [2586]
 11212/16385: $546 [2585]
 11213/16385: $547 [2585]
 11214/16385: $546 [2584]
 11215/16385: $547 [2584]
 11216/16385: $546 [2583]
 11217/16385: $547 [2583]
 11218/16385: $546 [2582]
 11219/16385: $547 [2582]
 11220/16385: $546 [2581]
 11221/16385: $547 [2581]
 11222/16385: $546 [2580]
 11223/16385: $547 [2580]
 11224/16385: $546 [2579]
 11225/16385: $547 [2579]
 11226/16385: $546 [2578]
 11227/16385: $547 [2578]
 11228/16385: $546 [2577]
 11229/16385: $547 [2577]
 11230/16385: $546 [2576]
 11231/16385: $547 [2576]
 11232/16385: $546 [2575]
 11233/16385: $547 [2575]
 11234/16385: $546 [2574]
 11235/16385: $547 [2574]
 11236/16385: $546 [2573]
 11237/16385: $547 [2573]
 11238/16385: $546 [2572]
 11239/16385: $547 [2572]
 11240/16385: $546 [2571]
 11241/16385: $547 [2571]
 11242/16385: $546 [2570]
 11243/16385: $547 [2570]
 11244/16385: $546 [2569]
 11245/16385: $547 [2569]
 11246/16385: $546 [2568]
 11247/16385: $547 [2568]
 11248/16385: $546 [2567]
 11249/16385: $547 [2567]
 11250/16385: $546 [2566]
 11251/16385: $547 [2566]
 11252/16385: $546 [2565]
 11253/16385: $547 [2565]
 11254/16385: $546 [2564]
 11255/16385: $547 [2564]
 11256/16385: $546 [2563]
 11257/16385: $547 [2563]
 11258/16385: $546 [2562]
 11259/16385: $547 [2562]
 11260/16385: $546 [2561]
 11261/16385: $547 [2561]
 11262/16385: $546 [2560]
 11263/16385: $547 [2560]
 11264/16385: $546 [2559]
 11265/16385: $547 [2559]
 11266/16385: $546 [2558]
 11267/16385: $547 [2558]
 11268/16385: $546 [2557]
 11269/16385: $547 [2557]
 11270/16385: $546 [2556]
 11271/16385: $547 [2556]
 11272/16385: $546 [2555]
 11273/16385: $547 [2555]
 11274/16385: $546 [2554]
 11275/16385: $547 [2554]
 11276/16385: $546 [2553]
 11277/16385: $547 [2553]
 11278/16385: $546 [2552]
 11279/16385: $547 [2552]
 11280/16385: $546 [2551]
 11281/16385: $547 [2551]
 11282/16385: $546 [2550]
 11283/16385: $547 [2550]
 11284/16385: $546 [2549]
 11285/16385: $547 [2549]
 11286/16385: $546 [2548]
 11287/16385: $547 [2548]
 11288/16385: $546 [2547]
 11289/16385: $547 [2547]
 11290/16385: $546 [2546]
 11291/16385: $547 [2546]
 11292/16385: $546 [2545]
 11293/16385: $547 [2545]
 11294/16385: $546 [2544]
 11295/16385: $547 [2544]
 11296/16385: $546 [2543]
 11297/16385: $547 [2543]
 11298/16385: $546 [2542]
 11299/16385: $547 [2542]
 11300/16385: $546 [2541]
 11301/16385: $547 [2541]
 11302/16385: $546 [2540]
 11303/16385: $547 [2540]
 11304/16385: $546 [2539]
 11305/16385: $547 [2539]
 11306/16385: $546 [2538]
 11307/16385: $547 [2538]
 11308/16385: $546 [2537]
 11309/16385: $547 [2537]
 11310/16385: $546 [2536]
 11311/16385: $547 [2536]
 11312/16385: $546 [2535]
 11313/16385: $547 [2535]
 11314/16385: $546 [2534]
 11315/16385: $547 [2534]
 11316/16385: $546 [2533]
 11317/16385: $547 [2533]
 11318/16385: $546 [2532]
 11319/16385: $547 [2532]
 11320/16385: $546 [2531]
 11321/16385: $547 [2531]
 11322/16385: $546 [2530]
 11323/16385: $547 [2530]
 11324/16385: $546 [2529]
 11325/16385: $547 [2529]
 11326/16385: $546 [2528]
 11327/16385: $547 [2528]
 11328/16385: $546 [2527]
 11329/16385: $547 [2527]
 11330/16385: $546 [2526]
 11331/16385: $547 [2526]
 11332/16385: $546 [2525]
 11333/16385: $547 [2525]
 11334/16385: $546 [2524]
 11335/16385: $547 [2524]
 11336/16385: $546 [2523]
 11337/16385: $547 [2523]
 11338/16385: $546 [2522]
 11339/16385: $547 [2522]
 11340/16385: $546 [2521]
 11341/16385: $547 [2521]
 11342/16385: $546 [2520]
 11343/16385: $547 [2520]
 11344/16385: $546 [2519]
 11345/16385: $547 [2519]
 11346/16385: $546 [2518]
 11347/16385: $547 [2518]
 11348/16385: $546 [2517]
 11349/16385: $547 [2517]
 11350/16385: $546 [2516]
 11351/16385: $547 [2516]
 11352/16385: $546 [2515]
 11353/16385: $547 [2515]
 11354/16385: $546 [2514]
 11355/16385: $547 [2514]
 11356/16385: $546 [2513]
 11357/16385: $547 [2513]
 11358/16385: $546 [2512]
 11359/16385: $547 [2512]
 11360/16385: $546 [2511]
 11361/16385: $547 [2511]
 11362/16385: $546 [2510]
 11363/16385: $547 [2510]
 11364/16385: $546 [2509]
 11365/16385: $547 [2509]
 11366/16385: $546 [2508]
 11367/16385: $547 [2508]
 11368/16385: $546 [2507]
 11369/16385: $547 [2507]
 11370/16385: $546 [2506]
 11371/16385: $547 [2506]
 11372/16385: $546 [2505]
 11373/16385: $547 [2505]
 11374/16385: $546 [2504]
 11375/16385: $547 [2504]
 11376/16385: $546 [2503]
 11377/16385: $547 [2503]
 11378/16385: $546 [2502]
 11379/16385: $547 [2502]
 11380/16385: $546 [2501]
 11381/16385: $547 [2501]
 11382/16385: $546 [2500]
 11383/16385: $547 [2500]
 11384/16385: $546 [2499]
 11385/16385: $547 [2499]
 11386/16385: $546 [2498]
 11387/16385: $547 [2498]
 11388/16385: $546 [2497]
 11389/16385: $547 [2497]
 11390/16385: $546 [2496]
 11391/16385: $547 [2496]
 11392/16385: $546 [2495]
 11393/16385: $547 [2495]
 11394/16385: $546 [2494]
 11395/16385: $547 [2494]
 11396/16385: $546 [2493]
 11397/16385: $547 [2493]
 11398/16385: $546 [2492]
 11399/16385: $547 [2492]
 11400/16385: $546 [2491]
 11401/16385: $547 [2491]
 11402/16385: $546 [2490]
 11403/16385: $547 [2490]
 11404/16385: $546 [2489]
 11405/16385: $547 [2489]
 11406/16385: $546 [2488]
 11407/16385: $547 [2488]
 11408/16385: $546 [2487]
 11409/16385: $547 [2487]
 11410/16385: $546 [2486]
 11411/16385: $547 [2486]
 11412/16385: $546 [2485]
 11413/16385: $547 [2485]
 11414/16385: $546 [2484]
 11415/16385: $547 [2484]
 11416/16385: $546 [2483]
 11417/16385: $547 [2483]
 11418/16385: $546 [2482]
 11419/16385: $547 [2482]
 11420/16385: $546 [2481]
 11421/16385: $547 [2481]
 11422/16385: $546 [2480]
 11423/16385: $547 [2480]
 11424/16385: $546 [2479]
 11425/16385: $547 [2479]
 11426/16385: $546 [2478]
 11427/16385: $547 [2478]
 11428/16385: $546 [2477]
 11429/16385: $547 [2477]
 11430/16385: $546 [2476]
 11431/16385: $547 [2476]
 11432/16385: $546 [2475]
 11433/16385: $547 [2475]
 11434/16385: $546 [2474]
 11435/16385: $547 [2474]
 11436/16385: $546 [2473]
 11437/16385: $547 [2473]
 11438/16385: $546 [2472]
 11439/16385: $547 [2472]
 11440/16385: $546 [2471]
 11441/16385: $547 [2471]
 11442/16385: $546 [2470]
 11443/16385: $547 [2470]
 11444/16385: $546 [2469]
 11445/16385: $547 [2469]
 11446/16385: $546 [2468]
 11447/16385: $547 [2468]
 11448/16385: $546 [2467]
 11449/16385: $547 [2467]
 11450/16385: $546 [2466]
 11451/16385: $547 [2466]
 11452/16385: $546 [2465]
 11453/16385: $547 [2465]
 11454/16385: $546 [2464]
 11455/16385: $547 [2464]
 11456/16385: $546 [2463]
 11457/16385: $547 [2463]
 11458/16385: $546 [2462]
 11459/16385: $547 [2462]
 11460/16385: $546 [2461]
 11461/16385: $547 [2461]
 11462/16385: $546 [2460]
 11463/16385: $547 [2460]
 11464/16385: $546 [2459]
 11465/16385: $547 [2459]
 11466/16385: $546 [2458]
 11467/16385: $547 [2458]
 11468/16385: $546 [2457]
 11469/16385: $547 [2457]
 11470/16385: $546 [2456]
 11471/16385: $547 [2456]
 11472/16385: $546 [2455]
 11473/16385: $547 [2455]
 11474/16385: $546 [2454]
 11475/16385: $547 [2454]
 11476/16385: $546 [2453]
 11477/16385: $547 [2453]
 11478/16385: $546 [2452]
 11479/16385: $547 [2452]
 11480/16385: $546 [2451]
 11481/16385: $547 [2451]
 11482/16385: $546 [2450]
 11483/16385: $547 [2450]
 11484/16385: $546 [2449]
 11485/16385: $547 [2449]
 11486/16385: $546 [2448]
 11487/16385: $547 [2448]
 11488/16385: $546 [2447]
 11489/16385: $547 [2447]
 11490/16385: $546 [2446]
 11491/16385: $547 [2446]
 11492/16385: $546 [2445]
 11493/16385: $547 [2445]
 11494/16385: $546 [2444]
 11495/16385: $547 [2444]
 11496/16385: $546 [2443]
 11497/16385: $547 [2443]
 11498/16385: $546 [2442]
 11499/16385: $547 [2442]
 11500/16385: $546 [2441]
 11501/16385: $547 [2441]
 11502/16385: $546 [2440]
 11503/16385: $547 [2440]
 11504/16385: $546 [2439]
 11505/16385: $547 [2439]
 11506/16385: $546 [2438]
 11507/16385: $547 [2438]
 11508/16385: $546 [2437]
 11509/16385: $547 [2437]
 11510/16385: $546 [2436]
 11511/16385: $547 [2436]
 11512/16385: $546 [2435]
 11513/16385: $547 [2435]
 11514/16385: $546 [2434]
 11515/16385: $547 [2434]
 11516/16385: $546 [2433]
 11517/16385: $547 [2433]
 11518/16385: $546 [2432]
 11519/16385: $547 [2432]
 11520/16385: $546 [2431]
 11521/16385: $547 [2431]
 11522/16385: $546 [2430]
 11523/16385: $547 [2430]
 11524/16385: $546 [2429]
 11525/16385: $547 [2429]
 11526/16385: $546 [2428]
 11527/16385: $547 [2428]
 11528/16385: $546 [2427]
 11529/16385: $547 [2427]
 11530/16385: $546 [2426]
 11531/16385: $547 [2426]
 11532/16385: $546 [2425]
 11533/16385: $547 [2425]
 11534/16385: $546 [2424]
 11535/16385: $547 [2424]
 11536/16385: $546 [2423]
 11537/16385: $547 [2423]
 11538/16385: $546 [2422]
 11539/16385: $547 [2422]
 11540/16385: $546 [2421]
 11541/16385: $547 [2421]
 11542/16385: $546 [2420]
 11543/16385: $547 [2420]
 11544/16385: $546 [2419]
 11545/16385: $547 [2419]
 11546/16385: $546 [2418]
 11547/16385: $547 [2418]
 11548/16385: $546 [2417]
 11549/16385: $547 [2417]
 11550/16385: $546 [2416]
 11551/16385: $547 [2416]
 11552/16385: $546 [2415]
 11553/16385: $547 [2415]
 11554/16385: $546 [2414]
 11555/16385: $547 [2414]
 11556/16385: $546 [2413]
 11557/16385: $547 [2413]
 11558/16385: $546 [2412]
 11559/16385: $547 [2412]
 11560/16385: $546 [2411]
 11561/16385: $547 [2411]
 11562/16385: $546 [2410]
 11563/16385: $547 [2410]
 11564/16385: $546 [2409]
 11565/16385: $547 [2409]
 11566/16385: $546 [2408]
 11567/16385: $547 [2408]
 11568/16385: $546 [2407]
 11569/16385: $547 [2407]
 11570/16385: $546 [2406]
 11571/16385: $547 [2406]
 11572/16385: $546 [2405]
 11573/16385: $547 [2405]
 11574/16385: $546 [2404]
 11575/16385: $547 [2404]
 11576/16385: $546 [2403]
 11577/16385: $547 [2403]
 11578/16385: $546 [2402]
 11579/16385: $547 [2402]
 11580/16385: $546 [2401]
 11581/16385: $547 [2401]
 11582/16385: $546 [2400]
 11583/16385: $547 [2400]
 11584/16385: $546 [2399]
 11585/16385: $547 [2399]
 11586/16385: $546 [2398]
 11587/16385: $547 [2398]
 11588/16385: $546 [2397]
 11589/16385: $547 [2397]
 11590/16385: $546 [2396]
 11591/16385: $547 [2396]
 11592/16385: $546 [2395]
 11593/16385: $547 [2395]
 11594/16385: $546 [2394]
 11595/16385: $547 [2394]
 11596/16385: $546 [2393]
 11597/16385: $547 [2393]
 11598/16385: $546 [2392]
 11599/16385: $547 [2392]
 11600/16385: $546 [2391]
 11601/16385: $547 [2391]
 11602/16385: $546 [2390]
 11603/16385: $547 [2390]
 11604/16385: $546 [2389]
 11605/16385: $547 [2389]
 11606/16385: $546 [2388]
 11607/16385: $547 [2388]
 11608/16385: $546 [2387]
 11609/16385: $547 [2387]
 11610/16385: $546 [2386]
 11611/16385: $547 [2386]
 11612/16385: $546 [2385]
 11613/16385: $547 [2385]
 11614/16385: $546 [2384]
 11615/16385: $547 [2384]
 11616/16385: $546 [2383]
 11617/16385: $547 [2383]
 11618/16385: $546 [2382]
 11619/16385: $547 [2382]
 11620/16385: $546 [2381]
 11621/16385: $547 [2381]
 11622/16385: $546 [2380]
 11623/16385: $547 [2380]
 11624/16385: $546 [2379]
 11625/16385: $547 [2379]
 11626/16385: $546 [2378]
 11627/16385: $547 [2378]
 11628/16385: $546 [2377]
 11629/16385: $547 [2377]
 11630/16385: $546 [2376]
 11631/16385: $547 [2376]
 11632/16385: $546 [2375]
 11633/16385: $547 [2375]
 11634/16385: $546 [2374]
 11635/16385: $547 [2374]
 11636/16385: $546 [2373]
 11637/16385: $547 [2373]
 11638/16385: $546 [2372]
 11639/16385: $547 [2372]
 11640/16385: $546 [2371]
 11641/16385: $547 [2371]
 11642/16385: $546 [2370]
 11643/16385: $547 [2370]
 11644/16385: $546 [2369]
 11645/16385: $547 [2369]
 11646/16385: $546 [2368]
 11647/16385: $547 [2368]
 11648/16385: $546 [2367]
 11649/16385: $547 [2367]
 11650/16385: $546 [2366]
 11651/16385: $547 [2366]
 11652/16385: $546 [2365]
 11653/16385: $547 [2365]
 11654/16385: $546 [2364]
 11655/16385: $547 [2364]
 11656/16385: $546 [2363]
 11657/16385: $547 [2363]
 11658/16385: $546 [2362]
 11659/16385: $547 [2362]
 11660/16385: $546 [2361]
 11661/16385: $547 [2361]
 11662/16385: $546 [2360]
 11663/16385: $547 [2360]
 11664/16385: $546 [2359]
 11665/16385: $547 [2359]
 11666/16385: $546 [2358]
 11667/16385: $547 [2358]
 11668/16385: $546 [2357]
 11669/16385: $547 [2357]
 11670/16385: $546 [2356]
 11671/16385: $547 [2356]
 11672/16385: $546 [2355]
 11673/16385: $547 [2355]
 11674/16385: $546 [2354]
 11675/16385: $547 [2354]
 11676/16385: $546 [2353]
 11677/16385: $547 [2353]
 11678/16385: $546 [2352]
 11679/16385: $547 [2352]
 11680/16385: $546 [2351]
 11681/16385: $547 [2351]
 11682/16385: $546 [2350]
 11683/16385: $547 [2350]
 11684/16385: $546 [2349]
 11685/16385: $547 [2349]
 11686/16385: $546 [2348]
 11687/16385: $547 [2348]
 11688/16385: $546 [2347]
 11689/16385: $547 [2347]
 11690/16385: $546 [2346]
 11691/16385: $547 [2346]
 11692/16385: $546 [2345]
 11693/16385: $547 [2345]
 11694/16385: $546 [2344]
 11695/16385: $547 [2344]
 11696/16385: $546 [2343]
 11697/16385: $547 [2343]
 11698/16385: $546 [2342]
 11699/16385: $547 [2342]
 11700/16385: $546 [2341]
 11701/16385: $547 [2341]
 11702/16385: $546 [2340]
 11703/16385: $547 [2340]
 11704/16385: $546 [2339]
 11705/16385: $547 [2339]
 11706/16385: $546 [2338]
 11707/16385: $547 [2338]
 11708/16385: $546 [2337]
 11709/16385: $547 [2337]
 11710/16385: $546 [2336]
 11711/16385: $547 [2336]
 11712/16385: $546 [2335]
 11713/16385: $547 [2335]
 11714/16385: $546 [2334]
 11715/16385: $547 [2334]
 11716/16385: $546 [2333]
 11717/16385: $547 [2333]
 11718/16385: $546 [2332]
 11719/16385: $547 [2332]
 11720/16385: $546 [2331]
 11721/16385: $547 [2331]
 11722/16385: $546 [2330]
 11723/16385: $547 [2330]
 11724/16385: $546 [2329]
 11725/16385: $547 [2329]
 11726/16385: $546 [2328]
 11727/16385: $547 [2328]
 11728/16385: $546 [2327]
 11729/16385: $547 [2327]
 11730/16385: $546 [2326]
 11731/16385: $547 [2326]
 11732/16385: $546 [2325]
 11733/16385: $547 [2325]
 11734/16385: $546 [2324]
 11735/16385: $547 [2324]
 11736/16385: $546 [2323]
 11737/16385: $547 [2323]
 11738/16385: $546 [2322]
 11739/16385: $547 [2322]
 11740/16385: $546 [2321]
 11741/16385: $547 [2321]
 11742/16385: $546 [2320]
 11743/16385: $547 [2320]
 11744/16385: $546 [2319]
 11745/16385: $547 [2319]
 11746/16385: $546 [2318]
 11747/16385: $547 [2318]
 11748/16385: $546 [2317]
 11749/16385: $547 [2317]
 11750/16385: $546 [2316]
 11751/16385: $547 [2316]
 11752/16385: $546 [2315]
 11753/16385: $547 [2315]
 11754/16385: $546 [2314]
 11755/16385: $547 [2314]
 11756/16385: $546 [2313]
 11757/16385: $547 [2313]
 11758/16385: $546 [2312]
 11759/16385: $547 [2312]
 11760/16385: $546 [2311]
 11761/16385: $547 [2311]
 11762/16385: $546 [2310]
 11763/16385: $547 [2310]
 11764/16385: $546 [2309]
 11765/16385: $547 [2309]
 11766/16385: $546 [2308]
 11767/16385: $547 [2308]
 11768/16385: $546 [2307]
 11769/16385: $547 [2307]
 11770/16385: $546 [2306]
 11771/16385: $547 [2306]
 11772/16385: $546 [2305]
 11773/16385: $547 [2305]
 11774/16385: $546 [2304]
 11775/16385: $547 [2304]
 11776/16385: $546 [2303]
 11777/16385: $547 [2303]
 11778/16385: $546 [2302]
 11779/16385: $547 [2302]
 11780/16385: $546 [2301]
 11781/16385: $547 [2301]
 11782/16385: $546 [2300]
 11783/16385: $547 [2300]
 11784/16385: $546 [2299]
 11785/16385: $547 [2299]
 11786/16385: $546 [2298]
 11787/16385: $547 [2298]
 11788/16385: $546 [2297]
 11789/16385: $547 [2297]
 11790/16385: $546 [2296]
 11791/16385: $547 [2296]
 11792/16385: $546 [2295]
 11793/16385: $547 [2295]
 11794/16385: $546 [2294]
 11795/16385: $547 [2294]
 11796/16385: $546 [2293]
 11797/16385: $547 [2293]
 11798/16385: $546 [2292]
 11799/16385: $547 [2292]
 11800/16385: $546 [2291]
 11801/16385: $547 [2291]
 11802/16385: $546 [2290]
 11803/16385: $547 [2290]
 11804/16385: $546 [2289]
 11805/16385: $547 [2289]
 11806/16385: $546 [2288]
 11807/16385: $547 [2288]
 11808/16385: $546 [2287]
 11809/16385: $547 [2287]
 11810/16385: $546 [2286]
 11811/16385: $547 [2286]
 11812/16385: $546 [2285]
 11813/16385: $547 [2285]
 11814/16385: $546 [2284]
 11815/16385: $547 [2284]
 11816/16385: $546 [2283]
 11817/16385: $547 [2283]
 11818/16385: $546 [2282]
 11819/16385: $547 [2282]
 11820/16385: $546 [2281]
 11821/16385: $547 [2281]
 11822/16385: $546 [2280]
 11823/16385: $547 [2280]
 11824/16385: $546 [2279]
 11825/16385: $547 [2279]
 11826/16385: $546 [2278]
 11827/16385: $547 [2278]
 11828/16385: $546 [2277]
 11829/16385: $547 [2277]
 11830/16385: $546 [2276]
 11831/16385: $547 [2276]
 11832/16385: $546 [2275]
 11833/16385: $547 [2275]
 11834/16385: $546 [2274]
 11835/16385: $547 [2274]
 11836/16385: $546 [2273]
 11837/16385: $547 [2273]
 11838/16385: $546 [2272]
 11839/16385: $547 [2272]
 11840/16385: $546 [2271]
 11841/16385: $547 [2271]
 11842/16385: $546 [2270]
 11843/16385: $547 [2270]
 11844/16385: $546 [2269]
 11845/16385: $547 [2269]
 11846/16385: $546 [2268]
 11847/16385: $547 [2268]
 11848/16385: $546 [2267]
 11849/16385: $547 [2267]
 11850/16385: $546 [2266]
 11851/16385: $547 [2266]
 11852/16385: $546 [2265]
 11853/16385: $547 [2265]
 11854/16385: $546 [2264]
 11855/16385: $547 [2264]
 11856/16385: $546 [2263]
 11857/16385: $547 [2263]
 11858/16385: $546 [2262]
 11859/16385: $547 [2262]
 11860/16385: $546 [2261]
 11861/16385: $547 [2261]
 11862/16385: $546 [2260]
 11863/16385: $547 [2260]
 11864/16385: $546 [2259]
 11865/16385: $547 [2259]
 11866/16385: $546 [2258]
 11867/16385: $547 [2258]
 11868/16385: $546 [2257]
 11869/16385: $547 [2257]
 11870/16385: $546 [2256]
 11871/16385: $547 [2256]
 11872/16385: $546 [2255]
 11873/16385: $547 [2255]
 11874/16385: $546 [2254]
 11875/16385: $547 [2254]
 11876/16385: $546 [2253]
 11877/16385: $547 [2253]
 11878/16385: $546 [2252]
 11879/16385: $547 [2252]
 11880/16385: $546 [2251]
 11881/16385: $547 [2251]
 11882/16385: $546 [2250]
 11883/16385: $547 [2250]
 11884/16385: $546 [2249]
 11885/16385: $547 [2249]
 11886/16385: $546 [2248]
 11887/16385: $547 [2248]
 11888/16385: $546 [2247]
 11889/16385: $547 [2247]
 11890/16385: $546 [2246]
 11891/16385: $547 [2246]
 11892/16385: $546 [2245]
 11893/16385: $547 [2245]
 11894/16385: $546 [2244]
 11895/16385: $547 [2244]
 11896/16385: $546 [2243]
 11897/16385: $547 [2243]
 11898/16385: $546 [2242]
 11899/16385: $547 [2242]
 11900/16385: $546 [2241]
 11901/16385: $547 [2241]
 11902/16385: $546 [2240]
 11903/16385: $547 [2240]
 11904/16385: $546 [2239]
 11905/16385: $547 [2239]
 11906/16385: $546 [2238]
 11907/16385: $547 [2238]
 11908/16385: $546 [2237]
 11909/16385: $547 [2237]
 11910/16385: $546 [2236]
 11911/16385: $547 [2236]
 11912/16385: $546 [2235]
 11913/16385: $547 [2235]
 11914/16385: $546 [2234]
 11915/16385: $547 [2234]
 11916/16385: $546 [2233]
 11917/16385: $547 [2233]
 11918/16385: $546 [2232]
 11919/16385: $547 [2232]
 11920/16385: $546 [2231]
 11921/16385: $547 [2231]
 11922/16385: $546 [2230]
 11923/16385: $547 [2230]
 11924/16385: $546 [2229]
 11925/16385: $547 [2229]
 11926/16385: $546 [2228]
 11927/16385: $547 [2228]
 11928/16385: $546 [2227]
 11929/16385: $547 [2227]
 11930/16385: $546 [2226]
 11931/16385: $547 [2226]
 11932/16385: $546 [2225]
 11933/16385: $547 [2225]
 11934/16385: $546 [2224]
 11935/16385: $547 [2224]
 11936/16385: $546 [2223]
 11937/16385: $547 [2223]
 11938/16385: $546 [2222]
 11939/16385: $547 [2222]
 11940/16385: $546 [2221]
 11941/16385: $547 [2221]
 11942/16385: $546 [2220]
 11943/16385: $547 [2220]
 11944/16385: $546 [2219]
 11945/16385: $547 [2219]
 11946/16385: $546 [2218]
 11947/16385: $547 [2218]
 11948/16385: $546 [2217]
 11949/16385: $547 [2217]
 11950/16385: $546 [2216]
 11951/16385: $547 [2216]
 11952/16385: $546 [2215]
 11953/16385: $547 [2215]
 11954/16385: $546 [2214]
 11955/16385: $547 [2214]
 11956/16385: $546 [2213]
 11957/16385: $547 [2213]
 11958/16385: $546 [2212]
 11959/16385: $547 [2212]
 11960/16385: $546 [2211]
 11961/16385: $547 [2211]
 11962/16385: $546 [2210]
 11963/16385: $547 [2210]
 11964/16385: $546 [2209]
 11965/16385: $547 [2209]
 11966/16385: $546 [2208]
 11967/16385: $547 [2208]
 11968/16385: $546 [2207]
 11969/16385: $547 [2207]
 11970/16385: $546 [2206]
 11971/16385: $547 [2206]
 11972/16385: $546 [2205]
 11973/16385: $547 [2205]
 11974/16385: $546 [2204]
 11975/16385: $547 [2204]
 11976/16385: $546 [2203]
 11977/16385: $547 [2203]
 11978/16385: $546 [2202]
 11979/16385: $547 [2202]
 11980/16385: $546 [2201]
 11981/16385: $547 [2201]
 11982/16385: $546 [2200]
 11983/16385: $547 [2200]
 11984/16385: $546 [2199]
 11985/16385: $547 [2199]
 11986/16385: $546 [2198]
 11987/16385: $547 [2198]
 11988/16385: $546 [2197]
 11989/16385: $547 [2197]
 11990/16385: $546 [2196]
 11991/16385: $547 [2196]
 11992/16385: $546 [2195]
 11993/16385: $547 [2195]
 11994/16385: $546 [2194]
 11995/16385: $547 [2194]
 11996/16385: $546 [2193]
 11997/16385: $547 [2193]
 11998/16385: $546 [2192]
 11999/16385: $547 [2192]
 12000/16385: $546 [2191]
 12001/16385: $547 [2191]
 12002/16385: $546 [2190]
 12003/16385: $547 [2190]
 12004/16385: $546 [2189]
 12005/16385: $547 [2189]
 12006/16385: $546 [2188]
 12007/16385: $547 [2188]
 12008/16385: $546 [2187]
 12009/16385: $547 [2187]
 12010/16385: $546 [2186]
 12011/16385: $547 [2186]
 12012/16385: $546 [2185]
 12013/16385: $547 [2185]
 12014/16385: $546 [2184]
 12015/16385: $547 [2184]
 12016/16385: $546 [2183]
 12017/16385: $547 [2183]
 12018/16385: $546 [2182]
 12019/16385: $547 [2182]
 12020/16385: $546 [2181]
 12021/16385: $547 [2181]
 12022/16385: $546 [2180]
 12023/16385: $547 [2180]
 12024/16385: $546 [2179]
 12025/16385: $547 [2179]
 12026/16385: $546 [2178]
 12027/16385: $547 [2178]
 12028/16385: $546 [2177]
 12029/16385: $547 [2177]
 12030/16385: $546 [2176]
 12031/16385: $547 [2176]
 12032/16385: $546 [2175]
 12033/16385: $547 [2175]
 12034/16385: $546 [2174]
 12035/16385: $547 [2174]
 12036/16385: $546 [2173]
 12037/16385: $547 [2173]
 12038/16385: $546 [2172]
 12039/16385: $547 [2172]
 12040/16385: $546 [2171]
 12041/16385: $547 [2171]
 12042/16385: $546 [2170]
 12043/16385: $547 [2170]
 12044/16385: $546 [2169]
 12045/16385: $547 [2169]
 12046/16385: $546 [2168]
 12047/16385: $547 [2168]
 12048/16385: $546 [2167]
 12049/16385: $547 [2167]
 12050/16385: $546 [2166]
 12051/16385: $547 [2166]
 12052/16385: $546 [2165]
 12053/16385: $547 [2165]
 12054/16385: $546 [2164]
 12055/16385: $547 [2164]
 12056/16385: $546 [2163]
 12057/16385: $547 [2163]
 12058/16385: $546 [2162]
 12059/16385: $547 [2162]
 12060/16385: $546 [2161]
 12061/16385: $547 [2161]
 12062/16385: $546 [2160]
 12063/16385: $547 [2160]
 12064/16385: $546 [2159]
 12065/16385: $547 [2159]
 12066/16385: $546 [2158]
 12067/16385: $547 [2158]
 12068/16385: $546 [2157]
 12069/16385: $547 [2157]
 12070/16385: $546 [2156]
 12071/16385: $547 [2156]
 12072/16385: $546 [2155]
 12073/16385: $547 [2155]
 12074/16385: $546 [2154]
 12075/16385: $547 [2154]
 12076/16385: $546 [2153]
 12077/16385: $547 [2153]
 12078/16385: $546 [2152]
 12079/16385: $547 [2152]
 12080/16385: $546 [2151]
 12081/16385: $547 [2151]
 12082/16385: $546 [2150]
 12083/16385: $547 [2150]
 12084/16385: $546 [2149]
 12085/16385: $547 [2149]
 12086/16385: $546 [2148]
 12087/16385: $547 [2148]
 12088/16385: $546 [2147]
 12089/16385: $547 [2147]
 12090/16385: $546 [2146]
 12091/16385: $547 [2146]
 12092/16385: $546 [2145]
 12093/16385: $547 [2145]
 12094/16385: $546 [2144]
 12095/16385: $547 [2144]
 12096/16385: $546 [2143]
 12097/16385: $547 [2143]
 12098/16385: $546 [2142]
 12099/16385: $547 [2142]
 12100/16385: $546 [2141]
 12101/16385: $547 [2141]
 12102/16385: $546 [2140]
 12103/16385: $547 [2140]
 12104/16385: $546 [2139]
 12105/16385: $547 [2139]
 12106/16385: $546 [2138]
 12107/16385: $547 [2138]
 12108/16385: $546 [2137]
 12109/16385: $547 [2137]
 12110/16385: $546 [2136]
 12111/16385: $547 [2136]
 12112/16385: $546 [2135]
 12113/16385: $547 [2135]
 12114/16385: $546 [2134]
 12115/16385: $547 [2134]
 12116/16385: $546 [2133]
 12117/16385: $547 [2133]
 12118/16385: $546 [2132]
 12119/16385: $547 [2132]
 12120/16385: $546 [2131]
 12121/16385: $547 [2131]
 12122/16385: $546 [2130]
 12123/16385: $547 [2130]
 12124/16385: $546 [2129]
 12125/16385: $547 [2129]
 12126/16385: $546 [2128]
 12127/16385: $547 [2128]
 12128/16385: $546 [2127]
 12129/16385: $547 [2127]
 12130/16385: $546 [2126]
 12131/16385: $547 [2126]
 12132/16385: $546 [2125]
 12133/16385: $547 [2125]
 12134/16385: $546 [2124]
 12135/16385: $547 [2124]
 12136/16385: $546 [2123]
 12137/16385: $547 [2123]
 12138/16385: $546 [2122]
 12139/16385: $547 [2122]
 12140/16385: $546 [2121]
 12141/16385: $547 [2121]
 12142/16385: $546 [2120]
 12143/16385: $547 [2120]
 12144/16385: $546 [2119]
 12145/16385: $547 [2119]
 12146/16385: $546 [2118]
 12147/16385: $547 [2118]
 12148/16385: $546 [2117]
 12149/16385: $547 [2117]
 12150/16385: $546 [2116]
 12151/16385: $547 [2116]
 12152/16385: $546 [2115]
 12153/16385: $547 [2115]
 12154/16385: $546 [2114]
 12155/16385: $547 [2114]
 12156/16385: $546 [2113]
 12157/16385: $547 [2113]
 12158/16385: $546 [2112]
 12159/16385: $547 [2112]
 12160/16385: $546 [2111]
 12161/16385: $547 [2111]
 12162/16385: $546 [2110]
 12163/16385: $547 [2110]
 12164/16385: $546 [2109]
 12165/16385: $547 [2109]
 12166/16385: $546 [2108]
 12167/16385: $547 [2108]
 12168/16385: $546 [2107]
 12169/16385: $547 [2107]
 12170/16385: $546 [2106]
 12171/16385: $547 [2106]
 12172/16385: $546 [2105]
 12173/16385: $547 [2105]
 12174/16385: $546 [2104]
 12175/16385: $547 [2104]
 12176/16385: $546 [2103]
 12177/16385: $547 [2103]
 12178/16385: $546 [2102]
 12179/16385: $547 [2102]
 12180/16385: $546 [2101]
 12181/16385: $547 [2101]
 12182/16385: $546 [2100]
 12183/16385: $547 [2100]
 12184/16385: $546 [2099]
 12185/16385: $547 [2099]
 12186/16385: $546 [2098]
 12187/16385: $547 [2098]
 12188/16385: $546 [2097]
 12189/16385: $547 [2097]
 12190/16385: $546 [2096]
 12191/16385: $547 [2096]
 12192/16385: $546 [2095]
 12193/16385: $547 [2095]
 12194/16385: $546 [2094]
 12195/16385: $547 [2094]
 12196/16385: $546 [2093]
 12197/16385: $547 [2093]
 12198/16385: $546 [2092]
 12199/16385: $547 [2092]
 12200/16385: $546 [2091]
 12201/16385: $547 [2091]
 12202/16385: $546 [2090]
 12203/16385: $547 [2090]
 12204/16385: $546 [2089]
 12205/16385: $547 [2089]
 12206/16385: $546 [2088]
 12207/16385: $547 [2088]
 12208/16385: $546 [2087]
 12209/16385: $547 [2087]
 12210/16385: $546 [2086]
 12211/16385: $547 [2086]
 12212/16385: $546 [2085]
 12213/16385: $547 [2085]
 12214/16385: $546 [2084]
 12215/16385: $547 [2084]
 12216/16385: $546 [2083]
 12217/16385: $547 [2083]
 12218/16385: $546 [2082]
 12219/16385: $547 [2082]
 12220/16385: $546 [2081]
 12221/16385: $547 [2081]
 12222/16385: $546 [2080]
 12223/16385: $547 [2080]
 12224/16385: $546 [2079]
 12225/16385: $547 [2079]
 12226/16385: $546 [2078]
 12227/16385: $547 [2078]
 12228/16385: $546 [2077]
 12229/16385: $547 [2077]
 12230/16385: $546 [2076]
 12231/16385: $547 [2076]
 12232/16385: $546 [2075]
 12233/16385: $547 [2075]
 12234/16385: $546 [2074]
 12235/16385: $547 [2074]
 12236/16385: $546 [2073]
 12237/16385: $547 [2073]
 12238/16385: $546 [2072]
 12239/16385: $547 [2072]
 12240/16385: $546 [2071]
 12241/16385: $547 [2071]
 12242/16385: $546 [2070]
 12243/16385: $547 [2070]
 12244/16385: $546 [2069]
 12245/16385: $547 [2069]
 12246/16385: $546 [2068]
 12247/16385: $547 [2068]
 12248/16385: $546 [2067]
 12249/16385: $547 [2067]
 12250/16385: $546 [2066]
 12251/16385: $547 [2066]
 12252/16385: $546 [2065]
 12253/16385: $547 [2065]
 12254/16385: $546 [2064]
 12255/16385: $547 [2064]
 12256/16385: $546 [2063]
 12257/16385: $547 [2063]
 12258/16385: $546 [2062]
 12259/16385: $547 [2062]
 12260/16385: $546 [2061]
 12261/16385: $547 [2061]
 12262/16385: $546 [2060]
 12263/16385: $547 [2060]
 12264/16385: $546 [2059]
 12265/16385: $547 [2059]
 12266/16385: $546 [2058]
 12267/16385: $547 [2058]
 12268/16385: $546 [2057]
 12269/16385: $547 [2057]
 12270/16385: $546 [2056]
 12271/16385: $547 [2056]
 12272/16385: $546 [2055]
 12273/16385: $547 [2055]
 12274/16385: $546 [2054]
 12275/16385: $547 [2054]
 12276/16385: $546 [2053]
 12277/16385: $547 [2053]
 12278/16385: $546 [2052]
 12279/16385: $547 [2052]
 12280/16385: $546 [2051]
 12281/16385: $547 [2051]
 12282/16385: $546 [2050]
 12283/16385: $547 [2050]
 12284/16385: $546 [2049]
 12285/16385: $547 [2049]
 12286/16385: $546 [2048]
 12287/16385: $547 [2048]
 12288/16385: $546 [2047]
 12289/16385: $547 [2047]
 12290/16385: $546 [2046]
 12291/16385: $547 [2046]
 12292/16385: $546 [2045]
 12293/16385: $547 [2045]
 12294/16385: $546 [2044]
 12295/16385: $547 [2044]
 12296/16385: $546 [2043]
 12297/16385: $547 [2043]
 12298/16385: $546 [2042]
 12299/16385: $547 [2042]
 12300/16385: $546 [2041]
 12301/16385: $547 [2041]
 12302/16385: $546 [2040]
 12303/16385: $547 [2040]
 12304/16385: $546 [2039]
 12305/16385: $547 [2039]
 12306/16385: $546 [2038]
 12307/16385: $547 [2038]
 12308/16385: $546 [2037]
 12309/16385: $547 [2037]
 12310/16385: $546 [2036]
 12311/16385: $547 [2036]
 12312/16385: $546 [2035]
 12313/16385: $547 [2035]
 12314/16385: $546 [2034]
 12315/16385: $547 [2034]
 12316/16385: $546 [2033]
 12317/16385: $547 [2033]
 12318/16385: $546 [2032]
 12319/16385: $547 [2032]
 12320/16385: $546 [2031]
 12321/16385: $547 [2031]
 12322/16385: $546 [2030]
 12323/16385: $547 [2030]
 12324/16385: $546 [2029]
 12325/16385: $547 [2029]
 12326/16385: $546 [2028]
 12327/16385: $547 [2028]
 12328/16385: $546 [2027]
 12329/16385: $547 [2027]
 12330/16385: $546 [2026]
 12331/16385: $547 [2026]
 12332/16385: $546 [2025]
 12333/16385: $547 [2025]
 12334/16385: $546 [2024]
 12335/16385: $547 [2024]
 12336/16385: $546 [2023]
 12337/16385: $547 [2023]
 12338/16385: $546 [2022]
 12339/16385: $547 [2022]
 12340/16385: $546 [2021]
 12341/16385: $547 [2021]
 12342/16385: $546 [2020]
 12343/16385: $547 [2020]
 12344/16385: $546 [2019]
 12345/16385: $547 [2019]
 12346/16385: $546 [2018]
 12347/16385: $547 [2018]
 12348/16385: $546 [2017]
 12349/16385: $547 [2017]
 12350/16385: $546 [2016]
 12351/16385: $547 [2016]
 12352/16385: $546 [2015]
 12353/16385: $547 [2015]
 12354/16385: $546 [2014]
 12355/16385: $547 [2014]
 12356/16385: $546 [2013]
 12357/16385: $547 [2013]
 12358/16385: $546 [2012]
 12359/16385: $547 [2012]
 12360/16385: $546 [2011]
 12361/16385: $547 [2011]
 12362/16385: $546 [2010]
 12363/16385: $547 [2010]
 12364/16385: $546 [2009]
 12365/16385: $547 [2009]
 12366/16385: $546 [2008]
 12367/16385: $547 [2008]
 12368/16385: $546 [2007]
 12369/16385: $547 [2007]
 12370/16385: $546 [2006]
 12371/16385: $547 [2006]
 12372/16385: $546 [2005]
 12373/16385: $547 [2005]
 12374/16385: $546 [2004]
 12375/16385: $547 [2004]
 12376/16385: $546 [2003]
 12377/16385: $547 [2003]
 12378/16385: $546 [2002]
 12379/16385: $547 [2002]
 12380/16385: $546 [2001]
 12381/16385: $547 [2001]
 12382/16385: $546 [2000]
 12383/16385: $547 [2000]
 12384/16385: $546 [1999]
 12385/16385: $547 [1999]
 12386/16385: $546 [1998]
 12387/16385: $547 [1998]
 12388/16385: $546 [1997]
 12389/16385: $547 [1997]
 12390/16385: $546 [1996]
 12391/16385: $547 [1996]
 12392/16385: $546 [1995]
 12393/16385: $547 [1995]
 12394/16385: $546 [1994]
 12395/16385: $547 [1994]
 12396/16385: $546 [1993]
 12397/16385: $547 [1993]
 12398/16385: $546 [1992]
 12399/16385: $547 [1992]
 12400/16385: $546 [1991]
 12401/16385: $547 [1991]
 12402/16385: $546 [1990]
 12403/16385: $547 [1990]
 12404/16385: $546 [1989]
 12405/16385: $547 [1989]
 12406/16385: $546 [1988]
 12407/16385: $547 [1988]
 12408/16385: $546 [1987]
 12409/16385: $547 [1987]
 12410/16385: $546 [1986]
 12411/16385: $547 [1986]
 12412/16385: $546 [1985]
 12413/16385: $547 [1985]
 12414/16385: $546 [1984]
 12415/16385: $547 [1984]
 12416/16385: $546 [1983]
 12417/16385: $547 [1983]
 12418/16385: $546 [1982]
 12419/16385: $547 [1982]
 12420/16385: $546 [1981]
 12421/16385: $547 [1981]
 12422/16385: $546 [1980]
 12423/16385: $547 [1980]
 12424/16385: $546 [1979]
 12425/16385: $547 [1979]
 12426/16385: $546 [1978]
 12427/16385: $547 [1978]
 12428/16385: $546 [1977]
 12429/16385: $547 [1977]
 12430/16385: $546 [1976]
 12431/16385: $547 [1976]
 12432/16385: $546 [1975]
 12433/16385: $547 [1975]
 12434/16385: $546 [1974]
 12435/16385: $547 [1974]
 12436/16385: $546 [1973]
 12437/16385: $547 [1973]
 12438/16385: $546 [1972]
 12439/16385: $547 [1972]
 12440/16385: $546 [1971]
 12441/16385: $547 [1971]
 12442/16385: $546 [1970]
 12443/16385: $547 [1970]
 12444/16385: $546 [1969]
 12445/16385: $547 [1969]
 12446/16385: $546 [1968]
 12447/16385: $547 [1968]
 12448/16385: $546 [1967]
 12449/16385: $547 [1967]
 12450/16385: $546 [1966]
 12451/16385: $547 [1966]
 12452/16385: $546 [1965]
 12453/16385: $547 [1965]
 12454/16385: $546 [1964]
 12455/16385: $547 [1964]
 12456/16385: $546 [1963]
 12457/16385: $547 [1963]
 12458/16385: $546 [1962]
 12459/16385: $547 [1962]
 12460/16385: $546 [1961]
 12461/16385: $547 [1961]
 12462/16385: $546 [1960]
 12463/16385: $547 [1960]
 12464/16385: $546 [1959]
 12465/16385: $547 [1959]
 12466/16385: $546 [1958]
 12467/16385: $547 [1958]
 12468/16385: $546 [1957]
 12469/16385: $547 [1957]
 12470/16385: $546 [1956]
 12471/16385: $547 [1956]
 12472/16385: $546 [1955]
 12473/16385: $547 [1955]
 12474/16385: $546 [1954]
 12475/16385: $547 [1954]
 12476/16385: $546 [1953]
 12477/16385: $547 [1953]
 12478/16385: $546 [1952]
 12479/16385: $547 [1952]
 12480/16385: $546 [1951]
 12481/16385: $547 [1951]
 12482/16385: $546 [1950]
 12483/16385: $547 [1950]
 12484/16385: $546 [1949]
 12485/16385: $547 [1949]
 12486/16385: $546 [1948]
 12487/16385: $547 [1948]
 12488/16385: $546 [1947]
 12489/16385: $547 [1947]
 12490/16385: $546 [1946]
 12491/16385: $547 [1946]
 12492/16385: $546 [1945]
 12493/16385: $547 [1945]
 12494/16385: $546 [1944]
 12495/16385: $547 [1944]
 12496/16385: $546 [1943]
 12497/16385: $547 [1943]
 12498/16385: $546 [1942]
 12499/16385: $547 [1942]
 12500/16385: $546 [1941]
 12501/16385: $547 [1941]
 12502/16385: $546 [1940]
 12503/16385: $547 [1940]
 12504/16385: $546 [1939]
 12505/16385: $547 [1939]
 12506/16385: $546 [1938]
 12507/16385: $547 [1938]
 12508/16385: $546 [1937]
 12509/16385: $547 [1937]
 12510/16385: $546 [1936]
 12511/16385: $547 [1936]
 12512/16385: $546 [1935]
 12513/16385: $547 [1935]
 12514/16385: $546 [1934]
 12515/16385: $547 [1934]
 12516/16385: $546 [1933]
 12517/16385: $547 [1933]
 12518/16385: $546 [1932]
 12519/16385: $547 [1932]
 12520/16385: $546 [1931]
 12521/16385: $547 [1931]
 12522/16385: $546 [1930]
 12523/16385: $547 [1930]
 12524/16385: $546 [1929]
 12525/16385: $547 [1929]
 12526/16385: $546 [1928]
 12527/16385: $547 [1928]
 12528/16385: $546 [1927]
 12529/16385: $547 [1927]
 12530/16385: $546 [1926]
 12531/16385: $547 [1926]
 12532/16385: $546 [1925]
 12533/16385: $547 [1925]
 12534/16385: $546 [1924]
 12535/16385: $547 [1924]
 12536/16385: $546 [1923]
 12537/16385: $547 [1923]
 12538/16385: $546 [1922]
 12539/16385: $547 [1922]
 12540/16385: $546 [1921]
 12541/16385: $547 [1921]
 12542/16385: $546 [1920]
 12543/16385: $547 [1920]
 12544/16385: $546 [1919]
 12545/16385: $547 [1919]
 12546/16385: $546 [1918]
 12547/16385: $547 [1918]
 12548/16385: $546 [1917]
 12549/16385: $547 [1917]
 12550/16385: $546 [1916]
 12551/16385: $547 [1916]
 12552/16385: $546 [1915]
 12553/16385: $547 [1915]
 12554/16385: $546 [1914]
 12555/16385: $547 [1914]
 12556/16385: $546 [1913]
 12557/16385: $547 [1913]
 12558/16385: $546 [1912]
 12559/16385: $547 [1912]
 12560/16385: $546 [1911]
 12561/16385: $547 [1911]
 12562/16385: $546 [1910]
 12563/16385: $547 [1910]
 12564/16385: $546 [1909]
 12565/16385: $547 [1909]
 12566/16385: $546 [1908]
 12567/16385: $547 [1908]
 12568/16385: $546 [1907]
 12569/16385: $547 [1907]
 12570/16385: $546 [1906]
 12571/16385: $547 [1906]
 12572/16385: $546 [1905]
 12573/16385: $547 [1905]
 12574/16385: $546 [1904]
 12575/16385: $547 [1904]
 12576/16385: $546 [1903]
 12577/16385: $547 [1903]
 12578/16385: $546 [1902]
 12579/16385: $547 [1902]
 12580/16385: $546 [1901]
 12581/16385: $547 [1901]
 12582/16385: $546 [1900]
 12583/16385: $547 [1900]
 12584/16385: $546 [1899]
 12585/16385: $547 [1899]
 12586/16385: $546 [1898]
 12587/16385: $547 [1898]
 12588/16385: $546 [1897]
 12589/16385: $547 [1897]
 12590/16385: $546 [1896]
 12591/16385: $547 [1896]
 12592/16385: $546 [1895]
 12593/16385: $547 [1895]
 12594/16385: $546 [1894]
 12595/16385: $547 [1894]
 12596/16385: $546 [1893]
 12597/16385: $547 [1893]
 12598/16385: $546 [1892]
 12599/16385: $547 [1892]
 12600/16385: $546 [1891]
 12601/16385: $547 [1891]
 12602/16385: $546 [1890]
 12603/16385: $547 [1890]
 12604/16385: $546 [1889]
 12605/16385: $547 [1889]
 12606/16385: $546 [1888]
 12607/16385: $547 [1888]
 12608/16385: $546 [1887]
 12609/16385: $547 [1887]
 12610/16385: $546 [1886]
 12611/16385: $547 [1886]
 12612/16385: $546 [1885]
 12613/16385: $547 [1885]
 12614/16385: $546 [1884]
 12615/16385: $547 [1884]
 12616/16385: $546 [1883]
 12617/16385: $547 [1883]
 12618/16385: $546 [1882]
 12619/16385: $547 [1882]
 12620/16385: $546 [1881]
 12621/16385: $547 [1881]
 12622/16385: $546 [1880]
 12623/16385: $547 [1880]
 12624/16385: $546 [1879]
 12625/16385: $547 [1879]
 12626/16385: $546 [1878]
 12627/16385: $547 [1878]
 12628/16385: $546 [1877]
 12629/16385: $547 [1877]
 12630/16385: $546 [1876]
 12631/16385: $547 [1876]
 12632/16385: $546 [1875]
 12633/16385: $547 [1875]
 12634/16385: $546 [1874]
 12635/16385: $547 [1874]
 12636/16385: $546 [1873]
 12637/16385: $547 [1873]
 12638/16385: $546 [1872]
 12639/16385: $547 [1872]
 12640/16385: $546 [1871]
 12641/16385: $547 [1871]
 12642/16385: $546 [1870]
 12643/16385: $547 [1870]
 12644/16385: $546 [1869]
 12645/16385: $547 [1869]
 12646/16385: $546 [1868]
 12647/16385: $547 [1868]
 12648/16385: $546 [1867]
 12649/16385: $547 [1867]
 12650/16385: $546 [1866]
 12651/16385: $547 [1866]
 12652/16385: $546 [1865]
 12653/16385: $547 [1865]
 12654/16385: $546 [1864]
 12655/16385: $547 [1864]
 12656/16385: $546 [1863]
 12657/16385: $547 [1863]
 12658/16385: $546 [1862]
 12659/16385: $547 [1862]
 12660/16385: $546 [1861]
 12661/16385: $547 [1861]
 12662/16385: $546 [1860]
 12663/16385: $547 [1860]
 12664/16385: $546 [1859]
 12665/16385: $547 [1859]
 12666/16385: $546 [1858]
 12667/16385: $547 [1858]
 12668/16385: $546 [1857]
 12669/16385: $547 [1857]
 12670/16385: $546 [1856]
 12671/16385: $547 [1856]
 12672/16385: $546 [1855]
 12673/16385: $547 [1855]
 12674/16385: $546 [1854]
 12675/16385: $547 [1854]
 12676/16385: $546 [1853]
 12677/16385: $547 [1853]
 12678/16385: $546 [1852]
 12679/16385: $547 [1852]
 12680/16385: $546 [1851]
 12681/16385: $547 [1851]
 12682/16385: $546 [1850]
 12683/16385: $547 [1850]
 12684/16385: $546 [1849]
 12685/16385: $547 [1849]
 12686/16385: $546 [1848]
 12687/16385: $547 [1848]
 12688/16385: $546 [1847]
 12689/16385: $547 [1847]
 12690/16385: $546 [1846]
 12691/16385: $547 [1846]
 12692/16385: $546 [1845]
 12693/16385: $547 [1845]
 12694/16385: $546 [1844]
 12695/16385: $547 [1844]
 12696/16385: $546 [1843]
 12697/16385: $547 [1843]
 12698/16385: $546 [1842]
 12699/16385: $547 [1842]
 12700/16385: $546 [1841]
 12701/16385: $547 [1841]
 12702/16385: $546 [1840]
 12703/16385: $547 [1840]
 12704/16385: $546 [1839]
 12705/16385: $547 [1839]
 12706/16385: $546 [1838]
 12707/16385: $547 [1838]
 12708/16385: $546 [1837]
 12709/16385: $547 [1837]
 12710/16385: $546 [1836]
 12711/16385: $547 [1836]
 12712/16385: $546 [1835]
 12713/16385: $547 [1835]
 12714/16385: $546 [1834]
 12715/16385: $547 [1834]
 12716/16385: $546 [1833]
 12717/16385: $547 [1833]
 12718/16385: $546 [1832]
 12719/16385: $547 [1832]
 12720/16385: $546 [1831]
 12721/16385: $547 [1831]
 12722/16385: $546 [1830]
 12723/16385: $547 [1830]
 12724/16385: $546 [1829]
 12725/16385: $547 [1829]
 12726/16385: $546 [1828]
 12727/16385: $547 [1828]
 12728/16385: $546 [1827]
 12729/16385: $547 [1827]
 12730/16385: $546 [1826]
 12731/16385: $547 [1826]
 12732/16385: $546 [1825]
 12733/16385: $547 [1825]
 12734/16385: $546 [1824]
 12735/16385: $547 [1824]
 12736/16385: $546 [1823]
 12737/16385: $547 [1823]
 12738/16385: $546 [1822]
 12739/16385: $547 [1822]
 12740/16385: $546 [1821]
 12741/16385: $547 [1821]
 12742/16385: $546 [1820]
 12743/16385: $547 [1820]
 12744/16385: $546 [1819]
 12745/16385: $547 [1819]
 12746/16385: $546 [1818]
 12747/16385: $547 [1818]
 12748/16385: $546 [1817]
 12749/16385: $547 [1817]
 12750/16385: $546 [1816]
 12751/16385: $547 [1816]
 12752/16385: $546 [1815]
 12753/16385: $547 [1815]
 12754/16385: $546 [1814]
 12755/16385: $547 [1814]
 12756/16385: $546 [1813]
 12757/16385: $547 [1813]
 12758/16385: $546 [1812]
 12759/16385: $547 [1812]
 12760/16385: $546 [1811]
 12761/16385: $547 [1811]
 12762/16385: $546 [1810]
 12763/16385: $547 [1810]
 12764/16385: $546 [1809]
 12765/16385: $547 [1809]
 12766/16385: $546 [1808]
 12767/16385: $547 [1808]
 12768/16385: $546 [1807]
 12769/16385: $547 [1807]
 12770/16385: $546 [1806]
 12771/16385: $547 [1806]
 12772/16385: $546 [1805]
 12773/16385: $547 [1805]
 12774/16385: $546 [1804]
 12775/16385: $547 [1804]
 12776/16385: $546 [1803]
 12777/16385: $547 [1803]
 12778/16385: $546 [1802]
 12779/16385: $547 [1802]
 12780/16385: $546 [1801]
 12781/16385: $547 [1801]
 12782/16385: $546 [1800]
 12783/16385: $547 [1800]
 12784/16385: $546 [1799]
 12785/16385: $547 [1799]
 12786/16385: $546 [1798]
 12787/16385: $547 [1798]
 12788/16385: $546 [1797]
 12789/16385: $547 [1797]
 12790/16385: $546 [1796]
 12791/16385: $547 [1796]
 12792/16385: $546 [1795]
 12793/16385: $547 [1795]
 12794/16385: $546 [1794]
 12795/16385: $547 [1794]
 12796/16385: $546 [1793]
 12797/16385: $547 [1793]
 12798/16385: $546 [1792]
 12799/16385: $547 [1792]
 12800/16385: $546 [1791]
 12801/16385: $547 [1791]
 12802/16385: $546 [1790]
 12803/16385: $547 [1790]
 12804/16385: $546 [1789]
 12805/16385: $547 [1789]
 12806/16385: $546 [1788]
 12807/16385: $547 [1788]
 12808/16385: $546 [1787]
 12809/16385: $547 [1787]
 12810/16385: $546 [1786]
 12811/16385: $547 [1786]
 12812/16385: $546 [1785]
 12813/16385: $547 [1785]
 12814/16385: $546 [1784]
 12815/16385: $547 [1784]
 12816/16385: $546 [1783]
 12817/16385: $547 [1783]
 12818/16385: $546 [1782]
 12819/16385: $547 [1782]
 12820/16385: $546 [1781]
 12821/16385: $547 [1781]
 12822/16385: $546 [1780]
 12823/16385: $547 [1780]
 12824/16385: $546 [1779]
 12825/16385: $547 [1779]
 12826/16385: $546 [1778]
 12827/16385: $547 [1778]
 12828/16385: $546 [1777]
 12829/16385: $547 [1777]
 12830/16385: $546 [1776]
 12831/16385: $547 [1776]
 12832/16385: $546 [1775]
 12833/16385: $547 [1775]
 12834/16385: $546 [1774]
 12835/16385: $547 [1774]
 12836/16385: $546 [1773]
 12837/16385: $547 [1773]
 12838/16385: $546 [1772]
 12839/16385: $547 [1772]
 12840/16385: $546 [1771]
 12841/16385: $547 [1771]
 12842/16385: $546 [1770]
 12843/16385: $547 [1770]
 12844/16385: $546 [1769]
 12845/16385: $547 [1769]
 12846/16385: $546 [1768]
 12847/16385: $547 [1768]
 12848/16385: $546 [1767]
 12849/16385: $547 [1767]
 12850/16385: $546 [1766]
 12851/16385: $547 [1766]
 12852/16385: $546 [1765]
 12853/16385: $547 [1765]
 12854/16385: $546 [1764]
 12855/16385: $547 [1764]
 12856/16385: $546 [1763]
 12857/16385: $547 [1763]
 12858/16385: $546 [1762]
 12859/16385: $547 [1762]
 12860/16385: $546 [1761]
 12861/16385: $547 [1761]
 12862/16385: $546 [1760]
 12863/16385: $547 [1760]
 12864/16385: $546 [1759]
 12865/16385: $547 [1759]
 12866/16385: $546 [1758]
 12867/16385: $547 [1758]
 12868/16385: $546 [1757]
 12869/16385: $547 [1757]
 12870/16385: $546 [1756]
 12871/16385: $547 [1756]
 12872/16385: $546 [1755]
 12873/16385: $547 [1755]
 12874/16385: $546 [1754]
 12875/16385: $547 [1754]
 12876/16385: $546 [1753]
 12877/16385: $547 [1753]
 12878/16385: $546 [1752]
 12879/16385: $547 [1752]
 12880/16385: $546 [1751]
 12881/16385: $547 [1751]
 12882/16385: $546 [1750]
 12883/16385: $547 [1750]
 12884/16385: $546 [1749]
 12885/16385: $547 [1749]
 12886/16385: $546 [1748]
 12887/16385: $547 [1748]
 12888/16385: $546 [1747]
 12889/16385: $547 [1747]
 12890/16385: $546 [1746]
 12891/16385: $547 [1746]
 12892/16385: $546 [1745]
 12893/16385: $547 [1745]
 12894/16385: $546 [1744]
 12895/16385: $547 [1744]
 12896/16385: $546 [1743]
 12897/16385: $547 [1743]
 12898/16385: $546 [1742]
 12899/16385: $547 [1742]
 12900/16385: $546 [1741]
 12901/16385: $547 [1741]
 12902/16385: $546 [1740]
 12903/16385: $547 [1740]
 12904/16385: $546 [1739]
 12905/16385: $547 [1739]
 12906/16385: $546 [1738]
 12907/16385: $547 [1738]
 12908/16385: $546 [1737]
 12909/16385: $547 [1737]
 12910/16385: $546 [1736]
 12911/16385: $547 [1736]
 12912/16385: $546 [1735]
 12913/16385: $547 [1735]
 12914/16385: $546 [1734]
 12915/16385: $547 [1734]
 12916/16385: $546 [1733]
 12917/16385: $547 [1733]
 12918/16385: $546 [1732]
 12919/16385: $547 [1732]
 12920/16385: $546 [1731]
 12921/16385: $547 [1731]
 12922/16385: $546 [1730]
 12923/16385: $547 [1730]
 12924/16385: $546 [1729]
 12925/16385: $547 [1729]
 12926/16385: $546 [1728]
 12927/16385: $547 [1728]
 12928/16385: $546 [1727]
 12929/16385: $547 [1727]
 12930/16385: $546 [1726]
 12931/16385: $547 [1726]
 12932/16385: $546 [1725]
 12933/16385: $547 [1725]
 12934/16385: $546 [1724]
 12935/16385: $547 [1724]
 12936/16385: $546 [1723]
 12937/16385: $547 [1723]
 12938/16385: $546 [1722]
 12939/16385: $547 [1722]
 12940/16385: $546 [1721]
 12941/16385: $547 [1721]
 12942/16385: $546 [1720]
 12943/16385: $547 [1720]
 12944/16385: $546 [1719]
 12945/16385: $547 [1719]
 12946/16385: $546 [1718]
 12947/16385: $547 [1718]
 12948/16385: $546 [1717]
 12949/16385: $547 [1717]
 12950/16385: $546 [1716]
 12951/16385: $547 [1716]
 12952/16385: $546 [1715]
 12953/16385: $547 [1715]
 12954/16385: $546 [1714]
 12955/16385: $547 [1714]
 12956/16385: $546 [1713]
 12957/16385: $547 [1713]
 12958/16385: $546 [1712]
 12959/16385: $547 [1712]
 12960/16385: $546 [1711]
 12961/16385: $547 [1711]
 12962/16385: $546 [1710]
 12963/16385: $547 [1710]
 12964/16385: $546 [1709]
 12965/16385: $547 [1709]
 12966/16385: $546 [1708]
 12967/16385: $547 [1708]
 12968/16385: $546 [1707]
 12969/16385: $547 [1707]
 12970/16385: $546 [1706]
 12971/16385: $547 [1706]
 12972/16385: $546 [1705]
 12973/16385: $547 [1705]
 12974/16385: $546 [1704]
 12975/16385: $547 [1704]
 12976/16385: $546 [1703]
 12977/16385: $547 [1703]
 12978/16385: $546 [1702]
 12979/16385: $547 [1702]
 12980/16385: $546 [1701]
 12981/16385: $547 [1701]
 12982/16385: $546 [1700]
 12983/16385: $547 [1700]
 12984/16385: $546 [1699]
 12985/16385: $547 [1699]
 12986/16385: $546 [1698]
 12987/16385: $547 [1698]
 12988/16385: $546 [1697]
 12989/16385: $547 [1697]
 12990/16385: $546 [1696]
 12991/16385: $547 [1696]
 12992/16385: $546 [1695]
 12993/16385: $547 [1695]
 12994/16385: $546 [1694]
 12995/16385: $547 [1694]
 12996/16385: $546 [1693]
 12997/16385: $547 [1693]
 12998/16385: $546 [1692]
 12999/16385: $547 [1692]
 13000/16385: $546 [1691]
 13001/16385: $547 [1691]
 13002/16385: $546 [1690]
 13003/16385: $547 [1690]
 13004/16385: $546 [1689]
 13005/16385: $547 [1689]
 13006/16385: $546 [1688]
 13007/16385: $547 [1688]
 13008/16385: $546 [1687]
 13009/16385: $547 [1687]
 13010/16385: $546 [1686]
 13011/16385: $547 [1686]
 13012/16385: $546 [1685]
 13013/16385: $547 [1685]
 13014/16385: $546 [1684]
 13015/16385: $547 [1684]
 13016/16385: $546 [1683]
 13017/16385: $547 [1683]
 13018/16385: $546 [1682]
 13019/16385: $547 [1682]
 13020/16385: $546 [1681]
 13021/16385: $547 [1681]
 13022/16385: $546 [1680]
 13023/16385: $547 [1680]
 13024/16385: $546 [1679]
 13025/16385: $547 [1679]
 13026/16385: $546 [1678]
 13027/16385: $547 [1678]
 13028/16385: $546 [1677]
 13029/16385: $547 [1677]
 13030/16385: $546 [1676]
 13031/16385: $547 [1676]
 13032/16385: $546 [1675]
 13033/16385: $547 [1675]
 13034/16385: $546 [1674]
 13035/16385: $547 [1674]
 13036/16385: $546 [1673]
 13037/16385: $547 [1673]
 13038/16385: $546 [1672]
 13039/16385: $547 [1672]
 13040/16385: $546 [1671]
 13041/16385: $547 [1671]
 13042/16385: $546 [1670]
 13043/16385: $547 [1670]
 13044/16385: $546 [1669]
 13045/16385: $547 [1669]
 13046/16385: $546 [1668]
 13047/16385: $547 [1668]
 13048/16385: $546 [1667]
 13049/16385: $547 [1667]
 13050/16385: $546 [1666]
 13051/16385: $547 [1666]
 13052/16385: $546 [1665]
 13053/16385: $547 [1665]
 13054/16385: $546 [1664]
 13055/16385: $547 [1664]
 13056/16385: $546 [1663]
 13057/16385: $547 [1663]
 13058/16385: $546 [1662]
 13059/16385: $547 [1662]
 13060/16385: $546 [1661]
 13061/16385: $547 [1661]
 13062/16385: $546 [1660]
 13063/16385: $547 [1660]
 13064/16385: $546 [1659]
 13065/16385: $547 [1659]
 13066/16385: $546 [1658]
 13067/16385: $547 [1658]
 13068/16385: $546 [1657]
 13069/16385: $547 [1657]
 13070/16385: $546 [1656]
 13071/16385: $547 [1656]
 13072/16385: $546 [1655]
 13073/16385: $547 [1655]
 13074/16385: $546 [1654]
 13075/16385: $547 [1654]
 13076/16385: $546 [1653]
 13077/16385: $547 [1653]
 13078/16385: $546 [1652]
 13079/16385: $547 [1652]
 13080/16385: $546 [1651]
 13081/16385: $547 [1651]
 13082/16385: $546 [1650]
 13083/16385: $547 [1650]
 13084/16385: $546 [1649]
 13085/16385: $547 [1649]
 13086/16385: $546 [1648]
 13087/16385: $547 [1648]
 13088/16385: $546 [1647]
 13089/16385: $547 [1647]
 13090/16385: $546 [1646]
 13091/16385: $547 [1646]
 13092/16385: $546 [1645]
 13093/16385: $547 [1645]
 13094/16385: $546 [1644]
 13095/16385: $547 [1644]
 13096/16385: $546 [1643]
 13097/16385: $547 [1643]
 13098/16385: $546 [1642]
 13099/16385: $547 [1642]
 13100/16385: $546 [1641]
 13101/16385: $547 [1641]
 13102/16385: $546 [1640]
 13103/16385: $547 [1640]
 13104/16385: $546 [1639]
 13105/16385: $547 [1639]
 13106/16385: $546 [1638]
 13107/16385: $547 [1638]
 13108/16385: $546 [1637]
 13109/16385: $547 [1637]
 13110/16385: $546 [1636]
 13111/16385: $547 [1636]
 13112/16385: $546 [1635]
 13113/16385: $547 [1635]
 13114/16385: $546 [1634]
 13115/16385: $547 [1634]
 13116/16385: $546 [1633]
 13117/16385: $547 [1633]
 13118/16385: $546 [1632]
 13119/16385: $547 [1632]
 13120/16385: $546 [1631]
 13121/16385: $547 [1631]
 13122/16385: $546 [1630]
 13123/16385: $547 [1630]
 13124/16385: $546 [1629]
 13125/16385: $547 [1629]
 13126/16385: $546 [1628]
 13127/16385: $547 [1628]
 13128/16385: $546 [1627]
 13129/16385: $547 [1627]
 13130/16385: $546 [1626]
 13131/16385: $547 [1626]
 13132/16385: $546 [1625]
 13133/16385: $547 [1625]
 13134/16385: $546 [1624]
 13135/16385: $547 [1624]
 13136/16385: $546 [1623]
 13137/16385: $547 [1623]
 13138/16385: $546 [1622]
 13139/16385: $547 [1622]
 13140/16385: $546 [1621]
 13141/16385: $547 [1621]
 13142/16385: $546 [1620]
 13143/16385: $547 [1620]
 13144/16385: $546 [1619]
 13145/16385: $547 [1619]
 13146/16385: $546 [1618]
 13147/16385: $547 [1618]
 13148/16385: $546 [1617]
 13149/16385: $547 [1617]
 13150/16385: $546 [1616]
 13151/16385: $547 [1616]
 13152/16385: $546 [1615]
 13153/16385: $547 [1615]
 13154/16385: $546 [1614]
 13155/16385: $547 [1614]
 13156/16385: $546 [1613]
 13157/16385: $547 [1613]
 13158/16385: $546 [1612]
 13159/16385: $547 [1612]
 13160/16385: $546 [1611]
 13161/16385: $547 [1611]
 13162/16385: $546 [1610]
 13163/16385: $547 [1610]
 13164/16385: $546 [1609]
 13165/16385: $547 [1609]
 13166/16385: $546 [1608]
 13167/16385: $547 [1608]
 13168/16385: $546 [1607]
 13169/16385: $547 [1607]
 13170/16385: $546 [1606]
 13171/16385: $547 [1606]
 13172/16385: $546 [1605]
 13173/16385: $547 [1605]
 13174/16385: $546 [1604]
 13175/16385: $547 [1604]
 13176/16385: $546 [1603]
 13177/16385: $547 [1603]
 13178/16385: $546 [1602]
 13179/16385: $547 [1602]
 13180/16385: $546 [1601]
 13181/16385: $547 [1601]
 13182/16385: $546 [1600]
 13183/16385: $547 [1600]
 13184/16385: $546 [1599]
 13185/16385: $547 [1599]
 13186/16385: $546 [1598]
 13187/16385: $547 [1598]
 13188/16385: $546 [1597]
 13189/16385: $547 [1597]
 13190/16385: $546 [1596]
 13191/16385: $547 [1596]
 13192/16385: $546 [1595]
 13193/16385: $547 [1595]
 13194/16385: $546 [1594]
 13195/16385: $547 [1594]
 13196/16385: $546 [1593]
 13197/16385: $547 [1593]
 13198/16385: $546 [1592]
 13199/16385: $547 [1592]
 13200/16385: $546 [1591]
 13201/16385: $547 [1591]
 13202/16385: $546 [1590]
 13203/16385: $547 [1590]
 13204/16385: $546 [1589]
 13205/16385: $547 [1589]
 13206/16385: $546 [1588]
 13207/16385: $547 [1588]
 13208/16385: $546 [1587]
 13209/16385: $547 [1587]
 13210/16385: $546 [1586]
 13211/16385: $547 [1586]
 13212/16385: $546 [1585]
 13213/16385: $547 [1585]
 13214/16385: $546 [1584]
 13215/16385: $547 [1584]
 13216/16385: $546 [1583]
 13217/16385: $547 [1583]
 13218/16385: $546 [1582]
 13219/16385: $547 [1582]
 13220/16385: $546 [1581]
 13221/16385: $547 [1581]
 13222/16385: $546 [1580]
 13223/16385: $547 [1580]
 13224/16385: $546 [1579]
 13225/16385: $547 [1579]
 13226/16385: $546 [1578]
 13227/16385: $547 [1578]
 13228/16385: $546 [1577]
 13229/16385: $547 [1577]
 13230/16385: $546 [1576]
 13231/16385: $547 [1576]
 13232/16385: $546 [1575]
 13233/16385: $547 [1575]
 13234/16385: $546 [1574]
 13235/16385: $547 [1574]
 13236/16385: $546 [1573]
 13237/16385: $547 [1573]
 13238/16385: $546 [1572]
 13239/16385: $547 [1572]
 13240/16385: $546 [1571]
 13241/16385: $547 [1571]
 13242/16385: $546 [1570]
 13243/16385: $547 [1570]
 13244/16385: $546 [1569]
 13245/16385: $547 [1569]
 13246/16385: $546 [1568]
 13247/16385: $547 [1568]
 13248/16385: $546 [1567]
 13249/16385: $547 [1567]
 13250/16385: $546 [1566]
 13251/16385: $547 [1566]
 13252/16385: $546 [1565]
 13253/16385: $547 [1565]
 13254/16385: $546 [1564]
 13255/16385: $547 [1564]
 13256/16385: $546 [1563]
 13257/16385: $547 [1563]
 13258/16385: $546 [1562]
 13259/16385: $547 [1562]
 13260/16385: $546 [1561]
 13261/16385: $547 [1561]
 13262/16385: $546 [1560]
 13263/16385: $547 [1560]
 13264/16385: $546 [1559]
 13265/16385: $547 [1559]
 13266/16385: $546 [1558]
 13267/16385: $547 [1558]
 13268/16385: $546 [1557]
 13269/16385: $547 [1557]
 13270/16385: $546 [1556]
 13271/16385: $547 [1556]
 13272/16385: $546 [1555]
 13273/16385: $547 [1555]
 13274/16385: $546 [1554]
 13275/16385: $547 [1554]
 13276/16385: $546 [1553]
 13277/16385: $547 [1553]
 13278/16385: $546 [1552]
 13279/16385: $547 [1552]
 13280/16385: $546 [1551]
 13281/16385: $547 [1551]
 13282/16385: $546 [1550]
 13283/16385: $547 [1550]
 13284/16385: $546 [1549]
 13285/16385: $547 [1549]
 13286/16385: $546 [1548]
 13287/16385: $547 [1548]
 13288/16385: $546 [1547]
 13289/16385: $547 [1547]
 13290/16385: $546 [1546]
 13291/16385: $547 [1546]
 13292/16385: $546 [1545]
 13293/16385: $547 [1545]
 13294/16385: $546 [1544]
 13295/16385: $547 [1544]
 13296/16385: $546 [1543]
 13297/16385: $547 [1543]
 13298/16385: $546 [1542]
 13299/16385: $547 [1542]
 13300/16385: $546 [1541]
 13301/16385: $547 [1541]
 13302/16385: $546 [1540]
 13303/16385: $547 [1540]
 13304/16385: $546 [1539]
 13305/16385: $547 [1539]
 13306/16385: $546 [1538]
 13307/16385: $547 [1538]
 13308/16385: $546 [1537]
 13309/16385: $547 [1537]
 13310/16385: $546 [1536]
 13311/16385: $547 [1536]
 13312/16385: $546 [1535]
 13313/16385: $547 [1535]
 13314/16385: $546 [1534]
 13315/16385: $547 [1534]
 13316/16385: $546 [1533]
 13317/16385: $547 [1533]
 13318/16385: $546 [1532]
 13319/16385: $547 [1532]
 13320/16385: $546 [1531]
 13321/16385: $547 [1531]
 13322/16385: $546 [1530]
 13323/16385: $547 [1530]
 13324/16385: $546 [1529]
 13325/16385: $547 [1529]
 13326/16385: $546 [1528]
 13327/16385: $547 [1528]
 13328/16385: $546 [1527]
 13329/16385: $547 [1527]
 13330/16385: $546 [1526]
 13331/16385: $547 [1526]
 13332/16385: $546 [1525]
 13333/16385: $547 [1525]
 13334/16385: $546 [1524]
 13335/16385: $547 [1524]
 13336/16385: $546 [1523]
 13337/16385: $547 [1523]
 13338/16385: $546 [1522]
 13339/16385: $547 [1522]
 13340/16385: $546 [1521]
 13341/16385: $547 [1521]
 13342/16385: $546 [1520]
 13343/16385: $547 [1520]
 13344/16385: $546 [1519]
 13345/16385: $547 [1519]
 13346/16385: $546 [1518]
 13347/16385: $547 [1518]
 13348/16385: $546 [1517]
 13349/16385: $547 [1517]
 13350/16385: $546 [1516]
 13351/16385: $547 [1516]
 13352/16385: $546 [1515]
 13353/16385: $547 [1515]
 13354/16385: $546 [1514]
 13355/16385: $547 [1514]
 13356/16385: $546 [1513]
 13357/16385: $547 [1513]
 13358/16385: $546 [1512]
 13359/16385: $547 [1512]
 13360/16385: $546 [1511]
 13361/16385: $547 [1511]
 13362/16385: $546 [1510]
 13363/16385: $547 [1510]
 13364/16385: $546 [1509]
 13365/16385: $547 [1509]
 13366/16385: $546 [1508]
 13367/16385: $547 [1508]
 13368/16385: $546 [1507]
 13369/16385: $547 [1507]
 13370/16385: $546 [1506]
 13371/16385: $547 [1506]
 13372/16385: $546 [1505]
 13373/16385: $547 [1505]
 13374/16385: $546 [1504]
 13375/16385: $547 [1504]
 13376/16385: $546 [1503]
 13377/16385: $547 [1503]
 13378/16385: $546 [1502]
 13379/16385: $547 [1502]
 13380/16385: $546 [1501]
 13381/16385: $547 [1501]
 13382/16385: $546 [1500]
 13383/16385: $547 [1500]
 13384/16385: $546 [1499]
 13385/16385: $547 [1499]
 13386/16385: $546 [1498]
 13387/16385: $547 [1498]
 13388/16385: $546 [1497]
 13389/16385: $547 [1497]
 13390/16385: $546 [1496]
 13391/16385: $547 [1496]
 13392/16385: $546 [1495]
 13393/16385: $547 [1495]
 13394/16385: $546 [1494]
 13395/16385: $547 [1494]
 13396/16385: $546 [1493]
 13397/16385: $547 [1493]
 13398/16385: $546 [1492]
 13399/16385: $547 [1492]
 13400/16385: $546 [1491]
 13401/16385: $547 [1491]
 13402/16385: $546 [1490]
 13403/16385: $547 [1490]
 13404/16385: $546 [1489]
 13405/16385: $547 [1489]
 13406/16385: $546 [1488]
 13407/16385: $547 [1488]
 13408/16385: $546 [1487]
 13409/16385: $547 [1487]
 13410/16385: $546 [1486]
 13411/16385: $547 [1486]
 13412/16385: $546 [1485]
 13413/16385: $547 [1485]
 13414/16385: $546 [1484]
 13415/16385: $547 [1484]
 13416/16385: $546 [1483]
 13417/16385: $547 [1483]
 13418/16385: $546 [1482]
 13419/16385: $547 [1482]
 13420/16385: $546 [1481]
 13421/16385: $547 [1481]
 13422/16385: $546 [1480]
 13423/16385: $547 [1480]
 13424/16385: $546 [1479]
 13425/16385: $547 [1479]
 13426/16385: $546 [1478]
 13427/16385: $547 [1478]
 13428/16385: $546 [1477]
 13429/16385: $547 [1477]
 13430/16385: $546 [1476]
 13431/16385: $547 [1476]
 13432/16385: $546 [1475]
 13433/16385: $547 [1475]
 13434/16385: $546 [1474]
 13435/16385: $547 [1474]
 13436/16385: $546 [1473]
 13437/16385: $547 [1473]
 13438/16385: $546 [1472]
 13439/16385: $547 [1472]
 13440/16385: $546 [1471]
 13441/16385: $547 [1471]
 13442/16385: $546 [1470]
 13443/16385: $547 [1470]
 13444/16385: $546 [1469]
 13445/16385: $547 [1469]
 13446/16385: $546 [1468]
 13447/16385: $547 [1468]
 13448/16385: $546 [1467]
 13449/16385: $547 [1467]
 13450/16385: $546 [1466]
 13451/16385: $547 [1466]
 13452/16385: $546 [1465]
 13453/16385: $547 [1465]
 13454/16385: $546 [1464]
 13455/16385: $547 [1464]
 13456/16385: $546 [1463]
 13457/16385: $547 [1463]
 13458/16385: $546 [1462]
 13459/16385: $547 [1462]
 13460/16385: $546 [1461]
 13461/16385: $547 [1461]
 13462/16385: $546 [1460]
 13463/16385: $547 [1460]
 13464/16385: $546 [1459]
 13465/16385: $547 [1459]
 13466/16385: $546 [1458]
 13467/16385: $547 [1458]
 13468/16385: $546 [1457]
 13469/16385: $547 [1457]
 13470/16385: $546 [1456]
 13471/16385: $547 [1456]
 13472/16385: $546 [1455]
 13473/16385: $547 [1455]
 13474/16385: $546 [1454]
 13475/16385: $547 [1454]
 13476/16385: $546 [1453]
 13477/16385: $547 [1453]
 13478/16385: $546 [1452]
 13479/16385: $547 [1452]
 13480/16385: $546 [1451]
 13481/16385: $547 [1451]
 13482/16385: $546 [1450]
 13483/16385: $547 [1450]
 13484/16385: $546 [1449]
 13485/16385: $547 [1449]
 13486/16385: $546 [1448]
 13487/16385: $547 [1448]
 13488/16385: $546 [1447]
 13489/16385: $547 [1447]
 13490/16385: $546 [1446]
 13491/16385: $547 [1446]
 13492/16385: $546 [1445]
 13493/16385: $547 [1445]
 13494/16385: $546 [1444]
 13495/16385: $547 [1444]
 13496/16385: $546 [1443]
 13497/16385: $547 [1443]
 13498/16385: $546 [1442]
 13499/16385: $547 [1442]
 13500/16385: $546 [1441]
 13501/16385: $547 [1441]
 13502/16385: $546 [1440]
 13503/16385: $547 [1440]
 13504/16385: $546 [1439]
 13505/16385: $547 [1439]
 13506/16385: $546 [1438]
 13507/16385: $547 [1438]
 13508/16385: $546 [1437]
 13509/16385: $547 [1437]
 13510/16385: $546 [1436]
 13511/16385: $547 [1436]
 13512/16385: $546 [1435]
 13513/16385: $547 [1435]
 13514/16385: $546 [1434]
 13515/16385: $547 [1434]
 13516/16385: $546 [1433]
 13517/16385: $547 [1433]
 13518/16385: $546 [1432]
 13519/16385: $547 [1432]
 13520/16385: $546 [1431]
 13521/16385: $547 [1431]
 13522/16385: $546 [1430]
 13523/16385: $547 [1430]
 13524/16385: $546 [1429]
 13525/16385: $547 [1429]
 13526/16385: $546 [1428]
 13527/16385: $547 [1428]
 13528/16385: $546 [1427]
 13529/16385: $547 [1427]
 13530/16385: $546 [1426]
 13531/16385: $547 [1426]
 13532/16385: $546 [1425]
 13533/16385: $547 [1425]
 13534/16385: $546 [1424]
 13535/16385: $547 [1424]
 13536/16385: $546 [1423]
 13537/16385: $547 [1423]
 13538/16385: $546 [1422]
 13539/16385: $547 [1422]
 13540/16385: $546 [1421]
 13541/16385: $547 [1421]
 13542/16385: $546 [1420]
 13543/16385: $547 [1420]
 13544/16385: $546 [1419]
 13545/16385: $547 [1419]
 13546/16385: $546 [1418]
 13547/16385: $547 [1418]
 13548/16385: $546 [1417]
 13549/16385: $547 [1417]
 13550/16385: $546 [1416]
 13551/16385: $547 [1416]
 13552/16385: $546 [1415]
 13553/16385: $547 [1415]
 13554/16385: $546 [1414]
 13555/16385: $547 [1414]
 13556/16385: $546 [1413]
 13557/16385: $547 [1413]
 13558/16385: $546 [1412]
 13559/16385: $547 [1412]
 13560/16385: $546 [1411]
 13561/16385: $547 [1411]
 13562/16385: $546 [1410]
 13563/16385: $547 [1410]
 13564/16385: $546 [1409]
 13565/16385: $547 [1409]
 13566/16385: $546 [1408]
 13567/16385: $547 [1408]
 13568/16385: $546 [1407]
 13569/16385: $547 [1407]
 13570/16385: $546 [1406]
 13571/16385: $547 [1406]
 13572/16385: $546 [1405]
 13573/16385: $547 [1405]
 13574/16385: $546 [1404]
 13575/16385: $547 [1404]
 13576/16385: $546 [1403]
 13577/16385: $547 [1403]
 13578/16385: $546 [1402]
 13579/16385: $547 [1402]
 13580/16385: $546 [1401]
 13581/16385: $547 [1401]
 13582/16385: $546 [1400]
 13583/16385: $547 [1400]
 13584/16385: $546 [1399]
 13585/16385: $547 [1399]
 13586/16385: $546 [1398]
 13587/16385: $547 [1398]
 13588/16385: $546 [1397]
 13589/16385: $547 [1397]
 13590/16385: $546 [1396]
 13591/16385: $547 [1396]
 13592/16385: $546 [1395]
 13593/16385: $547 [1395]
 13594/16385: $546 [1394]
 13595/16385: $547 [1394]
 13596/16385: $546 [1393]
 13597/16385: $547 [1393]
 13598/16385: $546 [1392]
 13599/16385: $547 [1392]
 13600/16385: $546 [1391]
 13601/16385: $547 [1391]
 13602/16385: $546 [1390]
 13603/16385: $547 [1390]
 13604/16385: $546 [1389]
 13605/16385: $547 [1389]
 13606/16385: $546 [1388]
 13607/16385: $547 [1388]
 13608/16385: $546 [1387]
 13609/16385: $547 [1387]
 13610/16385: $546 [1386]
 13611/16385: $547 [1386]
 13612/16385: $546 [1385]
 13613/16385: $547 [1385]
 13614/16385: $546 [1384]
 13615/16385: $547 [1384]
 13616/16385: $546 [1383]
 13617/16385: $547 [1383]
 13618/16385: $546 [1382]
 13619/16385: $547 [1382]
 13620/16385: $546 [1381]
 13621/16385: $547 [1381]
 13622/16385: $546 [1380]
 13623/16385: $547 [1380]
 13624/16385: $546 [1379]
 13625/16385: $547 [1379]
 13626/16385: $546 [1378]
 13627/16385: $547 [1378]
 13628/16385: $546 [1377]
 13629/16385: $547 [1377]
 13630/16385: $546 [1376]
 13631/16385: $547 [1376]
 13632/16385: $546 [1375]
 13633/16385: $547 [1375]
 13634/16385: $546 [1374]
 13635/16385: $547 [1374]
 13636/16385: $546 [1373]
 13637/16385: $547 [1373]
 13638/16385: $546 [1372]
 13639/16385: $547 [1372]
 13640/16385: $546 [1371]
 13641/16385: $547 [1371]
 13642/16385: $546 [1370]
 13643/16385: $547 [1370]
 13644/16385: $546 [1369]
 13645/16385: $547 [1369]
 13646/16385: $546 [1368]
 13647/16385: $547 [1368]
 13648/16385: $546 [1367]
 13649/16385: $547 [1367]
 13650/16385: $546 [1366]
 13651/16385: $547 [1366]
 13652/16385: $546 [1365]
 13653/16385: $547 [1365]
 13654/16385: $546 [1364]
 13655/16385: $547 [1364]
 13656/16385: $546 [1363]
 13657/16385: $547 [1363]
 13658/16385: $546 [1362]
 13659/16385: $547 [1362]
 13660/16385: $546 [1361]
 13661/16385: $547 [1361]
 13662/16385: $546 [1360]
 13663/16385: $547 [1360]
 13664/16385: $546 [1359]
 13665/16385: $547 [1359]
 13666/16385: $546 [1358]
 13667/16385: $547 [1358]
 13668/16385: $546 [1357]
 13669/16385: $547 [1357]
 13670/16385: $546 [1356]
 13671/16385: $547 [1356]
 13672/16385: $546 [1355]
 13673/16385: $547 [1355]
 13674/16385: $546 [1354]
 13675/16385: $547 [1354]
 13676/16385: $546 [1353]
 13677/16385: $547 [1353]
 13678/16385: $546 [1352]
 13679/16385: $547 [1352]
 13680/16385: $546 [1351]
 13681/16385: $547 [1351]
 13682/16385: $546 [1350]
 13683/16385: $547 [1350]
 13684/16385: $546 [1349]
 13685/16385: $547 [1349]
 13686/16385: $546 [1348]
 13687/16385: $547 [1348]
 13688/16385: $546 [1347]
 13689/16385: $547 [1347]
 13690/16385: $546 [1346]
 13691/16385: $547 [1346]
 13692/16385: $546 [1345]
 13693/16385: $547 [1345]
 13694/16385: $546 [1344]
 13695/16385: $547 [1344]
 13696/16385: $546 [1343]
 13697/16385: $547 [1343]
 13698/16385: $546 [1342]
 13699/16385: $547 [1342]
 13700/16385: $546 [1341]
 13701/16385: $547 [1341]
 13702/16385: $546 [1340]
 13703/16385: $547 [1340]
 13704/16385: $546 [1339]
 13705/16385: $547 [1339]
 13706/16385: $546 [1338]
 13707/16385: $547 [1338]
 13708/16385: $546 [1337]
 13709/16385: $547 [1337]
 13710/16385: $546 [1336]
 13711/16385: $547 [1336]
 13712/16385: $546 [1335]
 13713/16385: $547 [1335]
 13714/16385: $546 [1334]
 13715/16385: $547 [1334]
 13716/16385: $546 [1333]
 13717/16385: $547 [1333]
 13718/16385: $546 [1332]
 13719/16385: $547 [1332]
 13720/16385: $546 [1331]
 13721/16385: $547 [1331]
 13722/16385: $546 [1330]
 13723/16385: $547 [1330]
 13724/16385: $546 [1329]
 13725/16385: $547 [1329]
 13726/16385: $546 [1328]
 13727/16385: $547 [1328]
 13728/16385: $546 [1327]
 13729/16385: $547 [1327]
 13730/16385: $546 [1326]
 13731/16385: $547 [1326]
 13732/16385: $546 [1325]
 13733/16385: $547 [1325]
 13734/16385: $546 [1324]
 13735/16385: $547 [1324]
 13736/16385: $546 [1323]
 13737/16385: $547 [1323]
 13738/16385: $546 [1322]
 13739/16385: $547 [1322]
 13740/16385: $546 [1321]
 13741/16385: $547 [1321]
 13742/16385: $546 [1320]
 13743/16385: $547 [1320]
 13744/16385: $546 [1319]
 13745/16385: $547 [1319]
 13746/16385: $546 [1318]
 13747/16385: $547 [1318]
 13748/16385: $546 [1317]
 13749/16385: $547 [1317]
 13750/16385: $546 [1316]
 13751/16385: $547 [1316]
 13752/16385: $546 [1315]
 13753/16385: $547 [1315]
 13754/16385: $546 [1314]
 13755/16385: $547 [1314]
 13756/16385: $546 [1313]
 13757/16385: $547 [1313]
 13758/16385: $546 [1312]
 13759/16385: $547 [1312]
 13760/16385: $546 [1311]
 13761/16385: $547 [1311]
 13762/16385: $546 [1310]
 13763/16385: $547 [1310]
 13764/16385: $546 [1309]
 13765/16385: $547 [1309]
 13766/16385: $546 [1308]
 13767/16385: $547 [1308]
 13768/16385: $546 [1307]
 13769/16385: $547 [1307]
 13770/16385: $546 [1306]
 13771/16385: $547 [1306]
 13772/16385: $546 [1305]
 13773/16385: $547 [1305]
 13774/16385: $546 [1304]
 13775/16385: $547 [1304]
 13776/16385: $546 [1303]
 13777/16385: $547 [1303]
 13778/16385: $546 [1302]
 13779/16385: $547 [1302]
 13780/16385: $546 [1301]
 13781/16385: $547 [1301]
 13782/16385: $546 [1300]
 13783/16385: $547 [1300]
 13784/16385: $546 [1299]
 13785/16385: $547 [1299]
 13786/16385: $546 [1298]
 13787/16385: $547 [1298]
 13788/16385: $546 [1297]
 13789/16385: $547 [1297]
 13790/16385: $546 [1296]
 13791/16385: $547 [1296]
 13792/16385: $546 [1295]
 13793/16385: $547 [1295]
 13794/16385: $546 [1294]
 13795/16385: $547 [1294]
 13796/16385: $546 [1293]
 13797/16385: $547 [1293]
 13798/16385: $546 [1292]
 13799/16385: $547 [1292]
 13800/16385: $546 [1291]
 13801/16385: $547 [1291]
 13802/16385: $546 [1290]
 13803/16385: $547 [1290]
 13804/16385: $546 [1289]
 13805/16385: $547 [1289]
 13806/16385: $546 [1288]
 13807/16385: $547 [1288]
 13808/16385: $546 [1287]
 13809/16385: $547 [1287]
 13810/16385: $546 [1286]
 13811/16385: $547 [1286]
 13812/16385: $546 [1285]
 13813/16385: $547 [1285]
 13814/16385: $546 [1284]
 13815/16385: $547 [1284]
 13816/16385: $546 [1283]
 13817/16385: $547 [1283]
 13818/16385: $546 [1282]
 13819/16385: $547 [1282]
 13820/16385: $546 [1281]
 13821/16385: $547 [1281]
 13822/16385: $546 [1280]
 13823/16385: $547 [1280]
 13824/16385: $546 [1279]
 13825/16385: $547 [1279]
 13826/16385: $546 [1278]
 13827/16385: $547 [1278]
 13828/16385: $546 [1277]
 13829/16385: $547 [1277]
 13830/16385: $546 [1276]
 13831/16385: $547 [1276]
 13832/16385: $546 [1275]
 13833/16385: $547 [1275]
 13834/16385: $546 [1274]
 13835/16385: $547 [1274]
 13836/16385: $546 [1273]
 13837/16385: $547 [1273]
 13838/16385: $546 [1272]
 13839/16385: $547 [1272]
 13840/16385: $546 [1271]
 13841/16385: $547 [1271]
 13842/16385: $546 [1270]
 13843/16385: $547 [1270]
 13844/16385: $546 [1269]
 13845/16385: $547 [1269]
 13846/16385: $546 [1268]
 13847/16385: $547 [1268]
 13848/16385: $546 [1267]
 13849/16385: $547 [1267]
 13850/16385: $546 [1266]
 13851/16385: $547 [1266]
 13852/16385: $546 [1265]
 13853/16385: $547 [1265]
 13854/16385: $546 [1264]
 13855/16385: $547 [1264]
 13856/16385: $546 [1263]
 13857/16385: $547 [1263]
 13858/16385: $546 [1262]
 13859/16385: $547 [1262]
 13860/16385: $546 [1261]
 13861/16385: $547 [1261]
 13862/16385: $546 [1260]
 13863/16385: $547 [1260]
 13864/16385: $546 [1259]
 13865/16385: $547 [1259]
 13866/16385: $546 [1258]
 13867/16385: $547 [1258]
 13868/16385: $546 [1257]
 13869/16385: $547 [1257]
 13870/16385: $546 [1256]
 13871/16385: $547 [1256]
 13872/16385: $546 [1255]
 13873/16385: $547 [1255]
 13874/16385: $546 [1254]
 13875/16385: $547 [1254]
 13876/16385: $546 [1253]
 13877/16385: $547 [1253]
 13878/16385: $546 [1252]
 13879/16385: $547 [1252]
 13880/16385: $546 [1251]
 13881/16385: $547 [1251]
 13882/16385: $546 [1250]
 13883/16385: $547 [1250]
 13884/16385: $546 [1249]
 13885/16385: $547 [1249]
 13886/16385: $546 [1248]
 13887/16385: $547 [1248]
 13888/16385: $546 [1247]
 13889/16385: $547 [1247]
 13890/16385: $546 [1246]
 13891/16385: $547 [1246]
 13892/16385: $546 [1245]
 13893/16385: $547 [1245]
 13894/16385: $546 [1244]
 13895/16385: $547 [1244]
 13896/16385: $546 [1243]
 13897/16385: $547 [1243]
 13898/16385: $546 [1242]
 13899/16385: $547 [1242]
 13900/16385: $546 [1241]
 13901/16385: $547 [1241]
 13902/16385: $546 [1240]
 13903/16385: $547 [1240]
 13904/16385: $546 [1239]
 13905/16385: $547 [1239]
 13906/16385: $546 [1238]
 13907/16385: $547 [1238]
 13908/16385: $546 [1237]
 13909/16385: $547 [1237]
 13910/16385: $546 [1236]
 13911/16385: $547 [1236]
 13912/16385: $546 [1235]
 13913/16385: $547 [1235]
 13914/16385: $546 [1234]
 13915/16385: $547 [1234]
 13916/16385: $546 [1233]
 13917/16385: $547 [1233]
 13918/16385: $546 [1232]
 13919/16385: $547 [1232]
 13920/16385: $546 [1231]
 13921/16385: $547 [1231]
 13922/16385: $546 [1230]
 13923/16385: $547 [1230]
 13924/16385: $546 [1229]
 13925/16385: $547 [1229]
 13926/16385: $546 [1228]
 13927/16385: $547 [1228]
 13928/16385: $546 [1227]
 13929/16385: $547 [1227]
 13930/16385: $546 [1226]
 13931/16385: $547 [1226]
 13932/16385: $546 [1225]
 13933/16385: $547 [1225]
 13934/16385: $546 [1224]
 13935/16385: $547 [1224]
 13936/16385: $546 [1223]
 13937/16385: $547 [1223]
 13938/16385: $546 [1222]
 13939/16385: $547 [1222]
 13940/16385: $546 [1221]
 13941/16385: $547 [1221]
 13942/16385: $546 [1220]
 13943/16385: $547 [1220]
 13944/16385: $546 [1219]
 13945/16385: $547 [1219]
 13946/16385: $546 [1218]
 13947/16385: $547 [1218]
 13948/16385: $546 [1217]
 13949/16385: $547 [1217]
 13950/16385: $546 [1216]
 13951/16385: $547 [1216]
 13952/16385: $546 [1215]
 13953/16385: $547 [1215]
 13954/16385: $546 [1214]
 13955/16385: $547 [1214]
 13956/16385: $546 [1213]
 13957/16385: $547 [1213]
 13958/16385: $546 [1212]
 13959/16385: $547 [1212]
 13960/16385: $546 [1211]
 13961/16385: $547 [1211]
 13962/16385: $546 [1210]
 13963/16385: $547 [1210]
 13964/16385: $546 [1209]
 13965/16385: $547 [1209]
 13966/16385: $546 [1208]
 13967/16385: $547 [1208]
 13968/16385: $546 [1207]
 13969/16385: $547 [1207]
 13970/16385: $546 [1206]
 13971/16385: $547 [1206]
 13972/16385: $546 [1205]
 13973/16385: $547 [1205]
 13974/16385: $546 [1204]
 13975/16385: $547 [1204]
 13976/16385: $546 [1203]
 13977/16385: $547 [1203]
 13978/16385: $546 [1202]
 13979/16385: $547 [1202]
 13980/16385: $546 [1201]
 13981/16385: $547 [1201]
 13982/16385: $546 [1200]
 13983/16385: $547 [1200]
 13984/16385: $546 [1199]
 13985/16385: $547 [1199]
 13986/16385: $546 [1198]
 13987/16385: $547 [1198]
 13988/16385: $546 [1197]
 13989/16385: $547 [1197]
 13990/16385: $546 [1196]
 13991/16385: $547 [1196]
 13992/16385: $546 [1195]
 13993/16385: $547 [1195]
 13994/16385: $546 [1194]
 13995/16385: $547 [1194]
 13996/16385: $546 [1193]
 13997/16385: $547 [1193]
 13998/16385: $546 [1192]
 13999/16385: $547 [1192]
 14000/16385: $546 [1191]
 14001/16385: $547 [1191]
 14002/16385: $546 [1190]
 14003/16385: $547 [1190]
 14004/16385: $546 [1189]
 14005/16385: $547 [1189]
 14006/16385: $546 [1188]
 14007/16385: $547 [1188]
 14008/16385: $546 [1187]
 14009/16385: $547 [1187]
 14010/16385: $546 [1186]
 14011/16385: $547 [1186]
 14012/16385: $546 [1185]
 14013/16385: $547 [1185]
 14014/16385: $546 [1184]
 14015/16385: $547 [1184]
 14016/16385: $546 [1183]
 14017/16385: $547 [1183]
 14018/16385: $546 [1182]
 14019/16385: $547 [1182]
 14020/16385: $546 [1181]
 14021/16385: $547 [1181]
 14022/16385: $546 [1180]
 14023/16385: $547 [1180]
 14024/16385: $546 [1179]
 14025/16385: $547 [1179]
 14026/16385: $546 [1178]
 14027/16385: $547 [1178]
 14028/16385: $546 [1177]
 14029/16385: $547 [1177]
 14030/16385: $546 [1176]
 14031/16385: $547 [1176]
 14032/16385: $546 [1175]
 14033/16385: $547 [1175]
 14034/16385: $546 [1174]
 14035/16385: $547 [1174]
 14036/16385: $546 [1173]
 14037/16385: $547 [1173]
 14038/16385: $546 [1172]
 14039/16385: $547 [1172]
 14040/16385: $546 [1171]
 14041/16385: $547 [1171]
 14042/16385: $546 [1170]
 14043/16385: $547 [1170]
 14044/16385: $546 [1169]
 14045/16385: $547 [1169]
 14046/16385: $546 [1168]
 14047/16385: $547 [1168]
 14048/16385: $546 [1167]
 14049/16385: $547 [1167]
 14050/16385: $546 [1166]
 14051/16385: $547 [1166]
 14052/16385: $546 [1165]
 14053/16385: $547 [1165]
 14054/16385: $546 [1164]
 14055/16385: $547 [1164]
 14056/16385: $546 [1163]
 14057/16385: $547 [1163]
 14058/16385: $546 [1162]
 14059/16385: $547 [1162]
 14060/16385: $546 [1161]
 14061/16385: $547 [1161]
 14062/16385: $546 [1160]
 14063/16385: $547 [1160]
 14064/16385: $546 [1159]
 14065/16385: $547 [1159]
 14066/16385: $546 [1158]
 14067/16385: $547 [1158]
 14068/16385: $546 [1157]
 14069/16385: $547 [1157]
 14070/16385: $546 [1156]
 14071/16385: $547 [1156]
 14072/16385: $546 [1155]
 14073/16385: $547 [1155]
 14074/16385: $546 [1154]
 14075/16385: $547 [1154]
 14076/16385: $546 [1153]
 14077/16385: $547 [1153]
 14078/16385: $546 [1152]
 14079/16385: $547 [1152]
 14080/16385: $546 [1151]
 14081/16385: $547 [1151]
 14082/16385: $546 [1150]
 14083/16385: $547 [1150]
 14084/16385: $546 [1149]
 14085/16385: $547 [1149]
 14086/16385: $546 [1148]
 14087/16385: $547 [1148]
 14088/16385: $546 [1147]
 14089/16385: $547 [1147]
 14090/16385: $546 [1146]
 14091/16385: $547 [1146]
 14092/16385: $546 [1145]
 14093/16385: $547 [1145]
 14094/16385: $546 [1144]
 14095/16385: $547 [1144]
 14096/16385: $546 [1143]
 14097/16385: $547 [1143]
 14098/16385: $546 [1142]
 14099/16385: $547 [1142]
 14100/16385: $546 [1141]
 14101/16385: $547 [1141]
 14102/16385: $546 [1140]
 14103/16385: $547 [1140]
 14104/16385: $546 [1139]
 14105/16385: $547 [1139]
 14106/16385: $546 [1138]
 14107/16385: $547 [1138]
 14108/16385: $546 [1137]
 14109/16385: $547 [1137]
 14110/16385: $546 [1136]
 14111/16385: $547 [1136]
 14112/16385: $546 [1135]
 14113/16385: $547 [1135]
 14114/16385: $546 [1134]
 14115/16385: $547 [1134]
 14116/16385: $546 [1133]
 14117/16385: $547 [1133]
 14118/16385: $546 [1132]
 14119/16385: $547 [1132]
 14120/16385: $546 [1131]
 14121/16385: $547 [1131]
 14122/16385: $546 [1130]
 14123/16385: $547 [1130]
 14124/16385: $546 [1129]
 14125/16385: $547 [1129]
 14126/16385: $546 [1128]
 14127/16385: $547 [1128]
 14128/16385: $546 [1127]
 14129/16385: $547 [1127]
 14130/16385: $546 [1126]
 14131/16385: $547 [1126]
 14132/16385: $546 [1125]
 14133/16385: $547 [1125]
 14134/16385: $546 [1124]
 14135/16385: $547 [1124]
 14136/16385: $546 [1123]
 14137/16385: $547 [1123]
 14138/16385: $546 [1122]
 14139/16385: $547 [1122]
 14140/16385: $546 [1121]
 14141/16385: $547 [1121]
 14142/16385: $546 [1120]
 14143/16385: $547 [1120]
 14144/16385: $546 [1119]
 14145/16385: $547 [1119]
 14146/16385: $546 [1118]
 14147/16385: $547 [1118]
 14148/16385: $546 [1117]
 14149/16385: $547 [1117]
 14150/16385: $546 [1116]
 14151/16385: $547 [1116]
 14152/16385: $546 [1115]
 14153/16385: $547 [1115]
 14154/16385: $546 [1114]
 14155/16385: $547 [1114]
 14156/16385: $546 [1113]
 14157/16385: $547 [1113]
 14158/16385: $546 [1112]
 14159/16385: $547 [1112]
 14160/16385: $546 [1111]
 14161/16385: $547 [1111]
 14162/16385: $546 [1110]
 14163/16385: $547 [1110]
 14164/16385: $546 [1109]
 14165/16385: $547 [1109]
 14166/16385: $546 [1108]
 14167/16385: $547 [1108]
 14168/16385: $546 [1107]
 14169/16385: $547 [1107]
 14170/16385: $546 [1106]
 14171/16385: $547 [1106]
 14172/16385: $546 [1105]
 14173/16385: $547 [1105]
 14174/16385: $546 [1104]
 14175/16385: $547 [1104]
 14176/16385: $546 [1103]
 14177/16385: $547 [1103]
 14178/16385: $546 [1102]
 14179/16385: $547 [1102]
 14180/16385: $546 [1101]
 14181/16385: $547 [1101]
 14182/16385: $546 [1100]
 14183/16385: $547 [1100]
 14184/16385: $546 [1099]
 14185/16385: $547 [1099]
 14186/16385: $546 [1098]
 14187/16385: $547 [1098]
 14188/16385: $546 [1097]
 14189/16385: $547 [1097]
 14190/16385: $546 [1096]
 14191/16385: $547 [1096]
 14192/16385: $546 [1095]
 14193/16385: $547 [1095]
 14194/16385: $546 [1094]
 14195/16385: $547 [1094]
 14196/16385: $546 [1093]
 14197/16385: $547 [1093]
 14198/16385: $546 [1092]
 14199/16385: $547 [1092]
 14200/16385: $546 [1091]
 14201/16385: $547 [1091]
 14202/16385: $546 [1090]
 14203/16385: $547 [1090]
 14204/16385: $546 [1089]
 14205/16385: $547 [1089]
 14206/16385: $546 [1088]
 14207/16385: $547 [1088]
 14208/16385: $546 [1087]
 14209/16385: $547 [1087]
 14210/16385: $546 [1086]
 14211/16385: $547 [1086]
 14212/16385: $546 [1085]
 14213/16385: $547 [1085]
 14214/16385: $546 [1084]
 14215/16385: $547 [1084]
 14216/16385: $546 [1083]
 14217/16385: $547 [1083]
 14218/16385: $546 [1082]
 14219/16385: $547 [1082]
 14220/16385: $546 [1081]
 14221/16385: $547 [1081]
 14222/16385: $546 [1080]
 14223/16385: $547 [1080]
 14224/16385: $546 [1079]
 14225/16385: $547 [1079]
 14226/16385: $546 [1078]
 14227/16385: $547 [1078]
 14228/16385: $546 [1077]
 14229/16385: $547 [1077]
 14230/16385: $546 [1076]
 14231/16385: $547 [1076]
 14232/16385: $546 [1075]
 14233/16385: $547 [1075]
 14234/16385: $546 [1074]
 14235/16385: $547 [1074]
 14236/16385: $546 [1073]
 14237/16385: $547 [1073]
 14238/16385: $546 [1072]
 14239/16385: $547 [1072]
 14240/16385: $546 [1071]
 14241/16385: $547 [1071]
 14242/16385: $546 [1070]
 14243/16385: $547 [1070]
 14244/16385: $546 [1069]
 14245/16385: $547 [1069]
 14246/16385: $546 [1068]
 14247/16385: $547 [1068]
 14248/16385: $546 [1067]
 14249/16385: $547 [1067]
 14250/16385: $546 [1066]
 14251/16385: $547 [1066]
 14252/16385: $546 [1065]
 14253/16385: $547 [1065]
 14254/16385: $546 [1064]
 14255/16385: $547 [1064]
 14256/16385: $546 [1063]
 14257/16385: $547 [1063]
 14258/16385: $546 [1062]
 14259/16385: $547 [1062]
 14260/16385: $546 [1061]
 14261/16385: $547 [1061]
 14262/16385: $546 [1060]
 14263/16385: $547 [1060]
 14264/16385: $546 [1059]
 14265/16385: $547 [1059]
 14266/16385: $546 [1058]
 14267/16385: $547 [1058]
 14268/16385: $546 [1057]
 14269/16385: $547 [1057]
 14270/16385: $546 [1056]
 14271/16385: $547 [1056]
 14272/16385: $546 [1055]
 14273/16385: $547 [1055]
 14274/16385: $546 [1054]
 14275/16385: $547 [1054]
 14276/16385: $546 [1053]
 14277/16385: $547 [1053]
 14278/16385: $546 [1052]
 14279/16385: $547 [1052]
 14280/16385: $546 [1051]
 14281/16385: $547 [1051]
 14282/16385: $546 [1050]
 14283/16385: $547 [1050]
 14284/16385: $546 [1049]
 14285/16385: $547 [1049]
 14286/16385: $546 [1048]
 14287/16385: $547 [1048]
 14288/16385: $546 [1047]
 14289/16385: $547 [1047]
 14290/16385: $546 [1046]
 14291/16385: $547 [1046]
 14292/16385: $546 [1045]
 14293/16385: $547 [1045]
 14294/16385: $546 [1044]
 14295/16385: $547 [1044]
 14296/16385: $546 [1043]
 14297/16385: $547 [1043]
 14298/16385: $546 [1042]
 14299/16385: $547 [1042]
 14300/16385: $546 [1041]
 14301/16385: $547 [1041]
 14302/16385: $546 [1040]
 14303/16385: $547 [1040]
 14304/16385: $546 [1039]
 14305/16385: $547 [1039]
 14306/16385: $546 [1038]
 14307/16385: $547 [1038]
 14308/16385: $546 [1037]
 14309/16385: $547 [1037]
 14310/16385: $546 [1036]
 14311/16385: $547 [1036]
 14312/16385: $546 [1035]
 14313/16385: $547 [1035]
 14314/16385: $546 [1034]
 14315/16385: $547 [1034]
 14316/16385: $546 [1033]
 14317/16385: $547 [1033]
 14318/16385: $546 [1032]
 14319/16385: $547 [1032]
 14320/16385: $546 [1031]
 14321/16385: $547 [1031]
 14322/16385: $546 [1030]
 14323/16385: $547 [1030]
 14324/16385: $546 [1029]
 14325/16385: $547 [1029]
 14326/16385: $546 [1028]
 14327/16385: $547 [1028]
 14328/16385: $546 [1027]
 14329/16385: $547 [1027]
 14330/16385: $546 [1026]
 14331/16385: $547 [1026]
 14332/16385: $546 [1025]
 14333/16385: $547 [1025]
 14334/16385: $546 [1024]
 14335/16385: $547 [1024]
 14336/16385: $546 [1023]
 14337/16385: $547 [1023]
 14338/16385: $546 [1022]
 14339/16385: $547 [1022]
 14340/16385: $546 [1021]
 14341/16385: $547 [1021]
 14342/16385: $546 [1020]
 14343/16385: $547 [1020]
 14344/16385: $546 [1019]
 14345/16385: $547 [1019]
 14346/16385: $546 [1018]
 14347/16385: $547 [1018]
 14348/16385: $546 [1017]
 14349/16385: $547 [1017]
 14350/16385: $546 [1016]
 14351/16385: $547 [1016]
 14352/16385: $546 [1015]
 14353/16385: $547 [1015]
 14354/16385: $546 [1014]
 14355/16385: $547 [1014]
 14356/16385: $546 [1013]
 14357/16385: $547 [1013]
 14358/16385: $546 [1012]
 14359/16385: $547 [1012]
 14360/16385: $546 [1011]
 14361/16385: $547 [1011]
 14362/16385: $546 [1010]
 14363/16385: $547 [1010]
 14364/16385: $546 [1009]
 14365/16385: $547 [1009]
 14366/16385: $546 [1008]
 14367/16385: $547 [1008]
 14368/16385: $546 [1007]
 14369/16385: $547 [1007]
 14370/16385: $546 [1006]
 14371/16385: $547 [1006]
 14372/16385: $546 [1005]
 14373/16385: $547 [1005]
 14374/16385: $546 [1004]
 14375/16385: $547 [1004]
 14376/16385: $546 [1003]
 14377/16385: $547 [1003]
 14378/16385: $546 [1002]
 14379/16385: $547 [1002]
 14380/16385: $546 [1001]
 14381/16385: $547 [1001]
 14382/16385: $546 [1000]
 14383/16385: $547 [1000]
 14384/16385: $546 [999]
 14385/16385: $547 [999]
 14386/16385: $546 [998]
 14387/16385: $547 [998]
 14388/16385: $546 [997]
 14389/16385: $547 [997]
 14390/16385: $546 [996]
 14391/16385: $547 [996]
 14392/16385: $546 [995]
 14393/16385: $547 [995]
 14394/16385: $546 [994]
 14395/16385: $547 [994]
 14396/16385: $546 [993]
 14397/16385: $547 [993]
 14398/16385: $546 [992]
 14399/16385: $547 [992]
 14400/16385: $546 [991]
 14401/16385: $547 [991]
 14402/16385: $546 [990]
 14403/16385: $547 [990]
 14404/16385: $546 [989]
 14405/16385: $547 [989]
 14406/16385: $546 [988]
 14407/16385: $547 [988]
 14408/16385: $546 [987]
 14409/16385: $547 [987]
 14410/16385: $546 [986]
 14411/16385: $547 [986]
 14412/16385: $546 [985]
 14413/16385: $547 [985]
 14414/16385: $546 [984]
 14415/16385: $547 [984]
 14416/16385: $546 [983]
 14417/16385: $547 [983]
 14418/16385: $546 [982]
 14419/16385: $547 [982]
 14420/16385: $546 [981]
 14421/16385: $547 [981]
 14422/16385: $546 [980]
 14423/16385: $547 [980]
 14424/16385: $546 [979]
 14425/16385: $547 [979]
 14426/16385: $546 [978]
 14427/16385: $547 [978]
 14428/16385: $546 [977]
 14429/16385: $547 [977]
 14430/16385: $546 [976]
 14431/16385: $547 [976]
 14432/16385: $546 [975]
 14433/16385: $547 [975]
 14434/16385: $546 [974]
 14435/16385: $547 [974]
 14436/16385: $546 [973]
 14437/16385: $547 [973]
 14438/16385: $546 [972]
 14439/16385: $547 [972]
 14440/16385: $546 [971]
 14441/16385: $547 [971]
 14442/16385: $546 [970]
 14443/16385: $547 [970]
 14444/16385: $546 [969]
 14445/16385: $547 [969]
 14446/16385: $546 [968]
 14447/16385: $547 [968]
 14448/16385: $546 [967]
 14449/16385: $547 [967]
 14450/16385: $546 [966]
 14451/16385: $547 [966]
 14452/16385: $546 [965]
 14453/16385: $547 [965]
 14454/16385: $546 [964]
 14455/16385: $547 [964]
 14456/16385: $546 [963]
 14457/16385: $547 [963]
 14458/16385: $546 [962]
 14459/16385: $547 [962]
 14460/16385: $546 [961]
 14461/16385: $547 [961]
 14462/16385: $546 [960]
 14463/16385: $547 [960]
 14464/16385: $546 [959]
 14465/16385: $547 [959]
 14466/16385: $546 [958]
 14467/16385: $547 [958]
 14468/16385: $546 [957]
 14469/16385: $547 [957]
 14470/16385: $546 [956]
 14471/16385: $547 [956]
 14472/16385: $546 [955]
 14473/16385: $547 [955]
 14474/16385: $546 [954]
 14475/16385: $547 [954]
 14476/16385: $546 [953]
 14477/16385: $547 [953]
 14478/16385: $546 [952]
 14479/16385: $547 [952]
 14480/16385: $546 [951]
 14481/16385: $547 [951]
 14482/16385: $546 [950]
 14483/16385: $547 [950]
 14484/16385: $546 [949]
 14485/16385: $547 [949]
 14486/16385: $546 [948]
 14487/16385: $547 [948]
 14488/16385: $546 [947]
 14489/16385: $547 [947]
 14490/16385: $546 [946]
 14491/16385: $547 [946]
 14492/16385: $546 [945]
 14493/16385: $547 [945]
 14494/16385: $546 [944]
 14495/16385: $547 [944]
 14496/16385: $546 [943]
 14497/16385: $547 [943]
 14498/16385: $546 [942]
 14499/16385: $547 [942]
 14500/16385: $546 [941]
 14501/16385: $547 [941]
 14502/16385: $546 [940]
 14503/16385: $547 [940]
 14504/16385: $546 [939]
 14505/16385: $547 [939]
 14506/16385: $546 [938]
 14507/16385: $547 [938]
 14508/16385: $546 [937]
 14509/16385: $547 [937]
 14510/16385: $546 [936]
 14511/16385: $547 [936]
 14512/16385: $546 [935]
 14513/16385: $547 [935]
 14514/16385: $546 [934]
 14515/16385: $547 [934]
 14516/16385: $546 [933]
 14517/16385: $547 [933]
 14518/16385: $546 [932]
 14519/16385: $547 [932]
 14520/16385: $546 [931]
 14521/16385: $547 [931]
 14522/16385: $546 [930]
 14523/16385: $547 [930]
 14524/16385: $546 [929]
 14525/16385: $547 [929]
 14526/16385: $546 [928]
 14527/16385: $547 [928]
 14528/16385: $546 [927]
 14529/16385: $547 [927]
 14530/16385: $546 [926]
 14531/16385: $547 [926]
 14532/16385: $546 [925]
 14533/16385: $547 [925]
 14534/16385: $546 [924]
 14535/16385: $547 [924]
 14536/16385: $546 [923]
 14537/16385: $547 [923]
 14538/16385: $546 [922]
 14539/16385: $547 [922]
 14540/16385: $546 [921]
 14541/16385: $547 [921]
 14542/16385: $546 [920]
 14543/16385: $547 [920]
 14544/16385: $546 [919]
 14545/16385: $547 [919]
 14546/16385: $546 [918]
 14547/16385: $547 [918]
 14548/16385: $546 [917]
 14549/16385: $547 [917]
 14550/16385: $546 [916]
 14551/16385: $547 [916]
 14552/16385: $546 [915]
 14553/16385: $547 [915]
 14554/16385: $546 [914]
 14555/16385: $547 [914]
 14556/16385: $546 [913]
 14557/16385: $547 [913]
 14558/16385: $546 [912]
 14559/16385: $547 [912]
 14560/16385: $546 [911]
 14561/16385: $547 [911]
 14562/16385: $546 [910]
 14563/16385: $547 [910]
 14564/16385: $546 [909]
 14565/16385: $547 [909]
 14566/16385: $546 [908]
 14567/16385: $547 [908]
 14568/16385: $546 [907]
 14569/16385: $547 [907]
 14570/16385: $546 [906]
 14571/16385: $547 [906]
 14572/16385: $546 [905]
 14573/16385: $547 [905]
 14574/16385: $546 [904]
 14575/16385: $547 [904]
 14576/16385: $546 [903]
 14577/16385: $547 [903]
 14578/16385: $546 [902]
 14579/16385: $547 [902]
 14580/16385: $546 [901]
 14581/16385: $547 [901]
 14582/16385: $546 [900]
 14583/16385: $547 [900]
 14584/16385: $546 [899]
 14585/16385: $547 [899]
 14586/16385: $546 [898]
 14587/16385: $547 [898]
 14588/16385: $546 [897]
 14589/16385: $547 [897]
 14590/16385: $546 [896]
 14591/16385: $547 [896]
 14592/16385: $546 [895]
 14593/16385: $547 [895]
 14594/16385: $546 [894]
 14595/16385: $547 [894]
 14596/16385: $546 [893]
 14597/16385: $547 [893]
 14598/16385: $546 [892]
 14599/16385: $547 [892]
 14600/16385: $546 [891]
 14601/16385: $547 [891]
 14602/16385: $546 [890]
 14603/16385: $547 [890]
 14604/16385: $546 [889]
 14605/16385: $547 [889]
 14606/16385: $546 [888]
 14607/16385: $547 [888]
 14608/16385: $546 [887]
 14609/16385: $547 [887]
 14610/16385: $546 [886]
 14611/16385: $547 [886]
 14612/16385: $546 [885]
 14613/16385: $547 [885]
 14614/16385: $546 [884]
 14615/16385: $547 [884]
 14616/16385: $546 [883]
 14617/16385: $547 [883]
 14618/16385: $546 [882]
 14619/16385: $547 [882]
 14620/16385: $546 [881]
 14621/16385: $547 [881]
 14622/16385: $546 [880]
 14623/16385: $547 [880]
 14624/16385: $546 [879]
 14625/16385: $547 [879]
 14626/16385: $546 [878]
 14627/16385: $547 [878]
 14628/16385: $546 [877]
 14629/16385: $547 [877]
 14630/16385: $546 [876]
 14631/16385: $547 [876]
 14632/16385: $546 [875]
 14633/16385: $547 [875]
 14634/16385: $546 [874]
 14635/16385: $547 [874]
 14636/16385: $546 [873]
 14637/16385: $547 [873]
 14638/16385: $546 [872]
 14639/16385: $547 [872]
 14640/16385: $546 [871]
 14641/16385: $547 [871]
 14642/16385: $546 [870]
 14643/16385: $547 [870]
 14644/16385: $546 [869]
 14645/16385: $547 [869]
 14646/16385: $546 [868]
 14647/16385: $547 [868]
 14648/16385: $546 [867]
 14649/16385: $547 [867]
 14650/16385: $546 [866]
 14651/16385: $547 [866]
 14652/16385: $546 [865]
 14653/16385: $547 [865]
 14654/16385: $546 [864]
 14655/16385: $547 [864]
 14656/16385: $546 [863]
 14657/16385: $547 [863]
 14658/16385: $546 [862]
 14659/16385: $547 [862]
 14660/16385: $546 [861]
 14661/16385: $547 [861]
 14662/16385: $546 [860]
 14663/16385: $547 [860]
 14664/16385: $546 [859]
 14665/16385: $547 [859]
 14666/16385: $546 [858]
 14667/16385: $547 [858]
 14668/16385: $546 [857]
 14669/16385: $547 [857]
 14670/16385: $546 [856]
 14671/16385: $547 [856]
 14672/16385: $546 [855]
 14673/16385: $547 [855]
 14674/16385: $546 [854]
 14675/16385: $547 [854]
 14676/16385: $546 [853]
 14677/16385: $547 [853]
 14678/16385: $546 [852]
 14679/16385: $547 [852]
 14680/16385: $546 [851]
 14681/16385: $547 [851]
 14682/16385: $546 [850]
 14683/16385: $547 [850]
 14684/16385: $546 [849]
 14685/16385: $547 [849]
 14686/16385: $546 [848]
 14687/16385: $547 [848]
 14688/16385: $546 [847]
 14689/16385: $547 [847]
 14690/16385: $546 [846]
 14691/16385: $547 [846]
 14692/16385: $546 [845]
 14693/16385: $547 [845]
 14694/16385: $546 [844]
 14695/16385: $547 [844]
 14696/16385: $546 [843]
 14697/16385: $547 [843]
 14698/16385: $546 [842]
 14699/16385: $547 [842]
 14700/16385: $546 [841]
 14701/16385: $547 [841]
 14702/16385: $546 [840]
 14703/16385: $547 [840]
 14704/16385: $546 [839]
 14705/16385: $547 [839]
 14706/16385: $546 [838]
 14707/16385: $547 [838]
 14708/16385: $546 [837]
 14709/16385: $547 [837]
 14710/16385: $546 [836]
 14711/16385: $547 [836]
 14712/16385: $546 [835]
 14713/16385: $547 [835]
 14714/16385: $546 [834]
 14715/16385: $547 [834]
 14716/16385: $546 [833]
 14717/16385: $547 [833]
 14718/16385: $546 [832]
 14719/16385: $547 [832]
 14720/16385: $546 [831]
 14721/16385: $547 [831]
 14722/16385: $546 [830]
 14723/16385: $547 [830]
 14724/16385: $546 [829]
 14725/16385: $547 [829]
 14726/16385: $546 [828]
 14727/16385: $547 [828]
 14728/16385: $546 [827]
 14729/16385: $547 [827]
 14730/16385: $546 [826]
 14731/16385: $547 [826]
 14732/16385: $546 [825]
 14733/16385: $547 [825]
 14734/16385: $546 [824]
 14735/16385: $547 [824]
 14736/16385: $546 [823]
 14737/16385: $547 [823]
 14738/16385: $546 [822]
 14739/16385: $547 [822]
 14740/16385: $546 [821]
 14741/16385: $547 [821]
 14742/16385: $546 [820]
 14743/16385: $547 [820]
 14744/16385: $546 [819]
 14745/16385: $547 [819]
 14746/16385: $546 [818]
 14747/16385: $547 [818]
 14748/16385: $546 [817]
 14749/16385: $547 [817]
 14750/16385: $546 [816]
 14751/16385: $547 [816]
 14752/16385: $546 [815]
 14753/16385: $547 [815]
 14754/16385: $546 [814]
 14755/16385: $547 [814]
 14756/16385: $546 [813]
 14757/16385: $547 [813]
 14758/16385: $546 [812]
 14759/16385: $547 [812]
 14760/16385: $546 [811]
 14761/16385: $547 [811]
 14762/16385: $546 [810]
 14763/16385: $547 [810]
 14764/16385: $546 [809]
 14765/16385: $547 [809]
 14766/16385: $546 [808]
 14767/16385: $547 [808]
 14768/16385: $546 [807]
 14769/16385: $547 [807]
 14770/16385: $546 [806]
 14771/16385: $547 [806]
 14772/16385: $546 [805]
 14773/16385: $547 [805]
 14774/16385: $546 [804]
 14775/16385: $547 [804]
 14776/16385: $546 [803]
 14777/16385: $547 [803]
 14778/16385: $546 [802]
 14779/16385: $547 [802]
 14780/16385: $546 [801]
 14781/16385: $547 [801]
 14782/16385: $546 [800]
 14783/16385: $547 [800]
 14784/16385: $546 [799]
 14785/16385: $547 [799]
 14786/16385: $546 [798]
 14787/16385: $547 [798]
 14788/16385: $546 [797]
 14789/16385: $547 [797]
 14790/16385: $546 [796]
 14791/16385: $547 [796]
 14792/16385: $546 [795]
 14793/16385: $547 [795]
 14794/16385: $546 [794]
 14795/16385: $547 [794]
 14796/16385: $546 [793]
 14797/16385: $547 [793]
 14798/16385: $546 [792]
 14799/16385: $547 [792]
 14800/16385: $546 [791]
 14801/16385: $547 [791]
 14802/16385: $546 [790]
 14803/16385: $547 [790]
 14804/16385: $546 [789]
 14805/16385: $547 [789]
 14806/16385: $546 [788]
 14807/16385: $547 [788]
 14808/16385: $546 [787]
 14809/16385: $547 [787]
 14810/16385: $546 [786]
 14811/16385: $547 [786]
 14812/16385: $546 [785]
 14813/16385: $547 [785]
 14814/16385: $546 [784]
 14815/16385: $547 [784]
 14816/16385: $546 [783]
 14817/16385: $547 [783]
 14818/16385: $546 [782]
 14819/16385: $547 [782]
 14820/16385: $546 [781]
 14821/16385: $547 [781]
 14822/16385: $546 [780]
 14823/16385: $547 [780]
 14824/16385: $546 [779]
 14825/16385: $547 [779]
 14826/16385: $546 [778]
 14827/16385: $547 [778]
 14828/16385: $546 [777]
 14829/16385: $547 [777]
 14830/16385: $546 [776]
 14831/16385: $547 [776]
 14832/16385: $546 [775]
 14833/16385: $547 [775]
 14834/16385: $546 [774]
 14835/16385: $547 [774]
 14836/16385: $546 [773]
 14837/16385: $547 [773]
 14838/16385: $546 [772]
 14839/16385: $547 [772]
 14840/16385: $546 [771]
 14841/16385: $547 [771]
 14842/16385: $546 [770]
 14843/16385: $547 [770]
 14844/16385: $546 [769]
 14845/16385: $547 [769]
 14846/16385: $546 [768]
 14847/16385: $547 [768]
 14848/16385: $546 [767]
 14849/16385: $547 [767]
 14850/16385: $546 [766]
 14851/16385: $547 [766]
 14852/16385: $546 [765]
 14853/16385: $547 [765]
 14854/16385: $546 [764]
 14855/16385: $547 [764]
 14856/16385: $546 [763]
 14857/16385: $547 [763]
 14858/16385: $546 [762]
 14859/16385: $547 [762]
 14860/16385: $546 [761]
 14861/16385: $547 [761]
 14862/16385: $546 [760]
 14863/16385: $547 [760]
 14864/16385: $546 [759]
 14865/16385: $547 [759]
 14866/16385: $546 [758]
 14867/16385: $547 [758]
 14868/16385: $546 [757]
 14869/16385: $547 [757]
 14870/16385: $546 [756]
 14871/16385: $547 [756]
 14872/16385: $546 [755]
 14873/16385: $547 [755]
 14874/16385: $546 [754]
 14875/16385: $547 [754]
 14876/16385: $546 [753]
 14877/16385: $547 [753]
 14878/16385: $546 [752]
 14879/16385: $547 [752]
 14880/16385: $546 [751]
 14881/16385: $547 [751]
 14882/16385: $546 [750]
 14883/16385: $547 [750]
 14884/16385: $546 [749]
 14885/16385: $547 [749]
 14886/16385: $546 [748]
 14887/16385: $547 [748]
 14888/16385: $546 [747]
 14889/16385: $547 [747]
 14890/16385: $546 [746]
 14891/16385: $547 [746]
 14892/16385: $546 [745]
 14893/16385: $547 [745]
 14894/16385: $546 [744]
 14895/16385: $547 [744]
 14896/16385: $546 [743]
 14897/16385: $547 [743]
 14898/16385: $546 [742]
 14899/16385: $547 [742]
 14900/16385: $546 [741]
 14901/16385: $547 [741]
 14902/16385: $546 [740]
 14903/16385: $547 [740]
 14904/16385: $546 [739]
 14905/16385: $547 [739]
 14906/16385: $546 [738]
 14907/16385: $547 [738]
 14908/16385: $546 [737]
 14909/16385: $547 [737]
 14910/16385: $546 [736]
 14911/16385: $547 [736]
 14912/16385: $546 [735]
 14913/16385: $547 [735]
 14914/16385: $546 [734]
 14915/16385: $547 [734]
 14916/16385: $546 [733]
 14917/16385: $547 [733]
 14918/16385: $546 [732]
 14919/16385: $547 [732]
 14920/16385: $546 [731]
 14921/16385: $547 [731]
 14922/16385: $546 [730]
 14923/16385: $547 [730]
 14924/16385: $546 [729]
 14925/16385: $547 [729]
 14926/16385: $546 [728]
 14927/16385: $547 [728]
 14928/16385: $546 [727]
 14929/16385: $547 [727]
 14930/16385: $546 [726]
 14931/16385: $547 [726]
 14932/16385: $546 [725]
 14933/16385: $547 [725]
 14934/16385: $546 [724]
 14935/16385: $547 [724]
 14936/16385: $546 [723]
 14937/16385: $547 [723]
 14938/16385: $546 [722]
 14939/16385: $547 [722]
 14940/16385: $546 [721]
 14941/16385: $547 [721]
 14942/16385: $546 [720]
 14943/16385: $547 [720]
 14944/16385: $546 [719]
 14945/16385: $547 [719]
 14946/16385: $546 [718]
 14947/16385: $547 [718]
 14948/16385: $546 [717]
 14949/16385: $547 [717]
 14950/16385: $546 [716]
 14951/16385: $547 [716]
 14952/16385: $546 [715]
 14953/16385: $547 [715]
 14954/16385: $546 [714]
 14955/16385: $547 [714]
 14956/16385: $546 [713]
 14957/16385: $547 [713]
 14958/16385: $546 [712]
 14959/16385: $547 [712]
 14960/16385: $546 [711]
 14961/16385: $547 [711]
 14962/16385: $546 [710]
 14963/16385: $547 [710]
 14964/16385: $546 [709]
 14965/16385: $547 [709]
 14966/16385: $546 [708]
 14967/16385: $547 [708]
 14968/16385: $546 [707]
 14969/16385: $547 [707]
 14970/16385: $546 [706]
 14971/16385: $547 [706]
 14972/16385: $546 [705]
 14973/16385: $547 [705]
 14974/16385: $546 [704]
 14975/16385: $547 [704]
 14976/16385: $546 [703]
 14977/16385: $547 [703]
 14978/16385: $546 [702]
 14979/16385: $547 [702]
 14980/16385: $546 [701]
 14981/16385: $547 [701]
 14982/16385: $546 [700]
 14983/16385: $547 [700]
 14984/16385: $546 [699]
 14985/16385: $547 [699]
 14986/16385: $546 [698]
 14987/16385: $547 [698]
 14988/16385: $546 [697]
 14989/16385: $547 [697]
 14990/16385: $546 [696]
 14991/16385: $547 [696]
 14992/16385: $546 [695]
 14993/16385: $547 [695]
 14994/16385: $546 [694]
 14995/16385: $547 [694]
 14996/16385: $546 [693]
 14997/16385: $547 [693]
 14998/16385: $546 [692]
 14999/16385: $547 [692]
 15000/16385: $546 [691]
 15001/16385: $547 [691]
 15002/16385: $546 [690]
 15003/16385: $547 [690]
 15004/16385: $546 [689]
 15005/16385: $547 [689]
 15006/16385: $546 [688]
 15007/16385: $547 [688]
 15008/16385: $546 [687]
 15009/16385: $547 [687]
 15010/16385: $546 [686]
 15011/16385: $547 [686]
 15012/16385: $546 [685]
 15013/16385: $547 [685]
 15014/16385: $546 [684]
 15015/16385: $547 [684]
 15016/16385: $546 [683]
 15017/16385: $547 [683]
 15018/16385: $546 [682]
 15019/16385: $547 [682]
 15020/16385: $546 [681]
 15021/16385: $547 [681]
 15022/16385: $546 [680]
 15023/16385: $547 [680]
 15024/16385: $546 [679]
 15025/16385: $547 [679]
 15026/16385: $546 [678]
 15027/16385: $547 [678]
 15028/16385: $546 [677]
 15029/16385: $547 [677]
 15030/16385: $546 [676]
 15031/16385: $547 [676]
 15032/16385: $546 [675]
 15033/16385: $547 [675]
 15034/16385: $546 [674]
 15035/16385: $547 [674]
 15036/16385: $546 [673]
 15037/16385: $547 [673]
 15038/16385: $546 [672]
 15039/16385: $547 [672]
 15040/16385: $546 [671]
 15041/16385: $547 [671]
 15042/16385: $546 [670]
 15043/16385: $547 [670]
 15044/16385: $546 [669]
 15045/16385: $547 [669]
 15046/16385: $546 [668]
 15047/16385: $547 [668]
 15048/16385: $546 [667]
 15049/16385: $547 [667]
 15050/16385: $546 [666]
 15051/16385: $547 [666]
 15052/16385: $546 [665]
 15053/16385: $547 [665]
 15054/16385: $546 [664]
 15055/16385: $547 [664]
 15056/16385: $546 [663]
 15057/16385: $547 [663]
 15058/16385: $546 [662]
 15059/16385: $547 [662]
 15060/16385: $546 [661]
 15061/16385: $547 [661]
 15062/16385: $546 [660]
 15063/16385: $547 [660]
 15064/16385: $546 [659]
 15065/16385: $547 [659]
 15066/16385: $546 [658]
 15067/16385: $547 [658]
 15068/16385: $546 [657]
 15069/16385: $547 [657]
 15070/16385: $546 [656]
 15071/16385: $547 [656]
 15072/16385: $546 [655]
 15073/16385: $547 [655]
 15074/16385: $546 [654]
 15075/16385: $547 [654]
 15076/16385: $546 [653]
 15077/16385: $547 [653]
 15078/16385: $546 [652]
 15079/16385: $547 [652]
 15080/16385: $546 [651]
 15081/16385: $547 [651]
 15082/16385: $546 [650]
 15083/16385: $547 [650]
 15084/16385: $546 [649]
 15085/16385: $547 [649]
 15086/16385: $546 [648]
 15087/16385: $547 [648]
 15088/16385: $546 [647]
 15089/16385: $547 [647]
 15090/16385: $546 [646]
 15091/16385: $547 [646]
 15092/16385: $546 [645]
 15093/16385: $547 [645]
 15094/16385: $546 [644]
 15095/16385: $547 [644]
 15096/16385: $546 [643]
 15097/16385: $547 [643]
 15098/16385: $546 [642]
 15099/16385: $547 [642]
 15100/16385: $546 [641]
 15101/16385: $547 [641]
 15102/16385: $546 [640]
 15103/16385: $547 [640]
 15104/16385: $546 [639]
 15105/16385: $547 [639]
 15106/16385: $546 [638]
 15107/16385: $547 [638]
 15108/16385: $546 [637]
 15109/16385: $547 [637]
 15110/16385: $546 [636]
 15111/16385: $547 [636]
 15112/16385: $546 [635]
 15113/16385: $547 [635]
 15114/16385: $546 [634]
 15115/16385: $547 [634]
 15116/16385: $546 [633]
 15117/16385: $547 [633]
 15118/16385: $546 [632]
 15119/16385: $547 [632]
 15120/16385: $546 [631]
 15121/16385: $547 [631]
 15122/16385: $546 [630]
 15123/16385: $547 [630]
 15124/16385: $546 [629]
 15125/16385: $547 [629]
 15126/16385: $546 [628]
 15127/16385: $547 [628]
 15128/16385: $546 [627]
 15129/16385: $547 [627]
 15130/16385: $546 [626]
 15131/16385: $547 [626]
 15132/16385: $546 [625]
 15133/16385: $547 [625]
 15134/16385: $546 [624]
 15135/16385: $547 [624]
 15136/16385: $546 [623]
 15137/16385: $547 [623]
 15138/16385: $546 [622]
 15139/16385: $547 [622]
 15140/16385: $546 [621]
 15141/16385: $547 [621]
 15142/16385: $546 [620]
 15143/16385: $547 [620]
 15144/16385: $546 [619]
 15145/16385: $547 [619]
 15146/16385: $546 [618]
 15147/16385: $547 [618]
 15148/16385: $546 [617]
 15149/16385: $547 [617]
 15150/16385: $546 [616]
 15151/16385: $547 [616]
 15152/16385: $546 [615]
 15153/16385: $547 [615]
 15154/16385: $546 [614]
 15155/16385: $547 [614]
 15156/16385: $546 [613]
 15157/16385: $547 [613]
 15158/16385: $546 [612]
 15159/16385: $547 [612]
 15160/16385: $546 [611]
 15161/16385: $547 [611]
 15162/16385: $546 [610]
 15163/16385: $547 [610]
 15164/16385: $546 [609]
 15165/16385: $547 [609]
 15166/16385: $546 [608]
 15167/16385: $547 [608]
 15168/16385: $546 [607]
 15169/16385: $547 [607]
 15170/16385: $546 [606]
 15171/16385: $547 [606]
 15172/16385: $546 [605]
 15173/16385: $547 [605]
 15174/16385: $546 [604]
 15175/16385: $547 [604]
 15176/16385: $546 [603]
 15177/16385: $547 [603]
 15178/16385: $546 [602]
 15179/16385: $547 [602]
 15180/16385: $546 [601]
 15181/16385: $547 [601]
 15182/16385: $546 [600]
 15183/16385: $547 [600]
 15184/16385: $546 [599]
 15185/16385: $547 [599]
 15186/16385: $546 [598]
 15187/16385: $547 [598]
 15188/16385: $546 [597]
 15189/16385: $547 [597]
 15190/16385: $546 [596]
 15191/16385: $547 [596]
 15192/16385: $546 [595]
 15193/16385: $547 [595]
 15194/16385: $546 [594]
 15195/16385: $547 [594]
 15196/16385: $546 [593]
 15197/16385: $547 [593]
 15198/16385: $546 [592]
 15199/16385: $547 [592]
 15200/16385: $546 [591]
 15201/16385: $547 [591]
 15202/16385: $546 [590]
 15203/16385: $547 [590]
 15204/16385: $546 [589]
 15205/16385: $547 [589]
 15206/16385: $546 [588]
 15207/16385: $547 [588]
 15208/16385: $546 [587]
 15209/16385: $547 [587]
 15210/16385: $546 [586]
 15211/16385: $547 [586]
 15212/16385: $546 [585]
 15213/16385: $547 [585]
 15214/16385: $546 [584]
 15215/16385: $547 [584]
 15216/16385: $546 [583]
 15217/16385: $547 [583]
 15218/16385: $546 [582]
 15219/16385: $547 [582]
 15220/16385: $546 [581]
 15221/16385: $547 [581]
 15222/16385: $546 [580]
 15223/16385: $547 [580]
 15224/16385: $546 [579]
 15225/16385: $547 [579]
 15226/16385: $546 [578]
 15227/16385: $547 [578]
 15228/16385: $546 [577]
 15229/16385: $547 [577]
 15230/16385: $546 [576]
 15231/16385: $547 [576]
 15232/16385: $546 [575]
 15233/16385: $547 [575]
 15234/16385: $546 [574]
 15235/16385: $547 [574]
 15236/16385: $546 [573]
 15237/16385: $547 [573]
 15238/16385: $546 [572]
 15239/16385: $547 [572]
 15240/16385: $546 [571]
 15241/16385: $547 [571]
 15242/16385: $546 [570]
 15243/16385: $547 [570]
 15244/16385: $546 [569]
 15245/16385: $547 [569]
 15246/16385: $546 [568]
 15247/16385: $547 [568]
 15248/16385: $546 [567]
 15249/16385: $547 [567]
 15250/16385: $546 [566]
 15251/16385: $547 [566]
 15252/16385: $546 [565]
 15253/16385: $547 [565]
 15254/16385: $546 [564]
 15255/16385: $547 [564]
 15256/16385: $546 [563]
 15257/16385: $547 [563]
 15258/16385: $546 [562]
 15259/16385: $547 [562]
 15260/16385: $546 [561]
 15261/16385: $547 [561]
 15262/16385: $546 [560]
 15263/16385: $547 [560]
 15264/16385: $546 [559]
 15265/16385: $547 [559]
 15266/16385: $546 [558]
 15267/16385: $547 [558]
 15268/16385: $546 [557]
 15269/16385: $547 [557]
 15270/16385: $546 [556]
 15271/16385: $547 [556]
 15272/16385: $546 [555]
 15273/16385: $547 [555]
 15274/16385: $546 [554]
 15275/16385: $547 [554]
 15276/16385: $546 [553]
 15277/16385: $547 [553]
 15278/16385: $546 [552]
 15279/16385: $547 [552]
 15280/16385: $546 [551]
 15281/16385: $547 [551]
 15282/16385: $546 [550]
 15283/16385: $547 [550]
 15284/16385: $546 [549]
 15285/16385: $547 [549]
 15286/16385: $546 [548]
 15287/16385: $547 [548]
 15288/16385: $546 [547]
 15289/16385: $547 [547]
 15290/16385: $546 [546]
 15291/16385: $547 [546]
 15292/16385: $546 [545]
 15293/16385: $547 [545]
 15294/16385: $546 [544]
 15295/16385: $547 [544]
 15296/16385: $546 [543]
 15297/16385: $547 [543]
 15298/16385: $546 [542]
 15299/16385: $547 [542]
 15300/16385: $546 [541]
 15301/16385: $547 [541]
 15302/16385: $546 [540]
 15303/16385: $547 [540]
 15304/16385: $546 [539]
 15305/16385: $547 [539]
 15306/16385: $546 [538]
 15307/16385: $547 [538]
 15308/16385: $546 [537]
 15309/16385: $547 [537]
 15310/16385: $546 [536]
 15311/16385: $547 [536]
 15312/16385: $546 [535]
 15313/16385: $547 [535]
 15314/16385: $546 [534]
 15315/16385: $547 [534]
 15316/16385: $546 [533]
 15317/16385: $547 [533]
 15318/16385: $546 [532]
 15319/16385: $547 [532]
 15320/16385: $546 [531]
 15321/16385: $547 [531]
 15322/16385: $546 [530]
 15323/16385: $547 [530]
 15324/16385: $546 [529]
 15325/16385: $547 [529]
 15326/16385: $546 [528]
 15327/16385: $547 [528]
 15328/16385: $546 [527]
 15329/16385: $547 [527]
 15330/16385: $546 [526]
 15331/16385: $547 [526]
 15332/16385: $546 [525]
 15333/16385: $547 [525]
 15334/16385: $546 [524]
 15335/16385: $547 [524]
 15336/16385: $546 [523]
 15337/16385: $547 [523]
 15338/16385: $546 [522]
 15339/16385: $547 [522]
 15340/16385: $546 [521]
 15341/16385: $547 [521]
 15342/16385: $546 [520]
 15343/16385: $547 [520]
 15344/16385: $546 [519]
 15345/16385: $547 [519]
 15346/16385: $546 [518]
 15347/16385: $547 [518]
 15348/16385: $546 [517]
 15349/16385: $547 [517]
 15350/16385: $546 [516]
 15351/16385: $547 [516]
 15352/16385: $546 [515]
 15353/16385: $547 [515]
 15354/16385: $546 [514]
 15355/16385: $547 [514]
 15356/16385: $546 [513]
 15357/16385: $547 [513]
 15358/16385: $546 [512]
 15359/16385: $547 [512]
 15360/16385: $546 [511]
 15361/16385: $547 [511]
 15362/16385: $546 [510]
 15363/16385: $547 [510]
 15364/16385: $546 [509]
 15365/16385: $547 [509]
 15366/16385: $546 [508]
 15367/16385: $547 [508]
 15368/16385: $546 [507]
 15369/16385: $547 [507]
 15370/16385: $546 [506]
 15371/16385: $547 [506]
 15372/16385: $546 [505]
 15373/16385: $547 [505]
 15374/16385: $546 [504]
 15375/16385: $547 [504]
 15376/16385: $546 [503]
 15377/16385: $547 [503]
 15378/16385: $546 [502]
 15379/16385: $547 [502]
 15380/16385: $546 [501]
 15381/16385: $547 [501]
 15382/16385: $546 [500]
 15383/16385: $547 [500]
 15384/16385: $546 [499]
 15385/16385: $547 [499]
 15386/16385: $546 [498]
 15387/16385: $547 [498]
 15388/16385: $546 [497]
 15389/16385: $547 [497]
 15390/16385: $546 [496]
 15391/16385: $547 [496]
 15392/16385: $546 [495]
 15393/16385: $547 [495]
 15394/16385: $546 [494]
 15395/16385: $547 [494]
 15396/16385: $546 [493]
 15397/16385: $547 [493]
 15398/16385: $546 [492]
 15399/16385: $547 [492]
 15400/16385: $546 [491]
 15401/16385: $547 [491]
 15402/16385: $546 [490]
 15403/16385: $547 [490]
 15404/16385: $546 [489]
 15405/16385: $547 [489]
 15406/16385: $546 [488]
 15407/16385: $547 [488]
 15408/16385: $546 [487]
 15409/16385: $547 [487]
 15410/16385: $546 [486]
 15411/16385: $547 [486]
 15412/16385: $546 [485]
 15413/16385: $547 [485]
 15414/16385: $546 [484]
 15415/16385: $547 [484]
 15416/16385: $546 [483]
 15417/16385: $547 [483]
 15418/16385: $546 [482]
 15419/16385: $547 [482]
 15420/16385: $546 [481]
 15421/16385: $547 [481]
 15422/16385: $546 [480]
 15423/16385: $547 [480]
 15424/16385: $546 [479]
 15425/16385: $547 [479]
 15426/16385: $546 [478]
 15427/16385: $547 [478]
 15428/16385: $546 [477]
 15429/16385: $547 [477]
 15430/16385: $546 [476]
 15431/16385: $547 [476]
 15432/16385: $546 [475]
 15433/16385: $547 [475]
 15434/16385: $546 [474]
 15435/16385: $547 [474]
 15436/16385: $546 [473]
 15437/16385: $547 [473]
 15438/16385: $546 [472]
 15439/16385: $547 [472]
 15440/16385: $546 [471]
 15441/16385: $547 [471]
 15442/16385: $546 [470]
 15443/16385: $547 [470]
 15444/16385: $546 [469]
 15445/16385: $547 [469]
 15446/16385: $546 [468]
 15447/16385: $547 [468]
 15448/16385: $546 [467]
 15449/16385: $547 [467]
 15450/16385: $546 [466]
 15451/16385: $547 [466]
 15452/16385: $546 [465]
 15453/16385: $547 [465]
 15454/16385: $546 [464]
 15455/16385: $547 [464]
 15456/16385: $546 [463]
 15457/16385: $547 [463]
 15458/16385: $546 [462]
 15459/16385: $547 [462]
 15460/16385: $546 [461]
 15461/16385: $547 [461]
 15462/16385: $546 [460]
 15463/16385: $547 [460]
 15464/16385: $546 [459]
 15465/16385: $547 [459]
 15466/16385: $546 [458]
 15467/16385: $547 [458]
 15468/16385: $546 [457]
 15469/16385: $547 [457]
 15470/16385: $546 [456]
 15471/16385: $547 [456]
 15472/16385: $546 [455]
 15473/16385: $547 [455]
 15474/16385: $546 [454]
 15475/16385: $547 [454]
 15476/16385: $546 [453]
 15477/16385: $547 [453]
 15478/16385: $546 [452]
 15479/16385: $547 [452]
 15480/16385: $546 [451]
 15481/16385: $547 [451]
 15482/16385: $546 [450]
 15483/16385: $547 [450]
 15484/16385: $546 [449]
 15485/16385: $547 [449]
 15486/16385: $546 [448]
 15487/16385: $547 [448]
 15488/16385: $546 [447]
 15489/16385: $547 [447]
 15490/16385: $546 [446]
 15491/16385: $547 [446]
 15492/16385: $546 [445]
 15493/16385: $547 [445]
 15494/16385: $546 [444]
 15495/16385: $547 [444]
 15496/16385: $546 [443]
 15497/16385: $547 [443]
 15498/16385: $546 [442]
 15499/16385: $547 [442]
 15500/16385: $546 [441]
 15501/16385: $547 [441]
 15502/16385: $546 [440]
 15503/16385: $547 [440]
 15504/16385: $546 [439]
 15505/16385: $547 [439]
 15506/16385: $546 [438]
 15507/16385: $547 [438]
 15508/16385: $546 [437]
 15509/16385: $547 [437]
 15510/16385: $546 [436]
 15511/16385: $547 [436]
 15512/16385: $546 [435]
 15513/16385: $547 [435]
 15514/16385: $546 [434]
 15515/16385: $547 [434]
 15516/16385: $546 [433]
 15517/16385: $547 [433]
 15518/16385: $546 [432]
 15519/16385: $547 [432]
 15520/16385: $546 [431]
 15521/16385: $547 [431]
 15522/16385: $546 [430]
 15523/16385: $547 [430]
 15524/16385: $546 [429]
 15525/16385: $547 [429]
 15526/16385: $546 [428]
 15527/16385: $547 [428]
 15528/16385: $546 [427]
 15529/16385: $547 [427]
 15530/16385: $546 [426]
 15531/16385: $547 [426]
 15532/16385: $546 [425]
 15533/16385: $547 [425]
 15534/16385: $546 [424]
 15535/16385: $547 [424]
 15536/16385: $546 [423]
 15537/16385: $547 [423]
 15538/16385: $546 [422]
 15539/16385: $547 [422]
 15540/16385: $546 [421]
 15541/16385: $547 [421]
 15542/16385: $546 [420]
 15543/16385: $547 [420]
 15544/16385: $546 [419]
 15545/16385: $547 [419]
 15546/16385: $546 [418]
 15547/16385: $547 [418]
 15548/16385: $546 [417]
 15549/16385: $547 [417]
 15550/16385: $546 [416]
 15551/16385: $547 [416]
 15552/16385: $546 [415]
 15553/16385: $547 [415]
 15554/16385: $546 [414]
 15555/16385: $547 [414]
 15556/16385: $546 [413]
 15557/16385: $547 [413]
 15558/16385: $546 [412]
 15559/16385: $547 [412]
 15560/16385: $546 [411]
 15561/16385: $547 [411]
 15562/16385: $546 [410]
 15563/16385: $547 [410]
 15564/16385: $546 [409]
 15565/16385: $547 [409]
 15566/16385: $546 [408]
 15567/16385: $547 [408]
 15568/16385: $546 [407]
 15569/16385: $547 [407]
 15570/16385: $546 [406]
 15571/16385: $547 [406]
 15572/16385: $546 [405]
 15573/16385: $547 [405]
 15574/16385: $546 [404]
 15575/16385: $547 [404]
 15576/16385: $546 [403]
 15577/16385: $547 [403]
 15578/16385: $546 [402]
 15579/16385: $547 [402]
 15580/16385: $546 [401]
 15581/16385: $547 [401]
 15582/16385: $546 [400]
 15583/16385: $547 [400]
 15584/16385: $546 [399]
 15585/16385: $547 [399]
 15586/16385: $546 [398]
 15587/16385: $547 [398]
 15588/16385: $546 [397]
 15589/16385: $547 [397]
 15590/16385: $546 [396]
 15591/16385: $547 [396]
 15592/16385: $546 [395]
 15593/16385: $547 [395]
 15594/16385: $546 [394]
 15595/16385: $547 [394]
 15596/16385: $546 [393]
 15597/16385: $547 [393]
 15598/16385: $546 [392]
 15599/16385: $547 [392]
 15600/16385: $546 [391]
 15601/16385: $547 [391]
 15602/16385: $546 [390]
 15603/16385: $547 [390]
 15604/16385: $546 [389]
 15605/16385: $547 [389]
 15606/16385: $546 [388]
 15607/16385: $547 [388]
 15608/16385: $546 [387]
 15609/16385: $547 [387]
 15610/16385: $546 [386]
 15611/16385: $547 [386]
 15612/16385: $546 [385]
 15613/16385: $547 [385]
 15614/16385: $546 [384]
 15615/16385: $547 [384]
 15616/16385: $546 [383]
 15617/16385: $547 [383]
 15618/16385: $546 [382]
 15619/16385: $547 [382]
 15620/16385: $546 [381]
 15621/16385: $547 [381]
 15622/16385: $546 [380]
 15623/16385: $547 [380]
 15624/16385: $546 [379]
 15625/16385: $547 [379]
 15626/16385: $546 [378]
 15627/16385: $547 [378]
 15628/16385: $546 [377]
 15629/16385: $547 [377]
 15630/16385: $546 [376]
 15631/16385: $547 [376]
 15632/16385: $546 [375]
 15633/16385: $547 [375]
 15634/16385: $546 [374]
 15635/16385: $547 [374]
 15636/16385: $546 [373]
 15637/16385: $547 [373]
 15638/16385: $546 [372]
 15639/16385: $547 [372]
 15640/16385: $546 [371]
 15641/16385: $547 [371]
 15642/16385: $546 [370]
 15643/16385: $547 [370]
 15644/16385: $546 [369]
 15645/16385: $547 [369]
 15646/16385: $546 [368]
 15647/16385: $547 [368]
 15648/16385: $546 [367]
 15649/16385: $547 [367]
 15650/16385: $546 [366]
 15651/16385: $547 [366]
 15652/16385: $546 [365]
 15653/16385: $547 [365]
 15654/16385: $546 [364]
 15655/16385: $547 [364]
 15656/16385: $546 [363]
 15657/16385: $547 [363]
 15658/16385: $546 [362]
 15659/16385: $547 [362]
 15660/16385: $546 [361]
 15661/16385: $547 [361]
 15662/16385: $546 [360]
 15663/16385: $547 [360]
 15664/16385: $546 [359]
 15665/16385: $547 [359]
 15666/16385: $546 [358]
 15667/16385: $547 [358]
 15668/16385: $546 [357]
 15669/16385: $547 [357]
 15670/16385: $546 [356]
 15671/16385: $547 [356]
 15672/16385: $546 [355]
 15673/16385: $547 [355]
 15674/16385: $546 [354]
 15675/16385: $547 [354]
 15676/16385: $546 [353]
 15677/16385: $547 [353]
 15678/16385: $546 [352]
 15679/16385: $547 [352]
 15680/16385: $546 [351]
 15681/16385: $547 [351]
 15682/16385: $546 [350]
 15683/16385: $547 [350]
 15684/16385: $546 [349]
 15685/16385: $547 [349]
 15686/16385: $546 [348]
 15687/16385: $547 [348]
 15688/16385: $546 [347]
 15689/16385: $547 [347]
 15690/16385: $546 [346]
 15691/16385: $547 [346]
 15692/16385: $546 [345]
 15693/16385: $547 [345]
 15694/16385: $546 [344]
 15695/16385: $547 [344]
 15696/16385: $546 [343]
 15697/16385: $547 [343]
 15698/16385: $546 [342]
 15699/16385: $547 [342]
 15700/16385: $546 [341]
 15701/16385: $547 [341]
 15702/16385: $546 [340]
 15703/16385: $547 [340]
 15704/16385: $546 [339]
 15705/16385: $547 [339]
 15706/16385: $546 [338]
 15707/16385: $547 [338]
 15708/16385: $546 [337]
 15709/16385: $547 [337]
 15710/16385: $546 [336]
 15711/16385: $547 [336]
 15712/16385: $546 [335]
 15713/16385: $547 [335]
 15714/16385: $546 [334]
 15715/16385: $547 [334]
 15716/16385: $546 [333]
 15717/16385: $547 [333]
 15718/16385: $546 [332]
 15719/16385: $547 [332]
 15720/16385: $546 [331]
 15721/16385: $547 [331]
 15722/16385: $546 [330]
 15723/16385: $547 [330]
 15724/16385: $546 [329]
 15725/16385: $547 [329]
 15726/16385: $546 [328]
 15727/16385: $547 [328]
 15728/16385: $546 [327]
 15729/16385: $547 [327]
 15730/16385: $546 [326]
 15731/16385: $547 [326]
 15732/16385: $546 [325]
 15733/16385: $547 [325]
 15734/16385: $546 [324]
 15735/16385: $547 [324]
 15736/16385: $546 [323]
 15737/16385: $547 [323]
 15738/16385: $546 [322]
 15739/16385: $547 [322]
 15740/16385: $546 [321]
 15741/16385: $547 [321]
 15742/16385: $546 [320]
 15743/16385: $547 [320]
 15744/16385: $546 [319]
 15745/16385: $547 [319]
 15746/16385: $546 [318]
 15747/16385: $547 [318]
 15748/16385: $546 [317]
 15749/16385: $547 [317]
 15750/16385: $546 [316]
 15751/16385: $547 [316]
 15752/16385: $546 [315]
 15753/16385: $547 [315]
 15754/16385: $546 [314]
 15755/16385: $547 [314]
 15756/16385: $546 [313]
 15757/16385: $547 [313]
 15758/16385: $546 [312]
 15759/16385: $547 [312]
 15760/16385: $546 [311]
 15761/16385: $547 [311]
 15762/16385: $546 [310]
 15763/16385: $547 [310]
 15764/16385: $546 [309]
 15765/16385: $547 [309]
 15766/16385: $546 [308]
 15767/16385: $547 [308]
 15768/16385: $546 [307]
 15769/16385: $547 [307]
 15770/16385: $546 [306]
 15771/16385: $547 [306]
 15772/16385: $546 [305]
 15773/16385: $547 [305]
 15774/16385: $546 [304]
 15775/16385: $547 [304]
 15776/16385: $546 [303]
 15777/16385: $547 [303]
 15778/16385: $546 [302]
 15779/16385: $547 [302]
 15780/16385: $546 [301]
 15781/16385: $547 [301]
 15782/16385: $546 [300]
 15783/16385: $547 [300]
 15784/16385: $546 [299]
 15785/16385: $547 [299]
 15786/16385: $546 [298]
 15787/16385: $547 [298]
 15788/16385: $546 [297]
 15789/16385: $547 [297]
 15790/16385: $546 [296]
 15791/16385: $547 [296]
 15792/16385: $546 [295]
 15793/16385: $547 [295]
 15794/16385: $546 [294]
 15795/16385: $547 [294]
 15796/16385: $546 [293]
 15797/16385: $547 [293]
 15798/16385: $546 [292]
 15799/16385: $547 [292]
 15800/16385: $546 [291]
 15801/16385: $547 [291]
 15802/16385: $546 [290]
 15803/16385: $547 [290]
 15804/16385: $546 [289]
 15805/16385: $547 [289]
 15806/16385: $546 [288]
 15807/16385: $547 [288]
 15808/16385: $546 [287]
 15809/16385: $547 [287]
 15810/16385: $546 [286]
 15811/16385: $547 [286]
 15812/16385: $546 [285]
 15813/16385: $547 [285]
 15814/16385: $546 [284]
 15815/16385: $547 [284]
 15816/16385: $546 [283]
 15817/16385: $547 [283]
 15818/16385: $546 [282]
 15819/16385: $547 [282]
 15820/16385: $546 [281]
 15821/16385: $547 [281]
 15822/16385: $546 [280]
 15823/16385: $547 [280]
 15824/16385: $546 [279]
 15825/16385: $547 [279]
 15826/16385: $546 [278]
 15827/16385: $547 [278]
 15828/16385: $546 [277]
 15829/16385: $547 [277]
 15830/16385: $546 [276]
 15831/16385: $547 [276]
 15832/16385: $546 [275]
 15833/16385: $547 [275]
 15834/16385: $546 [274]
 15835/16385: $547 [274]
 15836/16385: $546 [273]
 15837/16385: $547 [273]
 15838/16385: $546 [272]
 15839/16385: $547 [272]
 15840/16385: $546 [271]
 15841/16385: $547 [271]
 15842/16385: $546 [270]
 15843/16385: $547 [270]
 15844/16385: $546 [269]
 15845/16385: $547 [269]
 15846/16385: $546 [268]
 15847/16385: $547 [268]
 15848/16385: $546 [267]
 15849/16385: $547 [267]
 15850/16385: $546 [266]
 15851/16385: $547 [266]
 15852/16385: $546 [265]
 15853/16385: $547 [265]
 15854/16385: $546 [264]
 15855/16385: $547 [264]
 15856/16385: $546 [263]
 15857/16385: $547 [263]
 15858/16385: $546 [262]
 15859/16385: $547 [262]
 15860/16385: $546 [261]
 15861/16385: $547 [261]
 15862/16385: $546 [260]
 15863/16385: $547 [260]
 15864/16385: $546 [259]
 15865/16385: $547 [259]
 15866/16385: $546 [258]
 15867/16385: $547 [258]
 15868/16385: $546 [257]
 15869/16385: $547 [257]
 15870/16385: $546 [256]
 15871/16385: $547 [256]
 15872/16385: $546 [255]
 15873/16385: $547 [255]
 15874/16385: $546 [254]
 15875/16385: $547 [254]
 15876/16385: $546 [253]
 15877/16385: $547 [253]
 15878/16385: $546 [252]
 15879/16385: $547 [252]
 15880/16385: $546 [251]
 15881/16385: $547 [251]
 15882/16385: $546 [250]
 15883/16385: $547 [250]
 15884/16385: $546 [249]
 15885/16385: $547 [249]
 15886/16385: $546 [248]
 15887/16385: $547 [248]
 15888/16385: $546 [247]
 15889/16385: $547 [247]
 15890/16385: $546 [246]
 15891/16385: $547 [246]
 15892/16385: $546 [245]
 15893/16385: $547 [245]
 15894/16385: $546 [244]
 15895/16385: $547 [244]
 15896/16385: $546 [243]
 15897/16385: $547 [243]
 15898/16385: $546 [242]
 15899/16385: $547 [242]
 15900/16385: $546 [241]
 15901/16385: $547 [241]
 15902/16385: $546 [240]
 15903/16385: $547 [240]
 15904/16385: $546 [239]
 15905/16385: $547 [239]
 15906/16385: $546 [238]
 15907/16385: $547 [238]
 15908/16385: $546 [237]
 15909/16385: $547 [237]
 15910/16385: $546 [236]
 15911/16385: $547 [236]
 15912/16385: $546 [235]
 15913/16385: $547 [235]
 15914/16385: $546 [234]
 15915/16385: $547 [234]
 15916/16385: $546 [233]
 15917/16385: $547 [233]
 15918/16385: $546 [232]
 15919/16385: $547 [232]
 15920/16385: $546 [231]
 15921/16385: $547 [231]
 15922/16385: $546 [230]
 15923/16385: $547 [230]
 15924/16385: $546 [229]
 15925/16385: $547 [229]
 15926/16385: $546 [228]
 15927/16385: $547 [228]
 15928/16385: $546 [227]
 15929/16385: $547 [227]
 15930/16385: $546 [226]
 15931/16385: $547 [226]
 15932/16385: $546 [225]
 15933/16385: $547 [225]
 15934/16385: $546 [224]
 15935/16385: $547 [224]
 15936/16385: $546 [223]
 15937/16385: $547 [223]
 15938/16385: $546 [222]
 15939/16385: $547 [222]
 15940/16385: $546 [221]
 15941/16385: $547 [221]
 15942/16385: $546 [220]
 15943/16385: $547 [220]
 15944/16385: $546 [219]
 15945/16385: $547 [219]
 15946/16385: $546 [218]
 15947/16385: $547 [218]
 15948/16385: $546 [217]
 15949/16385: $547 [217]
 15950/16385: $546 [216]
 15951/16385: $547 [216]
 15952/16385: $546 [215]
 15953/16385: $547 [215]
 15954/16385: $546 [214]
 15955/16385: $547 [214]
 15956/16385: $546 [213]
 15957/16385: $547 [213]
 15958/16385: $546 [212]
 15959/16385: $547 [212]
 15960/16385: $546 [211]
 15961/16385: $547 [211]
 15962/16385: $546 [210]
 15963/16385: $547 [210]
 15964/16385: $546 [209]
 15965/16385: $547 [209]
 15966/16385: $546 [208]
 15967/16385: $547 [208]
 15968/16385: $546 [207]
 15969/16385: $547 [207]
 15970/16385: $546 [206]
 15971/16385: $547 [206]
 15972/16385: $546 [205]
 15973/16385: $547 [205]
 15974/16385: $546 [204]
 15975/16385: $547 [204]
 15976/16385: $546 [203]
 15977/16385: $547 [203]
 15978/16385: $546 [202]
 15979/16385: $547 [202]
 15980/16385: $546 [201]
 15981/16385: $547 [201]
 15982/16385: $546 [200]
 15983/16385: $547 [200]
 15984/16385: $546 [199]
 15985/16385: $547 [199]
 15986/16385: $546 [198]
 15987/16385: $547 [198]
 15988/16385: $546 [197]
 15989/16385: $547 [197]
 15990/16385: $546 [196]
 15991/16385: $547 [196]
 15992/16385: $546 [195]
 15993/16385: $547 [195]
 15994/16385: $546 [194]
 15995/16385: $547 [194]
 15996/16385: $546 [193]
 15997/16385: $547 [193]
 15998/16385: $546 [192]
 15999/16385: $547 [192]
 16000/16385: $546 [191]
 16001/16385: $547 [191]
 16002/16385: $546 [190]
 16003/16385: $547 [190]
 16004/16385: $546 [189]
 16005/16385: $547 [189]
 16006/16385: $546 [188]
 16007/16385: $547 [188]
 16008/16385: $546 [187]
 16009/16385: $547 [187]
 16010/16385: $546 [186]
 16011/16385: $547 [186]
 16012/16385: $546 [185]
 16013/16385: $547 [185]
 16014/16385: $546 [184]
 16015/16385: $547 [184]
 16016/16385: $546 [183]
 16017/16385: $547 [183]
 16018/16385: $546 [182]
 16019/16385: $547 [182]
 16020/16385: $546 [181]
 16021/16385: $547 [181]
 16022/16385: $546 [180]
 16023/16385: $547 [180]
 16024/16385: $546 [179]
 16025/16385: $547 [179]
 16026/16385: $546 [178]
 16027/16385: $547 [178]
 16028/16385: $546 [177]
 16029/16385: $547 [177]
 16030/16385: $546 [176]
 16031/16385: $547 [176]
 16032/16385: $546 [175]
 16033/16385: $547 [175]
 16034/16385: $546 [174]
 16035/16385: $547 [174]
 16036/16385: $546 [173]
 16037/16385: $547 [173]
 16038/16385: $546 [172]
 16039/16385: $547 [172]
 16040/16385: $546 [171]
 16041/16385: $547 [171]
 16042/16385: $546 [170]
 16043/16385: $547 [170]
 16044/16385: $546 [169]
 16045/16385: $547 [169]
 16046/16385: $546 [168]
 16047/16385: $547 [168]
 16048/16385: $546 [167]
 16049/16385: $547 [167]
 16050/16385: $546 [166]
 16051/16385: $547 [166]
 16052/16385: $546 [165]
 16053/16385: $547 [165]
 16054/16385: $546 [164]
 16055/16385: $547 [164]
 16056/16385: $546 [163]
 16057/16385: $547 [163]
 16058/16385: $546 [162]
 16059/16385: $547 [162]
 16060/16385: $546 [161]
 16061/16385: $547 [161]
 16062/16385: $546 [160]
 16063/16385: $547 [160]
 16064/16385: $546 [159]
 16065/16385: $547 [159]
 16066/16385: $546 [158]
 16067/16385: $547 [158]
 16068/16385: $546 [157]
 16069/16385: $547 [157]
 16070/16385: $546 [156]
 16071/16385: $547 [156]
 16072/16385: $546 [155]
 16073/16385: $547 [155]
 16074/16385: $546 [154]
 16075/16385: $547 [154]
 16076/16385: $546 [153]
 16077/16385: $547 [153]
 16078/16385: $546 [152]
 16079/16385: $547 [152]
 16080/16385: $546 [151]
 16081/16385: $547 [151]
 16082/16385: $546 [150]
 16083/16385: $547 [150]
 16084/16385: $546 [149]
 16085/16385: $547 [149]
 16086/16385: $546 [148]
 16087/16385: $547 [148]
 16088/16385: $546 [147]
 16089/16385: $547 [147]
 16090/16385: $546 [146]
 16091/16385: $547 [146]
 16092/16385: $546 [145]
 16093/16385: $547 [145]
 16094/16385: $546 [144]
 16095/16385: $547 [144]
 16096/16385: $546 [143]
 16097/16385: $547 [143]
 16098/16385: $546 [142]
 16099/16385: $547 [142]
 16100/16385: $546 [141]
 16101/16385: $547 [141]
 16102/16385: $546 [140]
 16103/16385: $547 [140]
 16104/16385: $546 [139]
 16105/16385: $547 [139]
 16106/16385: $546 [138]
 16107/16385: $547 [138]
 16108/16385: $546 [137]
 16109/16385: $547 [137]
 16110/16385: $546 [136]
 16111/16385: $547 [136]
 16112/16385: $546 [135]
 16113/16385: $547 [135]
 16114/16385: $546 [134]
 16115/16385: $547 [134]
 16116/16385: $546 [133]
 16117/16385: $547 [133]
 16118/16385: $546 [132]
 16119/16385: $547 [132]
 16120/16385: $546 [131]
 16121/16385: $547 [131]
 16122/16385: $546 [130]
 16123/16385: $547 [130]
 16124/16385: $546 [129]
 16125/16385: $547 [129]
 16126/16385: $546 [128]
 16127/16385: $547 [128]
 16128/16385: $546 [127]
 16129/16385: $547 [127]
 16130/16385: $546 [126]
 16131/16385: $547 [126]
 16132/16385: $546 [125]
 16133/16385: $547 [125]
 16134/16385: $546 [124]
 16135/16385: $547 [124]
 16136/16385: $546 [123]
 16137/16385: $547 [123]
 16138/16385: $546 [122]
 16139/16385: $547 [122]
 16140/16385: $546 [121]
 16141/16385: $547 [121]
 16142/16385: $546 [120]
 16143/16385: $547 [120]
 16144/16385: $546 [119]
 16145/16385: $547 [119]
 16146/16385: $546 [118]
 16147/16385: $547 [118]
 16148/16385: $546 [117]
 16149/16385: $547 [117]
 16150/16385: $546 [116]
 16151/16385: $547 [116]
 16152/16385: $546 [115]
 16153/16385: $547 [115]
 16154/16385: $546 [114]
 16155/16385: $547 [114]
 16156/16385: $546 [113]
 16157/16385: $547 [113]
 16158/16385: $546 [112]
 16159/16385: $547 [112]
 16160/16385: $546 [111]
 16161/16385: $547 [111]
 16162/16385: $546 [110]
 16163/16385: $547 [110]
 16164/16385: $546 [109]
 16165/16385: $547 [109]
 16166/16385: $546 [108]
 16167/16385: $547 [108]
 16168/16385: $546 [107]
 16169/16385: $547 [107]
 16170/16385: $546 [106]
 16171/16385: $547 [106]
 16172/16385: $546 [105]
 16173/16385: $547 [105]
 16174/16385: $546 [104]
 16175/16385: $547 [104]
 16176/16385: $546 [103]
 16177/16385: $547 [103]
 16178/16385: $546 [102]
 16179/16385: $547 [102]
 16180/16385: $546 [101]
 16181/16385: $547 [101]
 16182/16385: $546 [100]
 16183/16385: $547 [100]
 16184/16385: $546 [99]
 16185/16385: $547 [99]
 16186/16385: $546 [98]
 16187/16385: $547 [98]
 16188/16385: $546 [97]
 16189/16385: $547 [97]
 16190/16385: $546 [96]
 16191/16385: $547 [96]
 16192/16385: $546 [95]
 16193/16385: $547 [95]
 16194/16385: $546 [94]
 16195/16385: $547 [94]
 16196/16385: $546 [93]
 16197/16385: $547 [93]
 16198/16385: $546 [92]
 16199/16385: $547 [92]
 16200/16385: $546 [91]
 16201/16385: $547 [91]
 16202/16385: $546 [90]
 16203/16385: $547 [90]
 16204/16385: $546 [89]
 16205/16385: $547 [89]
 16206/16385: $546 [88]
 16207/16385: $547 [88]
 16208/16385: $546 [87]
 16209/16385: $547 [87]
 16210/16385: $546 [86]
 16211/16385: $547 [86]
 16212/16385: $546 [85]
 16213/16385: $547 [85]
 16214/16385: $546 [84]
 16215/16385: $547 [84]
 16216/16385: $546 [83]
 16217/16385: $547 [83]
 16218/16385: $546 [82]
 16219/16385: $547 [82]
 16220/16385: $546 [81]
 16221/16385: $547 [81]
 16222/16385: $546 [80]
 16223/16385: $547 [80]
 16224/16385: $546 [79]
 16225/16385: $547 [79]
 16226/16385: $546 [78]
 16227/16385: $547 [78]
 16228/16385: $546 [77]
 16229/16385: $547 [77]
 16230/16385: $546 [76]
 16231/16385: $547 [76]
 16232/16385: $546 [75]
 16233/16385: $547 [75]
 16234/16385: $546 [74]
 16235/16385: $547 [74]
 16236/16385: $546 [73]
 16237/16385: $547 [73]
 16238/16385: $546 [72]
 16239/16385: $547 [72]
 16240/16385: $546 [71]
 16241/16385: $547 [71]
 16242/16385: $546 [70]
 16243/16385: $547 [70]
 16244/16385: $546 [69]
 16245/16385: $547 [69]
 16246/16385: $546 [68]
 16247/16385: $547 [68]
 16248/16385: $546 [67]
 16249/16385: $547 [67]
 16250/16385: $546 [66]
 16251/16385: $547 [66]
 16252/16385: $546 [65]
 16253/16385: $547 [65]
 16254/16385: $546 [64]
 16255/16385: $547 [64]
 16256/16385: $546 [63]
 16257/16385: $547 [63]
 16258/16385: $546 [62]
 16259/16385: $547 [62]
 16260/16385: $546 [61]
 16261/16385: $547 [61]
 16262/16385: $546 [60]
 16263/16385: $547 [60]
 16264/16385: $546 [59]
 16265/16385: $547 [59]
 16266/16385: $546 [58]
 16267/16385: $547 [58]
 16268/16385: $546 [57]
 16269/16385: $547 [57]
 16270/16385: $546 [56]
 16271/16385: $547 [56]
 16272/16385: $546 [55]
 16273/16385: $547 [55]
 16274/16385: $546 [54]
 16275/16385: $547 [54]
 16276/16385: $546 [53]
 16277/16385: $547 [53]
 16278/16385: $546 [52]
 16279/16385: $547 [52]
 16280/16385: $546 [51]
 16281/16385: $547 [51]
 16282/16385: $546 [50]
 16283/16385: $547 [50]
 16284/16385: $546 [49]
 16285/16385: $547 [49]
 16286/16385: $546 [48]
 16287/16385: $547 [48]
 16288/16385: $546 [47]
 16289/16385: $547 [47]
 16290/16385: $546 [46]
 16291/16385: $547 [46]
 16292/16385: $546 [45]
 16293/16385: $547 [45]
 16294/16385: $546 [44]
 16295/16385: $547 [44]
 16296/16385: $546 [43]
 16297/16385: $547 [43]
 16298/16385: $546 [42]
 16299/16385: $547 [42]
 16300/16385: $546 [41]
 16301/16385: $547 [41]
 16302/16385: $546 [40]
 16303/16385: $547 [40]
 16304/16385: $546 [39]
 16305/16385: $547 [39]
 16306/16385: $546 [38]
 16307/16385: $547 [38]
 16308/16385: $546 [37]
 16309/16385: $547 [37]
 16310/16385: $546 [36]
 16311/16385: $547 [36]
 16312/16385: $546 [35]
 16313/16385: $547 [35]
 16314/16385: $546 [34]
 16315/16385: $547 [34]
 16316/16385: $546 [33]
 16317/16385: $547 [33]
 16318/16385: $546 [32]
 16319/16385: $547 [32]
 16320/16385: $546 [31]
 16321/16385: $547 [31]
 16322/16385: $546 [30]
 16323/16385: $547 [30]
 16324/16385: $546 [29]
 16325/16385: $547 [29]
 16326/16385: $546 [28]
 16327/16385: $547 [28]
 16328/16385: $546 [27]
 16329/16385: $547 [27]
 16330/16385: $546 [26]
 16331/16385: $547 [26]
 16332/16385: $546 [25]
 16333/16385: $547 [25]
 16334/16385: $546 [24]
 16335/16385: $547 [24]
 16336/16385: $546 [23]
 16337/16385: $547 [23]
 16338/16385: $546 [22]
 16339/16385: $547 [22]
 16340/16385: $546 [21]
 16341/16385: $547 [21]
 16342/16385: $546 [20]
 16343/16385: $547 [20]
 16344/16385: $546 [19]
 16345/16385: $547 [19]
 16346/16385: $546 [18]
 16347/16385: $547 [18]
 16348/16385: $546 [17]
 16349/16385: $547 [17]
 16350/16385: $546 [16]
 16351/16385: $547 [16]
 16352/16385: $546 [15]
 16353/16385: $547 [15]
 16354/16385: $546 [14]
 16355/16385: $547 [14]
 16356/16385: $546 [13]
 16357/16385: $547 [13]
 16358/16385: $546 [12]
 16359/16385: $547 [12]
 16360/16385: $546 [11]
 16361/16385: $547 [11]
 16362/16385: $546 [10]
 16363/16385: $547 [10]
 16364/16385: $546 [9]
 16365/16385: $547 [9]
 16366/16385: $546 [8]
 16367/16385: $547 [8]
 16368/16385: $546 [7]
 16369/16385: $547 [7]
 16370/16385: $546 [6]
 16371/16385: $547 [6]
 16372/16385: $546 [5]
 16373/16385: $547 [5]
 16374/16385: $546 [4]
 16375/16385: $547 [4]
 16376/16385: $546 [3]
 16377/16385: $547 [3]
 16378/16385: $546 [2]
 16379/16385: $547 [2]
 16380/16385: $546 [1]
 16381/16385: $547 [1]
 16382/16385: $546 [0]
 16383/16385: $547 [0]
 16384/16385: $u_core.u_icache.u_riscv32_icache_data_array.data_array_q$545
 16385/16385: $547 [8191]
Creating decoders for process `\riscv32_core_reset_boundary.$13041'.
     1/19: $u_core.u_data_mem.gen_dcache.u_dcache.u_dcache_axi.writeback_state_d$13067
     2/19: $u_core.u_data_mem.gen_dcache.u_dcache.u_dcache_axi.writeback_state_d$13066
     3/19: $u_core.u_data_mem.gen_dcache.u_dcache.u_dcache_axi.write_data_pending_d$13057
     4/19: $u_core.u_data_mem.gen_dcache.u_dcache.u_dcache_axi.writeback_word_index_d$13056
     5/19: $u_core.u_data_mem.gen_dcache.u_dcache.u_dcache_axi.write_data_pending_d$13059
     6/19: $u_core.u_data_mem.gen_dcache.u_dcache.u_dcache_axi.writeback_word_index_d$13058
     7/19: $u_core.u_data_mem.gen_dcache.u_dcache.u_dcache_axi.write_address_pending_d$13054
     8/19: $u_core.u_data_mem.gen_dcache.u_dcache.u_dcache_axi.writeback_state_d$13068
     9/19: $u_core.u_data_mem.gen_dcache.u_dcache.u_dcache_axi.write_data_pending_d$13044
    10/19: $u_core.u_data_mem.gen_dcache.u_dcache.u_dcache_axi.writeback_word_index_d$13043
    11/19: $u_core.u_data_mem.gen_dcache.u_dcache.u_dcache_axi.write_data_pending_d$13053
    12/19: $u_core.u_data_mem.gen_dcache.u_dcache.u_dcache_axi.write_address_pending_d$13052
    13/19: $u_core.u_data_mem.gen_dcache.u_dcache.u_dcache_axi.writeback_word_index_d$13051
    14/19: $u_core.u_data_mem.gen_dcache.u_dcache.u_dcache_axi.writeback_context_d$13050
    15/19: $u_core.u_data_mem.gen_dcache.u_dcache.u_dcache_axi.writeback_state_d$13049
    16/19: $u_core.u_data_mem.gen_dcache.u_dcache.u_dcache_axi.write_data_pending_d$13072
    17/19: $u_core.u_data_mem.gen_dcache.u_dcache.u_dcache_axi.write_address_pending_d$13071
    18/19: $u_core.u_data_mem.gen_dcache.u_dcache.u_dcache_axi.writeback_word_index_d$13070
    19/19: $u_core.u_data_mem.gen_dcache.u_dcache.u_dcache_axi.writeback_context_d$13069
Creating decoders for process `\riscv32_core_reset_boundary.$12227'.
     1/4: $u_core.u_data_mem.route_state_d$12232
     2/4: $u_core.u_data_mem.route_state_d$12233
     3/4: $u_core.u_data_mem.fault_transaction_id_d$12229
     4/4: $u_core.u_data_mem.fault_transaction_id_d$12234
Creating decoders for process `\riscv32_core_reset_boundary.$458'.
     1/4: $509
     2/4: $496
     3/4: $483
     4/4: $470
Creating decoders for process `\riscv32_core_reset_boundary.$12195'.
     1/5: $u_core.u_data_mem.data_memory_resp_o$12196 [36:5]
     2/5: $u_core.u_data_mem.data_memory_resp_o$12196 [4:0]
     3/5: $u_core.u_data_mem.dcache_resp_ready$12198
     4/5: $u_core.u_data_mem.data_memory_resp_valid_o$12197
     5/5: $u_core.u_data_mem.uncached_resp_ready$12199
Creating decoders for process `\riscv32_core_reset_boundary.$12193'.
     1/1: $u_core.u_data_mem.selected_data_request_ready$12194
Creating decoders for process `\riscv32_core_reset_boundary.$337'.
     1/34: $452
     2/34: $443
     3/34: $434
     4/34: $431
     5/34: $428
     6/34: $425
     7/34: $422
     8/34: $419
     9/34: $416
    10/34: $413
    11/34: $410
    12/34: $407
    13/34: $404
    14/34: $401
    15/34: $398
    16/34: $395
    17/34: $392
    18/34: $389
    19/34: $386
    20/34: $383
    21/34: $380
    22/34: $377
    23/34: $374
    24/34: $371
    25/34: $368
    26/34: $365
    27/34: $362
    28/34: $359
    29/34: $356
    30/34: $353
    31/34: $350
    32/34: $347
    33/34: $344
    34/34: $341
Creating decoders for process `\riscv32_core_reset_boundary.$267'.
     1/5: $u_core.u_icache.u_riscv32_icache_tag_array.read_line_present_vector_q$336
     2/5: $327
     3/5: $310
     4/5: $293
     5/5: $276
Creating decoders for process `\riscv32_core_reset_boundary.$253'.
     1/4: $u_core.u_icache.lookup_s1_present_q$258
     2/4: $u_core.u_icache.lookup_cacheable_s1_q$257
     3/4: $u_core.u_icache.lookup_executable_s1_q$256
     4/4: $u_core.u_icache.lookup_s1_q$255
Creating decoders for process `\riscv32_core_reset_boundary.$241'.
     1/11: $u_core.u_icache.lookup_cacheable_s1_d$244
     2/11: $u_core.u_icache.lookup_executable_s1_d$243
     3/11: $u_core.u_icache.lookup_s1_d$242
     4/11: $u_core.u_icache.lookup_s1_present_d$248
     5/11: $u_core.u_icache.lookup_cacheable_s1_d$247
     6/11: $u_core.u_icache.lookup_executable_s1_d$246
     7/11: $u_core.u_icache.lookup_s1_d$245
     8/11: $u_core.u_icache.lookup_s1_present_d$252
     9/11: $u_core.u_icache.lookup_cacheable_s1_d$251
    10/11: $u_core.u_icache.lookup_executable_s1_d$250
    11/11: $u_core.u_icache.lookup_s1_d$249
Creating decoders for process `\riscv32_core_reset_boundary.$12175'.
     1/3: $u_core.u_data_mem.selected_request_route$12179
     2/3: $u_core.u_data_mem.selected_request_route$12180
     3/3: $u_core.u_data_mem.request_access_allowed$12176
Creating decoders for process `\riscv32_core_reset_boundary.$12169'.
     1/14: $u_core.u_data_mem.u_data_pma.memory_attr_o$12174 [5:3]
     2/14: $u_core.u_data_mem.u_data_pma.memory_attr_o$12173 [2]
     3/14: $u_core.u_data_mem.u_data_pma.memory_attr_o$12171 [5:4]
     4/14: $u_core.u_data_mem.u_data_pma.memory_attr_o$12171 [3:0]
     5/14: $u_core.u_data_mem.u_data_pma.memory_attr_o$12172 [4]
     6/14: $u_core.u_data_mem.u_data_pma.memory_attr_o[5:4]$12170
     7/14: $u_core.u_data_mem.u_data_pma.memory_attr_o$12172 [3:0]
     8/14: $u_core.u_data_mem.u_data_pma.memory_attr_o$12173 [4]
     9/14: $u_core.u_data_mem.u_data_pma.memory_attr_o$12173 [3]
    10/14: $u_core.u_data_mem.u_data_pma.memory_attr_o$12172 [5]
    11/14: $u_core.u_data_mem.u_data_pma.memory_attr_o$12173 [1:0]
    12/14: $u_core.u_data_mem.u_data_pma.memory_attr_o$12174 [2]
    13/14: $u_core.u_data_mem.u_data_pma.memory_attr_o$12173 [5]
    14/14: $u_core.u_data_mem.u_data_pma.memory_attr_o$12174 [1:0]
Creating decoders for process `\riscv32_core_reset_boundary.$231'.
     1/14: $u_core.u_icache.u_riscv32_pma.memory_attr_o$236 [5:3]
     2/14: $u_core.u_icache.u_riscv32_pma.memory_attr_o$235 [2]
     3/14: $u_core.u_icache.u_riscv32_pma.memory_attr_o$233 [5:4]
     4/14: $u_core.u_icache.u_riscv32_pma.memory_attr_o$233 [3:0]
     5/14: $u_core.u_icache.u_riscv32_pma.memory_attr_o$234 [4]
     6/14: $u_core.u_icache.u_riscv32_pma.memory_attr_o[5:4]$232
     7/14: $u_core.u_icache.u_riscv32_pma.memory_attr_o$234 [3:0]
     8/14: $u_core.u_icache.u_riscv32_pma.memory_attr_o$235 [4]
     9/14: $u_core.u_icache.u_riscv32_pma.memory_attr_o$235 [3]
    10/14: $u_core.u_icache.u_riscv32_pma.memory_attr_o$234 [5]
    11/14: $u_core.u_icache.u_riscv32_pma.memory_attr_o$235 [1:0]
    12/14: $u_core.u_icache.u_riscv32_pma.memory_attr_o$236 [2]
    13/14: $u_core.u_icache.u_riscv32_pma.memory_attr_o$235 [5]
    14/14: $u_core.u_icache.u_riscv32_pma.memory_attr_o$236 [1:0]
Creating decoders for process `\riscv32_core_reset_boundary.$13028'.
     1/10: $u_core.u_data_mem.gen_dcache.u_dcache.u_dcache_axi.refill_word_index_d$13035
     2/10: $u_core.u_data_mem.gen_dcache.u_dcache.u_dcache_axi.refill_state_d$13034
     3/10: $u_core.u_data_mem.gen_dcache.u_dcache.u_dcache_axi.refill_word_index_d$13037
     4/10: $u_core.u_data_mem.gen_dcache.u_dcache.u_dcache_axi.refill_state_d$13036
     5/10: $u_core.u_data_mem.gen_dcache.u_dcache.u_dcache_axi.refill_state_d$13032
     6/10: $u_core.u_data_mem.gen_dcache.u_dcache.u_dcache_axi.refill_state_d$13038
     7/10: $u_core.u_data_mem.gen_dcache.u_dcache.u_dcache_axi.refill_context_d$13031
     8/10: $u_core.u_data_mem.gen_dcache.u_dcache.u_dcache_axi.refill_state_d$13030
     9/10: $u_core.u_data_mem.gen_dcache.u_dcache.u_dcache_axi.refill_word_index_d$13040
    10/10: $u_core.u_data_mem.gen_dcache.u_dcache.u_dcache_axi.refill_context_d$13039
Creating decoders for process `\riscv32_core_reset_boundary.$170'.
     1/1: $u_core.u_ifu.pending_prediction_q$171
Creating decoders for process `\riscv32_core_reset_boundary.$155'.
     1/1: $u_core.u_ifu.fetch_entry_o[275:243]$163
Creating decoders for process `\riscv32_core_reset_boundary.$12124'.
     1/1: $u_core.u_lsu.pending_lsu_context_q$12125
Creating decoders for process `\riscv32_core_reset_boundary.$133'.
     1/3: $u_core.u_ifu.g_early_target.u_direct_target.u_branch_choice.taken_o$135
     2/3: $u_core.u_ifu.g_early_target.u_direct_target.u_branch_choice.taken_o$134
     3/3: $u_core.u_ifu.g_early_target.u_direct_target.u_branch_choice.taken_o$136
Creating decoders for process `\riscv32_core_reset_boundary.$79'.
     1/4: $99
     2/4: $95
     3/4: $91
     4/4: $87
Creating decoders for process `\riscv32_core_reset_boundary.$56'.
     1/12: $u_core.u_ifu.lookup_queue_write_index_d$75
     2/12: $u_core.u_ifu.lookup_queue_read_index_d$74
     3/12: $u_core.u_ifu.lookup_queue_entry_count_d$73
     4/12: $u_core.u_ifu.lookup_queue_write_index_d$78
     5/12: $u_core.u_ifu.lookup_queue_read_index_d$77
     6/12: $u_core.u_ifu.lookup_queue_entry_count_d$76
     7/12: $u_core.u_ifu.lookup_queue_write_index_d$63
     8/12: $u_core.u_ifu.lookup_queue_entry_count_d$61
     9/12: $u_core.u_ifu.lookup_queue_read_index_d$62
    10/12: $u_core.u_ifu.lookup_queue_entry_count_d$64
    11/12: $u_core.u_ifu.lookup_queue_write_index_d$66
    12/12: $u_core.u_ifu.lookup_queue_read_index_d$65
Creating decoders for process `\riscv32_core_reset_boundary.$42'.
     1/2: $u_core.u_ifu.lookup_queue_front_prediction$49
     2/2: $u_core.u_ifu.lookup_queue_front_request$48
Creating decoders for process `\riscv32_core_reset_boundary.$12998'.
     1/8: $u_core.u_data_mem.gen_dcache.u_dcache.u_dcache_axi.axi_manager_o[51]$13027
     2/8: $u_core.u_data_mem.gen_dcache.u_dcache.u_dcache_axi.writeback_resp_valid_o$13026
     3/8: $u_core.u_data_mem.gen_dcache.u_dcache.u_dcache_axi.writeback_resp_o$13025
     4/8: $u_core.u_data_mem.gen_dcache.u_dcache.u_dcache_axi.axi_manager_o[139:52]$13023
     5/8: $u_core.u_data_mem.gen_dcache.u_dcache.u_dcache_axi.axi_manager_o[0]$13009
     6/8: $u_core.u_data_mem.gen_dcache.u_dcache.u_dcache_axi.refill_resp_valid_o$13008
     7/8: $u_core.u_data_mem.gen_dcache.u_dcache.u_dcache_axi.refill_resp_o$13007
     8/8: $u_core.u_data_mem.gen_dcache.u_dcache.u_dcache_axi.axi_manager_o[50:1]$13005
Creating decoders for process `\riscv32_core_reset_boundary.$27'.
     1/5: $u_core.u_ifu.next_frontend_tag_d$38
     2/5: $u_core.u_ifu.predictor_fetch_pc_d$33
     3/5: $u_core.u_ifu.predictor_fetch_pc_d$34
     4/5: $u_core.u_ifu.predictor_fetch_pc_d$35
     5/5: $u_core.u_ifu.current_fetch_epoch_d$36
Creating decoders for process `\riscv32_core_reset_boundary.$12110'.
     1/6: $u_core.u_lsu.state_d$12120
     2/6: $u_core.u_lsu.state_d$12117
     3/6: $u_core.u_lsu.state_d$12115
     4/6: $u_core.u_lsu.state_d$12116
     5/6: $u_core.u_lsu.state_d$12118
     6/6: $u_core.u_lsu.state_d$12111
Creating decoders for process `\riscv32_core_reset_boundary.$12104'.
     1/5: $u_core.u_lsu.lsu_writeback_valid_o$12106
     2/5: $u_core.u_lsu.lsu_writeback_o$12105
     3/5: $u_core.u_lsu.lsu_writeback_valid_o$12109
     4/5: $u_core.u_lsu.lsu_writeback_o$12108
     5/5: $u_core.u_lsu.data_memory_resp_ready_o$12107

1.9. Executing PROC_CLEAN pass (remove empty switches from decision trees).
Found and cleaned up 5 empty switches in `\riscv32_core_reset_boundary.$12065'.
Removing empty process `riscv32_core_reset_boundary.$12065'.
Found and cleaned up 3 empty switches in `\riscv32_core_reset_boundary.$12055'.
Removing empty process `riscv32_core_reset_boundary.$12055'.
Found and cleaned up 1 empty switch in `\riscv32_core_reset_boundary.$12048'.
Removing empty process `riscv32_core_reset_boundary.$12048'.
Found and cleaned up 5 empty switches in `\riscv32_core_reset_boundary.$13261'.
Removing empty process `riscv32_core_reset_boundary.$13261'.
Found and cleaned up 5 empty switches in `\riscv32_core_reset_boundary.$12018'.
Removing empty process `riscv32_core_reset_boundary.$12018'.
Found and cleaned up 17 empty switches in `\riscv32_core_reset_boundary.$13145'.
Removing empty process `riscv32_core_reset_boundary.$13145'.
Found and cleaned up 3 empty switches in `\riscv32_core_reset_boundary.$13126'.
Removing empty process `riscv32_core_reset_boundary.$13126'.
Found and cleaned up 1 empty switch in `\riscv32_core_reset_boundary.$12001'.
Removing empty process `riscv32_core_reset_boundary.$12001'.
Found and cleaned up 3 empty switches in `\riscv32_core_reset_boundary.$11998'.
Removing empty process `riscv32_core_reset_boundary.$11998'.
Found and cleaned up 1 empty switch in `\riscv32_core_reset_boundary.$11991'.
Removing empty process `riscv32_core_reset_boundary.$11991'.
Found and cleaned up 33 empty switches in `\riscv32_core_reset_boundary.$12896'.
Removing empty process `riscv32_core_reset_boundary.$12896'.
Found and cleaned up 13 empty switches in `\riscv32_core_reset_boundary.$12831'.
Removing empty process `riscv32_core_reset_boundary.$12831'.
Found and cleaned up 7 empty switches in `\riscv32_core_reset_boundary.$11950'.
Removing empty process `riscv32_core_reset_boundary.$11950'.
Found and cleaned up 1 empty switch in `\riscv32_core_reset_boundary.$11944'.
Removing empty process `riscv32_core_reset_boundary.$11944'.
Found and cleaned up 1 empty switch in `\riscv32_core_reset_boundary.$11932'.
Removing empty process `riscv32_core_reset_boundary.$11932'.
Found and cleaned up 1 empty switch in `\riscv32_core_reset_boundary.$11924'.
Removing empty process `riscv32_core_reset_boundary.$11924'.
Found and cleaned up 1 empty switch in `\riscv32_core_reset_boundary.$11912'.
Removing empty process `riscv32_core_reset_boundary.$11912'.
Found and cleaned up 1 empty switch in `\riscv32_core_reset_boundary.$11905'.
Removing empty process `riscv32_core_reset_boundary.$11905'.
Found and cleaned up 3 empty switches in `\riscv32_core_reset_boundary.$11889'.
Removing empty process `riscv32_core_reset_boundary.$11889'.
Found and cleaned up 1 empty switch in `\riscv32_core_reset_boundary.$11887'.
Removing empty process `riscv32_core_reset_boundary.$11887'.
Found and cleaned up 21 empty switches in `\riscv32_core_reset_boundary.$11857'.
Removing empty process `riscv32_core_reset_boundary.$11857'.
Found and cleaned up 7 empty switches in `\riscv32_core_reset_boundary.$12809'.
Removing empty process `riscv32_core_reset_boundary.$12809'.
Found and cleaned up 7 empty switches in `\riscv32_core_reset_boundary.$11639'.
Removing empty process `riscv32_core_reset_boundary.$11639'.
Found and cleaned up 3 empty switches in `\riscv32_core_reset_boundary.$11627'.
Removing empty process `riscv32_core_reset_boundary.$11627'.
Found and cleaned up 1 empty switch in `\riscv32_core_reset_boundary.$12770'.
Removing empty process `riscv32_core_reset_boundary.$12770'.
Found and cleaned up 1 empty switch in `\riscv32_core_reset_boundary.$12759'.
Removing empty process `riscv32_core_reset_boundary.$12759'.
Found and cleaned up 1 empty switch in `\riscv32_core_reset_boundary.$11616'.
Removing empty process `riscv32_core_reset_boundary.$11616'.
Found and cleaned up 1 empty switch in `\riscv32_core_reset_boundary.$13191'.
Removing empty process `riscv32_core_reset_boundary.$13191'.
Found and cleaned up 7 empty switches in `\riscv32_core_reset_boundary.$11594'.
Removing empty process `riscv32_core_reset_boundary.$11594'.
Found and cleaned up 3 empty switches in `\riscv32_core_reset_boundary.$13188'.
Removing empty process `riscv32_core_reset_boundary.$13188'.
Found and cleaned up 7 empty switches in `\riscv32_core_reset_boundary.$11572'.
Removing empty process `riscv32_core_reset_boundary.$11572'.
Found and cleaned up 1 empty switch in `\riscv32_core_reset_boundary.$11563'.
Removing empty process `riscv32_core_reset_boundary.$11563'.
Removing empty process `riscv32_core_reset_boundary.$11560'.
Found and cleaned up 1 empty switch in `\riscv32_core_reset_boundary.$11554'.
Removing empty process `riscv32_core_reset_boundary.$11554'.
Found and cleaned up 57 empty switches in `\riscv32_core_reset_boundary.$11423'.
Removing empty process `riscv32_core_reset_boundary.$11423'.
Found and cleaned up 1 empty switch in `\riscv32_core_reset_boundary.$13181'.
Removing empty process `riscv32_core_reset_boundary.$13181'.
Found and cleaned up 11 empty switches in `\riscv32_core_reset_boundary.$12729'.
Removing empty process `riscv32_core_reset_boundary.$12729'.
Found and cleaned up 3 empty switches in `\riscv32_core_reset_boundary.$12696'.
Removing empty process `riscv32_core_reset_boundary.$12696'.
Found and cleaned up 11 empty switches in `\riscv32_core_reset_boundary.$11394'.
Removing empty process `riscv32_core_reset_boundary.$11394'.
Found and cleaned up 1 empty switch in `\riscv32_core_reset_boundary.$11381'.
Removing empty process `riscv32_core_reset_boundary.$11381'.
Found and cleaned up 9 empty switches in `\riscv32_core_reset_boundary.$13225'.
Removing empty process `riscv32_core_reset_boundary.$13225'.
Found and cleaned up 1 empty switch in `\riscv32_core_reset_boundary.$12666'.
Removing empty process `riscv32_core_reset_boundary.$12666'.
Found and cleaned up 1 empty switch in `\riscv32_core_reset_boundary.$12652'.
Removing empty process `riscv32_core_reset_boundary.$12652'.
Found and cleaned up 5 empty switches in `\riscv32_core_reset_boundary.$11353'.
Removing empty process `riscv32_core_reset_boundary.$11353'.
Found and cleaned up 7 empty switches in `\riscv32_core_reset_boundary.$11337'.
Removing empty process `riscv32_core_reset_boundary.$11337'.
Found and cleaned up 4 empty switches in `\riscv32_core_reset_boundary.$11331'.
Removing empty process `riscv32_core_reset_boundary.$11331'.
Found and cleaned up 1 empty switch in `\riscv32_core_reset_boundary.$11325'.
Removing empty process `riscv32_core_reset_boundary.$11325'.
Found and cleaned up 3 empty switches in `\riscv32_core_reset_boundary.$12636'.
Removing empty process `riscv32_core_reset_boundary.$12636'.
Found and cleaned up 9 empty switches in `\riscv32_core_reset_boundary.$11305'.
Removing empty process `riscv32_core_reset_boundary.$11305'.
Found and cleaned up 5 empty switches in `\riscv32_core_reset_boundary.$11299'.
Removing empty process `riscv32_core_reset_boundary.$11299'.
Found and cleaned up 3 empty switches in `\riscv32_core_reset_boundary.$11290'.
Removing empty process `riscv32_core_reset_boundary.$11290'.
Found and cleaned up 5 empty switches in `\riscv32_core_reset_boundary.$11235'.
Removing empty process `riscv32_core_reset_boundary.$11235'.
Found and cleaned up 1 empty switch in `\riscv32_core_reset_boundary.$11207'.
Removing empty process `riscv32_core_reset_boundary.$11207'.
Found and cleaned up 9 empty switches in `\riscv32_core_reset_boundary.$11148'.
Removing empty process `riscv32_core_reset_boundary.$11148'.
Found and cleaned up 3 empty switches in `\riscv32_core_reset_boundary.$12618'.
Removing empty process `riscv32_core_reset_boundary.$12618'.
Found and cleaned up 3 empty switches in `\riscv32_core_reset_boundary.$11108'.
Removing empty process `riscv32_core_reset_boundary.$11108'.
Found and cleaned up 5 empty switches in `\riscv32_core_reset_boundary.$12557'.
Removing empty process `riscv32_core_reset_boundary.$12557'.
Found and cleaned up 1 empty switch in `\riscv32_core_reset_boundary.$11090'.
Removing empty process `riscv32_core_reset_boundary.$11090'.
Found and cleaned up 3 empty switches in `\riscv32_core_reset_boundary.$11089'.
Removing empty process `riscv32_core_reset_boundary.$11089'.
Found and cleaned up 1 empty switch in `\riscv32_core_reset_boundary.$11064'.
Removing empty process `riscv32_core_reset_boundary.$11064'.
Found and cleaned up 20 empty switches in `\riscv32_core_reset_boundary.$12472'.
Removing empty process `riscv32_core_reset_boundary.$12472'.
Found and cleaned up 1 empty switch in `\riscv32_core_reset_boundary.$11040'.
Removing empty process `riscv32_core_reset_boundary.$11040'.
Found and cleaned up 7 empty switches in `\riscv32_core_reset_boundary.$11029'.
Removing empty process `riscv32_core_reset_boundary.$11029'.
Found and cleaned up 3 empty switches in `\riscv32_core_reset_boundary.$12346'.
Removing empty process `riscv32_core_reset_boundary.$12346'.
Found and cleaned up 9 empty switches in `\riscv32_core_reset_boundary.$12271'.
Removing empty process `riscv32_core_reset_boundary.$12271'.
Found and cleaned up 3 empty switches in `\riscv32_core_reset_boundary.$12256'.
Removing empty process `riscv32_core_reset_boundary.$12256'.
Found and cleaned up 3 empty switches in `\riscv32_core_reset_boundary.$13250'.
Removing empty process `riscv32_core_reset_boundary.$13250'.
Found and cleaned up 1 empty switch in `\riscv32_core_reset_boundary.$12251'.
Removing empty process `riscv32_core_reset_boundary.$12251'.
Found and cleaned up 15 empty switches in `\riscv32_core_reset_boundary.$10951'.
Removing empty process `riscv32_core_reset_boundary.$10951'.
Found and cleaned up 3 empty switches in `\riscv32_core_reset_boundary.$12248'.
Removing empty process `riscv32_core_reset_boundary.$12248'.
Found and cleaned up 1 empty switch in `\riscv32_core_reset_boundary.$10916'.
Removing empty process `riscv32_core_reset_boundary.$10916'.
Found and cleaned up 1 empty switch in `\riscv32_core_reset_boundary.$10895'.
Removing empty process `riscv32_core_reset_boundary.$10895'.
Found and cleaned up 1 empty switch in `\riscv32_core_reset_boundary.$10883'.
Removing empty process `riscv32_core_reset_boundary.$10883'.
Found and cleaned up 7 empty switches in `\riscv32_core_reset_boundary.$10863'.
Removing empty process `riscv32_core_reset_boundary.$10863'.
Found and cleaned up 103 empty switches in `\riscv32_core_reset_boundary.$9692'.
Removing empty process `riscv32_core_reset_boundary.$9692'.
Found and cleaned up 281 empty switches in `\riscv32_core_reset_boundary.$9058'.
Removing empty process `riscv32_core_reset_boundary.$9058'.
Found and cleaned up 7 empty switches in `\riscv32_core_reset_boundary.$13292'.
Removing empty process `riscv32_core_reset_boundary.$13292'.
Found and cleaned up 9 empty switches in `\riscv32_core_reset_boundary.$8789'.
Removing empty process `riscv32_core_reset_boundary.$8789'.
Found and cleaned up 7 empty switches in `\riscv32_core_reset_boundary.$8740'.
Removing empty process `riscv32_core_reset_boundary.$8740'.
Found and cleaned up 8193 empty switches in `\riscv32_core_reset_boundary.$523'.
Removing empty process `riscv32_core_reset_boundary.$523'.
Found and cleaned up 15 empty switches in `\riscv32_core_reset_boundary.$13041'.
Removing empty process `riscv32_core_reset_boundary.$13041'.
Found and cleaned up 5 empty switches in `\riscv32_core_reset_boundary.$12227'.
Removing empty process `riscv32_core_reset_boundary.$12227'.
Found and cleaned up 1 empty switch in `\riscv32_core_reset_boundary.$458'.
Removing empty process `riscv32_core_reset_boundary.$458'.
Found and cleaned up 1 empty switch in `\riscv32_core_reset_boundary.$12195'.
Removing empty process `riscv32_core_reset_boundary.$12195'.
Found and cleaned up 1 empty switch in `\riscv32_core_reset_boundary.$12193'.
Removing empty process `riscv32_core_reset_boundary.$12193'.
Found and cleaned up 3 empty switches in `\riscv32_core_reset_boundary.$337'.
Removing empty process `riscv32_core_reset_boundary.$337'.
Found and cleaned up 1 empty switch in `\riscv32_core_reset_boundary.$267'.
Removing empty process `riscv32_core_reset_boundary.$267'.
Found and cleaned up 1 empty switch in `\riscv32_core_reset_boundary.$253'.
Removing empty process `riscv32_core_reset_boundary.$253'.
Found and cleaned up 5 empty switches in `\riscv32_core_reset_boundary.$241'.
Removing empty process `riscv32_core_reset_boundary.$241'.
Found and cleaned up 5 empty switches in `\riscv32_core_reset_boundary.$12175'.
Removing empty process `riscv32_core_reset_boundary.$12175'.
Found and cleaned up 9 empty switches in `\riscv32_core_reset_boundary.$12169'.
Removing empty process `riscv32_core_reset_boundary.$12169'.
Found and cleaned up 9 empty switches in `\riscv32_core_reset_boundary.$231'.
Removing empty process `riscv32_core_reset_boundary.$231'.
Found and cleaned up 9 empty switches in `\riscv32_core_reset_boundary.$13028'.
Removing empty process `riscv32_core_reset_boundary.$13028'.
Found and cleaned up 1 empty switch in `\riscv32_core_reset_boundary.$170'.
Removing empty process `riscv32_core_reset_boundary.$170'.
Found and cleaned up 1 empty switch in `\riscv32_core_reset_boundary.$155'.
Removing empty process `riscv32_core_reset_boundary.$155'.
Found and cleaned up 1 empty switch in `\riscv32_core_reset_boundary.$12124'.
Removing empty process `riscv32_core_reset_boundary.$12124'.
Found and cleaned up 4 empty switches in `\riscv32_core_reset_boundary.$133'.
Removing empty process `riscv32_core_reset_boundary.$133'.
Found and cleaned up 1 empty switch in `\riscv32_core_reset_boundary.$79'.
Removing empty process `riscv32_core_reset_boundary.$79'.
Found and cleaned up 7 empty switches in `\riscv32_core_reset_boundary.$56'.
Removing empty process `riscv32_core_reset_boundary.$56'.
Found and cleaned up 1 empty switch in `\riscv32_core_reset_boundary.$42'.
Removing empty process `riscv32_core_reset_boundary.$42'.
Found and cleaned up 7 empty switches in `\riscv32_core_reset_boundary.$12998'.
Removing empty process `riscv32_core_reset_boundary.$12998'.
Found and cleaned up 7 empty switches in `\riscv32_core_reset_boundary.$27'.
Removing empty process `riscv32_core_reset_boundary.$27'.
Found and cleaned up 11 empty switches in `\riscv32_core_reset_boundary.$12110'.
Removing empty process `riscv32_core_reset_boundary.$12110'.
Found and cleaned up 3 empty switches in `\riscv32_core_reset_boundary.$12104'.
Removing empty process `riscv32_core_reset_boundary.$12104'.
Cleaned up 9114 empty switches.

1.10. Executing OPT_EXPR pass (perform const folding).
Optimizing module riscv32_core_reset_boundary.
<suppressed ~658 debug messages>

2. Executing HIERARCHY pass (managing design hierarchy).

2.1. Analyzing design hierarchy..
Top module:  \riscv32_core_reset_boundary

2.2. Analyzing design hierarchy..
Top module:  \riscv32_core_reset_boundary
Removed 0 unused modules.

3. Printing statistics.

=== riscv32_core_reset_boundary ===

        +----------Local Count, excluding submodules.
        |
    75305 wires
   245698 wire bits
     1358 public wires
    52209 public wire bits
        7 ports
      383 port bits
       21 memories
     7402 memory bits
    47217 cells
       82   $add
      100   $aldff
       10   $and
       53   $bmux
        5   $bwmux
       25   $demux
      256   $dff
     8192   $dlatch
      804   $eq
      105   $ge
       12   $gt
       22   $le
      578   $logic_and
      516   $logic_not
      217   $logic_or
       32   $lt
      247   $memrd_v2
      419   $memwr_v2
       13   $mul
    35192   $mux
       22   $ne
        2   $neg
       78   $not
        8   $or
      105   $pmux
        1   $reduce_and
       63   $reduce_bool
       21   $reduce_or
        1   $shift
        3   $shiftx
       14   $shl
        4   $shr
        2   $sshr
       10   $sub
        3   $xor

End of script. Logfile hash: 421e5cddbd, CPU: user 11.26s system 0.17s, MEM: 146.02 MB peak
Yosys 0.60+70 (git sha1 8101c87fa, clang++ 18.1.8 -fPIC -O3)
Time spent: 92% 1x proc_mux (10 sec), 3% 2x read_slang (0 sec), ...
