Generate the report at 2026-09-19T15:34:57, GitVersion: aa25008b3778a76ae1975c839d4cc459f7f7b3b7.
+----------------------------------------------------------------------------------------------+--------------------------+------------+------------+---------------+-------+-------+-----------+
| Endpoint                                                                                     | Clock Group              | Delay Type | Path Delay | Path Required | CPPR  | Slack | Freq(MHz) |
+----------------------------------------------------------------------------------------------+--------------------------+------------+------------+---------------+-------+-------+-----------+
| data_axi4_manager_o_27_                                                                      | core_clock               | max        | 1.328r     | 1.481         | 0.000 | 0.153 | 588.917   |
| data_axi4_manager_o_40_                                                                      | core_clock               | max        | 1.328r     | 1.481         | 0.000 | 0.153 | 588.917   |
| data_axi4_manager_o_50_                                                                      | core_clock               | max        | 1.328r     | 1.481         | 0.000 | 0.153 | 588.917   |
| data_axi4_manager_o_116_                                                                     | core_clock               | max        | 1.328r     | 1.481         | 0.000 | 0.153 | 588.917   |
| data_axi4_manager_o_139_                                                                     | core_clock               | max        | 1.328r     | 1.481         | 0.000 | 0.153 | 588.917   |
| u_core.u_ifu.lookup_queue_entry_count_q_0__reg_p_CK_CLKGATE_X1_GCK:E                         | **clock_gating_default** | max        | 1.588f     | 1.799         | 0.000 | 0.211 | NA        |
| u_core.u_ifu.predictor_fetch_pc_d_2__OAI221_X1_ZN_B2_CLKGATE_X1_E:E                          | **clock_gating_default** | max        | 1.574f     | 1.798         | 0.000 | 0.224 | NA        |
| u_core.u_ifu.lookup_queue_entry_count_q_0__reg_p_CK_CLKGATE_X1_GCK:E                         | **clock_gating_default** | max        | 1.571r     | 1.798         | 0.000 | 0.227 | NA        |
| u_core.u_ifu.lookup_queue_write_index_q_reg_p_CK_CLKGATE_X1_GCK:E                            | **clock_gating_default** | max        | 1.560r     | 1.797         | 0.000 | 0.237 | NA        |
| u_core.u_ifu.predictor_fetch_pc_d_15__NAND3_X1_ZN_A1_AOI22_X1_ZN_B2_CLKGATE_X1_E:E           | **clock_gating_default** | max        | 1.554r     | 1.800         | 0.000 | 0.247 | NA        |
| u_core.u_lsu.memory_writeback_134__reg_p:D                                                   | core_clock               | min        | 0.066r     | 0.007         | 0.000 | 0.059 | NA        |
| u_core.u_lsu.memory_writeback_134__reg_p:D                                                   | core_clock               | min        | 0.066r     | 0.007         | 0.000 | 0.059 | NA        |
| u_core.u_ifu.lookup_queue_read_index_q_reg_p:D                                               | core_clock               | min        | 0.066r     | 0.006         | 0.000 | 0.060 | NA        |
| u_core.next_pc_predictor_lookup_request_epoch_0__reg_p:D                                     | core_clock               | min        | 0.066r     | 0.006         | 0.000 | 0.060 | NA        |
| u_core.next_pc_predictor_lookup_request_epoch_0__reg_p:D                                     | core_clock               | min        | 0.066r     | 0.006         | 0.000 | 0.060 | NA        |
| u_core.u_data_mem.gen_dcache.u_dcache.refill_req_ready_reg_p_QN_NOR4_X1_A3_ZN_CLKGATE_X1_E:E | **clock_gating_default** | min        | 0.079f     | -0.015        | 0.000 | 0.094 | NA        |
| u_core.execute_packet_valid_reg_p_QN_INV_X1_A_ZN_OAI211_X1_A_ZN_CLKGATE_X1_E:E               | **clock_gating_default** | min        | 0.103r     | -0.001        | 0.000 | 0.104 | NA        |
| u_core.decoded_execute_packet_ready_CLKGATE_X1_E:E                                           | **clock_gating_default** | min        | 0.107r     | -0.000        | 0.000 | 0.107 | NA        |
| u_core.u_csr_file.u_pmu.mcycle_inhibit_q_AOI22_X1_A2_ZN_CLKGATE_X1_E:E                       | **clock_gating_default** | min        | 0.112r     | -0.001        | 0.000 | 0.113 | NA        |
| u_core.u_ifu.lookup_queue_write_index_q_reg_p_QN_AND4_X1_A1_ZN_CLKGATE_X1_E:E                | **clock_gating_default** | min        | 0.097f     | -0.016        | 0.000 | 0.113 | NA        |
+----------------------------------------------------------------------------------------------+--------------------------+------------+------------+---------------+-------+-------+-----------+
+------------+------------+-------+
| Clock      | Delay Type | TNS   |
+------------+------------+-------+
| core_clock | max        | 0.000 |
| core_clock | min        | 0.000 |
+------------+------------+-------+
+-----------------------------------------------------------------------------------------------------------------------------------------------------------------------------------------------------------------------+--------+-------------+------------+------------+-------------+--------+-----------------+
| Point                                                                                                                                                                                                                 | Fanout | Capacitance | Resistance | Transition | Delta Delay | Incr   | Path            |
+-----------------------------------------------------------------------------------------------------------------------------------------------------------------------------------------------------------------------+--------+-------------+------------+------------+-------------+--------+-----------------+
| clk_i (port)                                                                                                                                                                                                          |        | 0.938       | 0.000      | 0.100      |             | 0.000  | 0.000r          |
| clk_i (clock net)                                                                                                                                                                                                     | 550    |             |            |            | NA          |        |                 |
| u_core.u_lsu.lsu_req_handshake_CLKGATE_X1_E:CK (CLKGATE_X1)                                                                                                                                                           |        | 0.002       | 0.000      | 0.000      |             | 0.000  | 0.000r          |
| u_core.u_lsu.lsu_req_handshake_CLKGATE_X1_E:GCK (CLKGATE_X1)                                                                                                                                                          |        | 0.164       | 0.000      | 0.000      |             | 0.000  | 0.000r          |
| u_core.lsu_pending_rd_0__reg_p_CK (clock net)                                                                                                                                                                         | 173    |             |            |            | NA          |        |                 |
| u_core.u_lsu.memory_writeback_256__reg_p:CK (DFF_X1)                                                                                                                                                                  |        | 0.001       | 0.000      | 0.000      |             | 0.000  | 0.000r          |
| clock core_clock (rise edge)                                                                                                                                                                                          |        |             |            |            |             | 0      | 0               |
| clock network delay (ideal)                                                                                                                                                                                           |        |             |            |            |             | 0.000  | 0.000           |
| u_core.u_lsu.memory_writeback_256__reg_p:CK (DFF_X1)                                                                                                                                                                  |        | 0.001       | 0.000      | 0.000      |             | 0.000  | 0.000r          |
| u_core.u_lsu.memory_writeback_256__reg_p:Q (DFF_X1)                                                                                                                                                                   |        | 0.023       | 0.000      | 0.057      |             | 0.136  | 0.136r          |
| u_core.u_lsu.memory_writeback_256_ (net)                                                                                                                                                                              | 14     |             |            |            | 0.000       |        |                 |
| u_core.u_lsu.memory_writeback_255__NOR3_X1_A3_A1_INV_X1_ZN:A (INV_X1)                                                                                                                                                 |        | 0.002       | 0.000      | 0.057      |             | 0.000  | 0.136r          |
| u_core.u_lsu.memory_writeback_255__NOR3_X1_A3_A1_INV_X1_ZN:ZN (INV_X1)                                                                                                                                                |        | 0.004       | 0.000      | 0.017      |             | 0.020  | 0.156f          |
| u_core.u_lsu.memory_writeback_255__NOR3_X1_A3_A1 (net)                                                                                                                                                                | 3      |             |            |            | 0.000       |        |                 |
| u_core.execute_packet_157__OAI21_X1_B2_A_NAND2_X1_ZN:A1 (NAND2_X1)                                                                                                                                                    |        | 0.002       | 0.000      | 0.017      |             | 0.000  | 0.156f          |
| u_core.execute_packet_157__OAI21_X1_B2_A_NAND2_X1_ZN:ZN (NAND2_X1)                                                                                                                                                    |        | 0.003       | 0.000      | 0.017      |             | 0.024  | 0.180r          |
| u_core.execute_packet_157__OAI21_X1_B2_A (net)                                                                                                                                                                        | 2      |             |            |            | 0.000       |        |                 |
| u_core.execute_packet_157__OAI21_X1_B2:A (OAI21_X1)                                                                                                                                                                   |        | 0.002       | 0.000      | 0.017      |             | 0.000  | 0.180r          |
| u_core.execute_packet_157__OAI21_X1_B2:ZN (OAI21_X1)                                                                                                                                                                  |        | 0.006       | 0.000      | 0.026      |             | 0.032  | 0.212f          |
| u_core.execute_packet_157__OAI21_X1_B2_ZN (net)                                                                                                                                                                       | 4      |             |            |            | 0.000       |        |                 |
| u_core.execute_packet_157__OAI21_X1_B2_ZN_INV_X1_A:A (INV_X1)                                                                                                                                                         |        | 0.002       | 0.000      | 0.026      |             | 0.000  | 0.212f          |
| u_core.execute_packet_157__OAI21_X1_B2_ZN_INV_X1_A:ZN (INV_X1)                                                                                                                                                        |        | 0.035       | 0.000      | 0.085      |             | 0.104  | 0.316r          |
| u_core.data_memory_req_40_ (net)                                                                                                                                                                                      | 23     |             |            |            | 0.000       |        |                 |
| u_core.data_memory_req_5__OAI22_X1_ZN_B1_OAI211_X1_ZN_C2_OR2_X1_ZN:A2 (OR2_X1)                                                                                                                                        |        | 0.001       | 0.000      | 0.085      |             | 0.000  | 0.316r          |
| u_core.data_memory_req_5__OAI22_X1_ZN_B1_OAI211_X1_ZN_C2_OR2_X1_ZN:ZN (OR2_X1)                                                                                                                                        |        | 0.006       | 0.000      | 0.020      |             | 0.052  | 0.368r          |
| u_core.data_memory_req_5__OAI22_X1_ZN_B1_OAI211_X1_ZN_C2 (net)                                                                                                                                                        | 4      |             |            |            | 0.000       |        |                 |
| u_core.data_memory_req_5__OAI22_X1_ZN_B1_OAI211_X1_ZN_C2_AOI22_X1_A1:A1 (AOI22_X1)                                                                                                                                    |        | 0.002       | 0.000      | 0.020      |             | 0.000  | 0.368r          |
| u_core.data_memory_req_5__OAI22_X1_ZN_B1_OAI211_X1_ZN_C2_AOI22_X1_A1:ZN (AOI22_X1)                                                                                                                                    |        | 0.003       | 0.000      | 0.018      |             | 0.022  | 0.390f          |
| u_core.data_memory_req_5__OAI22_X1_ZN_A1_OAI21_X1_B1_A (net)                                                                                                                                                          | 2      |             |            |            | 0.000       |        |                 |
| u_core.data_memory_req_5__OAI22_X1_ZN_A1_OAI21_X1_B1:A (OAI21_X1)                                                                                                                                                     |        | 0.002       | 0.000      | 0.018      |             | 0.000  | 0.390f          |
| u_core.data_memory_req_5__OAI22_X1_ZN_A1_OAI21_X1_B1:ZN (OAI21_X1)                                                                                                                                                    |        | 0.003       | 0.000      | 0.033      |             | 0.030  | 0.419r          |
| u_core.data_memory_req_5__OAI22_X1_ZN_A1_OAI21_X1_B1_ZN (net)                                                                                                                                                         | 1      |             |            |            | 0.000       |        |                 |
| u_core.data_memory_req_5__OAI22_X1_ZN_A1_OAI21_X1_B1_ZN_BUF_X4_A:A (BUF_X4)                                                                                                                                           |        | 0.003       | 0.000      | 0.033      |             | 0.000  | 0.419r          |
| u_core.data_memory_req_5__OAI22_X1_ZN_A1_OAI21_X1_B1_ZN_BUF_X4_A:Z (BUF_X4)                                                                                                                                           |        | 0.039       | 0.000      | 0.026      |             | 0.047  | 0.466r          |
| u_core.commit_39__reg_p_D_OAI33_X1_ZN_B1_OAI21_X1_ZN_A (net)                                                                                                                                                          | 24     |             |            |            | 0.000       |        |                 |
| u_core.u_lsu.pending_lsu_context_q_133__MUX2_X1_B_Z_AOI211_X1_B:A (AOI211_X1)                                                                                                                                         |        | 0.002       | 0.000      | 0.026      |             | 0.000  | 0.466r          |
| u_core.u_lsu.pending_lsu_context_q_133__MUX2_X1_B_Z_AOI211_X1_B:ZN (AOI211_X1)                                                                                                                                        |        | 0.001       | 0.000      | 0.022      |             | 0.017  | 0.483f          |
| u_core.u_lsu.pending_lsu_context_q_133__MUX2_X1_B_Z_AOI211_X1_B_ZN (net)                                                                                                                                              | 1      |             |            |            | 0.000       |        |                 |
| u_core.u_lsu.pending_lsu_context_q_133__MUX2_X1_B_Z_AOI211_X1_B_ZN_BUF_X1_A:A (BUF_X1)                                                                                                                                |        | 0.001       | 0.000      | 0.022      |             | 0.000  | 0.483f          |
| u_core.u_lsu.pending_lsu_context_q_133__MUX2_X1_B_Z_AOI211_X1_B_ZN_BUF_X1_A:Z (BUF_X1)                                                                                                                                |        | 0.011       | 0.000      | 0.015      |             | 0.047  | 0.531f          |
| u_core.resolved_execute_result_179__OAI221_X1_A_C1 (net)                                                                                                                                                              | 8      |             |            |            | 0.000       |        |                 |
| u_core.u_data_mem.gen_dcache.u_dcache.u_dcache_axi.writeback_req_i_14__reg_p_D_OAI22_X1_ZN_B2_MUX2_X1_Z_B_AOI21_X1_B2_ZN_NAND4_X1_A1_ZN_OR4_X1_A1_ZN_OAI22_X1_B1_ZN_AOI21_X1_B1_ZN_OAI22_X1_B1:A2 (OAI22_X1)          |        | 0.002       | 0.000      | 0.015      |             | 0.000  | 0.531f          |
| u_core.u_data_mem.gen_dcache.u_dcache.u_dcache_axi.writeback_req_i_14__reg_p_D_OAI22_X1_ZN_B2_MUX2_X1_Z_B_AOI21_X1_B2_ZN_NAND4_X1_A1_ZN_OR4_X1_A1_ZN_OAI22_X1_B1_ZN_AOI21_X1_B1_ZN_OAI22_X1_B1:ZN (OAI22_X1)          |        | 0.002       | 0.000      | 0.031      |             | 0.036  | 0.567r          |
| u_core.u_data_mem.gen_dcache.u_dcache.u_dcache_axi.writeback_req_i_14__reg_p_D_OAI22_X1_ZN_B2_MUX2_X1_Z_B_AOI21_X1_B2_ZN_NAND4_X1_A1_ZN_OR4_X1_A1_ZN_OAI22_X1_B1_ZN_AOI21_X1_B1_ZN_OAI22_X1_B1_ZN (net)               | 1      |             |            |            | 0.000       |        |                 |
| u_core.u_data_mem.gen_dcache.u_dcache.u_dcache_axi.writeback_req_i_14__reg_p_D_OAI22_X1_ZN_B2_MUX2_X1_Z_B_AOI21_X1_B2_ZN_NAND4_X1_A1_ZN_OR4_X1_A1_ZN_OAI22_X1_B1_ZN_AOI21_X1_B1_ZN_OAI22_X1_B1_ZN_BUF_X2_A:A (BUF_X2) |        | 0.002       | 0.000      | 0.031      |             | 0.000  | 0.567r          |
| u_core.u_data_mem.gen_dcache.u_dcache.u_dcache_axi.writeback_req_i_14__reg_p_D_OAI22_X1_ZN_B2_MUX2_X1_Z_B_AOI21_X1_B2_ZN_NAND4_X1_A1_ZN_OR4_X1_A1_ZN_OAI22_X1_B1_ZN_AOI21_X1_B1_ZN_OAI22_X1_B1_ZN_BUF_X2_A:Z (BUF_X2) |        | 0.036       | 0.000      | 0.045      |             | 0.068  | 0.634r          |
| u_core.completion_result_415__MUX2_X1_Z_S (net)                                                                                                                                                                       | 23     |             |            |            | 0.000       |        |                 |
| u_core.commit_39__reg_p_D_OAI33_X1_ZN_A3_AND2_X1_ZN_A1_AOI21_X1_B1_ZN_OAI21_X1_A_1_ZN_AND3_X1_A3:A1 (AND3_X1)                                                                                                         |        | 0.001       | 0.000      | 0.045      |             | 0.000  | 0.634r          |
| u_core.commit_39__reg_p_D_OAI33_X1_ZN_A3_AND2_X1_ZN_A1_AOI21_X1_B1_ZN_OAI21_X1_A_1_ZN_AND3_X1_A3:ZN (AND3_X1)                                                                                                         |        | 0.002       | 0.000      | 0.011      |             | 0.054  | 0.688r          |
| u_core.commit_39__reg_p_D_OAI33_X1_ZN_A3_AND2_X1_ZN_A1_AOI21_X1_B1_ZN_OAI21_X1_A_1_ZN_AND3_X1_A3_ZN (net)                                                                                                             | 1      |             |            |            | 0.000       |        |                 |
| u_core.commit_39__reg_p_D_OAI33_X1_ZN_A3_AND2_X1_ZN_A1_AOI21_X1_B1_ZN_OAI21_X1_A_1_ZN_AND3_X1_A3_ZN_BUF_X2_A:A (BUF_X2)                                                                                               |        | 0.002       | 0.000      | 0.011      |             | 0.000  | 0.688r          |
| u_core.commit_39__reg_p_D_OAI33_X1_ZN_A3_AND2_X1_ZN_A1_AOI21_X1_B1_ZN_OAI21_X1_A_1_ZN_AND3_X1_A3_ZN_BUF_X2_A:Z (BUF_X2)                                                                                               |        | 0.036       | 0.000      | 0.045      |             | 0.063  | 0.751r          |
| u_core.completion_result_233__AOI21_X1_ZN_A (net)                                                                                                                                                                     | 23     |             |            |            | 0.000       |        |                 |
| u_core.resolved_execute_result_208__OAI21_X1_B2_ZN_OAI21_X1_A:B1 (OAI21_X1)                                                                                                                                           |        | 0.002       | 0.000      | 0.045      |             | 0.000  | 0.751r          |
| u_core.resolved_execute_result_208__OAI21_X1_B2_ZN_OAI21_X1_A:ZN (OAI21_X1)                                                                                                                                           |        | 0.005       | 0.000      | 0.020      |             | 0.031  | 0.782f          |
| u_core.execute_packet_valid_reg_p_QN_NOR2_X1_A2_A1 (net)                                                                                                                                                              | 3      |             |            |            | 0.000       |        |                 |
| u_core.execute_packet_valid_reg_p_QN_NOR2_X1_A2:A1 (NOR2_X1)                                                                                                                                                          |        | 0.002       | 0.000      | 0.020      |             | 0.000  | 0.782f          |
| u_core.execute_packet_valid_reg_p_QN_NOR2_X1_A2:ZN (NOR2_X1)                                                                                                                                                          |        | 0.004       | 0.000      | 0.031      |             | 0.045  | 0.827r          |
| u_core.u_lsu.state_d_0__AND4_X1_ZN_A2 (net)                                                                                                                                                                           | 4      |             |            |            | 0.000       |        |                 |
| u_core.u_lsu.state_d_0__AND4_X1_ZN_A4_NAND4_X1_A2:A3 (NAND4_X1)                                                                                                                                                       |        | 0.002       | 0.000      | 0.031      |             | 0.000  | 0.827r          |
| u_core.u_lsu.state_d_0__AND4_X1_ZN_A4_NAND4_X1_A2:ZN (NAND4_X1)                                                                                                                                                       |        | 0.003       | 0.000      | 0.045      |             | 0.039  | 0.867f          |
| u_core.u_lsu.state_d_0__AND4_X1_ZN_A4_NAND4_X1_A2_ZN (net)                                                                                                                                                            | 2      |             |            |            | 0.000       |        |                 |
| u_core.u_lsu.state_d_0__AND4_X1_ZN_A4_NAND4_X1_A2_ZN_AOI21_X1_B1:B1 (AOI21_X1)                                                                                                                                        |        | 0.002       | 0.000      | 0.045      |             | 0.000  | 0.867f          |
| u_core.u_lsu.state_d_0__AND4_X1_ZN_A4_NAND4_X1_A2_ZN_AOI21_X1_B1:ZN (AOI21_X1)                                                                                                                                        |        | 0.011       | 0.000      | 0.070      |             | 0.094  | 0.961r          |
| u_core.u_lsu.state_d_0__AND4_X1_ZN_A4_NAND4_X1_A2_ZN_AOI21_X1_B1_ZN (net)                                                                                                                                             | 7      |             |            |            | 0.000       |        |                 |
| u_core.u_lsu.memory_writeback_91__reg_p_QN_NAND2_X1_A1_ZN_AOI211_X1_C2_ZN_NAND3_X1_A2_ZN_OAI211_X1_B_ZN_AOI221_X1_B1_ZN_NAND3_X1_A2_ZN_NAND4_X1_A1:A2 (NAND4_X1)                                                      |        | 0.002       | 0.000      | 0.070      |             | 0.000  | 0.961r          |
| u_core.u_lsu.memory_writeback_91__reg_p_QN_NAND2_X1_A1_ZN_AOI211_X1_C2_ZN_NAND3_X1_A2_ZN_OAI211_X1_B_ZN_AOI221_X1_B1_ZN_NAND3_X1_A2_ZN_NAND4_X1_A1:ZN (NAND4_X1)                                                      |        | 0.023       | 0.000      | 0.087      |             | 0.130  | 1.091f          |
| u_core.u_data_mem.u_uncached_axi.state_q_3__reg_p_D_AOI21_X1_ZN_B1_AOI21_X1_ZN_B1 (net)                                                                                                                               | 15     |             |            |            | 0.000       |        |                 |
| u_core.u_data_mem.u_uncached_axi.state_q_3__reg_p_D_AOI21_X1_ZN_B1_AOI21_X1_ZN_B1_INV_X2_A:A (INV_X2)                                                                                                                 |        | 0.003       | 0.000      | 0.087      |             | 0.000  | 1.091f          |
| u_core.u_data_mem.u_uncached_axi.state_q_3__reg_p_D_AOI21_X1_ZN_B1_AOI21_X1_ZN_B1_INV_X2_A:ZN (INV_X2)                                                                                                                |        | 0.036       | 0.000      | 0.053      |             | 0.093  | 1.184r          |
| u_core.u_data_mem.u_uncached_axi.request_context_q_66__OAI221_X1_C2_B1 (net)                                                                                                                                          | 22     |             |            |            | 0.000       |        |                 |
| u_core.u_data_mem.u_uncached_axi.request_context_q_66__OAI221_X1_C2_B1_BUF_X2_A_1:A (BUF_X2)                                                                                                                          |        | 0.002       | 0.000      | 0.053      |             | 0.000  | 1.184r          |
| u_core.u_data_mem.u_uncached_axi.request_context_q_66__OAI221_X1_C2_B1_BUF_X2_A_1:Z (BUF_X2)                                                                                                                          |        | 0.038       | 0.000      | 0.046      |             | 0.072  | 1.256r          |
| u_core.u_data_mem.u_uncached_axi.request_context_q_9__OAI221_X1_C2_B1 (net)                                                                                                                                           | 24     |             |            |            | 0.000       |        |                 |
| u_core.u_data_mem.u_uncached_axi.request_context_q_50__OR2_X1_A2_ZN_OAI221_X1_A:C2 (OAI221_X1)                                                                                                                        |        | 0.002       | 0.000      | 0.046      |             | 0.000  | 1.256r          |
| u_core.u_data_mem.u_uncached_axi.request_context_q_50__OR2_X1_A2_ZN_OAI221_X1_A:ZN (OAI221_X1)                                                                                                                        |        | 0.003       | 0.000      | 0.034      |             | 0.047  | 1.303f          |
| u_core.u_data_mem.u_uncached_axi.request_context_q_50__OR2_X1_A2_ZN_OAI221_X1_A_ZN (net)                                                                                                                              | 2      |             |            |            | 0.000       |        |                 |
| u_core.u_data_mem.gen_dcache.u_dcache.u_dcache_axi.refill_context_q_12__AOI21_X1_B1_ZN_OAI21_X1_B1:A (OAI21_X1)                                                                                                       |        | 0.002       | 0.000      | 0.034      |             | 0.000  | 1.303f          |
| u_core.u_data_mem.gen_dcache.u_dcache.u_dcache_axi.refill_context_q_12__AOI21_X1_B1_ZN_OAI21_X1_B1:ZN (OAI21_X1)                                                                                                      |        | 0.000       | 0.000      | 0.014      |             | 0.025  | 1.328r          |
| data_axi4_manager_o_27_ (port)                                                                                                                                                                                        |        | 0.000       | 0.000      | 0.014      |             | 0.000  | 1.328r          |
|                                                                                                                                                                                                                       |        |             |            |            |             |        |                 |
| clk_i (port)                                                                                                                                                                                                          |        | 0.938       | 0.000      | 0.100      |             | 0.000  | 0.000r          |
| clock core_clock (rise edge)                                                                                                                                                                                          |        |             |            |            |             | 1.851  | 1.851           |
| clock network delay (ideal)                                                                                                                                                                                           |        |             |            |            |             | 0.000  | 1.851           |
| clk_i (port)                                                                                                                                                                                                          |        |             |            |            |             |        | 1.851r          |
| output external max delay time                                                                                                                                                                                        |        |             |            |            |             | -0.370 | 1.481           |
|                                                                                                                                                                                                                       |        |             |            |            |             |        |                 |
| path cell delay                                                                                                                                                                                                       |        |             |            |            |             |        | 1.328(100.000%) |
| path net delay                                                                                                                                                                                                        |        |             |            |            |             |        | 0.000(0.000%)   |
|                                                                                                                                                                                                                       |        |             |            |            |             |        |                 |
| data require time                                                                                                                                                                                                     |        |             |            |            |             |        | 1.481           |
| data arrival time                                                                                                                                                                                                     |        |             |            |            |             |        | 1.328           |
| slack (MET)                                                                                                                                                                                                           |        |             |            |            |             |        | 0.153           |
+-----------------------------------------------------------------------------------------------------------------------------------------------------------------------------------------------------------------------+--------+-------------+------------+------------+-------------+--------+-----------------+
+-----------------------------------------------------------------------------------------------------------------------------------------------------------------------------------------------------------------------+--------+-------------+------------+------------+-------------+--------+-----------------+
| Point                                                                                                                                                                                                                 | Fanout | Capacitance | Resistance | Transition | Delta Delay | Incr   | Path            |
+-----------------------------------------------------------------------------------------------------------------------------------------------------------------------------------------------------------------------+--------+-------------+------------+------------+-------------+--------+-----------------+
| clk_i (port)                                                                                                                                                                                                          |        | 0.938       | 0.000      | 0.100      |             | 0.000  | 0.000r          |
| clk_i (clock net)                                                                                                                                                                                                     | 550    |             |            |            | NA          |        |                 |
| u_core.u_lsu.lsu_req_handshake_CLKGATE_X1_E:CK (CLKGATE_X1)                                                                                                                                                           |        | 0.002       | 0.000      | 0.000      |             | 0.000  | 0.000r          |
| u_core.u_lsu.lsu_req_handshake_CLKGATE_X1_E:GCK (CLKGATE_X1)                                                                                                                                                          |        | 0.164       | 0.000      | 0.000      |             | 0.000  | 0.000r          |
| u_core.lsu_pending_rd_0__reg_p_CK (clock net)                                                                                                                                                                         | 173    |             |            |            | NA          |        |                 |
| u_core.u_lsu.memory_writeback_256__reg_p:CK (DFF_X1)                                                                                                                                                                  |        | 0.001       | 0.000      | 0.000      |             | 0.000  | 0.000r          |
| clock core_clock (rise edge)                                                                                                                                                                                          |        |             |            |            |             | 0      | 0               |
| clock network delay (ideal)                                                                                                                                                                                           |        |             |            |            |             | 0.000  | 0.000           |
| u_core.u_lsu.memory_writeback_256__reg_p:CK (DFF_X1)                                                                                                                                                                  |        | 0.001       | 0.000      | 0.000      |             | 0.000  | 0.000r          |
| u_core.u_lsu.memory_writeback_256__reg_p:Q (DFF_X1)                                                                                                                                                                   |        | 0.023       | 0.000      | 0.057      |             | 0.136  | 0.136r          |
| u_core.u_lsu.memory_writeback_256_ (net)                                                                                                                                                                              | 14     |             |            |            | 0.000       |        |                 |
| u_core.u_lsu.memory_writeback_255__NOR3_X1_A3_A1_INV_X1_ZN:A (INV_X1)                                                                                                                                                 |        | 0.002       | 0.000      | 0.057      |             | 0.000  | 0.136r          |
| u_core.u_lsu.memory_writeback_255__NOR3_X1_A3_A1_INV_X1_ZN:ZN (INV_X1)                                                                                                                                                |        | 0.004       | 0.000      | 0.017      |             | 0.020  | 0.156f          |
| u_core.u_lsu.memory_writeback_255__NOR3_X1_A3_A1 (net)                                                                                                                                                                | 3      |             |            |            | 0.000       |        |                 |
| u_core.execute_packet_157__OAI21_X1_B2_A_NAND2_X1_ZN:A1 (NAND2_X1)                                                                                                                                                    |        | 0.002       | 0.000      | 0.017      |             | 0.000  | 0.156f          |
| u_core.execute_packet_157__OAI21_X1_B2_A_NAND2_X1_ZN:ZN (NAND2_X1)                                                                                                                                                    |        | 0.003       | 0.000      | 0.017      |             | 0.024  | 0.180r          |
| u_core.execute_packet_157__OAI21_X1_B2_A (net)                                                                                                                                                                        | 2      |             |            |            | 0.000       |        |                 |
| u_core.execute_packet_157__OAI21_X1_B2:A (OAI21_X1)                                                                                                                                                                   |        | 0.002       | 0.000      | 0.017      |             | 0.000  | 0.180r          |
| u_core.execute_packet_157__OAI21_X1_B2:ZN (OAI21_X1)                                                                                                                                                                  |        | 0.006       | 0.000      | 0.026      |             | 0.032  | 0.212f          |
| u_core.execute_packet_157__OAI21_X1_B2_ZN (net)                                                                                                                                                                       | 4      |             |            |            | 0.000       |        |                 |
| u_core.execute_packet_157__OAI21_X1_B2_ZN_INV_X1_A:A (INV_X1)                                                                                                                                                         |        | 0.002       | 0.000      | 0.026      |             | 0.000  | 0.212f          |
| u_core.execute_packet_157__OAI21_X1_B2_ZN_INV_X1_A:ZN (INV_X1)                                                                                                                                                        |        | 0.035       | 0.000      | 0.085      |             | 0.104  | 0.316r          |
| u_core.data_memory_req_40_ (net)                                                                                                                                                                                      | 23     |             |            |            | 0.000       |        |                 |
| u_core.data_memory_req_5__OAI22_X1_ZN_B1_OAI211_X1_ZN_C2_OR2_X1_ZN:A2 (OR2_X1)                                                                                                                                        |        | 0.001       | 0.000      | 0.085      |             | 0.000  | 0.316r          |
| u_core.data_memory_req_5__OAI22_X1_ZN_B1_OAI211_X1_ZN_C2_OR2_X1_ZN:ZN (OR2_X1)                                                                                                                                        |        | 0.006       | 0.000      | 0.020      |             | 0.052  | 0.368r          |
| u_core.data_memory_req_5__OAI22_X1_ZN_B1_OAI211_X1_ZN_C2 (net)                                                                                                                                                        | 4      |             |            |            | 0.000       |        |                 |
| u_core.data_memory_req_5__OAI22_X1_ZN_B1_OAI211_X1_ZN_C2_AOI22_X1_A1:A1 (AOI22_X1)                                                                                                                                    |        | 0.002       | 0.000      | 0.020      |             | 0.000  | 0.368r          |
| u_core.data_memory_req_5__OAI22_X1_ZN_B1_OAI211_X1_ZN_C2_AOI22_X1_A1:ZN (AOI22_X1)                                                                                                                                    |        | 0.003       | 0.000      | 0.018      |             | 0.022  | 0.390f          |
| u_core.data_memory_req_5__OAI22_X1_ZN_A1_OAI21_X1_B1_A (net)                                                                                                                                                          | 2      |             |            |            | 0.000       |        |                 |
| u_core.data_memory_req_5__OAI22_X1_ZN_A1_OAI21_X1_B1:A (OAI21_X1)                                                                                                                                                     |        | 0.002       | 0.000      | 0.018      |             | 0.000  | 0.390f          |
| u_core.data_memory_req_5__OAI22_X1_ZN_A1_OAI21_X1_B1:ZN (OAI21_X1)                                                                                                                                                    |        | 0.003       | 0.000      | 0.033      |             | 0.030  | 0.419r          |
| u_core.data_memory_req_5__OAI22_X1_ZN_A1_OAI21_X1_B1_ZN (net)                                                                                                                                                         | 1      |             |            |            | 0.000       |        |                 |
| u_core.data_memory_req_5__OAI22_X1_ZN_A1_OAI21_X1_B1_ZN_BUF_X4_A:A (BUF_X4)                                                                                                                                           |        | 0.003       | 0.000      | 0.033      |             | 0.000  | 0.419r          |
| u_core.data_memory_req_5__OAI22_X1_ZN_A1_OAI21_X1_B1_ZN_BUF_X4_A:Z (BUF_X4)                                                                                                                                           |        | 0.039       | 0.000      | 0.026      |             | 0.047  | 0.466r          |
| u_core.commit_39__reg_p_D_OAI33_X1_ZN_B1_OAI21_X1_ZN_A (net)                                                                                                                                                          | 24     |             |            |            | 0.000       |        |                 |
| u_core.u_lsu.pending_lsu_context_q_133__MUX2_X1_B_Z_AOI211_X1_B:A (AOI211_X1)                                                                                                                                         |        | 0.002       | 0.000      | 0.026      |             | 0.000  | 0.466r          |
| u_core.u_lsu.pending_lsu_context_q_133__MUX2_X1_B_Z_AOI211_X1_B:ZN (AOI211_X1)                                                                                                                                        |        | 0.001       | 0.000      | 0.022      |             | 0.017  | 0.483f          |
| u_core.u_lsu.pending_lsu_context_q_133__MUX2_X1_B_Z_AOI211_X1_B_ZN (net)                                                                                                                                              | 1      |             |            |            | 0.000       |        |                 |
| u_core.u_lsu.pending_lsu_context_q_133__MUX2_X1_B_Z_AOI211_X1_B_ZN_BUF_X1_A:A (BUF_X1)                                                                                                                                |        | 0.001       | 0.000      | 0.022      |             | 0.000  | 0.483f          |
| u_core.u_lsu.pending_lsu_context_q_133__MUX2_X1_B_Z_AOI211_X1_B_ZN_BUF_X1_A:Z (BUF_X1)                                                                                                                                |        | 0.011       | 0.000      | 0.015      |             | 0.047  | 0.531f          |
| u_core.resolved_execute_result_179__OAI221_X1_A_C1 (net)                                                                                                                                                              | 8      |             |            |            | 0.000       |        |                 |
| u_core.u_data_mem.gen_dcache.u_dcache.u_dcache_axi.writeback_req_i_14__reg_p_D_OAI22_X1_ZN_B2_MUX2_X1_Z_B_AOI21_X1_B2_ZN_NAND4_X1_A1_ZN_OR4_X1_A1_ZN_OAI22_X1_B1_ZN_AOI21_X1_B1_ZN_OAI22_X1_B1:A2 (OAI22_X1)          |        | 0.002       | 0.000      | 0.015      |             | 0.000  | 0.531f          |
| u_core.u_data_mem.gen_dcache.u_dcache.u_dcache_axi.writeback_req_i_14__reg_p_D_OAI22_X1_ZN_B2_MUX2_X1_Z_B_AOI21_X1_B2_ZN_NAND4_X1_A1_ZN_OR4_X1_A1_ZN_OAI22_X1_B1_ZN_AOI21_X1_B1_ZN_OAI22_X1_B1:ZN (OAI22_X1)          |        | 0.002       | 0.000      | 0.031      |             | 0.036  | 0.567r          |
| u_core.u_data_mem.gen_dcache.u_dcache.u_dcache_axi.writeback_req_i_14__reg_p_D_OAI22_X1_ZN_B2_MUX2_X1_Z_B_AOI21_X1_B2_ZN_NAND4_X1_A1_ZN_OR4_X1_A1_ZN_OAI22_X1_B1_ZN_AOI21_X1_B1_ZN_OAI22_X1_B1_ZN (net)               | 1      |             |            |            | 0.000       |        |                 |
| u_core.u_data_mem.gen_dcache.u_dcache.u_dcache_axi.writeback_req_i_14__reg_p_D_OAI22_X1_ZN_B2_MUX2_X1_Z_B_AOI21_X1_B2_ZN_NAND4_X1_A1_ZN_OR4_X1_A1_ZN_OAI22_X1_B1_ZN_AOI21_X1_B1_ZN_OAI22_X1_B1_ZN_BUF_X2_A:A (BUF_X2) |        | 0.002       | 0.000      | 0.031      |             | 0.000  | 0.567r          |
| u_core.u_data_mem.gen_dcache.u_dcache.u_dcache_axi.writeback_req_i_14__reg_p_D_OAI22_X1_ZN_B2_MUX2_X1_Z_B_AOI21_X1_B2_ZN_NAND4_X1_A1_ZN_OR4_X1_A1_ZN_OAI22_X1_B1_ZN_AOI21_X1_B1_ZN_OAI22_X1_B1_ZN_BUF_X2_A:Z (BUF_X2) |        | 0.036       | 0.000      | 0.045      |             | 0.068  | 0.634r          |
| u_core.completion_result_415__MUX2_X1_Z_S (net)                                                                                                                                                                       | 23     |             |            |            | 0.000       |        |                 |
| u_core.commit_39__reg_p_D_OAI33_X1_ZN_A3_AND2_X1_ZN_A1_AOI21_X1_B1_ZN_OAI21_X1_A_1_ZN_AND3_X1_A3:A1 (AND3_X1)                                                                                                         |        | 0.001       | 0.000      | 0.045      |             | 0.000  | 0.634r          |
| u_core.commit_39__reg_p_D_OAI33_X1_ZN_A3_AND2_X1_ZN_A1_AOI21_X1_B1_ZN_OAI21_X1_A_1_ZN_AND3_X1_A3:ZN (AND3_X1)                                                                                                         |        | 0.002       | 0.000      | 0.011      |             | 0.054  | 0.688r          |
| u_core.commit_39__reg_p_D_OAI33_X1_ZN_A3_AND2_X1_ZN_A1_AOI21_X1_B1_ZN_OAI21_X1_A_1_ZN_AND3_X1_A3_ZN (net)                                                                                                             | 1      |             |            |            | 0.000       |        |                 |
| u_core.commit_39__reg_p_D_OAI33_X1_ZN_A3_AND2_X1_ZN_A1_AOI21_X1_B1_ZN_OAI21_X1_A_1_ZN_AND3_X1_A3_ZN_BUF_X2_A:A (BUF_X2)                                                                                               |        | 0.002       | 0.000      | 0.011      |             | 0.000  | 0.688r          |
| u_core.commit_39__reg_p_D_OAI33_X1_ZN_A3_AND2_X1_ZN_A1_AOI21_X1_B1_ZN_OAI21_X1_A_1_ZN_AND3_X1_A3_ZN_BUF_X2_A:Z (BUF_X2)                                                                                               |        | 0.036       | 0.000      | 0.045      |             | 0.063  | 0.751r          |
| u_core.completion_result_233__AOI21_X1_ZN_A (net)                                                                                                                                                                     | 23     |             |            |            | 0.000       |        |                 |
| u_core.resolved_execute_result_208__OAI21_X1_B2_ZN_OAI21_X1_A:B1 (OAI21_X1)                                                                                                                                           |        | 0.002       | 0.000      | 0.045      |             | 0.000  | 0.751r          |
| u_core.resolved_execute_result_208__OAI21_X1_B2_ZN_OAI21_X1_A:ZN (OAI21_X1)                                                                                                                                           |        | 0.005       | 0.000      | 0.020      |             | 0.031  | 0.782f          |
| u_core.execute_packet_valid_reg_p_QN_NOR2_X1_A2_A1 (net)                                                                                                                                                              | 3      |             |            |            | 0.000       |        |                 |
| u_core.execute_packet_valid_reg_p_QN_NOR2_X1_A2:A1 (NOR2_X1)                                                                                                                                                          |        | 0.002       | 0.000      | 0.020      |             | 0.000  | 0.782f          |
| u_core.execute_packet_valid_reg_p_QN_NOR2_X1_A2:ZN (NOR2_X1)                                                                                                                                                          |        | 0.004       | 0.000      | 0.031      |             | 0.045  | 0.827r          |
| u_core.u_lsu.state_d_0__AND4_X1_ZN_A2 (net)                                                                                                                                                                           | 4      |             |            |            | 0.000       |        |                 |
| u_core.u_lsu.state_d_0__AND4_X1_ZN_A4_NAND4_X1_A2:A3 (NAND4_X1)                                                                                                                                                       |        | 0.002       | 0.000      | 0.031      |             | 0.000  | 0.827r          |
| u_core.u_lsu.state_d_0__AND4_X1_ZN_A4_NAND4_X1_A2:ZN (NAND4_X1)                                                                                                                                                       |        | 0.003       | 0.000      | 0.045      |             | 0.039  | 0.867f          |
| u_core.u_lsu.state_d_0__AND4_X1_ZN_A4_NAND4_X1_A2_ZN (net)                                                                                                                                                            | 2      |             |            |            | 0.000       |        |                 |
| u_core.u_lsu.state_d_0__AND4_X1_ZN_A4_NAND4_X1_A2_ZN_AOI21_X1_B1:B1 (AOI21_X1)                                                                                                                                        |        | 0.002       | 0.000      | 0.045      |             | 0.000  | 0.867f          |
| u_core.u_lsu.state_d_0__AND4_X1_ZN_A4_NAND4_X1_A2_ZN_AOI21_X1_B1:ZN (AOI21_X1)                                                                                                                                        |        | 0.011       | 0.000      | 0.070      |             | 0.094  | 0.961r          |
| u_core.u_lsu.state_d_0__AND4_X1_ZN_A4_NAND4_X1_A2_ZN_AOI21_X1_B1_ZN (net)                                                                                                                                             | 7      |             |            |            | 0.000       |        |                 |
| u_core.u_lsu.memory_writeback_91__reg_p_QN_NAND2_X1_A1_ZN_AOI211_X1_C2_ZN_NAND3_X1_A2_ZN_OAI211_X1_B_ZN_AOI221_X1_B1_ZN_NAND3_X1_A2_ZN_NAND4_X1_A1:A2 (NAND4_X1)                                                      |        | 0.002       | 0.000      | 0.070      |             | 0.000  | 0.961r          |
| u_core.u_lsu.memory_writeback_91__reg_p_QN_NAND2_X1_A1_ZN_AOI211_X1_C2_ZN_NAND3_X1_A2_ZN_OAI211_X1_B_ZN_AOI221_X1_B1_ZN_NAND3_X1_A2_ZN_NAND4_X1_A1:ZN (NAND4_X1)                                                      |        | 0.023       | 0.000      | 0.087      |             | 0.130  | 1.091f          |
| u_core.u_data_mem.u_uncached_axi.state_q_3__reg_p_D_AOI21_X1_ZN_B1_AOI21_X1_ZN_B1 (net)                                                                                                                               | 15     |             |            |            | 0.000       |        |                 |
| u_core.u_data_mem.u_uncached_axi.state_q_3__reg_p_D_AOI21_X1_ZN_B1_AOI21_X1_ZN_B1_INV_X2_A:A (INV_X2)                                                                                                                 |        | 0.003       | 0.000      | 0.087      |             | 0.000  | 1.091f          |
| u_core.u_data_mem.u_uncached_axi.state_q_3__reg_p_D_AOI21_X1_ZN_B1_AOI21_X1_ZN_B1_INV_X2_A:ZN (INV_X2)                                                                                                                |        | 0.036       | 0.000      | 0.053      |             | 0.093  | 1.184r          |
| u_core.u_data_mem.u_uncached_axi.request_context_q_66__OAI221_X1_C2_B1 (net)                                                                                                                                          | 22     |             |            |            | 0.000       |        |                 |
| u_core.u_data_mem.u_uncached_axi.request_context_q_66__OAI221_X1_C2_B1_BUF_X2_A_1:A (BUF_X2)                                                                                                                          |        | 0.002       | 0.000      | 0.053      |             | 0.000  | 1.184r          |
| u_core.u_data_mem.u_uncached_axi.request_context_q_66__OAI221_X1_C2_B1_BUF_X2_A_1:Z (BUF_X2)                                                                                                                          |        | 0.038       | 0.000      | 0.046      |             | 0.072  | 1.256r          |
| u_core.u_data_mem.u_uncached_axi.request_context_q_9__OAI221_X1_C2_B1 (net)                                                                                                                                           | 24     |             |            |            | 0.000       |        |                 |
| u_core.u_data_mem.u_uncached_axi.request_context_q_63__OR2_X1_A2_ZN_OAI221_X1_A:C2 (OAI221_X1)                                                                                                                        |        | 0.002       | 0.000      | 0.046      |             | 0.000  | 1.256r          |
| u_core.u_data_mem.u_uncached_axi.request_context_q_63__OR2_X1_A2_ZN_OAI221_X1_A:ZN (OAI221_X1)                                                                                                                        |        | 0.003       | 0.000      | 0.034      |             | 0.047  | 1.303f          |
| u_core.u_data_mem.u_uncached_axi.request_context_q_63__OR2_X1_A2_ZN_OAI221_X1_A_ZN (net)                                                                                                                              | 2      |             |            |            | 0.000       |        |                 |
| u_core.u_data_mem.gen_dcache.u_dcache.u_dcache_axi.refill_context_q_25__AOI21_X1_B1_ZN_OAI21_X1_B1:A (OAI21_X1)                                                                                                       |        | 0.002       | 0.000      | 0.034      |             | 0.000  | 1.303f          |
| u_core.u_data_mem.gen_dcache.u_dcache.u_dcache_axi.refill_context_q_25__AOI21_X1_B1_ZN_OAI21_X1_B1:ZN (OAI21_X1)                                                                                                      |        | 0.000       | 0.000      | 0.014      |             | 0.025  | 1.328r          |
| data_axi4_manager_o_40_ (port)                                                                                                                                                                                        |        | 0.000       | 0.000      | 0.014      |             | 0.000  | 1.328r          |
|                                                                                                                                                                                                                       |        |             |            |            |             |        |                 |
| clk_i (port)                                                                                                                                                                                                          |        | 0.938       | 0.000      | 0.100      |             | 0.000  | 0.000r          |
| clock core_clock (rise edge)                                                                                                                                                                                          |        |             |            |            |             | 1.851  | 1.851           |
| clock network delay (ideal)                                                                                                                                                                                           |        |             |            |            |             | 0.000  | 1.851           |
| clk_i (port)                                                                                                                                                                                                          |        |             |            |            |             |        | 1.851r          |
| output external max delay time                                                                                                                                                                                        |        |             |            |            |             | -0.370 | 1.481           |
|                                                                                                                                                                                                                       |        |             |            |            |             |        |                 |
| path cell delay                                                                                                                                                                                                       |        |             |            |            |             |        | 1.328(100.000%) |
| path net delay                                                                                                                                                                                                        |        |             |            |            |             |        | 0.000(0.000%)   |
|                                                                                                                                                                                                                       |        |             |            |            |             |        |                 |
| data require time                                                                                                                                                                                                     |        |             |            |            |             |        | 1.481           |
| data arrival time                                                                                                                                                                                                     |        |             |            |            |             |        | 1.328           |
| slack (MET)                                                                                                                                                                                                           |        |             |            |            |             |        | 0.153           |
+-----------------------------------------------------------------------------------------------------------------------------------------------------------------------------------------------------------------------+--------+-------------+------------+------------+-------------+--------+-----------------+
+-----------------------------------------------------------------------------------------------------------------------------------------------------------------------------------------------------------------------+--------+-------------+------------+------------+-------------+--------+-----------------+
| Point                                                                                                                                                                                                                 | Fanout | Capacitance | Resistance | Transition | Delta Delay | Incr   | Path            |
+-----------------------------------------------------------------------------------------------------------------------------------------------------------------------------------------------------------------------+--------+-------------+------------+------------+-------------+--------+-----------------+
| clk_i (port)                                                                                                                                                                                                          |        | 0.938       | 0.000      | 0.100      |             | 0.000  | 0.000r          |
| clk_i (clock net)                                                                                                                                                                                                     | 550    |             |            |            | NA          |        |                 |
| u_core.u_lsu.lsu_req_handshake_CLKGATE_X1_E:CK (CLKGATE_X1)                                                                                                                                                           |        | 0.002       | 0.000      | 0.000      |             | 0.000  | 0.000r          |
| u_core.u_lsu.lsu_req_handshake_CLKGATE_X1_E:GCK (CLKGATE_X1)                                                                                                                                                          |        | 0.164       | 0.000      | 0.000      |             | 0.000  | 0.000r          |
| u_core.lsu_pending_rd_0__reg_p_CK (clock net)                                                                                                                                                                         | 173    |             |            |            | NA          |        |                 |
| u_core.u_lsu.memory_writeback_256__reg_p:CK (DFF_X1)                                                                                                                                                                  |        | 0.001       | 0.000      | 0.000      |             | 0.000  | 0.000r          |
| clock core_clock (rise edge)                                                                                                                                                                                          |        |             |            |            |             | 0      | 0               |
| clock network delay (ideal)                                                                                                                                                                                           |        |             |            |            |             | 0.000  | 0.000           |
| u_core.u_lsu.memory_writeback_256__reg_p:CK (DFF_X1)                                                                                                                                                                  |        | 0.001       | 0.000      | 0.000      |             | 0.000  | 0.000r          |
| u_core.u_lsu.memory_writeback_256__reg_p:Q (DFF_X1)                                                                                                                                                                   |        | 0.023       | 0.000      | 0.057      |             | 0.136  | 0.136r          |
| u_core.u_lsu.memory_writeback_256_ (net)                                                                                                                                                                              | 14     |             |            |            | 0.000       |        |                 |
| u_core.u_lsu.memory_writeback_255__NOR3_X1_A3_A1_INV_X1_ZN:A (INV_X1)                                                                                                                                                 |        | 0.002       | 0.000      | 0.057      |             | 0.000  | 0.136r          |
| u_core.u_lsu.memory_writeback_255__NOR3_X1_A3_A1_INV_X1_ZN:ZN (INV_X1)                                                                                                                                                |        | 0.004       | 0.000      | 0.017      |             | 0.020  | 0.156f          |
| u_core.u_lsu.memory_writeback_255__NOR3_X1_A3_A1 (net)                                                                                                                                                                | 3      |             |            |            | 0.000       |        |                 |
| u_core.execute_packet_157__OAI21_X1_B2_A_NAND2_X1_ZN:A1 (NAND2_X1)                                                                                                                                                    |        | 0.002       | 0.000      | 0.017      |             | 0.000  | 0.156f          |
| u_core.execute_packet_157__OAI21_X1_B2_A_NAND2_X1_ZN:ZN (NAND2_X1)                                                                                                                                                    |        | 0.003       | 0.000      | 0.017      |             | 0.024  | 0.180r          |
| u_core.execute_packet_157__OAI21_X1_B2_A (net)                                                                                                                                                                        | 2      |             |            |            | 0.000       |        |                 |
| u_core.execute_packet_157__OAI21_X1_B2:A (OAI21_X1)                                                                                                                                                                   |        | 0.002       | 0.000      | 0.017      |             | 0.000  | 0.180r          |
| u_core.execute_packet_157__OAI21_X1_B2:ZN (OAI21_X1)                                                                                                                                                                  |        | 0.006       | 0.000      | 0.026      |             | 0.032  | 0.212f          |
| u_core.execute_packet_157__OAI21_X1_B2_ZN (net)                                                                                                                                                                       | 4      |             |            |            | 0.000       |        |                 |
| u_core.execute_packet_157__OAI21_X1_B2_ZN_INV_X1_A:A (INV_X1)                                                                                                                                                         |        | 0.002       | 0.000      | 0.026      |             | 0.000  | 0.212f          |
| u_core.execute_packet_157__OAI21_X1_B2_ZN_INV_X1_A:ZN (INV_X1)                                                                                                                                                        |        | 0.035       | 0.000      | 0.085      |             | 0.104  | 0.316r          |
| u_core.data_memory_req_40_ (net)                                                                                                                                                                                      | 23     |             |            |            | 0.000       |        |                 |
| u_core.data_memory_req_5__OAI22_X1_ZN_B1_OAI211_X1_ZN_C2_OR2_X1_ZN:A2 (OR2_X1)                                                                                                                                        |        | 0.001       | 0.000      | 0.085      |             | 0.000  | 0.316r          |
| u_core.data_memory_req_5__OAI22_X1_ZN_B1_OAI211_X1_ZN_C2_OR2_X1_ZN:ZN (OR2_X1)                                                                                                                                        |        | 0.006       | 0.000      | 0.020      |             | 0.052  | 0.368r          |
| u_core.data_memory_req_5__OAI22_X1_ZN_B1_OAI211_X1_ZN_C2 (net)                                                                                                                                                        | 4      |             |            |            | 0.000       |        |                 |
| u_core.data_memory_req_5__OAI22_X1_ZN_B1_OAI211_X1_ZN_C2_AOI22_X1_A1:A1 (AOI22_X1)                                                                                                                                    |        | 0.002       | 0.000      | 0.020      |             | 0.000  | 0.368r          |
| u_core.data_memory_req_5__OAI22_X1_ZN_B1_OAI211_X1_ZN_C2_AOI22_X1_A1:ZN (AOI22_X1)                                                                                                                                    |        | 0.003       | 0.000      | 0.018      |             | 0.022  | 0.390f          |
| u_core.data_memory_req_5__OAI22_X1_ZN_A1_OAI21_X1_B1_A (net)                                                                                                                                                          | 2      |             |            |            | 0.000       |        |                 |
| u_core.data_memory_req_5__OAI22_X1_ZN_A1_OAI21_X1_B1:A (OAI21_X1)                                                                                                                                                     |        | 0.002       | 0.000      | 0.018      |             | 0.000  | 0.390f          |
| u_core.data_memory_req_5__OAI22_X1_ZN_A1_OAI21_X1_B1:ZN (OAI21_X1)                                                                                                                                                    |        | 0.003       | 0.000      | 0.033      |             | 0.030  | 0.419r          |
| u_core.data_memory_req_5__OAI22_X1_ZN_A1_OAI21_X1_B1_ZN (net)                                                                                                                                                         | 1      |             |            |            | 0.000       |        |                 |
| u_core.data_memory_req_5__OAI22_X1_ZN_A1_OAI21_X1_B1_ZN_BUF_X4_A:A (BUF_X4)                                                                                                                                           |        | 0.003       | 0.000      | 0.033      |             | 0.000  | 0.419r          |
| u_core.data_memory_req_5__OAI22_X1_ZN_A1_OAI21_X1_B1_ZN_BUF_X4_A:Z (BUF_X4)                                                                                                                                           |        | 0.039       | 0.000      | 0.026      |             | 0.047  | 0.466r          |
| u_core.commit_39__reg_p_D_OAI33_X1_ZN_B1_OAI21_X1_ZN_A (net)                                                                                                                                                          | 24     |             |            |            | 0.000       |        |                 |
| u_core.u_lsu.pending_lsu_context_q_133__MUX2_X1_B_Z_AOI211_X1_B:A (AOI211_X1)                                                                                                                                         |        | 0.002       | 0.000      | 0.026      |             | 0.000  | 0.466r          |
| u_core.u_lsu.pending_lsu_context_q_133__MUX2_X1_B_Z_AOI211_X1_B:ZN (AOI211_X1)                                                                                                                                        |        | 0.001       | 0.000      | 0.022      |             | 0.017  | 0.483f          |
| u_core.u_lsu.pending_lsu_context_q_133__MUX2_X1_B_Z_AOI211_X1_B_ZN (net)                                                                                                                                              | 1      |             |            |            | 0.000       |        |                 |
| u_core.u_lsu.pending_lsu_context_q_133__MUX2_X1_B_Z_AOI211_X1_B_ZN_BUF_X1_A:A (BUF_X1)                                                                                                                                |        | 0.001       | 0.000      | 0.022      |             | 0.000  | 0.483f          |
| u_core.u_lsu.pending_lsu_context_q_133__MUX2_X1_B_Z_AOI211_X1_B_ZN_BUF_X1_A:Z (BUF_X1)                                                                                                                                |        | 0.011       | 0.000      | 0.015      |             | 0.047  | 0.531f          |
| u_core.resolved_execute_result_179__OAI221_X1_A_C1 (net)                                                                                                                                                              | 8      |             |            |            | 0.000       |        |                 |
| u_core.u_data_mem.gen_dcache.u_dcache.u_dcache_axi.writeback_req_i_14__reg_p_D_OAI22_X1_ZN_B2_MUX2_X1_Z_B_AOI21_X1_B2_ZN_NAND4_X1_A1_ZN_OR4_X1_A1_ZN_OAI22_X1_B1_ZN_AOI21_X1_B1_ZN_OAI22_X1_B1:A2 (OAI22_X1)          |        | 0.002       | 0.000      | 0.015      |             | 0.000  | 0.531f          |
| u_core.u_data_mem.gen_dcache.u_dcache.u_dcache_axi.writeback_req_i_14__reg_p_D_OAI22_X1_ZN_B2_MUX2_X1_Z_B_AOI21_X1_B2_ZN_NAND4_X1_A1_ZN_OR4_X1_A1_ZN_OAI22_X1_B1_ZN_AOI21_X1_B1_ZN_OAI22_X1_B1:ZN (OAI22_X1)          |        | 0.002       | 0.000      | 0.031      |             | 0.036  | 0.567r          |
| u_core.u_data_mem.gen_dcache.u_dcache.u_dcache_axi.writeback_req_i_14__reg_p_D_OAI22_X1_ZN_B2_MUX2_X1_Z_B_AOI21_X1_B2_ZN_NAND4_X1_A1_ZN_OR4_X1_A1_ZN_OAI22_X1_B1_ZN_AOI21_X1_B1_ZN_OAI22_X1_B1_ZN (net)               | 1      |             |            |            | 0.000       |        |                 |
| u_core.u_data_mem.gen_dcache.u_dcache.u_dcache_axi.writeback_req_i_14__reg_p_D_OAI22_X1_ZN_B2_MUX2_X1_Z_B_AOI21_X1_B2_ZN_NAND4_X1_A1_ZN_OR4_X1_A1_ZN_OAI22_X1_B1_ZN_AOI21_X1_B1_ZN_OAI22_X1_B1_ZN_BUF_X2_A:A (BUF_X2) |        | 0.002       | 0.000      | 0.031      |             | 0.000  | 0.567r          |
| u_core.u_data_mem.gen_dcache.u_dcache.u_dcache_axi.writeback_req_i_14__reg_p_D_OAI22_X1_ZN_B2_MUX2_X1_Z_B_AOI21_X1_B2_ZN_NAND4_X1_A1_ZN_OR4_X1_A1_ZN_OAI22_X1_B1_ZN_AOI21_X1_B1_ZN_OAI22_X1_B1_ZN_BUF_X2_A:Z (BUF_X2) |        | 0.036       | 0.000      | 0.045      |             | 0.068  | 0.634r          |
| u_core.completion_result_415__MUX2_X1_Z_S (net)                                                                                                                                                                       | 23     |             |            |            | 0.000       |        |                 |
| u_core.commit_39__reg_p_D_OAI33_X1_ZN_A3_AND2_X1_ZN_A1_AOI21_X1_B1_ZN_OAI21_X1_A_1_ZN_AND3_X1_A3:A1 (AND3_X1)                                                                                                         |        | 0.001       | 0.000      | 0.045      |             | 0.000  | 0.634r          |
| u_core.commit_39__reg_p_D_OAI33_X1_ZN_A3_AND2_X1_ZN_A1_AOI21_X1_B1_ZN_OAI21_X1_A_1_ZN_AND3_X1_A3:ZN (AND3_X1)                                                                                                         |        | 0.002       | 0.000      | 0.011      |             | 0.054  | 0.688r          |
| u_core.commit_39__reg_p_D_OAI33_X1_ZN_A3_AND2_X1_ZN_A1_AOI21_X1_B1_ZN_OAI21_X1_A_1_ZN_AND3_X1_A3_ZN (net)                                                                                                             | 1      |             |            |            | 0.000       |        |                 |
| u_core.commit_39__reg_p_D_OAI33_X1_ZN_A3_AND2_X1_ZN_A1_AOI21_X1_B1_ZN_OAI21_X1_A_1_ZN_AND3_X1_A3_ZN_BUF_X2_A:A (BUF_X2)                                                                                               |        | 0.002       | 0.000      | 0.011      |             | 0.000  | 0.688r          |
| u_core.commit_39__reg_p_D_OAI33_X1_ZN_A3_AND2_X1_ZN_A1_AOI21_X1_B1_ZN_OAI21_X1_A_1_ZN_AND3_X1_A3_ZN_BUF_X2_A:Z (BUF_X2)                                                                                               |        | 0.036       | 0.000      | 0.045      |             | 0.063  | 0.751r          |
| u_core.completion_result_233__AOI21_X1_ZN_A (net)                                                                                                                                                                     | 23     |             |            |            | 0.000       |        |                 |
| u_core.resolved_execute_result_208__OAI21_X1_B2_ZN_OAI21_X1_A:B1 (OAI21_X1)                                                                                                                                           |        | 0.002       | 0.000      | 0.045      |             | 0.000  | 0.751r          |
| u_core.resolved_execute_result_208__OAI21_X1_B2_ZN_OAI21_X1_A:ZN (OAI21_X1)                                                                                                                                           |        | 0.005       | 0.000      | 0.020      |             | 0.031  | 0.782f          |
| u_core.execute_packet_valid_reg_p_QN_NOR2_X1_A2_A1 (net)                                                                                                                                                              | 3      |             |            |            | 0.000       |        |                 |
| u_core.execute_packet_valid_reg_p_QN_NOR2_X1_A2:A1 (NOR2_X1)                                                                                                                                                          |        | 0.002       | 0.000      | 0.020      |             | 0.000  | 0.782f          |
| u_core.execute_packet_valid_reg_p_QN_NOR2_X1_A2:ZN (NOR2_X1)                                                                                                                                                          |        | 0.004       | 0.000      | 0.031      |             | 0.045  | 0.827r          |
| u_core.u_lsu.state_d_0__AND4_X1_ZN_A2 (net)                                                                                                                                                                           | 4      |             |            |            | 0.000       |        |                 |
| u_core.u_lsu.state_d_0__AND4_X1_ZN_A4_NAND4_X1_A2:A3 (NAND4_X1)                                                                                                                                                       |        | 0.002       | 0.000      | 0.031      |             | 0.000  | 0.827r          |
| u_core.u_lsu.state_d_0__AND4_X1_ZN_A4_NAND4_X1_A2:ZN (NAND4_X1)                                                                                                                                                       |        | 0.003       | 0.000      | 0.045      |             | 0.039  | 0.867f          |
| u_core.u_lsu.state_d_0__AND4_X1_ZN_A4_NAND4_X1_A2_ZN (net)                                                                                                                                                            | 2      |             |            |            | 0.000       |        |                 |
| u_core.u_lsu.state_d_0__AND4_X1_ZN_A4_NAND4_X1_A2_ZN_AOI21_X1_B1:B1 (AOI21_X1)                                                                                                                                        |        | 0.002       | 0.000      | 0.045      |             | 0.000  | 0.867f          |
| u_core.u_lsu.state_d_0__AND4_X1_ZN_A4_NAND4_X1_A2_ZN_AOI21_X1_B1:ZN (AOI21_X1)                                                                                                                                        |        | 0.011       | 0.000      | 0.070      |             | 0.094  | 0.961r          |
| u_core.u_lsu.state_d_0__AND4_X1_ZN_A4_NAND4_X1_A2_ZN_AOI21_X1_B1_ZN (net)                                                                                                                                             | 7      |             |            |            | 0.000       |        |                 |
| u_core.u_lsu.memory_writeback_91__reg_p_QN_NAND2_X1_A1_ZN_AOI211_X1_C2_ZN_NAND3_X1_A2_ZN_OAI211_X1_B_ZN_AOI221_X1_B1_ZN_NAND3_X1_A2_ZN_NAND4_X1_A1:A2 (NAND4_X1)                                                      |        | 0.002       | 0.000      | 0.070      |             | 0.000  | 0.961r          |
| u_core.u_lsu.memory_writeback_91__reg_p_QN_NAND2_X1_A1_ZN_AOI211_X1_C2_ZN_NAND3_X1_A2_ZN_OAI211_X1_B_ZN_AOI221_X1_B1_ZN_NAND3_X1_A2_ZN_NAND4_X1_A1:ZN (NAND4_X1)                                                      |        | 0.023       | 0.000      | 0.087      |             | 0.130  | 1.091f          |
| u_core.u_data_mem.u_uncached_axi.state_q_3__reg_p_D_AOI21_X1_ZN_B1_AOI21_X1_ZN_B1 (net)                                                                                                                               | 15     |             |            |            | 0.000       |        |                 |
| u_core.u_data_mem.u_uncached_axi.state_q_3__reg_p_D_AOI21_X1_ZN_B1_AOI21_X1_ZN_B1_INV_X2_A:A (INV_X2)                                                                                                                 |        | 0.003       | 0.000      | 0.087      |             | 0.000  | 1.091f          |
| u_core.u_data_mem.u_uncached_axi.state_q_3__reg_p_D_AOI21_X1_ZN_B1_AOI21_X1_ZN_B1_INV_X2_A:ZN (INV_X2)                                                                                                                |        | 0.036       | 0.000      | 0.053      |             | 0.093  | 1.184r          |
| u_core.u_data_mem.u_uncached_axi.request_context_q_66__OAI221_X1_C2_B1 (net)                                                                                                                                          | 22     |             |            |            | 0.000       |        |                 |
| u_core.u_data_mem.u_uncached_axi.request_context_q_66__OAI221_X1_C2_B1_BUF_X2_A_1:A (BUF_X2)                                                                                                                          |        | 0.002       | 0.000      | 0.053      |             | 0.000  | 1.184r          |
| u_core.u_data_mem.u_uncached_axi.request_context_q_66__OAI221_X1_C2_B1_BUF_X2_A_1:Z (BUF_X2)                                                                                                                          |        | 0.038       | 0.000      | 0.046      |             | 0.072  | 1.256r          |
| u_core.u_data_mem.u_uncached_axi.request_context_q_9__OAI221_X1_C2_B1 (net)                                                                                                                                           | 24     |             |            |            | 0.000       |        |                 |
| u_core.u_data_mem.u_uncached_axi.request_context_q_73__OR2_X1_A2_ZN_OAI221_X1_A:C2 (OAI221_X1)                                                                                                                        |        | 0.002       | 0.000      | 0.046      |             | 0.000  | 1.256r          |
| u_core.u_data_mem.u_uncached_axi.request_context_q_73__OR2_X1_A2_ZN_OAI221_X1_A:ZN (OAI221_X1)                                                                                                                        |        | 0.003       | 0.000      | 0.034      |             | 0.047  | 1.303f          |
| u_core.u_data_mem.u_uncached_axi.request_context_q_73__OR2_X1_A2_ZN_OAI221_X1_A_ZN (net)                                                                                                                              | 2      |             |            |            | 0.000       |        |                 |
| u_core.u_data_mem.gen_dcache.u_dcache.u_dcache_axi.refill_context_q_35__AOI21_X1_B1_ZN_OAI21_X1_B1:A (OAI21_X1)                                                                                                       |        | 0.002       | 0.000      | 0.034      |             | 0.000  | 1.303f          |
| u_core.u_data_mem.gen_dcache.u_dcache.u_dcache_axi.refill_context_q_35__AOI21_X1_B1_ZN_OAI21_X1_B1:ZN (OAI21_X1)                                                                                                      |        | 0.000       | 0.000      | 0.014      |             | 0.025  | 1.328r          |
| data_axi4_manager_o_50_ (port)                                                                                                                                                                                        |        | 0.000       | 0.000      | 0.014      |             | 0.000  | 1.328r          |
|                                                                                                                                                                                                                       |        |             |            |            |             |        |                 |
| clk_i (port)                                                                                                                                                                                                          |        | 0.938       | 0.000      | 0.100      |             | 0.000  | 0.000r          |
| clock core_clock (rise edge)                                                                                                                                                                                          |        |             |            |            |             | 1.851  | 1.851           |
| clock network delay (ideal)                                                                                                                                                                                           |        |             |            |            |             | 0.000  | 1.851           |
| clk_i (port)                                                                                                                                                                                                          |        |             |            |            |             |        | 1.851r          |
| output external max delay time                                                                                                                                                                                        |        |             |            |            |             | -0.370 | 1.481           |
|                                                                                                                                                                                                                       |        |             |            |            |             |        |                 |
| path cell delay                                                                                                                                                                                                       |        |             |            |            |             |        | 1.328(100.000%) |
| path net delay                                                                                                                                                                                                        |        |             |            |            |             |        | 0.000(0.000%)   |
|                                                                                                                                                                                                                       |        |             |            |            |             |        |                 |
| data require time                                                                                                                                                                                                     |        |             |            |            |             |        | 1.481           |
| data arrival time                                                                                                                                                                                                     |        |             |            |            |             |        | 1.328           |
| slack (MET)                                                                                                                                                                                                           |        |             |            |            |             |        | 0.153           |
+-----------------------------------------------------------------------------------------------------------------------------------------------------------------------------------------------------------------------+--------+-------------+------------+------------+-------------+--------+-----------------+
+-----------------------------------------------------------------------------------------------------------------------------------------------------------------------------------------------------------------------+--------+-------------+------------+------------+-------------+--------+-----------------+
| Point                                                                                                                                                                                                                 | Fanout | Capacitance | Resistance | Transition | Delta Delay | Incr   | Path            |
+-----------------------------------------------------------------------------------------------------------------------------------------------------------------------------------------------------------------------+--------+-------------+------------+------------+-------------+--------+-----------------+
| clk_i (port)                                                                                                                                                                                                          |        | 0.938       | 0.000      | 0.100      |             | 0.000  | 0.000r          |
| clk_i (clock net)                                                                                                                                                                                                     | 550    |             |            |            | NA          |        |                 |
| u_core.u_lsu.lsu_req_handshake_CLKGATE_X1_E:CK (CLKGATE_X1)                                                                                                                                                           |        | 0.002       | 0.000      | 0.000      |             | 0.000  | 0.000r          |
| u_core.u_lsu.lsu_req_handshake_CLKGATE_X1_E:GCK (CLKGATE_X1)                                                                                                                                                          |        | 0.164       | 0.000      | 0.000      |             | 0.000  | 0.000r          |
| u_core.lsu_pending_rd_0__reg_p_CK (clock net)                                                                                                                                                                         | 173    |             |            |            | NA          |        |                 |
| u_core.u_lsu.memory_writeback_256__reg_p:CK (DFF_X1)                                                                                                                                                                  |        | 0.001       | 0.000      | 0.000      |             | 0.000  | 0.000r          |
| clock core_clock (rise edge)                                                                                                                                                                                          |        |             |            |            |             | 0      | 0               |
| clock network delay (ideal)                                                                                                                                                                                           |        |             |            |            |             | 0.000  | 0.000           |
| u_core.u_lsu.memory_writeback_256__reg_p:CK (DFF_X1)                                                                                                                                                                  |        | 0.001       | 0.000      | 0.000      |             | 0.000  | 0.000r          |
| u_core.u_lsu.memory_writeback_256__reg_p:Q (DFF_X1)                                                                                                                                                                   |        | 0.023       | 0.000      | 0.057      |             | 0.136  | 0.136r          |
| u_core.u_lsu.memory_writeback_256_ (net)                                                                                                                                                                              | 14     |             |            |            | 0.000       |        |                 |
| u_core.u_lsu.memory_writeback_255__NOR3_X1_A3_A1_INV_X1_ZN:A (INV_X1)                                                                                                                                                 |        | 0.002       | 0.000      | 0.057      |             | 0.000  | 0.136r          |
| u_core.u_lsu.memory_writeback_255__NOR3_X1_A3_A1_INV_X1_ZN:ZN (INV_X1)                                                                                                                                                |        | 0.004       | 0.000      | 0.017      |             | 0.020  | 0.156f          |
| u_core.u_lsu.memory_writeback_255__NOR3_X1_A3_A1 (net)                                                                                                                                                                | 3      |             |            |            | 0.000       |        |                 |
| u_core.execute_packet_157__OAI21_X1_B2_A_NAND2_X1_ZN:A1 (NAND2_X1)                                                                                                                                                    |        | 0.002       | 0.000      | 0.017      |             | 0.000  | 0.156f          |
| u_core.execute_packet_157__OAI21_X1_B2_A_NAND2_X1_ZN:ZN (NAND2_X1)                                                                                                                                                    |        | 0.003       | 0.000      | 0.017      |             | 0.024  | 0.180r          |
| u_core.execute_packet_157__OAI21_X1_B2_A (net)                                                                                                                                                                        | 2      |             |            |            | 0.000       |        |                 |
| u_core.execute_packet_157__OAI21_X1_B2:A (OAI21_X1)                                                                                                                                                                   |        | 0.002       | 0.000      | 0.017      |             | 0.000  | 0.180r          |
| u_core.execute_packet_157__OAI21_X1_B2:ZN (OAI21_X1)                                                                                                                                                                  |        | 0.006       | 0.000      | 0.026      |             | 0.032  | 0.212f          |
| u_core.execute_packet_157__OAI21_X1_B2_ZN (net)                                                                                                                                                                       | 4      |             |            |            | 0.000       |        |                 |
| u_core.execute_packet_157__OAI21_X1_B2_ZN_INV_X1_A:A (INV_X1)                                                                                                                                                         |        | 0.002       | 0.000      | 0.026      |             | 0.000  | 0.212f          |
| u_core.execute_packet_157__OAI21_X1_B2_ZN_INV_X1_A:ZN (INV_X1)                                                                                                                                                        |        | 0.035       | 0.000      | 0.085      |             | 0.104  | 0.316r          |
| u_core.data_memory_req_40_ (net)                                                                                                                                                                                      | 23     |             |            |            | 0.000       |        |                 |
| u_core.data_memory_req_5__OAI22_X1_ZN_B1_OAI211_X1_ZN_C2_OR2_X1_ZN:A2 (OR2_X1)                                                                                                                                        |        | 0.001       | 0.000      | 0.085      |             | 0.000  | 0.316r          |
| u_core.data_memory_req_5__OAI22_X1_ZN_B1_OAI211_X1_ZN_C2_OR2_X1_ZN:ZN (OR2_X1)                                                                                                                                        |        | 0.006       | 0.000      | 0.020      |             | 0.052  | 0.368r          |
| u_core.data_memory_req_5__OAI22_X1_ZN_B1_OAI211_X1_ZN_C2 (net)                                                                                                                                                        | 4      |             |            |            | 0.000       |        |                 |
| u_core.data_memory_req_5__OAI22_X1_ZN_B1_OAI211_X1_ZN_C2_AOI22_X1_A1:A1 (AOI22_X1)                                                                                                                                    |        | 0.002       | 0.000      | 0.020      |             | 0.000  | 0.368r          |
| u_core.data_memory_req_5__OAI22_X1_ZN_B1_OAI211_X1_ZN_C2_AOI22_X1_A1:ZN (AOI22_X1)                                                                                                                                    |        | 0.003       | 0.000      | 0.018      |             | 0.022  | 0.390f          |
| u_core.data_memory_req_5__OAI22_X1_ZN_A1_OAI21_X1_B1_A (net)                                                                                                                                                          | 2      |             |            |            | 0.000       |        |                 |
| u_core.data_memory_req_5__OAI22_X1_ZN_A1_OAI21_X1_B1:A (OAI21_X1)                                                                                                                                                     |        | 0.002       | 0.000      | 0.018      |             | 0.000  | 0.390f          |
| u_core.data_memory_req_5__OAI22_X1_ZN_A1_OAI21_X1_B1:ZN (OAI21_X1)                                                                                                                                                    |        | 0.003       | 0.000      | 0.033      |             | 0.030  | 0.419r          |
| u_core.data_memory_req_5__OAI22_X1_ZN_A1_OAI21_X1_B1_ZN (net)                                                                                                                                                         | 1      |             |            |            | 0.000       |        |                 |
| u_core.data_memory_req_5__OAI22_X1_ZN_A1_OAI21_X1_B1_ZN_BUF_X4_A:A (BUF_X4)                                                                                                                                           |        | 0.003       | 0.000      | 0.033      |             | 0.000  | 0.419r          |
| u_core.data_memory_req_5__OAI22_X1_ZN_A1_OAI21_X1_B1_ZN_BUF_X4_A:Z (BUF_X4)                                                                                                                                           |        | 0.039       | 0.000      | 0.026      |             | 0.047  | 0.466r          |
| u_core.commit_39__reg_p_D_OAI33_X1_ZN_B1_OAI21_X1_ZN_A (net)                                                                                                                                                          | 24     |             |            |            | 0.000       |        |                 |
| u_core.u_lsu.pending_lsu_context_q_133__MUX2_X1_B_Z_AOI211_X1_B:A (AOI211_X1)                                                                                                                                         |        | 0.002       | 0.000      | 0.026      |             | 0.000  | 0.466r          |
| u_core.u_lsu.pending_lsu_context_q_133__MUX2_X1_B_Z_AOI211_X1_B:ZN (AOI211_X1)                                                                                                                                        |        | 0.001       | 0.000      | 0.022      |             | 0.017  | 0.483f          |
| u_core.u_lsu.pending_lsu_context_q_133__MUX2_X1_B_Z_AOI211_X1_B_ZN (net)                                                                                                                                              | 1      |             |            |            | 0.000       |        |                 |
| u_core.u_lsu.pending_lsu_context_q_133__MUX2_X1_B_Z_AOI211_X1_B_ZN_BUF_X1_A:A (BUF_X1)                                                                                                                                |        | 0.001       | 0.000      | 0.022      |             | 0.000  | 0.483f          |
| u_core.u_lsu.pending_lsu_context_q_133__MUX2_X1_B_Z_AOI211_X1_B_ZN_BUF_X1_A:Z (BUF_X1)                                                                                                                                |        | 0.011       | 0.000      | 0.015      |             | 0.047  | 0.531f          |
| u_core.resolved_execute_result_179__OAI221_X1_A_C1 (net)                                                                                                                                                              | 8      |             |            |            | 0.000       |        |                 |
| u_core.u_data_mem.gen_dcache.u_dcache.u_dcache_axi.writeback_req_i_14__reg_p_D_OAI22_X1_ZN_B2_MUX2_X1_Z_B_AOI21_X1_B2_ZN_NAND4_X1_A1_ZN_OR4_X1_A1_ZN_OAI22_X1_B1_ZN_AOI21_X1_B1_ZN_OAI22_X1_B1:A2 (OAI22_X1)          |        | 0.002       | 0.000      | 0.015      |             | 0.000  | 0.531f          |
| u_core.u_data_mem.gen_dcache.u_dcache.u_dcache_axi.writeback_req_i_14__reg_p_D_OAI22_X1_ZN_B2_MUX2_X1_Z_B_AOI21_X1_B2_ZN_NAND4_X1_A1_ZN_OR4_X1_A1_ZN_OAI22_X1_B1_ZN_AOI21_X1_B1_ZN_OAI22_X1_B1:ZN (OAI22_X1)          |        | 0.002       | 0.000      | 0.031      |             | 0.036  | 0.567r          |
| u_core.u_data_mem.gen_dcache.u_dcache.u_dcache_axi.writeback_req_i_14__reg_p_D_OAI22_X1_ZN_B2_MUX2_X1_Z_B_AOI21_X1_B2_ZN_NAND4_X1_A1_ZN_OR4_X1_A1_ZN_OAI22_X1_B1_ZN_AOI21_X1_B1_ZN_OAI22_X1_B1_ZN (net)               | 1      |             |            |            | 0.000       |        |                 |
| u_core.u_data_mem.gen_dcache.u_dcache.u_dcache_axi.writeback_req_i_14__reg_p_D_OAI22_X1_ZN_B2_MUX2_X1_Z_B_AOI21_X1_B2_ZN_NAND4_X1_A1_ZN_OR4_X1_A1_ZN_OAI22_X1_B1_ZN_AOI21_X1_B1_ZN_OAI22_X1_B1_ZN_BUF_X2_A:A (BUF_X2) |        | 0.002       | 0.000      | 0.031      |             | 0.000  | 0.567r          |
| u_core.u_data_mem.gen_dcache.u_dcache.u_dcache_axi.writeback_req_i_14__reg_p_D_OAI22_X1_ZN_B2_MUX2_X1_Z_B_AOI21_X1_B2_ZN_NAND4_X1_A1_ZN_OR4_X1_A1_ZN_OAI22_X1_B1_ZN_AOI21_X1_B1_ZN_OAI22_X1_B1_ZN_BUF_X2_A:Z (BUF_X2) |        | 0.036       | 0.000      | 0.045      |             | 0.068  | 0.634r          |
| u_core.completion_result_415__MUX2_X1_Z_S (net)                                                                                                                                                                       | 23     |             |            |            | 0.000       |        |                 |
| u_core.commit_39__reg_p_D_OAI33_X1_ZN_A3_AND2_X1_ZN_A1_AOI21_X1_B1_ZN_OAI21_X1_A_1_ZN_AND3_X1_A3:A1 (AND3_X1)                                                                                                         |        | 0.001       | 0.000      | 0.045      |             | 0.000  | 0.634r          |
| u_core.commit_39__reg_p_D_OAI33_X1_ZN_A3_AND2_X1_ZN_A1_AOI21_X1_B1_ZN_OAI21_X1_A_1_ZN_AND3_X1_A3:ZN (AND3_X1)                                                                                                         |        | 0.002       | 0.000      | 0.011      |             | 0.054  | 0.688r          |
| u_core.commit_39__reg_p_D_OAI33_X1_ZN_A3_AND2_X1_ZN_A1_AOI21_X1_B1_ZN_OAI21_X1_A_1_ZN_AND3_X1_A3_ZN (net)                                                                                                             | 1      |             |            |            | 0.000       |        |                 |
| u_core.commit_39__reg_p_D_OAI33_X1_ZN_A3_AND2_X1_ZN_A1_AOI21_X1_B1_ZN_OAI21_X1_A_1_ZN_AND3_X1_A3_ZN_BUF_X2_A:A (BUF_X2)                                                                                               |        | 0.002       | 0.000      | 0.011      |             | 0.000  | 0.688r          |
| u_core.commit_39__reg_p_D_OAI33_X1_ZN_A3_AND2_X1_ZN_A1_AOI21_X1_B1_ZN_OAI21_X1_A_1_ZN_AND3_X1_A3_ZN_BUF_X2_A:Z (BUF_X2)                                                                                               |        | 0.036       | 0.000      | 0.045      |             | 0.063  | 0.751r          |
| u_core.completion_result_233__AOI21_X1_ZN_A (net)                                                                                                                                                                     | 23     |             |            |            | 0.000       |        |                 |
| u_core.resolved_execute_result_208__OAI21_X1_B2_ZN_OAI21_X1_A:B1 (OAI21_X1)                                                                                                                                           |        | 0.002       | 0.000      | 0.045      |             | 0.000  | 0.751r          |
| u_core.resolved_execute_result_208__OAI21_X1_B2_ZN_OAI21_X1_A:ZN (OAI21_X1)                                                                                                                                           |        | 0.005       | 0.000      | 0.020      |             | 0.031  | 0.782f          |
| u_core.execute_packet_valid_reg_p_QN_NOR2_X1_A2_A1 (net)                                                                                                                                                              | 3      |             |            |            | 0.000       |        |                 |
| u_core.execute_packet_valid_reg_p_QN_NOR2_X1_A2:A1 (NOR2_X1)                                                                                                                                                          |        | 0.002       | 0.000      | 0.020      |             | 0.000  | 0.782f          |
| u_core.execute_packet_valid_reg_p_QN_NOR2_X1_A2:ZN (NOR2_X1)                                                                                                                                                          |        | 0.004       | 0.000      | 0.031      |             | 0.045  | 0.827r          |
| u_core.u_lsu.state_d_0__AND4_X1_ZN_A2 (net)                                                                                                                                                                           | 4      |             |            |            | 0.000       |        |                 |
| u_core.u_lsu.state_d_0__AND4_X1_ZN_A4_NAND4_X1_A2:A3 (NAND4_X1)                                                                                                                                                       |        | 0.002       | 0.000      | 0.031      |             | 0.000  | 0.827r          |
| u_core.u_lsu.state_d_0__AND4_X1_ZN_A4_NAND4_X1_A2:ZN (NAND4_X1)                                                                                                                                                       |        | 0.003       | 0.000      | 0.045      |             | 0.039  | 0.867f          |
| u_core.u_lsu.state_d_0__AND4_X1_ZN_A4_NAND4_X1_A2_ZN (net)                                                                                                                                                            | 2      |             |            |            | 0.000       |        |                 |
| u_core.u_lsu.state_d_0__AND4_X1_ZN_A4_NAND4_X1_A2_ZN_AOI21_X1_B1:B1 (AOI21_X1)                                                                                                                                        |        | 0.002       | 0.000      | 0.045      |             | 0.000  | 0.867f          |
| u_core.u_lsu.state_d_0__AND4_X1_ZN_A4_NAND4_X1_A2_ZN_AOI21_X1_B1:ZN (AOI21_X1)                                                                                                                                        |        | 0.011       | 0.000      | 0.070      |             | 0.094  | 0.961r          |
| u_core.u_lsu.state_d_0__AND4_X1_ZN_A4_NAND4_X1_A2_ZN_AOI21_X1_B1_ZN (net)                                                                                                                                             | 7      |             |            |            | 0.000       |        |                 |
| u_core.u_lsu.memory_writeback_91__reg_p_QN_NAND2_X1_A1_ZN_AOI211_X1_C2_ZN_NAND3_X1_A2_ZN_OAI211_X1_B_ZN_AOI221_X1_B1_ZN_NAND3_X1_A2_ZN_NAND4_X1_A1:A2 (NAND4_X1)                                                      |        | 0.002       | 0.000      | 0.070      |             | 0.000  | 0.961r          |
| u_core.u_lsu.memory_writeback_91__reg_p_QN_NAND2_X1_A1_ZN_AOI211_X1_C2_ZN_NAND3_X1_A2_ZN_OAI211_X1_B_ZN_AOI221_X1_B1_ZN_NAND3_X1_A2_ZN_NAND4_X1_A1:ZN (NAND4_X1)                                                      |        | 0.023       | 0.000      | 0.087      |             | 0.130  | 1.091f          |
| u_core.u_data_mem.u_uncached_axi.state_q_3__reg_p_D_AOI21_X1_ZN_B1_AOI21_X1_ZN_B1 (net)                                                                                                                               | 15     |             |            |            | 0.000       |        |                 |
| u_core.u_data_mem.u_uncached_axi.state_q_3__reg_p_D_AOI21_X1_ZN_B1_AOI21_X1_ZN_B1_INV_X2_A:A (INV_X2)                                                                                                                 |        | 0.003       | 0.000      | 0.087      |             | 0.000  | 1.091f          |
| u_core.u_data_mem.u_uncached_axi.state_q_3__reg_p_D_AOI21_X1_ZN_B1_AOI21_X1_ZN_B1_INV_X2_A:ZN (INV_X2)                                                                                                                |        | 0.036       | 0.000      | 0.053      |             | 0.093  | 1.184r          |
| u_core.u_data_mem.u_uncached_axi.request_context_q_66__OAI221_X1_C2_B1 (net)                                                                                                                                          | 22     |             |            |            | 0.000       |        |                 |
| u_core.u_data_mem.u_uncached_axi.request_context_q_66__OAI221_X1_C2_B1_BUF_X2_A_1:A (BUF_X2)                                                                                                                          |        | 0.002       | 0.000      | 0.053      |             | 0.000  | 1.184r          |
| u_core.u_data_mem.u_uncached_axi.request_context_q_66__OAI221_X1_C2_B1_BUF_X2_A_1:Z (BUF_X2)                                                                                                                          |        | 0.038       | 0.000      | 0.046      |             | 0.072  | 1.256r          |
| u_core.u_data_mem.u_uncached_axi.request_context_q_9__OAI221_X1_C2_B1 (net)                                                                                                                                           | 24     |             |            |            | 0.000       |        |                 |
| u_core.u_data_mem.u_uncached_axi.request_context_q_50__OR2_X1_A2_ZN_OAI221_X1_A:C2 (OAI221_X1)                                                                                                                        |        | 0.002       | 0.000      | 0.046      |             | 0.000  | 1.256r          |
| u_core.u_data_mem.u_uncached_axi.request_context_q_50__OR2_X1_A2_ZN_OAI221_X1_A:ZN (OAI221_X1)                                                                                                                        |        | 0.003       | 0.000      | 0.034      |             | 0.047  | 1.303f          |
| u_core.u_data_mem.u_uncached_axi.request_context_q_50__OR2_X1_A2_ZN_OAI221_X1_A_ZN (net)                                                                                                                              | 2      |             |            |            | 0.000       |        |                 |
| u_core.u_data_mem.gen_dcache.u_dcache.u_dcache_axi.writeback_context_q_12__AOI22_X1_A2_ZN_OAI21_X1_B1:A (OAI21_X1)                                                                                                    |        | 0.002       | 0.000      | 0.034      |             | 0.000  | 1.303f          |
| u_core.u_data_mem.gen_dcache.u_dcache.u_dcache_axi.writeback_context_q_12__AOI22_X1_A2_ZN_OAI21_X1_B1:ZN (OAI21_X1)                                                                                                   |        | 0.000       | 0.000      | 0.014      |             | 0.025  | 1.328r          |
| data_axi4_manager_o_116_ (port)                                                                                                                                                                                       |        | 0.000       | 0.000      | 0.014      |             | 0.000  | 1.328r          |
|                                                                                                                                                                                                                       |        |             |            |            |             |        |                 |
| clk_i (port)                                                                                                                                                                                                          |        | 0.938       | 0.000      | 0.100      |             | 0.000  | 0.000r          |
| clock core_clock (rise edge)                                                                                                                                                                                          |        |             |            |            |             | 1.851  | 1.851           |
| clock network delay (ideal)                                                                                                                                                                                           |        |             |            |            |             | 0.000  | 1.851           |
| clk_i (port)                                                                                                                                                                                                          |        |             |            |            |             |        | 1.851r          |
| output external max delay time                                                                                                                                                                                        |        |             |            |            |             | -0.370 | 1.481           |
|                                                                                                                                                                                                                       |        |             |            |            |             |        |                 |
| path cell delay                                                                                                                                                                                                       |        |             |            |            |             |        | 1.328(100.000%) |
| path net delay                                                                                                                                                                                                        |        |             |            |            |             |        | 0.000(0.000%)   |
|                                                                                                                                                                                                                       |        |             |            |            |             |        |                 |
| data require time                                                                                                                                                                                                     |        |             |            |            |             |        | 1.481           |
| data arrival time                                                                                                                                                                                                     |        |             |            |            |             |        | 1.328           |
| slack (MET)                                                                                                                                                                                                           |        |             |            |            |             |        | 0.153           |
+-----------------------------------------------------------------------------------------------------------------------------------------------------------------------------------------------------------------------+--------+-------------+------------+------------+-------------+--------+-----------------+
+-----------------------------------------------------------------------------------------------------------------------------------------------------------------------------------------------------------------------+--------+-------------+------------+------------+-------------+--------+-----------------+
| Point                                                                                                                                                                                                                 | Fanout | Capacitance | Resistance | Transition | Delta Delay | Incr   | Path            |
+-----------------------------------------------------------------------------------------------------------------------------------------------------------------------------------------------------------------------+--------+-------------+------------+------------+-------------+--------+-----------------+
| clk_i (port)                                                                                                                                                                                                          |        | 0.938       | 0.000      | 0.100      |             | 0.000  | 0.000r          |
| clk_i (clock net)                                                                                                                                                                                                     | 550    |             |            |            | NA          |        |                 |
| u_core.u_lsu.lsu_req_handshake_CLKGATE_X1_E:CK (CLKGATE_X1)                                                                                                                                                           |        | 0.002       | 0.000      | 0.000      |             | 0.000  | 0.000r          |
| u_core.u_lsu.lsu_req_handshake_CLKGATE_X1_E:GCK (CLKGATE_X1)                                                                                                                                                          |        | 0.164       | 0.000      | 0.000      |             | 0.000  | 0.000r          |
| u_core.lsu_pending_rd_0__reg_p_CK (clock net)                                                                                                                                                                         | 173    |             |            |            | NA          |        |                 |
| u_core.u_lsu.memory_writeback_256__reg_p:CK (DFF_X1)                                                                                                                                                                  |        | 0.001       | 0.000      | 0.000      |             | 0.000  | 0.000r          |
| clock core_clock (rise edge)                                                                                                                                                                                          |        |             |            |            |             | 0      | 0               |
| clock network delay (ideal)                                                                                                                                                                                           |        |             |            |            |             | 0.000  | 0.000           |
| u_core.u_lsu.memory_writeback_256__reg_p:CK (DFF_X1)                                                                                                                                                                  |        | 0.001       | 0.000      | 0.000      |             | 0.000  | 0.000r          |
| u_core.u_lsu.memory_writeback_256__reg_p:Q (DFF_X1)                                                                                                                                                                   |        | 0.023       | 0.000      | 0.057      |             | 0.136  | 0.136r          |
| u_core.u_lsu.memory_writeback_256_ (net)                                                                                                                                                                              | 14     |             |            |            | 0.000       |        |                 |
| u_core.u_lsu.memory_writeback_255__NOR3_X1_A3_A1_INV_X1_ZN:A (INV_X1)                                                                                                                                                 |        | 0.002       | 0.000      | 0.057      |             | 0.000  | 0.136r          |
| u_core.u_lsu.memory_writeback_255__NOR3_X1_A3_A1_INV_X1_ZN:ZN (INV_X1)                                                                                                                                                |        | 0.004       | 0.000      | 0.017      |             | 0.020  | 0.156f          |
| u_core.u_lsu.memory_writeback_255__NOR3_X1_A3_A1 (net)                                                                                                                                                                | 3      |             |            |            | 0.000       |        |                 |
| u_core.execute_packet_157__OAI21_X1_B2_A_NAND2_X1_ZN:A1 (NAND2_X1)                                                                                                                                                    |        | 0.002       | 0.000      | 0.017      |             | 0.000  | 0.156f          |
| u_core.execute_packet_157__OAI21_X1_B2_A_NAND2_X1_ZN:ZN (NAND2_X1)                                                                                                                                                    |        | 0.003       | 0.000      | 0.017      |             | 0.024  | 0.180r          |
| u_core.execute_packet_157__OAI21_X1_B2_A (net)                                                                                                                                                                        | 2      |             |            |            | 0.000       |        |                 |
| u_core.execute_packet_157__OAI21_X1_B2:A (OAI21_X1)                                                                                                                                                                   |        | 0.002       | 0.000      | 0.017      |             | 0.000  | 0.180r          |
| u_core.execute_packet_157__OAI21_X1_B2:ZN (OAI21_X1)                                                                                                                                                                  |        | 0.006       | 0.000      | 0.026      |             | 0.032  | 0.212f          |
| u_core.execute_packet_157__OAI21_X1_B2_ZN (net)                                                                                                                                                                       | 4      |             |            |            | 0.000       |        |                 |
| u_core.execute_packet_157__OAI21_X1_B2_ZN_INV_X1_A:A (INV_X1)                                                                                                                                                         |        | 0.002       | 0.000      | 0.026      |             | 0.000  | 0.212f          |
| u_core.execute_packet_157__OAI21_X1_B2_ZN_INV_X1_A:ZN (INV_X1)                                                                                                                                                        |        | 0.035       | 0.000      | 0.085      |             | 0.104  | 0.316r          |
| u_core.data_memory_req_40_ (net)                                                                                                                                                                                      | 23     |             |            |            | 0.000       |        |                 |
| u_core.data_memory_req_5__OAI22_X1_ZN_B1_OAI211_X1_ZN_C2_OR2_X1_ZN:A2 (OR2_X1)                                                                                                                                        |        | 0.001       | 0.000      | 0.085      |             | 0.000  | 0.316r          |
| u_core.data_memory_req_5__OAI22_X1_ZN_B1_OAI211_X1_ZN_C2_OR2_X1_ZN:ZN (OR2_X1)                                                                                                                                        |        | 0.006       | 0.000      | 0.020      |             | 0.052  | 0.368r          |
| u_core.data_memory_req_5__OAI22_X1_ZN_B1_OAI211_X1_ZN_C2 (net)                                                                                                                                                        | 4      |             |            |            | 0.000       |        |                 |
| u_core.data_memory_req_5__OAI22_X1_ZN_B1_OAI211_X1_ZN_C2_AOI22_X1_A1:A1 (AOI22_X1)                                                                                                                                    |        | 0.002       | 0.000      | 0.020      |             | 0.000  | 0.368r          |
| u_core.data_memory_req_5__OAI22_X1_ZN_B1_OAI211_X1_ZN_C2_AOI22_X1_A1:ZN (AOI22_X1)                                                                                                                                    |        | 0.003       | 0.000      | 0.018      |             | 0.022  | 0.390f          |
| u_core.data_memory_req_5__OAI22_X1_ZN_A1_OAI21_X1_B1_A (net)                                                                                                                                                          | 2      |             |            |            | 0.000       |        |                 |
| u_core.data_memory_req_5__OAI22_X1_ZN_A1_OAI21_X1_B1:A (OAI21_X1)                                                                                                                                                     |        | 0.002       | 0.000      | 0.018      |             | 0.000  | 0.390f          |
| u_core.data_memory_req_5__OAI22_X1_ZN_A1_OAI21_X1_B1:ZN (OAI21_X1)                                                                                                                                                    |        | 0.003       | 0.000      | 0.033      |             | 0.030  | 0.419r          |
| u_core.data_memory_req_5__OAI22_X1_ZN_A1_OAI21_X1_B1_ZN (net)                                                                                                                                                         | 1      |             |            |            | 0.000       |        |                 |
| u_core.data_memory_req_5__OAI22_X1_ZN_A1_OAI21_X1_B1_ZN_BUF_X4_A:A (BUF_X4)                                                                                                                                           |        | 0.003       | 0.000      | 0.033      |             | 0.000  | 0.419r          |
| u_core.data_memory_req_5__OAI22_X1_ZN_A1_OAI21_X1_B1_ZN_BUF_X4_A:Z (BUF_X4)                                                                                                                                           |        | 0.039       | 0.000      | 0.026      |             | 0.047  | 0.466r          |
| u_core.commit_39__reg_p_D_OAI33_X1_ZN_B1_OAI21_X1_ZN_A (net)                                                                                                                                                          | 24     |             |            |            | 0.000       |        |                 |
| u_core.u_lsu.pending_lsu_context_q_133__MUX2_X1_B_Z_AOI211_X1_B:A (AOI211_X1)                                                                                                                                         |        | 0.002       | 0.000      | 0.026      |             | 0.000  | 0.466r          |
| u_core.u_lsu.pending_lsu_context_q_133__MUX2_X1_B_Z_AOI211_X1_B:ZN (AOI211_X1)                                                                                                                                        |        | 0.001       | 0.000      | 0.022      |             | 0.017  | 0.483f          |
| u_core.u_lsu.pending_lsu_context_q_133__MUX2_X1_B_Z_AOI211_X1_B_ZN (net)                                                                                                                                              | 1      |             |            |            | 0.000       |        |                 |
| u_core.u_lsu.pending_lsu_context_q_133__MUX2_X1_B_Z_AOI211_X1_B_ZN_BUF_X1_A:A (BUF_X1)                                                                                                                                |        | 0.001       | 0.000      | 0.022      |             | 0.000  | 0.483f          |
| u_core.u_lsu.pending_lsu_context_q_133__MUX2_X1_B_Z_AOI211_X1_B_ZN_BUF_X1_A:Z (BUF_X1)                                                                                                                                |        | 0.011       | 0.000      | 0.015      |             | 0.047  | 0.531f          |
| u_core.resolved_execute_result_179__OAI221_X1_A_C1 (net)                                                                                                                                                              | 8      |             |            |            | 0.000       |        |                 |
| u_core.u_data_mem.gen_dcache.u_dcache.u_dcache_axi.writeback_req_i_14__reg_p_D_OAI22_X1_ZN_B2_MUX2_X1_Z_B_AOI21_X1_B2_ZN_NAND4_X1_A1_ZN_OR4_X1_A1_ZN_OAI22_X1_B1_ZN_AOI21_X1_B1_ZN_OAI22_X1_B1:A2 (OAI22_X1)          |        | 0.002       | 0.000      | 0.015      |             | 0.000  | 0.531f          |
| u_core.u_data_mem.gen_dcache.u_dcache.u_dcache_axi.writeback_req_i_14__reg_p_D_OAI22_X1_ZN_B2_MUX2_X1_Z_B_AOI21_X1_B2_ZN_NAND4_X1_A1_ZN_OR4_X1_A1_ZN_OAI22_X1_B1_ZN_AOI21_X1_B1_ZN_OAI22_X1_B1:ZN (OAI22_X1)          |        | 0.002       | 0.000      | 0.031      |             | 0.036  | 0.567r          |
| u_core.u_data_mem.gen_dcache.u_dcache.u_dcache_axi.writeback_req_i_14__reg_p_D_OAI22_X1_ZN_B2_MUX2_X1_Z_B_AOI21_X1_B2_ZN_NAND4_X1_A1_ZN_OR4_X1_A1_ZN_OAI22_X1_B1_ZN_AOI21_X1_B1_ZN_OAI22_X1_B1_ZN (net)               | 1      |             |            |            | 0.000       |        |                 |
| u_core.u_data_mem.gen_dcache.u_dcache.u_dcache_axi.writeback_req_i_14__reg_p_D_OAI22_X1_ZN_B2_MUX2_X1_Z_B_AOI21_X1_B2_ZN_NAND4_X1_A1_ZN_OR4_X1_A1_ZN_OAI22_X1_B1_ZN_AOI21_X1_B1_ZN_OAI22_X1_B1_ZN_BUF_X2_A:A (BUF_X2) |        | 0.002       | 0.000      | 0.031      |             | 0.000  | 0.567r          |
| u_core.u_data_mem.gen_dcache.u_dcache.u_dcache_axi.writeback_req_i_14__reg_p_D_OAI22_X1_ZN_B2_MUX2_X1_Z_B_AOI21_X1_B2_ZN_NAND4_X1_A1_ZN_OR4_X1_A1_ZN_OAI22_X1_B1_ZN_AOI21_X1_B1_ZN_OAI22_X1_B1_ZN_BUF_X2_A:Z (BUF_X2) |        | 0.036       | 0.000      | 0.045      |             | 0.068  | 0.634r          |
| u_core.completion_result_415__MUX2_X1_Z_S (net)                                                                                                                                                                       | 23     |             |            |            | 0.000       |        |                 |
| u_core.commit_39__reg_p_D_OAI33_X1_ZN_A3_AND2_X1_ZN_A1_AOI21_X1_B1_ZN_OAI21_X1_A_1_ZN_AND3_X1_A3:A1 (AND3_X1)                                                                                                         |        | 0.001       | 0.000      | 0.045      |             | 0.000  | 0.634r          |
| u_core.commit_39__reg_p_D_OAI33_X1_ZN_A3_AND2_X1_ZN_A1_AOI21_X1_B1_ZN_OAI21_X1_A_1_ZN_AND3_X1_A3:ZN (AND3_X1)                                                                                                         |        | 0.002       | 0.000      | 0.011      |             | 0.054  | 0.688r          |
| u_core.commit_39__reg_p_D_OAI33_X1_ZN_A3_AND2_X1_ZN_A1_AOI21_X1_B1_ZN_OAI21_X1_A_1_ZN_AND3_X1_A3_ZN (net)                                                                                                             | 1      |             |            |            | 0.000       |        |                 |
| u_core.commit_39__reg_p_D_OAI33_X1_ZN_A3_AND2_X1_ZN_A1_AOI21_X1_B1_ZN_OAI21_X1_A_1_ZN_AND3_X1_A3_ZN_BUF_X2_A:A (BUF_X2)                                                                                               |        | 0.002       | 0.000      | 0.011      |             | 0.000  | 0.688r          |
| u_core.commit_39__reg_p_D_OAI33_X1_ZN_A3_AND2_X1_ZN_A1_AOI21_X1_B1_ZN_OAI21_X1_A_1_ZN_AND3_X1_A3_ZN_BUF_X2_A:Z (BUF_X2)                                                                                               |        | 0.036       | 0.000      | 0.045      |             | 0.063  | 0.751r          |
| u_core.completion_result_233__AOI21_X1_ZN_A (net)                                                                                                                                                                     | 23     |             |            |            | 0.000       |        |                 |
| u_core.resolved_execute_result_208__OAI21_X1_B2_ZN_OAI21_X1_A:B1 (OAI21_X1)                                                                                                                                           |        | 0.002       | 0.000      | 0.045      |             | 0.000  | 0.751r          |
| u_core.resolved_execute_result_208__OAI21_X1_B2_ZN_OAI21_X1_A:ZN (OAI21_X1)                                                                                                                                           |        | 0.005       | 0.000      | 0.020      |             | 0.031  | 0.782f          |
| u_core.execute_packet_valid_reg_p_QN_NOR2_X1_A2_A1 (net)                                                                                                                                                              | 3      |             |            |            | 0.000       |        |                 |
| u_core.execute_packet_valid_reg_p_QN_NOR2_X1_A2:A1 (NOR2_X1)                                                                                                                                                          |        | 0.002       | 0.000      | 0.020      |             | 0.000  | 0.782f          |
| u_core.execute_packet_valid_reg_p_QN_NOR2_X1_A2:ZN (NOR2_X1)                                                                                                                                                          |        | 0.004       | 0.000      | 0.031      |             | 0.045  | 0.827r          |
| u_core.u_lsu.state_d_0__AND4_X1_ZN_A2 (net)                                                                                                                                                                           | 4      |             |            |            | 0.000       |        |                 |
| u_core.u_lsu.state_d_0__AND4_X1_ZN_A4_NAND4_X1_A2:A3 (NAND4_X1)                                                                                                                                                       |        | 0.002       | 0.000      | 0.031      |             | 0.000  | 0.827r          |
| u_core.u_lsu.state_d_0__AND4_X1_ZN_A4_NAND4_X1_A2:ZN (NAND4_X1)                                                                                                                                                       |        | 0.003       | 0.000      | 0.045      |             | 0.039  | 0.867f          |
| u_core.u_lsu.state_d_0__AND4_X1_ZN_A4_NAND4_X1_A2_ZN (net)                                                                                                                                                            | 2      |             |            |            | 0.000       |        |                 |
| u_core.u_lsu.state_d_0__AND4_X1_ZN_A4_NAND4_X1_A2_ZN_AOI21_X1_B1:B1 (AOI21_X1)                                                                                                                                        |        | 0.002       | 0.000      | 0.045      |             | 0.000  | 0.867f          |
| u_core.u_lsu.state_d_0__AND4_X1_ZN_A4_NAND4_X1_A2_ZN_AOI21_X1_B1:ZN (AOI21_X1)                                                                                                                                        |        | 0.011       | 0.000      | 0.070      |             | 0.094  | 0.961r          |
| u_core.u_lsu.state_d_0__AND4_X1_ZN_A4_NAND4_X1_A2_ZN_AOI21_X1_B1_ZN (net)                                                                                                                                             | 7      |             |            |            | 0.000       |        |                 |
| u_core.u_lsu.memory_writeback_91__reg_p_QN_NAND2_X1_A1_ZN_AOI211_X1_C2_ZN_NAND3_X1_A2_ZN_OAI211_X1_B_ZN_AOI221_X1_B1_ZN_NAND3_X1_A2_ZN_NAND4_X1_A1:A2 (NAND4_X1)                                                      |        | 0.002       | 0.000      | 0.070      |             | 0.000  | 0.961r          |
| u_core.u_lsu.memory_writeback_91__reg_p_QN_NAND2_X1_A1_ZN_AOI211_X1_C2_ZN_NAND3_X1_A2_ZN_OAI211_X1_B_ZN_AOI221_X1_B1_ZN_NAND3_X1_A2_ZN_NAND4_X1_A1:ZN (NAND4_X1)                                                      |        | 0.023       | 0.000      | 0.087      |             | 0.130  | 1.091f          |
| u_core.u_data_mem.u_uncached_axi.state_q_3__reg_p_D_AOI21_X1_ZN_B1_AOI21_X1_ZN_B1 (net)                                                                                                                               | 15     |             |            |            | 0.000       |        |                 |
| u_core.u_data_mem.u_uncached_axi.state_q_3__reg_p_D_AOI21_X1_ZN_B1_AOI21_X1_ZN_B1_INV_X2_A:A (INV_X2)                                                                                                                 |        | 0.003       | 0.000      | 0.087      |             | 0.000  | 1.091f          |
| u_core.u_data_mem.u_uncached_axi.state_q_3__reg_p_D_AOI21_X1_ZN_B1_AOI21_X1_ZN_B1_INV_X2_A:ZN (INV_X2)                                                                                                                |        | 0.036       | 0.000      | 0.053      |             | 0.093  | 1.184r          |
| u_core.u_data_mem.u_uncached_axi.request_context_q_66__OAI221_X1_C2_B1 (net)                                                                                                                                          | 22     |             |            |            | 0.000       |        |                 |
| u_core.u_data_mem.u_uncached_axi.request_context_q_66__OAI221_X1_C2_B1_BUF_X2_A_1:A (BUF_X2)                                                                                                                          |        | 0.002       | 0.000      | 0.053      |             | 0.000  | 1.184r          |
| u_core.u_data_mem.u_uncached_axi.request_context_q_66__OAI221_X1_C2_B1_BUF_X2_A_1:Z (BUF_X2)                                                                                                                          |        | 0.038       | 0.000      | 0.046      |             | 0.072  | 1.256r          |
| u_core.u_data_mem.u_uncached_axi.request_context_q_9__OAI221_X1_C2_B1 (net)                                                                                                                                           | 24     |             |            |            | 0.000       |        |                 |
| u_core.u_data_mem.u_uncached_axi.request_context_q_73__OR2_X1_A2_ZN_OAI221_X1_A:C2 (OAI221_X1)                                                                                                                        |        | 0.002       | 0.000      | 0.046      |             | 0.000  | 1.256r          |
| u_core.u_data_mem.u_uncached_axi.request_context_q_73__OR2_X1_A2_ZN_OAI221_X1_A:ZN (OAI221_X1)                                                                                                                        |        | 0.003       | 0.000      | 0.034      |             | 0.047  | 1.303f          |
| u_core.u_data_mem.u_uncached_axi.request_context_q_73__OR2_X1_A2_ZN_OAI221_X1_A_ZN (net)                                                                                                                              | 2      |             |            |            | 0.000       |        |                 |
| u_core.u_data_mem.gen_dcache.u_dcache.u_dcache_axi.writeback_context_q_35__AOI22_X1_A2_ZN_OAI21_X1_B1:A (OAI21_X1)                                                                                                    |        | 0.002       | 0.000      | 0.034      |             | 0.000  | 1.303f          |
| u_core.u_data_mem.gen_dcache.u_dcache.u_dcache_axi.writeback_context_q_35__AOI22_X1_A2_ZN_OAI21_X1_B1:ZN (OAI21_X1)                                                                                                   |        | 0.000       | 0.000      | 0.014      |             | 0.025  | 1.328r          |
| data_axi4_manager_o_139_ (port)                                                                                                                                                                                       |        | 0.000       | 0.000      | 0.014      |             | 0.000  | 1.328r          |
|                                                                                                                                                                                                                       |        |             |            |            |             |        |                 |
| clk_i (port)                                                                                                                                                                                                          |        | 0.938       | 0.000      | 0.100      |             | 0.000  | 0.000r          |
| clock core_clock (rise edge)                                                                                                                                                                                          |        |             |            |            |             | 1.851  | 1.851           |
| clock network delay (ideal)                                                                                                                                                                                           |        |             |            |            |             | 0.000  | 1.851           |
| clk_i (port)                                                                                                                                                                                                          |        |             |            |            |             |        | 1.851r          |
| output external max delay time                                                                                                                                                                                        |        |             |            |            |             | -0.370 | 1.481           |
|                                                                                                                                                                                                                       |        |             |            |            |             |        |                 |
| path cell delay                                                                                                                                                                                                       |        |             |            |            |             |        | 1.328(100.000%) |
| path net delay                                                                                                                                                                                                        |        |             |            |            |             |        | 0.000(0.000%)   |
|                                                                                                                                                                                                                       |        |             |            |            |             |        |                 |
| data require time                                                                                                                                                                                                     |        |             |            |            |             |        | 1.481           |
| data arrival time                                                                                                                                                                                                     |        |             |            |            |             |        | 1.328           |
| slack (MET)                                                                                                                                                                                                           |        |             |            |            |             |        | 0.153           |
+-----------------------------------------------------------------------------------------------------------------------------------------------------------------------------------------------------------------------+--------+-------------+------------+------------+-------------+--------+-----------------+
+--------------------------------------------------------------------------------------------------------------------+--------+-------------+------------+------------+-------------+--------+----------------+
| Point                                                                                                              | Fanout | Capacitance | Resistance | Transition | Delta Delay | Incr   | Path           |
+--------------------------------------------------------------------------------------------------------------------+--------+-------------+------------+------------+-------------+--------+----------------+
| timer_interrupt_i (port)                                                                                           |        | 0.003       | 0.000      | 0.100      |             | 0.000  | 0.000r         |
| clock core_clock (rise edge)                                                                                       |        |             |            |            |             | 0      | 0              |
| clock network delay (ideal)                                                                                        |        |             |            |            |             | 0.000  | 0.000          |
| timer_interrupt_i (port)                                                                                           |        | 0.003       | 0.000      | 0.100      |             | 0.370  | 0.370r         |
| timer_interrupt_i (net)                                                                                            | 2      |             |            |            | 0.000       |        |                |
| timer_interrupt_i_NAND3_X1_A1:A1 (NAND3_X1)                                                                        |        | 0.002       | 0.000      | 0.100      |             | 0.000  | 0.370r         |
| timer_interrupt_i_NAND3_X1_A1:ZN (NAND3_X1)                                                                        |        | 0.004       | 0.000      | 0.035      |             | 0.048  | 0.419f         |
| timer_interrupt_i_NAND3_X1_A1_ZN (net)                                                                             | 5      |             |            |            | 0.000       |        |                |
| u_core.execute_packet_valid_NOR3_X1_A3_ZN_NAND3_X1_A1_ZN_NOR4_X1_A3_A4_OR4_X1_ZN:A2 (OR4_X1)                       |        | 0.001       | 0.000      | 0.035      |             | 0.000  | 0.419f         |
| u_core.execute_packet_valid_NOR3_X1_A3_ZN_NAND3_X1_A1_ZN_NOR4_X1_A3_A4_OR4_X1_ZN:ZN (OR4_X1)                       |        | 0.003       | 0.000      | 0.020      |             | 0.118  | 0.536f         |
| u_core.execute_packet_valid_NOR3_X1_A3_ZN_NAND3_X1_A1_ZN_NOR4_X1_A3_A4 (net)                                       | 2      |             |            |            | 0.000       |        |                |
| u_core.execute_packet_valid_NOR3_X1_A3_ZN_NAND3_X1_A1_ZN_NOR4_X1_A3_1:A4 (NOR4_X1)                                 |        | 0.002       | 0.000      | 0.020      |             | 0.000  | 0.536f         |
| u_core.execute_packet_valid_NOR3_X1_A3_ZN_NAND3_X1_A1_ZN_NOR4_X1_A3_1:ZN (NOR4_X1)                                 |        | 0.020       | 0.000      | 0.226      |             | 0.290  | 0.826r         |
| u_core.commit_69__AOI21_X1_B1_A (net)                                                                              | 12     |             |            |            | 0.000       |        |                |
| u_core.csr_mepc_3__AOI22_X1_B1_A1_NOR4_X1_A3_A2_NOR4_X2_A2:A4 (NOR4_X2)                                            |        | 0.004       | 0.000      | 0.226      |             | 0.000  | 0.826r         |
| u_core.csr_mepc_3__AOI22_X1_B1_A1_NOR4_X1_A3_A2_NOR4_X2_A2:ZN (NOR4_X2)                                            |        | 0.025       | 0.000      | 0.063      |             | 0.060  | 0.886f         |
| u_core.u_lsu.state_d_0__AND4_X1_ZN_A4_NAND4_X1_A2_A1 (net)                                                         | 16     |             |            |            | 0.000       |        |                |
| u_core.u_icache.miss_lookup_resp_valid_reg_p_QN_NAND3_X1_A2_ZN_NAND4_X2_A4:A2 (NAND4_X2)                           |        | 0.003       | 0.000      | 0.063      |             | 0.000  | 0.886f         |
| u_core.u_icache.miss_lookup_resp_valid_reg_p_QN_NAND3_X1_A2_ZN_NAND4_X2_A4:ZN (NAND4_X2)                           |        | 0.020       | 0.000      | 0.038      |             | 0.067  | 0.953r         |
| u_core.execute_packet_8__reg_p_D_AND4_X1_ZN_A4_AOI21_X1_ZN_B1 (net)                                                | 12     |             |            |            | 0.000       |        |                |
| u_core.execute_packet_8__reg_p_D_AND4_X1_ZN_A4_AOI21_X1_ZN_B1_NAND2_X1_A1:A1 (NAND2_X1)                            |        | 0.002       | 0.000      | 0.038      |             | 0.000  | 0.953r         |
| u_core.execute_packet_8__reg_p_D_AND4_X1_ZN_A4_AOI21_X1_ZN_B1_NAND2_X1_A1:ZN (NAND2_X1)                            |        | 0.021       | 0.000      | 0.043      |             | 0.067  | 1.020f         |
| u_core.execute_packet_valid_reg_p_D_AND4_X1_ZN_A4 (net)                                                            | 16     |             |            |            | 0.000       |        |                |
| u_core.execute_packet_4__reg_p_D_NOR4_X1_ZN_A4_INV_X1_ZN:A (INV_X1)                                                |        | 0.002       | 0.000      | 0.043      |             | 0.000  | 1.020f         |
| u_core.execute_packet_4__reg_p_D_NOR4_X1_ZN_A4_INV_X1_ZN:ZN (INV_X1)                                               |        | 0.017       | 0.000      | 0.044      |             | 0.070  | 1.090r         |
| u_core.execute_packet_4__reg_p_D_NOR4_X1_ZN_A4 (net)                                                               | 11     |             |            |            | 0.000       |        |                |
| u_core.decoded_execute_packet_140__AOI211_X1_ZN_C1_NOR4_X1_A1_ZN_AOI21_X1_B1_ZN_NOR3_X1_A2:A1 (NOR3_X1)            |        | 0.002       | 0.000      | 0.044      |             | 0.000  | 1.090r         |
| u_core.decoded_execute_packet_140__AOI211_X1_ZN_C1_NOR4_X1_A1_ZN_AOI21_X1_B1_ZN_NOR3_X1_A2:ZN (NOR3_X1)            |        | 0.004       | 0.000      | 0.015      |             | 0.021  | 1.111f         |
| u_core.decoded_execute_packet_79__AOI22_X1_ZN_A2_AOI21_X1_ZN_B1_NOR4_X1_ZN_A3_NOR4_X1_A2_A3 (net)                  | 3      |             |            |            | 0.000       |        |                |
| u_core.execute_serializing_instruction_present_AOI21_X1_A_ZN_AND3_X1_A2_ZN_OAI21_X1_A_B2_AOI21_X1_ZN:B2 (AOI21_X1) |        | 0.002       | 0.000      | 0.015      |             | 0.000  | 1.111f         |
| u_core.execute_serializing_instruction_present_AOI21_X1_A_ZN_AND3_X1_A2_ZN_OAI21_X1_A_B2_AOI21_X1_ZN:ZN (AOI21_X1) |        | 0.002       | 0.000      | 0.023      |             | 0.035  | 1.146r         |
| u_core.execute_serializing_instruction_present_AOI21_X1_A_ZN_AND3_X1_A2_ZN_OAI21_X1_A_B2 (net)                     | 1      |             |            |            | 0.000       |        |                |
| u_core.execute_serializing_instruction_present_AOI21_X1_A_ZN_AND3_X1_A2_ZN_OAI21_X1_A:B2 (OAI21_X1)                |        | 0.002       | 0.000      | 0.023      |             | 0.000  | 1.146r         |
| u_core.execute_serializing_instruction_present_AOI21_X1_A_ZN_AND3_X1_A2_ZN_OAI21_X1_A:ZN (OAI21_X1)                |        | 0.003       | 0.000      | 0.014      |             | 0.023  | 1.169f         |
| u_core.execute_serializing_instruction_present_AOI21_X1_A_ZN_AND3_X1_A2_ZN_OAI21_X1_A_ZN (net)                     | 2      |             |            |            | 0.000       |        |                |
| u_core.execute_serializing_instruction_present_AOI21_X1_A_ZN_AND3_X1_A2_ZN_OAI21_X1_A_ZN_OAI33_X1_A1:A1 (OAI33_X1) |        | 0.002       | 0.000      | 0.014      |             | 0.000  | 1.169f         |
| u_core.execute_serializing_instruction_present_AOI21_X1_A_ZN_AND3_X1_A2_ZN_OAI21_X1_A_ZN_OAI33_X1_A1:ZN (OAI33_X1) |        | 0.006       | 0.000      | 0.090      |             | 0.077  | 1.246r         |
| u_core.u_fetch_buffer.entry_count_d_1__AOI211_X1_ZN_C2_NAND4_X1_ZN_A2 (net)                                        | 4      |             |            |            | 0.000       |        |                |
| u_core.u_icache.u_riscv32_icache_miss_unit.state_d_0__AOI21_X1_ZN_B1_AOI21_X1_ZN_B1_AOI211_X1_ZN:C1 (AOI211_X1)    |        | 0.002       | 0.000      | 0.090      |             | 0.000  | 1.246r         |
| u_core.u_icache.u_riscv32_icache_miss_unit.state_d_0__AOI21_X1_ZN_B1_AOI21_X1_ZN_B1_AOI211_X1_ZN:ZN (AOI211_X1)    |        | 0.003       | 0.000      | 0.026      |             | 0.029  | 1.275f         |
| u_core.u_icache.u_riscv32_icache_miss_unit.state_d_0__AOI21_X1_ZN_B1_AOI21_X1_ZN_B1 (net)                          | 2      |             |            |            | 0.000       |        |                |
| u_core.u_icache.miss_lookup_resp_valid_reg_p_QN_NAND2_X1_A2_ZN_OAI21_X1_B2:B1 (OAI21_X1)                           |        | 0.002       | 0.000      | 0.026      |             | 0.000  | 1.275f         |
| u_core.u_icache.miss_lookup_resp_valid_reg_p_QN_NAND2_X1_A2_ZN_OAI21_X1_B2:ZN (OAI21_X1)                           |        | 0.006       | 0.000      | 0.039      |             | 0.056  | 1.331r         |
| u_core.u_icache.lookup_s1_ready (net)                                                                              | 3      |             |            |            | 0.000       |        |                |
| u_core.u_fence_i_ctrl.icache_lookup_stalled_q_reg_p_QN_OAI21_X1_A_ZN_NAND3_X2_A1:A2 (NAND3_X2)                     |        | 0.003       | 0.000      | 0.039      |             | 0.000  | 1.331r         |
| u_core.u_fence_i_ctrl.icache_lookup_stalled_q_reg_p_QN_OAI21_X1_A_ZN_NAND3_X2_A1:ZN (NAND3_X2)                     |        | 0.023       | 0.000      | 0.038      |             | 0.061  | 1.392f         |
| u_core.u_icache.array_read_enable_NOR2_X1_ZN_A1 (net)                                                              | 15     |             |            |            | 0.000       |        |                |
| u_core.frontend_recovery_event_NOR2_X2_A1_A2_NAND2_X2_ZN:A1 (NAND2_X2)                                             |        | 0.003       | 0.000      | 0.038      |             | 0.000  | 1.392f         |
| u_core.frontend_recovery_event_NOR2_X2_A1_A2_NAND2_X2_ZN:ZN (NAND2_X2)                                             |        | 0.019       | 0.000      | 0.030      |             | 0.050  | 1.441r         |
| u_core.frontend_recovery_event_NOR2_X2_A1_A2 (net)                                                                 | 12     |             |            |            | 0.000       |        |                |
| u_core.frontend_recovery_event_NOR2_X2_A1_A2_OAI211_X1_A:A (OAI211_X1)                                             |        | 0.002       | 0.000      | 0.030      |             | 0.000  | 1.441r         |
| u_core.frontend_recovery_event_NOR2_X2_A1_A2_OAI211_X1_A:ZN (OAI211_X1)                                            |        | 0.002       | 0.000      | 0.028      |             | 0.034  | 1.475f         |
| u_core.frontend_recovery_event_NOR2_X2_A1_A2_OAI211_X1_A_ZN (net)                                                  | 1      |             |            |            | 0.000       |        |                |
| u_core.frontend_recovery_event_NOR2_X2_A1_A2_OAI211_X1_A_ZN_BUF_X2_A:A (BUF_X2)                                    |        | 0.002       | 0.000      | 0.028      |             | 0.000  | 1.475f         |
| u_core.frontend_recovery_event_NOR2_X2_A1_A2_OAI211_X1_A_ZN_BUF_X2_A:Z (BUF_X2)                                    |        | 0.028       | 0.000      | 0.018      |             | 0.053  | 1.528f         |
| u_core.u_ifu.predictor_fetch_pc_d_3__OAI21_X1_ZN_B2 (net)                                                          | 19     |             |            |            | 0.000       |        |                |
| u_core.u_ifu.lookup_queue_entry_count_q_0__reg_p_CK_CLKGATE_X1_GCK_E_OAI211_X1_ZN_A_OAI21_X1_ZN:B1 (OAI21_X1)      |        | 0.002       | 0.000      | 0.018      |             | 0.000  | 1.528f         |
| u_core.u_ifu.lookup_queue_entry_count_q_0__reg_p_CK_CLKGATE_X1_GCK_E_OAI211_X1_ZN_A_OAI21_X1_ZN:ZN (OAI21_X1)      |        | 0.002       | 0.000      | 0.022      |             | 0.032  | 1.560r         |
| u_core.u_ifu.lookup_queue_entry_count_q_0__reg_p_CK_CLKGATE_X1_GCK_E_OAI211_X1_ZN_A (net)                          | 1      |             |            |            | 0.000       |        |                |
| u_core.u_ifu.lookup_queue_entry_count_q_0__reg_p_CK_CLKGATE_X1_GCK_E_OAI211_X1_ZN:A (OAI211_X1)                    |        | 0.002       | 0.000      | 0.022      |             | 0.000  | 1.560r         |
| u_core.u_ifu.lookup_queue_entry_count_q_0__reg_p_CK_CLKGATE_X1_GCK_E_OAI211_X1_ZN:ZN (OAI211_X1)                   |        | 0.001       | 0.000      | 0.024      |             | 0.028  | 1.588f         |
| u_core.u_ifu.lookup_queue_entry_count_q_0__reg_p_CK_CLKGATE_X1_GCK_E (net)                                         | 1      |             |            |            | 0.000       |        |                |
| u_core.u_ifu.lookup_queue_entry_count_q_0__reg_p_CK_CLKGATE_X1_GCK:E (CLKGATE_X1)                                  |        | 0.001       | 0.000      | 0.024      |             | 0.000  | 1.588f         |
|                                                                                                                    |        |             |            |            |             |        |                |
| clk_i (port)                                                                                                       |        | 0.938       | 0.000      | 0.100      |             | 0.000  | 0.000r         |
| clk_i (clock net)                                                                                                  | 550    |             |            |            | NA          |        |                |
| u_core.u_ifu.lookup_queue_entry_count_q_0__reg_p_CK_CLKGATE_X1_GCK:CK (CLKGATE_X1)                                 |        | 0.002       | 0.000      | 0.000      |             | 0.000  | 0.000r         |
| clock core_clock (rise edge)                                                                                       |        |             |            |            |             | 1.851  | 1.851          |
| clock network delay (ideal)                                                                                        |        |             |            |            |             | 0.000  | 1.851          |
| u_core.u_ifu.lookup_queue_entry_count_q_0__reg_p_CK_CLKGATE_X1_GCK:CK (CLKGATE_X1)                                 |        |             |            |            |             |        | 1.851r         |
| library setup time                                                                                                 |        |             |            |            |             | -0.052 | 1.799          |
| clock reconvergence pessimism                                                                                      |        |             |            |            |             | 0.000  | 1.799          |
|                                                                                                                    |        |             |            |            |             |        |                |
| path cell delay                                                                                                    |        |             |            |            |             |        | 1.218(76.677%) |
| path net delay                                                                                                     |        |             |            |            |             |        | 0.000(0.000%)  |
|                                                                                                                    |        |             |            |            |             |        |                |
| data require time                                                                                                  |        |             |            |            |             |        | 1.799          |
| data arrival time                                                                                                  |        |             |            |            |             |        | 1.588          |
| slack (MET)                                                                                                        |        |             |            |            |             |        | 0.211          |
+--------------------------------------------------------------------------------------------------------------------+--------+-------------+------------+------------+-------------+--------+----------------+
+--------------------------------------------------------------------------------------------------------------------+--------+-------------+------------+------------+-------------+--------+----------------+
| Point                                                                                                              | Fanout | Capacitance | Resistance | Transition | Delta Delay | Incr   | Path           |
+--------------------------------------------------------------------------------------------------------------------+--------+-------------+------------+------------+-------------+--------+----------------+
| timer_interrupt_i (port)                                                                                           |        | 0.003       | 0.000      | 0.100      |             | 0.000  | 0.000r         |
| clock core_clock (rise edge)                                                                                       |        |             |            |            |             | 0      | 0              |
| clock network delay (ideal)                                                                                        |        |             |            |            |             | 0.000  | 0.000          |
| timer_interrupt_i (port)                                                                                           |        | 0.003       | 0.000      | 0.100      |             | 0.370  | 0.370r         |
| timer_interrupt_i (net)                                                                                            | 2      |             |            |            | 0.000       |        |                |
| timer_interrupt_i_NAND3_X1_A1:A1 (NAND3_X1)                                                                        |        | 0.002       | 0.000      | 0.100      |             | 0.000  | 0.370r         |
| timer_interrupt_i_NAND3_X1_A1:ZN (NAND3_X1)                                                                        |        | 0.004       | 0.000      | 0.035      |             | 0.048  | 0.419f         |
| timer_interrupt_i_NAND3_X1_A1_ZN (net)                                                                             | 5      |             |            |            | 0.000       |        |                |
| u_core.execute_packet_valid_NOR3_X1_A3_ZN_NAND3_X1_A1_ZN_NOR4_X1_A3_A4_OR4_X1_ZN:A2 (OR4_X1)                       |        | 0.001       | 0.000      | 0.035      |             | 0.000  | 0.419f         |
| u_core.execute_packet_valid_NOR3_X1_A3_ZN_NAND3_X1_A1_ZN_NOR4_X1_A3_A4_OR4_X1_ZN:ZN (OR4_X1)                       |        | 0.003       | 0.000      | 0.020      |             | 0.118  | 0.536f         |
| u_core.execute_packet_valid_NOR3_X1_A3_ZN_NAND3_X1_A1_ZN_NOR4_X1_A3_A4 (net)                                       | 2      |             |            |            | 0.000       |        |                |
| u_core.execute_packet_valid_NOR3_X1_A3_ZN_NAND3_X1_A1_ZN_NOR4_X1_A3_1:A4 (NOR4_X1)                                 |        | 0.002       | 0.000      | 0.020      |             | 0.000  | 0.536f         |
| u_core.execute_packet_valid_NOR3_X1_A3_ZN_NAND3_X1_A1_ZN_NOR4_X1_A3_1:ZN (NOR4_X1)                                 |        | 0.020       | 0.000      | 0.226      |             | 0.290  | 0.826r         |
| u_core.commit_69__AOI21_X1_B1_A (net)                                                                              | 12     |             |            |            | 0.000       |        |                |
| u_core.csr_mepc_3__AOI22_X1_B1_A1_NOR4_X1_A3_A2_NOR4_X2_A2:A4 (NOR4_X2)                                            |        | 0.004       | 0.000      | 0.226      |             | 0.000  | 0.826r         |
| u_core.csr_mepc_3__AOI22_X1_B1_A1_NOR4_X1_A3_A2_NOR4_X2_A2:ZN (NOR4_X2)                                            |        | 0.025       | 0.000      | 0.063      |             | 0.060  | 0.886f         |
| u_core.u_lsu.state_d_0__AND4_X1_ZN_A4_NAND4_X1_A2_A1 (net)                                                         | 16     |             |            |            | 0.000       |        |                |
| u_core.u_icache.miss_lookup_resp_valid_reg_p_QN_NAND3_X1_A2_ZN_NAND4_X2_A4:A2 (NAND4_X2)                           |        | 0.003       | 0.000      | 0.063      |             | 0.000  | 0.886f         |
| u_core.u_icache.miss_lookup_resp_valid_reg_p_QN_NAND3_X1_A2_ZN_NAND4_X2_A4:ZN (NAND4_X2)                           |        | 0.020       | 0.000      | 0.038      |             | 0.067  | 0.953r         |
| u_core.execute_packet_8__reg_p_D_AND4_X1_ZN_A4_AOI21_X1_ZN_B1 (net)                                                | 12     |             |            |            | 0.000       |        |                |
| u_core.decoded_execute_packet_47__AOI22_X1_ZN_A2_AOI21_X1_ZN_B1_AOI21_X1_ZN:B1 (AOI21_X1)                          |        | 0.002       | 0.000      | 0.038      |             | 0.000  | 0.953r         |
| u_core.decoded_execute_packet_47__AOI22_X1_ZN_A2_AOI21_X1_ZN_B1_AOI21_X1_ZN:ZN (AOI21_X1)                          |        | 0.004       | 0.000      | 0.018      |             | 0.030  | 0.983f         |
| u_core.decoded_execute_packet_47__AOI22_X1_ZN_A2_AOI21_X1_ZN_B1 (net)                                              | 3      |             |            |            | 0.000       |        |                |
| u_core.decoded_execute_packet_47__AOI22_X1_ZN_A2_AOI21_X1_ZN_B1_NAND4_X1_A3:A3 (NAND4_X1)                          |        | 0.002       | 0.000      | 0.018      |             | 0.000  | 0.983f         |
| u_core.decoded_execute_packet_47__AOI22_X1_ZN_A2_AOI21_X1_ZN_B1_NAND4_X1_A3:ZN (NAND4_X1)                          |        | 0.002       | 0.000      | 0.016      |             | 0.027  | 1.010r         |
| u_core.decoded_execute_packet_47__AOI22_X1_ZN_A2_AOI21_X1_ZN_B1_NAND4_X1_A3_ZN (net)                               | 1      |             |            |            | 0.000       |        |                |
| u_core.decoded_execute_packet_47__AOI22_X1_ZN_A2_AOI21_X1_ZN_B1_NAND4_X1_A3_ZN_BUF_X2_A:A (BUF_X2)                 |        | 0.002       | 0.000      | 0.016      |             | 0.000  | 1.010r         |
| u_core.decoded_execute_packet_47__AOI22_X1_ZN_A2_AOI21_X1_ZN_B1_NAND4_X1_A3_ZN_BUF_X2_A:Z (BUF_X2)                 |        | 0.026       | 0.000      | 0.034      |             | 0.053  | 1.063r         |
| u_core.decoded_execute_packet_35__OAI21_X1_ZN_A_OAI211_X1_ZN_A (net)                                               | 17     |             |            |            | 0.000       |        |                |
| u_core.execute_serializing_instruction_present_AOI21_X1_A_ZN_AND3_X1_A2_A3_AND4_X1_A1:A2 (AND4_X1)                 |        | 0.001       | 0.000      | 0.034      |             | 0.000  | 1.063r         |
| u_core.execute_serializing_instruction_present_AOI21_X1_A_ZN_AND3_X1_A2_A3_AND4_X1_A1:ZN (AND4_X1)                 |        | 0.008       | 0.000      | 0.027      |             | 0.082  | 1.145r         |
| u_core.resolved_execute_result_164__NAND3_X1_A1_A3 (net)                                                           | 6      |             |            |            | 0.000       |        |                |
| u_core.execute_serializing_instruction_present_AOI21_X1_A_ZN_AND3_X1_A2_ZN_OAI21_X1_A_B2_AOI21_X1_ZN:A (AOI21_X1)  |        | 0.002       | 0.000      | 0.027      |             | 0.000  | 1.145r         |
| u_core.execute_serializing_instruction_present_AOI21_X1_A_ZN_AND3_X1_A2_ZN_OAI21_X1_A_B2_AOI21_X1_ZN:ZN (AOI21_X1) |        | 0.002       | 0.000      | 0.013      |             | 0.018  | 1.162f         |
| u_core.execute_serializing_instruction_present_AOI21_X1_A_ZN_AND3_X1_A2_ZN_OAI21_X1_A_B2 (net)                     | 1      |             |            |            | 0.000       |        |                |
| u_core.execute_serializing_instruction_present_AOI21_X1_A_ZN_AND3_X1_A2_ZN_OAI21_X1_A:B2 (OAI21_X1)                |        | 0.002       | 0.000      | 0.013      |             | 0.000  | 1.162f         |
| u_core.execute_serializing_instruction_present_AOI21_X1_A_ZN_AND3_X1_A2_ZN_OAI21_X1_A:ZN (OAI21_X1)                |        | 0.003       | 0.000      | 0.029      |             | 0.045  | 1.207r         |
| u_core.execute_serializing_instruction_present_AOI21_X1_A_ZN_AND3_X1_A2_ZN_OAI21_X1_A_ZN (net)                     | 2      |             |            |            | 0.000       |        |                |
| u_core.execute_serializing_instruction_present_AOI21_X1_A_ZN_AND3_X1_A2_ZN_OAI21_X1_A_ZN_OAI33_X1_A1:A1 (OAI33_X1) |        | 0.002       | 0.000      | 0.029      |             | 0.000  | 1.207r         |
| u_core.execute_serializing_instruction_present_AOI21_X1_A_ZN_AND3_X1_A2_ZN_OAI21_X1_A_ZN_OAI33_X1_A1:ZN (OAI33_X1) |        | 0.005       | 0.000      | 0.024      |             | 0.036  | 1.243f         |
| u_core.u_fetch_buffer.entry_count_d_1__AOI211_X1_ZN_C2_NAND4_X1_ZN_A2 (net)                                        | 4      |             |            |            | 0.000       |        |                |
| u_core.u_icache.u_riscv32_icache_miss_unit.state_d_0__AOI21_X1_ZN_B1_AOI21_X1_ZN_B1_AOI211_X1_ZN:C1 (AOI211_X1)    |        | 0.002       | 0.000      | 0.024      |             | 0.000  | 1.243f         |
| u_core.u_icache.u_riscv32_icache_miss_unit.state_d_0__AOI21_X1_ZN_B1_AOI21_X1_ZN_B1_AOI211_X1_ZN:ZN (AOI211_X1)    |        | 0.003       | 0.000      | 0.053      |             | 0.061  | 1.304r         |
| u_core.u_icache.u_riscv32_icache_miss_unit.state_d_0__AOI21_X1_ZN_B1_AOI21_X1_ZN_B1 (net)                          | 2      |             |            |            | 0.000       |        |                |
| u_core.u_icache.miss_lookup_resp_valid_reg_p_QN_NAND2_X1_A2_ZN_OAI21_X1_B2:B1 (OAI21_X1)                           |        | 0.002       | 0.000      | 0.053      |             | 0.000  | 1.304r         |
| u_core.u_icache.miss_lookup_resp_valid_reg_p_QN_NAND2_X1_A2_ZN_OAI21_X1_B2:ZN (OAI21_X1)                           |        | 0.005       | 0.000      | 0.023      |             | 0.036  | 1.340f         |
| u_core.u_icache.lookup_s1_ready (net)                                                                              | 3      |             |            |            | 0.000       |        |                |
| u_core.u_fence_i_ctrl.icache_lookup_stalled_q_reg_p_QN_OAI21_X1_A_ZN_NAND3_X2_A1:A2 (NAND3_X2)                     |        | 0.003       | 0.000      | 0.023      |             | 0.000  | 1.340f         |
| u_core.u_fence_i_ctrl.icache_lookup_stalled_q_reg_p_QN_OAI21_X1_A_ZN_NAND3_X2_A1:ZN (NAND3_X2)                     |        | 0.025       | 0.000      | 0.038      |             | 0.053  | 1.393r         |
| u_core.u_icache.array_read_enable_NOR2_X1_ZN_A1 (net)                                                              | 15     |             |            |            | 0.000       |        |                |
| u_core.frontend_recovery_event_NOR2_X2_A1_A2_NAND2_X2_ZN:A1 (NAND2_X2)                                             |        | 0.003       | 0.000      | 0.038      |             | 0.000  | 1.393r         |
| u_core.frontend_recovery_event_NOR2_X2_A1_A2_NAND2_X2_ZN:ZN (NAND2_X2)                                             |        | 0.019       | 0.000      | 0.028      |             | 0.040  | 1.433f         |
| u_core.frontend_recovery_event_NOR2_X2_A1_A2 (net)                                                                 | 12     |             |            |            | 0.000       |        |                |
| u_core.frontend_recovery_event_NOR2_X2_A1:A2 (NOR2_X2)                                                             |        | 0.003       | 0.000      | 0.028      |             | 0.000  | 1.433f         |
| u_core.frontend_recovery_event_NOR2_X2_A1:ZN (NOR2_X2)                                                             |        | 0.028       | 0.000      | 0.072      |             | 0.098  | 1.532r         |
| u_core.frontend_recovery_event_NOR2_X2_A1_ZN (net)                                                                 | 17     |             |            |            | 0.000       |        |                |
| u_core.u_ifu.predictor_fetch_pc_d_2__OAI221_X1_ZN_B2_INV_X1_ZN:A (INV_X1)                                          |        | 0.002       | 0.000      | 0.072      |             | 0.000  | 1.532r         |
| u_core.u_ifu.predictor_fetch_pc_d_2__OAI221_X1_ZN_B2_INV_X1_ZN:ZN (INV_X1)                                         |        | 0.013       | 0.000      | 0.029      |             | 0.042  | 1.574f         |
| u_core.u_ifu.predictor_fetch_pc_d_2__OAI221_X1_ZN_B2 (net)                                                         | 9      |             |            |            | 0.000       |        |                |
| u_core.u_ifu.predictor_fetch_pc_d_2__OAI221_X1_ZN_B2_CLKGATE_X1_E:E (CLKGATE_X1)                                   |        | 0.001       | 0.000      | 0.029      |             | 0.000  | 1.574f         |
|                                                                                                                    |        |             |            |            |             |        |                |
| clk_i (port)                                                                                                       |        | 0.938       | 0.000      | 0.100      |             | 0.000  | 0.000r         |
| clk_i (clock net)                                                                                                  | 550    |             |            |            | NA          |        |                |
| u_core.u_ifu.predictor_fetch_pc_d_2__OAI221_X1_ZN_B2_CLKGATE_X1_E:CK (CLKGATE_X1)                                  |        | 0.002       | 0.000      | 0.000      |             | 0.000  | 0.000r         |
| clock core_clock (rise edge)                                                                                       |        |             |            |            |             | 1.851  | 1.851          |
| clock network delay (ideal)                                                                                        |        |             |            |            |             | 0.000  | 1.851          |
| u_core.u_ifu.predictor_fetch_pc_d_2__OAI221_X1_ZN_B2_CLKGATE_X1_E:CK (CLKGATE_X1)                                  |        |             |            |            |             |        | 1.851r         |
| library setup time                                                                                                 |        |             |            |            |             | -0.053 | 1.798          |
| clock reconvergence pessimism                                                                                      |        |             |            |            |             | 0.000  | 1.798          |
|                                                                                                                    |        |             |            |            |             |        |                |
| path cell delay                                                                                                    |        |             |            |            |             |        | 1.203(76.465%) |
| path net delay                                                                                                     |        |             |            |            |             |        | 0.000(0.000%)  |
|                                                                                                                    |        |             |            |            |             |        |                |
| data require time                                                                                                  |        |             |            |            |             |        | 1.798          |
| data arrival time                                                                                                  |        |             |            |            |             |        | 1.574          |
| slack (MET)                                                                                                        |        |             |            |            |             |        | 0.224          |
+--------------------------------------------------------------------------------------------------------------------+--------+-------------+------------+------------+-------------+--------+----------------+
+--------------------------------------------------------------------------------------------------------------------+--------+-------------+------------+------------+-------------+--------+----------------+
| Point                                                                                                              | Fanout | Capacitance | Resistance | Transition | Delta Delay | Incr   | Path           |
+--------------------------------------------------------------------------------------------------------------------+--------+-------------+------------+------------+-------------+--------+----------------+
| timer_interrupt_i (port)                                                                                           |        | 0.003       | 0.000      | 0.100      |             | 0.000  | 0.000r         |
| clock core_clock (rise edge)                                                                                       |        |             |            |            |             | 0      | 0              |
| clock network delay (ideal)                                                                                        |        |             |            |            |             | 0.000  | 0.000          |
| timer_interrupt_i (port)                                                                                           |        | 0.003       | 0.000      | 0.100      |             | 0.370  | 0.370r         |
| timer_interrupt_i (net)                                                                                            | 2      |             |            |            | 0.000       |        |                |
| timer_interrupt_i_NAND3_X1_A1:A1 (NAND3_X1)                                                                        |        | 0.002       | 0.000      | 0.100      |             | 0.000  | 0.370r         |
| timer_interrupt_i_NAND3_X1_A1:ZN (NAND3_X1)                                                                        |        | 0.004       | 0.000      | 0.035      |             | 0.048  | 0.419f         |
| timer_interrupt_i_NAND3_X1_A1_ZN (net)                                                                             | 5      |             |            |            | 0.000       |        |                |
| u_core.execute_packet_valid_NOR3_X1_A3_ZN_NAND3_X1_A1_ZN_NOR4_X1_A3_A4_OR4_X1_ZN:A2 (OR4_X1)                       |        | 0.001       | 0.000      | 0.035      |             | 0.000  | 0.419f         |
| u_core.execute_packet_valid_NOR3_X1_A3_ZN_NAND3_X1_A1_ZN_NOR4_X1_A3_A4_OR4_X1_ZN:ZN (OR4_X1)                       |        | 0.003       | 0.000      | 0.020      |             | 0.118  | 0.536f         |
| u_core.execute_packet_valid_NOR3_X1_A3_ZN_NAND3_X1_A1_ZN_NOR4_X1_A3_A4 (net)                                       | 2      |             |            |            | 0.000       |        |                |
| u_core.execute_packet_valid_NOR3_X1_A3_ZN_NAND3_X1_A1_ZN_NOR4_X1_A3_1:A4 (NOR4_X1)                                 |        | 0.002       | 0.000      | 0.020      |             | 0.000  | 0.536f         |
| u_core.execute_packet_valid_NOR3_X1_A3_ZN_NAND3_X1_A1_ZN_NOR4_X1_A3_1:ZN (NOR4_X1)                                 |        | 0.020       | 0.000      | 0.226      |             | 0.290  | 0.826r         |
| u_core.commit_69__AOI21_X1_B1_A (net)                                                                              | 12     |             |            |            | 0.000       |        |                |
| u_core.csr_mepc_3__AOI22_X1_B1_A1_NOR4_X1_A3_A2_NOR4_X2_A2:A4 (NOR4_X2)                                            |        | 0.004       | 0.000      | 0.226      |             | 0.000  | 0.826r         |
| u_core.csr_mepc_3__AOI22_X1_B1_A1_NOR4_X1_A3_A2_NOR4_X2_A2:ZN (NOR4_X2)                                            |        | 0.025       | 0.000      | 0.063      |             | 0.060  | 0.886f         |
| u_core.u_lsu.state_d_0__AND4_X1_ZN_A4_NAND4_X1_A2_A1 (net)                                                         | 16     |             |            |            | 0.000       |        |                |
| u_core.u_icache.miss_lookup_resp_valid_reg_p_QN_NAND3_X1_A2_ZN_NAND4_X2_A4:A2 (NAND4_X2)                           |        | 0.003       | 0.000      | 0.063      |             | 0.000  | 0.886f         |
| u_core.u_icache.miss_lookup_resp_valid_reg_p_QN_NAND3_X1_A2_ZN_NAND4_X2_A4:ZN (NAND4_X2)                           |        | 0.020       | 0.000      | 0.038      |             | 0.067  | 0.953r         |
| u_core.execute_packet_8__reg_p_D_AND4_X1_ZN_A4_AOI21_X1_ZN_B1 (net)                                                | 12     |             |            |            | 0.000       |        |                |
| u_core.decoded_execute_packet_47__AOI22_X1_ZN_A2_AOI21_X1_ZN_B1_AOI21_X1_ZN:B1 (AOI21_X1)                          |        | 0.002       | 0.000      | 0.038      |             | 0.000  | 0.953r         |
| u_core.decoded_execute_packet_47__AOI22_X1_ZN_A2_AOI21_X1_ZN_B1_AOI21_X1_ZN:ZN (AOI21_X1)                          |        | 0.004       | 0.000      | 0.018      |             | 0.030  | 0.983f         |
| u_core.decoded_execute_packet_47__AOI22_X1_ZN_A2_AOI21_X1_ZN_B1 (net)                                              | 3      |             |            |            | 0.000       |        |                |
| u_core.decoded_execute_packet_47__AOI22_X1_ZN_A2_AOI21_X1_ZN_B1_NAND4_X1_A3:A3 (NAND4_X1)                          |        | 0.002       | 0.000      | 0.018      |             | 0.000  | 0.983f         |
| u_core.decoded_execute_packet_47__AOI22_X1_ZN_A2_AOI21_X1_ZN_B1_NAND4_X1_A3:ZN (NAND4_X1)                          |        | 0.002       | 0.000      | 0.016      |             | 0.027  | 1.010r         |
| u_core.decoded_execute_packet_47__AOI22_X1_ZN_A2_AOI21_X1_ZN_B1_NAND4_X1_A3_ZN (net)                               | 1      |             |            |            | 0.000       |        |                |
| u_core.decoded_execute_packet_47__AOI22_X1_ZN_A2_AOI21_X1_ZN_B1_NAND4_X1_A3_ZN_BUF_X2_A:A (BUF_X2)                 |        | 0.002       | 0.000      | 0.016      |             | 0.000  | 1.010r         |
| u_core.decoded_execute_packet_47__AOI22_X1_ZN_A2_AOI21_X1_ZN_B1_NAND4_X1_A3_ZN_BUF_X2_A:Z (BUF_X2)                 |        | 0.026       | 0.000      | 0.034      |             | 0.053  | 1.063r         |
| u_core.decoded_execute_packet_35__OAI21_X1_ZN_A_OAI211_X1_ZN_A (net)                                               | 17     |             |            |            | 0.000       |        |                |
| u_core.execute_serializing_instruction_present_AOI21_X1_A_ZN_AND3_X1_A2_A3_AND4_X1_A1:A2 (AND4_X1)                 |        | 0.001       | 0.000      | 0.034      |             | 0.000  | 1.063r         |
| u_core.execute_serializing_instruction_present_AOI21_X1_A_ZN_AND3_X1_A2_A3_AND4_X1_A1:ZN (AND4_X1)                 |        | 0.008       | 0.000      | 0.027      |             | 0.082  | 1.145r         |
| u_core.resolved_execute_result_164__NAND3_X1_A1_A3 (net)                                                           | 6      |             |            |            | 0.000       |        |                |
| u_core.execute_serializing_instruction_present_AOI21_X1_A_ZN_AND3_X1_A2_ZN_OAI21_X1_A_B2_AOI21_X1_ZN:A (AOI21_X1)  |        | 0.002       | 0.000      | 0.027      |             | 0.000  | 1.145r         |
| u_core.execute_serializing_instruction_present_AOI21_X1_A_ZN_AND3_X1_A2_ZN_OAI21_X1_A_B2_AOI21_X1_ZN:ZN (AOI21_X1) |        | 0.002       | 0.000      | 0.013      |             | 0.018  | 1.162f         |
| u_core.execute_serializing_instruction_present_AOI21_X1_A_ZN_AND3_X1_A2_ZN_OAI21_X1_A_B2 (net)                     | 1      |             |            |            | 0.000       |        |                |
| u_core.execute_serializing_instruction_present_AOI21_X1_A_ZN_AND3_X1_A2_ZN_OAI21_X1_A:B2 (OAI21_X1)                |        | 0.002       | 0.000      | 0.013      |             | 0.000  | 1.162f         |
| u_core.execute_serializing_instruction_present_AOI21_X1_A_ZN_AND3_X1_A2_ZN_OAI21_X1_A:ZN (OAI21_X1)                |        | 0.003       | 0.000      | 0.029      |             | 0.045  | 1.207r         |
| u_core.execute_serializing_instruction_present_AOI21_X1_A_ZN_AND3_X1_A2_ZN_OAI21_X1_A_ZN (net)                     | 2      |             |            |            | 0.000       |        |                |
| u_core.execute_serializing_instruction_present_AOI21_X1_A_ZN_AND3_X1_A2_ZN_OAI21_X1_A_ZN_OAI33_X1_A1:A1 (OAI33_X1) |        | 0.002       | 0.000      | 0.029      |             | 0.000  | 1.207r         |
| u_core.execute_serializing_instruction_present_AOI21_X1_A_ZN_AND3_X1_A2_ZN_OAI21_X1_A_ZN_OAI33_X1_A1:ZN (OAI33_X1) |        | 0.005       | 0.000      | 0.024      |             | 0.036  | 1.243f         |
| u_core.u_fetch_buffer.entry_count_d_1__AOI211_X1_ZN_C2_NAND4_X1_ZN_A2 (net)                                        | 4      |             |            |            | 0.000       |        |                |
| u_core.u_icache.u_riscv32_icache_miss_unit.state_d_0__AOI21_X1_ZN_B1_AOI21_X1_ZN_B1_AOI211_X1_ZN:C1 (AOI211_X1)    |        | 0.002       | 0.000      | 0.024      |             | 0.000  | 1.243f         |
| u_core.u_icache.u_riscv32_icache_miss_unit.state_d_0__AOI21_X1_ZN_B1_AOI21_X1_ZN_B1_AOI211_X1_ZN:ZN (AOI211_X1)    |        | 0.003       | 0.000      | 0.053      |             | 0.061  | 1.304r         |
| u_core.u_icache.u_riscv32_icache_miss_unit.state_d_0__AOI21_X1_ZN_B1_AOI21_X1_ZN_B1 (net)                          | 2      |             |            |            | 0.000       |        |                |
| u_core.u_icache.miss_lookup_resp_valid_reg_p_QN_NAND2_X1_A2_ZN_OAI21_X1_B2:B1 (OAI21_X1)                           |        | 0.002       | 0.000      | 0.053      |             | 0.000  | 1.304r         |
| u_core.u_icache.miss_lookup_resp_valid_reg_p_QN_NAND2_X1_A2_ZN_OAI21_X1_B2:ZN (OAI21_X1)                           |        | 0.005       | 0.000      | 0.023      |             | 0.036  | 1.340f         |
| u_core.u_icache.lookup_s1_ready (net)                                                                              | 3      |             |            |            | 0.000       |        |                |
| u_core.u_fence_i_ctrl.icache_lookup_stalled_q_reg_p_QN_OAI21_X1_A_ZN_NAND3_X2_A1:A2 (NAND3_X2)                     |        | 0.003       | 0.000      | 0.023      |             | 0.000  | 1.340f         |
| u_core.u_fence_i_ctrl.icache_lookup_stalled_q_reg_p_QN_OAI21_X1_A_ZN_NAND3_X2_A1:ZN (NAND3_X2)                     |        | 0.025       | 0.000      | 0.038      |             | 0.053  | 1.393r         |
| u_core.u_icache.array_read_enable_NOR2_X1_ZN_A1 (net)                                                              | 15     |             |            |            | 0.000       |        |                |
| u_core.frontend_recovery_event_NOR2_X2_A1_A2_NAND2_X2_ZN:A1 (NAND2_X2)                                             |        | 0.003       | 0.000      | 0.038      |             | 0.000  | 1.393r         |
| u_core.frontend_recovery_event_NOR2_X2_A1_A2_NAND2_X2_ZN:ZN (NAND2_X2)                                             |        | 0.019       | 0.000      | 0.028      |             | 0.040  | 1.433f         |
| u_core.frontend_recovery_event_NOR2_X2_A1_A2 (net)                                                                 | 12     |             |            |            | 0.000       |        |                |
| u_core.frontend_recovery_event_NOR2_X2_A1_A2_OAI211_X1_A:A (OAI211_X1)                                             |        | 0.002       | 0.000      | 0.028      |             | 0.000  | 1.433f         |
| u_core.frontend_recovery_event_NOR2_X2_A1_A2_OAI211_X1_A:ZN (OAI211_X1)                                            |        | 0.002       | 0.000      | 0.032      |             | 0.031  | 1.464r         |
| u_core.frontend_recovery_event_NOR2_X2_A1_A2_OAI211_X1_A_ZN (net)                                                  | 1      |             |            |            | 0.000       |        |                |
| u_core.frontend_recovery_event_NOR2_X2_A1_A2_OAI211_X1_A_ZN_BUF_X2_A:A (BUF_X2)                                    |        | 0.002       | 0.000      | 0.032      |             | 0.000  | 1.464r         |
| u_core.frontend_recovery_event_NOR2_X2_A1_A2_OAI211_X1_A_ZN_BUF_X2_A:Z (BUF_X2)                                    |        | 0.030       | 0.000      | 0.038      |             | 0.061  | 1.524r         |
| u_core.u_ifu.predictor_fetch_pc_d_3__OAI21_X1_ZN_B2 (net)                                                          | 19     |             |            |            | 0.000       |        |                |
| u_core.u_ifu.lookup_queue_entry_count_q_0__reg_p_CK_CLKGATE_X1_GCK_E_OAI211_X1_ZN_A_OAI21_X1_ZN:B1 (OAI21_X1)      |        | 0.002       | 0.000      | 0.038      |             | 0.000  | 1.524r         |
| u_core.u_ifu.lookup_queue_entry_count_q_0__reg_p_CK_CLKGATE_X1_GCK_E_OAI211_X1_ZN_A_OAI21_X1_ZN:ZN (OAI21_X1)      |        | 0.002       | 0.000      | 0.025      |             | 0.021  | 1.545f         |
| u_core.u_ifu.lookup_queue_entry_count_q_0__reg_p_CK_CLKGATE_X1_GCK_E_OAI211_X1_ZN_A (net)                          | 1      |             |            |            | 0.000       |        |                |
| u_core.u_ifu.lookup_queue_entry_count_q_0__reg_p_CK_CLKGATE_X1_GCK_E_OAI211_X1_ZN:A (OAI211_X1)                    |        | 0.002       | 0.000      | 0.025      |             | 0.000  | 1.545f         |
| u_core.u_ifu.lookup_queue_entry_count_q_0__reg_p_CK_CLKGATE_X1_GCK_E_OAI211_X1_ZN:ZN (OAI211_X1)                   |        | 0.001       | 0.000      | 0.022      |             | 0.026  | 1.571r         |
| u_core.u_ifu.lookup_queue_entry_count_q_0__reg_p_CK_CLKGATE_X1_GCK_E (net)                                         | 1      |             |            |            | 0.000       |        |                |
| u_core.u_ifu.lookup_queue_entry_count_q_0__reg_p_CK_CLKGATE_X1_GCK:E (CLKGATE_X1)                                  |        | 0.001       | 0.000      | 0.022      |             | 0.000  | 1.571r         |
|                                                                                                                    |        |             |            |            |             |        |                |
| clk_i (port)                                                                                                       |        | 0.938       | 0.000      | 0.100      |             | 0.000  | 0.000r         |
| clk_i (clock net)                                                                                                  | 550    |             |            |            | NA          |        |                |
| u_core.u_ifu.lookup_queue_entry_count_q_0__reg_p_CK_CLKGATE_X1_GCK:CK (CLKGATE_X1)                                 |        | 0.002       | 0.000      | 0.000      |             | 0.000  | 0.000r         |
| clock core_clock (rise edge)                                                                                       |        |             |            |            |             | 1.851  | 1.851          |
| clock network delay (ideal)                                                                                        |        |             |            |            |             | 0.000  | 1.851          |
| u_core.u_ifu.lookup_queue_entry_count_q_0__reg_p_CK_CLKGATE_X1_GCK:CK (CLKGATE_X1)                                 |        |             |            |            |             |        | 1.851r         |
| library setup time                                                                                                 |        |             |            |            |             | -0.053 | 1.798          |
| clock reconvergence pessimism                                                                                      |        |             |            |            |             | 0.000  | 1.798          |
|                                                                                                                    |        |             |            |            |             |        |                |
| path cell delay                                                                                                    |        |             |            |            |             |        | 1.201(76.426%) |
| path net delay                                                                                                     |        |             |            |            |             |        | 0.000(0.000%)  |
|                                                                                                                    |        |             |            |            |             |        |                |
| data require time                                                                                                  |        |             |            |            |             |        | 1.798          |
| data arrival time                                                                                                  |        |             |            |            |             |        | 1.571          |
| slack (MET)                                                                                                        |        |             |            |            |             |        | 0.227          |
+--------------------------------------------------------------------------------------------------------------------+--------+-------------+------------+------------+-------------+--------+----------------+
+--------------------------------------------------------------------------------------------------------------------+--------+-------------+------------+------------+-------------+--------+----------------+
| Point                                                                                                              | Fanout | Capacitance | Resistance | Transition | Delta Delay | Incr   | Path           |
+--------------------------------------------------------------------------------------------------------------------+--------+-------------+------------+------------+-------------+--------+----------------+
| timer_interrupt_i (port)                                                                                           |        | 0.003       | 0.000      | 0.100      |             | 0.000  | 0.000r         |
| clock core_clock (rise edge)                                                                                       |        |             |            |            |             | 0      | 0              |
| clock network delay (ideal)                                                                                        |        |             |            |            |             | 0.000  | 0.000          |
| timer_interrupt_i (port)                                                                                           |        | 0.003       | 0.000      | 0.100      |             | 0.370  | 0.370r         |
| timer_interrupt_i (net)                                                                                            | 2      |             |            |            | 0.000       |        |                |
| timer_interrupt_i_NAND3_X1_A1:A1 (NAND3_X1)                                                                        |        | 0.002       | 0.000      | 0.100      |             | 0.000  | 0.370r         |
| timer_interrupt_i_NAND3_X1_A1:ZN (NAND3_X1)                                                                        |        | 0.004       | 0.000      | 0.035      |             | 0.048  | 0.419f         |
| timer_interrupt_i_NAND3_X1_A1_ZN (net)                                                                             | 5      |             |            |            | 0.000       |        |                |
| u_core.execute_packet_valid_NOR3_X1_A3_ZN_NAND3_X1_A1_ZN_NOR4_X1_A3_A4_OR4_X1_ZN:A2 (OR4_X1)                       |        | 0.001       | 0.000      | 0.035      |             | 0.000  | 0.419f         |
| u_core.execute_packet_valid_NOR3_X1_A3_ZN_NAND3_X1_A1_ZN_NOR4_X1_A3_A4_OR4_X1_ZN:ZN (OR4_X1)                       |        | 0.003       | 0.000      | 0.020      |             | 0.118  | 0.536f         |
| u_core.execute_packet_valid_NOR3_X1_A3_ZN_NAND3_X1_A1_ZN_NOR4_X1_A3_A4 (net)                                       | 2      |             |            |            | 0.000       |        |                |
| u_core.execute_packet_valid_NOR3_X1_A3_ZN_NAND3_X1_A1_ZN_NOR4_X1_A3_1:A4 (NOR4_X1)                                 |        | 0.002       | 0.000      | 0.020      |             | 0.000  | 0.536f         |
| u_core.execute_packet_valid_NOR3_X1_A3_ZN_NAND3_X1_A1_ZN_NOR4_X1_A3_1:ZN (NOR4_X1)                                 |        | 0.020       | 0.000      | 0.226      |             | 0.290  | 0.826r         |
| u_core.commit_69__AOI21_X1_B1_A (net)                                                                              | 12     |             |            |            | 0.000       |        |                |
| u_core.csr_mepc_3__AOI22_X1_B1_A1_NOR4_X1_A3_A2_NOR4_X2_A2:A4 (NOR4_X2)                                            |        | 0.004       | 0.000      | 0.226      |             | 0.000  | 0.826r         |
| u_core.csr_mepc_3__AOI22_X1_B1_A1_NOR4_X1_A3_A2_NOR4_X2_A2:ZN (NOR4_X2)                                            |        | 0.025       | 0.000      | 0.063      |             | 0.060  | 0.886f         |
| u_core.u_lsu.state_d_0__AND4_X1_ZN_A4_NAND4_X1_A2_A1 (net)                                                         | 16     |             |            |            | 0.000       |        |                |
| u_core.u_icache.miss_lookup_resp_valid_reg_p_QN_NAND3_X1_A2_ZN_NAND4_X2_A4:A2 (NAND4_X2)                           |        | 0.003       | 0.000      | 0.063      |             | 0.000  | 0.886f         |
| u_core.u_icache.miss_lookup_resp_valid_reg_p_QN_NAND3_X1_A2_ZN_NAND4_X2_A4:ZN (NAND4_X2)                           |        | 0.020       | 0.000      | 0.038      |             | 0.067  | 0.953r         |
| u_core.execute_packet_8__reg_p_D_AND4_X1_ZN_A4_AOI21_X1_ZN_B1 (net)                                                | 12     |             |            |            | 0.000       |        |                |
| u_core.execute_packet_8__reg_p_D_AND4_X1_ZN_A4_AOI21_X1_ZN_B1_NAND2_X1_A1:A1 (NAND2_X1)                            |        | 0.002       | 0.000      | 0.038      |             | 0.000  | 0.953r         |
| u_core.execute_packet_8__reg_p_D_AND4_X1_ZN_A4_AOI21_X1_ZN_B1_NAND2_X1_A1:ZN (NAND2_X1)                            |        | 0.021       | 0.000      | 0.043      |             | 0.067  | 1.020f         |
| u_core.execute_packet_valid_reg_p_D_AND4_X1_ZN_A4 (net)                                                            | 16     |             |            |            | 0.000       |        |                |
| u_core.execute_packet_4__reg_p_D_NOR4_X1_ZN_A4_INV_X1_ZN:A (INV_X1)                                                |        | 0.002       | 0.000      | 0.043      |             | 0.000  | 1.020f         |
| u_core.execute_packet_4__reg_p_D_NOR4_X1_ZN_A4_INV_X1_ZN:ZN (INV_X1)                                               |        | 0.017       | 0.000      | 0.044      |             | 0.070  | 1.090r         |
| u_core.execute_packet_4__reg_p_D_NOR4_X1_ZN_A4 (net)                                                               | 11     |             |            |            | 0.000       |        |                |
| u_core.decoded_execute_packet_140__AOI211_X1_ZN_C1_NOR4_X1_A1_ZN_AOI21_X1_B1_ZN_NOR3_X1_A2:A1 (NOR3_X1)            |        | 0.002       | 0.000      | 0.044      |             | 0.000  | 1.090r         |
| u_core.decoded_execute_packet_140__AOI211_X1_ZN_C1_NOR4_X1_A1_ZN_AOI21_X1_B1_ZN_NOR3_X1_A2:ZN (NOR3_X1)            |        | 0.004       | 0.000      | 0.015      |             | 0.021  | 1.111f         |
| u_core.decoded_execute_packet_79__AOI22_X1_ZN_A2_AOI21_X1_ZN_B1_NOR4_X1_ZN_A3_NOR4_X1_A2_A3 (net)                  | 3      |             |            |            | 0.000       |        |                |
| u_core.execute_serializing_instruction_present_AOI21_X1_A_ZN_AND3_X1_A2_ZN_OAI21_X1_A_B2_AOI21_X1_ZN:B2 (AOI21_X1) |        | 0.002       | 0.000      | 0.015      |             | 0.000  | 1.111f         |
| u_core.execute_serializing_instruction_present_AOI21_X1_A_ZN_AND3_X1_A2_ZN_OAI21_X1_A_B2_AOI21_X1_ZN:ZN (AOI21_X1) |        | 0.002       | 0.000      | 0.023      |             | 0.035  | 1.146r         |
| u_core.execute_serializing_instruction_present_AOI21_X1_A_ZN_AND3_X1_A2_ZN_OAI21_X1_A_B2 (net)                     | 1      |             |            |            | 0.000       |        |                |
| u_core.execute_serializing_instruction_present_AOI21_X1_A_ZN_AND3_X1_A2_ZN_OAI21_X1_A:B2 (OAI21_X1)                |        | 0.002       | 0.000      | 0.023      |             | 0.000  | 1.146r         |
| u_core.execute_serializing_instruction_present_AOI21_X1_A_ZN_AND3_X1_A2_ZN_OAI21_X1_A:ZN (OAI21_X1)                |        | 0.003       | 0.000      | 0.014      |             | 0.023  | 1.169f         |
| u_core.execute_serializing_instruction_present_AOI21_X1_A_ZN_AND3_X1_A2_ZN_OAI21_X1_A_ZN (net)                     | 2      |             |            |            | 0.000       |        |                |
| u_core.execute_serializing_instruction_present_AOI21_X1_A_ZN_AND3_X1_A2_ZN_OAI21_X1_A_ZN_OAI33_X1_A1:A1 (OAI33_X1) |        | 0.002       | 0.000      | 0.014      |             | 0.000  | 1.169f         |
| u_core.execute_serializing_instruction_present_AOI21_X1_A_ZN_AND3_X1_A2_ZN_OAI21_X1_A_ZN_OAI33_X1_A1:ZN (OAI33_X1) |        | 0.006       | 0.000      | 0.090      |             | 0.077  | 1.246r         |
| u_core.u_fetch_buffer.entry_count_d_1__AOI211_X1_ZN_C2_NAND4_X1_ZN_A2 (net)                                        | 4      |             |            |            | 0.000       |        |                |
| u_core.u_icache.u_riscv32_icache_miss_unit.state_d_0__AOI21_X1_ZN_B1_AOI21_X1_ZN_B1_AOI211_X1_ZN:C1 (AOI211_X1)    |        | 0.002       | 0.000      | 0.090      |             | 0.000  | 1.246r         |
| u_core.u_icache.u_riscv32_icache_miss_unit.state_d_0__AOI21_X1_ZN_B1_AOI21_X1_ZN_B1_AOI211_X1_ZN:ZN (AOI211_X1)    |        | 0.003       | 0.000      | 0.026      |             | 0.029  | 1.275f         |
| u_core.u_icache.u_riscv32_icache_miss_unit.state_d_0__AOI21_X1_ZN_B1_AOI21_X1_ZN_B1 (net)                          | 2      |             |            |            | 0.000       |        |                |
| u_core.u_icache.miss_lookup_resp_valid_reg_p_QN_NAND2_X1_A2_ZN_OAI21_X1_B2:B1 (OAI21_X1)                           |        | 0.002       | 0.000      | 0.026      |             | 0.000  | 1.275f         |
| u_core.u_icache.miss_lookup_resp_valid_reg_p_QN_NAND2_X1_A2_ZN_OAI21_X1_B2:ZN (OAI21_X1)                           |        | 0.006       | 0.000      | 0.039      |             | 0.056  | 1.331r         |
| u_core.u_icache.lookup_s1_ready (net)                                                                              | 3      |             |            |            | 0.000       |        |                |
| u_core.u_fence_i_ctrl.icache_lookup_stalled_q_reg_p_QN_OAI21_X1_A_ZN_NAND3_X2_A1:A2 (NAND3_X2)                     |        | 0.003       | 0.000      | 0.039      |             | 0.000  | 1.331r         |
| u_core.u_fence_i_ctrl.icache_lookup_stalled_q_reg_p_QN_OAI21_X1_A_ZN_NAND3_X2_A1:ZN (NAND3_X2)                     |        | 0.023       | 0.000      | 0.038      |             | 0.061  | 1.392f         |
| u_core.u_icache.array_read_enable_NOR2_X1_ZN_A1 (net)                                                              | 15     |             |            |            | 0.000       |        |                |
| u_core.frontend_recovery_event_NOR2_X2_A1_A2_NAND2_X2_ZN:A1 (NAND2_X2)                                             |        | 0.003       | 0.000      | 0.038      |             | 0.000  | 1.392f         |
| u_core.frontend_recovery_event_NOR2_X2_A1_A2_NAND2_X2_ZN:ZN (NAND2_X2)                                             |        | 0.019       | 0.000      | 0.030      |             | 0.050  | 1.441r         |
| u_core.frontend_recovery_event_NOR2_X2_A1_A2 (net)                                                                 | 12     |             |            |            | 0.000       |        |                |
| u_core.frontend_recovery_event_NOR2_X2_A1_A2_OAI211_X1_A:A (OAI211_X1)                                             |        | 0.002       | 0.000      | 0.030      |             | 0.000  | 1.441r         |
| u_core.frontend_recovery_event_NOR2_X2_A1_A2_OAI211_X1_A:ZN (OAI211_X1)                                            |        | 0.002       | 0.000      | 0.028      |             | 0.034  | 1.475f         |
| u_core.frontend_recovery_event_NOR2_X2_A1_A2_OAI211_X1_A_ZN (net)                                                  | 1      |             |            |            | 0.000       |        |                |
| u_core.frontend_recovery_event_NOR2_X2_A1_A2_OAI211_X1_A_ZN_BUF_X2_A:A (BUF_X2)                                    |        | 0.002       | 0.000      | 0.028      |             | 0.000  | 1.475f         |
| u_core.frontend_recovery_event_NOR2_X2_A1_A2_OAI211_X1_A_ZN_BUF_X2_A:Z (BUF_X2)                                    |        | 0.028       | 0.000      | 0.018      |             | 0.053  | 1.528f         |
| u_core.u_ifu.predictor_fetch_pc_d_3__OAI21_X1_ZN_B2 (net)                                                          | 19     |             |            |            | 0.000       |        |                |
| u_core.u_ifu.lookup_queue_write_index_q_reg_p_CK_CLKGATE_X1_GCK_E_OAI22_X1_ZN:A2 (OAI22_X1)                        |        | 0.002       | 0.000      | 0.018      |             | 0.000  | 1.528f         |
| u_core.u_ifu.lookup_queue_write_index_q_reg_p_CK_CLKGATE_X1_GCK_E_OAI22_X1_ZN:ZN (OAI22_X1)                        |        | 0.001       | 0.000      | 0.028      |             | 0.032  | 1.560r         |
| u_core.u_ifu.lookup_queue_write_index_q_reg_p_CK_CLKGATE_X1_GCK_E (net)                                            | 1      |             |            |            | 0.000       |        |                |
| u_core.u_ifu.lookup_queue_write_index_q_reg_p_CK_CLKGATE_X1_GCK:E (CLKGATE_X1)                                     |        | 0.001       | 0.000      | 0.028      |             | 0.000  | 1.560r         |
|                                                                                                                    |        |             |            |            |             |        |                |
| clk_i (port)                                                                                                       |        | 0.938       | 0.000      | 0.100      |             | 0.000  | 0.000r         |
| clk_i (clock net)                                                                                                  | 550    |             |            |            | NA          |        |                |
| u_core.u_ifu.lookup_queue_write_index_q_reg_p_CK_CLKGATE_X1_GCK:CK (CLKGATE_X1)                                    |        | 0.002       | 0.000      | 0.000      |             | 0.000  | 0.000r         |
| clock core_clock (rise edge)                                                                                       |        |             |            |            |             | 1.851  | 1.851          |
| clock network delay (ideal)                                                                                        |        |             |            |            |             | 0.000  | 1.851          |
| u_core.u_ifu.lookup_queue_write_index_q_reg_p_CK_CLKGATE_X1_GCK:CK (CLKGATE_X1)                                    |        |             |            |            |             |        | 1.851r         |
| library setup time                                                                                                 |        |             |            |            |             | -0.054 | 1.797          |
| clock reconvergence pessimism                                                                                      |        |             |            |            |             | 0.000  | 1.797          |
|                                                                                                                    |        |             |            |            |             |        |                |
| path cell delay                                                                                                    |        |             |            |            |             |        | 1.190(76.258%) |
| path net delay                                                                                                     |        |             |            |            |             |        | 0.000(0.000%)  |
|                                                                                                                    |        |             |            |            |             |        |                |
| data require time                                                                                                  |        |             |            |            |             |        | 1.797          |
| data arrival time                                                                                                  |        |             |            |            |             |        | 1.560          |
| slack (MET)                                                                                                        |        |             |            |            |             |        | 0.237          |
+--------------------------------------------------------------------------------------------------------------------+--------+-------------+------------+------------+-------------+--------+----------------+
+--------------------------------------------------------------------------------------------------------------------+--------+-------------+------------+------------+-------------+--------+----------------+
| Point                                                                                                              | Fanout | Capacitance | Resistance | Transition | Delta Delay | Incr   | Path           |
+--------------------------------------------------------------------------------------------------------------------+--------+-------------+------------+------------+-------------+--------+----------------+
| timer_interrupt_i (port)                                                                                           |        | 0.003       | 0.000      | 0.100      |             | 0.000  | 0.000r         |
| clock core_clock (rise edge)                                                                                       |        |             |            |            |             | 0      | 0              |
| clock network delay (ideal)                                                                                        |        |             |            |            |             | 0.000  | 0.000          |
| timer_interrupt_i (port)                                                                                           |        | 0.003       | 0.000      | 0.100      |             | 0.370  | 0.370r         |
| timer_interrupt_i (net)                                                                                            | 2      |             |            |            | 0.000       |        |                |
| timer_interrupt_i_NAND3_X1_A1:A1 (NAND3_X1)                                                                        |        | 0.002       | 0.000      | 0.100      |             | 0.000  | 0.370r         |
| timer_interrupt_i_NAND3_X1_A1:ZN (NAND3_X1)                                                                        |        | 0.004       | 0.000      | 0.035      |             | 0.048  | 0.419f         |
| timer_interrupt_i_NAND3_X1_A1_ZN (net)                                                                             | 5      |             |            |            | 0.000       |        |                |
| u_core.execute_packet_valid_NOR3_X1_A3_ZN_NAND3_X1_A1_ZN_NOR4_X1_A3_A4_OR4_X1_ZN:A2 (OR4_X1)                       |        | 0.001       | 0.000      | 0.035      |             | 0.000  | 0.419f         |
| u_core.execute_packet_valid_NOR3_X1_A3_ZN_NAND3_X1_A1_ZN_NOR4_X1_A3_A4_OR4_X1_ZN:ZN (OR4_X1)                       |        | 0.003       | 0.000      | 0.020      |             | 0.118  | 0.536f         |
| u_core.execute_packet_valid_NOR3_X1_A3_ZN_NAND3_X1_A1_ZN_NOR4_X1_A3_A4 (net)                                       | 2      |             |            |            | 0.000       |        |                |
| u_core.execute_packet_valid_NOR3_X1_A3_ZN_NAND3_X1_A1_ZN_NOR4_X1_A3_1:A4 (NOR4_X1)                                 |        | 0.002       | 0.000      | 0.020      |             | 0.000  | 0.536f         |
| u_core.execute_packet_valid_NOR3_X1_A3_ZN_NAND3_X1_A1_ZN_NOR4_X1_A3_1:ZN (NOR4_X1)                                 |        | 0.020       | 0.000      | 0.226      |             | 0.290  | 0.826r         |
| u_core.commit_69__AOI21_X1_B1_A (net)                                                                              | 12     |             |            |            | 0.000       |        |                |
| u_core.csr_mepc_3__AOI22_X1_B1_A1_NOR4_X1_A3_A2_NOR4_X2_A2:A4 (NOR4_X2)                                            |        | 0.004       | 0.000      | 0.226      |             | 0.000  | 0.826r         |
| u_core.csr_mepc_3__AOI22_X1_B1_A1_NOR4_X1_A3_A2_NOR4_X2_A2:ZN (NOR4_X2)                                            |        | 0.025       | 0.000      | 0.063      |             | 0.060  | 0.886f         |
| u_core.u_lsu.state_d_0__AND4_X1_ZN_A4_NAND4_X1_A2_A1 (net)                                                         | 16     |             |            |            | 0.000       |        |                |
| u_core.u_icache.miss_lookup_resp_valid_reg_p_QN_NAND3_X1_A2_ZN_NAND4_X2_A4:A2 (NAND4_X2)                           |        | 0.003       | 0.000      | 0.063      |             | 0.000  | 0.886f         |
| u_core.u_icache.miss_lookup_resp_valid_reg_p_QN_NAND3_X1_A2_ZN_NAND4_X2_A4:ZN (NAND4_X2)                           |        | 0.020       | 0.000      | 0.038      |             | 0.067  | 0.953r         |
| u_core.execute_packet_8__reg_p_D_AND4_X1_ZN_A4_AOI21_X1_ZN_B1 (net)                                                | 12     |             |            |            | 0.000       |        |                |
| u_core.execute_packet_8__reg_p_D_AND4_X1_ZN_A4_AOI21_X1_ZN_B1_NAND2_X1_A1:A1 (NAND2_X1)                            |        | 0.002       | 0.000      | 0.038      |             | 0.000  | 0.953r         |
| u_core.execute_packet_8__reg_p_D_AND4_X1_ZN_A4_AOI21_X1_ZN_B1_NAND2_X1_A1:ZN (NAND2_X1)                            |        | 0.021       | 0.000      | 0.043      |             | 0.067  | 1.020f         |
| u_core.execute_packet_valid_reg_p_D_AND4_X1_ZN_A4 (net)                                                            | 16     |             |            |            | 0.000       |        |                |
| u_core.execute_packet_4__reg_p_D_NOR4_X1_ZN_A4_INV_X1_ZN:A (INV_X1)                                                |        | 0.002       | 0.000      | 0.043      |             | 0.000  | 1.020f         |
| u_core.execute_packet_4__reg_p_D_NOR4_X1_ZN_A4_INV_X1_ZN:ZN (INV_X1)                                               |        | 0.017       | 0.000      | 0.044      |             | 0.070  | 1.090r         |
| u_core.execute_packet_4__reg_p_D_NOR4_X1_ZN_A4 (net)                                                               | 11     |             |            |            | 0.000       |        |                |
| u_core.decoded_execute_packet_140__AOI211_X1_ZN_C1_NOR4_X1_A1_ZN_AOI21_X1_B1_ZN_NOR3_X1_A2:A1 (NOR3_X1)            |        | 0.002       | 0.000      | 0.044      |             | 0.000  | 1.090r         |
| u_core.decoded_execute_packet_140__AOI211_X1_ZN_C1_NOR4_X1_A1_ZN_AOI21_X1_B1_ZN_NOR3_X1_A2:ZN (NOR3_X1)            |        | 0.004       | 0.000      | 0.015      |             | 0.021  | 1.111f         |
| u_core.decoded_execute_packet_79__AOI22_X1_ZN_A2_AOI21_X1_ZN_B1_NOR4_X1_ZN_A3_NOR4_X1_A2_A3 (net)                  | 3      |             |            |            | 0.000       |        |                |
| u_core.execute_serializing_instruction_present_AOI21_X1_A_ZN_AND3_X1_A2_ZN_OAI21_X1_A_B2_AOI21_X1_ZN:B2 (AOI21_X1) |        | 0.002       | 0.000      | 0.015      |             | 0.000  | 1.111f         |
| u_core.execute_serializing_instruction_present_AOI21_X1_A_ZN_AND3_X1_A2_ZN_OAI21_X1_A_B2_AOI21_X1_ZN:ZN (AOI21_X1) |        | 0.002       | 0.000      | 0.023      |             | 0.035  | 1.146r         |
| u_core.execute_serializing_instruction_present_AOI21_X1_A_ZN_AND3_X1_A2_ZN_OAI21_X1_A_B2 (net)                     | 1      |             |            |            | 0.000       |        |                |
| u_core.execute_serializing_instruction_present_AOI21_X1_A_ZN_AND3_X1_A2_ZN_OAI21_X1_A:B2 (OAI21_X1)                |        | 0.002       | 0.000      | 0.023      |             | 0.000  | 1.146r         |
| u_core.execute_serializing_instruction_present_AOI21_X1_A_ZN_AND3_X1_A2_ZN_OAI21_X1_A:ZN (OAI21_X1)                |        | 0.003       | 0.000      | 0.014      |             | 0.023  | 1.169f         |
| u_core.execute_serializing_instruction_present_AOI21_X1_A_ZN_AND3_X1_A2_ZN_OAI21_X1_A_ZN (net)                     | 2      |             |            |            | 0.000       |        |                |
| u_core.execute_serializing_instruction_present_AOI21_X1_A_ZN_AND3_X1_A2_ZN_OAI21_X1_A_ZN_OAI33_X1_A1:A1 (OAI33_X1) |        | 0.002       | 0.000      | 0.014      |             | 0.000  | 1.169f         |
| u_core.execute_serializing_instruction_present_AOI21_X1_A_ZN_AND3_X1_A2_ZN_OAI21_X1_A_ZN_OAI33_X1_A1:ZN (OAI33_X1) |        | 0.006       | 0.000      | 0.090      |             | 0.077  | 1.246r         |
| u_core.u_fetch_buffer.entry_count_d_1__AOI211_X1_ZN_C2_NAND4_X1_ZN_A2 (net)                                        | 4      |             |            |            | 0.000       |        |                |
| u_core.u_icache.u_riscv32_icache_miss_unit.state_d_0__AOI21_X1_ZN_B1_AOI21_X1_ZN_B1_AOI211_X1_ZN:C1 (AOI211_X1)    |        | 0.002       | 0.000      | 0.090      |             | 0.000  | 1.246r         |
| u_core.u_icache.u_riscv32_icache_miss_unit.state_d_0__AOI21_X1_ZN_B1_AOI21_X1_ZN_B1_AOI211_X1_ZN:ZN (AOI211_X1)    |        | 0.003       | 0.000      | 0.026      |             | 0.029  | 1.275f         |
| u_core.u_icache.u_riscv32_icache_miss_unit.state_d_0__AOI21_X1_ZN_B1_AOI21_X1_ZN_B1 (net)                          | 2      |             |            |            | 0.000       |        |                |
| u_core.u_icache.miss_lookup_resp_valid_reg_p_QN_NAND2_X1_A2_ZN_OAI21_X1_B2:B1 (OAI21_X1)                           |        | 0.002       | 0.000      | 0.026      |             | 0.000  | 1.275f         |
| u_core.u_icache.miss_lookup_resp_valid_reg_p_QN_NAND2_X1_A2_ZN_OAI21_X1_B2:ZN (OAI21_X1)                           |        | 0.006       | 0.000      | 0.039      |             | 0.056  | 1.331r         |
| u_core.u_icache.lookup_s1_ready (net)                                                                              | 3      |             |            |            | 0.000       |        |                |
| u_core.u_fence_i_ctrl.icache_lookup_stalled_q_reg_p_QN_OAI21_X1_A_ZN_NAND3_X2_A1:A2 (NAND3_X2)                     |        | 0.003       | 0.000      | 0.039      |             | 0.000  | 1.331r         |
| u_core.u_fence_i_ctrl.icache_lookup_stalled_q_reg_p_QN_OAI21_X1_A_ZN_NAND3_X2_A1:ZN (NAND3_X2)                     |        | 0.023       | 0.000      | 0.038      |             | 0.061  | 1.392f         |
| u_core.u_icache.array_read_enable_NOR2_X1_ZN_A1 (net)                                                              | 15     |             |            |            | 0.000       |        |                |
| u_core.frontend_recovery_event_NOR2_X2_A1_A2_NAND2_X2_ZN:A1 (NAND2_X2)                                             |        | 0.003       | 0.000      | 0.038      |             | 0.000  | 1.392f         |
| u_core.frontend_recovery_event_NOR2_X2_A1_A2_NAND2_X2_ZN:ZN (NAND2_X2)                                             |        | 0.019       | 0.000      | 0.030      |             | 0.050  | 1.441r         |
| u_core.frontend_recovery_event_NOR2_X2_A1_A2 (net)                                                                 | 12     |             |            |            | 0.000       |        |                |
| u_core.frontend_recovery_event_NOR2_X2_A1_A2_OAI211_X1_A:A (OAI211_X1)                                             |        | 0.002       | 0.000      | 0.030      |             | 0.000  | 1.441r         |
| u_core.frontend_recovery_event_NOR2_X2_A1_A2_OAI211_X1_A:ZN (OAI211_X1)                                            |        | 0.002       | 0.000      | 0.028      |             | 0.034  | 1.475f         |
| u_core.frontend_recovery_event_NOR2_X2_A1_A2_OAI211_X1_A_ZN (net)                                                  | 1      |             |            |            | 0.000       |        |                |
| u_core.frontend_recovery_event_NOR2_X2_A1_A2_OAI211_X1_A_ZN_BUF_X2_A:A (BUF_X2)                                    |        | 0.002       | 0.000      | 0.028      |             | 0.000  | 1.475f         |
| u_core.frontend_recovery_event_NOR2_X2_A1_A2_OAI211_X1_A_ZN_BUF_X2_A:Z (BUF_X2)                                    |        | 0.028       | 0.000      | 0.018      |             | 0.053  | 1.528f         |
| u_core.u_ifu.predictor_fetch_pc_d_3__OAI21_X1_ZN_B2 (net)                                                          | 19     |             |            |            | 0.000       |        |                |
| u_core.u_ifu.predictor_fetch_pc_d_15__NAND3_X1_ZN_A1_AOI22_X1_ZN_B2_INV_X1_ZN:A (INV_X1)                           |        | 0.002       | 0.000      | 0.018      |             | 0.000  | 1.528f         |
| u_core.u_ifu.predictor_fetch_pc_d_15__NAND3_X1_ZN_A1_AOI22_X1_ZN_B2_INV_X1_ZN:ZN (INV_X1)                          |        | 0.004       | 0.000      | 0.015      |             | 0.026  | 1.554r         |
| u_core.u_ifu.predictor_fetch_pc_d_15__NAND3_X1_ZN_A1_AOI22_X1_ZN_B2 (net)                                          | 3      |             |            |            | 0.000       |        |                |
| u_core.u_ifu.predictor_fetch_pc_d_15__NAND3_X1_ZN_A1_AOI22_X1_ZN_B2_CLKGATE_X1_E:E (CLKGATE_X1)                    |        | 0.001       | 0.000      | 0.015      |             | 0.000  | 1.554r         |
|                                                                                                                    |        |             |            |            |             |        |                |
| clk_i (port)                                                                                                       |        | 0.938       | 0.000      | 0.100      |             | 0.000  | 0.000r         |
| clk_i (clock net)                                                                                                  | 550    |             |            |            | NA          |        |                |
| u_core.u_ifu.predictor_fetch_pc_d_15__NAND3_X1_ZN_A1_AOI22_X1_ZN_B2_CLKGATE_X1_E:CK (CLKGATE_X1)                   |        | 0.002       | 0.000      | 0.000      |             | 0.000  | 0.000r         |
| clock core_clock (rise edge)                                                                                       |        |             |            |            |             | 1.851  | 1.851          |
| clock network delay (ideal)                                                                                        |        |             |            |            |             | 0.000  | 1.851          |
| u_core.u_ifu.predictor_fetch_pc_d_15__NAND3_X1_ZN_A1_AOI22_X1_ZN_B2_CLKGATE_X1_E:CK (CLKGATE_X1)                   |        |             |            |            |             |        | 1.851r         |
| library setup time                                                                                                 |        |             |            |            |             | -0.051 | 1.800          |
| clock reconvergence pessimism                                                                                      |        |             |            |            |             | 0.000  | 1.800          |
|                                                                                                                    |        |             |            |            |             |        |                |
| path cell delay                                                                                                    |        |             |            |            |             |        | 1.183(76.160%) |
| path net delay                                                                                                     |        |             |            |            |             |        | 0.000(0.000%)  |
|                                                                                                                    |        |             |            |            |             |        |                |
| data require time                                                                                                  |        |             |            |            |             |        | 1.800          |
| data arrival time                                                                                                  |        |             |            |            |             |        | 1.554          |
| slack (MET)                                                                                                        |        |             |            |            |             |        | 0.247          |
+--------------------------------------------------------------------------------------------------------------------+--------+-------------+------------+------------+-------------+--------+----------------+
+-------------------------------------------------------------------+--------+-------------+------------+------------+-------------+--------+-----------------+
| Point                                                             | Fanout | Capacitance | Resistance | Transition | Delta Delay | Incr   | Path            |
+-------------------------------------------------------------------+--------+-------------+------------+------------+-------------+--------+-----------------+
| clk_i (port)                                                      |        | 0.938       | 0.000      | 0.100      |             | 0.000  | 0.000r          |
| clk_i (clock net)                                                 | 550    |             |            |            | NA          |        |                 |
| u_core.decoded_execute_packet_ready_CLKGATE_X1_E:CK (CLKGATE_X1)  |        | 0.002       | 0.000      | 0.000      |             | 0.000  | 0.000r          |
| u_core.decoded_execute_packet_ready_CLKGATE_X1_E:GCK (CLKGATE_X1) |        | 0.285       | 0.000      | 0.000      |             | 0.000  | 0.000r          |
| u_core.execute_packet_0__reg_p_CK (clock net)                     | 300    |             |            |            | NA          |        |                 |
| u_core.execute_packet_296__reg_p:CK (DFF_X1)                      |        | 0.001       | 0.000      | 0.000      |             | 0.000  | 0.000r          |
| clock core_clock (rise edge)                                      |        |             |            |            |             | 0      | 0               |
| clock network delay (ideal)                                       |        |             |            |            |             | 0.000  | 0.000           |
| u_core.execute_packet_296__reg_p:CK (DFF_X1)                      |        | 0.001       | 0.000      | 0.000      |             | 0.000  | 0.000r          |
| u_core.execute_packet_296__reg_p:QN (DFF_X1)                      |        | 0.003       | 0.000      | 0.013      |             | 0.066  | 0.066r          |
| u_core.lsu_req_66_ (net)                                          | 3      |             |            |            | 0.000       |        |                 |
| u_core.u_lsu.memory_writeback_134__reg_p:D (DFF_X1)               |        | 0.001       | 0.000      | 0.013      |             | 0.000  | 0.066r          |
|                                                                   |        |             |            |            |             |        |                 |
| clk_i (port)                                                      |        | 0.938       | 0.000      | 0.100      |             | 0.000  | 0.000r          |
| clk_i (clock net)                                                 | 550    |             |            |            | NA          |        |                 |
| u_core.u_lsu.lsu_req_handshake_CLKGATE_X1_E:CK (CLKGATE_X1)       |        | 0.002       | 0.000      | 0.000      |             | 0.000  | 0.000r          |
| u_core.u_lsu.lsu_req_handshake_CLKGATE_X1_E:GCK (CLKGATE_X1)      |        | 0.164       | 0.000      | 0.000      |             | 0.000  | 0.000r          |
| u_core.lsu_pending_rd_0__reg_p_CK (clock net)                     | 173    |             |            |            | NA          |        |                 |
| u_core.u_lsu.memory_writeback_134__reg_p:CK (DFF_X1)              |        | 0.001       | 0.000      | 0.000      |             | 0.000  | 0.000r          |
| clock core_clock (rise edge)                                      |        |             |            |            |             | 0      | 0               |
| clock network delay (ideal)                                       |        |             |            |            |             | 0.000  | 0.000           |
| u_core.u_lsu.memory_writeback_134__reg_p:CK (DFF_X1)              |        |             |            |            |             |        | 0.000r          |
| library hold time                                                 |        |             |            |            |             | 0.007  | 0.007           |
| clock reconvergence pessimism                                     |        |             |            |            |             | -0.000 | 0.007           |
|                                                                   |        |             |            |            |             |        |                 |
| path cell delay                                                   |        |             |            |            |             |        | 0.066(100.000%) |
| path net delay                                                    |        |             |            |            |             |        | 0.000(0.000%)   |
|                                                                   |        |             |            |            |             |        |                 |
| data require time                                                 |        |             |            |            |             |        | 0.007           |
| data arrival time                                                 |        |             |            |            |             |        | 0.066           |
| slack (MET)                                                       |        |             |            |            |             |        | 0.059           |
+-------------------------------------------------------------------+--------+-------------+------------+------------+-------------+--------+-----------------+
+-------------------------------------------------------------------+--------+-------------+------------+------------+-------------+--------+-----------------+
| Point                                                             | Fanout | Capacitance | Resistance | Transition | Delta Delay | Incr   | Path            |
+-------------------------------------------------------------------+--------+-------------+------------+------------+-------------+--------+-----------------+
| clk_i (port)                                                      |        | 0.938       | 0.000      | 0.100      |             | 0.000  | 0.000r          |
| clk_i (clock net)                                                 | 550    |             |            |            | NA          |        |                 |
| u_core.decoded_execute_packet_ready_CLKGATE_X1_E:CK (CLKGATE_X1)  |        | 0.002       | 0.000      | 0.000      |             | 0.000  | 0.000r          |
| u_core.decoded_execute_packet_ready_CLKGATE_X1_E:GCK (CLKGATE_X1) |        | 0.285       | 0.000      | 0.000      |             | 0.000  | 0.000r          |
| u_core.execute_packet_0__reg_p_CK (clock net)                     | 300    |             |            |            | NA          |        |                 |
| u_core.execute_packet_296__reg_p:CK (DFF_X1)                      |        | 0.001       | 0.000      | 0.000      |             | 0.000  | 0.000r          |
| clock core_clock (rise edge)                                      |        |             |            |            |             | 0      | 0               |
| clock network delay (ideal)                                       |        |             |            |            |             | 0.000  | 0.000           |
| u_core.execute_packet_296__reg_p:CK (DFF_X1)                      |        | 0.001       | 0.000      | 0.000      |             | 0.000  | 0.000r          |
| u_core.execute_packet_296__reg_p:QN (DFF_X1)                      |        | 0.003       | 0.000      | 0.013      |             | 0.066  | 0.066r          |
| u_core.lsu_req_66_ (net)                                          | 3      |             |            |            | 0.000       |        |                 |
| u_core.u_lsu.memory_writeback_134__reg_p:D (DFF_X1)               |        | 0.001       | 0.000      | 0.013      |             | 0.000  | 0.066r          |
|                                                                   |        |             |            |            |             |        |                 |
| clk_i (port)                                                      |        | 0.938       | 0.000      | 0.100      |             | 0.000  | 0.000r          |
| clk_i (clock net)                                                 | 550    |             |            |            | NA          |        |                 |
| u_core.u_lsu.lsu_req_handshake_CLKGATE_X1_E:CK (CLKGATE_X1)       |        | 0.002       | 0.000      | 0.000      |             | 0.000  | 0.000r          |
| u_core.u_lsu.lsu_req_handshake_CLKGATE_X1_E:GCK (CLKGATE_X1)      |        | 0.164       | 0.000      | 0.000      |             | 0.000  | 0.000r          |
| u_core.lsu_pending_rd_0__reg_p_CK (clock net)                     | 173    |             |            |            | NA          |        |                 |
| u_core.u_lsu.memory_writeback_134__reg_p:CK (DFF_X1)              |        | 0.001       | 0.000      | 0.000      |             | 0.000  | 0.000r          |
| clock core_clock (rise edge)                                      |        |             |            |            |             | 0      | 0               |
| clock network delay (ideal)                                       |        |             |            |            |             | 0.000  | 0.000           |
| u_core.u_lsu.memory_writeback_134__reg_p:CK (DFF_X1)              |        |             |            |            |             |        | 0.000r          |
| library hold time                                                 |        |             |            |            |             | 0.007  | 0.007           |
| clock reconvergence pessimism                                     |        |             |            |            |             | -0.000 | 0.007           |
|                                                                   |        |             |            |            |             |        |                 |
| path cell delay                                                   |        |             |            |            |             |        | 0.066(100.000%) |
| path net delay                                                    |        |             |            |            |             |        | 0.000(0.000%)   |
|                                                                   |        |             |            |            |             |        |                 |
| data require time                                                 |        |             |            |            |             |        | 0.007           |
| data arrival time                                                 |        |             |            |            |             |        | 0.066           |
| slack (MET)                                                       |        |             |            |            |             |        | 0.059           |
+-------------------------------------------------------------------+--------+-------------+------------+------------+-------------+--------+-----------------+
+---------------------------------------------------------------------------------+--------+-------------+------------+------------+-------------+--------+-----------------+
| Point                                                                           | Fanout | Capacitance | Resistance | Transition | Delta Delay | Incr   | Path            |
+---------------------------------------------------------------------------------+--------+-------------+------------+------------+-------------+--------+-----------------+
| clk_i (port)                                                                    |        | 0.938       | 0.000      | 0.100      |             | 0.000  | 0.000r          |
| clk_i (clock net)                                                               | 550    |             |            |            | NA          |        |                 |
| u_core.u_ifu.lookup_queue_read_index_q_reg_p_CK_CLKGATE_X1_GCK:CK (CLKGATE_X1)  |        | 0.002       | 0.000      | 0.000      |             | 0.000  | 0.000r          |
| u_core.u_ifu.lookup_queue_read_index_q_reg_p_CK_CLKGATE_X1_GCK:GCK (CLKGATE_X1) |        | 0.001       | 0.000      | 0.000      |             | 0.000  | 0.000r          |
| u_core.u_ifu.lookup_queue_read_index_q_reg_p_CK (clock net)                     | 1      |             |            |            | NA          |        |                 |
| u_core.u_ifu.lookup_queue_read_index_q_reg_p:CK (DFFR_X1)                       |        | 0.001       | 0.000      | 0.000      |             | 0.000  | 0.000r          |
| clock core_clock (rise edge)                                                    |        |             |            |            |             | 0      | 0               |
| clock network delay (ideal)                                                     |        |             |            |            |             | 0.000  | 0.000           |
| u_core.u_ifu.lookup_queue_read_index_q_reg_p:CK (DFFR_X1)                       |        | 0.001       | 0.000      | 0.000      |             | 0.000  | 0.000r          |
| u_core.u_ifu.lookup_queue_read_index_q_reg_p:QN (DFFR_X1)                       |        | 0.002       | 0.000      | 0.011      |             | 0.066  | 0.066r          |
| u_core.u_ifu.lookup_queue_read_index_d (net)                                    | 2      |             |            |            | 0.000       |        |                 |
| u_core.u_ifu.lookup_queue_read_index_q_reg_p:D (DFFR_X1)                        |        | 0.001       | 0.000      | 0.011      |             | 0.000  | 0.066r          |
|                                                                                 |        |             |            |            |             |        |                 |
| clk_i (port)                                                                    |        | 0.938       | 0.000      | 0.100      |             | 0.000  | 0.000r          |
| clk_i (clock net)                                                               | 550    |             |            |            | NA          |        |                 |
| u_core.u_ifu.lookup_queue_read_index_q_reg_p_CK_CLKGATE_X1_GCK:CK (CLKGATE_X1)  |        | 0.002       | 0.000      | 0.000      |             | 0.000  | 0.000r          |
| u_core.u_ifu.lookup_queue_read_index_q_reg_p_CK_CLKGATE_X1_GCK:GCK (CLKGATE_X1) |        | 0.001       | 0.000      | 0.000      |             | 0.000  | 0.000r          |
| u_core.u_ifu.lookup_queue_read_index_q_reg_p_CK (clock net)                     | 1      |             |            |            | NA          |        |                 |
| u_core.u_ifu.lookup_queue_read_index_q_reg_p:CK (DFFR_X1)                       |        | 0.001       | 0.000      | 0.000      |             | 0.000  | 0.000r          |
| clock core_clock (rise edge)                                                    |        |             |            |            |             | 0      | 0               |
| clock network delay (ideal)                                                     |        |             |            |            |             | 0.000  | 0.000           |
| u_core.u_ifu.lookup_queue_read_index_q_reg_p:CK (DFFR_X1)                       |        |             |            |            |             |        | 0.000r          |
| library hold time                                                               |        |             |            |            |             | 0.006  | 0.006           |
| clock reconvergence pessimism                                                   |        |             |            |            |             | -0.000 | 0.006           |
|                                                                                 |        |             |            |            |             |        |                 |
| path cell delay                                                                 |        |             |            |            |             |        | 0.066(100.000%) |
| path net delay                                                                  |        |             |            |            |             |        | 0.000(0.000%)   |
|                                                                                 |        |             |            |            |             |        |                 |
| data require time                                                               |        |             |            |            |             |        | 0.006           |
| data arrival time                                                               |        |             |            |            |             |        | 0.066           |
| slack (MET)                                                                     |        |             |            |            |             |        | 0.060           |
+---------------------------------------------------------------------------------+--------+-------------+------------+------------+-------------+--------+-----------------+
+-------------------------------------------------------------------------------------------+--------+-------------+------------+------------+-------------+--------+-----------------+
| Point                                                                                     | Fanout | Capacitance | Resistance | Transition | Delta Delay | Incr   | Path            |
+-------------------------------------------------------------------------------------------+--------+-------------+------------+------------+-------------+--------+-----------------+
| clk_i (port)                                                                              |        | 0.938       | 0.000      | 0.100      |             | 0.000  | 0.000r          |
| clk_i (clock net)                                                                         | 550    |             |            |            | NA          |        |                 |
| u_core.next_pc_predictor_lookup_request_epoch_0__reg_p_CK_CLKGATE_X1_GCK:CK (CLKGATE_X1)  |        | 0.002       | 0.000      | 0.000      |             | 0.000  | 0.000r          |
| u_core.next_pc_predictor_lookup_request_epoch_0__reg_p_CK_CLKGATE_X1_GCK:GCK (CLKGATE_X1) |        | 0.002       | 0.000      | 0.000      |             | 0.000  | 0.000r          |
| u_core.next_pc_predictor_lookup_request_epoch_0__reg_p_CK (clock net)                     | 2      |             |            |            | NA          |        |                 |
| u_core.next_pc_predictor_lookup_request_epoch_0__reg_p:CK (DFFR_X1)                       |        | 0.001       | 0.000      | 0.000      |             | 0.000  | 0.000r          |
| clock core_clock (rise edge)                                                              |        |             |            |            |             | 0      | 0               |
| clock network delay (ideal)                                                               |        |             |            |            |             | 0.000  | 0.000           |
| u_core.next_pc_predictor_lookup_request_epoch_0__reg_p:CK (DFFR_X1)                       |        | 0.001       | 0.000      | 0.000      |             | 0.000  | 0.000r          |
| u_core.next_pc_predictor_lookup_request_epoch_0__reg_p:QN (DFFR_X1)                       |        | 0.001       | 0.000      | 0.011      |             | 0.066  | 0.066r          |
| u_core.next_pc_predictor_lookup_request_epoch_0__reg_p_D (net)                            | 1      |             |            |            | 0.000       |        |                 |
| u_core.next_pc_predictor_lookup_request_epoch_0__reg_p:D (DFFR_X1)                        |        | 0.001       | 0.000      | 0.011      |             | 0.000  | 0.066r          |
|                                                                                           |        |             |            |            |             |        |                 |
| clk_i (port)                                                                              |        | 0.938       | 0.000      | 0.100      |             | 0.000  | 0.000r          |
| clk_i (clock net)                                                                         | 550    |             |            |            | NA          |        |                 |
| u_core.next_pc_predictor_lookup_request_epoch_0__reg_p_CK_CLKGATE_X1_GCK:CK (CLKGATE_X1)  |        | 0.002       | 0.000      | 0.000      |             | 0.000  | 0.000r          |
| u_core.next_pc_predictor_lookup_request_epoch_0__reg_p_CK_CLKGATE_X1_GCK:GCK (CLKGATE_X1) |        | 0.002       | 0.000      | 0.000      |             | 0.000  | 0.000r          |
| u_core.next_pc_predictor_lookup_request_epoch_0__reg_p_CK (clock net)                     | 2      |             |            |            | NA          |        |                 |
| u_core.next_pc_predictor_lookup_request_epoch_0__reg_p:CK (DFFR_X1)                       |        | 0.001       | 0.000      | 0.000      |             | 0.000  | 0.000r          |
| clock core_clock (rise edge)                                                              |        |             |            |            |             | 0      | 0               |
| clock network delay (ideal)                                                               |        |             |            |            |             | 0.000  | 0.000           |
| u_core.next_pc_predictor_lookup_request_epoch_0__reg_p:CK (DFFR_X1)                       |        |             |            |            |             |        | 0.000r          |
| library hold time                                                                         |        |             |            |            |             | 0.006  | 0.006           |
| clock reconvergence pessimism                                                             |        |             |            |            |             | -0.000 | 0.006           |
|                                                                                           |        |             |            |            |             |        |                 |
| path cell delay                                                                           |        |             |            |            |             |        | 0.066(100.000%) |
| path net delay                                                                            |        |             |            |            |             |        | 0.000(0.000%)   |
|                                                                                           |        |             |            |            |             |        |                 |
| data require time                                                                         |        |             |            |            |             |        | 0.006           |
| data arrival time                                                                         |        |             |            |            |             |        | 0.066           |
| slack (MET)                                                                               |        |             |            |            |             |        | 0.060           |
+-------------------------------------------------------------------------------------------+--------+-------------+------------+------------+-------------+--------+-----------------+
+-------------------------------------------------------------------------------------------+--------+-------------+------------+------------+-------------+--------+-----------------+
| Point                                                                                     | Fanout | Capacitance | Resistance | Transition | Delta Delay | Incr   | Path            |
+-------------------------------------------------------------------------------------------+--------+-------------+------------+------------+-------------+--------+-----------------+
| clk_i (port)                                                                              |        | 0.938       | 0.000      | 0.100      |             | 0.000  | 0.000r          |
| clk_i (clock net)                                                                         | 550    |             |            |            | NA          |        |                 |
| u_core.next_pc_predictor_lookup_request_epoch_0__reg_p_CK_CLKGATE_X1_GCK:CK (CLKGATE_X1)  |        | 0.002       | 0.000      | 0.000      |             | 0.000  | 0.000r          |
| u_core.next_pc_predictor_lookup_request_epoch_0__reg_p_CK_CLKGATE_X1_GCK:GCK (CLKGATE_X1) |        | 0.002       | 0.000      | 0.000      |             | 0.000  | 0.000r          |
| u_core.next_pc_predictor_lookup_request_epoch_0__reg_p_CK (clock net)                     | 2      |             |            |            | NA          |        |                 |
| u_core.next_pc_predictor_lookup_request_epoch_0__reg_p:CK (DFFR_X1)                       |        | 0.001       | 0.000      | 0.000      |             | 0.000  | 0.000r          |
| clock core_clock (rise edge)                                                              |        |             |            |            |             | 0      | 0               |
| clock network delay (ideal)                                                               |        |             |            |            |             | 0.000  | 0.000           |
| u_core.next_pc_predictor_lookup_request_epoch_0__reg_p:CK (DFFR_X1)                       |        | 0.001       | 0.000      | 0.000      |             | 0.000  | 0.000r          |
| u_core.next_pc_predictor_lookup_request_epoch_0__reg_p:QN (DFFR_X1)                       |        | 0.001       | 0.000      | 0.011      |             | 0.066  | 0.066r          |
| u_core.next_pc_predictor_lookup_request_epoch_0__reg_p_D (net)                            | 1      |             |            |            | 0.000       |        |                 |
| u_core.next_pc_predictor_lookup_request_epoch_0__reg_p:D (DFFR_X1)                        |        | 0.001       | 0.000      | 0.011      |             | 0.000  | 0.066r          |
|                                                                                           |        |             |            |            |             |        |                 |
| clk_i (port)                                                                              |        | 0.938       | 0.000      | 0.100      |             | 0.000  | 0.000r          |
| clk_i (clock net)                                                                         | 550    |             |            |            | NA          |        |                 |
| u_core.next_pc_predictor_lookup_request_epoch_0__reg_p_CK_CLKGATE_X1_GCK:CK (CLKGATE_X1)  |        | 0.002       | 0.000      | 0.000      |             | 0.000  | 0.000r          |
| u_core.next_pc_predictor_lookup_request_epoch_0__reg_p_CK_CLKGATE_X1_GCK:GCK (CLKGATE_X1) |        | 0.002       | 0.000      | 0.000      |             | 0.000  | 0.000r          |
| u_core.next_pc_predictor_lookup_request_epoch_0__reg_p_CK (clock net)                     | 2      |             |            |            | NA          |        |                 |
| u_core.next_pc_predictor_lookup_request_epoch_0__reg_p:CK (DFFR_X1)                       |        | 0.001       | 0.000      | 0.000      |             | 0.000  | 0.000r          |
| clock core_clock (rise edge)                                                              |        |             |            |            |             | 0      | 0               |
| clock network delay (ideal)                                                               |        |             |            |            |             | 0.000  | 0.000           |
| u_core.next_pc_predictor_lookup_request_epoch_0__reg_p:CK (DFFR_X1)                       |        |             |            |            |             |        | 0.000r          |
| library hold time                                                                         |        |             |            |            |             | 0.006  | 0.006           |
| clock reconvergence pessimism                                                             |        |             |            |            |             | -0.000 | 0.006           |
|                                                                                           |        |             |            |            |             |        |                 |
| path cell delay                                                                           |        |             |            |            |             |        | 0.066(100.000%) |
| path net delay                                                                            |        |             |            |            |             |        | 0.000(0.000%)   |
|                                                                                           |        |             |            |            |             |        |                 |
| data require time                                                                         |        |             |            |            |             |        | 0.006           |
| data arrival time                                                                         |        |             |            |            |             |        | 0.066           |
| slack (MET)                                                                               |        |             |            |            |             |        | 0.060           |
+-------------------------------------------------------------------------------------------+--------+-------------+------------+------------+-------------+--------+-----------------+
+------------------------------------------------------------------------------------------------------------+--------+-------------+------------+------------+-------------+--------+-----------------+
| Point                                                                                                      | Fanout | Capacitance | Resistance | Transition | Delta Delay | Incr   | Path            |
+------------------------------------------------------------------------------------------------------------+--------+-------------+------------+------------+-------------+--------+-----------------+
| clk_i (port)                                                                                               |        | 0.938       | 0.000      | 0.100      |             | 0.000  | 0.000r          |
| clk_i (clock net)                                                                                          | 550    |             |            |            | NA          |        |                 |
| u_core.u_data_mem.gen_dcache.u_dcache.refill_req_ready_reg_p:CK (DFFS_X1)                                  |        | 0.001       | 0.000      | 0.000      |             | 0.000  | 0.000r          |
| clock core_clock (rise edge)                                                                               |        |             |            |            |             | 0      | 0               |
| clock network delay (ideal)                                                                                |        |             |            |            |             | 0.000  | 0.000           |
| u_core.u_data_mem.gen_dcache.u_dcache.refill_req_ready_reg_p:CK (DFFS_X1)                                  |        | 0.001       | 0.000      | 0.000      |             | 0.000  | 0.000r          |
| u_core.u_data_mem.gen_dcache.u_dcache.refill_req_ready_reg_p:QN (DFFS_X1)                                  |        | 0.002       | 0.000      | 0.011      |             | 0.065  | 0.065r          |
| u_core.u_data_mem.gen_dcache.u_dcache.refill_req_ready_reg_p_QN (net)                                      | 1      |             |            |            | 0.000       |        |                 |
| u_core.u_data_mem.gen_dcache.u_dcache.refill_req_ready_reg_p_QN_NOR4_X1_A3:A3 (NOR4_X1)                    |        | 0.002       | 0.000      | 0.011      |             | 0.000  | 0.065r          |
| u_core.u_data_mem.gen_dcache.u_dcache.refill_req_ready_reg_p_QN_NOR4_X1_A3:ZN (NOR4_X1)                    |        | 0.002       | 0.000      | 0.008      |             | 0.014  | 0.079f          |
| u_core.u_data_mem.gen_dcache.u_dcache.refill_req_ready_reg_p_QN_NOR4_X1_A3_ZN (net)                        | 2      |             |            |            | 0.000       |        |                 |
| u_core.u_data_mem.gen_dcache.u_dcache.refill_req_ready_reg_p_QN_NOR4_X1_A3_ZN_CLKGATE_X1_E:E (CLKGATE_X1)  |        | 0.001       | 0.000      | 0.008      |             | 0.000  | 0.079f          |
|                                                                                                            |        |             |            |            |             |        |                 |
| clk_i (port)                                                                                               |        | 0.938       | 0.000      | 0.100      |             | 0.000  | 0.000r          |
| clk_i (clock net)                                                                                          | 550    |             |            |            | NA          |        |                 |
| u_core.u_data_mem.gen_dcache.u_dcache.refill_req_ready_reg_p_QN_NOR4_X1_A3_ZN_CLKGATE_X1_E:CK (CLKGATE_X1) |        | 0.002       | 0.000      | 0.000      |             | 0.000  | 0.000r          |
| clock core_clock (rise edge)                                                                               |        |             |            |            |             | 0      | 0               |
| clock network delay (ideal)                                                                                |        |             |            |            |             | 0.000  | 0.000           |
| u_core.u_data_mem.gen_dcache.u_dcache.refill_req_ready_reg_p_QN_NOR4_X1_A3_ZN_CLKGATE_X1_E:CK (CLKGATE_X1) |        |             |            |            |             |        | 0.000r          |
| library hold time                                                                                          |        |             |            |            |             | -0.015 | -0.015          |
| clock reconvergence pessimism                                                                              |        |             |            |            |             | -0.000 | -0.015          |
|                                                                                                            |        |             |            |            |             |        |                 |
| path cell delay                                                                                            |        |             |            |            |             |        | 0.079(100.000%) |
| path net delay                                                                                             |        |             |            |            |             |        | 0.000(0.000%)   |
|                                                                                                            |        |             |            |            |             |        |                 |
| data require time                                                                                          |        |             |            |            |             |        | -0.015          |
| data arrival time                                                                                          |        |             |            |            |             |        | 0.079           |
| slack (MET)                                                                                                |        |             |            |            |             |        | 0.094           |
+------------------------------------------------------------------------------------------------------------+--------+-------------+------------+------------+-------------+--------+-----------------+
+-----------------------------------------------------------------------------------------------+--------+-------------+------------+------------+-------------+--------+-----------------+
| Point                                                                                         | Fanout | Capacitance | Resistance | Transition | Delta Delay | Incr   | Path            |
+-----------------------------------------------------------------------------------------------+--------+-------------+------------+------------+-------------+--------+-----------------+
| clk_i (port)                                                                                  |        | 0.938       | 0.000      | 0.100      |             | 0.000  | 0.000r          |
| clk_i (clock net)                                                                             | 550    |             |            |            | NA          |        |                 |
| u_core.execute_packet_valid_reg_p_QN_INV_X1_A_ZN_OAI211_X1_A_ZN_CLKGATE_X1_E:CK (CLKGATE_X1)  |        | 0.002       | 0.000      | 0.000      |             | 0.000  | 0.000r          |
| u_core.execute_packet_valid_reg_p_QN_INV_X1_A_ZN_OAI211_X1_A_ZN_CLKGATE_X1_E:GCK (CLKGATE_X1) |        | 0.004       | 0.000      | 0.000      |             | 0.000  | 0.000r          |
| u_core.execute_packet_valid_reg_p_CK (clock net)                                              | 4      |             |            |            | NA          |        |                 |
| u_core.execute_packet_valid_reg_p:CK (DFFR_X1)                                                |        | 0.001       | 0.000      | 0.000      |             | 0.000  | 0.000r          |
| clock core_clock (rise edge)                                                                  |        |             |            |            |             | 0      | 0               |
| clock network delay (ideal)                                                                   |        |             |            |            |             | 0.000  | 0.000           |
| u_core.execute_packet_valid_reg_p:CK (DFFR_X1)                                                |        | 0.001       | 0.000      | 0.000      |             | 0.000  | 0.000r          |
| u_core.execute_packet_valid_reg_p:QN (DFFR_X1)                                                |        | 0.003       | 0.000      | 0.015      |             | 0.072  | 0.072r          |
| u_core.execute_packet_valid_reg_p_QN (net)                                                    | 2      |             |            |            | 0.000       |        |                 |
| u_core.execute_packet_valid_reg_p_QN_INV_X1_A:A (INV_X1)                                      |        | 0.002       | 0.000      | 0.015      |             | 0.000  | 0.072r          |
| u_core.execute_packet_valid_reg_p_QN_INV_X1_A:ZN (INV_X1)                                     |        | 0.003       | 0.000      | 0.007      |             | 0.013  | 0.085f          |
| u_core.execute_packet_valid_reg_p_QN_INV_X1_A_ZN (net)                                        | 2      |             |            |            | 0.000       |        |                 |
| u_core.execute_packet_valid_reg_p_QN_INV_X1_A_ZN_OAI211_X1_A:A (OAI211_X1)                    |        | 0.002       | 0.000      | 0.007      |             | 0.000  | 0.085f          |
| u_core.execute_packet_valid_reg_p_QN_INV_X1_A_ZN_OAI211_X1_A:ZN (OAI211_X1)                   |        | 0.001       | 0.000      | 0.012      |             | 0.018  | 0.103r          |
| u_core.execute_packet_valid_reg_p_QN_INV_X1_A_ZN_OAI211_X1_A_ZN (net)                         | 1      |             |            |            | 0.000       |        |                 |
| u_core.execute_packet_valid_reg_p_QN_INV_X1_A_ZN_OAI211_X1_A_ZN_CLKGATE_X1_E:E (CLKGATE_X1)   |        | 0.001       | 0.000      | 0.012      |             | 0.000  | 0.103r          |
|                                                                                               |        |             |            |            |             |        |                 |
| clk_i (port)                                                                                  |        | 0.938       | 0.000      | 0.100      |             | 0.000  | 0.000r          |
| clk_i (clock net)                                                                             | 550    |             |            |            | NA          |        |                 |
| u_core.execute_packet_valid_reg_p_QN_INV_X1_A_ZN_OAI211_X1_A_ZN_CLKGATE_X1_E:CK (CLKGATE_X1)  |        | 0.002       | 0.000      | 0.000      |             | 0.000  | 0.000r          |
| clock core_clock (rise edge)                                                                  |        |             |            |            |             | 0      | 0               |
| clock network delay (ideal)                                                                   |        |             |            |            |             | 0.000  | 0.000           |
| u_core.execute_packet_valid_reg_p_QN_INV_X1_A_ZN_OAI211_X1_A_ZN_CLKGATE_X1_E:CK (CLKGATE_X1)  |        |             |            |            |             |        | 0.000r          |
| library hold time                                                                             |        |             |            |            |             | -0.001 | -0.001          |
| clock reconvergence pessimism                                                                 |        |             |            |            |             | -0.000 | -0.001          |
|                                                                                               |        |             |            |            |             |        |                 |
| path cell delay                                                                               |        |             |            |            |             |        | 0.103(100.000%) |
| path net delay                                                                                |        |             |            |            |             |        | 0.000(0.000%)   |
|                                                                                               |        |             |            |            |             |        |                 |
| data require time                                                                             |        |             |            |            |             |        | -0.001          |
| data arrival time                                                                             |        |             |            |            |             |        | 0.103           |
| slack (MET)                                                                                   |        |             |            |            |             |        | 0.104           |
+-----------------------------------------------------------------------------------------------+--------+-------------+------------+------------+-------------+--------+-----------------+
+-----------------------------------------------------------------------------------------------+--------+-------------+------------+------------+-------------+--------+-----------------+
| Point                                                                                         | Fanout | Capacitance | Resistance | Transition | Delta Delay | Incr   | Path            |
+-----------------------------------------------------------------------------------------------+--------+-------------+------------+------------+-------------+--------+-----------------+
| clk_i (port)                                                                                  |        | 0.938       | 0.000      | 0.100      |             | 0.000  | 0.000r          |
| clk_i (clock net)                                                                             | 550    |             |            |            | NA          |        |                 |
| u_core.execute_packet_valid_reg_p_QN_INV_X1_A_ZN_OAI211_X1_A_ZN_CLKGATE_X1_E:CK (CLKGATE_X1)  |        | 0.002       | 0.000      | 0.000      |             | 0.000  | 0.000r          |
| u_core.execute_packet_valid_reg_p_QN_INV_X1_A_ZN_OAI211_X1_A_ZN_CLKGATE_X1_E:GCK (CLKGATE_X1) |        | 0.004       | 0.000      | 0.000      |             | 0.000  | 0.000r          |
| u_core.execute_packet_valid_reg_p_CK (clock net)                                              | 4      |             |            |            | NA          |        |                 |
| u_core.execute_packet_valid_reg_p:CK (DFFR_X1)                                                |        | 0.001       | 0.000      | 0.000      |             | 0.000  | 0.000r          |
| clock core_clock (rise edge)                                                                  |        |             |            |            |             | 0      | 0               |
| clock network delay (ideal)                                                                   |        |             |            |            |             | 0.000  | 0.000           |
| u_core.execute_packet_valid_reg_p:CK (DFFR_X1)                                                |        | 0.001       | 0.000      | 0.000      |             | 0.000  | 0.000r          |
| u_core.execute_packet_valid_reg_p:QN (DFFR_X1)                                                |        | 0.003       | 0.000      | 0.015      |             | 0.072  | 0.072r          |
| u_core.execute_packet_valid_reg_p_QN (net)                                                    | 2      |             |            |            | 0.000       |        |                 |
| u_core.execute_packet_valid_reg_p_QN_INV_X1_A:A (INV_X1)                                      |        | 0.002       | 0.000      | 0.015      |             | 0.000  | 0.072r          |
| u_core.execute_packet_valid_reg_p_QN_INV_X1_A:ZN (INV_X1)                                     |        | 0.003       | 0.000      | 0.007      |             | 0.013  | 0.085f          |
| u_core.execute_packet_valid_reg_p_QN_INV_X1_A_ZN (net)                                        | 2      |             |            |            | 0.000       |        |                 |
| u_core.execute_packet_valid_reg_p_QN_INV_X1_A_ZN_OAI21_X1_A:A (OAI21_X1)                      |        | 0.002       | 0.000      | 0.007      |             | 0.000  | 0.085f          |
| u_core.execute_packet_valid_reg_p_QN_INV_X1_A_ZN_OAI21_X1_A:ZN (OAI21_X1)                     |        | 0.003       | 0.000      | 0.016      |             | 0.022  | 0.107r          |
| u_core.decoded_execute_packet_ready (net)                                                     | 3      |             |            |            | 0.000       |        |                 |
| u_core.decoded_execute_packet_ready_CLKGATE_X1_E:E (CLKGATE_X1)                               |        | 0.001       | 0.000      | 0.016      |             | 0.000  | 0.107r          |
|                                                                                               |        |             |            |            |             |        |                 |
| clk_i (port)                                                                                  |        | 0.938       | 0.000      | 0.100      |             | 0.000  | 0.000r          |
| clk_i (clock net)                                                                             | 550    |             |            |            | NA          |        |                 |
| u_core.decoded_execute_packet_ready_CLKGATE_X1_E:CK (CLKGATE_X1)                              |        | 0.002       | 0.000      | 0.000      |             | 0.000  | 0.000r          |
| clock core_clock (rise edge)                                                                  |        |             |            |            |             | 0      | 0               |
| clock network delay (ideal)                                                                   |        |             |            |            |             | 0.000  | 0.000           |
| u_core.decoded_execute_packet_ready_CLKGATE_X1_E:CK (CLKGATE_X1)                              |        |             |            |            |             |        | 0.000r          |
| library hold time                                                                             |        |             |            |            |             | -0.000 | -0.000          |
| clock reconvergence pessimism                                                                 |        |             |            |            |             | -0.000 | -0.000          |
|                                                                                               |        |             |            |            |             |        |                 |
| path cell delay                                                                               |        |             |            |            |             |        | 0.107(100.000%) |
| path net delay                                                                                |        |             |            |            |             |        | 0.000(0.000%)   |
|                                                                                               |        |             |            |            |             |        |                 |
| data require time                                                                             |        |             |            |            |             |        | -0.000          |
| data arrival time                                                                             |        |             |            |            |             |        | 0.107           |
| slack (MET)                                                                                   |        |             |            |            |             |        | 0.107           |
+-----------------------------------------------------------------------------------------------+--------+-------------+------------+------------+-------------+--------+-----------------+
+--------------------------------------------------------------------------------------+--------+-------------+------------+------------+-------------+--------+-----------------+
| Point                                                                                | Fanout | Capacitance | Resistance | Transition | Delta Delay | Incr   | Path            |
+--------------------------------------------------------------------------------------+--------+-------------+------------+------------+-------------+--------+-----------------+
| clk_i (port)                                                                         |        | 0.938       | 0.000      | 0.100      |             | 0.000  | 0.000r          |
| clk_i (clock net)                                                                    | 550    |             |            |            | NA          |        |                 |
| u_core.u_csr_file.u_pmu.mcycle_inhibit_q_reg_p_CK_CLKGATE_X1_GCK:CK (CLKGATE_X1)     |        | 0.002       | 0.000      | 0.000      |             | 0.000  | 0.000r          |
| u_core.u_csr_file.u_pmu.mcycle_inhibit_q_reg_p_CK_CLKGATE_X1_GCK:GCK (CLKGATE_X1)    |        | 0.002       | 0.000      | 0.000      |             | 0.000  | 0.000r          |
| u_core.u_csr_file.u_pmu.mcycle_inhibit_q_reg_p_CK (clock net)                        | 2      |             |            |            | NA          |        |                 |
| u_core.u_csr_file.u_pmu.mcycle_inhibit_q_reg_p:CK (DFFR_X1)                          |        | 0.001       | 0.000      | 0.000      |             | 0.000  | 0.000r          |
| clock core_clock (rise edge)                                                         |        |             |            |            |             | 0      | 0               |
| clock network delay (ideal)                                                          |        |             |            |            |             | 0.000  | 0.000           |
| u_core.u_csr_file.u_pmu.mcycle_inhibit_q_reg_p:CK (DFFR_X1)                          |        | 0.001       | 0.000      | 0.000      |             | 0.000  | 0.000r          |
| u_core.u_csr_file.u_pmu.mcycle_inhibit_q_reg_p:Q (DFFR_X1)                           |        | 0.004       | 0.000      | 0.010      |             | 0.090  | 0.090f          |
| u_core.u_csr_file.u_pmu.mcycle_inhibit_q (net)                                       | 3      |             |            |            | 0.000       |        |                 |
| u_core.u_csr_file.u_pmu.mcycle_inhibit_q_AOI22_X1_A2:A2 (AOI22_X1)                   |        | 0.002       | 0.000      | 0.010      |             | 0.000  | 0.090f          |
| u_core.u_csr_file.u_pmu.mcycle_inhibit_q_AOI22_X1_A2:ZN (AOI22_X1)                   |        | 0.001       | 0.000      | 0.013      |             | 0.022  | 0.112r          |
| u_core.u_csr_file.u_pmu.mcycle_inhibit_q_AOI22_X1_A2_ZN (net)                        | 1      |             |            |            | 0.000       |        |                 |
| u_core.u_csr_file.u_pmu.mcycle_inhibit_q_AOI22_X1_A2_ZN_CLKGATE_X1_E:E (CLKGATE_X1)  |        | 0.001       | 0.000      | 0.013      |             | 0.000  | 0.112r          |
|                                                                                      |        |             |            |            |             |        |                 |
| clk_i (port)                                                                         |        | 0.938       | 0.000      | 0.100      |             | 0.000  | 0.000r          |
| clk_i (clock net)                                                                    | 550    |             |            |            | NA          |        |                 |
| u_core.u_csr_file.u_pmu.mcycle_inhibit_q_AOI22_X1_A2_ZN_CLKGATE_X1_E:CK (CLKGATE_X1) |        | 0.002       | 0.000      | 0.000      |             | 0.000  | 0.000r          |
| clock core_clock (rise edge)                                                         |        |             |            |            |             | 0      | 0               |
| clock network delay (ideal)                                                          |        |             |            |            |             | 0.000  | 0.000           |
| u_core.u_csr_file.u_pmu.mcycle_inhibit_q_AOI22_X1_A2_ZN_CLKGATE_X1_E:CK (CLKGATE_X1) |        |             |            |            |             |        | 0.000r          |
| library hold time                                                                    |        |             |            |            |             | -0.001 | -0.001          |
| clock reconvergence pessimism                                                        |        |             |            |            |             | -0.000 | -0.001          |
|                                                                                      |        |             |            |            |             |        |                 |
| path cell delay                                                                      |        |             |            |            |             |        | 0.112(100.000%) |
| path net delay                                                                       |        |             |            |            |             |        | 0.000(0.000%)   |
|                                                                                      |        |             |            |            |             |        |                 |
| data require time                                                                    |        |             |            |            |             |        | -0.001          |
| data arrival time                                                                    |        |             |            |            |             |        | 0.112           |
| slack (MET)                                                                          |        |             |            |            |             |        | 0.113           |
+--------------------------------------------------------------------------------------+--------+-------------+------------+------------+-------------+--------+-----------------+
+---------------------------------------------------------------------------------------------+--------+-------------+------------+------------+-------------+--------+-----------------+
| Point                                                                                       | Fanout | Capacitance | Resistance | Transition | Delta Delay | Incr   | Path            |
+---------------------------------------------------------------------------------------------+--------+-------------+------------+------------+-------------+--------+-----------------+
| clk_i (port)                                                                                |        | 0.938       | 0.000      | 0.100      |             | 0.000  | 0.000r          |
| clk_i (clock net)                                                                           | 550    |             |            |            | NA          |        |                 |
| u_core.u_ifu.lookup_queue_write_index_q_reg_p_CK_CLKGATE_X1_GCK:CK (CLKGATE_X1)             |        | 0.002       | 0.000      | 0.000      |             | 0.000  | 0.000r          |
| u_core.u_ifu.lookup_queue_write_index_q_reg_p_CK_CLKGATE_X1_GCK:GCK (CLKGATE_X1)            |        | 0.001       | 0.000      | 0.000      |             | 0.000  | 0.000r          |
| u_core.u_ifu.lookup_queue_write_index_q_reg_p_CK (clock net)                                | 1      |             |            |            | NA          |        |                 |
| u_core.u_ifu.lookup_queue_write_index_q_reg_p:CK (DFFR_X1)                                  |        | 0.001       | 0.000      | 0.000      |             | 0.000  | 0.000r          |
| clock core_clock (rise edge)                                                                |        |             |            |            |             | 0      | 0               |
| clock network delay (ideal)                                                                 |        |             |            |            |             | 0.000  | 0.000           |
| u_core.u_ifu.lookup_queue_write_index_q_reg_p:CK (DFFR_X1)                                  |        | 0.001       | 0.000      | 0.000      |             | 0.000  | 0.000r          |
| u_core.u_ifu.lookup_queue_write_index_q_reg_p:QN (DFFR_X1)                                  |        | 0.002       | 0.000      | 0.012      |             | 0.065  | 0.065f          |
| u_core.u_ifu.lookup_queue_write_index_q_reg_p_QN (net)                                      | 2      |             |            |            | 0.000       |        |                 |
| u_core.u_ifu.lookup_queue_write_index_q_reg_p_QN_AND4_X1_A1:A1 (AND4_X1)                    |        | 0.001       | 0.000      | 0.012      |             | 0.000  | 0.065f          |
| u_core.u_ifu.lookup_queue_write_index_q_reg_p_QN_AND4_X1_A1:ZN (AND4_X1)                    |        | 0.001       | 0.000      | 0.006      |             | 0.032  | 0.097f          |
| u_core.u_ifu.lookup_queue_write_index_q_reg_p_QN_AND4_X1_A1_ZN (net)                        | 1      |             |            |            | 0.000       |        |                 |
| u_core.u_ifu.lookup_queue_write_index_q_reg_p_QN_AND4_X1_A1_ZN_CLKGATE_X1_E:E (CLKGATE_X1)  |        | 0.001       | 0.000      | 0.006      |             | 0.000  | 0.097f          |
|                                                                                             |        |             |            |            |             |        |                 |
| clk_i (port)                                                                                |        | 0.938       | 0.000      | 0.100      |             | 0.000  | 0.000r          |
| clk_i (clock net)                                                                           | 550    |             |            |            | NA          |        |                 |
| u_core.u_ifu.lookup_queue_write_index_q_reg_p_QN_AND4_X1_A1_ZN_CLKGATE_X1_E:CK (CLKGATE_X1) |        | 0.002       | 0.000      | 0.000      |             | 0.000  | 0.000r          |
| clock core_clock (rise edge)                                                                |        |             |            |            |             | 0      | 0               |
| clock network delay (ideal)                                                                 |        |             |            |            |             | 0.000  | 0.000           |
| u_core.u_ifu.lookup_queue_write_index_q_reg_p_QN_AND4_X1_A1_ZN_CLKGATE_X1_E:CK (CLKGATE_X1) |        |             |            |            |             |        | 0.000r          |
| library hold time                                                                           |        |             |            |            |             | -0.016 | -0.016          |
| clock reconvergence pessimism                                                               |        |             |            |            |             | -0.000 | -0.016          |
|                                                                                             |        |             |            |            |             |        |                 |
| path cell delay                                                                             |        |             |            |            |             |        | 0.097(100.000%) |
| path net delay                                                                              |        |             |            |            |             |        | 0.000(0.000%)   |
|                                                                                             |        |             |            |            |             |        |                 |
| data require time                                                                           |        |             |            |            |             |        | -0.016          |
| data arrival time                                                                           |        |             |            |            |             |        | 0.097           |
| slack (MET)                                                                                 |        |             |            |            |             |        | 0.113           |
+---------------------------------------------------------------------------------------------+--------+-------------+------------+------------+-------------+--------+-----------------+
